,workerid,utterance,assignmentid,worktimeinseconds,source_model_name,source_object_class,source_dataset,target_model_name,target_object_class,target_dataset,is_patched,target_uid,source_uid,hard_context,target_original_object_class,source_original_object_class,saliency,tokens,tokens_len,utterance_spelled,target_unary_split,source_unary_split,listening_split,changeit_split,tokens_encoded,part_keywords
10882,user_323,The deck on the target is more narrow,3P529IW9K0EEJZU6XXGWRQ3ZXNQLFC,92.0,ea25b5f1fc8d76a36a1b26eff73443ff,skateboard,ShapeNet,573daccbcfdc94a3cbd54f2dfaecbd51,skateboard,ShapeNet,False,skateboard/ShapeNet/573daccbcfdc94a3cbd54f2dfaecbd51,skateboard/ShapeNet/ea25b5f1fc8d76a36a1b26eff73443ff,False,skateboard,skateboard,0,"['the', 'deck', 'on', 'the', 'target', 'is', 'more', 'narrow']",8,the deck on the target is more narrow,train,train,train,train,"[1, 10, 1281, 20, 10, 11, 7, 34, 210, 2, 0, 0, 0, 0, 0, 0, 0, 0]",deck
10883,user_721,the deck board is much wider and does not have holes,3DH6GAKTY0I4OFS5HOZTOQLDI6IYZX,123.0,ea25b5f1fc8d76a36a1b26eff73443ff,skateboard,ShapeNet,573daccbcfdc94a3cbd54f2dfaecbd51,skateboard,ShapeNet,False,skateboard/ShapeNet/573daccbcfdc94a3cbd54f2dfaecbd51,skateboard/ShapeNet/ea25b5f1fc8d76a36a1b26eff73443ff,False,skateboard,skateboard,0,"['the', 'deck', 'board', 'is', 'much', 'wide', '-er', 'and', 'does', 'not', 'have', 'holes']",12,the deck board is much wide -er and does not have holes,train,train,train,train,"[1, 10, 1281, 948, 7, 59, 83, 9, 47, 39, 40, 84, 234, 2, 0, 0, 0, 0]",deck
10884,user_1644,the wheels are larger,3ZY8KE4ISLWE6TW9PHTWQY5FVRBVQH,100.0,ea25b5f1fc8d76a36a1b26eff73443ff,skateboard,ShapeNet,573daccbcfdc94a3cbd54f2dfaecbd51,skateboard,ShapeNet,False,skateboard/ShapeNet/573daccbcfdc94a3cbd54f2dfaecbd51,skateboard/ShapeNet/ea25b5f1fc8d76a36a1b26eff73443ff,False,skateboard,skateboard,0,"['the', 'wheels', 'are', 'large', '-er']",5,the wheels are large -er,train,train,train,train,"[1, 10, 1013, 16, 94, 9, 2, 0, 0, 0, 0, 0, 0, 0, 0, 0, 0, 0]",wheel
10885,user_203,It has no wheels.,31EUONYN2XWBLHJTA41S1TAFGLIVOO,37.0,591971ce679ca4b93ad38b993d9e745f,skateboard,ShapeNet,e38a4e6fb32b51a1bebb1fbb949ea955,skateboard,ShapeNet,False,skateboard/ShapeNet/e38a4e6fb32b51a1bebb1fbb949ea955,skateboard/ShapeNet/591971ce679ca4b93ad38b993d9e745f,False,skateboard,skateboard,0,"['it', 'has', 'no', 'wheels']",4,it has no wheels,train,train,train,train,"[1, 23, 24, 123, 1013, 2, 0, 0, 0, 0, 0, 0, 0, 0, 0, 0, 0, 0]",wheel
10886,user_1357,The wheels are gone,3H0W84IWBMVXGJPN76TMVKRYRESER5,30.0,591971ce679ca4b93ad38b993d9e745f,skateboard,ShapeNet,e38a4e6fb32b51a1bebb1fbb949ea955,skateboard,ShapeNet,False,skateboard/ShapeNet/e38a4e6fb32b51a1bebb1fbb949ea955,skateboard/ShapeNet/591971ce679ca4b93ad38b993d9e745f,False,skateboard,skateboard,0,"['the', 'wheels', 'are', 'gone']",4,the wheels are gone,train,train,train,train,"[1, 10, 1013, 16, 1592, 2, 0, 0, 0, 0, 0, 0, 0, 0, 0, 0, 0, 0]",wheel
10888,user_948,The deck is wider,3AMYWKA6YDFQ6R4S9WTKP1UGZSRO6Q,35.0,a19d80304e26099e7394c987e5e211f0,skateboard,ShapeNet,463434d2fcf567d56a93dc68b4021dbb,skateboard,ShapeNet,False,skateboard/ShapeNet/463434d2fcf567d56a93dc68b4021dbb,skateboard/ShapeNet/a19d80304e26099e7394c987e5e211f0,True,skateboard,skateboard,0,"['the', 'deck', 'is', 'wide', '-er']",5,the deck is wide -er,train,train,train,train,"[1, 10, 1281, 7, 83, 9, 2, 0, 0, 0, 0, 0, 0, 0, 0, 0, 0, 0]",deck
10891,user_468,The deck is much more flat,3FTF2T8WLTBLTJFSYPN6Q5Y4SVZW9M,50.0,f52d56b5f81f1258c70ae17ca06472e1,skateboard,ShapeNet,aa886bed91a13113d5498a74ca9ca78b,skateboard,ShapeNet,False,skateboard/ShapeNet/aa886bed91a13113d5498a74ca9ca78b,skateboard/ShapeNet/f52d56b5f81f1258c70ae17ca06472e1,False,skateboard,skateboard,0,"['the', 'deck', 'is', 'much', 'more', 'flat']",6,the deck is much more flat,train,train,train,train,"[1, 10, 1281, 7, 59, 34, 129, 2, 0, 0, 0, 0, 0, 0, 0, 0, 0, 0]",deck
10893,user_1644,the wheels are larger,35DR22AR5FDE3HV2RLII1B9P1593XJ,42.0,f52d56b5f81f1258c70ae17ca06472e1,skateboard,ShapeNet,aa886bed91a13113d5498a74ca9ca78b,skateboard,ShapeNet,False,skateboard/ShapeNet/aa886bed91a13113d5498a74ca9ca78b,skateboard/ShapeNet/f52d56b5f81f1258c70ae17ca06472e1,False,skateboard,skateboard,0,"['the', 'wheels', 'are', 'large', '-er']",5,the wheels are large -er,train,train,train,train,"[1, 10, 1013, 16, 94, 9, 2, 0, 0, 0, 0, 0, 0, 0, 0, 0, 0, 0]",wheel
10895,user_1644,the wheels are thicker,3YDTZAI2WZ9RVCTDK62UG7XUAVN41K,124.0,792953b4101753c6ed3696d854eee1ec,skateboard,ShapeNet,fc5c4986b2661d848fc8944fc8bfc667,skateboard,ShapeNet,False,skateboard/ShapeNet/fc5c4986b2661d848fc8944fc8bfc667,skateboard/ShapeNet/792953b4101753c6ed3696d854eee1ec,False,skateboard,skateboard,0,"['the', 'wheels', 'are', 'thick', '-er']",5,the wheels are thick -er,train,train,train,train,"[1, 10, 1013, 16, 54, 9, 2, 0, 0, 0, 0, 0, 0, 0, 0, 0, 0, 0]",wheel
10896,user_1934,The deck is thicker.,3AMW0RGHOFVGYCMLNDSGGCLS4N8NPC,141.0,792953b4101753c6ed3696d854eee1ec,skateboard,ShapeNet,fc5c4986b2661d848fc8944fc8bfc667,skateboard,ShapeNet,False,skateboard/ShapeNet/fc5c4986b2661d848fc8944fc8bfc667,skateboard/ShapeNet/792953b4101753c6ed3696d854eee1ec,False,skateboard,skateboard,0,"['the', 'deck', 'is', 'thick', '-er']",5,the deck is thick -er,train,train,train,train,"[1, 10, 1281, 7, 54, 9, 2, 0, 0, 0, 0, 0, 0, 0, 0, 0, 0, 0]",deck
10897,user_549,The deck is flat with no protruding surfaces.,3D4CH1LGECMPWXPSJKJO42CGYCKG9S,108.0,ae28ad55a38200ff1c5f9eddd7cde6be,skateboard,ShapeNet,ccc91585d5d614a3ad3e04762b7c31c,skateboard,ShapeNet,False,skateboard/ShapeNet/ccc91585d5d614a3ad3e04762b7c31c,skateboard/ShapeNet/ae28ad55a38200ff1c5f9eddd7cde6be,False,skateboard,skateboard,0,"['the', 'deck', 'is', 'flat', 'with', 'no', 'protruding', 'surfaces']",8,the deck is flat with no protruding surfaces,train,train,train,train,"[1, 10, 1281, 7, 129, 121, 123, 391, 685, 2, 0, 0, 0, 0, 0, 0, 0, 0]",deck
10898,user_1644,the board is symmetrical,3ZWFC4W1UW0PMXPJ2HDSD2CY3FVRFO,67.0,ae28ad55a38200ff1c5f9eddd7cde6be,skateboard,ShapeNet,ccc91585d5d614a3ad3e04762b7c31c,skateboard,ShapeNet,True,skateboard/ShapeNet/ccc91585d5d614a3ad3e04762b7c31c,skateboard/ShapeNet/ae28ad55a38200ff1c5f9eddd7cde6be,False,skateboard,skateboard,0,"['the', 'board', 'is', 'symmetrical']",4,the board is symmetrical,train,train,train,train,"[1, 10, 948, 7, 489, 2, 0, 0, 0, 0, 0, 0, 0, 0, 0, 0, 0, 0]",deck
10900,user_915,The size of the wheels,3WQ3B2KGEA9BGBEMZLCHOL30KIR1B0,51.0,a6d79366eefbfa6df9034ea5f524d56a,skateboard,ShapeNet,cf04a6f4312be2c0d6f39b72607d85d7,skateboard,ShapeNet,False,skateboard/ShapeNet/cf04a6f4312be2c0d6f39b72607d85d7,skateboard/ShapeNet/a6d79366eefbfa6df9034ea5f524d56a,False,skateboard,skateboard,0,"['the', 'size', 'of', 'the', 'wheels']",5,the size of the wheels,test,train,test,train,"[1, 10, 377, 38, 10, 1013, 2, 0, 0, 0, 0, 0, 0, 0, 0, 0, 0, 0]",wheel
10901,user_1030,Noticeably high angle on front and back of decksw,3RXPCZQMQR477SMXF74VPWUX0VK1GI,61.0,a6d79366eefbfa6df9034ea5f524d56a,skateboard,ShapeNet,cf04a6f4312be2c0d6f39b72607d85d7,skateboard,ShapeNet,False,skateboard/ShapeNet/cf04a6f4312be2c0d6f39b72607d85d7,skateboard/ShapeNet/a6d79366eefbfa6df9034ea5f524d56a,False,skateboard,skateboard,0,"['noticeably', 'high', 'angle', 'on', 'front', 'and', 'back', 'of', 'decks']",9,noticeably high angle on front and back of decks,test,train,test,train,"[1, 2362, 49, 106, 20, 37, 47, 183, 38, 3, 2, 0, 0, 0, 0, 0, 0, 0]",deck
10903,user_203,It does not have wheels.,3U088ZLJVMM3XPRFYT4DXUXBPR40WD,83.0,8ae2871e13786052f42b80606c2f3752,skateboard,ShapeNet,e7c330f4c4421dbb24e49a3e82c3d033,skateboard,ShapeNet,False,skateboard/ShapeNet/e7c330f4c4421dbb24e49a3e82c3d033,skateboard/ShapeNet/8ae2871e13786052f42b80606c2f3752,False,skateboard,skateboard,0,"['it', 'does', 'not', 'have', 'wheels']",5,it does not have wheels,train,train,train,train,"[1, 23, 39, 40, 84, 1013, 2, 0, 0, 0, 0, 0, 0, 0, 0, 0, 0, 0]",wheel
10904,user_323,The target deck looks less aero dynamic,3OWEPKL08B5RS6ILRRYZGQU74T7N7A,167.0,8ae2871e13786052f42b80606c2f3752,skateboard,ShapeNet,e7c330f4c4421dbb24e49a3e82c3d033,skateboard,ShapeNet,False,skateboard/ShapeNet/e7c330f4c4421dbb24e49a3e82c3d033,skateboard/ShapeNet/8ae2871e13786052f42b80606c2f3752,False,skateboard,skateboard,0,"['the', 'target', 'deck', 'looks', 'less', 'aero', 'dynamic']",7,the target deck looks less aero dynamic,train,train,train,train,"[1, 10, 11, 1281, 33, 229, 3, 1596, 2, 0, 0, 0, 0, 0, 0, 0, 0, 0]",deck
10905,user_1298,Both edges of the deck are rounded.,3D3VGR7TA28U6L9QIMCQCTN10OB3RA,39.0,8ae2871e13786052f42b80606c2f3752,skateboard,ShapeNet,e7c330f4c4421dbb24e49a3e82c3d033,skateboard,ShapeNet,False,skateboard/ShapeNet/e7c330f4c4421dbb24e49a3e82c3d033,skateboard/ShapeNet/8ae2871e13786052f42b80606c2f3752,False,skateboard,skateboard,0,"['both', 'edges', 'of', 'the', 'deck', 'are', 'rounded']",7,both edges of the deck are rounded,train,train,train,train,"[1, 470, 325, 38, 10, 1281, 16, 48, 2, 0, 0, 0, 0, 0, 0, 0, 0, 0]",deck
10907,user_527,The wheels are a lot smaller.,30LB5CDZNE37RKWK9GOKWYRT6T80Z3,120.0,571dd1b4d09773c5bbe43d356df0e955,skateboard,ShapeNet,f9efb1b00b79c035c1cb365152372fc5,skateboard,ShapeNet,False,skateboard/ShapeNet/f9efb1b00b79c035c1cb365152372fc5,skateboard/ShapeNet/571dd1b4d09773c5bbe43d356df0e955,False,skateboard,skateboard,0,"['the', 'wheels', 'are', 'a', 'lot', 'small', '-er']",7,the wheels are a lot small -er,train,train,train,train,"[1, 10, 1013, 16, 26, 110, 111, 9, 2, 0, 0, 0, 0, 0, 0, 0, 0, 0]",wheel
10908,user_1024,The board is thinner,3W2LOLRXLD802JHX3S4PTF43BARRK3,70.0,571dd1b4d09773c5bbe43d356df0e955,skateboard,ShapeNet,f9efb1b00b79c035c1cb365152372fc5,skateboard,ShapeNet,False,skateboard/ShapeNet/f9efb1b00b79c035c1cb365152372fc5,skateboard/ShapeNet/571dd1b4d09773c5bbe43d356df0e955,False,skateboard,skateboard,0,"['the', 'board', 'is', 'thin', '-er']",5,the board is thin -er,train,train,train,train,"[1, 10, 948, 7, 60, 9, 2, 0, 0, 0, 0, 0, 0, 0, 0, 0, 0, 0]",deck
10909,user_203,The wheels are wider.,3CCZ6YKWR9CRG0082O0X05LR8YV95I,65.0,f9efb1b00b79c035c1cb365152372fc5,skateboard,ShapeNet,d4abd88611997d2cc4647061c0a60dc9,skateboard,ShapeNet,False,skateboard/ShapeNet/d4abd88611997d2cc4647061c0a60dc9,skateboard/ShapeNet/f9efb1b00b79c035c1cb365152372fc5,True,skateboard,skateboard,0,"['the', 'wheels', 'are', 'wide', '-er']",5,the wheels are wide -er,train,train,train,train,"[1, 10, 1013, 16, 83, 9, 2, 0, 0, 0, 0, 0, 0, 0, 0, 0, 0, 0]",wheel
10910,user_567,The board is much thicker.,3QHK8ZVMIOBO6IIQSVU080CEIOUBLE,107.0,f9efb1b00b79c035c1cb365152372fc5,skateboard,ShapeNet,d4abd88611997d2cc4647061c0a60dc9,skateboard,ShapeNet,False,skateboard/ShapeNet/d4abd88611997d2cc4647061c0a60dc9,skateboard/ShapeNet/f9efb1b00b79c035c1cb365152372fc5,True,skateboard,skateboard,0,"['the', 'board', 'is', 'much', 'thick', '-er']",6,the board is much thick -er,train,train,train,train,"[1, 10, 948, 7, 59, 54, 9, 2, 0, 0, 0, 0, 0, 0, 0, 0, 0, 0]",deck
10913,user_1644,the wheels are smaller,3E47SOBEYSP5QM2QLSTIR4Q4J54CIC,205.0,ac2b6924a60a7a87aa4f69d519551495,skateboard,ShapeNet,d3ff56062272f3e6346e65609be6d72f,skateboard,ShapeNet,False,skateboard/ShapeNet/d3ff56062272f3e6346e65609be6d72f,skateboard/ShapeNet/ac2b6924a60a7a87aa4f69d519551495,True,skateboard,skateboard,0,"['the', 'wheels', 'are', 'small', '-er']",5,the wheels are small -er,train,train,train,train,"[1, 10, 1013, 16, 111, 9, 2, 0, 0, 0, 0, 0, 0, 0, 0, 0, 0, 0]",wheel
10914,user_1992,The back of the deck is a straight line.,30LB5CDZNE37RKWK9GOKWYRT6T7Z01,44.0,ac2b6924a60a7a87aa4f69d519551495,skateboard,ShapeNet,d3ff56062272f3e6346e65609be6d72f,skateboard,ShapeNet,False,skateboard/ShapeNet/d3ff56062272f3e6346e65609be6d72f,skateboard/ShapeNet/ac2b6924a60a7a87aa4f69d519551495,True,skateboard,skateboard,0,"['the', 'back', 'of', 'the', 'deck', 'is', 'a', 'straight', 'line']",9,the back of the deck is a straight line,train,train,train,train,"[1, 10, 183, 38, 10, 1281, 7, 26, 114, 287, 2, 0, 0, 0, 0, 0, 0, 0]",deck
10916,user_1493,The target has a curved deck.,3DY4FPOOA3HEIUB92WIWVOFKR8YVRT,185.0,f5d7698b5a57d61226e0640b67de606,skateboard,ShapeNet,39edba395f3d860c5a96bae7b017a6d9,skateboard,ShapeNet,False,skateboard/ShapeNet/39edba395f3d860c5a96bae7b017a6d9,skateboard/ShapeNet/f5d7698b5a57d61226e0640b67de606,True,skateboard,skateboard,0,"['the', 'target', 'has', 'a', 'curved', 'deck']",6,the target has a curved deck,train,train,train,train,"[1, 10, 11, 24, 26, 51, 1281, 2, 0, 0, 0, 0, 0, 0, 0, 0, 0, 0]",deck
10917,user_1992,The deck is lifted at both ends.,35GCEFQ6I7H38CVHS363YWP095RZ3W,41.0,f5d7698b5a57d61226e0640b67de606,skateboard,ShapeNet,39edba395f3d860c5a96bae7b017a6d9,skateboard,ShapeNet,False,skateboard/ShapeNet/39edba395f3d860c5a96bae7b017a6d9,skateboard/ShapeNet/f5d7698b5a57d61226e0640b67de606,True,skateboard,skateboard,0,"['the', 'deck', 'is', 'lifted', 'at', 'both', 'ends']",7,the deck is lifted at both ends,train,train,train,train,"[1, 10, 1281, 7, 1598, 98, 470, 247, 2, 0, 0, 0, 0, 0, 0, 0, 0, 0]",deck
10918,user_152,it has a flat deck,374TNBHA8DOVANREUSGGXX99D31YQ7,118.0,776eaffd7cbe7bc6b9e8bdc9c4a49aa2,skateboard,ShapeNet,26cd3bfcef1e254f82b02baba7166175,skateboard,ShapeNet,False,skateboard/ShapeNet/26cd3bfcef1e254f82b02baba7166175,skateboard/ShapeNet/776eaffd7cbe7bc6b9e8bdc9c4a49aa2,True,skateboard,skateboard,0,"['it', 'has', 'a', 'flat', 'deck']",5,it has a flat deck,test,train,test,train,"[1, 23, 24, 26, 129, 1281, 2, 0, 0, 0, 0, 0, 0, 0, 0, 0, 0, 0]",deck
10921,user_152,deck lip is thinner,35GCEFQ6I7H38CVHS363YWP095S3Z1,56.0,a1d36f02d20d18db6a2979228046d9f9,skateboard,ShapeNet,8f78a26403f09b708b3b3a08d28a7d7c,skateboard,ShapeNet,False,skateboard/ShapeNet/8f78a26403f09b708b3b3a08d28a7d7c,skateboard/ShapeNet/a1d36f02d20d18db6a2979228046d9f9,False,skateboard,skateboard,0,"['deck', 'lip', 'is', 'thin', '-er']",5,deck lip is thin -er,train,train,train,train,"[1, 1281, 125, 7, 60, 9, 2, 0, 0, 0, 0, 0, 0, 0, 0, 0, 0, 0]",deck
10922,user_1392,The deck is thinner.,3IQ1VMJRYVDOM6CPXKRE8G1D0CX9AP,23.0,a1d36f02d20d18db6a2979228046d9f9,skateboard,ShapeNet,8f78a26403f09b708b3b3a08d28a7d7c,skateboard,ShapeNet,False,skateboard/ShapeNet/8f78a26403f09b708b3b3a08d28a7d7c,skateboard/ShapeNet/a1d36f02d20d18db6a2979228046d9f9,False,skateboard,skateboard,0,"['the', 'deck', 'is', 'thin', '-er']",5,the deck is thin -er,train,train,train,train,"[1, 10, 1281, 7, 60, 9, 2, 0, 0, 0, 0, 0, 0, 0, 0, 0, 0, 0]",deck
10923,user_2044,The deck is thinner height-wise.,3FIUS151DXV4B7C0XQPYWJY32M5GG3,47.0,a1d36f02d20d18db6a2979228046d9f9,skateboard,ShapeNet,8f78a26403f09b708b3b3a08d28a7d7c,skateboard,ShapeNet,False,skateboard/ShapeNet/8f78a26403f09b708b3b3a08d28a7d7c,skateboard/ShapeNet/a1d36f02d20d18db6a2979228046d9f9,False,skateboard,skateboard,0,"['the', 'deck', 'is', 'thin', '-er', 'height', 'wise']",7,the deck is thin -er height wise,train,train,train,train,"[1, 10, 1281, 7, 60, 9, 117, 359, 2, 0, 0, 0, 0, 0, 0, 0, 0, 0]",deck
10926,user_1246,The deck is skinner in width,308XBLVESKXZ9GD3XFRWUCLDOGMBR7,43.0,ac2b6924a60a7a87aa4f69d519551495,skateboard,ShapeNet,db4c8bf323465e4c537d393009a79347,skateboard,ShapeNet,False,skateboard/ShapeNet/db4c8bf323465e4c537d393009a79347,skateboard/ShapeNet/ac2b6924a60a7a87aa4f69d519551495,False,skateboard,skateboard,0,"['the', 'deck', 'is', 'skinny', '-er', 'in', 'width']",7,the deck is skinny -er in width,train,train,train,train,"[1, 10, 1281, 7, 282, 9, 90, 358, 2, 0, 0, 0, 0, 0, 0, 0, 0, 0]",deck
10927,user_1205,Target has a wider board,3YMU66OBIP1IB37BHW7GHJA4HMLHG6,56.0,a6d560508fb2fe2858dda0079c7c30f2,skateboard,ShapeNet,1c8d5e05c3faa05861be5ced44bc18ac,skateboard,ShapeNet,False,skateboard/ShapeNet/1c8d5e05c3faa05861be5ced44bc18ac,skateboard/ShapeNet/a6d560508fb2fe2858dda0079c7c30f2,True,skateboard,skateboard,0,"['target', 'has', 'a', 'wide', '-er', 'board']",6,target has a wide -er board,test,train,test,train,"[1, 11, 24, 26, 83, 9, 948, 2, 0, 0, 0, 0, 0, 0, 0, 0, 0, 0]",deck
10928,user_1815,Deck has more striping - darker to lighter,39K0FND3AJ83TQVJMTVJD27X0D5MA6,81.0,a6d560508fb2fe2858dda0079c7c30f2,skateboard,ShapeNet,1c8d5e05c3faa05861be5ced44bc18ac,skateboard,ShapeNet,False,skateboard/ShapeNet/1c8d5e05c3faa05861be5ced44bc18ac,skateboard/ShapeNet/a6d560508fb2fe2858dda0079c7c30f2,True,skateboard,skateboard,0,"['deck', 'has', 'more', 'striping', 'darker', 'to', 'light', '-er']",8,deck has more striping darker to light -er,test,train,test,train,"[1, 1281, 24, 34, 5062, 4468, 58, 693, 9, 2, 0, 0, 0, 0, 0, 0, 0, 0]",deck
10929,user_2044,The board is thicker height-wise.,3FIJLY1B6WX4AK94PP9387CJ2YSFP7,45.0,a6d560508fb2fe2858dda0079c7c30f2,skateboard,ShapeNet,1c8d5e05c3faa05861be5ced44bc18ac,skateboard,ShapeNet,False,skateboard/ShapeNet/1c8d5e05c3faa05861be5ced44bc18ac,skateboard/ShapeNet/a6d560508fb2fe2858dda0079c7c30f2,True,skateboard,skateboard,0,"['the', 'board', 'is', 'thick', '-er', 'height', 'wise']",7,the board is thick -er height wise,test,train,test,train,"[1, 10, 948, 7, 54, 9, 117, 359, 2, 0, 0, 0, 0, 0, 0, 0, 0, 0]",deck
10933,user_476,Target deck is less curved.,31LM9EDVONLKC1JNS0NWJGZGVO7JND,114.0,5aec8d7745acbca498c63cb68f11df34,skateboard,ShapeNet,6867832e7b9d3654aacda7f1c4fd3ea7,skateboard,ShapeNet,False,skateboard/ShapeNet/6867832e7b9d3654aacda7f1c4fd3ea7,skateboard/ShapeNet/5aec8d7745acbca498c63cb68f11df34,True,skateboard,skateboard,0,"['target', 'deck', 'is', 'less', 'curved']",5,target deck is less curved,train,train,train,train,"[1, 11, 1281, 7, 229, 51, 2, 0, 0, 0, 0, 0, 0, 0, 0, 0, 0, 0]",deck
10934,user_1357,The wheels are smaller,34PGFRQONQ4AZVS1K1EJFZC7O16WJE,28.0,5aec8d7745acbca498c63cb68f11df34,skateboard,ShapeNet,6867832e7b9d3654aacda7f1c4fd3ea7,skateboard,ShapeNet,False,skateboard/ShapeNet/6867832e7b9d3654aacda7f1c4fd3ea7,skateboard/ShapeNet/5aec8d7745acbca498c63cb68f11df34,True,skateboard,skateboard,0,"['the', 'wheels', 'are', 'small', '-er']",5,the wheels are small -er,train,train,train,train,"[1, 10, 1013, 16, 111, 9, 2, 0, 0, 0, 0, 0, 0, 0, 0, 0, 0, 0]",wheel
10935,user_1992,The deck does not dip before the curve.,3NOKK93PR3187FKIL09MWDSFCO9EEX,53.0,5aec8d7745acbca498c63cb68f11df34,skateboard,ShapeNet,6867832e7b9d3654aacda7f1c4fd3ea7,skateboard,ShapeNet,False,skateboard/ShapeNet/6867832e7b9d3654aacda7f1c4fd3ea7,skateboard/ShapeNet/5aec8d7745acbca498c63cb68f11df34,True,skateboard,skateboard,0,"['the', 'deck', 'does', 'not', 'dip', 'before', 'the', 'curve']",8,the deck does not dip before the curve,train,train,train,train,"[1, 10, 1281, 39, 40, 1600, 162, 10, 43, 2, 0, 0, 0, 0, 0, 0, 0, 0]",deck
10940,user_1633,The target has larger wheels.,3CFJTT4SXVJZE57UUBL7BIYQIUCI7O,30.0,393ca71bd734f3071082f2ea630bf69e,skateboard,ShapeNet,212e0563473156e255483301a044235,skateboard,ShapeNet,False,skateboard/ShapeNet/212e0563473156e255483301a044235,skateboard/ShapeNet/393ca71bd734f3071082f2ea630bf69e,True,skateboard,skateboard,0,"['the', 'target', 'has', 'large', '-er', 'wheels']",6,the target has large -er wheels,train,train,train,train,"[1, 10, 11, 24, 94, 9, 1013, 2, 0, 0, 0, 0, 0, 0, 0, 0, 0, 0]",wheel
10943,user_1298,The deck has harder edges.,3EJJQNKU9TY90TGPX71SGNOBJTSRH4,40.0,16edf6f6574568723f7198a00163bb6,skateboard,ShapeNet,39c8a4798087be3e20d56eaf7c8da531,skateboard,ShapeNet,False,skateboard/ShapeNet/39c8a4798087be3e20d56eaf7c8da531,skateboard/ShapeNet/16edf6f6574568723f7198a00163bb6,False,skateboard,skateboard,0,"['the', 'deck', 'has', 'hard', '-er', 'edges']",6,the deck has hard -er edges,train,train,train,train,"[1, 10, 1281, 24, 629, 9, 325, 2, 0, 0, 0, 0, 0, 0, 0, 0, 0, 0]",deck
10944,user_1644,the wheels are larger,3U84XHCDIE6OQ8ELSHBM81H6N5OZ4I,88.0,16edf6f6574568723f7198a00163bb6,skateboard,ShapeNet,39c8a4798087be3e20d56eaf7c8da531,skateboard,ShapeNet,False,skateboard/ShapeNet/39c8a4798087be3e20d56eaf7c8da531,skateboard/ShapeNet/16edf6f6574568723f7198a00163bb6,False,skateboard,skateboard,0,"['the', 'wheels', 'are', 'large', '-er']",5,the wheels are large -er,train,train,train,train,"[1, 10, 1013, 16, 94, 9, 2, 0, 0, 0, 0, 0, 0, 0, 0, 0, 0, 0]",wheel
10948,user_1357,The wheels are bigger,358UUM7WR1WC74ADKYFGPAZH5RT7RH,36.0,b140249e4615f0db6d8b6ba513969afe,skateboard,ShapeNet,8b93703a2046ddf5519438329ccc67e5,skateboard,ShapeNet,False,skateboard/ShapeNet/8b93703a2046ddf5519438329ccc67e5,skateboard/ShapeNet/b140249e4615f0db6d8b6ba513969afe,False,skateboard,skateboard,0,"['the', 'wheels', 'are', 'big', '-er']",5,the wheels are big -er,test,train,test,train,"[1, 10, 1013, 16, 320, 9, 2, 0, 0, 0, 0, 0, 0, 0, 0, 0, 0, 0]",wheel
10949,user_1493,The target has a curved deck.,3ZSANO2JCH01NCPWH6DX3CHUPGTFSD,334.0,b140249e4615f0db6d8b6ba513969afe,skateboard,ShapeNet,8b93703a2046ddf5519438329ccc67e5,skateboard,ShapeNet,False,skateboard/ShapeNet/8b93703a2046ddf5519438329ccc67e5,skateboard/ShapeNet/b140249e4615f0db6d8b6ba513969afe,False,skateboard,skateboard,0,"['the', 'target', 'has', 'a', 'curved', 'deck']",6,the target has a curved deck,test,train,test,train,"[1, 10, 11, 24, 26, 51, 1281, 2, 0, 0, 0, 0, 0, 0, 0, 0, 0, 0]",deck
10950,user_1633,The target's deck is completely flat.,31T4R4OBOU9812LU21PL0F0V5PQC7E,32.0,b140249e4615f0db6d8b6ba513969afe,skateboard,ShapeNet,8b93703a2046ddf5519438329ccc67e5,skateboard,ShapeNet,False,skateboard/ShapeNet/8b93703a2046ddf5519438329ccc67e5,skateboard/ShapeNet/b140249e4615f0db6d8b6ba513969afe,False,skateboard,skateboard,0,"['the', 'target', ""'s"", 'deck', 'is', 'completely', 'flat']",7,the target 's deck is completely flat,test,train,test,train,"[1, 10, 11, 12, 1281, 7, 169, 129, 2, 0, 0, 0, 0, 0, 0, 0, 0, 0]",deck
10954,user_1644,there are no wheels,39GAF6DQWTTQPPCS423HPXX7NA81V7,69.0,f52d56b5f81f1258c70ae17ca06472e1,skateboard,ShapeNet,e38a4e6fb32b51a1bebb1fbb949ea955,skateboard,ShapeNet,False,skateboard/ShapeNet/e38a4e6fb32b51a1bebb1fbb949ea955,skateboard/ShapeNet/f52d56b5f81f1258c70ae17ca06472e1,True,skateboard,skateboard,0,"['there', 'are', 'no', 'wheels']",4,there are no wheels,train,train,train,train,"[1, 15, 16, 123, 1013, 2, 0, 0, 0, 0, 0, 0, 0, 0, 0, 0, 0, 0]",wheel
10955,user_1815,No wheels,3XC1O3LBOUFO24C7SHLL8UI0OXZTLV,89.0,f52d56b5f81f1258c70ae17ca06472e1,skateboard,ShapeNet,e38a4e6fb32b51a1bebb1fbb949ea955,skateboard,ShapeNet,False,skateboard/ShapeNet/e38a4e6fb32b51a1bebb1fbb949ea955,skateboard/ShapeNet/f52d56b5f81f1258c70ae17ca06472e1,True,skateboard,skateboard,0,"['no', 'wheels']",2,no wheels,train,train,train,train,"[1, 123, 1013, 2, 0, 0, 0, 0, 0, 0, 0, 0, 0, 0, 0, 0, 0, 0]",wheel
10956,user_2044,It does not have wheels.,3U0SRXB7CFY1AP2005W5L7L7571RNH,98.0,f52d56b5f81f1258c70ae17ca06472e1,skateboard,ShapeNet,e38a4e6fb32b51a1bebb1fbb949ea955,skateboard,ShapeNet,False,skateboard/ShapeNet/e38a4e6fb32b51a1bebb1fbb949ea955,skateboard/ShapeNet/f52d56b5f81f1258c70ae17ca06472e1,True,skateboard,skateboard,0,"['it', 'does', 'not', 'have', 'wheels']",5,it does not have wheels,train,train,train,train,"[1, 23, 39, 40, 84, 1013, 2, 0, 0, 0, 0, 0, 0, 0, 0, 0, 0, 0]",wheel
10959,user_1357,The deck is wider,3PEIJLRY6VMBUFXQ15TK68KMZYVXWB,56.0,2085eac3fc071dd47292d1029e5a9853,skateboard,ShapeNet,e7a5dd6f6ac650977cbfdb97d3d9f05,skateboard,ShapeNet,False,skateboard/ShapeNet/e7a5dd6f6ac650977cbfdb97d3d9f05,skateboard/ShapeNet/2085eac3fc071dd47292d1029e5a9853,True,skateboard,skateboard,0,"['the', 'deck', 'is', 'wide', '-er']",5,the deck is wide -er,test,train,test,train,"[1, 10, 1281, 7, 83, 9, 2, 0, 0, 0, 0, 0, 0, 0, 0, 0, 0, 0]",deck
10962,user_468,There are visible hardware holes on the top of the deck,3WRFBPLXRCH9RNHYPFV939IRZRM3NM,130.0,9d79847df77172f5ee8f98672c31bd1,skateboard,ShapeNet,4f409f31b182075511b6d7dda2bf041e,skateboard,ShapeNet,False,skateboard/ShapeNet/4f409f31b182075511b6d7dda2bf041e,skateboard/ShapeNet/9d79847df77172f5ee8f98672c31bd1,True,skateboard,skateboard,0,"['there', 'are', 'visible', 'hardware', 'holes', 'on', 'the', 'top', 'of', 'the', 'deck']",11,there are visible hardware holes on the top of the deck,test,train,test,train,"[1, 15, 16, 185, 1602, 234, 20, 10, 99, 38, 10, 1281, 2, 0, 0, 0, 0, 0]",deck
10967,user_1357,The back wheels are smaller,3H0W84IWBMVXGJPN76TMVKRYRDAREY,37.0,710467261256490ce1bed90743417b0c,skateboard,ShapeNet,fb1ad690d8befb5a74bfd4c8606b795,skateboard,ShapeNet,False,skateboard/ShapeNet/fb1ad690d8befb5a74bfd4c8606b795,skateboard/ShapeNet/710467261256490ce1bed90743417b0c,False,skateboard,skateboard,0,"['the', 'back', 'wheels', 'are', 'small', '-er']",6,the back wheels are small -er,train,train,train,train,"[1, 10, 183, 1013, 16, 111, 9, 2, 0, 0, 0, 0, 0, 0, 0, 0, 0, 0]",wheel
10968,user_1644,one set of wheels is larger than the other,3UOUJI6MTF7Y2B8L65EJOKZPEINXUF,88.0,710467261256490ce1bed90743417b0c,skateboard,ShapeNet,fb1ad690d8befb5a74bfd4c8606b795,skateboard,ShapeNet,False,skateboard/ShapeNet/fb1ad690d8befb5a74bfd4c8606b795,skateboard/ShapeNet/710467261256490ce1bed90743417b0c,False,skateboard,skateboard,0,"['one', 'set', 'of', 'wheels', 'is', 'large', '-er', 'than', 'the', 'other']",10,one set of wheels is large -er than the other,train,train,train,train,"[1, 19, 1603, 38, 1013, 7, 94, 9, 131, 10, 396, 2, 0, 0, 0, 0, 0, 0]",wheel
10969,user_203,It is not mounted on wheels.,3RXPCZQMQR477SMXF74VPWUX0VLG1Y,107.0,2026cbe0ebbe1153d975109d955e6652,skateboard,ShapeNet,1ad8d7573dc57ebc247a956ed3779e34,skateboard,ShapeNet,False,skateboard/ShapeNet/1ad8d7573dc57ebc247a956ed3779e34,skateboard/ShapeNet/2026cbe0ebbe1153d975109d955e6652,False,skateboard,skateboard,0,"['it', 'is', 'not', 'mounted', 'on', 'wheels']",6,it is not mounted on wheels,train,train,train,train,"[1, 23, 7, 40, 82, 20, 1013, 2, 0, 0, 0, 0, 0, 0, 0, 0, 0, 0]",wheel
10970,user_1033,There are no wheels,3EICBYG646P1LXMW3AEI3554WKPCJK,166.0,2026cbe0ebbe1153d975109d955e6652,skateboard,ShapeNet,1ad8d7573dc57ebc247a956ed3779e34,skateboard,ShapeNet,True,skateboard/ShapeNet/1ad8d7573dc57ebc247a956ed3779e34,skateboard/ShapeNet/2026cbe0ebbe1153d975109d955e6652,False,skateboard,skateboard,0,"['there', 'are', 'no', 'wheels']",4,there are no wheels,train,train,train,train,"[1, 15, 16, 123, 1013, 2, 0, 0, 0, 0, 0, 0, 0, 0, 0, 0, 0, 0]",wheel
10971,user_1124,The Target has no wheels.,3WAKVUDHUY94NW2UOSALULM1CPZU78,603.0,2026cbe0ebbe1153d975109d955e6652,skateboard,ShapeNet,1ad8d7573dc57ebc247a956ed3779e34,skateboard,ShapeNet,False,skateboard/ShapeNet/1ad8d7573dc57ebc247a956ed3779e34,skateboard/ShapeNet/2026cbe0ebbe1153d975109d955e6652,False,skateboard,skateboard,0,"['the', 'target', 'has', 'no', 'wheels']",5,the target has no wheels,train,train,train,train,"[1, 10, 11, 24, 123, 1013, 2, 0, 0, 0, 0, 0, 0, 0, 0, 0, 0, 0]",wheel
10973,user_476,It has wheels instead of tracks,37TRT2X24SKIBSUQPAINSLZMEZTBJG,244.0,79288e2c98c7be7c6e72f8cfa29d3672,skateboard,ShapeNet,a1d36f02d20d18db6a2979228046d9f9,skateboard,ShapeNet,False,skateboard/ShapeNet/a1d36f02d20d18db6a2979228046d9f9,skateboard/ShapeNet/79288e2c98c7be7c6e72f8cfa29d3672,False,skateboard,skateboard,0,"['it', 'has', 'wheels', 'instead', 'of', 'tracks']",6,it has wheels instead of tracks,train,train,train,train,"[1, 23, 24, 1013, 97, 38, 1604, 2, 0, 0, 0, 0, 0, 0, 0, 0, 0, 0]",wheel
10976,user_571,the wheels are smaller,3GNCZX450KG9ETSWE9NBU61S5HJPA6,53.0,f52d56b5f81f1258c70ae17ca06472e1,skateboard,ShapeNet,563569e15313d7eb89e13811ad04f53f,skateboard,ShapeNet,False,skateboard/ShapeNet/563569e15313d7eb89e13811ad04f53f,skateboard/ShapeNet/f52d56b5f81f1258c70ae17ca06472e1,True,skateboard,skateboard,0,"['the', 'wheels', 'are', 'small', '-er']",5,the wheels are small -er,train,train,train,train,"[1, 10, 1013, 16, 111, 9, 2, 0, 0, 0, 0, 0, 0, 0, 0, 0, 0, 0]",wheel
10977,user_1298,The shape of the deck is boxier.,3DL65MZB8F8TAH04P93R6PSCRC6CEC,63.0,f52d56b5f81f1258c70ae17ca06472e1,skateboard,ShapeNet,563569e15313d7eb89e13811ad04f53f,skateboard,ShapeNet,False,skateboard/ShapeNet/563569e15313d7eb89e13811ad04f53f,skateboard/ShapeNet/f52d56b5f81f1258c70ae17ca06472e1,True,skateboard,skateboard,0,"['the', 'shape', 'of', 'the', 'deck', 'is', 'boxy', '-er']",8,the shape of the deck is boxy -er,train,train,train,train,"[1, 10, 93, 38, 10, 1281, 7, 46, 9, 2, 0, 0, 0, 0, 0, 0, 0, 0]",deck
10980,user_1609,The wheels sticks out,3ZQIG0FLQG9JQQSV1QS2INN1JNWVWF,56.0,ea25b5f1fc8d76a36a1b26eff73443ff,skateboard,ShapeNet,f9752bb556ab1e20681083250d6ef1,skateboard,ShapeNet,False,skateboard/ShapeNet/f9752bb556ab1e20681083250d6ef1,skateboard/ShapeNet/ea25b5f1fc8d76a36a1b26eff73443ff,False,skateboard,skateboard,0,"['the', 'wheels', 'sticks', 'out']",4,the wheels sticks out,train,train,train,train,"[1, 10, 1013, 213, 89, 2, 0, 0, 0, 0, 0, 0, 0, 0, 0, 0, 0, 0]",wheel
10981,user_156,It has visible truck hangers.,30MVJZJNHO6ZNZFTRQ4R1F4WQ1QJ9I,48.0,463434d2fcf567d56a93dc68b4021dbb,skateboard,ShapeNet,5fba47ad66c45cd113314092564c13fd,skateboard,ShapeNet,False,skateboard/ShapeNet/5fba47ad66c45cd113314092564c13fd,skateboard/ShapeNet/463434d2fcf567d56a93dc68b4021dbb,False,skateboard,skateboard,0,"['it', 'has', 'visible', 'truck', 'hangers']",5,it has visible truck hangers,train,train,train,train,"[1, 23, 24, 185, 1606, 1607, 2, 0, 0, 0, 0, 0, 0, 0, 0, 0, 0, 0]",truck
10984,user_571,The wheels are smaller,3IRIK4HM3CDPX27PJRKTU10ZAFG6CL,37.0,b6074c8d74b58d31ef566954f332b813,skateboard,ShapeNet,fb1ad690d8befb5a74bfd4c8606b795,skateboard,ShapeNet,False,skateboard/ShapeNet/fb1ad690d8befb5a74bfd4c8606b795,skateboard/ShapeNet/b6074c8d74b58d31ef566954f332b813,True,skateboard,skateboard,0,"['the', 'wheels', 'are', 'small', '-er']",5,the wheels are small -er,train,train,train,train,"[1, 10, 1013, 16, 111, 9, 2, 0, 0, 0, 0, 0, 0, 0, 0, 0, 0, 0]",wheel
10985,user_1246,The deck is less in width,34S9DKFK75IA7QEME0OZT3E48SFYNL,29.0,b6074c8d74b58d31ef566954f332b813,skateboard,ShapeNet,fb1ad690d8befb5a74bfd4c8606b795,skateboard,ShapeNet,False,skateboard/ShapeNet/fb1ad690d8befb5a74bfd4c8606b795,skateboard/ShapeNet/b6074c8d74b58d31ef566954f332b813,True,skateboard,skateboard,0,"['the', 'deck', 'is', 'less', 'in', 'width']",6,the deck is less in width,train,train,train,train,"[1, 10, 1281, 7, 229, 90, 358, 2, 0, 0, 0, 0, 0, 0, 0, 0, 0, 0]",deck
10986,user_1357,The wheels are smaller,3TY7ZAOG5HDC2PXY9FLA9J3G2LR0KF,55.0,b6074c8d74b58d31ef566954f332b813,skateboard,ShapeNet,fb1ad690d8befb5a74bfd4c8606b795,skateboard,ShapeNet,False,skateboard/ShapeNet/fb1ad690d8befb5a74bfd4c8606b795,skateboard/ShapeNet/b6074c8d74b58d31ef566954f332b813,True,skateboard,skateboard,0,"['the', 'wheels', 'are', 'small', '-er']",5,the wheels are small -er,train,train,train,train,"[1, 10, 1013, 16, 111, 9, 2, 0, 0, 0, 0, 0, 0, 0, 0, 0, 0, 0]",wheel
10990,user_468,There are hardware holes visible on the deck,3SB4CE2TJXOEN2UN00XSOJNV7FLXAT,55.0,380433d04091e04d3270ed754ff7ec06,skateboard,ShapeNet,9eb11450fa872445ad8005b08617c09,skateboard,ShapeNet,False,skateboard/ShapeNet/9eb11450fa872445ad8005b08617c09,skateboard/ShapeNet/380433d04091e04d3270ed754ff7ec06,True,skateboard,skateboard,0,"['there', 'are', 'hardware', 'holes', 'visible', 'on', 'the', 'deck']",8,there are hardware holes visible on the deck,train,train,train,train,"[1, 15, 16, 1602, 234, 185, 20, 10, 1281, 2, 0, 0, 0, 0, 0, 0, 0, 0]",deck
10991,user_948,The trucks are narrower,33LK57MYLVY7STGWII7464XC1LRSZI,40.0,380433d04091e04d3270ed754ff7ec06,skateboard,ShapeNet,9eb11450fa872445ad8005b08617c09,skateboard,ShapeNet,False,skateboard/ShapeNet/9eb11450fa872445ad8005b08617c09,skateboard/ShapeNet/380433d04091e04d3270ed754ff7ec06,True,skateboard,skateboard,0,"['the', 'trucks', 'are', 'narrow', '-er']",5,the trucks are narrow -er,train,train,train,train,"[1, 10, 1595, 16, 210, 9, 2, 0, 0, 0, 0, 0, 0, 0, 0, 0, 0, 0]",truck
10992,user_1357,The wheels are smaller,3FTOP5WARHHHR5RGRULY8433NVZJ05,71.0,380433d04091e04d3270ed754ff7ec06,skateboard,ShapeNet,9eb11450fa872445ad8005b08617c09,skateboard,ShapeNet,True,skateboard/ShapeNet/9eb11450fa872445ad8005b08617c09,skateboard/ShapeNet/380433d04091e04d3270ed754ff7ec06,True,skateboard,skateboard,0,"['the', 'wheels', 'are', 'small', '-er']",5,the wheels are small -er,train,train,train,train,"[1, 10, 1013, 16, 111, 9, 2, 0, 0, 0, 0, 0, 0, 0, 0, 0, 0, 0]",wheel
10996,user_203,The wheels have a larger diameter.,3U4J9857OG4PRXTOO1TQPVUDN4SB78,58.0,48bf45bffab55d7cf14c37b285d25cdf,skateboard,ShapeNet,b6074c8d74b58d31ef566954f332b813,skateboard,ShapeNet,False,skateboard/ShapeNet/b6074c8d74b58d31ef566954f332b813,skateboard/ShapeNet/48bf45bffab55d7cf14c37b285d25cdf,True,skateboard,skateboard,0,"['the', 'wheels', 'have', 'a', 'large', '-er', 'diameter']",7,the wheels have a large -er diameter,train,train,train,train,"[1, 10, 1013, 84, 26, 94, 9, 268, 2, 0, 0, 0, 0, 0, 0, 0, 0, 0]",wheel
10997,user_549,The wheels are larger.,3R2UR8A0IC93P6OOAJ2APE70W12OX6,86.0,48bf45bffab55d7cf14c37b285d25cdf,skateboard,ShapeNet,b6074c8d74b58d31ef566954f332b813,skateboard,ShapeNet,False,skateboard/ShapeNet/b6074c8d74b58d31ef566954f332b813,skateboard/ShapeNet/48bf45bffab55d7cf14c37b285d25cdf,True,skateboard,skateboard,0,"['the', 'wheels', 'are', 'large', '-er']",5,the wheels are large -er,train,train,train,train,"[1, 10, 1013, 16, 94, 9, 2, 0, 0, 0, 0, 0, 0, 0, 0, 0, 0, 0]",wheel
10999,user_1357,The wheels are thicker,3OJSZ2ATDUPN2HCFNR2DM9ULD9157Y,29.0,97a1800db9a625bc28044fe9244db50a,skateboard,ShapeNet,d4c042d11f29dffa1082f2ea630bf69e,skateboard,ShapeNet,False,skateboard/ShapeNet/d4c042d11f29dffa1082f2ea630bf69e,skateboard/ShapeNet/97a1800db9a625bc28044fe9244db50a,False,skateboard,skateboard,0,"['the', 'wheels', 'are', 'thick', '-er']",5,the wheels are thick -er,train,train,train,train,"[1, 10, 1013, 16, 54, 9, 2, 0, 0, 0, 0, 0, 0, 0, 0, 0, 0, 0]",wheel
11001,user_1644,the wheels are all the same size,38JBBYETQQ3QFDNPWUX9NRGOZ0WE4A,47.0,97a1800db9a625bc28044fe9244db50a,skateboard,ShapeNet,d4c042d11f29dffa1082f2ea630bf69e,skateboard,ShapeNet,False,skateboard/ShapeNet/d4c042d11f29dffa1082f2ea630bf69e,skateboard/ShapeNet/97a1800db9a625bc28044fe9244db50a,False,skateboard,skateboard,0,"['the', 'wheels', 'are', 'all', 'the', 'same', 'size']",7,the wheels are all the same size,train,train,train,train,"[1, 10, 1013, 16, 367, 10, 300, 377, 2, 0, 0, 0, 0, 0, 0, 0, 0, 0]",wheel
11004,user_1644,the wheels are wider,340UGXU9D0U6YM3Q6QD10Z24Y76UV0,168.0,99130967461623c37ca71234c2ec5470,skateboard,ShapeNet,d9b0de3b3aecfffb1fabf3cbd0fc77bc,skateboard,ShapeNet,False,skateboard/ShapeNet/d9b0de3b3aecfffb1fabf3cbd0fc77bc,skateboard/ShapeNet/99130967461623c37ca71234c2ec5470,True,skateboard,skateboard,0,"['the', 'wheels', 'are', 'wide', '-er']",5,the wheels are wide -er,train,train,train,train,"[1, 10, 1013, 16, 83, 9, 2, 0, 0, 0, 0, 0, 0, 0, 0, 0, 0, 0]",wheel
11006,user_323,The target has a much flatter deck with no flare on the ends.,3GNA64GUZGXX8ZHUJQBJM0BGIYZQ5L,123.0,c0280aaad5473e8398c63cb68f11df34,skateboard,ShapeNet,35c281c44b5ee115f62521393bb9c2f6,skateboard,ShapeNet,False,skateboard/ShapeNet/35c281c44b5ee115f62521393bb9c2f6,skateboard/ShapeNet/c0280aaad5473e8398c63cb68f11df34,True,skateboard,skateboard,0,"['the', 'target', 'has', 'a', 'much', 'flat', '-er', 'deck', 'with', 'no', 'flare', 'on', 'the', 'ends']",14,the target has a much flat -er deck with no flare on the ends,train,train,train,train,"[1, 10, 11, 24, 26, 59, 129, 9, 1281, 121, 123, 1609, 20, 10, 247, 2, 0, 0]",deck
11007,user_1350,The deck is much wider,3A4NIXBJ78SKP9MNJKK9MGN8UN1LMG,322.0,c0280aaad5473e8398c63cb68f11df34,skateboard,ShapeNet,35c281c44b5ee115f62521393bb9c2f6,skateboard,ShapeNet,False,skateboard/ShapeNet/35c281c44b5ee115f62521393bb9c2f6,skateboard/ShapeNet/c0280aaad5473e8398c63cb68f11df34,True,skateboard,skateboard,0,"['the', 'deck', 'is', 'much', 'wide', '-er']",6,the deck is much wide -er,train,train,train,train,"[1, 10, 1281, 7, 59, 83, 9, 2, 0, 0, 0, 0, 0, 0, 0, 0, 0, 0]",deck
11008,user_203,It has wheels.,37Z929RLGB1B6H7XCQIMKGWVGP6ST3,52.0,c0280aaad5473e8398c63cb68f11df34,skateboard,ShapeNet,e60f8e703bf6b7e8b267718342f3f316,skateboard,ShapeNet,False,skateboard/ShapeNet/e60f8e703bf6b7e8b267718342f3f316,skateboard/ShapeNet/c0280aaad5473e8398c63cb68f11df34,False,skateboard,skateboard,0,"['it', 'has', 'wheels']",3,it has wheels,val,train,val,train,"[1, 23, 24, 1013, 2, 0, 0, 0, 0, 0, 0, 0, 0, 0, 0, 0, 0, 0]",wheel
11010,user_1644,the board is flipped upside down,32AT8R96GN2Q6UMMCV8WPCIXZ8NSUE,104.0,c0280aaad5473e8398c63cb68f11df34,skateboard,ShapeNet,e60f8e703bf6b7e8b267718342f3f316,skateboard,ShapeNet,False,skateboard/ShapeNet/e60f8e703bf6b7e8b267718342f3f316,skateboard/ShapeNet/c0280aaad5473e8398c63cb68f11df34,False,skateboard,skateboard,0,"['the', 'board', 'is', 'flipped', 'upside', 'down']",6,the board is flipped upside down,val,train,val,train,"[1, 10, 948, 7, 3482, 91, 44, 2, 0, 0, 0, 0, 0, 0, 0, 0, 0, 0]",deck
11011,user_156,It does not have visible wheels.,3SNLUL3WO6G32HRWSMBVDQ427AIULX,40.0,b6074c8d74b58d31ef566954f332b813,skateboard,ShapeNet,515f3fab6bee0c40de82f1e4605731da,skateboard,ShapeNet,False,skateboard/ShapeNet/515f3fab6bee0c40de82f1e4605731da,skateboard/ShapeNet/b6074c8d74b58d31ef566954f332b813,False,skateboard,skateboard,0,"['it', 'does', 'not', 'have', 'visible', 'wheels']",6,it does not have visible wheels,test,train,test,train,"[1, 23, 39, 40, 84, 185, 1013, 2, 0, 0, 0, 0, 0, 0, 0, 0, 0, 0]",wheel
11012,user_468,There are no wheels,36DSNE9QZ7R2UMJZTFN9Y5ZLLYAOJV,36.0,b6074c8d74b58d31ef566954f332b813,skateboard,ShapeNet,515f3fab6bee0c40de82f1e4605731da,skateboard,ShapeNet,False,skateboard/ShapeNet/515f3fab6bee0c40de82f1e4605731da,skateboard/ShapeNet/b6074c8d74b58d31ef566954f332b813,False,skateboard,skateboard,0,"['there', 'are', 'no', 'wheels']",4,there are no wheels,test,train,test,train,"[1, 15, 16, 123, 1013, 2, 0, 0, 0, 0, 0, 0, 0, 0, 0, 0, 0, 0]",wheel
11013,user_1298,The ends of the deck are more angled.,3SUWZRL0M064U0R3FIQOKP02VQOE6F,35.0,b6074c8d74b58d31ef566954f332b813,skateboard,ShapeNet,515f3fab6bee0c40de82f1e4605731da,skateboard,ShapeNet,False,skateboard/ShapeNet/515f3fab6bee0c40de82f1e4605731da,skateboard/ShapeNet/b6074c8d74b58d31ef566954f332b813,False,skateboard,skateboard,0,"['the', 'ends', 'of', 'the', 'deck', 'are', 'more', 'angled']",8,the ends of the deck are more angled,test,train,test,train,"[1, 10, 247, 38, 10, 1281, 16, 34, 168, 2, 0, 0, 0, 0, 0, 0, 0, 0]",deck
11014,user_948,It has bigger wheels,3HFNH7HEMJ7VOW6E0MUAQX2587DGQT,38.0,7a00dee660ee94f5dfa6594bd6ded322,skateboard,ShapeNet,bdfa2c97ef7089d6b267718342f3f316,skateboard,ShapeNet,False,skateboard/ShapeNet/bdfa2c97ef7089d6b267718342f3f316,skateboard/ShapeNet/7a00dee660ee94f5dfa6594bd6ded322,False,skateboard,skateboard,0,"['it', 'has', 'big', '-er', 'wheels']",5,it has big -er wheels,train,train,train,train,"[1, 23, 24, 320, 9, 1013, 2, 0, 0, 0, 0, 0, 0, 0, 0, 0, 0, 0]",wheel
11015,user_1298,The deck has words written under it.,3N1FSUEFL7TLN79P0ZMPH9Y3ZNOD47,56.0,7a00dee660ee94f5dfa6594bd6ded322,skateboard,ShapeNet,bdfa2c97ef7089d6b267718342f3f316,skateboard,ShapeNet,False,skateboard/ShapeNet/bdfa2c97ef7089d6b267718342f3f316,skateboard/ShapeNet/7a00dee660ee94f5dfa6594bd6ded322,False,skateboard,skateboard,0,"['the', 'deck', 'has', 'words', 'written', 'under', 'it']",7,the deck has words written under it,train,train,train,train,"[1, 10, 1281, 24, 712, 1157, 922, 23, 2, 0, 0, 0, 0, 0, 0, 0, 0, 0]",deck
11016,user_1392,The wheels are larger,31N2WW6R9TJX3V4HRRCWV49IX00F3R,37.0,7a00dee660ee94f5dfa6594bd6ded322,skateboard,ShapeNet,bdfa2c97ef7089d6b267718342f3f316,skateboard,ShapeNet,True,skateboard/ShapeNet/bdfa2c97ef7089d6b267718342f3f316,skateboard/ShapeNet/7a00dee660ee94f5dfa6594bd6ded322,False,skateboard,skateboard,0,"['the', 'wheels', 'are', 'large', '-er']",5,the wheels are large -er,train,train,train,train,"[1, 10, 1013, 16, 94, 9, 2, 0, 0, 0, 0, 0, 0, 0, 0, 0, 0, 0]",wheel
11017,user_203,The wheels are wider.,3R2UR8A0IC93P6OOAJ2APE70WX4XO9,57.0,58ab8327f188e0a063381d3d7e871939,skateboard,ShapeNet,c7482cb7a8db514921cafafd7e7949c7,skateboard,ShapeNet,False,skateboard/ShapeNet/c7482cb7a8db514921cafafd7e7949c7,skateboard/ShapeNet/58ab8327f188e0a063381d3d7e871939,True,skateboard,skateboard,0,"['the', 'wheels', 'are', 'wide', '-er']",5,the wheels are wide -er,train,train,train,train,"[1, 10, 1013, 16, 83, 9, 2, 0, 0, 0, 0, 0, 0, 0, 0, 0, 0, 0]",wheel
11019,user_1656,The deck is smoothly curved with no hard angles.,3C44YUNSI3I7C0V8YJEDK79YQJ6DPK,123.0,58ab8327f188e0a063381d3d7e871939,skateboard,ShapeNet,c7482cb7a8db514921cafafd7e7949c7,skateboard,ShapeNet,False,skateboard/ShapeNet/c7482cb7a8db514921cafafd7e7949c7,skateboard/ShapeNet/58ab8327f188e0a063381d3d7e871939,True,skateboard,skateboard,0,"['the', 'deck', 'is', 'smoothly', 'curved', 'with', 'no', 'hard', 'angles']",9,the deck is smoothly curved with no hard angles,train,train,train,train,"[1, 10, 1281, 7, 1523, 51, 121, 123, 629, 340, 2, 0, 0, 0, 0, 0, 0, 0]",deck
11023,user_549,The nose and tail are are angled upward from the center of the board.,3HHRAGRYXAYDOA6Q73WW9BLIPYB9O8,47.0,591971ce679ca4b93ad38b993d9e745f,skateboard,ShapeNet,48bf45bffab55d7cf14c37b285d25cdf,skateboard,ShapeNet,False,skateboard/ShapeNet/48bf45bffab55d7cf14c37b285d25cdf,skateboard/ShapeNet/591971ce679ca4b93ad38b993d9e745f,False,skateboard,skateboard,0,"['the', 'nose', 'and', 'tail', 'are', 'are', 'angled', 'upward', 'from', 'the', 'center', 'of', 'the', 'board']",14,the nose and tail are are angled upward from the center of the board,train,train,train,train,"[1, 10, 1593, 47, 1594, 16, 16, 168, 79, 113, 10, 165, 38, 10, 948, 2, 0, 0]",deck
11025,user_2027,The tail and nose ends of the deck are not flat.,3137ONMDKIY6RTG9RVZAWGDRP4KEGA,381.0,591971ce679ca4b93ad38b993d9e745f,skateboard,ShapeNet,48bf45bffab55d7cf14c37b285d25cdf,skateboard,ShapeNet,False,skateboard/ShapeNet/48bf45bffab55d7cf14c37b285d25cdf,skateboard/ShapeNet/591971ce679ca4b93ad38b993d9e745f,False,skateboard,skateboard,0,"['the', 'tail', 'and', 'nose', 'ends', 'of', 'the', 'deck', 'are', 'not', 'flat']",11,the tail and nose ends of the deck are not flat,train,train,train,train,"[1, 10, 1594, 47, 1593, 247, 38, 10, 1281, 16, 40, 129, 2, 0, 0, 0, 0, 0]",deck
11027,user_156,It does not have visible wheels.,3NL0RFNU0HGT1DFZSG8CLMTTJYBK4L,37.0,ee1e75f67edf37707f29c61065b4dc5a,skateboard,ShapeNet,c190e478faaca09baaf812076502792,skateboard,ShapeNet,False,skateboard/ShapeNet/c190e478faaca09baaf812076502792,skateboard/ShapeNet/ee1e75f67edf37707f29c61065b4dc5a,False,skateboard,skateboard,0,"['it', 'does', 'not', 'have', 'visible', 'wheels']",6,it does not have visible wheels,train,train,train,train,"[1, 23, 39, 40, 84, 185, 1013, 2, 0, 0, 0, 0, 0, 0, 0, 0, 0, 0]",wheel
11028,user_571,It has no wheels.,3FIUS151DXV4B7C0XQPYWJY32MVGGT,39.0,ee1e75f67edf37707f29c61065b4dc5a,skateboard,ShapeNet,c190e478faaca09baaf812076502792,skateboard,ShapeNet,False,skateboard/ShapeNet/c190e478faaca09baaf812076502792,skateboard/ShapeNet/ee1e75f67edf37707f29c61065b4dc5a,False,skateboard,skateboard,0,"['it', 'has', 'no', 'wheels']",4,it has no wheels,train,train,train,train,"[1, 23, 24, 123, 1013, 2, 0, 0, 0, 0, 0, 0, 0, 0, 0, 0, 0, 0]",wheel
11029,user_1205,Target has a shorter board.,3PJUZCGDJ89A3IJA0M70CPVIAOU89H,41.0,55da5b37f4fca69947d4c8697a40872,skateboard,ShapeNet,97f85bc59f09a9f455c660e6cd8e92b,skateboard,ShapeNet,False,skateboard/ShapeNet/97f85bc59f09a9f455c660e6cd8e92b,skateboard/ShapeNet/55da5b37f4fca69947d4c8697a40872,False,skateboard,skateboard,0,"['target', 'has', 'a', 'short', '-er', 'board']",6,target has a short -er board,train,train,train,train,"[1, 11, 24, 26, 8, 9, 948, 2, 0, 0, 0, 0, 0, 0, 0, 0, 0, 0]",deck
11030,user_1572,"The fixing bolts on the deck are more visible, as they stick up higher.",33CID57106MJ3NEDD2FUQHE2UWGL3W,226.0,55da5b37f4fca69947d4c8697a40872,skateboard,ShapeNet,97f85bc59f09a9f455c660e6cd8e92b,skateboard,ShapeNet,False,skateboard/ShapeNet/97f85bc59f09a9f455c660e6cd8e92b,skateboard/ShapeNet/55da5b37f4fca69947d4c8697a40872,False,skateboard,skateboard,0,"['the', 'fixing', 'bolts', 'on', 'the', 'deck', 'are', 'more', 'visible', 'as', 'they', 'stick', 'up', 'high', '-er']",15,the fixing bolts on the deck are more visible as they stick up high -er,train,train,train,train,"[1, 10, 1610, 1611, 20, 10, 1281, 16, 34, 185, 52, 752, 339, 269, 49, 9, 2, 0]",deck
11031,user_1796,It has wheels.,30BUDKLTXFO8BWRPAZGJSJM2ZVAE5W,72.0,55da5b37f4fca69947d4c8697a40872,skateboard,ShapeNet,97f85bc59f09a9f455c660e6cd8e92b,skateboard,ShapeNet,False,skateboard/ShapeNet/97f85bc59f09a9f455c660e6cd8e92b,skateboard/ShapeNet/55da5b37f4fca69947d4c8697a40872,False,skateboard,skateboard,0,"['it', 'has', 'wheels']",3,it has wheels,train,train,train,train,"[1, 23, 24, 1013, 2, 0, 0, 0, 0, 0, 0, 0, 0, 0, 0, 0, 0, 0]",wheel
11033,user_1024,The board has locks for your feet similar to a snowboard.,3K5TEWLKGX41PV8QC9ONHWET4CFVIP,61.0,54b9d9a3565820e17f267bbeffb219aa,skateboard,ShapeNet,11abd8b2227a9031e65449686a784d77,skateboard,ShapeNet,False,skateboard/ShapeNet/11abd8b2227a9031e65449686a784d77,skateboard/ShapeNet/54b9d9a3565820e17f267bbeffb219aa,True,skateboard,skateboard,0,"['the', 'board', 'has', 'locks', 'for', 'your', 'feet', 'similar', 'to', 'a', 'snowboard']",11,the board has locks for your feet similar to a snowboard,train,train,train,train,"[1, 10, 948, 24, 1026, 259, 1591, 200, 1465, 58, 26, 3, 2, 0, 0, 0, 0, 0]",deck
11036,user_1298,The target board edges are higher.,3TK8OJTYM3ET6HVUP4E7QTF5QQFVP6,52.0,87115860707b0208813c2f803c03ef9f,skateboard,ShapeNet,ee1e75f67edf37707f29c61065b4dc5a,skateboard,ShapeNet,False,skateboard/ShapeNet/ee1e75f67edf37707f29c61065b4dc5a,skateboard/ShapeNet/87115860707b0208813c2f803c03ef9f,True,skateboard,skateboard,0,"['the', 'target', 'board', 'edges', 'are', 'high', '-er']",7,the target board edges are high -er,train,train,train,train,"[1, 10, 11, 948, 325, 16, 49, 9, 2, 0, 0, 0, 0, 0, 0, 0, 0, 0]",deck
11039,user_203,The wheels are not as wide.,3BDCF01OGZNKJQB12N8KGBAF3YOLYH,265.0,570fae86bb5e1843d587b281fa5e7b27,skateboard,ShapeNet,f9752bb556ab1e20681083250d6ef1,skateboard,ShapeNet,False,skateboard/ShapeNet/f9752bb556ab1e20681083250d6ef1,skateboard/ShapeNet/570fae86bb5e1843d587b281fa5e7b27,True,skateboard,skateboard,0,"['the', 'wheels', 'are', 'not', 'as', 'wide']",6,the wheels are not as wide,train,train,train,train,"[1, 10, 1013, 16, 40, 52, 83, 2, 0, 0, 0, 0, 0, 0, 0, 0, 0, 0]",wheel
11041,user_567,The nose and tail of the deck has a wider angle.,3LUY3GC631TRVRUY76BRKFZ24887PQ,94.0,55da5b37f4fca69947d4c8697a40872,skateboard,ShapeNet,c190e478faaca09baaf812076502792,skateboard,ShapeNet,False,skateboard/ShapeNet/c190e478faaca09baaf812076502792,skateboard/ShapeNet/55da5b37f4fca69947d4c8697a40872,True,skateboard,skateboard,0,"['the', 'nose', 'and', 'tail', 'of', 'the', 'deck', 'has', 'a', 'wide', '-er', 'angle']",12,the nose and tail of the deck has a wide -er angle,train,train,train,train,"[1, 10, 1593, 47, 1594, 38, 10, 1281, 24, 26, 83, 9, 106, 2, 0, 0, 0, 0]",deck
11042,user_1205,Target has a flatter board,3DPNQGW4LN8M2YUAQCEBB3OBI1Q46V,53.0,55da5b37f4fca69947d4c8697a40872,skateboard,ShapeNet,c190e478faaca09baaf812076502792,skateboard,ShapeNet,False,skateboard/ShapeNet/c190e478faaca09baaf812076502792,skateboard/ShapeNet/55da5b37f4fca69947d4c8697a40872,True,skateboard,skateboard,0,"['target', 'has', 'a', 'flat', '-er', 'board']",6,target has a flat -er board,train,train,train,train,"[1, 11, 24, 26, 129, 9, 948, 2, 0, 0, 0, 0, 0, 0, 0, 0, 0, 0]",deck
11043,user_1392,The board is thinner.,3VELCLL3GMC1TSQ24NYD7BULZGM1FL,23.0,55da5b37f4fca69947d4c8697a40872,skateboard,ShapeNet,c190e478faaca09baaf812076502792,skateboard,ShapeNet,False,skateboard/ShapeNet/c190e478faaca09baaf812076502792,skateboard/ShapeNet/55da5b37f4fca69947d4c8697a40872,True,skateboard,skateboard,0,"['the', 'board', 'is', 'thin', '-er']",5,the board is thin -er,train,train,train,train,"[1, 10, 948, 7, 60, 9, 2, 0, 0, 0, 0, 0, 0, 0, 0, 0, 0, 0]",deck
11044,user_567,The board length is shorter.,3HMIGG0U4NZP4JRI8YZGB6O9JXC8Y3,521.0,af4343c5b78b70b11082f2ea630bf69e,skateboard,ShapeNet,e421c23a2c02cac61082f2ea630bf69e,skateboard,ShapeNet,False,skateboard/ShapeNet/e421c23a2c02cac61082f2ea630bf69e,skateboard/ShapeNet/af4343c5b78b70b11082f2ea630bf69e,True,skateboard,skateboard,0,"['the', 'board', 'length', 'is', 'short', '-er']",6,the board length is short -er,test,train,test,train,"[1, 10, 948, 155, 7, 8, 9, 2, 0, 0, 0, 0, 0, 0, 0, 0, 0, 0]",deck
11045,user_1644,the board has a wider nose,386PBUZZXHQUO1G2GN7H6OVRQTMLJS,171.0,af4343c5b78b70b11082f2ea630bf69e,skateboard,ShapeNet,e421c23a2c02cac61082f2ea630bf69e,skateboard,ShapeNet,False,skateboard/ShapeNet/e421c23a2c02cac61082f2ea630bf69e,skateboard/ShapeNet/af4343c5b78b70b11082f2ea630bf69e,True,skateboard,skateboard,0,"['the', 'board', 'has', 'a', 'wide', '-er', 'nose']",7,the board has a wide -er nose,test,train,test,train,"[1, 10, 948, 24, 26, 83, 9, 1593, 2, 0, 0, 0, 0, 0, 0, 0, 0, 0]",deck
11046,user_2044,The body of the board is fatter on the right side.,3M81GAB8A2CZXFY3K02WPMB8SWMQBR,65.0,af4343c5b78b70b11082f2ea630bf69e,skateboard,ShapeNet,e421c23a2c02cac61082f2ea630bf69e,skateboard,ShapeNet,False,skateboard/ShapeNet/e421c23a2c02cac61082f2ea630bf69e,skateboard/ShapeNet/af4343c5b78b70b11082f2ea630bf69e,True,skateboard,skateboard,0,"['the', 'body', 'of', 'the', 'board', 'is', 'fat', '-er', 'on', 'the', 'right', 'side']",12,the body of the board is fat -er on the right side,test,train,test,train,"[1, 10, 45, 38, 10, 948, 7, 866, 9, 20, 10, 118, 22, 2, 0, 0, 0, 0]",deck
11047,user_1246,The trucks are taller and wider,3RSDURM96CF6DK19L1LG3GKVU0DYEV,46.0,ea25b5f1fc8d76a36a1b26eff73443ff,skateboard,ShapeNet,571dd1b4d09773c5bbe43d356df0e955,skateboard,ShapeNet,False,skateboard/ShapeNet/571dd1b4d09773c5bbe43d356df0e955,skateboard/ShapeNet/ea25b5f1fc8d76a36a1b26eff73443ff,False,skateboard,skateboard,0,"['the', 'trucks', 'are', 'tall', '-er', 'and', 'wide', '-er']",8,the trucks are tall -er and wide -er,train,train,train,train,"[1, 10, 1595, 16, 53, 9, 47, 83, 9, 2, 0, 0, 0, 0, 0, 0, 0, 0]",truck
11048,user_1357,The wheels are larger,36AHBNMV1T51LEN9P6AWXY2AUOJYD9,63.0,ea25b5f1fc8d76a36a1b26eff73443ff,skateboard,ShapeNet,571dd1b4d09773c5bbe43d356df0e955,skateboard,ShapeNet,False,skateboard/ShapeNet/571dd1b4d09773c5bbe43d356df0e955,skateboard/ShapeNet/ea25b5f1fc8d76a36a1b26eff73443ff,False,skateboard,skateboard,0,"['the', 'wheels', 'are', 'large', '-er']",5,the wheels are large -er,train,train,train,train,"[1, 10, 1013, 16, 94, 9, 2, 0, 0, 0, 0, 0, 0, 0, 0, 0, 0, 0]",wheel
11049,user_1815,The deck is shorter and wider,304SM51WA5XBAVDGC4R1KMQ9AK4BSY,230.0,ea25b5f1fc8d76a36a1b26eff73443ff,skateboard,ShapeNet,571dd1b4d09773c5bbe43d356df0e955,skateboard,ShapeNet,False,skateboard/ShapeNet/571dd1b4d09773c5bbe43d356df0e955,skateboard/ShapeNet/ea25b5f1fc8d76a36a1b26eff73443ff,False,skateboard,skateboard,0,"['the', 'deck', 'is', 'short', '-er', 'and', 'wide', '-er']",8,the deck is short -er and wide -er,train,train,train,train,"[1, 10, 1281, 7, 8, 9, 47, 83, 9, 2, 0, 0, 0, 0, 0, 0, 0, 0]",deck
11053,user_1298,The deck is shorter.,37ZHEEHM6YFKO2PB98EK7CW1ZCH37B,22.0,792953b4101753c6ed3696d854eee1ec,skateboard,ShapeNet,52ffc103719ae88ef0f40fbf85e100a,skateboard,ShapeNet,False,skateboard/ShapeNet/52ffc103719ae88ef0f40fbf85e100a,skateboard/ShapeNet/792953b4101753c6ed3696d854eee1ec,True,skateboard,skateboard,0,"['the', 'deck', 'is', 'short', '-er']",5,the deck is short -er,test,train,test,train,"[1, 10, 1281, 7, 8, 9, 2, 0, 0, 0, 0, 0, 0, 0, 0, 0, 0, 0]",deck
11055,user_2044,The deck is thicker height-wise.,3JMSRU9HQKNP9Q64GQYWWHG1CLEVEQ,68.0,792953b4101753c6ed3696d854eee1ec,skateboard,ShapeNet,52ffc103719ae88ef0f40fbf85e100a,skateboard,ShapeNet,False,skateboard/ShapeNet/52ffc103719ae88ef0f40fbf85e100a,skateboard/ShapeNet/792953b4101753c6ed3696d854eee1ec,True,skateboard,skateboard,0,"['the', 'deck', 'is', 'thick', '-er', 'height', 'wise']",7,the deck is thick -er height wise,test,train,test,train,"[1, 10, 1281, 7, 54, 9, 117, 359, 2, 0, 0, 0, 0, 0, 0, 0, 0, 0]",deck
11058,user_1796,The deck is thinner.,3ZAK8W07I67Q5L2A3TPCF6CE4BT0UE,51.0,ac2b6924a60a7a87aa4f69d519551495,skateboard,ShapeNet,393ca71bd734f3071082f2ea630bf69e,skateboard,ShapeNet,False,skateboard/ShapeNet/393ca71bd734f3071082f2ea630bf69e,skateboard/ShapeNet/ac2b6924a60a7a87aa4f69d519551495,False,skateboard,skateboard,0,"['the', 'deck', 'is', 'thin', '-er']",5,the deck is thin -er,train,train,train,train,"[1, 10, 1281, 7, 60, 9, 2, 0, 0, 0, 0, 0, 0, 0, 0, 0, 0, 0]",deck
11059,user_42,The tail and nose of the board are more pronounced and angled upwards.,3L2IS5HSFCBTQHUH4ZRAQI8RC50NUA,63.0,f5d7698b5a57d61226e0640b67de606,skateboard,ShapeNet,776eaffd7cbe7bc6b9e8bdc9c4a49aa2,skateboard,ShapeNet,False,skateboard/ShapeNet/776eaffd7cbe7bc6b9e8bdc9c4a49aa2,skateboard/ShapeNet/f5d7698b5a57d61226e0640b67de606,False,skateboard,skateboard,0,"['the', 'tail', 'and', 'nose', 'of', 'the', 'board', 'are', 'more', 'pronounced', 'and', 'angled', 'upwards']",13,the tail and nose of the board are more pronounced and angled upwards,train,train,train,train,"[1, 10, 1594, 47, 1593, 38, 10, 948, 16, 34, 1529, 47, 168, 209, 2, 0, 0, 0]",deck
11060,user_468,It has smaller wheels,39GXDJN2OV780PWD3NCW47KF1GD8VX,112.0,f5d7698b5a57d61226e0640b67de606,skateboard,ShapeNet,776eaffd7cbe7bc6b9e8bdc9c4a49aa2,skateboard,ShapeNet,False,skateboard/ShapeNet/776eaffd7cbe7bc6b9e8bdc9c4a49aa2,skateboard/ShapeNet/f5d7698b5a57d61226e0640b67de606,False,skateboard,skateboard,0,"['it', 'has', 'small', '-er', 'wheels']",5,it has small -er wheels,train,train,train,train,"[1, 23, 24, 111, 9, 1013, 2, 0, 0, 0, 0, 0, 0, 0, 0, 0, 0, 0]",wheel
11061,user_571,The deck is thicker,3R2PKQ87NY1IZ8EHYHNWU0VGDLQIMM,49.0,f5d7698b5a57d61226e0640b67de606,skateboard,ShapeNet,776eaffd7cbe7bc6b9e8bdc9c4a49aa2,skateboard,ShapeNet,False,skateboard/ShapeNet/776eaffd7cbe7bc6b9e8bdc9c4a49aa2,skateboard/ShapeNet/f5d7698b5a57d61226e0640b67de606,False,skateboard,skateboard,0,"['the', 'deck', 'is', 'thick', '-er']",5,the deck is thick -er,train,train,train,train,"[1, 10, 1281, 7, 54, 9, 2, 0, 0, 0, 0, 0, 0, 0, 0, 0, 0, 0]",deck
11062,user_203,It is not mounted on wheels.,3DH6GAKTY0I4OFS5HOZTOQLDI7YZYG,80.0,db4c8bf323465e4c537d393009a79347,skateboard,ShapeNet,1c8d5e05c3faa05861be5ced44bc18ac,skateboard,ShapeNet,False,skateboard/ShapeNet/1c8d5e05c3faa05861be5ced44bc18ac,skateboard/ShapeNet/db4c8bf323465e4c537d393009a79347,False,skateboard,skateboard,0,"['it', 'is', 'not', 'mounted', 'on', 'wheels']",6,it is not mounted on wheels,test,train,test,train,"[1, 23, 7, 40, 82, 20, 1013, 2, 0, 0, 0, 0, 0, 0, 0, 0, 0, 0]",wheel
11063,user_1205,Target has no wheels,3DH6GAKTY0I4OFS5HOZTOQLDI8PZY9,46.0,db4c8bf323465e4c537d393009a79347,skateboard,ShapeNet,1c8d5e05c3faa05861be5ced44bc18ac,skateboard,ShapeNet,False,skateboard/ShapeNet/1c8d5e05c3faa05861be5ced44bc18ac,skateboard/ShapeNet/db4c8bf323465e4c537d393009a79347,False,skateboard,skateboard,0,"['target', 'has', 'no', 'wheels']",4,target has no wheels,test,train,test,train,"[1, 11, 24, 123, 1013, 2, 0, 0, 0, 0, 0, 0, 0, 0, 0, 0, 0, 0]",wheel
11064,user_1357,The wheels are gone,31Z0PCVWUM8PNJN5ONKBPP0ZTB3T7R,28.0,db4c8bf323465e4c537d393009a79347,skateboard,ShapeNet,1c8d5e05c3faa05861be5ced44bc18ac,skateboard,ShapeNet,False,skateboard/ShapeNet/1c8d5e05c3faa05861be5ced44bc18ac,skateboard/ShapeNet/db4c8bf323465e4c537d393009a79347,False,skateboard,skateboard,0,"['the', 'wheels', 'are', 'gone']",4,the wheels are gone,test,train,test,train,"[1, 10, 1013, 16, 1592, 2, 0, 0, 0, 0, 0, 0, 0, 0, 0, 0, 0, 0]",wheel
11065,user_203,The wheels are connected to axles.,3P59JYT76NDI1IQZIB3GTYJRIV72TA,178.0,8f78a26403f09b708b3b3a08d28a7d7c,skateboard,ShapeNet,36755d38d12e80c0702c58bc53d1e55f,skateboard,ShapeNet,False,skateboard/ShapeNet/36755d38d12e80c0702c58bc53d1e55f,skateboard/ShapeNet/8f78a26403f09b708b3b3a08d28a7d7c,True,skateboard,skateboard,0,"['the', 'wheels', 'are', 'connected', 'to', 'axles']",6,the wheels are connected to axles,train,train,train,train,"[1, 10, 1013, 16, 127, 58, 1605, 2, 0, 0, 0, 0, 0, 0, 0, 0, 0, 0]",wheel
11067,user_1644,there are no wheels,3IXEICO794C6JJ905DFJJB03Y086TU,91.0,8f78a26403f09b708b3b3a08d28a7d7c,skateboard,ShapeNet,36755d38d12e80c0702c58bc53d1e55f,skateboard,ShapeNet,False,skateboard/ShapeNet/36755d38d12e80c0702c58bc53d1e55f,skateboard/ShapeNet/8f78a26403f09b708b3b3a08d28a7d7c,True,skateboard,skateboard,0,"['there', 'are', 'no', 'wheels']",4,there are no wheels,train,train,train,train,"[1, 15, 16, 123, 1013, 2, 0, 0, 0, 0, 0, 0, 0, 0, 0, 0, 0, 0]",wheel
11068,user_1246,The sides of the deck are less in height,3HMIGG0U4NZP4JRI8YZGB6O9JXG8Y7,47.0,1ad8d7573dc57ebc247a956ed3779e34,skateboard,ShapeNet,55da5b37f4fca69947d4c8697a40872,skateboard,ShapeNet,False,skateboard/ShapeNet/55da5b37f4fca69947d4c8697a40872,skateboard/ShapeNet/1ad8d7573dc57ebc247a956ed3779e34,True,skateboard,skateboard,0,"['the', 'sides', 'of', 'the', 'deck', 'are', 'less', 'in', 'height']",9,the sides of the deck are less in height,train,train,train,train,"[1, 10, 360, 38, 10, 1281, 16, 229, 90, 117, 2, 0, 0, 0, 0, 0, 0, 0]",deck
11069,user_1298,The edges of the deck are more angled.,37C0GNLMHHWZ2UD3JNF4E7IHVEM6DD,40.0,1ad8d7573dc57ebc247a956ed3779e34,skateboard,ShapeNet,55da5b37f4fca69947d4c8697a40872,skateboard,ShapeNet,False,skateboard/ShapeNet/55da5b37f4fca69947d4c8697a40872,skateboard/ShapeNet/1ad8d7573dc57ebc247a956ed3779e34,True,skateboard,skateboard,0,"['the', 'edges', 'of', 'the', 'deck', 'are', 'more', 'angled']",8,the edges of the deck are more angled,train,train,train,train,"[1, 10, 325, 38, 10, 1281, 16, 34, 168, 2, 0, 0, 0, 0, 0, 0, 0, 0]",deck
11070,user_1392,The deck is angled up more on either end,3TMSXRD2X8T34ECXUC8DBZGLUJBW1D,32.0,1ad8d7573dc57ebc247a956ed3779e34,skateboard,ShapeNet,55da5b37f4fca69947d4c8697a40872,skateboard,ShapeNet,True,skateboard/ShapeNet/55da5b37f4fca69947d4c8697a40872,skateboard/ShapeNet/1ad8d7573dc57ebc247a956ed3779e34,True,skateboard,skateboard,0,"['the', 'deck', 'is', 'angled', 'up', 'more', 'on', 'either', 'end']",9,the deck is angled up more on either end,train,train,train,train,"[1, 10, 1281, 7, 168, 269, 34, 20, 332, 74, 2, 0, 0, 0, 0, 0, 0, 0]",deck
11071,user_567,The nose and tail of the board is more of a curve.,30BUDKLTXFO8BWRPAZGJSJM2ZVB5EO,180.0,a19d80304e26099e7394c987e5e211f0,skateboard,ShapeNet,f9efb1b00b79c035c1cb365152372fc5,skateboard,ShapeNet,False,skateboard/ShapeNet/f9efb1b00b79c035c1cb365152372fc5,skateboard/ShapeNet/a19d80304e26099e7394c987e5e211f0,True,skateboard,skateboard,0,"['the', 'nose', 'and', 'tail', 'of', 'the', 'board', 'is', 'more', 'of', 'a', 'curve']",12,the nose and tail of the board is more of a curve,train,train,train,train,"[1, 10, 1593, 47, 1594, 38, 10, 948, 7, 34, 38, 26, 43, 2, 0, 0, 0, 0]",deck
11073,user_1298,The ends of the deck are more angled.,3SUWZRL0M064U0R3FIQOKP02VQNE6E,55.0,a19d80304e26099e7394c987e5e211f0,skateboard,ShapeNet,f9efb1b00b79c035c1cb365152372fc5,skateboard,ShapeNet,False,skateboard/ShapeNet/f9efb1b00b79c035c1cb365152372fc5,skateboard/ShapeNet/a19d80304e26099e7394c987e5e211f0,True,skateboard,skateboard,0,"['the', 'ends', 'of', 'the', 'deck', 'are', 'more', 'angled']",8,the ends of the deck are more angled,train,train,train,train,"[1, 10, 247, 38, 10, 1281, 16, 34, 168, 2, 0, 0, 0, 0, 0, 0, 0, 0]",deck
11074,user_468,The deck is more narrow,3H7Z272LX90QACJ0B0C13KH3ZSBLPB,37.0,732270ac7e23d610e62bec48c266b5c6,skateboard,ShapeNet,58ab8327f188e0a063381d3d7e871939,skateboard,ShapeNet,False,skateboard/ShapeNet/58ab8327f188e0a063381d3d7e871939,skateboard/ShapeNet/732270ac7e23d610e62bec48c266b5c6,False,skateboard,skateboard,0,"['the', 'deck', 'is', 'more', 'narrow']",5,the deck is more narrow,train,train,train,train,"[1, 10, 1281, 7, 34, 210, 2, 0, 0, 0, 0, 0, 0, 0, 0, 0, 0, 0]",deck
11080,user_203,The diameter of the wheel is greater.,3KXIR214I69YKXB93A28LQ7Z2WQ42G,58.0,9eb11450fa872445ad8005b08617c09,skateboard,ShapeNet,36aaae334d636ec28043db94fbc8c982,skateboard,ShapeNet,False,skateboard/ShapeNet/36aaae334d636ec28043db94fbc8c982,skateboard/ShapeNet/9eb11450fa872445ad8005b08617c09,True,skateboard,skateboard,0,"['the', 'diameter', 'of', 'the', 'wheel', 'is', 'great', '-er']",8,the diameter of the wheel is great -er,train,train,train,train,"[1, 10, 268, 38, 10, 544, 7, 188, 9, 2, 0, 0, 0, 0, 0, 0, 0, 0]",wheel
11082,user_1124,Target deck is flat from end to end.,3UNH76FOCUY4P8TM2Z9ZGOP4326MYA,361.0,9eb11450fa872445ad8005b08617c09,skateboard,ShapeNet,36aaae334d636ec28043db94fbc8c982,skateboard,ShapeNet,True,skateboard/ShapeNet/36aaae334d636ec28043db94fbc8c982,skateboard/ShapeNet/9eb11450fa872445ad8005b08617c09,True,skateboard,skateboard,0,"['target', 'deck', 'is', 'flat', 'from', 'end', 'to', 'end']",8,target deck is flat from end to end,train,train,train,train,"[1, 11, 1281, 7, 129, 113, 74, 58, 74, 2, 0, 0, 0, 0, 0, 0, 0, 0]",deck
11088,user_1298,The deck is more angled.,3EFVCAY5L52Z9UWJMYYD1J9L6T98JF,25.0,dcb9a62d5ef76f389da15808191f1405,skateboard,ShapeNet,c4b7db8e09375b4d6830ad3775f4cffc,skateboard,ShapeNet,False,skateboard/ShapeNet/c4b7db8e09375b4d6830ad3775f4cffc,skateboard/ShapeNet/dcb9a62d5ef76f389da15808191f1405,False,skateboard,skateboard,0,"['the', 'deck', 'is', 'more', 'angled']",5,the deck is more angled,train,train,train,train,"[1, 10, 1281, 7, 34, 168, 2, 0, 0, 0, 0, 0, 0, 0, 0, 0, 0, 0]",deck
11089,user_1357,The trucks are thinner,3HSYG7LRBLREFF42D8VSS3IPGJUKK2,34.0,d3ff56062272f3e6346e65609be6d72f,skateboard,ShapeNet,ee1e75f67edf37707f29c61065b4dc5a,skateboard,ShapeNet,False,skateboard/ShapeNet/ee1e75f67edf37707f29c61065b4dc5a,skateboard/ShapeNet/d3ff56062272f3e6346e65609be6d72f,False,skateboard,skateboard,0,"['the', 'trucks', 'are', 'thin', '-er']",5,the trucks are thin -er,train,train,train,train,"[1, 10, 1595, 16, 60, 9, 2, 0, 0, 0, 0, 0, 0, 0, 0, 0, 0, 0]",truck
11090,user_1815,Has a longer deck,3OWEPKL08B5RS6ILRRYZGQU74V8N7F,51.0,d3ff56062272f3e6346e65609be6d72f,skateboard,ShapeNet,ee1e75f67edf37707f29c61065b4dc5a,skateboard,ShapeNet,False,skateboard/ShapeNet/ee1e75f67edf37707f29c61065b4dc5a,skateboard/ShapeNet/d3ff56062272f3e6346e65609be6d72f,False,skateboard,skateboard,0,"['has', 'a', 'long', '-er', 'deck']",5,has a long -er deck,train,train,train,train,"[1, 24, 26, 32, 9, 1281, 2, 0, 0, 0, 0, 0, 0, 0, 0, 0, 0, 0]",deck
11092,user_323,The deck on the target has bumps or groves,392CY0QWG3K2VIPBSDN086EGRTNI47,105.0,c7482cb7a8db514921cafafd7e7949c7,skateboard,ShapeNet,344e9402d06bd94031145076011658c5,skateboard,ShapeNet,False,skateboard/ShapeNet/344e9402d06bd94031145076011658c5,skateboard/ShapeNet/c7482cb7a8db514921cafafd7e7949c7,True,skateboard,skateboard,0,"['the', 'deck', 'on', 'the', 'target', 'has', 'bumps', 'or', 'groves']",9,the deck on the target has bumps or groves,train,train,train,train,"[1, 10, 1281, 20, 10, 11, 24, 1406, 124, 1581, 2, 0, 0, 0, 0, 0, 0, 0]",deck
11093,user_549,There are curves in the board at both the nose and tail.,39RP059MEJM8C00BS7VF8DR3IYZBM5,54.0,c7482cb7a8db514921cafafd7e7949c7,skateboard,ShapeNet,344e9402d06bd94031145076011658c5,skateboard,ShapeNet,False,skateboard/ShapeNet/344e9402d06bd94031145076011658c5,skateboard/ShapeNet/c7482cb7a8db514921cafafd7e7949c7,True,skateboard,skateboard,0,"['there', 'are', 'curves', 'in', 'the', 'board', 'at', 'both', 'the', 'nose', 'and', 'tail']",12,there are curves in the board at both the nose and tail,train,train,train,train,"[1, 15, 16, 156, 90, 10, 948, 98, 470, 10, 1593, 47, 1594, 2, 0, 0, 0, 0]",deck
11094,user_1298,The edges of the deck are less angled.,3DPNQGW4LN8M2YUAQCEBB3OBI1T640,42.0,c7482cb7a8db514921cafafd7e7949c7,skateboard,ShapeNet,344e9402d06bd94031145076011658c5,skateboard,ShapeNet,False,skateboard/ShapeNet/344e9402d06bd94031145076011658c5,skateboard/ShapeNet/c7482cb7a8db514921cafafd7e7949c7,True,skateboard,skateboard,0,"['the', 'edges', 'of', 'the', 'deck', 'are', 'less', 'angled']",8,the edges of the deck are less angled,train,train,train,train,"[1, 10, 325, 38, 10, 1281, 16, 229, 168, 2, 0, 0, 0, 0, 0, 0, 0, 0]",deck
11095,user_203,The deck is wider.T,3DY4FPOOA3HEIUB92WIWVOFKR82VRX,107.0,710467261256490ce1bed90743417b0c,skateboard,ShapeNet,7fc2cddac7ad57a2aa4eefa8f42b566e,skateboard,ShapeNet,False,skateboard/ShapeNet/7fc2cddac7ad57a2aa4eefa8f42b566e,skateboard/ShapeNet/710467261256490ce1bed90743417b0c,True,skateboard,skateboard,0,"['the', 'deck', 'is', 'wide', '-er', 't']",6,the deck is wide -er t,train,train,train,train,"[1, 10, 1281, 7, 83, 9, 1235, 2, 0, 0, 0, 0, 0, 0, 0, 0, 0, 0]",deck
11096,user_468,The deck is wider,3ZR9AIQJUD2RON8VONYU22EK5Y640W,44.0,710467261256490ce1bed90743417b0c,skateboard,ShapeNet,7fc2cddac7ad57a2aa4eefa8f42b566e,skateboard,ShapeNet,False,skateboard/ShapeNet/7fc2cddac7ad57a2aa4eefa8f42b566e,skateboard/ShapeNet/710467261256490ce1bed90743417b0c,True,skateboard,skateboard,0,"['the', 'deck', 'is', 'wide', '-er']",5,the deck is wide -er,train,train,train,train,"[1, 10, 1281, 7, 83, 9, 2, 0, 0, 0, 0, 0, 0, 0, 0, 0, 0, 0]",deck
11097,user_615,the board is very low to the ground,3UOUJI6MTF7Y2B8L65EJOKZPEIFXU7,243.0,710467261256490ce1bed90743417b0c,skateboard,ShapeNet,7fc2cddac7ad57a2aa4eefa8f42b566e,skateboard,ShapeNet,False,skateboard/ShapeNet/7fc2cddac7ad57a2aa4eefa8f42b566e,skateboard/ShapeNet/710467261256490ce1bed90743417b0c,True,skateboard,skateboard,0,"['the', 'board', 'is', 'very', 'low', 'to', 'the', 'ground']",8,the board is very low to the ground,train,train,train,train,"[1, 10, 948, 7, 62, 345, 58, 10, 299, 2, 0, 0, 0, 0, 0, 0, 0, 0]",deck
11103,user_1633,The target does not look like an average skateboard.,3BDCF01OGZNKJQB12N8KGBAF3XCLY3,32.0,710467261256490ce1bed90743417b0c,skateboard,ShapeNet,ae28ad55a38200ff1c5f9eddd7cde6be,skateboard,ShapeNet,False,skateboard/ShapeNet/ae28ad55a38200ff1c5f9eddd7cde6be,skateboard/ShapeNet/710467261256490ce1bed90743417b0c,False,skateboard,skateboard,0,"['the', 'target', 'does', 'not', 'look', 'like', 'an', 'average', 'skateboard']",9,the target does not look like an average skateboard,train,train,train,train,"[1, 10, 11, 39, 40, 186, 35, 72, 1617, 1616, 2, 0, 0, 0, 0, 0, 0, 0]",deck
11107,user_571,The deck is thicker,3G2UL9A02F7JLLCTSACIEF8L95W762,65.0,1ad8d7573dc57ebc247a956ed3779e34,skateboard,ShapeNet,254feab290d4b460d4e77499b42cadd3,skateboard,ShapeNet,False,skateboard/ShapeNet/254feab290d4b460d4e77499b42cadd3,skateboard/ShapeNet/1ad8d7573dc57ebc247a956ed3779e34,True,skateboard,skateboard,0,"['the', 'deck', 'is', 'thick', '-er']",5,the deck is thick -er,train,train,train,train,"[1, 10, 1281, 7, 54, 9, 2, 0, 0, 0, 0, 0, 0, 0, 0, 0, 0, 0]",deck
11108,user_1815,Thicker deck,32ZKVD547HG7QES1MPQ0CEIXI493B2,93.0,1ad8d7573dc57ebc247a956ed3779e34,skateboard,ShapeNet,254feab290d4b460d4e77499b42cadd3,skateboard,ShapeNet,False,skateboard/ShapeNet/254feab290d4b460d4e77499b42cadd3,skateboard/ShapeNet/1ad8d7573dc57ebc247a956ed3779e34,True,skateboard,skateboard,0,"['thick', '-er', 'deck']",3,thick -er deck,train,train,train,train,"[1, 54, 9, 1281, 2, 0, 0, 0, 0, 0, 0, 0, 0, 0, 0, 0, 0, 0]",deck
11109,user_2044,Its deck is thicker.,3JMSRU9HQKNP9Q64GQYWWHG1CLEEV9,234.0,1ad8d7573dc57ebc247a956ed3779e34,skateboard,ShapeNet,254feab290d4b460d4e77499b42cadd3,skateboard,ShapeNet,False,skateboard/ShapeNet/254feab290d4b460d4e77499b42cadd3,skateboard/ShapeNet/1ad8d7573dc57ebc247a956ed3779e34,True,skateboard,skateboard,0,"['its', 'deck', 'is', 'thick', '-er']",5,its deck is thick -er,train,train,train,train,"[1, 5, 1281, 7, 54, 9, 2, 0, 0, 0, 0, 0, 0, 0, 0, 0, 0, 0]",deck
11110,user_1633,The target looks more like a scooter than a skateboard.,3YDGXNSEO1N96CDYJRB9VHK2OWF48G,26.0,aa2c5469590761793c497dcbf6659611,skateboard,ShapeNet,11aaf89382b3a4de983ec12a2b33f18b,skateboard,ShapeNet,False,skateboard/ShapeNet/11aaf89382b3a4de983ec12a2b33f18b,skateboard/ShapeNet/aa2c5469590761793c497dcbf6659611,True,skateboard,skateboard,0,"['the', 'target', 'looks', 'more', 'like', 'a', 'scooter', 'than', 'a', 'skateboard']",10,the target looks more like a scooter than a skateboard,train,train,train,train,"[1, 10, 11, 33, 34, 35, 26, 1618, 131, 26, 1616, 2, 0, 0, 0, 0, 0, 0]",deck
11113,user_505,Target has big chunky wheels,3WZ36BJEV59CPVQV14WRURMVC1FTBY,58.0,d9b0de3b3aecfffb1fabf3cbd0fc77bc,skateboard,ShapeNet,f5643778dbcd653655a834a7aafb0236,skateboard,ShapeNet,False,skateboard/ShapeNet/f5643778dbcd653655a834a7aafb0236,skateboard/ShapeNet/d9b0de3b3aecfffb1fabf3cbd0fc77bc,False,skateboard,skateboard,0,"['target', 'has', 'big', 'chunky', 'wheels']",5,target has big chunky wheels,train,train,train,train,"[1, 11, 24, 320, 585, 1013, 2, 0, 0, 0, 0, 0, 0, 0, 0, 0, 0, 0]",wheel
11114,user_1024,"The deck is a rectangle, instead of a more standard board shape.",3TESA3PJ3334VR48JWLOMT2XUSNMMF,65.0,d9b0de3b3aecfffb1fabf3cbd0fc77bc,skateboard,ShapeNet,f5643778dbcd653655a834a7aafb0236,skateboard,ShapeNet,False,skateboard/ShapeNet/f5643778dbcd653655a834a7aafb0236,skateboard/ShapeNet/d9b0de3b3aecfffb1fabf3cbd0fc77bc,False,skateboard,skateboard,0,"['the', 'deck', 'is', 'a', 'rectangle', 'instead', 'of', 'a', 'more', 'standard', 'board', 'shape']",12,the deck is a rectangle instead of a more standard board shape,train,train,train,train,"[1, 10, 1281, 7, 26, 425, 97, 38, 26, 34, 365, 948, 93, 2, 0, 0, 0, 0]",deck
11115,user_1644,the wheels are significantly larger,3X08E93BHXB0HLYO907Q818PESX66J,97.0,d9b0de3b3aecfffb1fabf3cbd0fc77bc,skateboard,ShapeNet,f5643778dbcd653655a834a7aafb0236,skateboard,ShapeNet,False,skateboard/ShapeNet/f5643778dbcd653655a834a7aafb0236,skateboard/ShapeNet/d9b0de3b3aecfffb1fabf3cbd0fc77bc,False,skateboard,skateboard,0,"['the', 'wheels', 'are', 'significantly', 'large', '-er']",6,the wheels are significantly large -er,train,train,train,train,"[1, 10, 1013, 16, 777, 94, 9, 2, 0, 0, 0, 0, 0, 0, 0, 0, 0, 0]",wheel
11117,user_1298,The deck is smoother.,3IAEQB9FMGDXW9S9A5S8C1HUJGEDWK,73.0,48f26ddc704fec2f379c6a1d59ef7283,skateboard,ShapeNet,94fc692e0518c0b0537d393009a79347,skateboard,ShapeNet,False,skateboard/ShapeNet/94fc692e0518c0b0537d393009a79347,skateboard/ShapeNet/48f26ddc704fec2f379c6a1d59ef7283,False,skateboard,skateboard,0,"['the', 'deck', 'is', 'smooth', '-er']",5,the deck is smooth -er,train,train,train,train,"[1, 10, 1281, 7, 379, 9, 2, 0, 0, 0, 0, 0, 0, 0, 0, 0, 0, 0]",deck
11118,user_1644,the wheels are smaller,37WLF8U1WRJ7G0JDB41RIKD7FNWK6H,93.0,48f26ddc704fec2f379c6a1d59ef7283,skateboard,ShapeNet,94fc692e0518c0b0537d393009a79347,skateboard,ShapeNet,False,skateboard/ShapeNet/94fc692e0518c0b0537d393009a79347,skateboard/ShapeNet/48f26ddc704fec2f379c6a1d59ef7283,False,skateboard,skateboard,0,"['the', 'wheels', 'are', 'small', '-er']",5,the wheels are small -er,train,train,train,train,"[1, 10, 1013, 16, 111, 9, 2, 0, 0, 0, 0, 0, 0, 0, 0, 0, 0, 0]",wheel
11119,user_1205,Target has a paper thin board,30ZX6P7VFAOONFUU6HPCRSWIKVHJ2R,42.0,a19d80304e26099e7394c987e5e211f0,skateboard,ShapeNet,8f78a26403f09b708b3b3a08d28a7d7c,skateboard,ShapeNet,False,skateboard/ShapeNet/8f78a26403f09b708b3b3a08d28a7d7c,skateboard/ShapeNet/a19d80304e26099e7394c987e5e211f0,True,skateboard,skateboard,0,"['target', 'has', 'a', 'paper', 'thin', 'board']",6,target has a paper thin board,train,train,train,train,"[1, 11, 24, 26, 1619, 60, 948, 2, 0, 0, 0, 0, 0, 0, 0, 0, 0, 0]",deck
11120,user_1357,The wheels are bigger,3DHE4R9OCY4EWD4TYB49UF42S2V2GZ,32.0,a19d80304e26099e7394c987e5e211f0,skateboard,ShapeNet,8f78a26403f09b708b3b3a08d28a7d7c,skateboard,ShapeNet,False,skateboard/ShapeNet/8f78a26403f09b708b3b3a08d28a7d7c,skateboard/ShapeNet/a19d80304e26099e7394c987e5e211f0,True,skateboard,skateboard,0,"['the', 'wheels', 'are', 'big', '-er']",5,the wheels are big -er,train,train,train,train,"[1, 10, 1013, 16, 320, 9, 2, 0, 0, 0, 0, 0, 0, 0, 0, 0, 0, 0]",wheel
11121,user_2092,Target is more angled in the deck.,39O5D9O87VLQ0JK70PMVNYOF0N53C1,74.0,a19d80304e26099e7394c987e5e211f0,skateboard,ShapeNet,8f78a26403f09b708b3b3a08d28a7d7c,skateboard,ShapeNet,False,skateboard/ShapeNet/8f78a26403f09b708b3b3a08d28a7d7c,skateboard/ShapeNet/a19d80304e26099e7394c987e5e211f0,True,skateboard,skateboard,0,"['target', 'is', 'more', 'angled', 'in', 'the', 'deck']",7,target is more angled in the deck,train,train,train,train,"[1, 11, 7, 34, 168, 90, 10, 1281, 2, 0, 0, 0, 0, 0, 0, 0, 0, 0]",deck
11131,user_1124,Target has a flat deck all the way down,3V0Z7YWSI0TXEAUON63VUG7CFH4V22,804.0,8f78a26403f09b708b3b3a08d28a7d7c,skateboard,ShapeNet,d4c492d7076b1e6160eeb9e113ae7397,skateboard,ShapeNet,False,skateboard/ShapeNet/d4c492d7076b1e6160eeb9e113ae7397,skateboard/ShapeNet/8f78a26403f09b708b3b3a08d28a7d7c,False,skateboard,skateboard,0,"['target', 'has', 'a', 'flat', 'deck', 'all', 'the', 'way', 'down']",9,target has a flat deck all the way down,train,train,train,train,"[1, 11, 24, 26, 129, 1281, 367, 10, 471, 44, 2, 0, 0, 0, 0, 0, 0, 0]",deck
11132,user_1357,The wheels are smaller,3DH6GAKTY0I4OFS5HOZTOQLDI7MYZ3,28.0,8f78a26403f09b708b3b3a08d28a7d7c,skateboard,ShapeNet,d4c492d7076b1e6160eeb9e113ae7397,skateboard,ShapeNet,False,skateboard/ShapeNet/d4c492d7076b1e6160eeb9e113ae7397,skateboard/ShapeNet/8f78a26403f09b708b3b3a08d28a7d7c,False,skateboard,skateboard,0,"['the', 'wheels', 'are', 'small', '-er']",5,the wheels are small -er,train,train,train,train,"[1, 10, 1013, 16, 111, 9, 2, 0, 0, 0, 0, 0, 0, 0, 0, 0, 0, 0]",wheel
11133,user_1392,The deck is flat.,3VP0C6EFSIP26OJGWGE7XX5B4SE6MV,21.0,8f78a26403f09b708b3b3a08d28a7d7c,skateboard,ShapeNet,d4c492d7076b1e6160eeb9e113ae7397,skateboard,ShapeNet,False,skateboard/ShapeNet/d4c492d7076b1e6160eeb9e113ae7397,skateboard/ShapeNet/8f78a26403f09b708b3b3a08d28a7d7c,False,skateboard,skateboard,0,"['the', 'deck', 'is', 'flat']",4,the deck is flat,train,train,train,train,"[1, 10, 1281, 7, 129, 2, 0, 0, 0, 0, 0, 0, 0, 0, 0, 0, 0, 0]",deck
11134,user_156,It has no visible wheels.,3GU1KF0O4KUEX3XOKNN7PHLYNZYPBV,78.0,a1d36f02d20d18db6a2979228046d9f9,skateboard,ShapeNet,e06b51f45c1aa29a98c63cb68f11df34,skateboard,ShapeNet,False,skateboard/ShapeNet/e06b51f45c1aa29a98c63cb68f11df34,skateboard/ShapeNet/a1d36f02d20d18db6a2979228046d9f9,False,skateboard,skateboard,0,"['it', 'has', 'no', 'visible', 'wheels']",5,it has no visible wheels,train,train,train,train,"[1, 23, 24, 123, 185, 1013, 2, 0, 0, 0, 0, 0, 0, 0, 0, 0, 0, 0]",wheel
11135,user_203,It does not have wheels.,34Q075JO1Z6AWOBC15FS447HTEW10G,71.0,a1d36f02d20d18db6a2979228046d9f9,skateboard,ShapeNet,e06b51f45c1aa29a98c63cb68f11df34,skateboard,ShapeNet,False,skateboard/ShapeNet/e06b51f45c1aa29a98c63cb68f11df34,skateboard/ShapeNet/a1d36f02d20d18db6a2979228046d9f9,False,skateboard,skateboard,0,"['it', 'does', 'not', 'have', 'wheels']",5,it does not have wheels,train,train,train,train,"[1, 23, 39, 40, 84, 1013, 2, 0, 0, 0, 0, 0, 0, 0, 0, 0, 0, 0]",wheel
11136,user_1644,there are no wheels,30ZX6P7VFAOONFUU6HPCRSWIKUX2JO,43.0,a1d36f02d20d18db6a2979228046d9f9,skateboard,ShapeNet,e06b51f45c1aa29a98c63cb68f11df34,skateboard,ShapeNet,False,skateboard/ShapeNet/e06b51f45c1aa29a98c63cb68f11df34,skateboard/ShapeNet/a1d36f02d20d18db6a2979228046d9f9,False,skateboard,skateboard,0,"['there', 'are', 'no', 'wheels']",4,there are no wheels,train,train,train,train,"[1, 15, 16, 123, 1013, 2, 0, 0, 0, 0, 0, 0, 0, 0, 0, 0, 0, 0]",wheel
11137,user_203,The wheels are wider.,3PJ71Z61R6VSSIZP11YLXF8AWIQ910,58.0,ae28ad55a38200ff1c5f9eddd7cde6be,skateboard,ShapeNet,abdc4a823b1f78c397f47f3057557cbe,skateboard,ShapeNet,False,skateboard/ShapeNet/abdc4a823b1f78c397f47f3057557cbe,skateboard/ShapeNet/ae28ad55a38200ff1c5f9eddd7cde6be,False,skateboard,skateboard,0,"['the', 'wheels', 'are', 'wide', '-er']",5,the wheels are wide -er,train,train,train,train,"[1, 10, 1013, 16, 83, 9, 2, 0, 0, 0, 0, 0, 0, 0, 0, 0, 0, 0]",wheel
11149,user_468,The nose of the deck curves up much higher,3M23Y66PO4054JWLGDAT964HWHTS6Q,61.0,6867832e7b9d3654aacda7f1c4fd3ea7,skateboard,ShapeNet,b2dc96e7d45797f69a58f604ee2cbadf,skateboard,ShapeNet,False,skateboard/ShapeNet/b2dc96e7d45797f69a58f604ee2cbadf,skateboard/ShapeNet/6867832e7b9d3654aacda7f1c4fd3ea7,False,skateboard,skateboard,0,"['the', 'nose', 'of', 'the', 'deck', 'curves', 'up', 'much', 'high', '-er']",10,the nose of the deck curves up much high -er,train,train,train,train,"[1, 10, 1593, 38, 10, 1281, 156, 269, 59, 49, 9, 2, 0, 0, 0, 0, 0, 0]",deck
11161,user_1601,The target skateboard has no foot stops in the centre of the deck-board.,31Z0PCVWUM8PNJN5ONKBPP0ZTBST7G,123.0,97f85bc59f09a9f455c660e6cd8e92b,skateboard,ShapeNet,591971ce679ca4b93ad38b993d9e745f,skateboard,ShapeNet,False,skateboard/ShapeNet/591971ce679ca4b93ad38b993d9e745f,skateboard/ShapeNet/97f85bc59f09a9f455c660e6cd8e92b,True,skateboard,skateboard,0,"['the', 'target', 'skateboard', 'has', 'no', 'foot', 'stops', 'in', 'the', 'centre', 'of', 'the', 'deck', 'board']",14,the target skateboard has no foot stops in the centre of the deck board,train,train,train,train,"[1, 10, 11, 1616, 24, 123, 1251, 1139, 90, 10, 1623, 38, 10, 1281, 948, 2, 0, 0]",deck
11165,user_948,The deck narrows in the middle,3PJ71Z61R6VSSIZP11YLXF8AWIQ19S,44.0,a19d80304e26099e7394c987e5e211f0,skateboard,ShapeNet,234b2d3aae0b3c44b17369c768229699,skateboard,ShapeNet,False,skateboard/ShapeNet/234b2d3aae0b3c44b17369c768229699,skateboard/ShapeNet/a19d80304e26099e7394c987e5e211f0,True,skateboard,skateboard,0,"['the', 'deck', 'narrows', 'in', 'the', 'middle']",6,the deck narrows in the middle,train,train,train,train,"[1, 10, 1281, 1625, 90, 10, 232, 2, 0, 0, 0, 0, 0, 0, 0, 0, 0, 0]",deck
11170,user_1298,The deck is more narrow.,3X1FV8S5JZKNT42VMLOKWK1DPZSVG2,25.0,484a49065ab1430624256fd51423318f,skateboard,ShapeNet,56c6e4dcf52c32fc1768eb6cdf70bfe,skateboard,ShapeNet,False,skateboard/ShapeNet/56c6e4dcf52c32fc1768eb6cdf70bfe,skateboard/ShapeNet/484a49065ab1430624256fd51423318f,True,skateboard,skateboard,0,"['the', 'deck', 'is', 'more', 'narrow']",5,the deck is more narrow,train,train,train,train,"[1, 10, 1281, 7, 34, 210, 2, 0, 0, 0, 0, 0, 0, 0, 0, 0, 0, 0]",deck
11173,user_468,The deck is wider,33CID57106MJ3NEDD2FUQHE2UWM3LK,27.0,776eaffd7cbe7bc6b9e8bdc9c4a49aa2,skateboard,ShapeNet,f52d56b5f81f1258c70ae17ca06472e1,skateboard,ShapeNet,False,skateboard/ShapeNet/f52d56b5f81f1258c70ae17ca06472e1,skateboard/ShapeNet/776eaffd7cbe7bc6b9e8bdc9c4a49aa2,True,skateboard,skateboard,0,"['the', 'deck', 'is', 'wide', '-er']",5,the deck is wide -er,train,train,train,train,"[1, 10, 1281, 7, 83, 9, 2, 0, 0, 0, 0, 0, 0, 0, 0, 0, 0, 0]",deck
11175,user_1298,The density of the deck is thinnder.,3BV8HQ2ZZYU14NARZDO2O6ABABQ6AC,40.0,776eaffd7cbe7bc6b9e8bdc9c4a49aa2,skateboard,ShapeNet,f52d56b5f81f1258c70ae17ca06472e1,skateboard,ShapeNet,False,skateboard/ShapeNet/f52d56b5f81f1258c70ae17ca06472e1,skateboard/ShapeNet/776eaffd7cbe7bc6b9e8bdc9c4a49aa2,True,skateboard,skateboard,0,"['the', 'density', 'of', 'the', 'deck', 'is', 'thin', '-er']",8,the density of the deck is thin -er,train,train,train,train,"[1, 10, 1626, 38, 10, 1281, 7, 60, 9, 2, 0, 0, 0, 0, 0, 0, 0, 0]",deck
11176,user_426,"The deck is wider, shorter, and thicker",345LHZDEDZLMMD17MG7VH4AL7NEU34,71.0,d7045c95ab319b711082f2ea630bf69e,skateboard,ShapeNet,97f85bc59f09a9f455c660e6cd8e92b,skateboard,ShapeNet,False,skateboard/ShapeNet/97f85bc59f09a9f455c660e6cd8e92b,skateboard/ShapeNet/d7045c95ab319b711082f2ea630bf69e,True,skateboard,skateboard,0,"['the', 'deck', 'is', 'wide', '-er', 'short', '-er', 'and', 'thick', '-er']",10,the deck is wide -er short -er and thick -er,train,train,train,train,"[1, 10, 1281, 7, 83, 9, 8, 9, 47, 54, 9, 2, 0, 0, 0, 0, 0, 0]",deck
11177,user_1357,The wheels are smaller,3RKNTXVS3ORNP06DGPVNR8QXELD4AK,31.0,d7045c95ab319b711082f2ea630bf69e,skateboard,ShapeNet,97f85bc59f09a9f455c660e6cd8e92b,skateboard,ShapeNet,False,skateboard/ShapeNet/97f85bc59f09a9f455c660e6cd8e92b,skateboard/ShapeNet/d7045c95ab319b711082f2ea630bf69e,True,skateboard,skateboard,0,"['the', 'wheels', 'are', 'small', '-er']",5,the wheels are small -er,train,train,train,train,"[1, 10, 1013, 16, 111, 9, 2, 0, 0, 0, 0, 0, 0, 0, 0, 0, 0, 0]",wheel
11178,user_1644,the wheels are smaller,3TXD01ZLD6A749KBMUCER92RLNA4UZ,101.0,d7045c95ab319b711082f2ea630bf69e,skateboard,ShapeNet,97f85bc59f09a9f455c660e6cd8e92b,skateboard,ShapeNet,False,skateboard/ShapeNet/97f85bc59f09a9f455c660e6cd8e92b,skateboard/ShapeNet/d7045c95ab319b711082f2ea630bf69e,True,skateboard,skateboard,0,"['the', 'wheels', 'are', 'small', '-er']",5,the wheels are small -er,train,train,train,train,"[1, 10, 1013, 16, 111, 9, 2, 0, 0, 0, 0, 0, 0, 0, 0, 0, 0, 0]",wheel
11180,user_1392,The deck is flat.,36U2A8VAG3S9ZKTJHNWJ1BX0EXBYKH,16.0,48bf45bffab55d7cf14c37b285d25cdf,skateboard,ShapeNet,d4c492d7076b1e6160eeb9e113ae7397,skateboard,ShapeNet,False,skateboard/ShapeNet/d4c492d7076b1e6160eeb9e113ae7397,skateboard/ShapeNet/48bf45bffab55d7cf14c37b285d25cdf,True,skateboard,skateboard,0,"['the', 'deck', 'is', 'flat']",4,the deck is flat,train,train,train,train,"[1, 10, 1281, 7, 129, 2, 0, 0, 0, 0, 0, 0, 0, 0, 0, 0, 0, 0]",deck
11182,user_156,"Its deck is squared, with no rounded edges.",39GXDJN2OV780PWD3NCW47KF1HF8V1,40.0,d31aaca67fd8ef1827d17dabad15093,skateboard,ShapeNet,f5643778dbcd653655a834a7aafb0236,skateboard,ShapeNet,False,skateboard/ShapeNet/f5643778dbcd653655a834a7aafb0236,skateboard/ShapeNet/d31aaca67fd8ef1827d17dabad15093,True,skateboard,skateboard,0,"['its', 'deck', 'is', 'squared', 'with', 'no', 'rounded', 'edges']",8,its deck is squared with no rounded edges,train,train,train,train,"[1, 5, 1281, 7, 427, 121, 123, 48, 325, 2, 0, 0, 0, 0, 0, 0, 0, 0]",deck
11184,user_1934,The board is rectangular.,3PJ71Z61R6VSSIZP11YLXF8AWIP19R,91.0,d31aaca67fd8ef1827d17dabad15093,skateboard,ShapeNet,f5643778dbcd653655a834a7aafb0236,skateboard,ShapeNet,False,skateboard/ShapeNet/f5643778dbcd653655a834a7aafb0236,skateboard/ShapeNet/d31aaca67fd8ef1827d17dabad15093,True,skateboard,skateboard,0,"['the', 'board', 'is', 'rectangular']",4,the board is rectangular,train,train,train,train,"[1, 10, 948, 7, 128, 2, 0, 0, 0, 0, 0, 0, 0, 0, 0, 0, 0, 0]",deck
11189,user_1644,the deck is thinner,3OXV7EAXLGJ1K2B6QY9S1YW541W63E,97.0,fc5c4986b2661d848fc8944fc8bfc667,skateboard,ShapeNet,4473c1e89500747b5cc36f190f62c41,skateboard,ShapeNet,False,skateboard/ShapeNet/4473c1e89500747b5cc36f190f62c41,skateboard/ShapeNet/fc5c4986b2661d848fc8944fc8bfc667,True,skateboard,skateboard,0,"['the', 'deck', 'is', 'thin', '-er']",5,the deck is thin -er,val,train,val,train,"[1, 10, 1281, 7, 60, 9, 2, 0, 0, 0, 0, 0, 0, 0, 0, 0, 0, 0]",deck
11192,user_152,the deck is thicker,30BXRYBRP6QE8PXBW1BY3MWSB85WHA,35.0,5aec8d7745acbca498c63cb68f11df34,skateboard,ShapeNet,994dc9307a0f228e30eaaf40a8a562c1,skateboard,ShapeNet,False,skateboard/ShapeNet/994dc9307a0f228e30eaaf40a8a562c1,skateboard/ShapeNet/5aec8d7745acbca498c63cb68f11df34,True,skateboard,skateboard,0,"['the', 'deck', 'is', 'thick', '-er']",5,the deck is thick -er,train,train,train,train,"[1, 10, 1281, 7, 54, 9, 2, 0, 0, 0, 0, 0, 0, 0, 0, 0, 0, 0]",deck
11193,user_156,Its deck is much thicker in height.,3A4NIXBJ78SKP9MNJKK9MGN8UO1LMI,36.0,5aec8d7745acbca498c63cb68f11df34,skateboard,ShapeNet,994dc9307a0f228e30eaaf40a8a562c1,skateboard,ShapeNet,False,skateboard/ShapeNet/994dc9307a0f228e30eaaf40a8a562c1,skateboard/ShapeNet/5aec8d7745acbca498c63cb68f11df34,True,skateboard,skateboard,0,"['its', 'deck', 'is', 'much', 'thick', '-er', 'in', 'height']",8,its deck is much thick -er in height,train,train,train,train,"[1, 5, 1281, 7, 59, 54, 9, 90, 117, 2, 0, 0, 0, 0, 0, 0, 0, 0]",deck
11194,user_203,It is not mounted on wheels.,3Z4AIRP3C86ITEHN4H4ZDIUS3LGX16,42.0,aa2c5469590761793c497dcbf6659611,skateboard,ShapeNet,5c55e6b6708f730d758f6def7204bd6b,skateboard,ShapeNet,False,skateboard/ShapeNet/5c55e6b6708f730d758f6def7204bd6b,skateboard/ShapeNet/aa2c5469590761793c497dcbf6659611,False,skateboard,skateboard,0,"['it', 'is', 'not', 'mounted', 'on', 'wheels']",6,it is not mounted on wheels,train,train,train,train,"[1, 23, 7, 40, 82, 20, 1013, 2, 0, 0, 0, 0, 0, 0, 0, 0, 0, 0]",wheel
11195,user_1357,There are no wheels,3I33IC7ZWHVDMMRQCBCZYTTZU6QA21,44.0,aa2c5469590761793c497dcbf6659611,skateboard,ShapeNet,5c55e6b6708f730d758f6def7204bd6b,skateboard,ShapeNet,False,skateboard/ShapeNet/5c55e6b6708f730d758f6def7204bd6b,skateboard/ShapeNet/aa2c5469590761793c497dcbf6659611,False,skateboard,skateboard,0,"['there', 'are', 'no', 'wheels']",4,there are no wheels,train,train,train,train,"[1, 15, 16, 123, 1013, 2, 0, 0, 0, 0, 0, 0, 0, 0, 0, 0, 0, 0]",wheel
11196,user_1633,The target doesn't have wheels.,3L4D84MIL1LS25XCP2SJEW2K9CYHJ2,24.0,aa2c5469590761793c497dcbf6659611,skateboard,ShapeNet,5c55e6b6708f730d758f6def7204bd6b,skateboard,ShapeNet,False,skateboard/ShapeNet/5c55e6b6708f730d758f6def7204bd6b,skateboard/ShapeNet/aa2c5469590761793c497dcbf6659611,False,skateboard,skateboard,0,"['the', 'target', 'does', 'not', 'have', 'wheels']",6,the target does not have wheels,train,train,train,train,"[1, 10, 11, 39, 40, 84, 1013, 2, 0, 0, 0, 0, 0, 0, 0, 0, 0, 0]",wheel
11197,user_156,Its deck narrows at the center.,3PEIJLRY6VMBUFXQ15TK68KMZZSWX9,64.0,9ac2d972bedd083342535d908ea693ac,skateboard,ShapeNet,39c8a4798087be3e20d56eaf7c8da531,skateboard,ShapeNet,False,skateboard/ShapeNet/39c8a4798087be3e20d56eaf7c8da531,skateboard/ShapeNet/9ac2d972bedd083342535d908ea693ac,True,skateboard,skateboard,0,"['its', 'deck', 'narrows', 'at', 'the', 'center']",6,its deck narrows at the center,train,train,train,train,"[1, 5, 1281, 1625, 98, 10, 165, 2, 0, 0, 0, 0, 0, 0, 0, 0, 0, 0]",deck
11200,user_323,The deck for the target is smaller,3KIBXJ1WD7NX56PHB0NLZKZY0NCOKW,53.0,e314be67e02df59c520f00c860557591,skateboard,ShapeNet,58ade10f7f87edc6e860048d7ced02e3,skateboard,ShapeNet,False,skateboard/ShapeNet/58ade10f7f87edc6e860048d7ced02e3,skateboard/ShapeNet/e314be67e02df59c520f00c860557591,True,skateboard,skateboard,0,"['the', 'deck', 'for', 'the', 'target', 'is', 'small', '-er']",8,the deck for the target is small -er,train,train,train,train,"[1, 10, 1281, 259, 10, 11, 7, 111, 9, 2, 0, 0, 0, 0, 0, 0, 0, 0]",deck
11201,user_1030,Skinnier deck,34YB12FSQ0H43H8M8TNT9OI0Y6FGM5,30.0,e314be67e02df59c520f00c860557591,skateboard,ShapeNet,58ade10f7f87edc6e860048d7ced02e3,skateboard,ShapeNet,False,skateboard/ShapeNet/58ade10f7f87edc6e860048d7ced02e3,skateboard/ShapeNet/e314be67e02df59c520f00c860557591,True,skateboard,skateboard,0,"['skinny', '-er', 'deck']",3,skinny -er deck,train,train,train,train,"[1, 282, 9, 1281, 2, 0, 0, 0, 0, 0, 0, 0, 0, 0, 0, 0, 0, 0]",deck
11202,user_1246,The deck is longer,3W92K5RLWWAPD7DB5P5TSNAOZQCV5I,25.0,e314be67e02df59c520f00c860557591,skateboard,ShapeNet,58ade10f7f87edc6e860048d7ced02e3,skateboard,ShapeNet,False,skateboard/ShapeNet/58ade10f7f87edc6e860048d7ced02e3,skateboard/ShapeNet/e314be67e02df59c520f00c860557591,True,skateboard,skateboard,0,"['the', 'deck', 'is', 'long', '-er']",5,the deck is long -er,train,train,train,train,"[1, 10, 1281, 7, 32, 9, 2, 0, 0, 0, 0, 0, 0, 0, 0, 0, 0, 0]",deck
11203,user_899,Target board has feet placements.,3B3WTRP3DDVZH3HLK5YZ2YIFOO3299,90.0,ac2b6924a60a7a87aa4f69d519551495,skateboard,ShapeNet,11abd8b2227a9031e65449686a784d77,skateboard,ShapeNet,False,skateboard/ShapeNet/11abd8b2227a9031e65449686a784d77,skateboard/ShapeNet/ac2b6924a60a7a87aa4f69d519551495,False,skateboard,skateboard,0,"['target', 'board', 'has', 'feet', 'placements']",5,target board has feet placements,train,train,train,train,"[1, 11, 948, 24, 200, 1628, 2, 0, 0, 0, 0, 0, 0, 0, 0, 0, 0, 0]",deck
11204,user_1601,The target skateboard has bindings that look like sandals.,3RSDURM96CF6DK19L1LG3GKVU0EEYC,252.0,ac2b6924a60a7a87aa4f69d519551495,skateboard,ShapeNet,11abd8b2227a9031e65449686a784d77,skateboard,ShapeNet,False,skateboard/ShapeNet/11abd8b2227a9031e65449686a784d77,skateboard/ShapeNet/ac2b6924a60a7a87aa4f69d519551495,False,skateboard,skateboard,0,"['the', 'target', 'skateboard', 'has', 'bindings', 'that', 'look', 'like', 'sandals']",9,the target skateboard has bindings that look like sandals,train,train,train,train,"[1, 10, 11, 1616, 24, 1629, 172, 186, 35, 1630, 2, 0, 0, 0, 0, 0, 0, 0]",deck
11205,user_1644,the wheels are smaller,358010RM5GMYFQXLBVOOK618SQ4XVE,50.0,ac2b6924a60a7a87aa4f69d519551495,skateboard,ShapeNet,11abd8b2227a9031e65449686a784d77,skateboard,ShapeNet,False,skateboard/ShapeNet/11abd8b2227a9031e65449686a784d77,skateboard/ShapeNet/ac2b6924a60a7a87aa4f69d519551495,False,skateboard,skateboard,0,"['the', 'wheels', 'are', 'small', '-er']",5,the wheels are small -er,train,train,train,train,"[1, 10, 1013, 16, 111, 9, 2, 0, 0, 0, 0, 0, 0, 0, 0, 0, 0, 0]",wheel
11206,user_203,It does not have wheels.,3E13VNJ1NPOL3JSS5V4YA87DF9NI14,44.0,48bf45bffab55d7cf14c37b285d25cdf,skateboard,ShapeNet,11aaf89382b3a4de983ec12a2b33f18b,skateboard,ShapeNet,False,skateboard/ShapeNet/11aaf89382b3a4de983ec12a2b33f18b,skateboard/ShapeNet/48bf45bffab55d7cf14c37b285d25cdf,False,skateboard,skateboard,0,"['it', 'does', 'not', 'have', 'wheels']",5,it does not have wheels,train,train,train,train,"[1, 23, 39, 40, 84, 1013, 2, 0, 0, 0, 0, 0, 0, 0, 0, 0, 0, 0]",wheel
11207,user_1357,The wheels are gone,3MD9PLUKKK7ACGORAMQI7AN6EMTZNN,39.0,48bf45bffab55d7cf14c37b285d25cdf,skateboard,ShapeNet,11aaf89382b3a4de983ec12a2b33f18b,skateboard,ShapeNet,False,skateboard/ShapeNet/11aaf89382b3a4de983ec12a2b33f18b,skateboard/ShapeNet/48bf45bffab55d7cf14c37b285d25cdf,False,skateboard,skateboard,0,"['the', 'wheels', 'are', 'gone']",4,the wheels are gone,train,train,train,train,"[1, 10, 1013, 16, 1592, 2, 0, 0, 0, 0, 0, 0, 0, 0, 0, 0, 0, 0]",wheel
11208,user_1633,The target looks more like a scooter than a skateboard.,3RSDURM96CF6DK19L1LG3GKVU0BEY9,29.0,48bf45bffab55d7cf14c37b285d25cdf,skateboard,ShapeNet,11aaf89382b3a4de983ec12a2b33f18b,skateboard,ShapeNet,False,skateboard/ShapeNet/11aaf89382b3a4de983ec12a2b33f18b,skateboard/ShapeNet/48bf45bffab55d7cf14c37b285d25cdf,False,skateboard,skateboard,0,"['the', 'target', 'looks', 'more', 'like', 'a', 'scooter', 'than', 'a', 'skateboard']",10,the target looks more like a scooter than a skateboard,train,train,train,train,"[1, 10, 11, 33, 34, 35, 26, 1618, 131, 26, 1616, 2, 0, 0, 0, 0, 0, 0]",deck
11209,user_61,The target does not have wheels.,3CPLWGV3MQSV6P6E6OWJUMLDZJXN9O,80.0,ee1e75f67edf37707f29c61065b4dc5a,skateboard,ShapeNet,eb6246b73afb6383b77008f97c3030c,skateboard,ShapeNet,False,skateboard/ShapeNet/eb6246b73afb6383b77008f97c3030c,skateboard/ShapeNet/ee1e75f67edf37707f29c61065b4dc5a,False,skateboard,skateboard,0,"['the', 'target', 'does', 'not', 'have', 'wheels']",6,the target does not have wheels,train,train,train,train,"[1, 10, 11, 39, 40, 84, 1013, 2, 0, 0, 0, 0, 0, 0, 0, 0, 0, 0]",wheel
11211,user_1815,No wheels,37Z929RLGB1B6H7XCQIMKGWVGR7ST8,47.0,ee1e75f67edf37707f29c61065b4dc5a,skateboard,ShapeNet,eb6246b73afb6383b77008f97c3030c,skateboard,ShapeNet,False,skateboard/ShapeNet/eb6246b73afb6383b77008f97c3030c,skateboard/ShapeNet/ee1e75f67edf37707f29c61065b4dc5a,False,skateboard,skateboard,0,"['no', 'wheels']",2,no wheels,train,train,train,train,"[1, 123, 1013, 2, 0, 0, 0, 0, 0, 0, 0, 0, 0, 0, 0, 0, 0, 0]",wheel
11212,user_1298,The ends of the deck are flatter.,3C5W7UE9CHJFP33CX3NXXAIV1WCXMF,41.0,79288e2c98c7be7c6e72f8cfa29d3672,skateboard,ShapeNet,55da5b37f4fca69947d4c8697a40872,skateboard,ShapeNet,False,skateboard/ShapeNet/55da5b37f4fca69947d4c8697a40872,skateboard/ShapeNet/79288e2c98c7be7c6e72f8cfa29d3672,False,skateboard,skateboard,0,"['the', 'ends', 'of', 'the', 'deck', 'are', 'flat', '-er']",8,the ends of the deck are flat -er,train,train,train,train,"[1, 10, 247, 38, 10, 1281, 16, 129, 9, 2, 0, 0, 0, 0, 0, 0, 0, 0]",deck
11214,user_1934,There are no wheels.,345LHZDEDZLMMD17MG7VH4AL7N9U3Z,264.0,79288e2c98c7be7c6e72f8cfa29d3672,skateboard,ShapeNet,55da5b37f4fca69947d4c8697a40872,skateboard,ShapeNet,False,skateboard/ShapeNet/55da5b37f4fca69947d4c8697a40872,skateboard/ShapeNet/79288e2c98c7be7c6e72f8cfa29d3672,False,skateboard,skateboard,0,"['there', 'are', 'no', 'wheels']",4,there are no wheels,train,train,train,train,"[1, 15, 16, 123, 1013, 2, 0, 0, 0, 0, 0, 0, 0, 0, 0, 0, 0, 0]",wheel
11215,user_156,Its deck is not perfectly straight for its whole length.,35USIKEBNT98O64G8HT7ACUB9J0N6Q,46.0,732270ac7e23d610e62bec48c266b5c6,skateboard,ShapeNet,f74a5dfc0094e2d5561dce3fe08634b7,skateboard,ShapeNet,False,skateboard/ShapeNet/f74a5dfc0094e2d5561dce3fe08634b7,skateboard/ShapeNet/732270ac7e23d610e62bec48c266b5c6,False,skateboard,skateboard,0,"['its', 'deck', 'is', 'not', 'perfectly', 'straight', 'for', 'its', 'whole', 'length']",10,its deck is not perfectly straight for its whole length,train,train,train,train,"[1, 5, 1281, 7, 40, 978, 114, 259, 5, 472, 155, 2, 0, 0, 0, 0, 0, 0]",deck
11216,user_1357,The wheels are smaller,374TNBHA8DOVANREUSGGXX99D4YQYY,44.0,732270ac7e23d610e62bec48c266b5c6,skateboard,ShapeNet,f74a5dfc0094e2d5561dce3fe08634b7,skateboard,ShapeNet,False,skateboard/ShapeNet/f74a5dfc0094e2d5561dce3fe08634b7,skateboard/ShapeNet/732270ac7e23d610e62bec48c266b5c6,False,skateboard,skateboard,0,"['the', 'wheels', 'are', 'small', '-er']",5,the wheels are small -er,train,train,train,train,"[1, 10, 1013, 16, 111, 9, 2, 0, 0, 0, 0, 0, 0, 0, 0, 0, 0, 0]",wheel
11217,user_1644,the wheels are smaller,3ZGVPD4G6VA87TTB7ICUG9TY345ZTE,24.0,732270ac7e23d610e62bec48c266b5c6,skateboard,ShapeNet,f74a5dfc0094e2d5561dce3fe08634b7,skateboard,ShapeNet,False,skateboard/ShapeNet/f74a5dfc0094e2d5561dce3fe08634b7,skateboard/ShapeNet/732270ac7e23d610e62bec48c266b5c6,False,skateboard,skateboard,0,"['the', 'wheels', 'are', 'small', '-er']",5,the wheels are small -er,train,train,train,train,"[1, 10, 1013, 16, 111, 9, 2, 0, 0, 0, 0, 0, 0, 0, 0, 0, 0, 0]",wheel
11218,user_156,Its deck does not curve upward at any point.,3B837J3LDQPYQ2U581DRK1VDS58SRR,48.0,2085eac3fc071dd47292d1029e5a9853,skateboard,ShapeNet,47bb28c62a245621ad3e04762b7c31c,skateboard,ShapeNet,False,skateboard/ShapeNet/47bb28c62a245621ad3e04762b7c31c,skateboard/ShapeNet/2085eac3fc071dd47292d1029e5a9853,False,skateboard,skateboard,0,"['its', 'deck', 'does', 'not', 'curve', 'upward', 'at', 'any', 'point']",9,its deck does not curve upward at any point,train,train,train,train,"[1, 5, 1281, 39, 40, 43, 79, 98, 278, 412, 2, 0, 0, 0, 0, 0, 0, 0]",deck
11219,user_1633,The target has holes in the deck.,3MB8LZR5BHMPZLMKY87T73V45I4KL8,30.0,2085eac3fc071dd47292d1029e5a9853,skateboard,ShapeNet,47bb28c62a245621ad3e04762b7c31c,skateboard,ShapeNet,False,skateboard/ShapeNet/47bb28c62a245621ad3e04762b7c31c,skateboard/ShapeNet/2085eac3fc071dd47292d1029e5a9853,False,skateboard,skateboard,0,"['the', 'target', 'has', 'holes', 'in', 'the', 'deck']",7,the target has holes in the deck,train,train,train,train,"[1, 10, 11, 24, 234, 90, 10, 1281, 2, 0, 0, 0, 0, 0, 0, 0, 0, 0]",deck
11220,user_1934,The deck has holes in it.,3MYYFCXHJ50OZRJG2PNXNU10CFQ4GU,215.0,2085eac3fc071dd47292d1029e5a9853,skateboard,ShapeNet,47bb28c62a245621ad3e04762b7c31c,skateboard,ShapeNet,False,skateboard/ShapeNet/47bb28c62a245621ad3e04762b7c31c,skateboard/ShapeNet/2085eac3fc071dd47292d1029e5a9853,False,skateboard,skateboard,0,"['the', 'deck', 'has', 'holes', 'in', 'it']",6,the deck has holes in it,train,train,train,train,"[1, 10, 1281, 24, 234, 90, 23, 2, 0, 0, 0, 0, 0, 0, 0, 0, 0, 0]",deck
11225,user_1298,The ends of the deck are more angled.,3RXCAC0YITIPIS6IESDA46H5E1S8GB,36.0,7fc2cddac7ad57a2aa4eefa8f42b566e,skateboard,ShapeNet,c4b7db8e09375b4d6830ad3775f4cffc,skateboard,ShapeNet,False,skateboard/ShapeNet/c4b7db8e09375b4d6830ad3775f4cffc,skateboard/ShapeNet/7fc2cddac7ad57a2aa4eefa8f42b566e,True,skateboard,skateboard,0,"['the', 'ends', 'of', 'the', 'deck', 'are', 'more', 'angled']",8,the ends of the deck are more angled,train,train,train,train,"[1, 10, 247, 38, 10, 1281, 16, 34, 168, 2, 0, 0, 0, 0, 0, 0, 0, 0]",deck
11226,user_1357,The wheels are bigger,3W2LOLRXLD802JHX3S4PTF43BBMKRT,36.0,7fc2cddac7ad57a2aa4eefa8f42b566e,skateboard,ShapeNet,c4b7db8e09375b4d6830ad3775f4cffc,skateboard,ShapeNet,False,skateboard/ShapeNet/c4b7db8e09375b4d6830ad3775f4cffc,skateboard/ShapeNet/7fc2cddac7ad57a2aa4eefa8f42b566e,True,skateboard,skateboard,0,"['the', 'wheels', 'are', 'big', '-er']",5,the wheels are big -er,train,train,train,train,"[1, 10, 1013, 16, 320, 9, 2, 0, 0, 0, 0, 0, 0, 0, 0, 0, 0, 0]",wheel
11227,user_571,the wheels are much larger,3XC1O3LBOUFO24C7SHLL8UI0OW3TLX,35.0,58ae991bd0350810b9ac379f661f5c75,skateboard,ShapeNet,a6d79366eefbfa6df9034ea5f524d56a,skateboard,ShapeNet,False,skateboard/ShapeNet/a6d79366eefbfa6df9034ea5f524d56a,skateboard/ShapeNet/58ae991bd0350810b9ac379f661f5c75,False,skateboard,skateboard,0,"['the', 'wheels', 'are', 'much', 'large', '-er']",6,the wheels are much large -er,train,train,train,train,"[1, 10, 1013, 16, 59, 94, 9, 2, 0, 0, 0, 0, 0, 0, 0, 0, 0, 0]",wheel
11228,user_1644,the wheels are significantly larger,35BLDD71I8QNKLX0CDC9HRHJ0PLVZQ,252.0,58ae991bd0350810b9ac379f661f5c75,skateboard,ShapeNet,a6d79366eefbfa6df9034ea5f524d56a,skateboard,ShapeNet,False,skateboard/ShapeNet/a6d79366eefbfa6df9034ea5f524d56a,skateboard/ShapeNet/58ae991bd0350810b9ac379f661f5c75,False,skateboard,skateboard,0,"['the', 'wheels', 'are', 'significantly', 'large', '-er']",6,the wheels are significantly large -er,train,train,train,train,"[1, 10, 1013, 16, 777, 94, 9, 2, 0, 0, 0, 0, 0, 0, 0, 0, 0, 0]",wheel
11229,user_1934,The wheels are bigger.,384PI804XUUAQ8A6EOUC05UQJE50SV,153.0,58ae991bd0350810b9ac379f661f5c75,skateboard,ShapeNet,a6d79366eefbfa6df9034ea5f524d56a,skateboard,ShapeNet,False,skateboard/ShapeNet/a6d79366eefbfa6df9034ea5f524d56a,skateboard/ShapeNet/58ae991bd0350810b9ac379f661f5c75,False,skateboard,skateboard,0,"['the', 'wheels', 'are', 'big', '-er']",5,the wheels are big -er,train,train,train,train,"[1, 10, 1013, 16, 320, 9, 2, 0, 0, 0, 0, 0, 0, 0, 0, 0, 0, 0]",wheel
11230,user_152,the deck has a larger nose and tail,3IQ1VMJRYVDOM6CPXKRE8G1D0CV9AN,45.0,48bf45bffab55d7cf14c37b285d25cdf,skateboard,ShapeNet,484a49065ab1430624256fd51423318f,skateboard,ShapeNet,False,skateboard/ShapeNet/484a49065ab1430624256fd51423318f,skateboard/ShapeNet/48bf45bffab55d7cf14c37b285d25cdf,False,skateboard,skateboard,0,"['the', 'deck', 'has', 'a', 'large', '-er', 'nose', 'and', 'tail']",9,the deck has a large -er nose and tail,train,train,train,train,"[1, 10, 1281, 24, 26, 94, 9, 1593, 47, 1594, 2, 0, 0, 0, 0, 0, 0, 0]",deck
11232,user_1644,the wheels are bigger,3JZQSN0I3S3YX7G5M6JGEYYR154FGY,80.0,48bf45bffab55d7cf14c37b285d25cdf,skateboard,ShapeNet,484a49065ab1430624256fd51423318f,skateboard,ShapeNet,False,skateboard/ShapeNet/484a49065ab1430624256fd51423318f,skateboard/ShapeNet/48bf45bffab55d7cf14c37b285d25cdf,False,skateboard,skateboard,0,"['the', 'wheels', 'are', 'big', '-er']",5,the wheels are big -er,train,train,train,train,"[1, 10, 1013, 16, 320, 9, 2, 0, 0, 0, 0, 0, 0, 0, 0, 0, 0, 0]",wheel
11233,user_549,There is a grouping of four fixing bolts at both ends of the board.,3TR2532VIRNC5GDVTJ1FH5DU03TJ6O,97.0,24e46e195f4907887a70e5e6aa241c88,skateboard,ShapeNet,99130967461623c37ca71234c2ec5470,skateboard,ShapeNet,False,skateboard/ShapeNet/99130967461623c37ca71234c2ec5470,skateboard/ShapeNet/24e46e195f4907887a70e5e6aa241c88,True,skateboard,skateboard,0,"['there', 'is', 'a', 'grouping', 'of', 'four', 'fixing', 'bolts', 'at', 'both', 'ends', 'of', 'the', 'board']",14,there is a grouping of four fixing bolts at both ends of the board,train,train,train,train,"[1, 15, 7, 26, 1633, 38, 322, 1610, 1611, 98, 470, 247, 38, 10, 948, 2, 0, 0]",deck
11234,user_1246,There's holes in the deck,3NC5L260MQFMPKX3APWOJ77TSRUOFT,45.0,24e46e195f4907887a70e5e6aa241c88,skateboard,ShapeNet,99130967461623c37ca71234c2ec5470,skateboard,ShapeNet,False,skateboard/ShapeNet/99130967461623c37ca71234c2ec5470,skateboard/ShapeNet/24e46e195f4907887a70e5e6aa241c88,True,skateboard,skateboard,0,"['there', 'is', 'holes', 'in', 'the', 'deck']",6,there is holes in the deck,train,train,train,train,"[1, 15, 7, 234, 90, 10, 1281, 2, 0, 0, 0, 0, 0, 0, 0, 0, 0, 0]",deck
11236,user_156,Its deck has only two lines running down its length.,34V1S5K3GUUNZ40M77A2SBZR4U669X,61.0,56c6e4dcf52c32fc1768eb6cdf70bfe,skateboard,ShapeNet,ab76bf4b966e3fb5b10029f76a5ab54a,skateboard,ShapeNet,False,skateboard/ShapeNet/ab76bf4b966e3fb5b10029f76a5ab54a,skateboard/ShapeNet/56c6e4dcf52c32fc1768eb6cdf70bfe,True,skateboard,skateboard,0,"['its', 'deck', 'has', 'only', 'two', 'lines', 'running', 'down', 'its', 'length']",10,its deck has only two lines running down its length,val,train,val,train,"[1, 5, 1281, 24, 133, 17, 398, 1074, 44, 5, 155, 2, 0, 0, 0, 0, 0, 0]",deck
11237,user_1357,There are no stripes on the deck,369J354OFF32EENULDGCKSLE8666GR,35.0,56c6e4dcf52c32fc1768eb6cdf70bfe,skateboard,ShapeNet,ab76bf4b966e3fb5b10029f76a5ab54a,skateboard,ShapeNet,False,skateboard/ShapeNet/ab76bf4b966e3fb5b10029f76a5ab54a,skateboard/ShapeNet/56c6e4dcf52c32fc1768eb6cdf70bfe,True,skateboard,skateboard,0,"['there', 'are', 'no', 'stripes', 'on', 'the', 'deck']",7,there are no stripes on the deck,val,train,val,train,"[1, 15, 16, 123, 826, 20, 10, 1281, 2, 0, 0, 0, 0, 0, 0, 0, 0, 0]",deck
11239,user_527,The deck is more angled.,3TUI152ZZDGYKHGBI397JAYZ6IT1QD,51.0,7a00dee660ee94f5dfa6594bd6ded322,skateboard,ShapeNet,1510427efa80c92b11c7049de48f3618,skateboard,ShapeNet,False,skateboard/ShapeNet/1510427efa80c92b11c7049de48f3618,skateboard/ShapeNet/7a00dee660ee94f5dfa6594bd6ded322,False,skateboard,skateboard,0,"['the', 'deck', 'is', 'more', 'angled']",5,the deck is more angled,val,train,val,train,"[1, 10, 1281, 7, 34, 168, 2, 0, 0, 0, 0, 0, 0, 0, 0, 0, 0, 0]",deck
11244,user_1392,The deck has dips in it.,3SBEHTYCWPWITP3VHKB7OVINMTMYI6,22.0,755dc44dae7791761082f2ea630bf69e,skateboard,ShapeNet,d4abd88611997d2cc4647061c0a60dc9,skateboard,ShapeNet,True,skateboard/ShapeNet/d4abd88611997d2cc4647061c0a60dc9,skateboard/ShapeNet/755dc44dae7791761082f2ea630bf69e,False,skateboard,skateboard,0,"['the', 'deck', 'has', 'dips', 'in', 'it']",6,the deck has dips in it,train,train,train,train,"[1, 10, 1281, 24, 1635, 90, 23, 2, 0, 0, 0, 0, 0, 0, 0, 0, 0, 0]",deck
11245,user_468,The wheels don't have any visible axel nuts or bearings,3X73LLYYQ37OLVOX40KB73J1IW1NHA,61.0,ac2b6924a60a7a87aa4f69d519551495,skateboard,ShapeNet,571dd1b4d09773c5bbe43d356df0e955,skateboard,ShapeNet,False,skateboard/ShapeNet/571dd1b4d09773c5bbe43d356df0e955,skateboard/ShapeNet/ac2b6924a60a7a87aa4f69d519551495,True,skateboard,skateboard,0,"['the', 'wheels', 'do', 'not', 'have', 'any', 'visible', 'axel', 'nuts', 'or', 'bearings']",11,the wheels do not have any visible axel nuts or bearings,train,train,train,train,"[1, 10, 1013, 338, 40, 84, 278, 185, 1637, 1638, 124, 1639, 2, 0, 0, 0, 0, 0]",wheel
11247,user_1992,There is a piece of the axel that connects the front and back wheels,3OLQQLKKNUIGIV6AZ1KDTT57HW5EJI,54.0,ac2b6924a60a7a87aa4f69d519551495,skateboard,ShapeNet,571dd1b4d09773c5bbe43d356df0e955,skateboard,ShapeNet,False,skateboard/ShapeNet/571dd1b4d09773c5bbe43d356df0e955,skateboard/ShapeNet/ac2b6924a60a7a87aa4f69d519551495,True,skateboard,skateboard,0,"['there', 'is', 'a', 'piece', 'of', 'the', 'axel', 'that', 'connects', 'the', 'front', 'and', 'back', 'wheels']",14,there is a piece of the axel that connects the front and back wheels,train,train,train,train,"[1, 15, 7, 26, 65, 38, 10, 1637, 172, 219, 10, 37, 47, 183, 1013, 2, 0, 0]",wheel
11252,user_915,The shape of the deck,3X3OR7WPZ1T54KKJPJAQHYMDAIAL8Q,94.0,113783f51974426b92ba7d308c045fd8,skateboard,ShapeNet,c7482cb7a8db514921cafafd7e7949c7,skateboard,ShapeNet,False,skateboard/ShapeNet/c7482cb7a8db514921cafafd7e7949c7,skateboard/ShapeNet/113783f51974426b92ba7d308c045fd8,False,skateboard,skateboard,0,"['the', 'shape', 'of', 'the', 'deck']",5,the shape of the deck,train,train,train,train,"[1, 10, 93, 38, 10, 1281, 2, 0, 0, 0, 0, 0, 0, 0, 0, 0, 0, 0]",deck
11253,user_1633,The target looks like a more traditional skateboard.,3OUYGIZWR9RDDGUEM7QI50PFWU00PH,26.0,113783f51974426b92ba7d308c045fd8,skateboard,ShapeNet,c7482cb7a8db514921cafafd7e7949c7,skateboard,ShapeNet,False,skateboard/ShapeNet/c7482cb7a8db514921cafafd7e7949c7,skateboard/ShapeNet/113783f51974426b92ba7d308c045fd8,False,skateboard,skateboard,0,"['the', 'target', 'looks', 'like', 'a', 'more', 'traditional', 'skateboard']",8,the target looks like a more traditional skateboard,train,train,train,train,"[1, 10, 11, 33, 35, 26, 34, 1030, 1616, 2, 0, 0, 0, 0, 0, 0, 0, 0]",deck
11254,user_156,Its deck is nowhere near as wide in width.,3P4MQ7TPPZ5CT9WE1I56UXG96VKBBX,311.0,563569e15313d7eb89e13811ad04f53f,skateboard,ShapeNet,6e76a333d9fc9a2972e15b580d9a5b3,skateboard,ShapeNet,False,skateboard/ShapeNet/6e76a333d9fc9a2972e15b580d9a5b3,skateboard/ShapeNet/563569e15313d7eb89e13811ad04f53f,False,skateboard,skateboard,0,"['its', 'deck', 'is', 'nowhere', 'near', 'as', 'wide', 'in', 'width']",9,its deck is nowhere near as wide in width,test,train,test,train,"[1, 5, 1281, 7, 5398, 348, 52, 83, 90, 358, 2, 0, 0, 0, 0, 0, 0, 0]",deck
11255,user_1307,the deck is half as wide,3FTYUGLFSWE3JQDPE45ZM14HZJA5DV,176.0,563569e15313d7eb89e13811ad04f53f,skateboard,ShapeNet,6e76a333d9fc9a2972e15b580d9a5b3,skateboard,ShapeNet,False,skateboard/ShapeNet/6e76a333d9fc9a2972e15b580d9a5b3,skateboard/ShapeNet/563569e15313d7eb89e13811ad04f53f,False,skateboard,skateboard,0,"['the', 'deck', 'is', 'half', 'as', 'wide']",6,the deck is half as wide,test,train,test,train,"[1, 10, 1281, 7, 158, 52, 83, 2, 0, 0, 0, 0, 0, 0, 0, 0, 0, 0]",deck
11256,user_1357,The wheels are larger,386PBUZZXHQUO1G2GN7H6OVRQTFLJL,39.0,563569e15313d7eb89e13811ad04f53f,skateboard,ShapeNet,6e76a333d9fc9a2972e15b580d9a5b3,skateboard,ShapeNet,False,skateboard/ShapeNet/6e76a333d9fc9a2972e15b580d9a5b3,skateboard/ShapeNet/563569e15313d7eb89e13811ad04f53f,False,skateboard,skateboard,0,"['the', 'wheels', 'are', 'large', '-er']",5,the wheels are large -er,test,train,test,train,"[1, 10, 1013, 16, 94, 9, 2, 0, 0, 0, 0, 0, 0, 0, 0, 0, 0, 0]",wheel
11258,user_1644,the board is completely flat,35K3O9HUAD60DTKEGBTSEVDFOPPEFG,52.0,710467261256490ce1bed90743417b0c,skateboard,ShapeNet,35c281c44b5ee115f62521393bb9c2f6,skateboard,ShapeNet,False,skateboard/ShapeNet/35c281c44b5ee115f62521393bb9c2f6,skateboard/ShapeNet/710467261256490ce1bed90743417b0c,False,skateboard,skateboard,0,"['the', 'board', 'is', 'completely', 'flat']",5,the board is completely flat,train,train,train,train,"[1, 10, 948, 7, 169, 129, 2, 0, 0, 0, 0, 0, 0, 0, 0, 0, 0, 0]",deck
11260,user_468,The wheels have axel nuts,34T446B1C27UJRLAH24CL0Q8XBLC0F,98.0,87115860707b0208813c2f803c03ef9f,skateboard,ShapeNet,792953b4101753c6ed3696d854eee1ec,skateboard,ShapeNet,False,skateboard/ShapeNet/792953b4101753c6ed3696d854eee1ec,skateboard/ShapeNet/87115860707b0208813c2f803c03ef9f,True,skateboard,skateboard,0,"['the', 'wheels', 'have', 'axel', 'nuts']",5,the wheels have axel nuts,train,train,train,train,"[1, 10, 1013, 84, 1637, 1638, 2, 0, 0, 0, 0, 0, 0, 0, 0, 0, 0, 0]",wheel
11261,user_915,Wheels show the nut,382M9COHEJ8PWBH4B0OR0VEIYC1UES,110.0,87115860707b0208813c2f803c03ef9f,skateboard,ShapeNet,792953b4101753c6ed3696d854eee1ec,skateboard,ShapeNet,False,skateboard/ShapeNet/792953b4101753c6ed3696d854eee1ec,skateboard/ShapeNet/87115860707b0208813c2f803c03ef9f,True,skateboard,skateboard,0,"['wheels', 'show', 'the', 'nut']",4,wheels show the nut,train,train,train,train,"[1, 1013, 939, 10, 1640, 2, 0, 0, 0, 0, 0, 0, 0, 0, 0, 0, 0, 0]",wheel
11263,user_42,The nose of the board has a hole in it.,3DL65MZB8F8TAH04P93R6PSCRDFCEN,43.0,16edf6f6574568723f7198a00163bb6,skateboard,ShapeNet,4473c1e89500747b5cc36f190f62c41,skateboard,ShapeNet,False,skateboard/ShapeNet/4473c1e89500747b5cc36f190f62c41,skateboard/ShapeNet/16edf6f6574568723f7198a00163bb6,False,skateboard,skateboard,0,"['the', 'nose', 'of', 'the', 'board', 'has', 'a', 'hole', 'in', 'it']",10,the nose of the board has a hole in it,val,train,val,train,"[1, 10, 1593, 38, 10, 948, 24, 26, 81, 90, 23, 2, 0, 0, 0, 0, 0, 0]",deck
11264,user_571,The wheels are much larger,32VNZTT0A9XFOHSUI0H9MYF7EPCR4Q,47.0,16edf6f6574568723f7198a00163bb6,skateboard,ShapeNet,4473c1e89500747b5cc36f190f62c41,skateboard,ShapeNet,False,skateboard/ShapeNet/4473c1e89500747b5cc36f190f62c41,skateboard/ShapeNet/16edf6f6574568723f7198a00163bb6,False,skateboard,skateboard,0,"['the', 'wheels', 'are', 'much', 'large', '-er']",6,the wheels are much large -er,val,train,val,train,"[1, 10, 1013, 16, 59, 94, 9, 2, 0, 0, 0, 0, 0, 0, 0, 0, 0, 0]",wheel
11265,user_2027,The nose of the deck is more conical.,3I02618YA2ZTT26UKE42U7DMCJ1UPB,230.0,16edf6f6574568723f7198a00163bb6,skateboard,ShapeNet,4473c1e89500747b5cc36f190f62c41,skateboard,ShapeNet,False,skateboard/ShapeNet/4473c1e89500747b5cc36f190f62c41,skateboard/ShapeNet/16edf6f6574568723f7198a00163bb6,False,skateboard,skateboard,0,"['the', 'nose', 'of', 'the', 'deck', 'is', 'more', 'conical']",8,the nose of the deck is more conical,val,train,val,train,"[1, 10, 1593, 38, 10, 1281, 7, 34, 399, 2, 0, 0, 0, 0, 0, 0, 0, 0]",deck
11266,user_468,The wheels are larger in diameter,32VNZTT0A9XFOHSUI0H9MYF7EO64RV,31.0,488b9ae283b800b282ec895e014b9eb3,skateboard,ShapeNet,d7045c95ab319b711082f2ea630bf69e,skateboard,ShapeNet,False,skateboard/ShapeNet/d7045c95ab319b711082f2ea630bf69e,skateboard/ShapeNet/488b9ae283b800b282ec895e014b9eb3,False,skateboard,skateboard,0,"['the', 'wheels', 'are', 'large', '-er', 'in', 'diameter']",7,the wheels are large -er in diameter,train,train,train,train,"[1, 10, 1013, 16, 94, 9, 90, 268, 2, 0, 0, 0, 0, 0, 0, 0, 0, 0]",wheel
11267,user_549,The shape of the deck is irregular/non-symmetric from the nose to the tail.,34V1S5K3GUUNZ40M77A2SBZR4YH96J,102.0,488b9ae283b800b282ec895e014b9eb3,skateboard,ShapeNet,d7045c95ab319b711082f2ea630bf69e,skateboard,ShapeNet,False,skateboard/ShapeNet/d7045c95ab319b711082f2ea630bf69e,skateboard/ShapeNet/488b9ae283b800b282ec895e014b9eb3,False,skateboard,skateboard,0,"['the', 'shape', 'of', 'the', 'deck', 'is', 'irregular', 'non', 'symmetric', 'from', 'the', 'nose', 'to', 'the', 'tail']",15,the shape of the deck is irregular non symmetric from the nose to the tail,train,train,train,train,"[1, 10, 93, 38, 10, 1281, 7, 609, 455, 788, 113, 10, 1593, 58, 10, 1594, 2, 0]",deck
11269,user_1246,The deck is longer in height,3U088ZLJVMM3XPRFYT4DXUXBPR4W09,31.0,97a1800db9a625bc28044fe9244db50a,skateboard,ShapeNet,2785d91a40cd41a659c9250a427b57f,skateboard,ShapeNet,False,skateboard/ShapeNet/2785d91a40cd41a659c9250a427b57f,skateboard/ShapeNet/97a1800db9a625bc28044fe9244db50a,False,skateboard,skateboard,0,"['the', 'deck', 'is', 'long', '-er', 'in', 'height']",7,the deck is long -er in height,train,train,train,train,"[1, 10, 1281, 7, 32, 9, 90, 117, 2, 0, 0, 0, 0, 0, 0, 0, 0, 0]",deck
11270,user_1357,It has smaller wheels,3X3OR7WPZ1T54KKJPJAQHYMDAI88LB,38.0,97a1800db9a625bc28044fe9244db50a,skateboard,ShapeNet,2785d91a40cd41a659c9250a427b57f,skateboard,ShapeNet,False,skateboard/ShapeNet/2785d91a40cd41a659c9250a427b57f,skateboard/ShapeNet/97a1800db9a625bc28044fe9244db50a,False,skateboard,skateboard,0,"['it', 'has', 'small', '-er', 'wheels']",5,it has small -er wheels,train,train,train,train,"[1, 23, 24, 111, 9, 1013, 2, 0, 0, 0, 0, 0, 0, 0, 0, 0, 0, 0]",wheel
11271,user_1644,the board is shorter,3IGI0VL649DYDCAK8DF1RCG2UNRNOK,27.0,97a1800db9a625bc28044fe9244db50a,skateboard,ShapeNet,2785d91a40cd41a659c9250a427b57f,skateboard,ShapeNet,False,skateboard/ShapeNet/2785d91a40cd41a659c9250a427b57f,skateboard/ShapeNet/97a1800db9a625bc28044fe9244db50a,False,skateboard,skateboard,0,"['the', 'board', 'is', 'short', '-er']",5,the board is short -er,train,train,train,train,"[1, 10, 948, 7, 8, 9, 2, 0, 0, 0, 0, 0, 0, 0, 0, 0, 0, 0]",deck
11273,user_468,The deck has narrow nose and tail,3CTOC39K39JV9GR0CT67NJDQV90J70,54.0,99130967461623c37ca71234c2ec5470,skateboard,ShapeNet,871516a54b6c8689615c01c6c616fbc8,skateboard,ShapeNet,False,skateboard/ShapeNet/871516a54b6c8689615c01c6c616fbc8,skateboard/ShapeNet/99130967461623c37ca71234c2ec5470,False,skateboard,skateboard,0,"['the', 'deck', 'has', 'narrow', 'nose', 'and', 'tail']",7,the deck has narrow nose and tail,train,train,train,train,"[1, 10, 1281, 24, 210, 1593, 47, 1594, 2, 0, 0, 0, 0, 0, 0, 0, 0, 0]",deck
11274,user_1644,the wheels are bigger,34J10VATJHR9KNC9QAUDB9FLNK4QIU,67.0,99130967461623c37ca71234c2ec5470,skateboard,ShapeNet,871516a54b6c8689615c01c6c616fbc8,skateboard,ShapeNet,False,skateboard/ShapeNet/871516a54b6c8689615c01c6c616fbc8,skateboard/ShapeNet/99130967461623c37ca71234c2ec5470,False,skateboard,skateboard,0,"['the', 'wheels', 'are', 'big', '-er']",5,the wheels are big -er,train,train,train,train,"[1, 10, 1013, 16, 320, 9, 2, 0, 0, 0, 0, 0, 0, 0, 0, 0, 0, 0]",wheel
11275,user_156,Its deck is symmetrical.,3EQHHY4HQUL6VANGGU67SM7ECDQG5K,28.0,ac2b6924a60a7a87aa4f69d519551495,skateboard,ShapeNet,b140249e4615f0db6d8b6ba513969afe,skateboard,ShapeNet,False,skateboard/ShapeNet/b140249e4615f0db6d8b6ba513969afe,skateboard/ShapeNet/ac2b6924a60a7a87aa4f69d519551495,False,skateboard,skateboard,0,"['its', 'deck', 'is', 'symmetrical']",4,its deck is symmetrical,train,train,train,train,"[1, 5, 1281, 7, 489, 2, 0, 0, 0, 0, 0, 0, 0, 0, 0, 0, 0, 0]",deck
11277,user_948,It has a thinner deck,3HMIGG0U4NZP4JRI8YZGB6O9JXHY8Y,23.0,ac2b6924a60a7a87aa4f69d519551495,skateboard,ShapeNet,b140249e4615f0db6d8b6ba513969afe,skateboard,ShapeNet,False,skateboard/ShapeNet/b140249e4615f0db6d8b6ba513969afe,skateboard/ShapeNet/ac2b6924a60a7a87aa4f69d519551495,False,skateboard,skateboard,0,"['it', 'has', 'a', 'thin', '-er', 'deck']",6,it has a thin -er deck,train,train,train,train,"[1, 23, 24, 26, 60, 9, 1281, 2, 0, 0, 0, 0, 0, 0, 0, 0, 0, 0]",deck
11278,user_156,Its deck narrows towards its middle section.,34X6J5FLPVR5FYWF8SFDNAUL00UQJ9,41.0,994dc9307a0f228e30eaaf40a8a562c1,skateboard,ShapeNet,234b2d3aae0b3c44b17369c768229699,skateboard,ShapeNet,False,skateboard/ShapeNet/234b2d3aae0b3c44b17369c768229699,skateboard/ShapeNet/994dc9307a0f228e30eaaf40a8a562c1,False,skateboard,skateboard,0,"['its', 'deck', 'narrows', 'towards', 'its', 'middle', 'section']",7,its deck narrows towards its middle section,train,train,train,train,"[1, 5, 1281, 1625, 382, 5, 232, 354, 2, 0, 0, 0, 0, 0, 0, 0, 0, 0]",deck
11279,user_527,The deck is flatter.,33C7UALJVNRSEDGFW9S7XJDZCC7182,82.0,994dc9307a0f228e30eaaf40a8a562c1,skateboard,ShapeNet,234b2d3aae0b3c44b17369c768229699,skateboard,ShapeNet,True,skateboard/ShapeNet/234b2d3aae0b3c44b17369c768229699,skateboard/ShapeNet/994dc9307a0f228e30eaaf40a8a562c1,False,skateboard,skateboard,0,"['the', 'deck', 'is', 'flat', '-er']",5,the deck is flat -er,train,train,train,train,"[1, 10, 1281, 7, 129, 9, 2, 0, 0, 0, 0, 0, 0, 0, 0, 0, 0, 0]",deck
11280,user_1796,Has a straighter deck.,3HWRJOOET7V9HYP0MVTRLUWUDFHSEB,130.0,994dc9307a0f228e30eaaf40a8a562c1,skateboard,ShapeNet,234b2d3aae0b3c44b17369c768229699,skateboard,ShapeNet,False,skateboard/ShapeNet/234b2d3aae0b3c44b17369c768229699,skateboard/ShapeNet/994dc9307a0f228e30eaaf40a8a562c1,False,skateboard,skateboard,0,"['has', 'a', 'straight', '-er', 'deck']",5,has a straight -er deck,train,train,train,train,"[1, 24, 26, 114, 9, 1281, 2, 0, 0, 0, 0, 0, 0, 0, 0, 0, 0, 0]",deck
11281,user_491,The target has larger wheels.,3H7XDTSHKEK08T20CVTGIMKRW8SWGB,114.0,99130967461623c37ca71234c2ec5470,skateboard,ShapeNet,ab76bf4b966e3fb5b10029f76a5ab54a,skateboard,ShapeNet,False,skateboard/ShapeNet/ab76bf4b966e3fb5b10029f76a5ab54a,skateboard/ShapeNet/99130967461623c37ca71234c2ec5470,False,skateboard,skateboard,0,"['the', 'target', 'has', 'large', '-er', 'wheels']",6,the target has large -er wheels,val,train,val,train,"[1, 10, 11, 24, 94, 9, 1013, 2, 0, 0, 0, 0, 0, 0, 0, 0, 0, 0]",wheel
11283,user_1246,The decks is skinner and longer in length,33CID57106MJ3NEDD2FUQHE2UWL3LJ,43.0,99130967461623c37ca71234c2ec5470,skateboard,ShapeNet,ab76bf4b966e3fb5b10029f76a5ab54a,skateboard,ShapeNet,False,skateboard/ShapeNet/ab76bf4b966e3fb5b10029f76a5ab54a,skateboard/ShapeNet/99130967461623c37ca71234c2ec5470,False,skateboard,skateboard,0,"['the', 'decks', 'is', 'skinny', '-er', 'and', 'long', '-er', 'in', 'length']",10,the decks is skinny -er and long -er in length,val,train,val,train,"[1, 10, 3, 7, 282, 9, 47, 32, 9, 90, 155, 2, 0, 0, 0, 0, 0, 0]",deck
11284,user_848,Target has a slighlt more narrow deck.,3U8YCDAGXR9YDSVTMK5755FP1QO0QA,62.0,c4b7db8e09375b4d6830ad3775f4cffc,skateboard,ShapeNet,48bf45bffab55d7cf14c37b285d25cdf,skateboard,ShapeNet,False,skateboard/ShapeNet/48bf45bffab55d7cf14c37b285d25cdf,skateboard/ShapeNet/c4b7db8e09375b4d6830ad3775f4cffc,True,skateboard,skateboard,0,"['target', 'has', 'a', 'slight', 'more', 'narrow', 'deck']",7,target has a slight more narrow deck,train,train,train,train,"[1, 11, 24, 26, 160, 34, 210, 1281, 2, 0, 0, 0, 0, 0, 0, 0, 0, 0]",deck
11286,user_1796,The board is not as wide.,3KXIR214I69YKXB93A28LQ7Z211421,93.0,c4b7db8e09375b4d6830ad3775f4cffc,skateboard,ShapeNet,48bf45bffab55d7cf14c37b285d25cdf,skateboard,ShapeNet,False,skateboard/ShapeNet/48bf45bffab55d7cf14c37b285d25cdf,skateboard/ShapeNet/c4b7db8e09375b4d6830ad3775f4cffc,True,skateboard,skateboard,0,"['the', 'board', 'is', 'not', 'as', 'wide']",6,the board is not as wide,train,train,train,train,"[1, 10, 948, 7, 40, 52, 83, 2, 0, 0, 0, 0, 0, 0, 0, 0, 0, 0]",deck
11287,user_1392,It has a longer deck,3GA6AFUKOQHHHRVNMH0WYPLVDFD3HD,32.0,f9752bb556ab1e20681083250d6ef1,skateboard,ShapeNet,a19d80304e26099e7394c987e5e211f0,skateboard,ShapeNet,False,skateboard/ShapeNet/a19d80304e26099e7394c987e5e211f0,skateboard/ShapeNet/f9752bb556ab1e20681083250d6ef1,True,skateboard,skateboard,0,"['it', 'has', 'a', 'long', '-er', 'deck']",6,it has a long -er deck,train,train,train,train,"[1, 23, 24, 26, 32, 9, 1281, 2, 0, 0, 0, 0, 0, 0, 0, 0, 0, 0]",deck
11290,user_156,Its deck is not concave in the center.,3EFE17QCREYL18G2CW1X6XT75WOSH8,45.0,344e9402d06bd94031145076011658c5,skateboard,ShapeNet,710467261256490ce1bed90743417b0c,skateboard,ShapeNet,False,skateboard/ShapeNet/710467261256490ce1bed90743417b0c,skateboard/ShapeNet/344e9402d06bd94031145076011658c5,True,skateboard,skateboard,0,"['its', 'deck', 'is', 'not', 'concave', 'in', 'the', 'center']",8,its deck is not concave in the center,train,train,train,train,"[1, 5, 1281, 7, 40, 390, 90, 10, 165, 2, 0, 0, 0, 0, 0, 0, 0, 0]",deck
11293,user_549,The deck is symmetrical from nose to tail.,3PXX5PX6LZR7AZRMV45AZMW3OHABAL,50.0,aa2c5469590761793c497dcbf6659611,skateboard,ShapeNet,36221454034311a4fcaae723fa352fe6,skateboard,ShapeNet,False,skateboard/ShapeNet/36221454034311a4fcaae723fa352fe6,skateboard/ShapeNet/aa2c5469590761793c497dcbf6659611,False,skateboard,skateboard,0,"['the', 'deck', 'is', 'symmetrical', 'from', 'nose', 'to', 'tail']",8,the deck is symmetrical from nose to tail,train,train,train,train,"[1, 10, 1281, 7, 489, 113, 1593, 58, 1594, 2, 0, 0, 0, 0, 0, 0, 0, 0]",deck
11294,user_948,The wheels are smaller,338JKRMM28SH1CU8VWF6LXZ1JP3HAL,42.0,aa2c5469590761793c497dcbf6659611,skateboard,ShapeNet,36221454034311a4fcaae723fa352fe6,skateboard,ShapeNet,False,skateboard/ShapeNet/36221454034311a4fcaae723fa352fe6,skateboard/ShapeNet/aa2c5469590761793c497dcbf6659611,False,skateboard,skateboard,0,"['the', 'wheels', 'are', 'small', '-er']",5,the wheels are small -er,train,train,train,train,"[1, 10, 1013, 16, 111, 9, 2, 0, 0, 0, 0, 0, 0, 0, 0, 0, 0, 0]",wheel
11295,user_1992,The deck is wider at the end.,3EJPLAJKEO925VIZB5415Z1KJWTZ62,36.0,aa2c5469590761793c497dcbf6659611,skateboard,ShapeNet,36221454034311a4fcaae723fa352fe6,skateboard,ShapeNet,False,skateboard/ShapeNet/36221454034311a4fcaae723fa352fe6,skateboard/ShapeNet/aa2c5469590761793c497dcbf6659611,False,skateboard,skateboard,0,"['the', 'deck', 'is', 'wide', '-er', 'at', 'the', 'end']",8,the deck is wide -er at the end,train,train,train,train,"[1, 10, 1281, 7, 83, 9, 98, 10, 74, 2, 0, 0, 0, 0, 0, 0, 0, 0]",deck
11300,user_848,Target has a flat deck.,33L7PJKHCIRTNXSOYSCH3PWU4VYT83,42.0,e06b51f45c1aa29a98c63cb68f11df34,skateboard,ShapeNet,980af78085bffb43d790b0d3f0ce898d,skateboard,ShapeNet,False,skateboard/ShapeNet/980af78085bffb43d790b0d3f0ce898d,skateboard/ShapeNet/e06b51f45c1aa29a98c63cb68f11df34,True,skateboard,skateboard,0,"['target', 'has', 'a', 'flat', 'deck']",5,target has a flat deck,train,train,train,train,"[1, 11, 24, 26, 129, 1281, 2, 0, 0, 0, 0, 0, 0, 0, 0, 0, 0, 0]",deck
11301,user_1395,the deck/board is flatter,3A9AA95ATYFC8NGFJDWUMVL6D2E5PA,67.0,e06b51f45c1aa29a98c63cb68f11df34,skateboard,ShapeNet,980af78085bffb43d790b0d3f0ce898d,skateboard,ShapeNet,False,skateboard/ShapeNet/980af78085bffb43d790b0d3f0ce898d,skateboard/ShapeNet/e06b51f45c1aa29a98c63cb68f11df34,True,skateboard,skateboard,0,"['the', 'deck', 'board', 'is', 'flat', '-er']",6,the deck board is flat -er,train,train,train,train,"[1, 10, 1281, 948, 7, 129, 9, 2, 0, 0, 0, 0, 0, 0, 0, 0, 0, 0]",deck
11302,user_571,It has a stepped deck,3XUHV3NRVMRKV6IR00OPDMJFRDI5HN,46.0,ea25b5f1fc8d76a36a1b26eff73443ff,skateboard,ShapeNet,2026cbe0ebbe1153d975109d955e6652,skateboard,ShapeNet,False,skateboard/ShapeNet/2026cbe0ebbe1153d975109d955e6652,skateboard/ShapeNet/ea25b5f1fc8d76a36a1b26eff73443ff,True,skateboard,skateboard,0,"['it', 'has', 'a', 'stepped', 'deck']",5,it has a stepped deck,train,train,train,train,"[1, 23, 24, 26, 1641, 1281, 2, 0, 0, 0, 0, 0, 0, 0, 0, 0, 0, 0]",deck
11305,user_1205,Target has thinner wheels,34Z02EIMIU6B58NL3OZ2AAQCLZOT0M,60.0,94fc692e0518c0b0537d393009a79347,skateboard,ShapeNet,7a00dee660ee94f5dfa6594bd6ded322,skateboard,ShapeNet,False,skateboard/ShapeNet/7a00dee660ee94f5dfa6594bd6ded322,skateboard/ShapeNet/94fc692e0518c0b0537d393009a79347,True,skateboard,skateboard,0,"['target', 'has', 'thin', '-er', 'wheels']",5,target has thin -er wheels,train,train,train,train,"[1, 11, 24, 60, 9, 1013, 2, 0, 0, 0, 0, 0, 0, 0, 0, 0, 0, 0]",wheel
11306,user_1298,The deck is rounder.,3MMN5BL1W1X395WYDEG9QUTRU1BM34,32.0,94fc692e0518c0b0537d393009a79347,skateboard,ShapeNet,7a00dee660ee94f5dfa6594bd6ded322,skateboard,ShapeNet,False,skateboard/ShapeNet/7a00dee660ee94f5dfa6594bd6ded322,skateboard/ShapeNet/94fc692e0518c0b0537d393009a79347,True,skateboard,skateboard,0,"['the', 'deck', 'is', 'round', '-er']",5,the deck is round -er,train,train,train,train,"[1, 10, 1281, 7, 134, 9, 2, 0, 0, 0, 0, 0, 0, 0, 0, 0, 0, 0]",deck
11311,user_476,Deck is wider.,3SLE99ER0P68B7ZU7WL9GFNCXX6BZ1,131.0,58ab8327f188e0a063381d3d7e871939,skateboard,ShapeNet,ac5b849680f5e3791bb7158ebaf7e1c8,skateboard,ShapeNet,False,skateboard/ShapeNet/ac5b849680f5e3791bb7158ebaf7e1c8,skateboard/ShapeNet/58ab8327f188e0a063381d3d7e871939,False,skateboard,skateboard,0,"['deck', 'is', 'wide', '-er']",4,deck is wide -er,train,train,train,train,"[1, 1281, 7, 83, 9, 2, 0, 0, 0, 0, 0, 0, 0, 0, 0, 0, 0, 0]",deck
11312,user_948,It has much smaller wheels,3ZV9H2YQQF0ZEHQCHGMWZSVIS3OW34,42.0,58ab8327f188e0a063381d3d7e871939,skateboard,ShapeNet,ac5b849680f5e3791bb7158ebaf7e1c8,skateboard,ShapeNet,False,skateboard/ShapeNet/ac5b849680f5e3791bb7158ebaf7e1c8,skateboard/ShapeNet/58ab8327f188e0a063381d3d7e871939,False,skateboard,skateboard,0,"['it', 'has', 'much', 'small', '-er', 'wheels']",6,it has much small -er wheels,train,train,train,train,"[1, 23, 24, 59, 111, 9, 1013, 2, 0, 0, 0, 0, 0, 0, 0, 0, 0, 0]",wheel
11313,user_1644,the wheels are smaller,3UN61F00HYIXK0WUW50JRQLLEKBR5X,36.0,58ab8327f188e0a063381d3d7e871939,skateboard,ShapeNet,ac5b849680f5e3791bb7158ebaf7e1c8,skateboard,ShapeNet,False,skateboard/ShapeNet/ac5b849680f5e3791bb7158ebaf7e1c8,skateboard/ShapeNet/58ab8327f188e0a063381d3d7e871939,False,skateboard,skateboard,0,"['the', 'wheels', 'are', 'small', '-er']",5,the wheels are small -er,train,train,train,train,"[1, 10, 1013, 16, 111, 9, 2, 0, 0, 0, 0, 0, 0, 0, 0, 0, 0, 0]",wheel
11320,user_156,The board is not symmetrical.,30X31N5D65J6RL8O6QR5PB63S1ISAH,119.0,570fae86bb5e1843d587b281fa5e7b27,skateboard,ShapeNet,619b49bae27807fb1082f2ea630bf69e,skateboard,ShapeNet,False,skateboard/ShapeNet/619b49bae27807fb1082f2ea630bf69e,skateboard/ShapeNet/570fae86bb5e1843d587b281fa5e7b27,True,skateboard,skateboard,0,"['the', 'board', 'is', 'not', 'symmetrical']",5,the board is not symmetrical,train,train,train,train,"[1, 10, 948, 7, 40, 489, 2, 0, 0, 0, 0, 0, 0, 0, 0, 0, 0, 0]",deck
11321,user_468,The wheels are larger in diameter,36DSNE9QZ7R2UMJZTFN9Y5ZLLYCJOS,73.0,570fae86bb5e1843d587b281fa5e7b27,skateboard,ShapeNet,619b49bae27807fb1082f2ea630bf69e,skateboard,ShapeNet,False,skateboard/ShapeNet/619b49bae27807fb1082f2ea630bf69e,skateboard/ShapeNet/570fae86bb5e1843d587b281fa5e7b27,True,skateboard,skateboard,0,"['the', 'wheels', 'are', 'large', '-er', 'in', 'diameter']",7,the wheels are large -er in diameter,train,train,train,train,"[1, 10, 1013, 16, 94, 9, 90, 268, 2, 0, 0, 0, 0, 0, 0, 0, 0, 0]",wheel
11322,user_948,It has higher trucks,308XBLVESKXZ9GD3XFRWUCLDOGNRBO,51.0,570fae86bb5e1843d587b281fa5e7b27,skateboard,ShapeNet,619b49bae27807fb1082f2ea630bf69e,skateboard,ShapeNet,False,skateboard/ShapeNet/619b49bae27807fb1082f2ea630bf69e,skateboard/ShapeNet/570fae86bb5e1843d587b281fa5e7b27,True,skateboard,skateboard,0,"['it', 'has', 'high', '-er', 'trucks']",5,it has high -er trucks,train,train,train,train,"[1, 23, 24, 49, 9, 1595, 2, 0, 0, 0, 0, 0, 0, 0, 0, 0, 0, 0]",truck
11323,user_696,Target has bigger wheels.,3Z3ZLGNNSKNUUKUQ57NQ73DW427Q3U,65.0,f9752bb556ab1e20681083250d6ef1,skateboard,ShapeNet,aa2c5469590761793c497dcbf6659611,skateboard,ShapeNet,False,skateboard/ShapeNet/aa2c5469590761793c497dcbf6659611,skateboard/ShapeNet/f9752bb556ab1e20681083250d6ef1,True,skateboard,skateboard,0,"['target', 'has', 'big', '-er', 'wheels']",5,target has big -er wheels,train,train,train,train,"[1, 11, 24, 320, 9, 1013, 2, 0, 0, 0, 0, 0, 0, 0, 0, 0, 0, 0]",wheel
11325,user_1161,The target has fixing bolts at the edge of the deck at nose and tail,3TE3O8573215L3D7EMYLTJI9UA9R2L,163.0,f9752bb556ab1e20681083250d6ef1,skateboard,ShapeNet,aa2c5469590761793c497dcbf6659611,skateboard,ShapeNet,False,skateboard/ShapeNet/aa2c5469590761793c497dcbf6659611,skateboard/ShapeNet/f9752bb556ab1e20681083250d6ef1,True,skateboard,skateboard,0,"['the', 'target', 'has', 'fixing', 'bolts', 'at', 'the', 'edge', 'of', 'the', 'deck', 'at', 'nose', 'and', 'tail']",15,the target has fixing bolts at the edge of the deck at nose and tail,train,train,train,train,"[1, 10, 11, 24, 1610, 1611, 98, 10, 631, 38, 10, 1281, 98, 1593, 47, 1594, 2, 0]",deck
11326,user_1024,The board is thinner.,3QIYRE09Y5ADHK3J2BHQFG3U172N18,84.0,994dc9307a0f228e30eaaf40a8a562c1,skateboard,ShapeNet,90210ee9fd29275dcadc0bfc31415370,skateboard,ShapeNet,False,skateboard/ShapeNet/90210ee9fd29275dcadc0bfc31415370,skateboard/ShapeNet/994dc9307a0f228e30eaaf40a8a562c1,True,skateboard,skateboard,0,"['the', 'board', 'is', 'thin', '-er']",5,the board is thin -er,train,train,train,train,"[1, 10, 948, 7, 60, 9, 2, 0, 0, 0, 0, 0, 0, 0, 0, 0, 0, 0]",deck
11328,user_2044,The deck is slimmer height-wise.,3NLZY2D53RIBAOKFBDRQ3P7D4Q0QLE,40.0,994dc9307a0f228e30eaaf40a8a562c1,skateboard,ShapeNet,90210ee9fd29275dcadc0bfc31415370,skateboard,ShapeNet,False,skateboard/ShapeNet/90210ee9fd29275dcadc0bfc31415370,skateboard/ShapeNet/994dc9307a0f228e30eaaf40a8a562c1,True,skateboard,skateboard,0,"['the', 'deck', 'is', 'slim', '-er', 'height', 'wise']",7,the deck is slim -er height wise,train,train,train,train,"[1, 10, 1281, 7, 829, 9, 117, 359, 2, 0, 0, 0, 0, 0, 0, 0, 0, 0]",deck
11329,user_1024,The board is wider.,339ANSOTR7VN9KEED5AGFN3COE8IKQ,54.0,141616a00df67c351082f2ea630bf69e,skateboard,ShapeNet,393ca71bd734f3071082f2ea630bf69e,skateboard,ShapeNet,True,skateboard/ShapeNet/393ca71bd734f3071082f2ea630bf69e,skateboard/ShapeNet/141616a00df67c351082f2ea630bf69e,True,skateboard,skateboard,0,"['the', 'board', 'is', 'wide', '-er']",5,the board is wide -er,train,train,train,train,"[1, 10, 948, 7, 83, 9, 2, 0, 0, 0, 0, 0, 0, 0, 0, 0, 0, 0]",deck
11330,user_1205,Target has a wider backed board,3SKEMFQBZ5YUKE214JYP2Y9YLIH8KM,64.0,141616a00df67c351082f2ea630bf69e,skateboard,ShapeNet,393ca71bd734f3071082f2ea630bf69e,skateboard,ShapeNet,False,skateboard/ShapeNet/393ca71bd734f3071082f2ea630bf69e,skateboard/ShapeNet/141616a00df67c351082f2ea630bf69e,True,skateboard,skateboard,0,"['target', 'has', 'a', 'wide', '-er', 'backed', 'board']",7,target has a wide -er backed board,train,train,train,train,"[1, 11, 24, 26, 83, 9, 1340, 948, 2, 0, 0, 0, 0, 0, 0, 0, 0, 0]",deck
11332,user_156,Its deck does not have a concavity in its center.,3W8CV64QJ4S3WTK33Q16P2OHD9OH9D,59.0,8310154df085baf3e3cfaa4e6977fab6,skateboard,ShapeNet,87115860707b0208813c2f803c03ef9f,skateboard,ShapeNet,False,skateboard/ShapeNet/87115860707b0208813c2f803c03ef9f,skateboard/ShapeNet/8310154df085baf3e3cfaa4e6977fab6,False,skateboard,skateboard,0,"['its', 'deck', 'does', 'not', 'have', 'a', 'concavity', 'in', 'its', 'center']",10,its deck does not have a concavity in its center,train,train,train,train,"[1, 5, 1281, 39, 40, 84, 26, 1643, 90, 5, 165, 2, 0, 0, 0, 0, 0, 0]",deck
11338,user_1601,The target skateboard has a much shorter deck-board.,3TU5ZICBRFUGVH0WHOIMYKL7KOZQ8M,217.0,d4abd88611997d2cc4647061c0a60dc9,skateboard,ShapeNet,488b9ae283b800b282ec895e014b9eb3,skateboard,ShapeNet,False,skateboard/ShapeNet/488b9ae283b800b282ec895e014b9eb3,skateboard/ShapeNet/d4abd88611997d2cc4647061c0a60dc9,False,skateboard,skateboard,0,"['the', 'target', 'skateboard', 'has', 'a', 'much', 'short', '-er', 'deck', 'board']",10,the target skateboard has a much short -er deck board,train,train,train,train,"[1, 10, 11, 1616, 24, 26, 59, 8, 9, 1281, 948, 2, 0, 0, 0, 0, 0, 0]",deck
11339,user_1644,the wheels are smaller,3XUHV3NRVMRKV6IR00OPDMJFRB3H5G,85.0,d4abd88611997d2cc4647061c0a60dc9,skateboard,ShapeNet,488b9ae283b800b282ec895e014b9eb3,skateboard,ShapeNet,False,skateboard/ShapeNet/488b9ae283b800b282ec895e014b9eb3,skateboard/ShapeNet/d4abd88611997d2cc4647061c0a60dc9,False,skateboard,skateboard,0,"['the', 'wheels', 'are', 'small', '-er']",5,the wheels are small -er,train,train,train,train,"[1, 10, 1013, 16, 111, 9, 2, 0, 0, 0, 0, 0, 0, 0, 0, 0, 0, 0]",wheel
11340,user_2044,Its deck is thinner height-wise,33M4IA01QIU6MJG42BJEJ9C57LBXR7,160.0,d4abd88611997d2cc4647061c0a60dc9,skateboard,ShapeNet,488b9ae283b800b282ec895e014b9eb3,skateboard,ShapeNet,False,skateboard/ShapeNet/488b9ae283b800b282ec895e014b9eb3,skateboard/ShapeNet/d4abd88611997d2cc4647061c0a60dc9,False,skateboard,skateboard,0,"['its', 'deck', 'is', 'thin', '-er', 'height', 'wise']",7,its deck is thin -er height wise,train,train,train,train,"[1, 5, 1281, 7, 60, 9, 117, 359, 2, 0, 0, 0, 0, 0, 0, 0, 0, 0]",deck
11344,user_1024,"The board shape looks like a fish, similar to old school boards.",33NF62TLXLVJ4VYKVNVGROIC1TXKJ4,60.0,16edf6f6574568723f7198a00163bb6,skateboard,ShapeNet,ac2b6924a60a7a87aa4f69d519551495,skateboard,ShapeNet,False,skateboard/ShapeNet/ac2b6924a60a7a87aa4f69d519551495,skateboard/ShapeNet/16edf6f6574568723f7198a00163bb6,False,skateboard,skateboard,0,"['the', 'board', 'shape', 'looks', 'like', 'a', 'fish', 'similar', 'to', 'old', 'school', 'boards']",12,the board shape looks like a fish similar to old school boards,train,train,train,train,"[1, 10, 948, 93, 33, 35, 26, 1645, 1465, 58, 1466, 1646, 1177, 2, 0, 0, 0, 0]",deck
11345,user_1357,The wheels are bigger,3P529IW9K0EEJZU6XXGWRQ3ZXNHFLX,35.0,16edf6f6574568723f7198a00163bb6,skateboard,ShapeNet,ac2b6924a60a7a87aa4f69d519551495,skateboard,ShapeNet,False,skateboard/ShapeNet/ac2b6924a60a7a87aa4f69d519551495,skateboard/ShapeNet/16edf6f6574568723f7198a00163bb6,False,skateboard,skateboard,0,"['the', 'wheels', 'are', 'big', '-er']",5,the wheels are big -er,train,train,train,train,"[1, 10, 1013, 16, 320, 9, 2, 0, 0, 0, 0, 0, 0, 0, 0, 0, 0, 0]",wheel
11346,user_1392,The board is thicker.,30LB5CDZNE37RKWK9GOKWYRT6TCZ06,22.0,16edf6f6574568723f7198a00163bb6,skateboard,ShapeNet,ac2b6924a60a7a87aa4f69d519551495,skateboard,ShapeNet,False,skateboard/ShapeNet/ac2b6924a60a7a87aa4f69d519551495,skateboard/ShapeNet/16edf6f6574568723f7198a00163bb6,False,skateboard,skateboard,0,"['the', 'board', 'is', 'thick', '-er']",5,the board is thick -er,train,train,train,train,"[1, 10, 948, 7, 54, 9, 2, 0, 0, 0, 0, 0, 0, 0, 0, 0, 0, 0]",deck
11347,user_203,The wheel diameter is greater.,36W0OB37HY7I2K2G7OV52QQASABHZN,49.0,732270ac7e23d610e62bec48c266b5c6,skateboard,ShapeNet,aa886bed91a13113d5498a74ca9ca78b,skateboard,ShapeNet,False,skateboard/ShapeNet/aa886bed91a13113d5498a74ca9ca78b,skateboard/ShapeNet/732270ac7e23d610e62bec48c266b5c6,True,skateboard,skateboard,0,"['the', 'wheel', 'diameter', 'is', 'great', '-er']",6,the wheel diameter is great -er,train,train,train,train,"[1, 10, 544, 268, 7, 188, 9, 2, 0, 0, 0, 0, 0, 0, 0, 0, 0, 0]",wheel
11348,user_505,Target has chunky wheels,358010RM5GMYFQXLBVOOK618SPJVXP,39.0,732270ac7e23d610e62bec48c266b5c6,skateboard,ShapeNet,aa886bed91a13113d5498a74ca9ca78b,skateboard,ShapeNet,False,skateboard/ShapeNet/aa886bed91a13113d5498a74ca9ca78b,skateboard/ShapeNet/732270ac7e23d610e62bec48c266b5c6,True,skateboard,skateboard,0,"['target', 'has', 'chunky', 'wheels']",4,target has chunky wheels,train,train,train,train,"[1, 11, 24, 585, 1013, 2, 0, 0, 0, 0, 0, 0, 0, 0, 0, 0, 0, 0]",wheel
11349,user_1796,The wheels are huge.,3L6L49WXW2QQJUUWLT46JXABM6G45G,52.0,732270ac7e23d610e62bec48c266b5c6,skateboard,ShapeNet,aa886bed91a13113d5498a74ca9ca78b,skateboard,ShapeNet,False,skateboard/ShapeNet/aa886bed91a13113d5498a74ca9ca78b,skateboard/ShapeNet/732270ac7e23d610e62bec48c266b5c6,True,skateboard,skateboard,0,"['the', 'wheels', 'are', 'huge']",4,the wheels are huge,train,train,train,train,"[1, 10, 1013, 16, 952, 2, 0, 0, 0, 0, 0, 0, 0, 0, 0, 0, 0, 0]",wheel
11351,user_1796,There is no deck.,3URFVVM167BN76807N24L5F0MIBZU4,62.0,bebaf2c5077b901e92ba7d308c045fd8,skateboard,ShapeNet,30c835f06a930d356e6c9ebd9b889ec2,skateboard,ShapeNet,False,skateboard/ShapeNet/30c835f06a930d356e6c9ebd9b889ec2,skateboard/ShapeNet/bebaf2c5077b901e92ba7d308c045fd8,True,skateboard,skateboard,0,"['there', 'is', 'no', 'deck']",4,there is no deck,train,train,train,train,"[1, 15, 7, 123, 1281, 2, 0, 0, 0, 0, 0, 0, 0, 0, 0, 0, 0, 0]",deck
11352,user_1815,"Skinny, very thin deck",3ZQIG0FLQG9JQQSV1QS2INN1JPJWV7,106.0,bebaf2c5077b901e92ba7d308c045fd8,skateboard,ShapeNet,30c835f06a930d356e6c9ebd9b889ec2,skateboard,ShapeNet,False,skateboard/ShapeNet/30c835f06a930d356e6c9ebd9b889ec2,skateboard/ShapeNet/bebaf2c5077b901e92ba7d308c045fd8,True,skateboard,skateboard,0,"['skinny', 'very', 'thin', 'deck']",4,skinny very thin deck,train,train,train,train,"[1, 282, 62, 60, 1281, 2, 0, 0, 0, 0, 0, 0, 0, 0, 0, 0, 0, 0]",deck
11355,user_1644,the deck is skinny,36WLNQG7813A0C8YB97WV5MU9RWEBX,101.0,58ae991bd0350810b9ac379f661f5c75,skateboard,ShapeNet,a19d80304e26099e7394c987e5e211f0,skateboard,ShapeNet,False,skateboard/ShapeNet/a19d80304e26099e7394c987e5e211f0,skateboard/ShapeNet/58ae991bd0350810b9ac379f661f5c75,False,skateboard,skateboard,0,"['the', 'deck', 'is', 'skinny']",4,the deck is skinny,train,train,train,train,"[1, 10, 1281, 7, 282, 2, 0, 0, 0, 0, 0, 0, 0, 0, 0, 0, 0, 0]",deck
11357,user_1757,The target board is wider in size,3X4MXAO0BIHRXJBES6NSHQYYYH3WR7,94.0,c8aed131dd905c6e1082f2ea630bf69e,skateboard,ShapeNet,ff04077cb675226a1082f2ea630bf69e,skateboard,ShapeNet,False,skateboard/ShapeNet/ff04077cb675226a1082f2ea630bf69e,skateboard/ShapeNet/c8aed131dd905c6e1082f2ea630bf69e,True,skateboard,skateboard,0,"['the', 'target', 'board', 'is', 'wide', '-er', 'in', 'size']",8,the target board is wide -er in size,train,train,train,train,"[1, 10, 11, 948, 7, 83, 9, 90, 377, 2, 0, 0, 0, 0, 0, 0, 0, 0]",deck
11358,user_1992,The deck is wider,3SLE99ER0P68B7ZU7WL9GFNCXX5BZ0,67.0,c8aed131dd905c6e1082f2ea630bf69e,skateboard,ShapeNet,ff04077cb675226a1082f2ea630bf69e,skateboard,ShapeNet,False,skateboard/ShapeNet/ff04077cb675226a1082f2ea630bf69e,skateboard/ShapeNet/c8aed131dd905c6e1082f2ea630bf69e,True,skateboard,skateboard,0,"['the', 'deck', 'is', 'wide', '-er']",5,the deck is wide -er,train,train,train,train,"[1, 10, 1281, 7, 83, 9, 2, 0, 0, 0, 0, 0, 0, 0, 0, 0, 0, 0]",deck
11361,user_1246,It has wider trucks,3TMFV4NEPA7LFEWITXHSQ93T8PG8W8,34.0,ac5b849680f5e3791bb7158ebaf7e1c8,skateboard,ShapeNet,937c41b3d0d3a87fad1f278e1513f3b7,skateboard,ShapeNet,False,skateboard/ShapeNet/937c41b3d0d3a87fad1f278e1513f3b7,skateboard/ShapeNet/ac5b849680f5e3791bb7158ebaf7e1c8,False,skateboard,skateboard,0,"['it', 'has', 'wide', '-er', 'trucks']",5,it has wide -er trucks,test,train,test,train,"[1, 23, 24, 83, 9, 1595, 2, 0, 0, 0, 0, 0, 0, 0, 0, 0, 0, 0]",truck
11362,user_203,The wheel diameter is greater.,3LOTDFNYA9SUUT651BNY01KFVTTWFD,70.0,70c8f82bf6a6fef2db8b0e67801ff73a,skateboard,ShapeNet,36755d38d12e80c0702c58bc53d1e55f,skateboard,ShapeNet,False,skateboard/ShapeNet/36755d38d12e80c0702c58bc53d1e55f,skateboard/ShapeNet/70c8f82bf6a6fef2db8b0e67801ff73a,False,skateboard,skateboard,0,"['the', 'wheel', 'diameter', 'is', 'great', '-er']",6,the wheel diameter is great -er,train,train,train,train,"[1, 10, 544, 268, 7, 188, 9, 2, 0, 0, 0, 0, 0, 0, 0, 0, 0, 0]",wheel
11364,user_1644,the deck is flat,3STRJBFXOYKDIYUP7H9KTU5LZVTKTE,47.0,70c8f82bf6a6fef2db8b0e67801ff73a,skateboard,ShapeNet,36755d38d12e80c0702c58bc53d1e55f,skateboard,ShapeNet,False,skateboard/ShapeNet/36755d38d12e80c0702c58bc53d1e55f,skateboard/ShapeNet/70c8f82bf6a6fef2db8b0e67801ff73a,False,skateboard,skateboard,0,"['the', 'deck', 'is', 'flat']",4,the deck is flat,train,train,train,train,"[1, 10, 1281, 7, 129, 2, 0, 0, 0, 0, 0, 0, 0, 0, 0, 0, 0, 0]",deck
11365,user_1357,The wheels are bigger,3X08E93BHXB0HLYO907Q818PETO66C,38.0,fb1ad690d8befb5a74bfd4c8606b795,skateboard,ShapeNet,6e76a333d9fc9a2972e15b580d9a5b3,skateboard,ShapeNet,False,skateboard/ShapeNet/6e76a333d9fc9a2972e15b580d9a5b3,skateboard/ShapeNet/fb1ad690d8befb5a74bfd4c8606b795,True,skateboard,skateboard,0,"['the', 'wheels', 'are', 'big', '-er']",5,the wheels are big -er,test,train,test,train,"[1, 10, 1013, 16, 320, 9, 2, 0, 0, 0, 0, 0, 0, 0, 0, 0, 0, 0]",wheel
11366,user_1392,The deck is flatter.,32Q90QCQ1UEBTFCSHMKPU85KWL7EKJ,30.0,fb1ad690d8befb5a74bfd4c8606b795,skateboard,ShapeNet,6e76a333d9fc9a2972e15b580d9a5b3,skateboard,ShapeNet,False,skateboard/ShapeNet/6e76a333d9fc9a2972e15b580d9a5b3,skateboard/ShapeNet/fb1ad690d8befb5a74bfd4c8606b795,True,skateboard,skateboard,0,"['the', 'deck', 'is', 'flat', '-er']",5,the deck is flat -er,test,train,test,train,"[1, 10, 1281, 7, 129, 9, 2, 0, 0, 0, 0, 0, 0, 0, 0, 0, 0, 0]",deck
11367,user_1644,the deck is asymmetrical,3A0EX8ZRNAH86HPPBAJQ28EAR32BYA,163.0,fb1ad690d8befb5a74bfd4c8606b795,skateboard,ShapeNet,6e76a333d9fc9a2972e15b580d9a5b3,skateboard,ShapeNet,False,skateboard/ShapeNet/6e76a333d9fc9a2972e15b580d9a5b3,skateboard/ShapeNet/fb1ad690d8befb5a74bfd4c8606b795,True,skateboard,skateboard,0,"['the', 'deck', 'is', 'asymmetrical']",4,the deck is asymmetrical,test,train,test,train,"[1, 10, 1281, 7, 1101, 2, 0, 0, 0, 0, 0, 0, 0, 0, 0, 0, 0, 0]",deck
11370,user_1357,The wheels are bigger,3P59JYT76NDI1IQZIB3GTYJRIW32T8,34.0,776eaffd7cbe7bc6b9e8bdc9c4a49aa2,skateboard,ShapeNet,344e9402d06bd94031145076011658c5,skateboard,ShapeNet,False,skateboard/ShapeNet/344e9402d06bd94031145076011658c5,skateboard/ShapeNet/776eaffd7cbe7bc6b9e8bdc9c4a49aa2,False,skateboard,skateboard,0,"['the', 'wheels', 'are', 'big', '-er']",5,the wheels are big -er,train,train,train,train,"[1, 10, 1013, 16, 320, 9, 2, 0, 0, 0, 0, 0, 0, 0, 0, 0, 0, 0]",wheel
11371,user_948,The trucks are visible,386CSBG1O1FTR3H8O9LOE6PGEYLQ6M,24.0,f5d7698b5a57d61226e0640b67de606,skateboard,ShapeNet,591971ce679ca4b93ad38b993d9e745f,skateboard,ShapeNet,False,skateboard/ShapeNet/591971ce679ca4b93ad38b993d9e745f,skateboard/ShapeNet/f5d7698b5a57d61226e0640b67de606,False,skateboard,skateboard,0,"['the', 'trucks', 'are', 'visible']",4,the trucks are visible,train,train,train,train,"[1, 10, 1595, 16, 185, 2, 0, 0, 0, 0, 0, 0, 0, 0, 0, 0, 0, 0]",truck
11372,user_1601,The target skateboard has a thicker deck-board.,3AZHRG4CU6D66RPRO9TBSXMERYA037,118.0,f5d7698b5a57d61226e0640b67de606,skateboard,ShapeNet,591971ce679ca4b93ad38b993d9e745f,skateboard,ShapeNet,False,skateboard/ShapeNet/591971ce679ca4b93ad38b993d9e745f,skateboard/ShapeNet/f5d7698b5a57d61226e0640b67de606,False,skateboard,skateboard,0,"['the', 'target', 'skateboard', 'has', 'a', 'thick', '-er', 'deck', 'board']",9,the target skateboard has a thick -er deck board,train,train,train,train,"[1, 10, 11, 1616, 24, 26, 54, 9, 1281, 948, 2, 0, 0, 0, 0, 0, 0, 0]",deck
11373,user_1644,the deck is thicker,3DY46V3X3RB8FDYWZYNGOPGPM2C55N,50.0,f5d7698b5a57d61226e0640b67de606,skateboard,ShapeNet,591971ce679ca4b93ad38b993d9e745f,skateboard,ShapeNet,False,skateboard/ShapeNet/591971ce679ca4b93ad38b993d9e745f,skateboard/ShapeNet/f5d7698b5a57d61226e0640b67de606,False,skateboard,skateboard,0,"['the', 'deck', 'is', 'thick', '-er']",5,the deck is thick -er,train,train,train,train,"[1, 10, 1281, 7, 54, 9, 2, 0, 0, 0, 0, 0, 0, 0, 0, 0, 0, 0]",deck
11375,user_1602,The deck has a narrower depth.,3NOKK93PR3187FKIL09MWDSFCOBEEZ,73.0,ac2b6924a60a7a87aa4f69d519551495,skateboard,ShapeNet,abdc4a823b1f78c397f47f3057557cbe,skateboard,ShapeNet,False,skateboard/ShapeNet/abdc4a823b1f78c397f47f3057557cbe,skateboard/ShapeNet/ac2b6924a60a7a87aa4f69d519551495,True,skateboard,skateboard,0,"['the', 'deck', 'has', 'a', 'narrow', '-er', 'depth']",7,the deck has a narrow -er depth,train,train,train,train,"[1, 10, 1281, 24, 26, 210, 9, 607, 2, 0, 0, 0, 0, 0, 0, 0, 0, 0]",deck
11377,user_1633,The target's deck is wider.,32M8BPYGAVFI7YIVNEP1HVBJHXSIGO,20.0,7a00dee660ee94f5dfa6594bd6ded322,skateboard,ShapeNet,e314be67e02df59c520f00c860557591,skateboard,ShapeNet,False,skateboard/ShapeNet/e314be67e02df59c520f00c860557591,skateboard/ShapeNet/7a00dee660ee94f5dfa6594bd6ded322,False,skateboard,skateboard,0,"['the', 'target', ""'s"", 'deck', 'is', 'wide', '-er']",7,the target 's deck is wide -er,train,train,train,train,"[1, 10, 11, 12, 1281, 7, 83, 9, 2, 0, 0, 0, 0, 0, 0, 0, 0, 0]",deck
11380,user_1572,"It has two identical risen, multidimensional shapes on the deck.",3XM0HYN6NMSC4698UEPXQPRJQVBEPI,151.0,f5d7698b5a57d61226e0640b67de606,skateboard,ShapeNet,d303055e96cd59949da15808191f1405,skateboard,ShapeNet,False,skateboard/ShapeNet/d303055e96cd59949da15808191f1405,skateboard/ShapeNet/f5d7698b5a57d61226e0640b67de606,False,skateboard,skateboard,0,"['it', 'has', 'two', 'identical', 'risen', 'multidimensional', 'shapes', 'on', 'the', 'deck']",10,it has two identical risen multidimensional shapes on the deck,test,train,test,train,"[1, 23, 24, 17, 1095, 2901, 5713, 980, 20, 10, 1281, 2, 0, 0, 0, 0, 0, 0]",deck
11381,user_1644,the board is shorter,3YDGXNSEO1N96CDYJRB9VHK2OXZ846,58.0,f5d7698b5a57d61226e0640b67de606,skateboard,ShapeNet,d303055e96cd59949da15808191f1405,skateboard,ShapeNet,False,skateboard/ShapeNet/d303055e96cd59949da15808191f1405,skateboard/ShapeNet/f5d7698b5a57d61226e0640b67de606,False,skateboard,skateboard,0,"['the', 'board', 'is', 'short', '-er']",5,the board is short -er,test,train,test,train,"[1, 10, 948, 7, 8, 9, 2, 0, 0, 0, 0, 0, 0, 0, 0, 0, 0, 0]",deck
11382,user_1796,Has a shorter deck board.,3QRYMNZ7F0AEQ4FS4U10LMMPTQWNTK,55.0,f5d7698b5a57d61226e0640b67de606,skateboard,ShapeNet,d303055e96cd59949da15808191f1405,skateboard,ShapeNet,False,skateboard/ShapeNet/d303055e96cd59949da15808191f1405,skateboard/ShapeNet/f5d7698b5a57d61226e0640b67de606,False,skateboard,skateboard,0,"['has', 'a', 'short', '-er', 'deck', 'board']",6,has a short -er deck board,test,train,test,train,"[1, 24, 26, 8, 9, 1281, 948, 2, 0, 0, 0, 0, 0, 0, 0, 0, 0, 0]",deck
11386,user_156,Its deck is not symmetrical.,39U1BHVTDNK7M0MIMBHLC8OJOA7T3E,217.0,871516a54b6c8689615c01c6c616fbc8,skateboard,ShapeNet,ff04077cb675226a1082f2ea630bf69e,skateboard,ShapeNet,False,skateboard/ShapeNet/ff04077cb675226a1082f2ea630bf69e,skateboard/ShapeNet/871516a54b6c8689615c01c6c616fbc8,False,skateboard,skateboard,0,"['its', 'deck', 'is', 'not', 'symmetrical']",5,its deck is not symmetrical,train,train,train,train,"[1, 5, 1281, 7, 40, 489, 2, 0, 0, 0, 0, 0, 0, 0, 0, 0, 0, 0]",deck
11388,user_1030,Wider deck,3TE22NPXPD58NBQW7OLWE54XMAL44B,52.0,871516a54b6c8689615c01c6c616fbc8,skateboard,ShapeNet,ff04077cb675226a1082f2ea630bf69e,skateboard,ShapeNet,False,skateboard/ShapeNet/ff04077cb675226a1082f2ea630bf69e,skateboard/ShapeNet/871516a54b6c8689615c01c6c616fbc8,False,skateboard,skateboard,0,"['wide', '-er', 'deck']",3,wide -er deck,train,train,train,train,"[1, 83, 9, 1281, 2, 0, 0, 0, 0, 0, 0, 0, 0, 0, 0, 0, 0, 0]",deck
11392,user_323,The target has a wider deck,3W92K5RLWWAPD7DB5P5TSNAOZVOV54,64.0,871516a54b6c8689615c01c6c616fbc8,skateboard,ShapeNet,d041334fe322ed211082f2ea630bf69e,skateboard,ShapeNet,False,skateboard/ShapeNet/d041334fe322ed211082f2ea630bf69e,skateboard/ShapeNet/871516a54b6c8689615c01c6c616fbc8,False,skateboard,skateboard,0,"['the', 'target', 'has', 'a', 'wide', '-er', 'deck']",7,the target has a wide -er deck,train,train,train,train,"[1, 10, 11, 24, 26, 83, 9, 1281, 2, 0, 0, 0, 0, 0, 0, 0, 0, 0]",deck
11401,user_203,It does not have wheels.,352YTHGROX62ZNERMV5F8UD1RF74HX,40.0,9ac2d972bedd083342535d908ea693ac,skateboard,ShapeNet,1e5fd1de723cc66cbb1ed6d4d8526a19,skateboard,ShapeNet,False,skateboard/ShapeNet/1e5fd1de723cc66cbb1ed6d4d8526a19,skateboard/ShapeNet/9ac2d972bedd083342535d908ea693ac,False,skateboard,skateboard,0,"['it', 'does', 'not', 'have', 'wheels']",5,it does not have wheels,train,train,train,train,"[1, 23, 39, 40, 84, 1013, 2, 0, 0, 0, 0, 0, 0, 0, 0, 0, 0, 0]",wheel
11402,user_1328,deck is dipped in middle instead of straight,3JMSRU9HQKNP9Q64GQYWWHG1CJDVEL,215.0,9ac2d972bedd083342535d908ea693ac,skateboard,ShapeNet,1e5fd1de723cc66cbb1ed6d4d8526a19,skateboard,ShapeNet,False,skateboard/ShapeNet/1e5fd1de723cc66cbb1ed6d4d8526a19,skateboard/ShapeNet/9ac2d972bedd083342535d908ea693ac,False,skateboard,skateboard,0,"['deck', 'is', 'dipped', 'in', 'middle', 'instead', 'of', 'straight']",8,deck is dipped in middle instead of straight,train,train,train,train,"[1, 1281, 7, 1653, 90, 232, 97, 38, 114, 2, 0, 0, 0, 0, 0, 0, 0, 0]",deck
11403,user_1357,The wheels are gone,3SLE99ER0P68B7ZU7WL9GFNCXY1ZBM,26.0,9ac2d972bedd083342535d908ea693ac,skateboard,ShapeNet,1e5fd1de723cc66cbb1ed6d4d8526a19,skateboard,ShapeNet,False,skateboard/ShapeNet/1e5fd1de723cc66cbb1ed6d4d8526a19,skateboard/ShapeNet/9ac2d972bedd083342535d908ea693ac,False,skateboard,skateboard,0,"['the', 'wheels', 'are', 'gone']",4,the wheels are gone,train,train,train,train,"[1, 10, 1013, 16, 1592, 2, 0, 0, 0, 0, 0, 0, 0, 0, 0, 0, 0, 0]",wheel
11405,user_323,the target deck is flared up on the ends way more,30H4UDGLT4BAGU1LBCDG3XWSZX3PMJ,242.0,ee1e75f67edf37707f29c61065b4dc5a,skateboard,ShapeNet,b2dc96e7d45797f69a58f604ee2cbadf,skateboard,ShapeNet,False,skateboard/ShapeNet/b2dc96e7d45797f69a58f604ee2cbadf,skateboard/ShapeNet/ee1e75f67edf37707f29c61065b4dc5a,True,skateboard,skateboard,0,"['the', 'target', 'deck', 'is', 'flared', 'up', 'on', 'the', 'ends', 'way', 'more']",11,the target deck is flared up on the ends way more,train,train,train,train,"[1, 10, 11, 1281, 7, 569, 269, 20, 10, 247, 471, 34, 2, 0, 0, 0, 0, 0]",deck
11406,user_1644,The truck hanger is thicker,3KWTYT0872WMH21HRL3N5ECM8SC5LB,119.0,ee1e75f67edf37707f29c61065b4dc5a,skateboard,ShapeNet,b2dc96e7d45797f69a58f604ee2cbadf,skateboard,ShapeNet,False,skateboard/ShapeNet/b2dc96e7d45797f69a58f604ee2cbadf,skateboard/ShapeNet/ee1e75f67edf37707f29c61065b4dc5a,True,skateboard,skateboard,0,"['the', 'truck', 'hanger', 'is', 'thick', '-er']",6,the truck hanger is thick -er,train,train,train,train,"[1, 10, 1606, 1654, 7, 54, 9, 2, 0, 0, 0, 0, 0, 0, 0, 0, 0, 0]",truck
11410,user_203,The wheels are not as wide.,3OCHAWUVGQDKZF39CRAHIXQRCRHXKA,66.0,8310154df085baf3e3cfaa4e6977fab6,skateboard,ShapeNet,5fba47ad66c45cd113314092564c13fd,skateboard,ShapeNet,False,skateboard/ShapeNet/5fba47ad66c45cd113314092564c13fd,skateboard/ShapeNet/8310154df085baf3e3cfaa4e6977fab6,True,skateboard,skateboard,0,"['the', 'wheels', 'are', 'not', 'as', 'wide']",6,the wheels are not as wide,train,train,train,train,"[1, 10, 1013, 16, 40, 52, 83, 2, 0, 0, 0, 0, 0, 0, 0, 0, 0, 0]",wheel
11411,user_468,The truck hanger is thicker,34X6J5FLPVR5FYWF8SFDNAUL0ZUJQ0,49.0,8310154df085baf3e3cfaa4e6977fab6,skateboard,ShapeNet,5fba47ad66c45cd113314092564c13fd,skateboard,ShapeNet,False,skateboard/ShapeNet/5fba47ad66c45cd113314092564c13fd,skateboard/ShapeNet/8310154df085baf3e3cfaa4e6977fab6,True,skateboard,skateboard,0,"['the', 'truck', 'hanger', 'is', 'thick', '-er']",6,the truck hanger is thick -er,train,train,train,train,"[1, 10, 1606, 1654, 7, 54, 9, 2, 0, 0, 0, 0, 0, 0, 0, 0, 0, 0]",truck
11413,user_203,The wheels have a larger diameter.,3YDTZAI2WZ9RVCTDK62UG7XUAQB14V,71.0,b6074c8d74b58d31ef566954f332b813,skateboard,ShapeNet,efdc98987203bafb183fac288c6ded1a,skateboard,ShapeNet,False,skateboard/ShapeNet/efdc98987203bafb183fac288c6ded1a,skateboard/ShapeNet/b6074c8d74b58d31ef566954f332b813,True,skateboard,skateboard,0,"['the', 'wheels', 'have', 'a', 'large', '-er', 'diameter']",7,the wheels have a large -er diameter,val,train,val,train,"[1, 10, 1013, 84, 26, 94, 9, 268, 2, 0, 0, 0, 0, 0, 0, 0, 0, 0]",wheel
11414,user_883,The wheels on the tail and nose are quite large.,3D4CH1LGECMPWXPSJKJO42CGY799G0,71.0,b6074c8d74b58d31ef566954f332b813,skateboard,ShapeNet,efdc98987203bafb183fac288c6ded1a,skateboard,ShapeNet,False,skateboard/ShapeNet/efdc98987203bafb183fac288c6ded1a,skateboard/ShapeNet/b6074c8d74b58d31ef566954f332b813,True,skateboard,skateboard,0,"['the', 'wheels', 'on', 'the', 'tail', 'and', 'nose', 'are', 'quite', 'large']",10,the wheels on the tail and nose are quite large,val,train,val,train,"[1, 10, 1013, 20, 10, 1594, 47, 1593, 16, 1308, 94, 2, 0, 0, 0, 0, 0, 0]",wheel
11415,user_915,The size of the wheels,3WRFBPLXRCH9RNHYPFV939IRZRIN32,59.0,b6074c8d74b58d31ef566954f332b813,skateboard,ShapeNet,efdc98987203bafb183fac288c6ded1a,skateboard,ShapeNet,False,skateboard/ShapeNet/efdc98987203bafb183fac288c6ded1a,skateboard/ShapeNet/b6074c8d74b58d31ef566954f332b813,True,skateboard,skateboard,0,"['the', 'size', 'of', 'the', 'wheels']",5,the size of the wheels,val,train,val,train,"[1, 10, 377, 38, 10, 1013, 2, 0, 0, 0, 0, 0, 0, 0, 0, 0, 0, 0]",wheel
11416,user_1205,Target has a longer board,3QJOXOW4XLK6J3CV2YX59LXOLQZEML,45.0,710467261256490ce1bed90743417b0c,skateboard,ShapeNet,95c69877104059fd1389cf37af584e4b,skateboard,ShapeNet,False,skateboard/ShapeNet/95c69877104059fd1389cf37af584e4b,skateboard/ShapeNet/710467261256490ce1bed90743417b0c,True,skateboard,skateboard,0,"['target', 'has', 'a', 'long', '-er', 'board']",6,target has a long -er board,train,train,train,train,"[1, 11, 24, 26, 32, 9, 948, 2, 0, 0, 0, 0, 0, 0, 0, 0, 0, 0]",deck
11417,user_1644,the board is thinner,3JRJSWSMQJE5XH4LWGSQDMOILZKE37,54.0,710467261256490ce1bed90743417b0c,skateboard,ShapeNet,95c69877104059fd1389cf37af584e4b,skateboard,ShapeNet,False,skateboard/ShapeNet/95c69877104059fd1389cf37af584e4b,skateboard/ShapeNet/710467261256490ce1bed90743417b0c,True,skateboard,skateboard,0,"['the', 'board', 'is', 'thin', '-er']",5,the board is thin -er,train,train,train,train,"[1, 10, 948, 7, 60, 9, 2, 0, 0, 0, 0, 0, 0, 0, 0, 0, 0, 0]",deck
11418,user_1796,The deck's lip is way thinner.,3WQ3B2KGEA9BGBEMZLCHOL30KIS1B1,100.0,710467261256490ce1bed90743417b0c,skateboard,ShapeNet,95c69877104059fd1389cf37af584e4b,skateboard,ShapeNet,False,skateboard/ShapeNet/95c69877104059fd1389cf37af584e4b,skateboard/ShapeNet/710467261256490ce1bed90743417b0c,True,skateboard,skateboard,0,"['the', 'deck', ""'s"", 'lip', 'is', 'way', 'thin', '-er']",8,the deck 's lip is way thin -er,train,train,train,train,"[1, 10, 1281, 12, 125, 7, 471, 60, 9, 2, 0, 0, 0, 0, 0, 0, 0, 0]",deck
11419,user_323,The target has a more narrow deck.,3FDJT1UU761BXWJZ6LRMQEZ7JS7K5N,192.0,fc5c4986b2661d848fc8944fc8bfc667,skateboard,ShapeNet,8ae2871e13786052f42b80606c2f3752,skateboard,ShapeNet,False,skateboard/ShapeNet/8ae2871e13786052f42b80606c2f3752,skateboard/ShapeNet/fc5c4986b2661d848fc8944fc8bfc667,False,skateboard,skateboard,0,"['the', 'target', 'has', 'a', 'more', 'narrow', 'deck']",7,the target has a more narrow deck,train,train,train,train,"[1, 10, 11, 24, 26, 34, 210, 1281, 2, 0, 0, 0, 0, 0, 0, 0, 0, 0]",deck
11420,user_1246,The deck is less in width,3B2X28YI3Y86NXFJ5ROYJHUHST8B69,37.0,fc5c4986b2661d848fc8944fc8bfc667,skateboard,ShapeNet,8ae2871e13786052f42b80606c2f3752,skateboard,ShapeNet,False,skateboard/ShapeNet/8ae2871e13786052f42b80606c2f3752,skateboard/ShapeNet/fc5c4986b2661d848fc8944fc8bfc667,False,skateboard,skateboard,0,"['the', 'deck', 'is', 'less', 'in', 'width']",6,the deck is less in width,train,train,train,train,"[1, 10, 1281, 7, 229, 90, 358, 2, 0, 0, 0, 0, 0, 0, 0, 0, 0, 0]",deck
11421,user_1298,The deck has two different shapes on the ends.,3BDCF01OGZNKJQB12N8KGBAF3XGLY7,36.0,fc5c4986b2661d848fc8944fc8bfc667,skateboard,ShapeNet,8ae2871e13786052f42b80606c2f3752,skateboard,ShapeNet,False,skateboard/ShapeNet/8ae2871e13786052f42b80606c2f3752,skateboard/ShapeNet/fc5c4986b2661d848fc8944fc8bfc667,False,skateboard,skateboard,0,"['the', 'deck', 'has', 'two', 'different', 'shapes', 'on', 'the', 'ends']",9,the deck has two different shapes on the ends,train,train,train,train,"[1, 10, 1281, 24, 17, 306, 980, 20, 10, 247, 2, 0, 0, 0, 0, 0, 0, 0]",deck
11423,user_948,It has bigger wheels,3IHR8NYAM9UUC4CF58DKH3FSD6I4P3,74.0,d4abd88611997d2cc4647061c0a60dc9,skateboard,ShapeNet,79288e2c98c7be7c6e72f8cfa29d3672,skateboard,ShapeNet,False,skateboard/ShapeNet/79288e2c98c7be7c6e72f8cfa29d3672,skateboard/ShapeNet/d4abd88611997d2cc4647061c0a60dc9,True,skateboard,skateboard,0,"['it', 'has', 'big', '-er', 'wheels']",5,it has big -er wheels,train,train,train,train,"[1, 23, 24, 320, 9, 1013, 2, 0, 0, 0, 0, 0, 0, 0, 0, 0, 0, 0]",wheel
11424,user_1246,"The wheels are different types, they're tracks",31N2WW6R9TJX3V4HRRCWV49IX0Y3FD,36.0,d4abd88611997d2cc4647061c0a60dc9,skateboard,ShapeNet,79288e2c98c7be7c6e72f8cfa29d3672,skateboard,ShapeNet,True,skateboard/ShapeNet/79288e2c98c7be7c6e72f8cfa29d3672,skateboard/ShapeNet/d4abd88611997d2cc4647061c0a60dc9,True,skateboard,skateboard,0,"['the', 'wheels', 'are', 'different', 'types', 'they', 'are', 'tracks']",8,the wheels are different types they are tracks,train,train,train,train,"[1, 10, 1013, 16, 306, 1655, 752, 16, 1604, 2, 0, 0, 0, 0, 0, 0, 0, 0]",wheel
11425,user_468,The deck is not as curvier at the tail,358UUM7WR1WC74ADKYFGPAZH5QVR71,57.0,b2dc96e7d45797f69a58f604ee2cbadf,skateboard,ShapeNet,2085eac3fc071dd47292d1029e5a9853,skateboard,ShapeNet,False,skateboard/ShapeNet/2085eac3fc071dd47292d1029e5a9853,skateboard/ShapeNet/b2dc96e7d45797f69a58f604ee2cbadf,False,skateboard,skateboard,0,"['the', 'deck', 'is', 'not', 'as', 'curvy', '-er', 'at', 'the', 'tail']",10,the deck is not as curvy -er at the tail,train,train,train,train,"[1, 10, 1281, 7, 40, 52, 179, 9, 98, 10, 1594, 2, 0, 0, 0, 0, 0, 0]",deck
11426,user_984,The wheels are the same size,33LKR6A5KGDBCX83Z732OF9MQPS1TR,114.0,b2dc96e7d45797f69a58f604ee2cbadf,skateboard,ShapeNet,2085eac3fc071dd47292d1029e5a9853,skateboard,ShapeNet,False,skateboard/ShapeNet/2085eac3fc071dd47292d1029e5a9853,skateboard/ShapeNet/b2dc96e7d45797f69a58f604ee2cbadf,False,skateboard,skateboard,0,"['the', 'wheels', 'are', 'the', 'same', 'size']",6,the wheels are the same size,train,train,train,train,"[1, 10, 1013, 16, 10, 300, 377, 2, 0, 0, 0, 0, 0, 0, 0, 0, 0, 0]",wheel
11427,user_1030,Flatter deck,3PDJHANYK79GEAI55JYU5SXFN6D6HK,70.0,b2dc96e7d45797f69a58f604ee2cbadf,skateboard,ShapeNet,2085eac3fc071dd47292d1029e5a9853,skateboard,ShapeNet,False,skateboard/ShapeNet/2085eac3fc071dd47292d1029e5a9853,skateboard/ShapeNet/b2dc96e7d45797f69a58f604ee2cbadf,False,skateboard,skateboard,0,"['flat', '-er', 'deck']",3,flat -er deck,train,train,train,train,"[1, 129, 9, 1281, 2, 0, 0, 0, 0, 0, 0, 0, 0, 0, 0, 0, 0, 0]",deck
11428,user_948,The trucks are more visible,3GS6S824SSQ6ILJMZZ6B86TOXKFNWB,41.0,f74a5dfc0094e2d5561dce3fe08634b7,skateboard,ShapeNet,94fc692e0518c0b0537d393009a79347,skateboard,ShapeNet,False,skateboard/ShapeNet/94fc692e0518c0b0537d393009a79347,skateboard/ShapeNet/f74a5dfc0094e2d5561dce3fe08634b7,True,skateboard,skateboard,0,"['the', 'trucks', 'are', 'more', 'visible']",5,the trucks are more visible,train,train,train,train,"[1, 10, 1595, 16, 34, 185, 2, 0, 0, 0, 0, 0, 0, 0, 0, 0, 0, 0]",truck
11429,user_1161,The target rear truck is positioned closer to the nose,3KYQYYSHYX0PR0J7JJ1YV748GEEODI,317.0,f74a5dfc0094e2d5561dce3fe08634b7,skateboard,ShapeNet,94fc692e0518c0b0537d393009a79347,skateboard,ShapeNet,False,skateboard/ShapeNet/94fc692e0518c0b0537d393009a79347,skateboard/ShapeNet/f74a5dfc0094e2d5561dce3fe08634b7,True,skateboard,skateboard,0,"['the', 'target', 'rear', 'truck', 'is', 'positioned', 'close', '-er', 'to', 'the', 'nose']",11,the target rear truck is positioned close -er to the nose,train,train,train,train,"[1, 10, 11, 1188, 1606, 7, 324, 1025, 9, 58, 10, 1593, 2, 0, 0, 0, 0, 0]",truck
11430,user_1298,The deck is more narrow.,3R2UR8A0IC93P6OOAJ2APE70WWROXL,28.0,f74a5dfc0094e2d5561dce3fe08634b7,skateboard,ShapeNet,94fc692e0518c0b0537d393009a79347,skateboard,ShapeNet,False,skateboard/ShapeNet/94fc692e0518c0b0537d393009a79347,skateboard/ShapeNet/f74a5dfc0094e2d5561dce3fe08634b7,True,skateboard,skateboard,0,"['the', 'deck', 'is', 'more', 'narrow']",5,the deck is more narrow,train,train,train,train,"[1, 10, 1281, 7, 34, 210, 2, 0, 0, 0, 0, 0, 0, 0, 0, 0, 0, 0]",deck
11431,user_156,It has criss-crossing lines along its deck.,3HL8HNGX47UJIXTX80D6MHC4XT9F99,36.0,ff04077cb675226a1082f2ea630bf69e,skateboard,ShapeNet,dcb9a62d5ef76f389da15808191f1405,skateboard,ShapeNet,False,skateboard/ShapeNet/dcb9a62d5ef76f389da15808191f1405,skateboard/ShapeNet/ff04077cb675226a1082f2ea630bf69e,True,skateboard,skateboard,0,"['it', 'has', 'criss', 'crossing', 'lines', 'along', 'its', 'deck']",8,it has criss crossing lines along its deck,train,train,train,train,"[1, 23, 24, 1656, 1657, 398, 480, 5, 1281, 2, 0, 0, 0, 0, 0, 0, 0, 0]",deck
11432,user_426,The deck has a crosshatch pattern,30MVJZJNHO6ZNZFTRQ4R1F4WQZQJ9E,110.0,ff04077cb675226a1082f2ea630bf69e,skateboard,ShapeNet,dcb9a62d5ef76f389da15808191f1405,skateboard,ShapeNet,False,skateboard/ShapeNet/dcb9a62d5ef76f389da15808191f1405,skateboard/ShapeNet/ff04077cb675226a1082f2ea630bf69e,True,skateboard,skateboard,0,"['the', 'deck', 'has', 'a', 'crosshatch', 'pattern']",6,the deck has a crosshatch pattern,train,train,train,train,"[1, 10, 1281, 24, 26, 1658, 1337, 2, 0, 0, 0, 0, 0, 0, 0, 0, 0, 0]",deck
11433,user_1246,Flater deck,3R3YRB5GRHWM6Y0SVVM54CORDX4AUE,30.0,ff04077cb675226a1082f2ea630bf69e,skateboard,ShapeNet,dcb9a62d5ef76f389da15808191f1405,skateboard,ShapeNet,False,skateboard/ShapeNet/dcb9a62d5ef76f389da15808191f1405,skateboard/ShapeNet/ff04077cb675226a1082f2ea630bf69e,True,skateboard,skateboard,0,"['flat', '-er', 'deck']",3,flat -er deck,train,train,train,train,"[1, 129, 9, 1281, 2, 0, 0, 0, 0, 0, 0, 0, 0, 0, 0, 0, 0, 0]",deck
11434,user_948,The wheels are thicker,3WAKVUDHUY94NW2UOSALULM1CPYU77,60.0,234b2d3aae0b3c44b17369c768229699,skateboard,ShapeNet,c171d90db4c4ba56cdb1768065dafd0c,skateboard,ShapeNet,False,skateboard/ShapeNet/c171d90db4c4ba56cdb1768065dafd0c,skateboard/ShapeNet/234b2d3aae0b3c44b17369c768229699,False,skateboard,skateboard,0,"['the', 'wheels', 'are', 'thick', '-er']",5,the wheels are thick -er,train,train,train,train,"[1, 10, 1013, 16, 54, 9, 2, 0, 0, 0, 0, 0, 0, 0, 0, 0, 0, 0]",wheel
11435,user_1633,The target has holes in the deck.,3U5NZHP4LTVOOG0AKFX3BSOWIB4HP2,23.0,234b2d3aae0b3c44b17369c768229699,skateboard,ShapeNet,c171d90db4c4ba56cdb1768065dafd0c,skateboard,ShapeNet,False,skateboard/ShapeNet/c171d90db4c4ba56cdb1768065dafd0c,skateboard/ShapeNet/234b2d3aae0b3c44b17369c768229699,False,skateboard,skateboard,0,"['the', 'target', 'has', 'holes', 'in', 'the', 'deck']",7,the target has holes in the deck,train,train,train,train,"[1, 10, 11, 24, 234, 90, 10, 1281, 2, 0, 0, 0, 0, 0, 0, 0, 0, 0]",deck
11436,user_1644,there are two holes in the deck,3FIUS151DXV4B7C0XQPYWJY32K3GGX,27.0,234b2d3aae0b3c44b17369c768229699,skateboard,ShapeNet,c171d90db4c4ba56cdb1768065dafd0c,skateboard,ShapeNet,False,skateboard/ShapeNet/c171d90db4c4ba56cdb1768065dafd0c,skateboard/ShapeNet/234b2d3aae0b3c44b17369c768229699,False,skateboard,skateboard,0,"['there', 'are', 'two', 'holes', 'in', 'the', 'deck']",7,there are two holes in the deck,train,train,train,train,"[1, 15, 16, 17, 234, 90, 10, 1281, 2, 0, 0, 0, 0, 0, 0, 0, 0, 0]",deck
11437,user_156,Its deck does not bow upwards at the center.,3EO896NRAYOI7EO7PW98SF58K8VJTK,50.0,871516a54b6c8689615c01c6c616fbc8,skateboard,ShapeNet,bebaf2c5077b901e92ba7d308c045fd8,skateboard,ShapeNet,False,skateboard/ShapeNet/bebaf2c5077b901e92ba7d308c045fd8,skateboard/ShapeNet/871516a54b6c8689615c01c6c616fbc8,True,skateboard,skateboard,0,"['its', 'deck', 'does', 'not', 'bow', 'upwards', 'at', 'the', 'center']",9,its deck does not bow upwards at the center,train,train,train,train,"[1, 5, 1281, 39, 40, 1402, 209, 98, 10, 165, 2, 0, 0, 0, 0, 0, 0, 0]",deck
11438,user_1298,The edges of the deck are higher than the middle.,3XCC1ODXDN4MDMFSGXOMP1GCAGORQ0,68.0,871516a54b6c8689615c01c6c616fbc8,skateboard,ShapeNet,bebaf2c5077b901e92ba7d308c045fd8,skateboard,ShapeNet,False,skateboard/ShapeNet/bebaf2c5077b901e92ba7d308c045fd8,skateboard/ShapeNet/871516a54b6c8689615c01c6c616fbc8,True,skateboard,skateboard,0,"['the', 'edges', 'of', 'the', 'deck', 'are', 'high', '-er', 'than', 'the', 'middle']",11,the edges of the deck are high -er than the middle,train,train,train,train,"[1, 10, 325, 38, 10, 1281, 16, 49, 9, 131, 10, 232, 2, 0, 0, 0, 0, 0]",deck
11439,user_1815,"Deck is lowered, even with axle on one end",33LKR6A5KGDBCX83Z732OF9MQRV1TY,88.0,871516a54b6c8689615c01c6c616fbc8,skateboard,ShapeNet,bebaf2c5077b901e92ba7d308c045fd8,skateboard,ShapeNet,False,skateboard/ShapeNet/bebaf2c5077b901e92ba7d308c045fd8,skateboard/ShapeNet/871516a54b6c8689615c01c6c616fbc8,True,skateboard,skateboard,0,"['deck', 'is', 'lowered', 'even', 'with', 'axle', 'on', 'one', 'end']",9,deck is lowered even with axle on one end,train,train,train,train,"[1, 1281, 7, 1659, 996, 121, 1613, 20, 19, 74, 2, 0, 0, 0, 0, 0, 0, 0]",deck
11440,user_719,The head and the tail of the deck have higher angles.,3R6BYFZZP959JTBVBGJK2KYM4YHXFV,189.0,94fc692e0518c0b0537d393009a79347,skateboard,ShapeNet,70c8f82bf6a6fef2db8b0e67801ff73a,skateboard,ShapeNet,False,skateboard/ShapeNet/70c8f82bf6a6fef2db8b0e67801ff73a,skateboard/ShapeNet/94fc692e0518c0b0537d393009a79347,True,skateboard,skateboard,0,"['the', 'head', 'and', 'the', 'tail', 'of', 'the', 'deck', 'have', 'high', '-er', 'angles']",12,the head and the tail of the deck have high -er angles,train,train,train,train,"[1, 10, 107, 47, 10, 1594, 38, 10, 1281, 84, 49, 9, 340, 2, 0, 0, 0, 0]",deck
11443,user_156,Its deck is perfectly flat.,30OG32W0SW4C1LXVEZC5M0MOQHDENR,37.0,7fc2cddac7ad57a2aa4eefa8f42b566e,skateboard,ShapeNet,58ade10f7f87edc6e860048d7ced02e3,skateboard,ShapeNet,False,skateboard/ShapeNet/58ade10f7f87edc6e860048d7ced02e3,skateboard/ShapeNet/7fc2cddac7ad57a2aa4eefa8f42b566e,False,skateboard,skateboard,0,"['its', 'deck', 'is', 'perfectly', 'flat']",5,its deck is perfectly flat,train,train,train,train,"[1, 5, 1281, 7, 978, 129, 2, 0, 0, 0, 0, 0, 0, 0, 0, 0, 0, 0]",deck
11444,user_1644,the board is flat,3L4PIM1GQV9VMO6E775G2NJE9PFYRK,77.0,7fc2cddac7ad57a2aa4eefa8f42b566e,skateboard,ShapeNet,58ade10f7f87edc6e860048d7ced02e3,skateboard,ShapeNet,False,skateboard/ShapeNet/58ade10f7f87edc6e860048d7ced02e3,skateboard/ShapeNet/7fc2cddac7ad57a2aa4eefa8f42b566e,False,skateboard,skateboard,0,"['the', 'board', 'is', 'flat']",4,the board is flat,train,train,train,train,"[1, 10, 948, 7, 129, 2, 0, 0, 0, 0, 0, 0, 0, 0, 0, 0, 0, 0]",deck
11445,user_1815,Deck is flat,3MHW492WW26NLEYHXOMF9PLALN5VMF,71.0,7fc2cddac7ad57a2aa4eefa8f42b566e,skateboard,ShapeNet,58ade10f7f87edc6e860048d7ced02e3,skateboard,ShapeNet,False,skateboard/ShapeNet/58ade10f7f87edc6e860048d7ced02e3,skateboard/ShapeNet/7fc2cddac7ad57a2aa4eefa8f42b566e,False,skateboard,skateboard,0,"['deck', 'is', 'flat']",3,deck is flat,train,train,train,train,"[1, 1281, 7, 129, 2, 0, 0, 0, 0, 0, 0, 0, 0, 0, 0, 0, 0, 0]",deck
11446,user_203,The axles extend farther out from the deck.,38F71OA9GVPYPHCRX9HBR3IOXRGMFD,70.0,732270ac7e23d610e62bec48c266b5c6,skateboard,ShapeNet,1510427efa80c92b11c7049de48f3618,skateboard,ShapeNet,False,skateboard/ShapeNet/1510427efa80c92b11c7049de48f3618,skateboard/ShapeNet/732270ac7e23d610e62bec48c266b5c6,True,skateboard,skateboard,0,"['the', 'axles', 'extend', 'far', '-er', 'out', 'from', 'the', 'deck']",9,the axles extend far -er out from the deck,val,train,val,train,"[1, 10, 1605, 467, 78, 9, 89, 113, 10, 1281, 2, 0, 0, 0, 0, 0, 0, 0]",deck
11447,user_1633,The target's deck is not completely flat.,3JPSL1DZ5US9B8GJYUAJQHWX519NAX,30.0,732270ac7e23d610e62bec48c266b5c6,skateboard,ShapeNet,1510427efa80c92b11c7049de48f3618,skateboard,ShapeNet,False,skateboard/ShapeNet/1510427efa80c92b11c7049de48f3618,skateboard/ShapeNet/732270ac7e23d610e62bec48c266b5c6,True,skateboard,skateboard,0,"['the', 'target', ""'s"", 'deck', 'is', 'not', 'completely', 'flat']",8,the target 's deck is not completely flat,val,train,val,train,"[1, 10, 11, 12, 1281, 7, 40, 169, 129, 2, 0, 0, 0, 0, 0, 0, 0, 0]",deck
11448,user_1644,the deck isn't flat,33NF62TLXLVJ4VYKVNVGROIC1T2KJ9,215.0,732270ac7e23d610e62bec48c266b5c6,skateboard,ShapeNet,1510427efa80c92b11c7049de48f3618,skateboard,ShapeNet,False,skateboard/ShapeNet/1510427efa80c92b11c7049de48f3618,skateboard/ShapeNet/732270ac7e23d610e62bec48c266b5c6,True,skateboard,skateboard,0,"['the', 'deck', 'is', 'not', 'flat']",5,the deck is not flat,val,train,val,train,"[1, 10, 1281, 7, 40, 129, 2, 0, 0, 0, 0, 0, 0, 0, 0, 0, 0, 0]",deck
11449,user_42,The boards length is shorter.,3PMBY0YE29WCFL9NHYN5EBR10GD9CO,44.0,c7482cb7a8db514921cafafd7e7949c7,skateboard,ShapeNet,2085eac3fc071dd47292d1029e5a9853,skateboard,ShapeNet,False,skateboard/ShapeNet/2085eac3fc071dd47292d1029e5a9853,skateboard/ShapeNet/c7482cb7a8db514921cafafd7e7949c7,True,skateboard,skateboard,0,"['the', 'boards', 'length', 'is', 'short', '-er']",6,the boards length is short -er,train,train,train,train,"[1, 10, 1177, 155, 7, 8, 9, 2, 0, 0, 0, 0, 0, 0, 0, 0, 0, 0]",deck
11451,user_1357,The wheels are bigger,3U088ZLJVMM3XPRFYT4DXUXBPS20WD,27.0,c7482cb7a8db514921cafafd7e7949c7,skateboard,ShapeNet,2085eac3fc071dd47292d1029e5a9853,skateboard,ShapeNet,False,skateboard/ShapeNet/2085eac3fc071dd47292d1029e5a9853,skateboard/ShapeNet/c7482cb7a8db514921cafafd7e7949c7,True,skateboard,skateboard,0,"['the', 'wheels', 'are', 'big', '-er']",5,the wheels are big -er,train,train,train,train,"[1, 10, 1013, 16, 320, 9, 2, 0, 0, 0, 0, 0, 0, 0, 0, 0, 0, 0]",wheel
11456,user_468,The deck doesn't curve up as high on the nose,3TDXMTX3CDNGA5TPB1GF54YUNJRI6O,42.0,484a49065ab1430624256fd51423318f,skateboard,ShapeNet,d9b0de3b3aecfffb1fabf3cbd0fc77bc,skateboard,ShapeNet,False,skateboard/ShapeNet/d9b0de3b3aecfffb1fabf3cbd0fc77bc,skateboard/ShapeNet/484a49065ab1430624256fd51423318f,False,skateboard,skateboard,0,"['the', 'deck', 'does', 'not', 'curve', 'up', 'as', 'high', 'on', 'the', 'nose']",11,the deck does not curve up as high on the nose,train,train,train,train,"[1, 10, 1281, 39, 40, 43, 269, 52, 49, 20, 10, 1593, 2, 0, 0, 0, 0, 0]",deck
11457,user_1633,The target's deck's edges are wavy.,36TFCYNS463TXP21667K55AZKA9HXM,46.0,484a49065ab1430624256fd51423318f,skateboard,ShapeNet,d9b0de3b3aecfffb1fabf3cbd0fc77bc,skateboard,ShapeNet,False,skateboard/ShapeNet/d9b0de3b3aecfffb1fabf3cbd0fc77bc,skateboard/ShapeNet/484a49065ab1430624256fd51423318f,False,skateboard,skateboard,0,"['the', 'target', ""'s"", 'deck', ""'s"", 'edges', 'are', 'wavy']",8,the target 's deck 's edges are wavy,train,train,train,train,"[1, 10, 11, 12, 1281, 12, 325, 16, 660, 2, 0, 0, 0, 0, 0, 0, 0, 0]",deck
11458,user_1205,Target has a shorter board,3B2X28YI3Y86NXFJ5ROYJHUHSTAB6B,47.0,a1d36f02d20d18db6a2979228046d9f9,skateboard,ShapeNet,732270ac7e23d610e62bec48c266b5c6,skateboard,ShapeNet,False,skateboard/ShapeNet/732270ac7e23d610e62bec48c266b5c6,skateboard/ShapeNet/a1d36f02d20d18db6a2979228046d9f9,False,skateboard,skateboard,0,"['target', 'has', 'a', 'short', '-er', 'board']",6,target has a short -er board,train,train,train,train,"[1, 11, 24, 26, 8, 9, 948, 2, 0, 0, 0, 0, 0, 0, 0, 0, 0, 0]",deck
11459,user_1392,The deck is flat.,3GU1KF0O4KUEX3XOKNN7PHLYNY0BPH,20.0,a1d36f02d20d18db6a2979228046d9f9,skateboard,ShapeNet,732270ac7e23d610e62bec48c266b5c6,skateboard,ShapeNet,False,skateboard/ShapeNet/732270ac7e23d610e62bec48c266b5c6,skateboard/ShapeNet/a1d36f02d20d18db6a2979228046d9f9,False,skateboard,skateboard,0,"['the', 'deck', 'is', 'flat']",4,the deck is flat,train,train,train,train,"[1, 10, 1281, 7, 129, 2, 0, 0, 0, 0, 0, 0, 0, 0, 0, 0, 0, 0]",deck
11460,user_1796,The board is flat.,3STRJBFXOYKDIYUP7H9KTU5LZVRTKL,54.0,a1d36f02d20d18db6a2979228046d9f9,skateboard,ShapeNet,732270ac7e23d610e62bec48c266b5c6,skateboard,ShapeNet,False,skateboard/ShapeNet/732270ac7e23d610e62bec48c266b5c6,skateboard/ShapeNet/a1d36f02d20d18db6a2979228046d9f9,False,skateboard,skateboard,0,"['the', 'board', 'is', 'flat']",4,the board is flat,train,train,train,train,"[1, 10, 948, 7, 129, 2, 0, 0, 0, 0, 0, 0, 0, 0, 0, 0, 0, 0]",deck
11461,user_203,The wheel diameter is greater.,3UWN2HHPU0YDB42DFUWABHQ3R7KSN2,57.0,fb1ad690d8befb5a74bfd4c8606b795,skateboard,ShapeNet,e7a5dd6f6ac650977cbfdb97d3d9f05,skateboard,ShapeNet,False,skateboard/ShapeNet/e7a5dd6f6ac650977cbfdb97d3d9f05,skateboard/ShapeNet/fb1ad690d8befb5a74bfd4c8606b795,False,skateboard,skateboard,0,"['the', 'wheel', 'diameter', 'is', 'great', '-er']",6,the wheel diameter is great -er,test,train,test,train,"[1, 10, 544, 268, 7, 188, 9, 2, 0, 0, 0, 0, 0, 0, 0, 0, 0, 0]",wheel
11467,user_468,There are visible wheels,3483FV8BEGCCZKFNMYVNIORDYNW26Z,39.0,a6d560508fb2fe2858dda0079c7c30f2,skateboard,ShapeNet,58ae991bd0350810b9ac379f661f5c75,skateboard,ShapeNet,False,skateboard/ShapeNet/58ae991bd0350810b9ac379f661f5c75,skateboard/ShapeNet/a6d560508fb2fe2858dda0079c7c30f2,False,skateboard,skateboard,0,"['there', 'are', 'visible', 'wheels']",4,there are visible wheels,train,train,train,train,"[1, 15, 16, 185, 1013, 2, 0, 0, 0, 0, 0, 0, 0, 0, 0, 0, 0, 0]",wheel
11468,user_476,Target has wheels.,3K772S5NPA4KRPBKB1HSHGPS442EHE,94.0,a6d560508fb2fe2858dda0079c7c30f2,skateboard,ShapeNet,58ae991bd0350810b9ac379f661f5c75,skateboard,ShapeNet,False,skateboard/ShapeNet/58ae991bd0350810b9ac379f661f5c75,skateboard/ShapeNet/a6d560508fb2fe2858dda0079c7c30f2,False,skateboard,skateboard,0,"['target', 'has', 'wheels']",3,target has wheels,train,train,train,train,"[1, 11, 24, 1013, 2, 0, 0, 0, 0, 0, 0, 0, 0, 0, 0, 0, 0, 0]",wheel
11473,user_571,The wheels are wider,36ZN444YTTR6ZBZTBX29M4KL8L3OI5,30.0,463434d2fcf567d56a93dc68b4021dbb,skateboard,ShapeNet,755dc44dae7791761082f2ea630bf69e,skateboard,ShapeNet,False,skateboard/ShapeNet/755dc44dae7791761082f2ea630bf69e,skateboard/ShapeNet/463434d2fcf567d56a93dc68b4021dbb,False,skateboard,skateboard,0,"['the', 'wheels', 'are', 'wide', '-er']",5,the wheels are wide -er,train,train,train,train,"[1, 10, 1013, 16, 83, 9, 2, 0, 0, 0, 0, 0, 0, 0, 0, 0, 0, 0]",wheel
11474,user_1357,The wheels are bigger,33PPUNGG3AYVREGJ3T7ZGUSGFK7ZR2,26.0,463434d2fcf567d56a93dc68b4021dbb,skateboard,ShapeNet,755dc44dae7791761082f2ea630bf69e,skateboard,ShapeNet,False,skateboard/ShapeNet/755dc44dae7791761082f2ea630bf69e,skateboard/ShapeNet/463434d2fcf567d56a93dc68b4021dbb,False,skateboard,skateboard,0,"['the', 'wheels', 'are', 'big', '-er']",5,the wheels are big -er,train,train,train,train,"[1, 10, 1013, 16, 320, 9, 2, 0, 0, 0, 0, 0, 0, 0, 0, 0, 0, 0]",wheel
11476,user_505,Target has only two visible wheels,3ON104KXQMPKWD9GHURF9XNO63GW4L,102.0,87115860707b0208813c2f803c03ef9f,skateboard,ShapeNet,732270ac7e23d610e62bec48c266b5c6,skateboard,ShapeNet,False,skateboard/ShapeNet/732270ac7e23d610e62bec48c266b5c6,skateboard/ShapeNet/87115860707b0208813c2f803c03ef9f,True,skateboard,skateboard,0,"['target', 'has', 'only', 'two', 'visible', 'wheels']",6,target has only two visible wheels,train,train,train,train,"[1, 11, 24, 133, 17, 185, 1013, 2, 0, 0, 0, 0, 0, 0, 0, 0, 0, 0]",wheel
11477,user_1601,The target deck has a flat nose and tail.,3PPTZCWALSDVFD1JQEIZB4IBJX5ZQZ,211.0,87115860707b0208813c2f803c03ef9f,skateboard,ShapeNet,732270ac7e23d610e62bec48c266b5c6,skateboard,ShapeNet,False,skateboard/ShapeNet/732270ac7e23d610e62bec48c266b5c6,skateboard/ShapeNet/87115860707b0208813c2f803c03ef9f,True,skateboard,skateboard,0,"['the', 'target', 'deck', 'has', 'a', 'flat', 'nose', 'and', 'tail']",9,the target deck has a flat nose and tail,train,train,train,train,"[1, 10, 11, 1281, 24, 26, 129, 1593, 47, 1594, 2, 0, 0, 0, 0, 0, 0, 0]",deck
11479,user_61,The target has somewhat larger wheels.,36W0OB37HY7I2K2G7OV52QQASADZH7,138.0,7a8b7d5d288742546fee3d712d650ac2,skateboard,ShapeNet,af4343c5b78b70b11082f2ea630bf69e,skateboard,ShapeNet,False,skateboard/ShapeNet/af4343c5b78b70b11082f2ea630bf69e,skateboard/ShapeNet/7a8b7d5d288742546fee3d712d650ac2,True,skateboard,skateboard,0,"['the', 'target', 'has', 'somewhat', 'large', '-er', 'wheels']",7,the target has somewhat large -er wheels,train,train,train,train,"[1, 10, 11, 24, 1175, 94, 9, 1013, 2, 0, 0, 0, 0, 0, 0, 0, 0, 0]",wheel
11480,user_549,The deck is not symmetrical from nose to tail.,3KOPY89HMAVD8XQDAH3HA21AQCRJ3I,74.0,7a8b7d5d288742546fee3d712d650ac2,skateboard,ShapeNet,af4343c5b78b70b11082f2ea630bf69e,skateboard,ShapeNet,False,skateboard/ShapeNet/af4343c5b78b70b11082f2ea630bf69e,skateboard/ShapeNet/7a8b7d5d288742546fee3d712d650ac2,True,skateboard,skateboard,0,"['the', 'deck', 'is', 'not', 'symmetrical', 'from', 'nose', 'to', 'tail']",9,the deck is not symmetrical from nose to tail,train,train,train,train,"[1, 10, 1281, 7, 40, 489, 113, 1593, 58, 1594, 2, 0, 0, 0, 0, 0, 0, 0]",deck
11481,user_1644,the wheels are larger,3I0BTBYZAZE7MUMFDUM1IRIR04G0YY,65.0,7a8b7d5d288742546fee3d712d650ac2,skateboard,ShapeNet,af4343c5b78b70b11082f2ea630bf69e,skateboard,ShapeNet,False,skateboard/ShapeNet/af4343c5b78b70b11082f2ea630bf69e,skateboard/ShapeNet/7a8b7d5d288742546fee3d712d650ac2,True,skateboard,skateboard,0,"['the', 'wheels', 'are', 'large', '-er']",5,the wheels are large -er,train,train,train,train,"[1, 10, 1013, 16, 94, 9, 2, 0, 0, 0, 0, 0, 0, 0, 0, 0, 0, 0]",wheel
11482,user_203,The deck is wider.,3LS2AMNW5HJJG9NCO57IV6B7ZT3QOP,152.0,c8aed131dd905c6e1082f2ea630bf69e,skateboard,ShapeNet,2026cbe0ebbe1153d975109d955e6652,skateboard,ShapeNet,False,skateboard/ShapeNet/2026cbe0ebbe1153d975109d955e6652,skateboard/ShapeNet/c8aed131dd905c6e1082f2ea630bf69e,False,skateboard,skateboard,0,"['the', 'deck', 'is', 'wide', '-er']",5,the deck is wide -er,train,train,train,train,"[1, 10, 1281, 7, 83, 9, 2, 0, 0, 0, 0, 0, 0, 0, 0, 0, 0, 0]",deck
11486,user_1815,Deck is thinner,384PI804XUUAQ8A6EOUC05UQJGB0S5,85.0,99130967461623c37ca71234c2ec5470,skateboard,ShapeNet,937c41b3d0d3a87fad1f278e1513f3b7,skateboard,ShapeNet,False,skateboard/ShapeNet/937c41b3d0d3a87fad1f278e1513f3b7,skateboard/ShapeNet/99130967461623c37ca71234c2ec5470,True,skateboard,skateboard,0,"['deck', 'is', 'thin', '-er']",4,deck is thin -er,test,train,test,train,"[1, 1281, 7, 60, 9, 2, 0, 0, 0, 0, 0, 0, 0, 0, 0, 0, 0, 0]",deck
11489,user_1161,The target deck has a thinner height,3FPRZHYEP00MZSQ7R6H0DQC4LUN3V2,195.0,fc5c4986b2661d848fc8944fc8bfc667,skateboard,ShapeNet,90dbe261a4d56dcf1082f2ea630bf69e,skateboard,ShapeNet,False,skateboard/ShapeNet/90dbe261a4d56dcf1082f2ea630bf69e,skateboard/ShapeNet/fc5c4986b2661d848fc8944fc8bfc667,False,skateboard,skateboard,0,"['the', 'target', 'deck', 'has', 'a', 'thin', '-er', 'height']",8,the target deck has a thin -er height,test,train,test,train,"[1, 10, 11, 1281, 24, 26, 60, 9, 117, 2, 0, 0, 0, 0, 0, 0, 0, 0]",deck
11490,user_1796,You can see the truck hanger.,3E47SOBEYSP5QM2QLSTIR4Q4J53CIB,66.0,fc5c4986b2661d848fc8944fc8bfc667,skateboard,ShapeNet,90dbe261a4d56dcf1082f2ea630bf69e,skateboard,ShapeNet,False,skateboard/ShapeNet/90dbe261a4d56dcf1082f2ea630bf69e,skateboard/ShapeNet/fc5c4986b2661d848fc8944fc8bfc667,False,skateboard,skateboard,0,"['you', 'can', 'see', 'the', 'truck', 'hanger']",6,you can see the truck hanger,test,train,test,train,"[1, 1620, 1168, 1621, 10, 1606, 1654, 2, 0, 0, 0, 0, 0, 0, 0, 0, 0, 0]",truck
11491,user_156,Its deck does not curve upward at both ends.,3FQ5JJ512NHFNLP5ALN8KVZTAEKNKV,102.0,abdc4a823b1f78c397f47f3057557cbe,skateboard,ShapeNet,af4343c5b78b70b11082f2ea630bf69e,skateboard,ShapeNet,False,skateboard/ShapeNet/af4343c5b78b70b11082f2ea630bf69e,skateboard/ShapeNet/abdc4a823b1f78c397f47f3057557cbe,False,skateboard,skateboard,0,"['its', 'deck', 'does', 'not', 'curve', 'upward', 'at', 'both', 'ends']",9,its deck does not curve upward at both ends,train,train,train,train,"[1, 5, 1281, 39, 40, 43, 79, 98, 470, 247, 2, 0, 0, 0, 0, 0, 0, 0]",deck
11494,user_468,The wheels are thicker,3E4GGUZ1TAKJYZ0CO2POS7WVZIH2K5,52.0,a1d36f02d20d18db6a2979228046d9f9,skateboard,ShapeNet,9ac2d972bedd083342535d908ea693ac,skateboard,ShapeNet,False,skateboard/ShapeNet/9ac2d972bedd083342535d908ea693ac,skateboard/ShapeNet/a1d36f02d20d18db6a2979228046d9f9,False,skateboard,skateboard,0,"['the', 'wheels', 'are', 'thick', '-er']",5,the wheels are thick -er,train,train,train,train,"[1, 10, 1013, 16, 54, 9, 2, 0, 0, 0, 0, 0, 0, 0, 0, 0, 0, 0]",wheel
11496,user_1644,the wheels are bigger,3T111IHZ5GJGLNY6ZVD036QN0GK9RW,65.0,a1d36f02d20d18db6a2979228046d9f9,skateboard,ShapeNet,9ac2d972bedd083342535d908ea693ac,skateboard,ShapeNet,False,skateboard/ShapeNet/9ac2d972bedd083342535d908ea693ac,skateboard/ShapeNet/a1d36f02d20d18db6a2979228046d9f9,False,skateboard,skateboard,0,"['the', 'wheels', 'are', 'big', '-er']",5,the wheels are big -er,train,train,train,train,"[1, 10, 1013, 16, 320, 9, 2, 0, 0, 0, 0, 0, 0, 0, 0, 0, 0, 0]",wheel
11497,user_152,the deck covers the base plates,3ZV9H2YQQF0ZEHQCHGMWZSVIS3NW33,94.0,bebaf2c5077b901e92ba7d308c045fd8,skateboard,ShapeNet,9d79847df77172f5ee8f98672c31bd1,skateboard,ShapeNet,False,skateboard/ShapeNet/9d79847df77172f5ee8f98672c31bd1,skateboard/ShapeNet/bebaf2c5077b901e92ba7d308c045fd8,False,skateboard,skateboard,0,"['the', 'deck', 'covers', 'the', 'base', 'plates']",6,the deck covers the base plates,train,train,train,train,"[1, 10, 1281, 622, 10, 103, 1663, 2, 0, 0, 0, 0, 0, 0, 0, 0, 0, 0]",deck
11499,user_1815,Looks like standard skateboard,3570Y55XZRC4XYX0RWB43J577IVYGJ,57.0,bebaf2c5077b901e92ba7d308c045fd8,skateboard,ShapeNet,9d79847df77172f5ee8f98672c31bd1,skateboard,ShapeNet,False,skateboard/ShapeNet/9d79847df77172f5ee8f98672c31bd1,skateboard/ShapeNet/bebaf2c5077b901e92ba7d308c045fd8,False,skateboard,skateboard,0,"['looks', 'like', 'standard', 'skateboard']",4,looks like standard skateboard,train,train,train,train,"[1, 33, 35, 365, 1616, 2, 0, 0, 0, 0, 0, 0, 0, 0, 0, 0, 0, 0]",deck
11500,user_1298,The deck is rounder.,3IJXV6UZ1ZC9WOR93PJDGZPQJ67RIX,29.0,619b49bae27807fb1082f2ea630bf69e,skateboard,ShapeNet,710467261256490ce1bed90743417b0c,skateboard,ShapeNet,False,skateboard/ShapeNet/710467261256490ce1bed90743417b0c,skateboard/ShapeNet/619b49bae27807fb1082f2ea630bf69e,False,skateboard,skateboard,0,"['the', 'deck', 'is', 'round', '-er']",5,the deck is round -er,train,train,train,train,"[1, 10, 1281, 7, 134, 9, 2, 0, 0, 0, 0, 0, 0, 0, 0, 0, 0, 0]",deck
11501,user_1633,The target has smaller wheels.,3LRKMWOKB7AENUZYO3SYFMK83ROZ2I,73.0,619b49bae27807fb1082f2ea630bf69e,skateboard,ShapeNet,710467261256490ce1bed90743417b0c,skateboard,ShapeNet,False,skateboard/ShapeNet/710467261256490ce1bed90743417b0c,skateboard/ShapeNet/619b49bae27807fb1082f2ea630bf69e,False,skateboard,skateboard,0,"['the', 'target', 'has', 'small', '-er', 'wheels']",6,the target has small -er wheels,train,train,train,train,"[1, 10, 11, 24, 111, 9, 1013, 2, 0, 0, 0, 0, 0, 0, 0, 0, 0, 0]",wheel
11502,user_1644,the wheels are smaller,32SCWG5HIJX8RRGTOW6ZE1Z69XO6PQ,59.0,619b49bae27807fb1082f2ea630bf69e,skateboard,ShapeNet,710467261256490ce1bed90743417b0c,skateboard,ShapeNet,False,skateboard/ShapeNet/710467261256490ce1bed90743417b0c,skateboard/ShapeNet/619b49bae27807fb1082f2ea630bf69e,False,skateboard,skateboard,0,"['the', 'wheels', 'are', 'small', '-er']",5,the wheels are small -er,train,train,train,train,"[1, 10, 1013, 16, 111, 9, 2, 0, 0, 0, 0, 0, 0, 0, 0, 0, 0, 0]",wheel
11508,user_1357,The trucks are gone,3J2UYBXQQN553AC97BR9Z0YY1Q6069,24.0,8f78a26403f09b708b3b3a08d28a7d7c,skateboard,ShapeNet,f5d7698b5a57d61226e0640b67de606,skateboard,ShapeNet,False,skateboard/ShapeNet/f5d7698b5a57d61226e0640b67de606,skateboard/ShapeNet/8f78a26403f09b708b3b3a08d28a7d7c,False,skateboard,skateboard,0,"['the', 'trucks', 'are', 'gone']",4,the trucks are gone,train,train,train,train,"[1, 10, 1595, 16, 1592, 2, 0, 0, 0, 0, 0, 0, 0, 0, 0, 0, 0, 0]",truck
11509,user_1218,The wheels are bigger.,3KAKFY4PGWVHDM67SZIHY1MADSMI3F,180.0,792953b4101753c6ed3696d854eee1ec,skateboard,ShapeNet,9d79847df77172f5ee8f98672c31bd1,skateboard,ShapeNet,False,skateboard/ShapeNet/9d79847df77172f5ee8f98672c31bd1,skateboard/ShapeNet/792953b4101753c6ed3696d854eee1ec,True,skateboard,skateboard,0,"['the', 'wheels', 'are', 'big', '-er']",5,the wheels are big -er,train,train,train,train,"[1, 10, 1013, 16, 320, 9, 2, 0, 0, 0, 0, 0, 0, 0, 0, 0, 0, 0]",wheel
11510,user_1357,The wheels are bigger,3K4J6M3CXGM31GZXBQXO0XN04QKGAH,34.0,792953b4101753c6ed3696d854eee1ec,skateboard,ShapeNet,9d79847df77172f5ee8f98672c31bd1,skateboard,ShapeNet,False,skateboard/ShapeNet/9d79847df77172f5ee8f98672c31bd1,skateboard/ShapeNet/792953b4101753c6ed3696d854eee1ec,True,skateboard,skateboard,0,"['the', 'wheels', 'are', 'big', '-er']",5,the wheels are big -er,train,train,train,train,"[1, 10, 1013, 16, 320, 9, 2, 0, 0, 0, 0, 0, 0, 0, 0, 0, 0, 0]",wheel
11511,user_1685,Deck height is thicker,3SKRO2GZ73KC9EIG5YPANOMQ7CZ1KJ,86.0,792953b4101753c6ed3696d854eee1ec,skateboard,ShapeNet,9d79847df77172f5ee8f98672c31bd1,skateboard,ShapeNet,False,skateboard/ShapeNet/9d79847df77172f5ee8f98672c31bd1,skateboard/ShapeNet/792953b4101753c6ed3696d854eee1ec,True,skateboard,skateboard,0,"['deck', 'height', 'is', 'thick', '-er']",5,deck height is thick -er,train,train,train,train,"[1, 1281, 117, 7, 54, 9, 2, 0, 0, 0, 0, 0, 0, 0, 0, 0, 0, 0]",deck
11512,user_45,Target has several holes in the board,3GGAI1SQEXRRM5SH67RAJXXL0EOMC2,57.0,f9752bb556ab1e20681083250d6ef1,skateboard,ShapeNet,47bb28c62a245621ad3e04762b7c31c,skateboard,ShapeNet,False,skateboard/ShapeNet/47bb28c62a245621ad3e04762b7c31c,skateboard/ShapeNet/f9752bb556ab1e20681083250d6ef1,True,skateboard,skateboard,0,"['target', 'has', 'several', 'holes', 'in', 'the', 'board']",7,target has several holes in the board,train,train,train,train,"[1, 11, 24, 571, 234, 90, 10, 948, 2, 0, 0, 0, 0, 0, 0, 0, 0, 0]",deck
11513,user_549,There are large holes along both sides of the deck.,3N8OEVH1FTJGVXAW9SFE61G7KXXOO1,50.0,f9752bb556ab1e20681083250d6ef1,skateboard,ShapeNet,47bb28c62a245621ad3e04762b7c31c,skateboard,ShapeNet,False,skateboard/ShapeNet/47bb28c62a245621ad3e04762b7c31c,skateboard/ShapeNet/f9752bb556ab1e20681083250d6ef1,True,skateboard,skateboard,0,"['there', 'are', 'large', 'holes', 'along', 'both', 'sides', 'of', 'the', 'deck']",10,there are large holes along both sides of the deck,train,train,train,train,"[1, 15, 16, 94, 234, 480, 470, 360, 38, 10, 1281, 2, 0, 0, 0, 0, 0, 0]",deck
11514,user_2101,The target has 12 holes in the middle of the deck,3ERET4BTVO2UYJLB9B432U495OQK9E,133.0,f9752bb556ab1e20681083250d6ef1,skateboard,ShapeNet,47bb28c62a245621ad3e04762b7c31c,skateboard,ShapeNet,False,skateboard/ShapeNet/47bb28c62a245621ad3e04762b7c31c,skateboard/ShapeNet/f9752bb556ab1e20681083250d6ef1,True,skateboard,skateboard,0,"['the', 'target', 'has', 'twelve', 'holes', 'in', 'the', 'middle', 'of', 'the', 'deck']",11,the target has twelve holes in the middle of the deck,train,train,train,train,"[1, 10, 11, 24, 1294, 234, 90, 10, 232, 38, 10, 1281, 2, 0, 0, 0, 0, 0]",deck
11516,user_1298,The deck has less curves.,3WAKVUDHUY94NW2UOSALULM1CP0U79,38.0,5aec8d7745acbca498c63cb68f11df34,skateboard,ShapeNet,c0280aaad5473e8398c63cb68f11df34,skateboard,ShapeNet,False,skateboard/ShapeNet/c0280aaad5473e8398c63cb68f11df34,skateboard/ShapeNet/5aec8d7745acbca498c63cb68f11df34,False,skateboard,skateboard,0,"['the', 'deck', 'has', 'less', 'curves']",5,the deck has less curves,train,train,train,train,"[1, 10, 1281, 24, 229, 156, 2, 0, 0, 0, 0, 0, 0, 0, 0, 0, 0, 0]",deck
11517,user_2020,No wheels,3YT88D1N0AR8JHWVS23TBH1N5WC3KC,61.0,5aec8d7745acbca498c63cb68f11df34,skateboard,ShapeNet,c0280aaad5473e8398c63cb68f11df34,skateboard,ShapeNet,True,skateboard/ShapeNet/c0280aaad5473e8398c63cb68f11df34,skateboard/ShapeNet/5aec8d7745acbca498c63cb68f11df34,False,skateboard,skateboard,0,"['no', 'wheels']",2,no wheels,train,train,train,train,"[1, 123, 1013, 2, 0, 0, 0, 0, 0, 0, 0, 0, 0, 0, 0, 0, 0, 0]",wheel
11520,user_1644,the wheels are smaller,3ZOTGHDK5K4VTP2PG9WNQ6Q8HMZSO1,98.0,7c009b2a37ad02a9a72f80277e176a2f,skateboard,ShapeNet,ea25b5f1fc8d76a36a1b26eff73443ff,skateboard,ShapeNet,False,skateboard/ShapeNet/ea25b5f1fc8d76a36a1b26eff73443ff,skateboard/ShapeNet/7c009b2a37ad02a9a72f80277e176a2f,False,skateboard,skateboard,0,"['the', 'wheels', 'are', 'small', '-er']",5,the wheels are small -er,train,train,train,train,"[1, 10, 1013, 16, 111, 9, 2, 0, 0, 0, 0, 0, 0, 0, 0, 0, 0, 0]",wheel
11521,user_948,It has bigger wheels,39KFRKBFIPOSPBEYFFOC8SE9Y2VYOB,46.0,f74a5dfc0094e2d5561dce3fe08634b7,skateboard,ShapeNet,212e0563473156e255483301a044235,skateboard,ShapeNet,False,skateboard/ShapeNet/212e0563473156e255483301a044235,skateboard/ShapeNet/f74a5dfc0094e2d5561dce3fe08634b7,False,skateboard,skateboard,0,"['it', 'has', 'big', '-er', 'wheels']",5,it has big -er wheels,train,train,train,train,"[1, 23, 24, 320, 9, 1013, 2, 0, 0, 0, 0, 0, 0, 0, 0, 0, 0, 0]",wheel
11522,user_1298,There are mufflers on the back the deck.,37M28K1J0S6DSIPYJWIRXAFGWH8JAT,54.0,f74a5dfc0094e2d5561dce3fe08634b7,skateboard,ShapeNet,212e0563473156e255483301a044235,skateboard,ShapeNet,False,skateboard/ShapeNet/212e0563473156e255483301a044235,skateboard/ShapeNet/f74a5dfc0094e2d5561dce3fe08634b7,False,skateboard,skateboard,0,"['there', 'are', 'mufflers', 'on', 'the', 'back', 'the', 'deck']",8,there are mufflers on the back the deck,train,train,train,train,"[1, 15, 16, 618, 20, 10, 183, 10, 1281, 2, 0, 0, 0, 0, 0, 0, 0, 0]",deck
11524,user_1037,The deck is very wide.,3B837J3LDQPYQ2U581DRK1VDS44RSK,118.0,e7c330f4c4421dbb24e49a3e82c3d033,skateboard,ShapeNet,d3ff56062272f3e6346e65609be6d72f,skateboard,ShapeNet,False,skateboard/ShapeNet/d3ff56062272f3e6346e65609be6d72f,skateboard/ShapeNet/e7c330f4c4421dbb24e49a3e82c3d033,False,skateboard,skateboard,0,"['the', 'deck', 'is', 'very', 'wide']",5,the deck is very wide,train,train,train,train,"[1, 10, 1281, 7, 62, 83, 2, 0, 0, 0, 0, 0, 0, 0, 0, 0, 0, 0]",deck
11525,user_1205,Target has a wider board,3AMW0RGHOFVGYCMLNDSGGCLS4NBPNH,35.0,e7c330f4c4421dbb24e49a3e82c3d033,skateboard,ShapeNet,d3ff56062272f3e6346e65609be6d72f,skateboard,ShapeNet,False,skateboard/ShapeNet/d3ff56062272f3e6346e65609be6d72f,skateboard/ShapeNet/e7c330f4c4421dbb24e49a3e82c3d033,False,skateboard,skateboard,0,"['target', 'has', 'a', 'wide', '-er', 'board']",6,target has a wide -er board,train,train,train,train,"[1, 11, 24, 26, 83, 9, 948, 2, 0, 0, 0, 0, 0, 0, 0, 0, 0, 0]",deck
11527,user_549,The deck is flat.,3KXIR214I69YKXB93A28LQ7Z2WQ24E,120.0,99aef9f6486d3d90b267718342f3f316,skateboard,ShapeNet,9ac2d972bedd083342535d908ea693ac,skateboard,ShapeNet,False,skateboard/ShapeNet/9ac2d972bedd083342535d908ea693ac,skateboard/ShapeNet/99aef9f6486d3d90b267718342f3f316,True,skateboard,skateboard,0,"['the', 'deck', 'is', 'flat']",4,the deck is flat,train,train,train,train,"[1, 10, 1281, 7, 129, 2, 0, 0, 0, 0, 0, 0, 0, 0, 0, 0, 0, 0]",deck
11528,user_1357,The wheels are smaller,3CP1TO84PVUGGGF9HFLIQIDD2TH52K,34.0,99aef9f6486d3d90b267718342f3f316,skateboard,ShapeNet,9ac2d972bedd083342535d908ea693ac,skateboard,ShapeNet,False,skateboard/ShapeNet/9ac2d972bedd083342535d908ea693ac,skateboard/ShapeNet/99aef9f6486d3d90b267718342f3f316,True,skateboard,skateboard,0,"['the', 'wheels', 'are', 'small', '-er']",5,the wheels are small -er,train,train,train,train,"[1, 10, 1013, 16, 111, 9, 2, 0, 0, 0, 0, 0, 0, 0, 0, 0, 0, 0]",wheel
11529,user_1644,the board is symmetrical,34J10VATJHR9KNC9QAUDB9FLNLLQID,28.0,99aef9f6486d3d90b267718342f3f316,skateboard,ShapeNet,9ac2d972bedd083342535d908ea693ac,skateboard,ShapeNet,False,skateboard/ShapeNet/9ac2d972bedd083342535d908ea693ac,skateboard/ShapeNet/99aef9f6486d3d90b267718342f3f316,True,skateboard,skateboard,0,"['the', 'board', 'is', 'symmetrical']",4,the board is symmetrical,train,train,train,train,"[1, 10, 948, 7, 489, 2, 0, 0, 0, 0, 0, 0, 0, 0, 0, 0, 0, 0]",deck
11530,user_527,The deck is flat.,37U1UTWH9XFG7IFWU37M3AVCGA0R8N,124.0,48bf45bffab55d7cf14c37b285d25cdf,skateboard,ShapeNet,f5d7698b5a57d61226e0640b67de606,skateboard,ShapeNet,True,skateboard/ShapeNet/f5d7698b5a57d61226e0640b67de606,skateboard/ShapeNet/48bf45bffab55d7cf14c37b285d25cdf,True,skateboard,skateboard,0,"['the', 'deck', 'is', 'flat']",4,the deck is flat,train,train,train,train,"[1, 10, 1281, 7, 129, 2, 0, 0, 0, 0, 0, 0, 0, 0, 0, 0, 0, 0]",deck
11531,user_1644,there are no trucks,3F0BG9B9MRGL45MZYT7AX6SE8DOY7O,45.0,48bf45bffab55d7cf14c37b285d25cdf,skateboard,ShapeNet,f5d7698b5a57d61226e0640b67de606,skateboard,ShapeNet,False,skateboard/ShapeNet/f5d7698b5a57d61226e0640b67de606,skateboard/ShapeNet/48bf45bffab55d7cf14c37b285d25cdf,True,skateboard,skateboard,0,"['there', 'are', 'no', 'trucks']",4,there are no trucks,train,train,train,train,"[1, 15, 16, 123, 1595, 2, 0, 0, 0, 0, 0, 0, 0, 0, 0, 0, 0, 0]",truck
11532,user_1734,The nose of the deck does not have a curve,3DY4FPOOA3HEIUB92WIWVOFKR9LRVE,340.0,48bf45bffab55d7cf14c37b285d25cdf,skateboard,ShapeNet,f5d7698b5a57d61226e0640b67de606,skateboard,ShapeNet,False,skateboard/ShapeNet/f5d7698b5a57d61226e0640b67de606,skateboard/ShapeNet/48bf45bffab55d7cf14c37b285d25cdf,True,skateboard,skateboard,0,"['the', 'nose', 'of', 'the', 'deck', 'does', 'not', 'have', 'a', 'curve']",10,the nose of the deck does not have a curve,train,train,train,train,"[1, 10, 1593, 38, 10, 1281, 39, 40, 84, 26, 43, 2, 0, 0, 0, 0, 0, 0]",deck
11533,user_468,There are no wheels,3QY5DC2MXTDH2PH06B8XIDZIADHUFB,49.0,16edf6f6574568723f7198a00163bb6,skateboard,ShapeNet,a6d560508fb2fe2858dda0079c7c30f2,skateboard,ShapeNet,False,skateboard/ShapeNet/a6d560508fb2fe2858dda0079c7c30f2,skateboard/ShapeNet/16edf6f6574568723f7198a00163bb6,True,skateboard,skateboard,0,"['there', 'are', 'no', 'wheels']",4,there are no wheels,train,train,train,train,"[1, 15, 16, 123, 1013, 2, 0, 0, 0, 0, 0, 0, 0, 0, 0, 0, 0, 0]",wheel
11536,user_760,The target has a more square deck on the large end.,38YMOXR4MWSYB0DU0IKU6V722VDW6Z,197.0,484a49065ab1430624256fd51423318f,skateboard,ShapeNet,d7045c95ab319b711082f2ea630bf69e,skateboard,ShapeNet,False,skateboard/ShapeNet/d7045c95ab319b711082f2ea630bf69e,skateboard/ShapeNet/484a49065ab1430624256fd51423318f,True,skateboard,skateboard,0,"['the', 'target', 'has', 'a', 'more', 'square', 'deck', 'on', 'the', 'large', 'end']",11,the target has a more square deck on the large end,train,train,train,train,"[1, 10, 11, 24, 26, 34, 50, 1281, 20, 10, 94, 74, 2, 0, 0, 0, 0, 0]",deck
11539,user_948,It does not have wheels,36U2A8VAG3S9ZKTJHNWJ1BX0EXAKY2,29.0,97a1800db9a625bc28044fe9244db50a,skateboard,ShapeNet,55f0e38a64ba2c2d813b65629a36678,skateboard,ShapeNet,False,skateboard/ShapeNet/55f0e38a64ba2c2d813b65629a36678,skateboard/ShapeNet/97a1800db9a625bc28044fe9244db50a,False,skateboard,skateboard,0,"['it', 'does', 'not', 'have', 'wheels']",5,it does not have wheels,test,train,test,train,"[1, 23, 39, 40, 84, 1013, 2, 0, 0, 0, 0, 0, 0, 0, 0, 0, 0, 0]",wheel
11540,user_1357,The wheels are gone,3II4UPYCOL0SCCWNYWT2KCZ8VF4DQN,41.0,97a1800db9a625bc28044fe9244db50a,skateboard,ShapeNet,55f0e38a64ba2c2d813b65629a36678,skateboard,ShapeNet,False,skateboard/ShapeNet/55f0e38a64ba2c2d813b65629a36678,skateboard/ShapeNet/97a1800db9a625bc28044fe9244db50a,False,skateboard,skateboard,0,"['the', 'wheels', 'are', 'gone']",4,the wheels are gone,test,train,test,train,"[1, 10, 1013, 16, 1592, 2, 0, 0, 0, 0, 0, 0, 0, 0, 0, 0, 0, 0]",wheel
11541,user_1644,there are no wheels,3K9FOBBF2JCQ7R7NVLZ9ZVC8ZDMLNR,42.0,97a1800db9a625bc28044fe9244db50a,skateboard,ShapeNet,55f0e38a64ba2c2d813b65629a36678,skateboard,ShapeNet,False,skateboard/ShapeNet/55f0e38a64ba2c2d813b65629a36678,skateboard/ShapeNet/97a1800db9a625bc28044fe9244db50a,False,skateboard,skateboard,0,"['there', 'are', 'no', 'wheels']",4,there are no wheels,test,train,test,train,"[1, 15, 16, 123, 1013, 2, 0, 0, 0, 0, 0, 0, 0, 0, 0, 0, 0, 0]",wheel
11543,user_1357,The wheels are bigger,324G5B4FB51O7AQEQLW15EYUW1S07A,27.0,570fae86bb5e1843d587b281fa5e7b27,skateboard,ShapeNet,c8aed131dd905c6e1082f2ea630bf69e,skateboard,ShapeNet,False,skateboard/ShapeNet/c8aed131dd905c6e1082f2ea630bf69e,skateboard/ShapeNet/570fae86bb5e1843d587b281fa5e7b27,True,skateboard,skateboard,0,"['the', 'wheels', 'are', 'big', '-er']",5,the wheels are big -er,train,train,train,train,"[1, 10, 1013, 16, 320, 9, 2, 0, 0, 0, 0, 0, 0, 0, 0, 0, 0, 0]",wheel
11551,user_61,The target has larger wheels,3TE3O8573215L3D7EMYLTJI9UAE2R1,68.0,f5d7698b5a57d61226e0640b67de606,skateboard,ShapeNet,dcb9a62d5ef76f389da15808191f1405,skateboard,ShapeNet,False,skateboard/ShapeNet/dcb9a62d5ef76f389da15808191f1405,skateboard/ShapeNet/f5d7698b5a57d61226e0640b67de606,False,skateboard,skateboard,0,"['the', 'target', 'has', 'large', '-er', 'wheels']",6,the target has large -er wheels,train,train,train,train,"[1, 10, 11, 24, 94, 9, 1013, 2, 0, 0, 0, 0, 0, 0, 0, 0, 0, 0]",wheel
11552,user_468,The pattern is like a cross hatch on the deck,3UJ1CZ6IZJI9LFW7BU0OH0QH0MJ5SO,64.0,f5d7698b5a57d61226e0640b67de606,skateboard,ShapeNet,dcb9a62d5ef76f389da15808191f1405,skateboard,ShapeNet,False,skateboard/ShapeNet/dcb9a62d5ef76f389da15808191f1405,skateboard/ShapeNet/f5d7698b5a57d61226e0640b67de606,False,skateboard,skateboard,0,"['the', 'pattern', 'is', 'like', 'a', 'cross', 'hatch', 'on', 'the', 'deck']",10,the pattern is like a cross hatch on the deck,train,train,train,train,"[1, 10, 1337, 7, 35, 26, 28, 1664, 20, 10, 1281, 2, 0, 0, 0, 0, 0, 0]",deck
11554,user_203,The wheel diameter is larger.,36DSNE9QZ7R2UMJZTFN9Y5ZLLYCOJX,64.0,79288e2c98c7be7c6e72f8cfa29d3672,skateboard,ShapeNet,1d527bbed4d12817fa3bb91f4e3cd35f,skateboard,ShapeNet,False,skateboard/ShapeNet/1d527bbed4d12817fa3bb91f4e3cd35f,skateboard/ShapeNet/79288e2c98c7be7c6e72f8cfa29d3672,False,skateboard,skateboard,0,"['the', 'wheel', 'diameter', 'is', 'large', '-er']",6,the wheel diameter is large -er,train,train,train,train,"[1, 10, 544, 268, 7, 94, 9, 2, 0, 0, 0, 0, 0, 0, 0, 0, 0, 0]",wheel
11555,user_468,The wheels are circular,3NVC2EB65SS33MLCWH4KKPGY3BP3YB,31.0,79288e2c98c7be7c6e72f8cfa29d3672,skateboard,ShapeNet,1d527bbed4d12817fa3bb91f4e3cd35f,skateboard,ShapeNet,False,skateboard/ShapeNet/1d527bbed4d12817fa3bb91f4e3cd35f,skateboard/ShapeNet/79288e2c98c7be7c6e72f8cfa29d3672,False,skateboard,skateboard,0,"['the', 'wheels', 'are', 'circular']",4,the wheels are circular,train,train,train,train,"[1, 10, 1013, 16, 102, 2, 0, 0, 0, 0, 0, 0, 0, 0, 0, 0, 0, 0]",wheel
11559,user_1644,there are no wheels,3SUWZRL0M064U0R3FIQOKP02VQLE6C,102.0,254feab290d4b460d4e77499b42cadd3,skateboard,ShapeNet,5c55e6b6708f730d758f6def7204bd6b,skateboard,ShapeNet,False,skateboard/ShapeNet/5c55e6b6708f730d758f6def7204bd6b,skateboard/ShapeNet/254feab290d4b460d4e77499b42cadd3,True,skateboard,skateboard,0,"['there', 'are', 'no', 'wheels']",4,there are no wheels,train,train,train,train,"[1, 15, 16, 123, 1013, 2, 0, 0, 0, 0, 0, 0, 0, 0, 0, 0, 0, 0]",wheel
11560,user_203,The deck is wider.,3P4MQ7TPPZ5CT9WE1I56UXG96UKBBV,150.0,bebaf2c5077b901e92ba7d308c045fd8,skateboard,ShapeNet,fff0431e712a1887ac7a821ba28adc14,skateboard,ShapeNet,False,skateboard/ShapeNet/fff0431e712a1887ac7a821ba28adc14,skateboard/ShapeNet/bebaf2c5077b901e92ba7d308c045fd8,True,skateboard,skateboard,0,"['the', 'deck', 'is', 'wide', '-er']",5,the deck is wide -er,train,train,train,train,"[1, 10, 1281, 7, 83, 9, 2, 0, 0, 0, 0, 0, 0, 0, 0, 0, 0, 0]",deck
11561,user_848,Target has a unique pattern of holes on the deck.,3CFVK00FWNEI061VW4DSXKQM4NML66,65.0,bebaf2c5077b901e92ba7d308c045fd8,skateboard,ShapeNet,fff0431e712a1887ac7a821ba28adc14,skateboard,ShapeNet,False,skateboard/ShapeNet/fff0431e712a1887ac7a821ba28adc14,skateboard/ShapeNet/bebaf2c5077b901e92ba7d308c045fd8,True,skateboard,skateboard,0,"['target', 'has', 'a', 'unique', 'pattern', 'of', 'holes', 'on', 'the', 'deck']",10,target has a unique pattern of holes on the deck,train,train,train,train,"[1, 11, 24, 26, 1240, 1337, 38, 234, 20, 10, 1281, 2, 0, 0, 0, 0, 0, 0]",deck
11562,user_948,The deck has much more cut outs and patterns,31HQ4X3T3U3NN4ZS3HGVYPMEMCJLSS,44.0,bebaf2c5077b901e92ba7d308c045fd8,skateboard,ShapeNet,fff0431e712a1887ac7a821ba28adc14,skateboard,ShapeNet,False,skateboard/ShapeNet/fff0431e712a1887ac7a821ba28adc14,skateboard/ShapeNet/bebaf2c5077b901e92ba7d308c045fd8,True,skateboard,skateboard,0,"['the', 'deck', 'has', 'much', 'more', 'cut', 'outs', 'and', 'patterns']",9,the deck has much more cut outs and patterns,train,train,train,train,"[1, 10, 1281, 24, 59, 34, 1231, 1524, 47, 1473, 2, 0, 0, 0, 0, 0, 0, 0]",deck
11563,user_1205,Targets board is flat,3HL8HNGX47UJIXTX80D6MHC4XS7F95,52.0,463434d2fcf567d56a93dc68b4021dbb,skateboard,ShapeNet,97a1800db9a625bc28044fe9244db50a,skateboard,ShapeNet,False,skateboard/ShapeNet/97a1800db9a625bc28044fe9244db50a,skateboard/ShapeNet/463434d2fcf567d56a93dc68b4021dbb,True,skateboard,skateboard,0,"['target', ""'s"", 'board', 'is', 'flat']",5,target 's board is flat,train,train,train,train,"[1, 11, 12, 948, 7, 129, 2, 0, 0, 0, 0, 0, 0, 0, 0, 0, 0, 0]",deck
11564,user_1297,The deck/board is completely flat.,37Z929RLGB1B6H7XCQIMKGWVGP6TS4,334.0,463434d2fcf567d56a93dc68b4021dbb,skateboard,ShapeNet,97a1800db9a625bc28044fe9244db50a,skateboard,ShapeNet,False,skateboard/ShapeNet/97a1800db9a625bc28044fe9244db50a,skateboard/ShapeNet/463434d2fcf567d56a93dc68b4021dbb,True,skateboard,skateboard,0,"['the', 'deck', 'board', 'is', 'completely', 'flat']",6,the deck board is completely flat,train,train,train,train,"[1, 10, 1281, 948, 7, 169, 129, 2, 0, 0, 0, 0, 0, 0, 0, 0, 0, 0]",deck
11570,user_468,There are more hardware holes on the top of the deck,36AHBNMV1T51LEN9P6AWXY2AUODDYI,50.0,7fc2cddac7ad57a2aa4eefa8f42b566e,skateboard,ShapeNet,c8aed131dd905c6e1082f2ea630bf69e,skateboard,ShapeNet,False,skateboard/ShapeNet/c8aed131dd905c6e1082f2ea630bf69e,skateboard/ShapeNet/7fc2cddac7ad57a2aa4eefa8f42b566e,False,skateboard,skateboard,0,"['there', 'are', 'more', 'hardware', 'holes', 'on', 'the', 'top', 'of', 'the', 'deck']",11,there are more hardware holes on the top of the deck,train,train,train,train,"[1, 15, 16, 34, 1602, 234, 20, 10, 99, 38, 10, 1281, 2, 0, 0, 0, 0, 0]",deck
11571,user_1796,The wheels are bigger,3X87C8JFV84YE1F5VMORFBL8WI5QSL,77.0,7fc2cddac7ad57a2aa4eefa8f42b566e,skateboard,ShapeNet,c8aed131dd905c6e1082f2ea630bf69e,skateboard,ShapeNet,False,skateboard/ShapeNet/c8aed131dd905c6e1082f2ea630bf69e,skateboard/ShapeNet/7fc2cddac7ad57a2aa4eefa8f42b566e,False,skateboard,skateboard,0,"['the', 'wheels', 'are', 'big', '-er']",5,the wheels are big -er,train,train,train,train,"[1, 10, 1013, 16, 320, 9, 2, 0, 0, 0, 0, 0, 0, 0, 0, 0, 0, 0]",wheel
11572,user_156,Its wheels do not have visible spokes.,39DD6S19JR46IABEHNNZHNTX0VKZES,51.0,573daccbcfdc94a3cbd54f2dfaecbd51,skateboard,ShapeNet,bebaf2c5077b901e92ba7d308c045fd8,skateboard,ShapeNet,False,skateboard/ShapeNet/bebaf2c5077b901e92ba7d308c045fd8,skateboard/ShapeNet/573daccbcfdc94a3cbd54f2dfaecbd51,False,skateboard,skateboard,0,"['its', 'wheels', 'do', 'not', 'have', 'visible', 'spokes']",7,its wheels do not have visible spokes,train,train,train,train,"[1, 5, 1013, 338, 40, 84, 185, 31, 2, 0, 0, 0, 0, 0, 0, 0, 0, 0]",wheel
11573,user_203,The wheels are wider.,374TNBHA8DOVANREUSGGXX99D33QY1,61.0,573daccbcfdc94a3cbd54f2dfaecbd51,skateboard,ShapeNet,bebaf2c5077b901e92ba7d308c045fd8,skateboard,ShapeNet,False,skateboard/ShapeNet/bebaf2c5077b901e92ba7d308c045fd8,skateboard/ShapeNet/573daccbcfdc94a3cbd54f2dfaecbd51,False,skateboard,skateboard,0,"['the', 'wheels', 'are', 'wide', '-er']",5,the wheels are wide -er,train,train,train,train,"[1, 10, 1013, 16, 83, 9, 2, 0, 0, 0, 0, 0, 0, 0, 0, 0, 0, 0]",wheel
11574,user_1601,The deck has an oval cut-out near the nose.,3YW4XOSQKSEQCANSZCTCTBVO93Z1UI,261.0,573daccbcfdc94a3cbd54f2dfaecbd51,skateboard,ShapeNet,bebaf2c5077b901e92ba7d308c045fd8,skateboard,ShapeNet,False,skateboard/ShapeNet/bebaf2c5077b901e92ba7d308c045fd8,skateboard/ShapeNet/573daccbcfdc94a3cbd54f2dfaecbd51,False,skateboard,skateboard,0,"['the', 'deck', 'has', 'an', 'oval', 'cut', 'out', 'near', 'the', 'nose']",10,the deck has an oval cut out near the nose,train,train,train,train,"[1, 10, 1281, 24, 72, 130, 1231, 89, 348, 10, 1593, 2, 0, 0, 0, 0, 0, 0]",deck
11576,user_1644,the wheels are smaller,3H8DHMCCWB4619YSLR95OQNZW95DKO,68.0,b6074c8d74b58d31ef566954f332b813,skateboard,ShapeNet,7a00dee660ee94f5dfa6594bd6ded322,skateboard,ShapeNet,False,skateboard/ShapeNet/7a00dee660ee94f5dfa6594bd6ded322,skateboard/ShapeNet/b6074c8d74b58d31ef566954f332b813,False,skateboard,skateboard,0,"['the', 'wheels', 'are', 'small', '-er']",5,the wheels are small -er,train,train,train,train,"[1, 10, 1013, 16, 111, 9, 2, 0, 0, 0, 0, 0, 0, 0, 0, 0, 0, 0]",wheel
11580,user_1934,The deck is symetrical.,3WJEQKOXAAV6X19UT7CLTAJU2041A3,183.0,aa2c5469590761793c497dcbf6659611,skateboard,ShapeNet,ffea27596947c29cc983a1dbe02fac40,skateboard,ShapeNet,False,skateboard/ShapeNet/ffea27596947c29cc983a1dbe02fac40,skateboard/ShapeNet/aa2c5469590761793c497dcbf6659611,True,skateboard,skateboard,0,"['the', 'deck', 'is', 'symmetrical']",4,the deck is symmetrical,val,train,val,train,"[1, 10, 1281, 7, 489, 2, 0, 0, 0, 0, 0, 0, 0, 0, 0, 0, 0, 0]",deck
11581,user_1357,The wheels are bigger,3L70J4KAZIF0PWP690WGUCK3RYADAA,36.0,f5d7698b5a57d61226e0640b67de606,skateboard,ShapeNet,d31aaca67fd8ef1827d17dabad15093,skateboard,ShapeNet,False,skateboard/ShapeNet/d31aaca67fd8ef1827d17dabad15093,skateboard/ShapeNet/f5d7698b5a57d61226e0640b67de606,False,skateboard,skateboard,0,"['the', 'wheels', 'are', 'big', '-er']",5,the wheels are big -er,train,train,train,train,"[1, 10, 1013, 16, 320, 9, 2, 0, 0, 0, 0, 0, 0, 0, 0, 0, 0, 0]",wheel
11582,user_1644,the wheels are larger,3W2LOLRXLD802JHX3S4PTF43BA6RKI,21.0,f5d7698b5a57d61226e0640b67de606,skateboard,ShapeNet,d31aaca67fd8ef1827d17dabad15093,skateboard,ShapeNet,False,skateboard/ShapeNet/d31aaca67fd8ef1827d17dabad15093,skateboard/ShapeNet/f5d7698b5a57d61226e0640b67de606,False,skateboard,skateboard,0,"['the', 'wheels', 'are', 'large', '-er']",5,the wheels are large -er,train,train,train,train,"[1, 10, 1013, 16, 94, 9, 2, 0, 0, 0, 0, 0, 0, 0, 0, 0, 0, 0]",wheel
11585,user_696,Target has bigger wheels.,3CN4LGXD5ZHOLI4GWV93UU84HBKY4Q,29.0,94fc692e0518c0b0537d393009a79347,skateboard,ShapeNet,8ae2871e13786052f42b80606c2f3752,skateboard,ShapeNet,False,skateboard/ShapeNet/8ae2871e13786052f42b80606c2f3752,skateboard/ShapeNet/94fc692e0518c0b0537d393009a79347,True,skateboard,skateboard,0,"['target', 'has', 'big', '-er', 'wheels']",5,target has big -er wheels,train,train,train,train,"[1, 11, 24, 320, 9, 1013, 2, 0, 0, 0, 0, 0, 0, 0, 0, 0, 0, 0]",wheel
11590,user_152,it has cut out shape on the deck,358010RM5GMYFQXLBVOOK618SPMVXS,98.0,99130967461623c37ca71234c2ec5470,skateboard,ShapeNet,48f26ddc704fec2f379c6a1d59ef7283,skateboard,ShapeNet,False,skateboard/ShapeNet/48f26ddc704fec2f379c6a1d59ef7283,skateboard/ShapeNet/99130967461623c37ca71234c2ec5470,True,skateboard,skateboard,0,"['it', 'has', 'cut', 'out', 'shape', 'on', 'the', 'deck']",8,it has cut out shape on the deck,train,train,train,train,"[1, 23, 24, 1231, 89, 93, 20, 10, 1281, 2, 0, 0, 0, 0, 0, 0, 0, 0]",deck
11591,user_615,the deck has several holes and slots cut out of it,3UOUJI6MTF7Y2B8L65EJOKZPEIFUX4,535.0,99130967461623c37ca71234c2ec5470,skateboard,ShapeNet,48f26ddc704fec2f379c6a1d59ef7283,skateboard,ShapeNet,False,skateboard/ShapeNet/48f26ddc704fec2f379c6a1d59ef7283,skateboard/ShapeNet/99130967461623c37ca71234c2ec5470,True,skateboard,skateboard,0,"['the', 'deck', 'has', 'several', 'holes', 'and', 'slots', 'cut', 'out', 'of', 'it']",11,the deck has several holes and slots cut out of it,train,train,train,train,"[1, 10, 1281, 24, 571, 234, 47, 1097, 1231, 89, 38, 23, 2, 0, 0, 0, 0, 0]",deck
11592,user_2044,The board has several cut-out holes.,3VA45EW49PGVZ53V3QH3U53ZRJDO1Y,25.0,99130967461623c37ca71234c2ec5470,skateboard,ShapeNet,48f26ddc704fec2f379c6a1d59ef7283,skateboard,ShapeNet,False,skateboard/ShapeNet/48f26ddc704fec2f379c6a1d59ef7283,skateboard/ShapeNet/99130967461623c37ca71234c2ec5470,True,skateboard,skateboard,0,"['the', 'board', 'has', 'several', 'cut', 'out', 'holes']",7,the board has several cut out holes,train,train,train,train,"[1, 10, 948, 24, 571, 1231, 89, 234, 2, 0, 0, 0, 0, 0, 0, 0, 0, 0]",deck
11596,user_42,The nose of the board is pointier.,3KV0LJBBH4EVS7H0O4H58SW70GMMR5,72.0,5c55e6b6708f730d758f6def7204bd6b,skateboard,ShapeNet,55f0e38a64ba2c2d813b65629a36678,skateboard,ShapeNet,False,skateboard/ShapeNet/55f0e38a64ba2c2d813b65629a36678,skateboard/ShapeNet/5c55e6b6708f730d758f6def7204bd6b,True,skateboard,skateboard,0,"['the', 'nose', 'of', 'the', 'board', 'is', 'pointy', '-er']",8,the nose of the board is pointy -er,test,train,test,train,"[1, 10, 1593, 38, 10, 948, 7, 397, 9, 2, 0, 0, 0, 0, 0, 0, 0, 0]",deck
11597,user_61,The target board is wider.,3B2X28YI3Y86NXFJ5ROYJHUHSTEB6F,63.0,5c55e6b6708f730d758f6def7204bd6b,skateboard,ShapeNet,55f0e38a64ba2c2d813b65629a36678,skateboard,ShapeNet,False,skateboard/ShapeNet/55f0e38a64ba2c2d813b65629a36678,skateboard/ShapeNet/5c55e6b6708f730d758f6def7204bd6b,True,skateboard,skateboard,0,"['the', 'target', 'board', 'is', 'wide', '-er']",6,the target board is wide -er,test,train,test,train,"[1, 10, 11, 948, 7, 83, 9, 2, 0, 0, 0, 0, 0, 0, 0, 0, 0, 0]",deck
11599,user_152,the deck shows fixing bolts,3RRCEFRB7O5S8AB5M3VJMJA3W224BH,101.0,9d79847df77172f5ee8f98672c31bd1,skateboard,ShapeNet,484a49065ab1430624256fd51423318f,skateboard,ShapeNet,False,skateboard/ShapeNet/484a49065ab1430624256fd51423318f,skateboard/ShapeNet/9d79847df77172f5ee8f98672c31bd1,True,skateboard,skateboard,0,"['the', 'deck', 'shows', 'fixing', 'bolts']",5,the deck shows fixing bolts,train,train,train,train,"[1, 10, 1281, 1666, 1610, 1611, 2, 0, 0, 0, 0, 0, 0, 0, 0, 0, 0, 0]",deck
11601,user_1298,The deck is more rounded,37UQDCYH6ZO40BRUTIKQQ7OKQW9V7Z,67.0,9d79847df77172f5ee8f98672c31bd1,skateboard,ShapeNet,484a49065ab1430624256fd51423318f,skateboard,ShapeNet,False,skateboard/ShapeNet/484a49065ab1430624256fd51423318f,skateboard/ShapeNet/9d79847df77172f5ee8f98672c31bd1,True,skateboard,skateboard,0,"['the', 'deck', 'is', 'more', 'rounded']",5,the deck is more rounded,train,train,train,train,"[1, 10, 1281, 7, 34, 48, 2, 0, 0, 0, 0, 0, 0, 0, 0, 0, 0, 0]",deck
11603,user_1357,The wheels are smaller,3MX2NQ3YCBNHHWI6546BG879F2L5XY,34.0,7a8b7d5d288742546fee3d712d650ac2,skateboard,ShapeNet,563569e15313d7eb89e13811ad04f53f,skateboard,ShapeNet,False,skateboard/ShapeNet/563569e15313d7eb89e13811ad04f53f,skateboard/ShapeNet/7a8b7d5d288742546fee3d712d650ac2,False,skateboard,skateboard,0,"['the', 'wheels', 'are', 'small', '-er']",5,the wheels are small -er,train,train,train,train,"[1, 10, 1013, 16, 111, 9, 2, 0, 0, 0, 0, 0, 0, 0, 0, 0, 0, 0]",wheel
11608,user_1392,The deck is shorter but wider,3U0SRXB7CFY1AP2005W5L7L7551RND,101.0,113783f51974426b92ba7d308c045fd8,skateboard,ShapeNet,90210ee9fd29275dcadc0bfc31415370,skateboard,ShapeNet,False,skateboard/ShapeNet/90210ee9fd29275dcadc0bfc31415370,skateboard/ShapeNet/113783f51974426b92ba7d308c045fd8,False,skateboard,skateboard,0,"['the', 'deck', 'is', 'short', '-er', 'but', 'wide', '-er']",8,the deck is short -er but wide -er,train,train,train,train,"[1, 10, 1281, 7, 8, 9, 207, 83, 9, 2, 0, 0, 0, 0, 0, 0, 0, 0]",deck
11609,user_1633,The target is shaped like a more traditional skateboard.,3I7DHKZYGPT0HARL5A0PA172BWQ5F6,40.0,113783f51974426b92ba7d308c045fd8,skateboard,ShapeNet,90210ee9fd29275dcadc0bfc31415370,skateboard,ShapeNet,False,skateboard/ShapeNet/90210ee9fd29275dcadc0bfc31415370,skateboard/ShapeNet/113783f51974426b92ba7d308c045fd8,False,skateboard,skateboard,0,"['the', 'target', 'is', 'shaped', 'like', 'a', 'more', 'traditional', 'skateboard']",9,the target is shaped like a more traditional skateboard,train,train,train,train,"[1, 10, 11, 7, 14, 35, 26, 34, 1030, 1616, 2, 0, 0, 0, 0, 0, 0, 0]",deck
11610,user_1757,The target board has more depth,3QFUFYSY908ILRNLR5HF591OB0UF4A,112.0,113783f51974426b92ba7d308c045fd8,skateboard,ShapeNet,90210ee9fd29275dcadc0bfc31415370,skateboard,ShapeNet,False,skateboard/ShapeNet/90210ee9fd29275dcadc0bfc31415370,skateboard/ShapeNet/113783f51974426b92ba7d308c045fd8,False,skateboard,skateboard,0,"['the', 'target', 'board', 'has', 'more', 'depth']",6,the target board has more depth,train,train,train,train,"[1, 10, 11, 948, 24, 34, 607, 2, 0, 0, 0, 0, 0, 0, 0, 0, 0, 0]",deck
11614,user_1246,The skateboard is upside down,3VELCLL3GMC1TSQ24NYD7BULZGK1FJ,33.0,99aef9f6486d3d90b267718342f3f316,skateboard,ShapeNet,e60f8e703bf6b7e8b267718342f3f316,skateboard,ShapeNet,False,skateboard/ShapeNet/e60f8e703bf6b7e8b267718342f3f316,skateboard/ShapeNet/99aef9f6486d3d90b267718342f3f316,True,skateboard,skateboard,0,"['the', 'skateboard', 'is', 'upside', 'down']",5,the skateboard is upside down,val,train,val,train,"[1, 10, 1616, 7, 91, 44, 2, 0, 0, 0, 0, 0, 0, 0, 0, 0, 0, 0]",deck
11615,user_1644,the board is flipped upside down,3LOTDFNYA9SUUT651BNY01KFVT4WFO,54.0,99aef9f6486d3d90b267718342f3f316,skateboard,ShapeNet,e60f8e703bf6b7e8b267718342f3f316,skateboard,ShapeNet,False,skateboard/ShapeNet/e60f8e703bf6b7e8b267718342f3f316,skateboard/ShapeNet/99aef9f6486d3d90b267718342f3f316,True,skateboard,skateboard,0,"['the', 'board', 'is', 'flipped', 'upside', 'down']",6,the board is flipped upside down,val,train,val,train,"[1, 10, 948, 7, 3482, 91, 44, 2, 0, 0, 0, 0, 0, 0, 0, 0, 0, 0]",deck
11617,user_203,The deck is not as wide.,3F1567XTNYYG9MJ6MGO0YGGI4UI9QV,47.0,563569e15313d7eb89e13811ad04f53f,skateboard,ShapeNet,6867832e7b9d3654aacda7f1c4fd3ea7,skateboard,ShapeNet,False,skateboard/ShapeNet/6867832e7b9d3654aacda7f1c4fd3ea7,skateboard/ShapeNet/563569e15313d7eb89e13811ad04f53f,False,skateboard,skateboard,0,"['the', 'deck', 'is', 'not', 'as', 'wide']",6,the deck is not as wide,train,train,train,train,"[1, 10, 1281, 7, 40, 52, 83, 2, 0, 0, 0, 0, 0, 0, 0, 0, 0, 0]",deck
11618,user_1602,The deck has a more narrow depth.,3Z4GS9HPNX32PLQYBKHAKT8H4EX77E,100.0,563569e15313d7eb89e13811ad04f53f,skateboard,ShapeNet,6867832e7b9d3654aacda7f1c4fd3ea7,skateboard,ShapeNet,False,skateboard/ShapeNet/6867832e7b9d3654aacda7f1c4fd3ea7,skateboard/ShapeNet/563569e15313d7eb89e13811ad04f53f,False,skateboard,skateboard,0,"['the', 'deck', 'has', 'a', 'more', 'narrow', 'depth']",7,the deck has a more narrow depth,train,train,train,train,"[1, 10, 1281, 24, 26, 34, 210, 607, 2, 0, 0, 0, 0, 0, 0, 0, 0, 0]",deck
11619,user_1644,the wheels are slightly larger,3K4J6M3CXGM31GZXBQXO0XN04PRAGG,30.0,563569e15313d7eb89e13811ad04f53f,skateboard,ShapeNet,6867832e7b9d3654aacda7f1c4fd3ea7,skateboard,ShapeNet,False,skateboard/ShapeNet/6867832e7b9d3654aacda7f1c4fd3ea7,skateboard/ShapeNet/563569e15313d7eb89e13811ad04f53f,False,skateboard,skateboard,0,"['the', 'wheels', 'are', 'slightly', 'large', '-er']",6,the wheels are slightly large -er,train,train,train,train,"[1, 10, 1013, 16, 174, 94, 9, 2, 0, 0, 0, 0, 0, 0, 0, 0, 0, 0]",wheel
11624,user_468,There are no hardware holes visible on the top of the deck,3EG49X351W5D00IKANGG8EL9BWX6XE,51.0,303555f1c5f4cb0a1082f2ea630bf69e,skateboard,ShapeNet,7a8b7d5d288742546fee3d712d650ac2,skateboard,ShapeNet,False,skateboard/ShapeNet/7a8b7d5d288742546fee3d712d650ac2,skateboard/ShapeNet/303555f1c5f4cb0a1082f2ea630bf69e,True,skateboard,skateboard,0,"['there', 'are', 'no', 'hardware', 'holes', 'visible', 'on', 'the', 'top', 'of', 'the', 'deck']",12,there are no hardware holes visible on the top of the deck,train,train,train,train,"[1, 15, 16, 123, 1602, 234, 185, 20, 10, 99, 38, 10, 1281, 2, 0, 0, 0, 0]",deck
11627,user_1298,The deck has a more even surfave.,3LEP4MGT3IT586UYFEWCPN499FXBD3,43.0,79288e2c98c7be7c6e72f8cfa29d3672,skateboard,ShapeNet,95c69877104059fd1389cf37af584e4b,skateboard,ShapeNet,False,skateboard/ShapeNet/95c69877104059fd1389cf37af584e4b,skateboard/ShapeNet/79288e2c98c7be7c6e72f8cfa29d3672,False,skateboard,skateboard,0,"['the', 'deck', 'has', 'a', 'more', 'even', 'surface']",7,the deck has a more even surface,train,train,train,train,"[1, 10, 1281, 24, 26, 34, 996, 334, 2, 0, 0, 0, 0, 0, 0, 0, 0, 0]",deck
11628,user_1357,The wheels are smaller,3P4MQ7TPPZ5CT9WE1I56UXG96UOBBZ,42.0,79288e2c98c7be7c6e72f8cfa29d3672,skateboard,ShapeNet,95c69877104059fd1389cf37af584e4b,skateboard,ShapeNet,False,skateboard/ShapeNet/95c69877104059fd1389cf37af584e4b,skateboard/ShapeNet/79288e2c98c7be7c6e72f8cfa29d3672,False,skateboard,skateboard,0,"['the', 'wheels', 'are', 'small', '-er']",5,the wheels are small -er,train,train,train,train,"[1, 10, 1013, 16, 111, 9, 2, 0, 0, 0, 0, 0, 0, 0, 0, 0, 0, 0]",wheel
11629,user_1601,The target skateboard has an elevated nose.,3RU7GD8VPQMDEPEQV992F6VYRMKSPX,114.0,8ae2871e13786052f42b80606c2f3752,skateboard,ShapeNet,db4c8bf323465e4c537d393009a79347,skateboard,ShapeNet,False,skateboard/ShapeNet/db4c8bf323465e4c537d393009a79347,skateboard/ShapeNet/8ae2871e13786052f42b80606c2f3752,True,skateboard,skateboard,0,"['the', 'target', 'skateboard', 'has', 'an', 'elevated', 'nose']",7,the target skateboard has an elevated nose,train,train,train,train,"[1, 10, 11, 1616, 24, 72, 1667, 1593, 2, 0, 0, 0, 0, 0, 0, 0, 0, 0]",deck
11630,user_1778,The board has a narrower central width,3DQQ64TANIE6L6VZFEJ3CVYJXZFPW8,345.0,8ae2871e13786052f42b80606c2f3752,skateboard,ShapeNet,db4c8bf323465e4c537d393009a79347,skateboard,ShapeNet,False,skateboard/ShapeNet/db4c8bf323465e4c537d393009a79347,skateboard/ShapeNet/8ae2871e13786052f42b80606c2f3752,True,skateboard,skateboard,0,"['the', 'board', 'has', 'a', 'narrow', '-er', 'central', 'width']",8,the board has a narrow -er central width,train,train,train,train,"[1, 10, 948, 24, 26, 210, 9, 838, 358, 2, 0, 0, 0, 0, 0, 0, 0, 0]",deck
11641,user_948,The wheels are smaller,3LOZAJ85YF6PIZZJNL4DI14XVW6X29,38.0,99130967461623c37ca71234c2ec5470,skateboard,ShapeNet,52ffc103719ae88ef0f40fbf85e100a,skateboard,ShapeNet,False,skateboard/ShapeNet/52ffc103719ae88ef0f40fbf85e100a,skateboard/ShapeNet/99130967461623c37ca71234c2ec5470,False,skateboard,skateboard,0,"['the', 'wheels', 'are', 'small', '-er']",5,the wheels are small -er,test,train,test,train,"[1, 10, 1013, 16, 111, 9, 2, 0, 0, 0, 0, 0, 0, 0, 0, 0, 0, 0]",wheel
11642,user_1298,The density of the deck is thicker.,3HL8HNGX47UJIXTX80D6MHC4XSA9F2,30.0,99130967461623c37ca71234c2ec5470,skateboard,ShapeNet,52ffc103719ae88ef0f40fbf85e100a,skateboard,ShapeNet,False,skateboard/ShapeNet/52ffc103719ae88ef0f40fbf85e100a,skateboard/ShapeNet/99130967461623c37ca71234c2ec5470,False,skateboard,skateboard,0,"['the', 'density', 'of', 'the', 'deck', 'is', 'thick', '-er']",8,the density of the deck is thick -er,test,train,test,train,"[1, 10, 1626, 38, 10, 1281, 7, 54, 9, 2, 0, 0, 0, 0, 0, 0, 0, 0]",deck
11643,user_1644,the wheels are smaller,3SITXWYCNX2J6CZF6EXOJU71PXLXB3,40.0,99130967461623c37ca71234c2ec5470,skateboard,ShapeNet,52ffc103719ae88ef0f40fbf85e100a,skateboard,ShapeNet,False,skateboard/ShapeNet/52ffc103719ae88ef0f40fbf85e100a,skateboard/ShapeNet/99130967461623c37ca71234c2ec5470,False,skateboard,skateboard,0,"['the', 'wheels', 'are', 'small', '-er']",5,the wheels are small -er,test,train,test,train,"[1, 10, 1013, 16, 111, 9, 2, 0, 0, 0, 0, 0, 0, 0, 0, 0, 0, 0]",wheel
11647,user_156,Its deck has a shallow concavity in its center.,34X6J5FLPVR5FYWF8SFDNAUL01TQJA,55.0,792953b4101753c6ed3696d854eee1ec,skateboard,ShapeNet,36221454034311a4fcaae723fa352fe6,skateboard,ShapeNet,False,skateboard/ShapeNet/36221454034311a4fcaae723fa352fe6,skateboard/ShapeNet/792953b4101753c6ed3696d854eee1ec,True,skateboard,skateboard,0,"['its', 'deck', 'has', 'a', 'shallow', 'concavity', 'in', 'its', 'center']",9,its deck has a shallow concavity in its center,train,train,train,train,"[1, 5, 1281, 24, 26, 713, 1643, 90, 5, 165, 2, 0, 0, 0, 0, 0, 0, 0]",deck
11648,user_1357,The wheels are smaller,3UOUJI6MTF7Y2B8L65EJOKZPEINUXC,39.0,792953b4101753c6ed3696d854eee1ec,skateboard,ShapeNet,36221454034311a4fcaae723fa352fe6,skateboard,ShapeNet,False,skateboard/ShapeNet/36221454034311a4fcaae723fa352fe6,skateboard/ShapeNet/792953b4101753c6ed3696d854eee1ec,True,skateboard,skateboard,0,"['the', 'wheels', 'are', 'small', '-er']",5,the wheels are small -er,train,train,train,train,"[1, 10, 1013, 16, 111, 9, 2, 0, 0, 0, 0, 0, 0, 0, 0, 0, 0, 0]",wheel
11649,user_1644,the trucks are thinner,36H9ULYP64N8O966UC4JBBQ7TXKJF5,414.0,792953b4101753c6ed3696d854eee1ec,skateboard,ShapeNet,36221454034311a4fcaae723fa352fe6,skateboard,ShapeNet,False,skateboard/ShapeNet/36221454034311a4fcaae723fa352fe6,skateboard/ShapeNet/792953b4101753c6ed3696d854eee1ec,True,skateboard,skateboard,0,"['the', 'trucks', 'are', 'thin', '-er']",5,the trucks are thin -er,train,train,train,train,"[1, 10, 1595, 16, 60, 9, 2, 0, 0, 0, 0, 0, 0, 0, 0, 0, 0, 0]",truck
11653,user_152,it has weheels,37FMASSAYEKMGHAK7SXNGKKM1K3BI3,37.0,e7c330f4c4421dbb24e49a3e82c3d033,skateboard,ShapeNet,4f409f31b182075511b6d7dda2bf041e,skateboard,ShapeNet,False,skateboard/ShapeNet/4f409f31b182075511b6d7dda2bf041e,skateboard/ShapeNet/e7c330f4c4421dbb24e49a3e82c3d033,False,skateboard,skateboard,0,"['it', 'has', 'wheels']",3,it has wheels,test,train,test,train,"[1, 23, 24, 1013, 2, 0, 0, 0, 0, 0, 0, 0, 0, 0, 0, 0, 0, 0]",wheel
11654,user_1433,it has a wheel,3SKRO2GZ73KC9EIG5YPANOMQ7CX1KH,459.0,e7c330f4c4421dbb24e49a3e82c3d033,skateboard,ShapeNet,4f409f31b182075511b6d7dda2bf041e,skateboard,ShapeNet,False,skateboard/ShapeNet/4f409f31b182075511b6d7dda2bf041e,skateboard/ShapeNet/e7c330f4c4421dbb24e49a3e82c3d033,False,skateboard,skateboard,0,"['it', 'has', 'a', 'wheel']",4,it has a wheel,test,train,test,train,"[1, 23, 24, 26, 544, 2, 0, 0, 0, 0, 0, 0, 0, 0, 0, 0, 0, 0]",wheel
11655,user_1644,there are whells,3YWRV122CUS8NA7DYX2R8LIWN968UA,82.0,e7c330f4c4421dbb24e49a3e82c3d033,skateboard,ShapeNet,4f409f31b182075511b6d7dda2bf041e,skateboard,ShapeNet,False,skateboard/ShapeNet/4f409f31b182075511b6d7dda2bf041e,skateboard/ShapeNet/e7c330f4c4421dbb24e49a3e82c3d033,False,skateboard,skateboard,0,"['there', 'are', 'wheels']",3,there are wheels,test,train,test,train,"[1, 15, 16, 1013, 2, 0, 0, 0, 0, 0, 0, 0, 0, 0, 0, 0, 0, 0]",wheel
11656,user_156,It has two handles at the rear end of its deck.,3Q5ZZ9ZEVQ8R2VHYXWUJ09QGOUF58V,50.0,af4343c5b78b70b11082f2ea630bf69e,skateboard,ShapeNet,54b9d9a3565820e17f267bbeffb219aa,skateboard,ShapeNet,False,skateboard/ShapeNet/54b9d9a3565820e17f267bbeffb219aa,skateboard/ShapeNet/af4343c5b78b70b11082f2ea630bf69e,False,skateboard,skateboard,0,"['it', 'has', 'two', 'handles', 'at', 'the', 'rear', 'end', 'of', 'its', 'deck']",11,it has two handles at the rear end of its deck,train,train,train,train,"[1, 23, 24, 17, 18, 98, 10, 1188, 74, 38, 5, 1281, 2, 0, 0, 0, 0, 0]",deck
11659,user_203,The wheels have less width.,33CID57106MJ3NEDD2FUQHE2UWKL30,70.0,d7045c95ab319b711082f2ea630bf69e,skateboard,ShapeNet,ae28ad55a38200ff1c5f9eddd7cde6be,skateboard,ShapeNet,False,skateboard/ShapeNet/ae28ad55a38200ff1c5f9eddd7cde6be,skateboard/ShapeNet/d7045c95ab319b711082f2ea630bf69e,True,skateboard,skateboard,0,"['the', 'wheels', 'have', 'less', 'width']",5,the wheels have less width,train,train,train,train,"[1, 10, 1013, 84, 229, 358, 2, 0, 0, 0, 0, 0, 0, 0, 0, 0, 0, 0]",wheel
11660,user_1644,the wheels look like fan blades,3EF8EXOTT3OHYUCYNDPYM9MDSNBJ1E,129.0,d7045c95ab319b711082f2ea630bf69e,skateboard,ShapeNet,ae28ad55a38200ff1c5f9eddd7cde6be,skateboard,ShapeNet,False,skateboard/ShapeNet/ae28ad55a38200ff1c5f9eddd7cde6be,skateboard/ShapeNet/d7045c95ab319b711082f2ea630bf69e,True,skateboard,skateboard,0,"['the', 'wheels', 'look', 'like', 'fan', 'blades']",6,the wheels look like fan blades,train,train,train,train,"[1, 10, 1013, 186, 35, 861, 774, 2, 0, 0, 0, 0, 0, 0, 0, 0, 0, 0]",wheel
11661,user_1796,The wheels have cutouts.,31Q0U3WYDR8OEZBWM401JJH41S171L,45.0,d7045c95ab319b711082f2ea630bf69e,skateboard,ShapeNet,ae28ad55a38200ff1c5f9eddd7cde6be,skateboard,ShapeNet,False,skateboard/ShapeNet/ae28ad55a38200ff1c5f9eddd7cde6be,skateboard/ShapeNet/d7045c95ab319b711082f2ea630bf69e,True,skateboard,skateboard,0,"['the', 'wheels', 'have', 'cutouts']",4,the wheels have cutouts,train,train,train,train,"[1, 10, 1013, 84, 1488, 2, 0, 0, 0, 0, 0, 0, 0, 0, 0, 0, 0, 0]",wheel
11666,user_948,The wheels are smaller and not decorativr,33TIN5LC063PIOASDQ5UB2JK33ZY9N,52.0,ae28ad55a38200ff1c5f9eddd7cde6be,skateboard,ShapeNet,5aec8d7745acbca498c63cb68f11df34,skateboard,ShapeNet,False,skateboard/ShapeNet/5aec8d7745acbca498c63cb68f11df34,skateboard/ShapeNet/ae28ad55a38200ff1c5f9eddd7cde6be,False,skateboard,skateboard,0,"['the', 'wheels', 'are', 'small', '-er', 'and', 'not', 'decorative']",8,the wheels are small -er and not decorative,train,train,train,train,"[1, 10, 1013, 16, 111, 9, 47, 40, 216, 2, 0, 0, 0, 0, 0, 0, 0, 0]",wheel
11667,user_1572,There is a slight drop between the deck and the angle of the nose and tail.,3VA45EW49PGVZ53V3QH3U53ZRHCO1T,81.0,ae28ad55a38200ff1c5f9eddd7cde6be,skateboard,ShapeNet,5aec8d7745acbca498c63cb68f11df34,skateboard,ShapeNet,False,skateboard/ShapeNet/5aec8d7745acbca498c63cb68f11df34,skateboard/ShapeNet/ae28ad55a38200ff1c5f9eddd7cde6be,False,skateboard,skateboard,0,"['there', 'is', 'a', 'slight', 'drop', 'between', 'the', 'deck', 'and', 'the', 'angle', 'of', 'the', 'nose', 'and', 'tail']",16,there is a slight drop between the deck and the angle of the nose and tail,train,train,train,train,"[1, 15, 7, 26, 160, 373, 657, 10, 1281, 47, 10, 106, 38, 10, 1593, 47, 1594, 2]",deck
11668,user_468,The skateboard is upside down with the bottom of the branded deck facing upward,3K3R2QNK8DW81FQN3P858HD77FNU9K,78.0,573daccbcfdc94a3cbd54f2dfaecbd51,skateboard,ShapeNet,bdfa2c97ef7089d6b267718342f3f316,skateboard,ShapeNet,False,skateboard/ShapeNet/bdfa2c97ef7089d6b267718342f3f316,skateboard/ShapeNet/573daccbcfdc94a3cbd54f2dfaecbd51,True,skateboard,skateboard,0,"['the', 'skateboard', 'is', 'upside', 'down', 'with', 'the', 'bottom', 'of', 'the', 'branded', 'deck', 'facing', 'upward']",14,the skateboard is upside down with the bottom of the branded deck facing upward,train,train,train,train,"[1, 10, 1616, 7, 91, 44, 121, 10, 76, 38, 10, 1672, 1281, 227, 79, 2, 0, 0]",deck
11670,user_1934,The board is on its back.,3C8HJ7UOP9N4UY3RYLBIUVY69W5ZM9,226.0,573daccbcfdc94a3cbd54f2dfaecbd51,skateboard,ShapeNet,bdfa2c97ef7089d6b267718342f3f316,skateboard,ShapeNet,False,skateboard/ShapeNet/bdfa2c97ef7089d6b267718342f3f316,skateboard/ShapeNet/573daccbcfdc94a3cbd54f2dfaecbd51,True,skateboard,skateboard,0,"['the', 'board', 'is', 'on', 'its', 'back']",6,the board is on its back,train,train,train,train,"[1, 10, 948, 7, 20, 5, 183, 2, 0, 0, 0, 0, 0, 0, 0, 0, 0, 0]",deck
11671,user_203,The deck is wider.,3WI0P0II63LSODBNBBI2P29DR1ZDRH,46.0,aa2c5469590761793c497dcbf6659611,skateboard,ShapeNet,99130967461623c37ca71234c2ec5470,skateboard,ShapeNet,False,skateboard/ShapeNet/99130967461623c37ca71234c2ec5470,skateboard/ShapeNet/aa2c5469590761793c497dcbf6659611,False,skateboard,skateboard,0,"['the', 'deck', 'is', 'wide', '-er']",5,the deck is wide -er,train,train,train,train,"[1, 10, 1281, 7, 83, 9, 2, 0, 0, 0, 0, 0, 0, 0, 0, 0, 0, 0]",deck
11674,user_567,The tail of the board has a tall lip.,3NS0A6KXC6142O75NIDNHQE9DATZG1,96.0,36aaae334d636ec28043db94fbc8c982,skateboard,ShapeNet,99aef9f6486d3d90b267718342f3f316,skateboard,ShapeNet,False,skateboard/ShapeNet/99aef9f6486d3d90b267718342f3f316,skateboard/ShapeNet/36aaae334d636ec28043db94fbc8c982,True,skateboard,skateboard,0,"['the', 'tail', 'of', 'the', 'board', 'has', 'a', 'tall', 'lip']",9,the tail of the board has a tall lip,train,train,train,train,"[1, 10, 1594, 38, 10, 948, 24, 26, 53, 125, 2, 0, 0, 0, 0, 0, 0, 0]",deck
11676,user_1796,The deck has a tail.,3WOKGM4L739VSGID77D3G0KPMP50O1,105.0,36aaae334d636ec28043db94fbc8c982,skateboard,ShapeNet,99aef9f6486d3d90b267718342f3f316,skateboard,ShapeNet,False,skateboard/ShapeNet/99aef9f6486d3d90b267718342f3f316,skateboard/ShapeNet/36aaae334d636ec28043db94fbc8c982,True,skateboard,skateboard,0,"['the', 'deck', 'has', 'a', 'tail']",5,the deck has a tail,train,train,train,train,"[1, 10, 1281, 24, 26, 1594, 2, 0, 0, 0, 0, 0, 0, 0, 0, 0, 0, 0]",deck
11677,user_266,The ends of the deck angle up less.,33SA9F9TRZN2OF69603SIJZFJSEWEV,27.0,ee1e75f67edf37707f29c61065b4dc5a,skateboard,ShapeNet,f74a5dfc0094e2d5561dce3fe08634b7,skateboard,ShapeNet,False,skateboard/ShapeNet/f74a5dfc0094e2d5561dce3fe08634b7,skateboard/ShapeNet/ee1e75f67edf37707f29c61065b4dc5a,True,skateboard,skateboard,0,"['the', 'ends', 'of', 'the', 'deck', 'angle', 'up', 'less']",8,the ends of the deck angle up less,train,train,train,train,"[1, 10, 247, 38, 10, 1281, 106, 269, 229, 2, 0, 0, 0, 0, 0, 0, 0, 0]",deck
11678,user_1815,Wider deck,3CP1TO84PVUGGGF9HFLIQIDD2UN25P,60.0,ee1e75f67edf37707f29c61065b4dc5a,skateboard,ShapeNet,f74a5dfc0094e2d5561dce3fe08634b7,skateboard,ShapeNet,False,skateboard/ShapeNet/f74a5dfc0094e2d5561dce3fe08634b7,skateboard/ShapeNet/ee1e75f67edf37707f29c61065b4dc5a,True,skateboard,skateboard,0,"['wide', '-er', 'deck']",3,wide -er deck,train,train,train,train,"[1, 83, 9, 1281, 2, 0, 0, 0, 0, 0, 0, 0, 0, 0, 0, 0, 0, 0]",deck
11679,user_2101,The angle of the deck at the ends are not as pronounced,3E4GGUZ1TAKJYZ0CO2POS7WVZIGK2M,81.0,ee1e75f67edf37707f29c61065b4dc5a,skateboard,ShapeNet,f74a5dfc0094e2d5561dce3fe08634b7,skateboard,ShapeNet,False,skateboard/ShapeNet/f74a5dfc0094e2d5561dce3fe08634b7,skateboard/ShapeNet/ee1e75f67edf37707f29c61065b4dc5a,True,skateboard,skateboard,0,"['the', 'angle', 'of', 'the', 'deck', 'at', 'the', 'ends', 'are', 'not', 'as', 'pronounced']",12,the angle of the deck at the ends are not as pronounced,train,train,train,train,"[1, 10, 106, 38, 10, 1281, 98, 10, 247, 16, 40, 52, 1529, 2, 0, 0, 0, 0]",deck
11680,user_1024,The board is thinner,3N4BPTXIOALSIB9E7MZUYQRNI9VUKA,41.0,a6d560508fb2fe2858dda0079c7c30f2,skateboard,ShapeNet,1ad8d7573dc57ebc247a956ed3779e34,skateboard,ShapeNet,True,skateboard/ShapeNet/1ad8d7573dc57ebc247a956ed3779e34,skateboard/ShapeNet/a6d560508fb2fe2858dda0079c7c30f2,True,skateboard,skateboard,0,"['the', 'board', 'is', 'thin', '-er']",5,the board is thin -er,train,train,train,train,"[1, 10, 948, 7, 60, 9, 2, 0, 0, 0, 0, 0, 0, 0, 0, 0, 0, 0]",deck
11682,user_1298,The deck is rounder.,3UN61F00HYIXK0WUW50JRQLLEK1R5N,29.0,a6d560508fb2fe2858dda0079c7c30f2,skateboard,ShapeNet,1ad8d7573dc57ebc247a956ed3779e34,skateboard,ShapeNet,False,skateboard/ShapeNet/1ad8d7573dc57ebc247a956ed3779e34,skateboard/ShapeNet/a6d560508fb2fe2858dda0079c7c30f2,True,skateboard,skateboard,0,"['the', 'deck', 'is', 'round', '-er']",5,the deck is round -er,train,train,train,train,"[1, 10, 1281, 7, 134, 9, 2, 0, 0, 0, 0, 0, 0, 0, 0, 0, 0, 0]",deck
11687,user_1644,the wheels are smaller,31QNSG6A5TM6PZVHLP9GYT4CFZP87Q,52.0,b2dc96e7d45797f69a58f604ee2cbadf,skateboard,ShapeNet,16edf6f6574568723f7198a00163bb6,skateboard,ShapeNet,False,skateboard/ShapeNet/16edf6f6574568723f7198a00163bb6,skateboard/ShapeNet/b2dc96e7d45797f69a58f604ee2cbadf,False,skateboard,skateboard,0,"['the', 'wheels', 'are', 'small', '-er']",5,the wheels are small -er,train,train,train,train,"[1, 10, 1013, 16, 111, 9, 2, 0, 0, 0, 0, 0, 0, 0, 0, 0, 0, 0]",wheel
11688,user_2044,Its wheels are smaller,3WYP994K19K2058UFJ2IRSSID4SY6H,41.0,b2dc96e7d45797f69a58f604ee2cbadf,skateboard,ShapeNet,16edf6f6574568723f7198a00163bb6,skateboard,ShapeNet,False,skateboard/ShapeNet/16edf6f6574568723f7198a00163bb6,skateboard/ShapeNet/b2dc96e7d45797f69a58f604ee2cbadf,False,skateboard,skateboard,0,"['its', 'wheels', 'are', 'small', '-er']",5,its wheels are small -er,train,train,train,train,"[1, 5, 1013, 16, 111, 9, 2, 0, 0, 0, 0, 0, 0, 0, 0, 0, 0, 0]",wheel
11690,user_948,The deck is thicker,3OF2M9AATIH94A3OD9Y2FI62KREKZT,45.0,58ae991bd0350810b9ac379f661f5c75,skateboard,ShapeNet,2785d91a40cd41a659c9250a427b57f,skateboard,ShapeNet,False,skateboard/ShapeNet/2785d91a40cd41a659c9250a427b57f,skateboard/ShapeNet/58ae991bd0350810b9ac379f661f5c75,True,skateboard,skateboard,0,"['the', 'deck', 'is', 'thick', '-er']",5,the deck is thick -er,train,train,train,train,"[1, 10, 1281, 7, 54, 9, 2, 0, 0, 0, 0, 0, 0, 0, 0, 0, 0, 0]",deck
11691,user_1933,The deck is thicker,3BWI6RSP7I2NY058YSVGQ30YQ12E78,161.0,58ae991bd0350810b9ac379f661f5c75,skateboard,ShapeNet,2785d91a40cd41a659c9250a427b57f,skateboard,ShapeNet,True,skateboard/ShapeNet/2785d91a40cd41a659c9250a427b57f,skateboard/ShapeNet/58ae991bd0350810b9ac379f661f5c75,True,skateboard,skateboard,0,"['the', 'deck', 'is', 'thick', '-er']",5,the deck is thick -er,train,train,train,train,"[1, 10, 1281, 7, 54, 9, 2, 0, 0, 0, 0, 0, 0, 0, 0, 0, 0, 0]",deck
11693,user_549,The deck is much wider.,3I3WADAZ9SXUNN4E4DJFXVGG32SO5W,94.0,48bf45bffab55d7cf14c37b285d25cdf,skateboard,ShapeNet,10b81426bea7f98b5e38a8a610bb08f5,skateboard,ShapeNet,False,skateboard/ShapeNet/10b81426bea7f98b5e38a8a610bb08f5,skateboard/ShapeNet/48bf45bffab55d7cf14c37b285d25cdf,True,skateboard,skateboard,0,"['the', 'deck', 'is', 'much', 'wide', '-er']",6,the deck is much wide -er,val,train,val,train,"[1, 10, 1281, 7, 59, 83, 9, 2, 0, 0, 0, 0, 0, 0, 0, 0, 0, 0]",deck
11694,user_1298,The deck is shorter.,3KGTPGBS6ZEX1V5OIGTQYU5T19EU2T,30.0,48bf45bffab55d7cf14c37b285d25cdf,skateboard,ShapeNet,10b81426bea7f98b5e38a8a610bb08f5,skateboard,ShapeNet,False,skateboard/ShapeNet/10b81426bea7f98b5e38a8a610bb08f5,skateboard/ShapeNet/48bf45bffab55d7cf14c37b285d25cdf,True,skateboard,skateboard,0,"['the', 'deck', 'is', 'short', '-er']",5,the deck is short -er,val,train,val,train,"[1, 10, 1281, 7, 8, 9, 2, 0, 0, 0, 0, 0, 0, 0, 0, 0, 0, 0]",deck
11695,user_1392,It is flatter on the deck,3ZAK8W07I67Q5L2A3TPCF6CE4BV0UG,37.0,d7045c95ab319b711082f2ea630bf69e,skateboard,ShapeNet,90dbe261a4d56dcf1082f2ea630bf69e,skateboard,ShapeNet,False,skateboard/ShapeNet/90dbe261a4d56dcf1082f2ea630bf69e,skateboard/ShapeNet/d7045c95ab319b711082f2ea630bf69e,True,skateboard,skateboard,0,"['it', 'is', 'flat', '-er', 'on', 'the', 'deck']",7,it is flat -er on the deck,test,train,test,train,"[1, 23, 7, 129, 9, 20, 10, 1281, 2, 0, 0, 0, 0, 0, 0, 0, 0, 0]",deck
11696,user_1815,There are notches over the wheels,3P529IW9K0EEJZU6XXGWRQ3ZXORLFF,74.0,d7045c95ab319b711082f2ea630bf69e,skateboard,ShapeNet,90dbe261a4d56dcf1082f2ea630bf69e,skateboard,ShapeNet,False,skateboard/ShapeNet/90dbe261a4d56dcf1082f2ea630bf69e,skateboard/ShapeNet/d7045c95ab319b711082f2ea630bf69e,True,skateboard,skateboard,0,"['there', 'are', 'notches', 'over', 'the', 'wheels']",6,there are notches over the wheels,test,train,test,train,"[1, 15, 16, 914, 267, 10, 1013, 2, 0, 0, 0, 0, 0, 0, 0, 0, 0, 0]",wheel
11699,user_1218,The truck hanger is bigger.,3YOH7BII0B0SVQYECC9ZUCT6WG4KVP,48.0,5fba47ad66c45cd113314092564c13fd,skateboard,ShapeNet,a1d36f02d20d18db6a2979228046d9f9,skateboard,ShapeNet,False,skateboard/ShapeNet/a1d36f02d20d18db6a2979228046d9f9,skateboard/ShapeNet/5fba47ad66c45cd113314092564c13fd,True,skateboard,skateboard,0,"['the', 'truck', 'hanger', 'is', 'big', '-er']",6,the truck hanger is big -er,train,train,train,train,"[1, 10, 1606, 1654, 7, 320, 9, 2, 0, 0, 0, 0, 0, 0, 0, 0, 0, 0]",truck
11700,user_1246,The deck is curvier in tail and nose,3DY4FPOOA3HEIUB92WIWVOFKR81VRW,49.0,5fba47ad66c45cd113314092564c13fd,skateboard,ShapeNet,a1d36f02d20d18db6a2979228046d9f9,skateboard,ShapeNet,False,skateboard/ShapeNet/a1d36f02d20d18db6a2979228046d9f9,skateboard/ShapeNet/5fba47ad66c45cd113314092564c13fd,True,skateboard,skateboard,0,"['the', 'deck', 'is', 'curvy', '-er', 'in', 'tail', 'and', 'nose']",9,the deck is curvy -er in tail and nose,train,train,train,train,"[1, 10, 1281, 7, 179, 9, 90, 1594, 47, 1593, 2, 0, 0, 0, 0, 0, 0, 0]",deck
11701,user_152,it has no wheels,3GFK2QRXXBA2SWDGVZAPEPT26ZEW5T,76.0,16edf6f6574568723f7198a00163bb6,skateboard,ShapeNet,1e5fd1de723cc66cbb1ed6d4d8526a19,skateboard,ShapeNet,False,skateboard/ShapeNet/1e5fd1de723cc66cbb1ed6d4d8526a19,skateboard/ShapeNet/16edf6f6574568723f7198a00163bb6,True,skateboard,skateboard,0,"['it', 'has', 'no', 'wheels']",4,it has no wheels,train,train,train,train,"[1, 23, 24, 123, 1013, 2, 0, 0, 0, 0, 0, 0, 0, 0, 0, 0, 0, 0]",wheel
11702,user_1298,The ends of the deck are more angled.,3TVSS0C0E3T4DYO6WVSNH5ZGM22TWJ,26.0,16edf6f6574568723f7198a00163bb6,skateboard,ShapeNet,1e5fd1de723cc66cbb1ed6d4d8526a19,skateboard,ShapeNet,False,skateboard/ShapeNet/1e5fd1de723cc66cbb1ed6d4d8526a19,skateboard/ShapeNet/16edf6f6574568723f7198a00163bb6,True,skateboard,skateboard,0,"['the', 'ends', 'of', 'the', 'deck', 'are', 'more', 'angled']",8,the ends of the deck are more angled,train,train,train,train,"[1, 10, 247, 38, 10, 1281, 16, 34, 168, 2, 0, 0, 0, 0, 0, 0, 0, 0]",deck
11703,user_1815,No wheels,36V4Q8R5ZMTVG620BPS532M24VQQMG,80.0,16edf6f6574568723f7198a00163bb6,skateboard,ShapeNet,1e5fd1de723cc66cbb1ed6d4d8526a19,skateboard,ShapeNet,False,skateboard/ShapeNet/1e5fd1de723cc66cbb1ed6d4d8526a19,skateboard/ShapeNet/16edf6f6574568723f7198a00163bb6,True,skateboard,skateboard,0,"['no', 'wheels']",2,no wheels,train,train,train,train,"[1, 123, 1013, 2, 0, 0, 0, 0, 0, 0, 0, 0, 0, 0, 0, 0, 0, 0]",wheel
11705,user_1644,the wheels are bigger,3CFJTT4SXVJZE57UUBL7BIYQIUDI7P,59.0,7a00dee660ee94f5dfa6594bd6ded322,skateboard,ShapeNet,141616a00df67c351082f2ea630bf69e,skateboard,ShapeNet,False,skateboard/ShapeNet/141616a00df67c351082f2ea630bf69e,skateboard/ShapeNet/7a00dee660ee94f5dfa6594bd6ded322,False,skateboard,skateboard,0,"['the', 'wheels', 'are', 'big', '-er']",5,the wheels are big -er,train,train,train,train,"[1, 10, 1013, 16, 320, 9, 2, 0, 0, 0, 0, 0, 0, 0, 0, 0, 0, 0]",wheel
11706,user_1796,The wheels are larger.,3E1QT0TDFR23EJCD4GDDPIULTEI8I1,85.0,7a00dee660ee94f5dfa6594bd6ded322,skateboard,ShapeNet,141616a00df67c351082f2ea630bf69e,skateboard,ShapeNet,False,skateboard/ShapeNet/141616a00df67c351082f2ea630bf69e,skateboard/ShapeNet/7a00dee660ee94f5dfa6594bd6ded322,False,skateboard,skateboard,0,"['the', 'wheels', 'are', 'large', '-er']",5,the wheels are large -er,train,train,train,train,"[1, 10, 1013, 16, 94, 9, 2, 0, 0, 0, 0, 0, 0, 0, 0, 0, 0, 0]",wheel
11711,user_1357,The back wheels are smaller,34BBWHLWHC4E4K8V2JTJ3YX7BMBIWI,38.0,7c009b2a37ad02a9a72f80277e176a2f,skateboard,ShapeNet,97a1800db9a625bc28044fe9244db50a,skateboard,ShapeNet,False,skateboard/ShapeNet/97a1800db9a625bc28044fe9244db50a,skateboard/ShapeNet/7c009b2a37ad02a9a72f80277e176a2f,False,skateboard,skateboard,0,"['the', 'back', 'wheels', 'are', 'small', '-er']",6,the back wheels are small -er,train,train,train,train,"[1, 10, 183, 1013, 16, 111, 9, 2, 0, 0, 0, 0, 0, 0, 0, 0, 0, 0]",wheel
11712,user_1644,the board is flat,3SB4CE2TJXOEN2UN00XSOJNV7FXAXI,45.0,7c009b2a37ad02a9a72f80277e176a2f,skateboard,ShapeNet,97a1800db9a625bc28044fe9244db50a,skateboard,ShapeNet,False,skateboard/ShapeNet/97a1800db9a625bc28044fe9244db50a,skateboard/ShapeNet/7c009b2a37ad02a9a72f80277e176a2f,False,skateboard,skateboard,0,"['the', 'board', 'is', 'flat']",4,the board is flat,train,train,train,train,"[1, 10, 948, 7, 129, 2, 0, 0, 0, 0, 0, 0, 0, 0, 0, 0, 0, 0]",deck
11714,user_1950,targets deckboard is curved on both ends,3QL2OFSM98BX4NDHI86AWCML54YNC3,170.0,d7045c95ab319b711082f2ea630bf69e,skateboard,ShapeNet,5aec8d7745acbca498c63cb68f11df34,skateboard,ShapeNet,False,skateboard/ShapeNet/5aec8d7745acbca498c63cb68f11df34,skateboard/ShapeNet/d7045c95ab319b711082f2ea630bf69e,True,skateboard,skateboard,0,"['target', ""'s"", 'backboard', 'is', 'curved', 'on', 'both', 'ends']",8,target 's backboard is curved on both ends,train,train,train,train,"[1, 11, 12, 1105, 7, 51, 20, 470, 247, 2, 0, 0, 0, 0, 0, 0, 0, 0]",deck
11715,user_1992,The deck is more round,3IO1LGZLKBQNLZHC2F4OSF4GKNN685,90.0,d7045c95ab319b711082f2ea630bf69e,skateboard,ShapeNet,5aec8d7745acbca498c63cb68f11df34,skateboard,ShapeNet,False,skateboard/ShapeNet/5aec8d7745acbca498c63cb68f11df34,skateboard/ShapeNet/d7045c95ab319b711082f2ea630bf69e,True,skateboard,skateboard,0,"['the', 'deck', 'is', 'more', 'round']",5,the deck is more round,train,train,train,train,"[1, 10, 1281, 7, 34, 134, 2, 0, 0, 0, 0, 0, 0, 0, 0, 0, 0, 0]",deck
11716,user_156,Its deck curves upwards at the front and back.,37ZHEEHM6YFKO2PB98EK7CW1ZDG37C,31.0,f5d7698b5a57d61226e0640b67de606,skateboard,ShapeNet,994dc9307a0f228e30eaaf40a8a562c1,skateboard,ShapeNet,False,skateboard/ShapeNet/994dc9307a0f228e30eaaf40a8a562c1,skateboard/ShapeNet/f5d7698b5a57d61226e0640b67de606,False,skateboard,skateboard,0,"['its', 'deck', 'curves', 'upwards', 'at', 'the', 'front', 'and', 'back']",9,its deck curves upwards at the front and back,train,train,train,train,"[1, 5, 1281, 156, 209, 98, 10, 37, 47, 183, 2, 0, 0, 0, 0, 0, 0, 0]",deck
11717,user_468,The deck curves up at the nose,338JKRMM28SH1CU8VWF6LXZ1JP2AHD,42.0,f5d7698b5a57d61226e0640b67de606,skateboard,ShapeNet,994dc9307a0f228e30eaaf40a8a562c1,skateboard,ShapeNet,False,skateboard/ShapeNet/994dc9307a0f228e30eaaf40a8a562c1,skateboard/ShapeNet/f5d7698b5a57d61226e0640b67de606,False,skateboard,skateboard,0,"['the', 'deck', 'curves', 'up', 'at', 'the', 'nose']",7,the deck curves up at the nose,train,train,train,train,"[1, 10, 1281, 156, 269, 98, 10, 1593, 2, 0, 0, 0, 0, 0, 0, 0, 0, 0]",deck
11718,user_1298,The deck is more curved.,39KFRKBFIPOSPBEYFFOC8SE9Y2LOYR,24.0,f5d7698b5a57d61226e0640b67de606,skateboard,ShapeNet,994dc9307a0f228e30eaaf40a8a562c1,skateboard,ShapeNet,False,skateboard/ShapeNet/994dc9307a0f228e30eaaf40a8a562c1,skateboard/ShapeNet/f5d7698b5a57d61226e0640b67de606,False,skateboard,skateboard,0,"['the', 'deck', 'is', 'more', 'curved']",5,the deck is more curved,train,train,train,train,"[1, 10, 1281, 7, 34, 51, 2, 0, 0, 0, 0, 0, 0, 0, 0, 0, 0, 0]",deck
11719,user_42,The tail and nose of the board are more blunt.,3EFE17QCREYL18G2CW1X6XT75WTHS2,72.0,eb6246b73afb6383b77008f97c3030c,skateboard,ShapeNet,c0280aaad5473e8398c63cb68f11df34,skateboard,ShapeNet,False,skateboard/ShapeNet/c0280aaad5473e8398c63cb68f11df34,skateboard/ShapeNet/eb6246b73afb6383b77008f97c3030c,True,skateboard,skateboard,0,"['the', 'tail', 'and', 'nose', 'of', 'the', 'board', 'are', 'more', 'blunt']",10,the tail and nose of the board are more blunt,train,train,train,train,"[1, 10, 1594, 47, 1593, 38, 10, 948, 16, 34, 1487, 2, 0, 0, 0, 0, 0, 0]",deck
11721,user_948,The deck is not ridged,3HVVDCPGTGL823J6BWAB22KWXA1YTM,35.0,eb6246b73afb6383b77008f97c3030c,skateboard,ShapeNet,c0280aaad5473e8398c63cb68f11df34,skateboard,ShapeNet,False,skateboard/ShapeNet/c0280aaad5473e8398c63cb68f11df34,skateboard/ShapeNet/eb6246b73afb6383b77008f97c3030c,True,skateboard,skateboard,0,"['the', 'deck', 'is', 'not', 'ridged']",5,the deck is not ridged,train,train,train,train,"[1, 10, 1281, 7, 40, 896, 2, 0, 0, 0, 0, 0, 0, 0, 0, 0, 0, 0]",deck
11729,user_1357,The wheels are smaller,3ZDAD0O1T36J2YTW60O9JODNV4HXTP,63.0,c4b7db8e09375b4d6830ad3775f4cffc,skateboard,ShapeNet,87115860707b0208813c2f803c03ef9f,skateboard,ShapeNet,False,skateboard/ShapeNet/87115860707b0208813c2f803c03ef9f,skateboard/ShapeNet/c4b7db8e09375b4d6830ad3775f4cffc,True,skateboard,skateboard,0,"['the', 'wheels', 'are', 'small', '-er']",5,the wheels are small -er,train,train,train,train,"[1, 10, 1013, 16, 111, 9, 2, 0, 0, 0, 0, 0, 0, 0, 0, 0, 0, 0]",wheel
11730,user_1609,The wheels are smaller,3EWIJTFFVQ09GP5ODTA7BOQBINFE0R,102.0,c4b7db8e09375b4d6830ad3775f4cffc,skateboard,ShapeNet,87115860707b0208813c2f803c03ef9f,skateboard,ShapeNet,True,skateboard/ShapeNet/87115860707b0208813c2f803c03ef9f,skateboard/ShapeNet/c4b7db8e09375b4d6830ad3775f4cffc,True,skateboard,skateboard,0,"['the', 'wheels', 'are', 'small', '-er']",5,the wheels are small -er,train,train,train,train,"[1, 10, 1013, 16, 111, 9, 2, 0, 0, 0, 0, 0, 0, 0, 0, 0, 0, 0]",wheel
11732,user_1298,The edges of the deck have higher angles.,3PMBY0YE29WCFL9NHYN5EBR10FI9CR,50.0,c7482cb7a8db514921cafafd7e7949c7,skateboard,ShapeNet,cf04a6f4312be2c0d6f39b72607d85d7,skateboard,ShapeNet,False,skateboard/ShapeNet/cf04a6f4312be2c0d6f39b72607d85d7,skateboard/ShapeNet/c7482cb7a8db514921cafafd7e7949c7,True,skateboard,skateboard,0,"['the', 'edges', 'of', 'the', 'deck', 'have', 'high', '-er', 'angles']",9,the edges of the deck have high -er angles,test,train,test,train,"[1, 10, 325, 38, 10, 1281, 84, 49, 9, 340, 2, 0, 0, 0, 0, 0, 0, 0]",deck
11733,user_1644,the wheels are smaller,34S6N1K2ZXCYXVLCSN4WUBFCD13HL4,95.0,c7482cb7a8db514921cafafd7e7949c7,skateboard,ShapeNet,cf04a6f4312be2c0d6f39b72607d85d7,skateboard,ShapeNet,False,skateboard/ShapeNet/cf04a6f4312be2c0d6f39b72607d85d7,skateboard/ShapeNet/c7482cb7a8db514921cafafd7e7949c7,True,skateboard,skateboard,0,"['the', 'wheels', 'are', 'small', '-er']",5,the wheels are small -er,test,train,test,train,"[1, 10, 1013, 16, 111, 9, 2, 0, 0, 0, 0, 0, 0, 0, 0, 0, 0, 0]",wheel
11734,user_252,The deck of the skateboard flars a bit on each end making it look awesome.,3N1FSUEFL7TLN79P0ZMPH9Y3ZNDD4W,174.0,484a49065ab1430624256fd51423318f,skateboard,ShapeNet,570fae86bb5e1843d587b281fa5e7b27,skateboard,ShapeNet,False,skateboard/ShapeNet/570fae86bb5e1843d587b281fa5e7b27,skateboard/ShapeNet/484a49065ab1430624256fd51423318f,True,skateboard,skateboard,0,"['the', 'deck', 'of', 'the', 'skateboard', 'flags', 'a', 'bit', 'on', 'each', 'end', 'making', 'it', 'look', 'awesome']",15,the deck of the skateboard flags a bit on each end making it look awesome,train,train,train,train,"[1, 10, 1281, 38, 10, 1616, 1675, 26, 592, 20, 21, 74, 1278, 23, 186, 3, 2, 0]",deck
11735,user_948,The wheels do not stick out as much,3QECW5O0KJUA0F9M0U5ER5M325XT51,59.0,484a49065ab1430624256fd51423318f,skateboard,ShapeNet,570fae86bb5e1843d587b281fa5e7b27,skateboard,ShapeNet,False,skateboard/ShapeNet/570fae86bb5e1843d587b281fa5e7b27,skateboard/ShapeNet/484a49065ab1430624256fd51423318f,True,skateboard,skateboard,0,"['the', 'wheels', 'do', 'not', 'stick', 'out', 'as', 'much']",8,the wheels do not stick out as much,train,train,train,train,"[1, 10, 1013, 338, 40, 339, 89, 52, 59, 2, 0, 0, 0, 0, 0, 0, 0, 0]",wheel
11737,user_203,The deck is not as wide.,3SKRO2GZ73KC9EIG5YPANOMQ7C2K15,45.0,f52d56b5f81f1258c70ae17ca06472e1,skateboard,ShapeNet,776eaffd7cbe7bc6b9e8bdc9c4a49aa2,skateboard,ShapeNet,False,skateboard/ShapeNet/776eaffd7cbe7bc6b9e8bdc9c4a49aa2,skateboard/ShapeNet/f52d56b5f81f1258c70ae17ca06472e1,True,skateboard,skateboard,0,"['the', 'deck', 'is', 'not', 'as', 'wide']",6,the deck is not as wide,train,train,train,train,"[1, 10, 1281, 7, 40, 52, 83, 2, 0, 0, 0, 0, 0, 0, 0, 0, 0, 0]",deck
11738,user_1246,it has a slimmer deck,3U0SRXB7CFY1AP2005W5L7L755ZNR7,43.0,f52d56b5f81f1258c70ae17ca06472e1,skateboard,ShapeNet,776eaffd7cbe7bc6b9e8bdc9c4a49aa2,skateboard,ShapeNet,False,skateboard/ShapeNet/776eaffd7cbe7bc6b9e8bdc9c4a49aa2,skateboard/ShapeNet/f52d56b5f81f1258c70ae17ca06472e1,True,skateboard,skateboard,0,"['it', 'has', 'a', 'slim', '-er', 'deck']",6,it has a slim -er deck,train,train,train,train,"[1, 23, 24, 26, 829, 9, 1281, 2, 0, 0, 0, 0, 0, 0, 0, 0, 0, 0]",deck
11739,user_1357,The wheels are smaller,3X08E93BHXB0HLYO907Q818PETU66I,27.0,f52d56b5f81f1258c70ae17ca06472e1,skateboard,ShapeNet,776eaffd7cbe7bc6b9e8bdc9c4a49aa2,skateboard,ShapeNet,False,skateboard/ShapeNet/776eaffd7cbe7bc6b9e8bdc9c4a49aa2,skateboard/ShapeNet/f52d56b5f81f1258c70ae17ca06472e1,True,skateboard,skateboard,0,"['the', 'wheels', 'are', 'small', '-er']",5,the wheels are small -er,train,train,train,train,"[1, 10, 1013, 16, 111, 9, 2, 0, 0, 0, 0, 0, 0, 0, 0, 0, 0, 0]",wheel
11742,user_1633,The target's wheels are all the same size.,35H6S234SCT4YHYA4HXLGVUPIXN563,40.0,97a1800db9a625bc28044fe9244db50a,skateboard,ShapeNet,ccc91585d5d614a3ad3e04762b7c31c,skateboard,ShapeNet,False,skateboard/ShapeNet/ccc91585d5d614a3ad3e04762b7c31c,skateboard/ShapeNet/97a1800db9a625bc28044fe9244db50a,True,skateboard,skateboard,0,"['the', 'target', ""'s"", 'wheels', 'are', 'all', 'the', 'same', 'size']",9,the target 's wheels are all the same size,train,train,train,train,"[1, 10, 11, 12, 1013, 16, 367, 10, 300, 377, 2, 0, 0, 0, 0, 0, 0, 0]",wheel
11743,user_571,The wheels are narrower and more rounded,3OLF68YTNBUXNG3206R6ICNO3C9AF3,46.0,ff04077cb675226a1082f2ea630bf69e,skateboard,ShapeNet,380433d04091e04d3270ed754ff7ec06,skateboard,ShapeNet,False,skateboard/ShapeNet/380433d04091e04d3270ed754ff7ec06,skateboard/ShapeNet/ff04077cb675226a1082f2ea630bf69e,True,skateboard,skateboard,0,"['the', 'wheels', 'are', 'narrow', '-er', 'and', 'more', 'rounded']",8,the wheels are narrow -er and more rounded,train,train,train,train,"[1, 10, 1013, 16, 210, 9, 47, 34, 48, 2, 0, 0, 0, 0, 0, 0, 0, 0]",wheel
11745,user_1124,Target has a curved deck at the ends.,3BXQMRHWK1RN8Z9HSYCAD3JR7EVMUC,161.0,ff04077cb675226a1082f2ea630bf69e,skateboard,ShapeNet,380433d04091e04d3270ed754ff7ec06,skateboard,ShapeNet,False,skateboard/ShapeNet/380433d04091e04d3270ed754ff7ec06,skateboard/ShapeNet/ff04077cb675226a1082f2ea630bf69e,True,skateboard,skateboard,0,"['target', 'has', 'a', 'curved', 'deck', 'at', 'the', 'ends']",8,target has a curved deck at the ends,train,train,train,train,"[1, 11, 24, 26, 51, 1281, 98, 10, 247, 2, 0, 0, 0, 0, 0, 0, 0, 0]",deck
11746,user_468,The deck is not as wide,3E47SOBEYSP5QM2QLSTIR4Q4J52ICG,26.0,f52d56b5f81f1258c70ae17ca06472e1,skateboard,ShapeNet,26cd3bfcef1e254f82b02baba7166175,skateboard,ShapeNet,False,skateboard/ShapeNet/26cd3bfcef1e254f82b02baba7166175,skateboard/ShapeNet/f52d56b5f81f1258c70ae17ca06472e1,False,skateboard,skateboard,0,"['the', 'deck', 'is', 'not', 'as', 'wide']",6,the deck is not as wide,test,train,test,train,"[1, 10, 1281, 7, 40, 52, 83, 2, 0, 0, 0, 0, 0, 0, 0, 0, 0, 0]",deck
11749,user_696,The target has tracks instead of wheels.,3AQF3RZ55ABW0ERZATAU27L27R06FM,52.0,dcb9a62d5ef76f389da15808191f1405,skateboard,ShapeNet,79288e2c98c7be7c6e72f8cfa29d3672,skateboard,ShapeNet,False,skateboard/ShapeNet/79288e2c98c7be7c6e72f8cfa29d3672,skateboard/ShapeNet/dcb9a62d5ef76f389da15808191f1405,False,skateboard,skateboard,0,"['the', 'target', 'has', 'tracks', 'instead', 'of', 'wheels']",7,the target has tracks instead of wheels,train,train,train,train,"[1, 10, 11, 24, 1604, 97, 38, 1013, 2, 0, 0, 0, 0, 0, 0, 0, 0, 0]",wheel
11750,user_1633,The target's deck is not completely flat.,3XCC1ODXDN4MDMFSGXOMP1GCAGKQRV,26.0,dcb9a62d5ef76f389da15808191f1405,skateboard,ShapeNet,79288e2c98c7be7c6e72f8cfa29d3672,skateboard,ShapeNet,False,skateboard/ShapeNet/79288e2c98c7be7c6e72f8cfa29d3672,skateboard/ShapeNet/dcb9a62d5ef76f389da15808191f1405,False,skateboard,skateboard,0,"['the', 'target', ""'s"", 'deck', 'is', 'not', 'completely', 'flat']",8,the target 's deck is not completely flat,train,train,train,train,"[1, 10, 11, 12, 1281, 7, 40, 169, 129, 2, 0, 0, 0, 0, 0, 0, 0, 0]",deck
11751,user_1796,The wheels are off-road tracks.,3NS0A6KXC6142O75NIDNHQE9DAXGZM,82.0,dcb9a62d5ef76f389da15808191f1405,skateboard,ShapeNet,79288e2c98c7be7c6e72f8cfa29d3672,skateboard,ShapeNet,False,skateboard/ShapeNet/79288e2c98c7be7c6e72f8cfa29d3672,skateboard/ShapeNet/dcb9a62d5ef76f389da15808191f1405,False,skateboard,skateboard,0,"['the', 'wheels', 'are', 'off', 'road', 'tracks']",6,the wheels are off road tracks,train,train,train,train,"[1, 10, 1013, 16, 57, 1224, 1604, 2, 0, 0, 0, 0, 0, 0, 0, 0, 0, 0]",wheel
11752,user_468,The wheels are larger,3IOEN3P9S9C5AZXR3UV9D5H86HH61L,30.0,c190e478faaca09baaf812076502792,skateboard,ShapeNet,98222a1e5f59f2098745e78dbc45802e,skateboard,ShapeNet,False,skateboard/ShapeNet/98222a1e5f59f2098745e78dbc45802e,skateboard/ShapeNet/c190e478faaca09baaf812076502792,False,skateboard,skateboard,0,"['the', 'wheels', 'are', 'large', '-er']",5,the wheels are large -er,val,train,val,train,"[1, 10, 1013, 16, 94, 9, 2, 0, 0, 0, 0, 0, 0, 0, 0, 0, 0, 0]",wheel
11753,user_1392,It has trucks,3ND9UOO81MVGULG1NMQWVEPZSPJWLM,24.0,c190e478faaca09baaf812076502792,skateboard,ShapeNet,98222a1e5f59f2098745e78dbc45802e,skateboard,ShapeNet,False,skateboard/ShapeNet/98222a1e5f59f2098745e78dbc45802e,skateboard/ShapeNet/c190e478faaca09baaf812076502792,False,skateboard,skateboard,0,"['it', 'has', 'trucks']",3,it has trucks,val,train,val,train,"[1, 23, 24, 1595, 2, 0, 0, 0, 0, 0, 0, 0, 0, 0, 0, 0, 0, 0]",truck
11754,user_1796,There are no trucks.,3300DTYQT4AX4IANUR4MQUHTVRWQEK,47.0,c190e478faaca09baaf812076502792,skateboard,ShapeNet,98222a1e5f59f2098745e78dbc45802e,skateboard,ShapeNet,False,skateboard/ShapeNet/98222a1e5f59f2098745e78dbc45802e,skateboard/ShapeNet/c190e478faaca09baaf812076502792,False,skateboard,skateboard,0,"['there', 'are', 'no', 'trucks']",4,there are no trucks,val,train,val,train,"[1, 15, 16, 123, 1595, 2, 0, 0, 0, 0, 0, 0, 0, 0, 0, 0, 0, 0]",truck
11759,user_1246,It has no wheels,3ZAK8W07I67Q5L2A3TPCF6CE4BTU08,50.0,16edf6f6574568723f7198a00163bb6,skateboard,ShapeNet,515f3fab6bee0c40de82f1e4605731da,skateboard,ShapeNet,False,skateboard/ShapeNet/515f3fab6bee0c40de82f1e4605731da,skateboard/ShapeNet/16edf6f6574568723f7198a00163bb6,True,skateboard,skateboard,0,"['it', 'has', 'no', 'wheels']",4,it has no wheels,test,train,test,train,"[1, 23, 24, 123, 1013, 2, 0, 0, 0, 0, 0, 0, 0, 0, 0, 0, 0, 0]",wheel
11760,user_1357,The wheels are gone,3IAS3U3I0H9I5WWIIPCVT4D5CP52BK,37.0,16edf6f6574568723f7198a00163bb6,skateboard,ShapeNet,515f3fab6bee0c40de82f1e4605731da,skateboard,ShapeNet,False,skateboard/ShapeNet/515f3fab6bee0c40de82f1e4605731da,skateboard/ShapeNet/16edf6f6574568723f7198a00163bb6,True,skateboard,skateboard,0,"['the', 'wheels', 'are', 'gone']",4,the wheels are gone,test,train,test,train,"[1, 10, 1013, 16, 1592, 2, 0, 0, 0, 0, 0, 0, 0, 0, 0, 0, 0, 0]",wheel
11761,user_468,The deck has no pattern,3FFJ6VRIL3HLWU7A9C0YW3O3AG5I0N,40.0,dcb9a62d5ef76f389da15808191f1405,skateboard,ShapeNet,8310154df085baf3e3cfaa4e6977fab6,skateboard,ShapeNet,False,skateboard/ShapeNet/8310154df085baf3e3cfaa4e6977fab6,skateboard/ShapeNet/dcb9a62d5ef76f389da15808191f1405,False,skateboard,skateboard,0,"['the', 'deck', 'has', 'no', 'pattern']",5,the deck has no pattern,train,train,train,train,"[1, 10, 1281, 24, 123, 1337, 2, 0, 0, 0, 0, 0, 0, 0, 0, 0, 0, 0]",deck
11762,user_1633,The target has visible trucks.,3SLE99ER0P68B7ZU7WL9GFNCXX2BZX,29.0,dcb9a62d5ef76f389da15808191f1405,skateboard,ShapeNet,8310154df085baf3e3cfaa4e6977fab6,skateboard,ShapeNet,False,skateboard/ShapeNet/8310154df085baf3e3cfaa4e6977fab6,skateboard/ShapeNet/dcb9a62d5ef76f389da15808191f1405,False,skateboard,skateboard,0,"['the', 'target', 'has', 'visible', 'trucks']",5,the target has visible trucks,train,train,train,train,"[1, 10, 11, 24, 185, 1595, 2, 0, 0, 0, 0, 0, 0, 0, 0, 0, 0, 0]",truck
11764,user_883,Deck board is not as long.,3570Y55XZRC4XYX0RWB43J577HTYGF,327.0,5aec8d7745acbca498c63cb68f11df34,skateboard,ShapeNet,488b9ae283b800b282ec895e014b9eb3,skateboard,ShapeNet,False,skateboard/ShapeNet/488b9ae283b800b282ec895e014b9eb3,skateboard/ShapeNet/5aec8d7745acbca498c63cb68f11df34,True,skateboard,skateboard,0,"['deck', 'board', 'is', 'not', 'as', 'long']",6,deck board is not as long,train,train,train,train,"[1, 1281, 948, 7, 40, 52, 32, 2, 0, 0, 0, 0, 0, 0, 0, 0, 0, 0]",deck
11765,user_1298,The deck is shorter and wider.,379J5II41Q9MDLUA2MWQ98IZLLCLET,37.0,5aec8d7745acbca498c63cb68f11df34,skateboard,ShapeNet,488b9ae283b800b282ec895e014b9eb3,skateboard,ShapeNet,False,skateboard/ShapeNet/488b9ae283b800b282ec895e014b9eb3,skateboard/ShapeNet/5aec8d7745acbca498c63cb68f11df34,True,skateboard,skateboard,0,"['the', 'deck', 'is', 'short', '-er', 'and', 'wide', '-er']",8,the deck is short -er and wide -er,train,train,train,train,"[1, 10, 1281, 7, 8, 9, 47, 83, 9, 2, 0, 0, 0, 0, 0, 0, 0, 0]",deck
11766,user_1357,The wheels are smaller,3P529IW9K0EEJZU6XXGWRQ3ZXNILF4,110.0,5aec8d7745acbca498c63cb68f11df34,skateboard,ShapeNet,488b9ae283b800b282ec895e014b9eb3,skateboard,ShapeNet,False,skateboard/ShapeNet/488b9ae283b800b282ec895e014b9eb3,skateboard/ShapeNet/5aec8d7745acbca498c63cb68f11df34,True,skateboard,skateboard,0,"['the', 'wheels', 'are', 'small', '-er']",5,the wheels are small -er,train,train,train,train,"[1, 10, 1013, 16, 111, 9, 2, 0, 0, 0, 0, 0, 0, 0, 0, 0, 0, 0]",wheel
11768,user_323,"The target deck is way more pointy, it looks more like a weapon than a skateboard.",3OWEPKL08B5RS6ILRRYZGQU74T77NU,134.0,ccc91585d5d614a3ad3e04762b7c31c,skateboard,ShapeNet,113783f51974426b92ba7d308c045fd8,skateboard,ShapeNet,False,skateboard/ShapeNet/113783f51974426b92ba7d308c045fd8,skateboard/ShapeNet/ccc91585d5d614a3ad3e04762b7c31c,True,skateboard,skateboard,0,"['the', 'target', 'deck', 'is', 'way', 'more', 'pointy', 'it', 'looks', 'more', 'like', 'a', 'weapon', 'than', 'a', 'skateboard']",16,the target deck is way more pointy it looks more like a weapon than a skateboard,train,train,train,train,"[1, 10, 11, 1281, 7, 471, 34, 397, 23, 33, 34, 35, 26, 1676, 131, 26, 1616, 2]",deck
11769,user_549,The deck is narrow and significantly tappers towards the tail.,3Z7VU45IP0A7Y9H25ZSKA3A3BLF1Z8,326.0,ccc91585d5d614a3ad3e04762b7c31c,skateboard,ShapeNet,113783f51974426b92ba7d308c045fd8,skateboard,ShapeNet,False,skateboard/ShapeNet/113783f51974426b92ba7d308c045fd8,skateboard/ShapeNet/ccc91585d5d614a3ad3e04762b7c31c,True,skateboard,skateboard,0,"['the', 'deck', 'is', 'narrow', 'and', 'significantly', 'tappers', 'towards', 'the', 'tail']",10,the deck is narrow and significantly tappers towards the tail,train,train,train,train,"[1, 10, 1281, 7, 210, 47, 777, 1677, 382, 10, 1594, 2, 0, 0, 0, 0, 0, 0]",deck
11770,user_156,It does not have visible wheels.,3OS4RQUCRB826Q8U6KR2DN7ULTEBFH,25.0,5aec8d7745acbca498c63cb68f11df34,skateboard,ShapeNet,a6d560508fb2fe2858dda0079c7c30f2,skateboard,ShapeNet,False,skateboard/ShapeNet/a6d560508fb2fe2858dda0079c7c30f2,skateboard/ShapeNet/5aec8d7745acbca498c63cb68f11df34,False,skateboard,skateboard,0,"['it', 'does', 'not', 'have', 'visible', 'wheels']",6,it does not have visible wheels,train,train,train,train,"[1, 23, 39, 40, 84, 185, 1013, 2, 0, 0, 0, 0, 0, 0, 0, 0, 0, 0]",wheel
11771,user_306,It has no wheels,3AZHRG4CU6D66RPRO9TBSXMERY9309,156.0,5aec8d7745acbca498c63cb68f11df34,skateboard,ShapeNet,a6d560508fb2fe2858dda0079c7c30f2,skateboard,ShapeNet,False,skateboard/ShapeNet/a6d560508fb2fe2858dda0079c7c30f2,skateboard/ShapeNet/5aec8d7745acbca498c63cb68f11df34,False,skateboard,skateboard,0,"['it', 'has', 'no', 'wheels']",4,it has no wheels,train,train,train,train,"[1, 23, 24, 123, 1013, 2, 0, 0, 0, 0, 0, 0, 0, 0, 0, 0, 0, 0]",wheel
11772,user_1298,The deck is flatter.,3YOH7BII0B0SVQYECC9ZUCT6WG9VK5,17.0,5aec8d7745acbca498c63cb68f11df34,skateboard,ShapeNet,a6d560508fb2fe2858dda0079c7c30f2,skateboard,ShapeNet,False,skateboard/ShapeNet/a6d560508fb2fe2858dda0079c7c30f2,skateboard/ShapeNet/5aec8d7745acbca498c63cb68f11df34,False,skateboard,skateboard,0,"['the', 'deck', 'is', 'flat', '-er']",5,the deck is flat -er,train,train,train,train,"[1, 10, 1281, 7, 129, 9, 2, 0, 0, 0, 0, 0, 0, 0, 0, 0, 0, 0]",deck
11773,user_203,The wheel diameter is smaller.,3W92K5RLWWAPD7DB5P5TSNAOZQBV5H,156.0,6867832e7b9d3654aacda7f1c4fd3ea7,skateboard,ShapeNet,ffea27596947c29cc983a1dbe02fac40,skateboard,ShapeNet,False,skateboard/ShapeNet/ffea27596947c29cc983a1dbe02fac40,skateboard/ShapeNet/6867832e7b9d3654aacda7f1c4fd3ea7,False,skateboard,skateboard,0,"['the', 'wheel', 'diameter', 'is', 'small', '-er']",6,the wheel diameter is small -er,val,train,val,train,"[1, 10, 544, 268, 7, 111, 9, 2, 0, 0, 0, 0, 0, 0, 0, 0, 0, 0]",wheel
11774,user_1392,The deck is flat.,33CKWXB73LDA3DWUXOJSI9QRY6311K,29.0,6867832e7b9d3654aacda7f1c4fd3ea7,skateboard,ShapeNet,ffea27596947c29cc983a1dbe02fac40,skateboard,ShapeNet,True,skateboard/ShapeNet/ffea27596947c29cc983a1dbe02fac40,skateboard/ShapeNet/6867832e7b9d3654aacda7f1c4fd3ea7,False,skateboard,skateboard,0,"['the', 'deck', 'is', 'flat']",4,the deck is flat,val,train,val,train,"[1, 10, 1281, 7, 129, 2, 0, 0, 0, 0, 0, 0, 0, 0, 0, 0, 0, 0]",deck
11776,user_468,The deck doesn't cure up at the nose or tail,3E47SOBEYSP5QM2QLSTIR4Q4J52CIA,94.0,a6d79366eefbfa6df9034ea5f524d56a,skateboard,ShapeNet,ac2b6924a60a7a87aa4f69d519551495,skateboard,ShapeNet,False,skateboard/ShapeNet/ac2b6924a60a7a87aa4f69d519551495,skateboard/ShapeNet/a6d79366eefbfa6df9034ea5f524d56a,True,skateboard,skateboard,0,"['the', 'deck', 'does', 'not', 'cure', 'up', 'at', 'the', 'nose', 'or', 'tail']",11,the deck does not cure up at the nose or tail,train,train,train,train,"[1, 10, 1281, 39, 40, 3, 269, 98, 10, 1593, 124, 1594, 2, 0, 0, 0, 0, 0]",deck
11778,user_1644,the board is shorter,34QN5IT0T1KS7OVX0QO7JEUP7LJ08I,68.0,a6d79366eefbfa6df9034ea5f524d56a,skateboard,ShapeNet,ac2b6924a60a7a87aa4f69d519551495,skateboard,ShapeNet,False,skateboard/ShapeNet/ac2b6924a60a7a87aa4f69d519551495,skateboard/ShapeNet/a6d79366eefbfa6df9034ea5f524d56a,True,skateboard,skateboard,0,"['the', 'board', 'is', 'short', '-er']",5,the board is short -er,train,train,train,train,"[1, 10, 948, 7, 8, 9, 2, 0, 0, 0, 0, 0, 0, 0, 0, 0, 0, 0]",deck
11779,user_203,The wheel diameter is greater.,3F1567XTNYYG9MJ6MGO0YGGI4UH9QU,306.0,463434d2fcf567d56a93dc68b4021dbb,skateboard,ShapeNet,e421c23a2c02cac61082f2ea630bf69e,skateboard,ShapeNet,False,skateboard/ShapeNet/e421c23a2c02cac61082f2ea630bf69e,skateboard/ShapeNet/463434d2fcf567d56a93dc68b4021dbb,False,skateboard,skateboard,0,"['the', 'wheel', 'diameter', 'is', 'great', '-er']",6,the wheel diameter is great -er,test,train,test,train,"[1, 10, 544, 268, 7, 188, 9, 2, 0, 0, 0, 0, 0, 0, 0, 0, 0, 0]",wheel
11780,user_491,The target has 8 hardware holes visible on the deck.,3T3IWE1XG8GZT1SKKMTHPGHUY1JQTA,181.0,463434d2fcf567d56a93dc68b4021dbb,skateboard,ShapeNet,e421c23a2c02cac61082f2ea630bf69e,skateboard,ShapeNet,False,skateboard/ShapeNet/e421c23a2c02cac61082f2ea630bf69e,skateboard/ShapeNet/463434d2fcf567d56a93dc68b4021dbb,False,skateboard,skateboard,0,"['the', 'target', 'has', 'eight', 'hardware', 'holes', 'visible', 'on', 'the', 'deck']",10,the target has eight hardware holes visible on the deck,test,train,test,train,"[1, 10, 11, 24, 871, 1602, 234, 185, 20, 10, 1281, 2, 0, 0, 0, 0, 0, 0]",deck
11783,user_1205,Target has a shorter board,3WI0P0II63LSODBNBBI2P29DR3ZRDZ,46.0,16edf6f6574568723f7198a00163bb6,skateboard,ShapeNet,58ae991bd0350810b9ac379f661f5c75,skateboard,ShapeNet,False,skateboard/ShapeNet/58ae991bd0350810b9ac379f661f5c75,skateboard/ShapeNet/16edf6f6574568723f7198a00163bb6,True,skateboard,skateboard,0,"['target', 'has', 'a', 'short', '-er', 'board']",6,target has a short -er board,train,train,train,train,"[1, 11, 24, 26, 8, 9, 948, 2, 0, 0, 0, 0, 0, 0, 0, 0, 0, 0]",deck
11784,user_1644,the board is shorter,3AWETUDC94LIYFD0D6DQ22RPSNPZIX,42.0,16edf6f6574568723f7198a00163bb6,skateboard,ShapeNet,58ae991bd0350810b9ac379f661f5c75,skateboard,ShapeNet,False,skateboard/ShapeNet/58ae991bd0350810b9ac379f661f5c75,skateboard/ShapeNet/16edf6f6574568723f7198a00163bb6,True,skateboard,skateboard,0,"['the', 'board', 'is', 'short', '-er']",5,the board is short -er,train,train,train,train,"[1, 10, 948, 7, 8, 9, 2, 0, 0, 0, 0, 0, 0, 0, 0, 0, 0, 0]",deck
11785,user_156,Its deck is symmetrical across both axes.,3X4MXAO0BIHRXJBES6NSHQYYYJ7RWA,76.0,c8aed131dd905c6e1082f2ea630bf69e,skateboard,ShapeNet,8310154df085baf3e3cfaa4e6977fab6,skateboard,ShapeNet,False,skateboard/ShapeNet/8310154df085baf3e3cfaa4e6977fab6,skateboard/ShapeNet/c8aed131dd905c6e1082f2ea630bf69e,True,skateboard,skateboard,0,"['its', 'deck', 'is', 'symmetrical', 'across', 'both', 'axes']",7,its deck is symmetrical across both axes,train,train,train,train,"[1, 5, 1281, 7, 489, 702, 470, 1678, 2, 0, 0, 0, 0, 0, 0, 0, 0, 0]",deck
11786,user_1815,"Deck is wavey, not flat",3L4PIM1GQV9VMO6E775G2NJE9R6YRF,90.0,c8aed131dd905c6e1082f2ea630bf69e,skateboard,ShapeNet,8310154df085baf3e3cfaa4e6977fab6,skateboard,ShapeNet,False,skateboard/ShapeNet/8310154df085baf3e3cfaa4e6977fab6,skateboard/ShapeNet/c8aed131dd905c6e1082f2ea630bf69e,True,skateboard,skateboard,0,"['deck', 'is', 'wavey', 'not', 'flat']",5,deck is wavey not flat,train,train,train,train,"[1, 1281, 7, 1679, 40, 129, 2, 0, 0, 0, 0, 0, 0, 0, 0, 0, 0, 0]",deck
141219,user_323,The wheels on the target are much bigger,3P529IW9K0EEJZU6XXGWRQ3ZXNQLFC,92.0,ea25b5f1fc8d76a36a1b26eff73443ff,skateboard,ShapeNet,573daccbcfdc94a3cbd54f2dfaecbd51,skateboard,ShapeNet,False,skateboard/ShapeNet/573daccbcfdc94a3cbd54f2dfaecbd51,skateboard/ShapeNet/ea25b5f1fc8d76a36a1b26eff73443ff,False,skateboard,skateboard,1,"['the', 'wheels', 'on', 'the', 'target', 'are', 'much', 'big', '-er']",9,the wheels on the target are much big -er,train,train,train,train,"[1, 10, 1013, 20, 10, 11, 16, 59, 320, 9, 2, 0, 0, 0, 0, 0, 0, 0]",wheel
141220,user_721,the wheels are much smaller and not as detailed,3DH6GAKTY0I4OFS5HOZTOQLDI6IYZX,123.0,ea25b5f1fc8d76a36a1b26eff73443ff,skateboard,ShapeNet,573daccbcfdc94a3cbd54f2dfaecbd51,skateboard,ShapeNet,False,skateboard/ShapeNet/573daccbcfdc94a3cbd54f2dfaecbd51,skateboard/ShapeNet/ea25b5f1fc8d76a36a1b26eff73443ff,False,skateboard,skateboard,1,"['the', 'wheels', 'are', 'much', 'small', '-er', 'and', 'not', 'as', 'detailed']",10,the wheels are much small -er and not as detailed,train,train,train,train,"[1, 10, 1013, 16, 59, 111, 9, 47, 40, 52, 2417, 2, 0, 0, 0, 0, 0, 0]",wheel
141221,user_1644,the length and width of the board are significantly smaller,3ZY8KE4ISLWE6TW9PHTWQY5FVRBVQH,100.0,ea25b5f1fc8d76a36a1b26eff73443ff,skateboard,ShapeNet,573daccbcfdc94a3cbd54f2dfaecbd51,skateboard,ShapeNet,False,skateboard/ShapeNet/573daccbcfdc94a3cbd54f2dfaecbd51,skateboard/ShapeNet/ea25b5f1fc8d76a36a1b26eff73443ff,False,skateboard,skateboard,1,"['the', 'length', 'and', 'width', 'of', 'the', 'board', 'are', 'significantly', 'small', '-er']",11,the length and width of the board are significantly small -er,train,train,train,train,"[1, 10, 155, 47, 358, 38, 10, 948, 16, 777, 111, 9, 2, 0, 0, 0, 0, 0]",deck
141223,user_1357,The trucks are gone,3H0W84IWBMVXGJPN76TMVKRYRESER5,30.0,591971ce679ca4b93ad38b993d9e745f,skateboard,ShapeNet,e38a4e6fb32b51a1bebb1fbb949ea955,skateboard,ShapeNet,False,skateboard/ShapeNet/e38a4e6fb32b51a1bebb1fbb949ea955,skateboard/ShapeNet/591971ce679ca4b93ad38b993d9e745f,False,skateboard,skateboard,1,"['the', 'trucks', 'are', 'gone']",4,the trucks are gone,train,train,train,train,"[1, 10, 1595, 16, 1592, 2, 0, 0, 0, 0, 0, 0, 0, 0, 0, 0, 0, 0]",truck
141224,user_1633,The target does not have wheels.,3XM0HYN6NMSC4698UEPXQPRJQVCPEU,22.0,591971ce679ca4b93ad38b993d9e745f,skateboard,ShapeNet,e38a4e6fb32b51a1bebb1fbb949ea955,skateboard,ShapeNet,False,skateboard/ShapeNet/e38a4e6fb32b51a1bebb1fbb949ea955,skateboard/ShapeNet/591971ce679ca4b93ad38b993d9e745f,False,skateboard,skateboard,1,"['the', 'target', 'does', 'not', 'have', 'wheels']",6,the target does not have wheels,train,train,train,train,"[1, 10, 11, 39, 40, 84, 1013, 2, 0, 0, 0, 0, 0, 0, 0, 0, 0, 0]",wheel
141225,user_948,The deck is shorter,3AMYWKA6YDFQ6R4S9WTKP1UGZSRO6Q,35.0,a19d80304e26099e7394c987e5e211f0,skateboard,ShapeNet,463434d2fcf567d56a93dc68b4021dbb,skateboard,ShapeNet,False,skateboard/ShapeNet/463434d2fcf567d56a93dc68b4021dbb,skateboard/ShapeNet/a19d80304e26099e7394c987e5e211f0,True,skateboard,skateboard,1,"['the', 'deck', 'is', 'short', '-er']",5,the deck is short -er,train,train,train,train,"[1, 10, 1281, 7, 8, 9, 2, 0, 0, 0, 0, 0, 0, 0, 0, 0, 0, 0]",deck
141226,user_1633,The target's deck is wider.,378XPAWRUE6HX75S1EXRL90GJ2IAI7,28.0,a19d80304e26099e7394c987e5e211f0,skateboard,ShapeNet,463434d2fcf567d56a93dc68b4021dbb,skateboard,ShapeNet,False,skateboard/ShapeNet/463434d2fcf567d56a93dc68b4021dbb,skateboard/ShapeNet/a19d80304e26099e7394c987e5e211f0,True,skateboard,skateboard,1,"['the', 'target', ""'s"", 'deck', 'is', 'wide', '-er']",7,the target 's deck is wide -er,train,train,train,train,"[1, 10, 11, 12, 1281, 7, 83, 9, 2, 0, 0, 0, 0, 0, 0, 0, 0, 0]",deck
141228,user_468,The wheels are larger in diameter,3FTF2T8WLTBLTJFSYPN6Q5Y4SVZW9M,50.0,f52d56b5f81f1258c70ae17ca06472e1,skateboard,ShapeNet,aa886bed91a13113d5498a74ca9ca78b,skateboard,ShapeNet,False,skateboard/ShapeNet/aa886bed91a13113d5498a74ca9ca78b,skateboard/ShapeNet/f52d56b5f81f1258c70ae17ca06472e1,False,skateboard,skateboard,1,"['the', 'wheels', 'are', 'large', '-er', 'in', 'diameter']",7,the wheels are large -er in diameter,train,train,train,train,"[1, 10, 1013, 16, 94, 9, 90, 268, 2, 0, 0, 0, 0, 0, 0, 0, 0, 0]",wheel
141229,user_549,The deck is flat.,3O7L7BFSHGIKNKM4HJZDHSQ74HHEI7,91.0,f52d56b5f81f1258c70ae17ca06472e1,skateboard,ShapeNet,aa886bed91a13113d5498a74ca9ca78b,skateboard,ShapeNet,False,skateboard/ShapeNet/aa886bed91a13113d5498a74ca9ca78b,skateboard/ShapeNet/f52d56b5f81f1258c70ae17ca06472e1,False,skateboard,skateboard,1,"['the', 'deck', 'is', 'flat']",4,the deck is flat,train,train,train,train,"[1, 10, 1281, 7, 129, 2, 0, 0, 0, 0, 0, 0, 0, 0, 0, 0, 0, 0]",deck
141230,user_1644,the deck is flat,35DR22AR5FDE3HV2RLII1B9P1593XJ,42.0,f52d56b5f81f1258c70ae17ca06472e1,skateboard,ShapeNet,aa886bed91a13113d5498a74ca9ca78b,skateboard,ShapeNet,False,skateboard/ShapeNet/aa886bed91a13113d5498a74ca9ca78b,skateboard/ShapeNet/f52d56b5f81f1258c70ae17ca06472e1,False,skateboard,skateboard,1,"['the', 'deck', 'is', 'flat']",4,the deck is flat,train,train,train,train,"[1, 10, 1281, 7, 129, 2, 0, 0, 0, 0, 0, 0, 0, 0, 0, 0, 0, 0]",deck
141231,user_42,The wheels are thicker.,35LDD5557CX95345YK887GAT5OSMKC,48.0,792953b4101753c6ed3696d854eee1ec,skateboard,ShapeNet,fc5c4986b2661d848fc8944fc8bfc667,skateboard,ShapeNet,False,skateboard/ShapeNet/fc5c4986b2661d848fc8944fc8bfc667,skateboard/ShapeNet/792953b4101753c6ed3696d854eee1ec,False,skateboard,skateboard,1,"['the', 'wheels', 'are', 'thick', '-er']",5,the wheels are thick -er,train,train,train,train,"[1, 10, 1013, 16, 54, 9, 2, 0, 0, 0, 0, 0, 0, 0, 0, 0, 0, 0]",wheel
141232,user_1644,there are no visible trucks,3YDTZAI2WZ9RVCTDK62UG7XUAVN41K,124.0,792953b4101753c6ed3696d854eee1ec,skateboard,ShapeNet,fc5c4986b2661d848fc8944fc8bfc667,skateboard,ShapeNet,False,skateboard/ShapeNet/fc5c4986b2661d848fc8944fc8bfc667,skateboard/ShapeNet/792953b4101753c6ed3696d854eee1ec,False,skateboard,skateboard,1,"['there', 'are', 'no', 'visible', 'trucks']",5,there are no visible trucks,train,train,train,train,"[1, 15, 16, 123, 185, 1595, 2, 0, 0, 0, 0, 0, 0, 0, 0, 0, 0, 0]",truck
141233,user_1934,The trucks are not visible.,3AMW0RGHOFVGYCMLNDSGGCLS4N8NPC,141.0,792953b4101753c6ed3696d854eee1ec,skateboard,ShapeNet,fc5c4986b2661d848fc8944fc8bfc667,skateboard,ShapeNet,False,skateboard/ShapeNet/fc5c4986b2661d848fc8944fc8bfc667,skateboard/ShapeNet/792953b4101753c6ed3696d854eee1ec,False,skateboard,skateboard,1,"['the', 'trucks', 'are', 'not', 'visible']",5,the trucks are not visible,train,train,train,train,"[1, 10, 1595, 16, 40, 185, 2, 0, 0, 0, 0, 0, 0, 0, 0, 0, 0, 0]",truck
141234,user_549,The wheels are solid and wide.,3D4CH1LGECMPWXPSJKJO42CGYCKG9S,108.0,ae28ad55a38200ff1c5f9eddd7cde6be,skateboard,ShapeNet,ccc91585d5d614a3ad3e04762b7c31c,skateboard,ShapeNet,False,skateboard/ShapeNet/ccc91585d5d614a3ad3e04762b7c31c,skateboard/ShapeNet/ae28ad55a38200ff1c5f9eddd7cde6be,False,skateboard,skateboard,1,"['the', 'wheels', 'are', 'solid', 'and', 'wide']",6,the wheels are solid and wide,train,train,train,train,"[1, 10, 1013, 16, 291, 47, 83, 2, 0, 0, 0, 0, 0, 0, 0, 0, 0, 0]",wheel
141235,user_1644,the wheels are wider,3ZWFC4W1UW0PMXPJ2HDSD2CY3FVRFO,67.0,ae28ad55a38200ff1c5f9eddd7cde6be,skateboard,ShapeNet,ccc91585d5d614a3ad3e04762b7c31c,skateboard,ShapeNet,True,skateboard/ShapeNet/ccc91585d5d614a3ad3e04762b7c31c,skateboard/ShapeNet/ae28ad55a38200ff1c5f9eddd7cde6be,False,skateboard,skateboard,1,"['the', 'wheels', 'are', 'wide', '-er']",5,the wheels are wide -er,train,train,train,train,"[1, 10, 1013, 16, 83, 9, 2, 0, 0, 0, 0, 0, 0, 0, 0, 0, 0, 0]",wheel
141236,user_2044,The wheels do not have spokes.,35BLDD71I8QNKLX0CDC9HRHJ0RNVZW,199.0,ae28ad55a38200ff1c5f9eddd7cde6be,skateboard,ShapeNet,ccc91585d5d614a3ad3e04762b7c31c,skateboard,ShapeNet,False,skateboard/ShapeNet/ccc91585d5d614a3ad3e04762b7c31c,skateboard/ShapeNet/ae28ad55a38200ff1c5f9eddd7cde6be,False,skateboard,skateboard,1,"['the', 'wheels', 'do', 'not', 'have', 'spokes']",6,the wheels do not have spokes,train,train,train,train,"[1, 10, 1013, 338, 40, 84, 31, 2, 0, 0, 0, 0, 0, 0, 0, 0, 0, 0]",wheel
141237,user_915,The shape of the deck,3WQ3B2KGEA9BGBEMZLCHOL30KIR1B0,51.0,a6d79366eefbfa6df9034ea5f524d56a,skateboard,ShapeNet,cf04a6f4312be2c0d6f39b72607d85d7,skateboard,ShapeNet,False,skateboard/ShapeNet/cf04a6f4312be2c0d6f39b72607d85d7,skateboard/ShapeNet/a6d79366eefbfa6df9034ea5f524d56a,False,skateboard,skateboard,1,"['the', 'shape', 'of', 'the', 'deck']",5,the shape of the deck,test,train,test,train,"[1, 10, 93, 38, 10, 1281, 2, 0, 0, 0, 0, 0, 0, 0, 0, 0, 0, 0]",deck
141238,user_1030,Much smaller wheels,3RXPCZQMQR477SMXF74VPWUX0VK1GI,61.0,a6d79366eefbfa6df9034ea5f524d56a,skateboard,ShapeNet,cf04a6f4312be2c0d6f39b72607d85d7,skateboard,ShapeNet,False,skateboard/ShapeNet/cf04a6f4312be2c0d6f39b72607d85d7,skateboard/ShapeNet/a6d79366eefbfa6df9034ea5f524d56a,False,skateboard,skateboard,1,"['much', 'small', '-er', 'wheels']",4,much small -er wheels,test,train,test,train,"[1, 59, 111, 9, 1013, 2, 0, 0, 0, 0, 0, 0, 0, 0, 0, 0, 0, 0]",wheel
141239,user_1633,The target does not yet have wheels on it.,30OG32W0SW4C1LXVEZC5M0MOQG8ENK,34.0,a6d79366eefbfa6df9034ea5f524d56a,skateboard,ShapeNet,cf04a6f4312be2c0d6f39b72607d85d7,skateboard,ShapeNet,False,skateboard/ShapeNet/cf04a6f4312be2c0d6f39b72607d85d7,skateboard/ShapeNet/a6d79366eefbfa6df9034ea5f524d56a,False,skateboard,skateboard,1,"['the', 'target', 'does', 'not', 'yet', 'have', 'wheels', 'on', 'it']",9,the target does not yet have wheels on it,test,train,test,train,"[1, 10, 11, 39, 40, 3178, 84, 1013, 20, 23, 2, 0, 0, 0, 0, 0, 0, 0]",wheel
141242,user_1298,The density of the deck is thicker.,3D3VGR7TA28U6L9QIMCQCTN10OB3RA,39.0,8ae2871e13786052f42b80606c2f3752,skateboard,ShapeNet,e7c330f4c4421dbb24e49a3e82c3d033,skateboard,ShapeNet,False,skateboard/ShapeNet/e7c330f4c4421dbb24e49a3e82c3d033,skateboard/ShapeNet/8ae2871e13786052f42b80606c2f3752,False,skateboard,skateboard,1,"['the', 'density', 'of', 'the', 'deck', 'is', 'thick', '-er']",8,the density of the deck is thick -er,train,train,train,train,"[1, 10, 1626, 38, 10, 1281, 7, 54, 9, 2, 0, 0, 0, 0, 0, 0, 0, 0]",deck
141244,user_527,The deck is thinner.,30LB5CDZNE37RKWK9GOKWYRT6T80Z3,120.0,571dd1b4d09773c5bbe43d356df0e955,skateboard,ShapeNet,f9efb1b00b79c035c1cb365152372fc5,skateboard,ShapeNet,False,skateboard/ShapeNet/f9efb1b00b79c035c1cb365152372fc5,skateboard/ShapeNet/571dd1b4d09773c5bbe43d356df0e955,False,skateboard,skateboard,1,"['the', 'deck', 'is', 'thin', '-er']",5,the deck is thin -er,train,train,train,train,"[1, 10, 1281, 7, 60, 9, 2, 0, 0, 0, 0, 0, 0, 0, 0, 0, 0, 0]",deck
141245,user_1024,The wheels are much smaller.,3W2LOLRXLD802JHX3S4PTF43BARRK3,70.0,571dd1b4d09773c5bbe43d356df0e955,skateboard,ShapeNet,f9efb1b00b79c035c1cb365152372fc5,skateboard,ShapeNet,False,skateboard/ShapeNet/f9efb1b00b79c035c1cb365152372fc5,skateboard/ShapeNet/571dd1b4d09773c5bbe43d356df0e955,False,skateboard,skateboard,1,"['the', 'wheels', 'are', 'much', 'small', '-er']",6,the wheels are much small -er,train,train,train,train,"[1, 10, 1013, 16, 59, 111, 9, 2, 0, 0, 0, 0, 0, 0, 0, 0, 0, 0]",wheel
141246,user_203,The deck edge is higher.,3CCZ6YKWR9CRG0082O0X05LR8YV95I,65.0,f9efb1b00b79c035c1cb365152372fc5,skateboard,ShapeNet,d4abd88611997d2cc4647061c0a60dc9,skateboard,ShapeNet,False,skateboard/ShapeNet/d4abd88611997d2cc4647061c0a60dc9,skateboard/ShapeNet/f9efb1b00b79c035c1cb365152372fc5,True,skateboard,skateboard,1,"['the', 'deck', 'edge', 'is', 'high', '-er']",6,the deck edge is high -er,train,train,train,train,"[1, 10, 1281, 631, 7, 49, 9, 2, 0, 0, 0, 0, 0, 0, 0, 0, 0, 0]",deck
141247,user_567,The trucks a much taller in height.,3QHK8ZVMIOBO6IIQSVU080CEIOUBLE,107.0,f9efb1b00b79c035c1cb365152372fc5,skateboard,ShapeNet,d4abd88611997d2cc4647061c0a60dc9,skateboard,ShapeNet,False,skateboard/ShapeNet/d4abd88611997d2cc4647061c0a60dc9,skateboard/ShapeNet/f9efb1b00b79c035c1cb365152372fc5,True,skateboard,skateboard,1,"['the', 'trucks', 'a', 'much', 'tall', '-er', 'in', 'height']",8,the trucks a much tall -er in height,train,train,train,train,"[1, 10, 1595, 26, 59, 53, 9, 90, 117, 2, 0, 0, 0, 0, 0, 0, 0, 0]",truck
141248,user_1933,The wheels are larger and thicker,33L7PJKHCIRTNXSOYSCH3PWU4VV8TF,84.0,f9efb1b00b79c035c1cb365152372fc5,skateboard,ShapeNet,d4abd88611997d2cc4647061c0a60dc9,skateboard,ShapeNet,False,skateboard/ShapeNet/d4abd88611997d2cc4647061c0a60dc9,skateboard/ShapeNet/f9efb1b00b79c035c1cb365152372fc5,True,skateboard,skateboard,1,"['the', 'wheels', 'are', 'large', '-er', 'and', 'thick', '-er']",8,the wheels are large -er and thick -er,train,train,train,train,"[1, 10, 1013, 16, 94, 9, 47, 54, 9, 2, 0, 0, 0, 0, 0, 0, 0, 0]",wheel
141249,user_505,Target has smaller wheels,336YQZE83X76NKJ2RX425RRB8XZ5MA,46.0,ac2b6924a60a7a87aa4f69d519551495,skateboard,ShapeNet,d3ff56062272f3e6346e65609be6d72f,skateboard,ShapeNet,False,skateboard/ShapeNet/d3ff56062272f3e6346e65609be6d72f,skateboard/ShapeNet/ac2b6924a60a7a87aa4f69d519551495,True,skateboard,skateboard,1,"['target', 'has', 'small', '-er', 'wheels']",5,target has small -er wheels,train,train,train,train,"[1, 11, 24, 111, 9, 1013, 2, 0, 0, 0, 0, 0, 0, 0, 0, 0, 0, 0]",wheel
141251,user_1992,The wheels are smaller.,30LB5CDZNE37RKWK9GOKWYRT6T7Z01,44.0,ac2b6924a60a7a87aa4f69d519551495,skateboard,ShapeNet,d3ff56062272f3e6346e65609be6d72f,skateboard,ShapeNet,False,skateboard/ShapeNet/d3ff56062272f3e6346e65609be6d72f,skateboard/ShapeNet/ac2b6924a60a7a87aa4f69d519551495,True,skateboard,skateboard,1,"['the', 'wheels', 'are', 'small', '-er']",5,the wheels are small -er,train,train,train,train,"[1, 10, 1013, 16, 111, 9, 2, 0, 0, 0, 0, 0, 0, 0, 0, 0, 0, 0]",wheel
141254,user_1992,The wheels are wider,35GCEFQ6I7H38CVHS363YWP095RZ3W,41.0,f5d7698b5a57d61226e0640b67de606,skateboard,ShapeNet,39edba395f3d860c5a96bae7b017a6d9,skateboard,ShapeNet,False,skateboard/ShapeNet/39edba395f3d860c5a96bae7b017a6d9,skateboard/ShapeNet/f5d7698b5a57d61226e0640b67de606,True,skateboard,skateboard,1,"['the', 'wheels', 'are', 'wide', '-er']",5,the wheels are wide -er,train,train,train,train,"[1, 10, 1013, 16, 83, 9, 2, 0, 0, 0, 0, 0, 0, 0, 0, 0, 0, 0]",wheel
141255,user_152,it has wider wheels,374TNBHA8DOVANREUSGGXX99D31YQ7,118.0,776eaffd7cbe7bc6b9e8bdc9c4a49aa2,skateboard,ShapeNet,26cd3bfcef1e254f82b02baba7166175,skateboard,ShapeNet,False,skateboard/ShapeNet/26cd3bfcef1e254f82b02baba7166175,skateboard/ShapeNet/776eaffd7cbe7bc6b9e8bdc9c4a49aa2,True,skateboard,skateboard,1,"['it', 'has', 'wide', '-er', 'wheels']",5,it has wide -er wheels,test,train,test,train,"[1, 23, 24, 83, 9, 1013, 2, 0, 0, 0, 0, 0, 0, 0, 0, 0, 0, 0]",wheel
141256,user_203,The wheels are closer together.,32AT8R96GN2Q6UMMCV8WPCIXZ3DSUU,77.0,776eaffd7cbe7bc6b9e8bdc9c4a49aa2,skateboard,ShapeNet,26cd3bfcef1e254f82b02baba7166175,skateboard,ShapeNet,False,skateboard/ShapeNet/26cd3bfcef1e254f82b02baba7166175,skateboard/ShapeNet/776eaffd7cbe7bc6b9e8bdc9c4a49aa2,True,skateboard,skateboard,1,"['the', 'wheels', 'are', 'close', '-er', 'together']",6,the wheels are close -er together,test,train,test,train,"[1, 10, 1013, 16, 1025, 9, 220, 2, 0, 0, 0, 0, 0, 0, 0, 0, 0, 0]",wheel
141257,user_1644,the wheels are wider,3EJPLAJKEO925VIZB5415Z1KJ166ZW,48.0,776eaffd7cbe7bc6b9e8bdc9c4a49aa2,skateboard,ShapeNet,26cd3bfcef1e254f82b02baba7166175,skateboard,ShapeNet,False,skateboard/ShapeNet/26cd3bfcef1e254f82b02baba7166175,skateboard/ShapeNet/776eaffd7cbe7bc6b9e8bdc9c4a49aa2,True,skateboard,skateboard,1,"['the', 'wheels', 'are', 'wide', '-er']",5,the wheels are wide -er,test,train,test,train,"[1, 10, 1013, 16, 83, 9, 2, 0, 0, 0, 0, 0, 0, 0, 0, 0, 0, 0]",wheel
141258,user_152,wheel has no axis nut,35GCEFQ6I7H38CVHS363YWP095S3Z1,56.0,a1d36f02d20d18db6a2979228046d9f9,skateboard,ShapeNet,8f78a26403f09b708b3b3a08d28a7d7c,skateboard,ShapeNet,False,skateboard/ShapeNet/8f78a26403f09b708b3b3a08d28a7d7c,skateboard/ShapeNet/a1d36f02d20d18db6a2979228046d9f9,False,skateboard,skateboard,1,"['wheel', 'has', 'no', 'axis', 'nut']",5,wheel has no axis nut,train,train,train,train,"[1, 544, 24, 123, 3005, 1640, 2, 0, 0, 0, 0, 0, 0, 0, 0, 0, 0, 0]",wheel
141259,user_1392,The deck has multiple angles on either end.,3IQ1VMJRYVDOM6CPXKRE8G1D0CX9AP,23.0,a1d36f02d20d18db6a2979228046d9f9,skateboard,ShapeNet,8f78a26403f09b708b3b3a08d28a7d7c,skateboard,ShapeNet,False,skateboard/ShapeNet/8f78a26403f09b708b3b3a08d28a7d7c,skateboard/ShapeNet/a1d36f02d20d18db6a2979228046d9f9,False,skateboard,skateboard,1,"['the', 'deck', 'has', 'multiple', 'angles', 'on', 'either', 'end']",8,the deck has multiple angles on either end,train,train,train,train,"[1, 10, 1281, 24, 258, 340, 20, 332, 74, 2, 0, 0, 0, 0, 0, 0, 0, 0]",deck
141260,user_2044,The wheels do not have distinct axle nuts.,3FIUS151DXV4B7C0XQPYWJY32M5GG3,47.0,a1d36f02d20d18db6a2979228046d9f9,skateboard,ShapeNet,8f78a26403f09b708b3b3a08d28a7d7c,skateboard,ShapeNet,False,skateboard/ShapeNet/8f78a26403f09b708b3b3a08d28a7d7c,skateboard/ShapeNet/a1d36f02d20d18db6a2979228046d9f9,False,skateboard,skateboard,1,"['the', 'wheels', 'do', 'not', 'have', 'distinct', 'axle', 'nuts']",8,the wheels do not have distinct axle nuts,train,train,train,train,"[1, 10, 1013, 338, 40, 84, 221, 1613, 1638, 2, 0, 0, 0, 0, 0, 0, 0, 0]",wheel
141261,user_848,"Target has a long, narrow deck.",3SB5N7Y3O5X7031FJO0VBRBNV3F0GF,41.0,ac2b6924a60a7a87aa4f69d519551495,skateboard,ShapeNet,db4c8bf323465e4c537d393009a79347,skateboard,ShapeNet,False,skateboard/ShapeNet/db4c8bf323465e4c537d393009a79347,skateboard/ShapeNet/ac2b6924a60a7a87aa4f69d519551495,False,skateboard,skateboard,1,"['target', 'has', 'a', 'long', 'narrow', 'deck']",6,target has a long narrow deck,train,train,train,train,"[1, 11, 24, 26, 32, 210, 1281, 2, 0, 0, 0, 0, 0, 0, 0, 0, 0, 0]",deck
141262,user_1161,The target has much smaller wheel diameter,3VW6495TLLT4JPI0L2XAAJCBCCJYYB,139.0,ac2b6924a60a7a87aa4f69d519551495,skateboard,ShapeNet,db4c8bf323465e4c537d393009a79347,skateboard,ShapeNet,False,skateboard/ShapeNet/db4c8bf323465e4c537d393009a79347,skateboard/ShapeNet/ac2b6924a60a7a87aa4f69d519551495,False,skateboard,skateboard,1,"['the', 'target', 'has', 'much', 'small', '-er', 'wheel', 'diameter']",8,the target has much small -er wheel diameter,train,train,train,train,"[1, 10, 11, 24, 59, 111, 9, 544, 268, 2, 0, 0, 0, 0, 0, 0, 0, 0]",wheel
141263,user_1246,The trucks are shorter in depth,308XBLVESKXZ9GD3XFRWUCLDOGMBR7,43.0,ac2b6924a60a7a87aa4f69d519551495,skateboard,ShapeNet,db4c8bf323465e4c537d393009a79347,skateboard,ShapeNet,False,skateboard/ShapeNet/db4c8bf323465e4c537d393009a79347,skateboard/ShapeNet/ac2b6924a60a7a87aa4f69d519551495,False,skateboard,skateboard,1,"['the', 'trucks', 'are', 'short', '-er', 'in', 'depth']",7,the trucks are short -er in depth,train,train,train,train,"[1, 10, 1595, 16, 8, 9, 90, 607, 2, 0, 0, 0, 0, 0, 0, 0, 0, 0]",truck
141264,user_1205,Its board bends up higher,3YMU66OBIP1IB37BHW7GHJA4HMLHG6,56.0,a6d560508fb2fe2858dda0079c7c30f2,skateboard,ShapeNet,1c8d5e05c3faa05861be5ced44bc18ac,skateboard,ShapeNet,False,skateboard/ShapeNet/1c8d5e05c3faa05861be5ced44bc18ac,skateboard/ShapeNet/a6d560508fb2fe2858dda0079c7c30f2,True,skateboard,skateboard,1,"['its', 'board', 'bends', 'up', 'high', '-er']",6,its board bends up high -er,test,train,test,train,"[1, 5, 948, 193, 269, 49, 9, 2, 0, 0, 0, 0, 0, 0, 0, 0, 0, 0]",deck
141265,user_1815,Deck is more narrow,39K0FND3AJ83TQVJMTVJD27X0D5MA6,81.0,a6d560508fb2fe2858dda0079c7c30f2,skateboard,ShapeNet,1c8d5e05c3faa05861be5ced44bc18ac,skateboard,ShapeNet,False,skateboard/ShapeNet/1c8d5e05c3faa05861be5ced44bc18ac,skateboard/ShapeNet/a6d560508fb2fe2858dda0079c7c30f2,True,skateboard,skateboard,1,"['deck', 'is', 'more', 'narrow']",4,deck is more narrow,test,train,test,train,"[1, 1281, 7, 34, 210, 2, 0, 0, 0, 0, 0, 0, 0, 0, 0, 0, 0, 0]",deck
141266,user_2044,"Overall, the board has a gently rounded shape.",3FIJLY1B6WX4AK94PP9387CJ2YSFP7,45.0,a6d560508fb2fe2858dda0079c7c30f2,skateboard,ShapeNet,1c8d5e05c3faa05861be5ced44bc18ac,skateboard,ShapeNet,False,skateboard/ShapeNet/1c8d5e05c3faa05861be5ced44bc18ac,skateboard/ShapeNet/a6d560508fb2fe2858dda0079c7c30f2,True,skateboard,skateboard,1,"['overall', 'the', 'board', 'has', 'a', 'gently', 'rounded', 'shape']",8,overall the board has a gently rounded shape,test,train,test,train,"[1, 201, 10, 948, 24, 26, 198, 48, 93, 2, 0, 0, 0, 0, 0, 0, 0, 0]",deck
141270,user_476,Trucks on target are smaller.,31LM9EDVONLKC1JNS0NWJGZGVO7JND,114.0,5aec8d7745acbca498c63cb68f11df34,skateboard,ShapeNet,6867832e7b9d3654aacda7f1c4fd3ea7,skateboard,ShapeNet,False,skateboard/ShapeNet/6867832e7b9d3654aacda7f1c4fd3ea7,skateboard/ShapeNet/5aec8d7745acbca498c63cb68f11df34,True,skateboard,skateboard,1,"['trucks', 'on', 'target', 'are', 'small', '-er']",6,trucks on target are small -er,train,train,train,train,"[1, 1595, 20, 11, 16, 111, 9, 2, 0, 0, 0, 0, 0, 0, 0, 0, 0, 0]",truck
141271,user_1357,The trucks are thinner,34PGFRQONQ4AZVS1K1EJFZC7O16WJE,28.0,5aec8d7745acbca498c63cb68f11df34,skateboard,ShapeNet,6867832e7b9d3654aacda7f1c4fd3ea7,skateboard,ShapeNet,False,skateboard/ShapeNet/6867832e7b9d3654aacda7f1c4fd3ea7,skateboard/ShapeNet/5aec8d7745acbca498c63cb68f11df34,True,skateboard,skateboard,1,"['the', 'trucks', 'are', 'thin', '-er']",5,the trucks are thin -er,train,train,train,train,"[1, 10, 1595, 16, 60, 9, 2, 0, 0, 0, 0, 0, 0, 0, 0, 0, 0, 0]",truck
141272,user_1992,The wheel is smaller.,3NOKK93PR3187FKIL09MWDSFCO9EEX,53.0,5aec8d7745acbca498c63cb68f11df34,skateboard,ShapeNet,6867832e7b9d3654aacda7f1c4fd3ea7,skateboard,ShapeNet,False,skateboard/ShapeNet/6867832e7b9d3654aacda7f1c4fd3ea7,skateboard/ShapeNet/5aec8d7745acbca498c63cb68f11df34,True,skateboard,skateboard,1,"['the', 'wheel', 'is', 'small', '-er']",5,the wheel is small -er,train,train,train,train,"[1, 10, 544, 7, 111, 9, 2, 0, 0, 0, 0, 0, 0, 0, 0, 0, 0, 0]",wheel
141276,user_468,The wheels are much larger in diameter,3YGXWBAF72ABIF3B03REX3GLEN4C4Y,52.0,393ca71bd734f3071082f2ea630bf69e,skateboard,ShapeNet,212e0563473156e255483301a044235,skateboard,ShapeNet,False,skateboard/ShapeNet/212e0563473156e255483301a044235,skateboard/ShapeNet/393ca71bd734f3071082f2ea630bf69e,True,skateboard,skateboard,1,"['the', 'wheels', 'are', 'much', 'large', '-er', 'in', 'diameter']",8,the wheels are much large -er in diameter,train,train,train,train,"[1, 10, 1013, 16, 59, 94, 9, 90, 268, 2, 0, 0, 0, 0, 0, 0, 0, 0]",wheel
141279,user_152,the deck is flatter,3YDGXNSEO1N96CDYJRB9VHK2OWH48I,63.0,16edf6f6574568723f7198a00163bb6,skateboard,ShapeNet,39c8a4798087be3e20d56eaf7c8da531,skateboard,ShapeNet,False,skateboard/ShapeNet/39c8a4798087be3e20d56eaf7c8da531,skateboard/ShapeNet/16edf6f6574568723f7198a00163bb6,False,skateboard,skateboard,1,"['the', 'deck', 'is', 'flat', '-er']",5,the deck is flat -er,train,train,train,train,"[1, 10, 1281, 7, 129, 9, 2, 0, 0, 0, 0, 0, 0, 0, 0, 0, 0, 0]",deck
141280,user_1298,The trucks are wider.,3EJJQNKU9TY90TGPX71SGNOBJTSRH4,40.0,16edf6f6574568723f7198a00163bb6,skateboard,ShapeNet,39c8a4798087be3e20d56eaf7c8da531,skateboard,ShapeNet,False,skateboard/ShapeNet/39c8a4798087be3e20d56eaf7c8da531,skateboard/ShapeNet/16edf6f6574568723f7198a00163bb6,False,skateboard,skateboard,1,"['the', 'trucks', 'are', 'wide', '-er']",5,the trucks are wide -er,train,train,train,train,"[1, 10, 1595, 16, 83, 9, 2, 0, 0, 0, 0, 0, 0, 0, 0, 0, 0, 0]",truck
141281,user_1644,the deck is thinner,3U84XHCDIE6OQ8ELSHBM81H6N5OZ4I,88.0,16edf6f6574568723f7198a00163bb6,skateboard,ShapeNet,39c8a4798087be3e20d56eaf7c8da531,skateboard,ShapeNet,False,skateboard/ShapeNet/39c8a4798087be3e20d56eaf7c8da531,skateboard/ShapeNet/16edf6f6574568723f7198a00163bb6,False,skateboard,skateboard,1,"['the', 'deck', 'is', 'thin', '-er']",5,the deck is thin -er,train,train,train,train,"[1, 10, 1281, 7, 60, 9, 2, 0, 0, 0, 0, 0, 0, 0, 0, 0, 0, 0]",deck
141285,user_1357,The trucks are less visible,358UUM7WR1WC74ADKYFGPAZH5RT7RH,36.0,b140249e4615f0db6d8b6ba513969afe,skateboard,ShapeNet,8b93703a2046ddf5519438329ccc67e5,skateboard,ShapeNet,False,skateboard/ShapeNet/8b93703a2046ddf5519438329ccc67e5,skateboard/ShapeNet/b140249e4615f0db6d8b6ba513969afe,False,skateboard,skateboard,1,"['the', 'trucks', 'are', 'less', 'visible']",5,the trucks are less visible,test,train,test,train,"[1, 10, 1595, 16, 229, 185, 2, 0, 0, 0, 0, 0, 0, 0, 0, 0, 0, 0]",truck
141286,user_1493,It has more wheels.,3ZSANO2JCH01NCPWH6DX3CHUPGTFSD,334.0,b140249e4615f0db6d8b6ba513969afe,skateboard,ShapeNet,8b93703a2046ddf5519438329ccc67e5,skateboard,ShapeNet,False,skateboard/ShapeNet/8b93703a2046ddf5519438329ccc67e5,skateboard/ShapeNet/b140249e4615f0db6d8b6ba513969afe,False,skateboard,skateboard,1,"['it', 'has', 'more', 'wheels']",4,it has more wheels,test,train,test,train,"[1, 23, 24, 34, 1013, 2, 0, 0, 0, 0, 0, 0, 0, 0, 0, 0, 0, 0]",wheel
141287,user_1633,The target's deck has lettering on it.,31T4R4OBOU9812LU21PL0F0V5PQC7E,32.0,b140249e4615f0db6d8b6ba513969afe,skateboard,ShapeNet,8b93703a2046ddf5519438329ccc67e5,skateboard,ShapeNet,False,skateboard/ShapeNet/8b93703a2046ddf5519438329ccc67e5,skateboard/ShapeNet/b140249e4615f0db6d8b6ba513969afe,False,skateboard,skateboard,1,"['the', 'target', ""'s"", 'deck', 'has', 'lettering', 'on', 'it']",8,the target 's deck has lettering on it,test,train,test,train,"[1, 10, 11, 12, 1281, 24, 651, 20, 23, 2, 0, 0, 0, 0, 0, 0, 0, 0]",deck
141290,user_1796,The board is wider.,3QFUFYSY908ILRNLR5HF591OB0U4FZ,65.0,5aec8d7745acbca498c63cb68f11df34,skateboard,ShapeNet,7fc2cddac7ad57a2aa4eefa8f42b566e,skateboard,ShapeNet,False,skateboard/ShapeNet/7fc2cddac7ad57a2aa4eefa8f42b566e,skateboard/ShapeNet/5aec8d7745acbca498c63cb68f11df34,False,skateboard,skateboard,1,"['the', 'board', 'is', 'wide', '-er']",5,the board is wide -er,train,train,train,train,"[1, 10, 948, 7, 83, 9, 2, 0, 0, 0, 0, 0, 0, 0, 0, 0, 0, 0]",deck
141292,user_1815,Narrower deck,3XC1O3LBOUFO24C7SHLL8UI0OXZTLV,89.0,f52d56b5f81f1258c70ae17ca06472e1,skateboard,ShapeNet,e38a4e6fb32b51a1bebb1fbb949ea955,skateboard,ShapeNet,False,skateboard/ShapeNet/e38a4e6fb32b51a1bebb1fbb949ea955,skateboard/ShapeNet/f52d56b5f81f1258c70ae17ca06472e1,True,skateboard,skateboard,1,"['narrow', '-er', 'deck']",3,narrow -er deck,train,train,train,train,"[1, 210, 9, 1281, 2, 0, 0, 0, 0, 0, 0, 0, 0, 0, 0, 0, 0, 0]",deck
141296,user_1357,The wheels are larger,3PEIJLRY6VMBUFXQ15TK68KMZYVXWB,56.0,2085eac3fc071dd47292d1029e5a9853,skateboard,ShapeNet,e7a5dd6f6ac650977cbfdb97d3d9f05,skateboard,ShapeNet,False,skateboard/ShapeNet/e7a5dd6f6ac650977cbfdb97d3d9f05,skateboard/ShapeNet/2085eac3fc071dd47292d1029e5a9853,True,skateboard,skateboard,1,"['the', 'wheels', 'are', 'large', '-er']",5,the wheels are large -er,test,train,test,train,"[1, 10, 1013, 16, 94, 9, 2, 0, 0, 0, 0, 0, 0, 0, 0, 0, 0, 0]",wheel
141297,user_203,The diameter of the wheels is smaller.,36WLNQG7813A0C8YB97WV5MU9RXEBY,91.0,9d79847df77172f5ee8f98672c31bd1,skateboard,ShapeNet,4f409f31b182075511b6d7dda2bf041e,skateboard,ShapeNet,False,skateboard/ShapeNet/4f409f31b182075511b6d7dda2bf041e,skateboard/ShapeNet/9d79847df77172f5ee8f98672c31bd1,True,skateboard,skateboard,1,"['the', 'diameter', 'of', 'the', 'wheels', 'is', 'small', '-er']",8,the diameter of the wheels is small -er,test,train,test,train,"[1, 10, 268, 38, 10, 1013, 7, 111, 9, 2, 0, 0, 0, 0, 0, 0, 0, 0]",wheel
141298,user_323,the target wheels are much smaller.,3L2IS5HSFCBTQHUH4ZRAQI8RC45UNK,146.0,9d79847df77172f5ee8f98672c31bd1,skateboard,ShapeNet,4f409f31b182075511b6d7dda2bf041e,skateboard,ShapeNet,False,skateboard/ShapeNet/4f409f31b182075511b6d7dda2bf041e,skateboard/ShapeNet/9d79847df77172f5ee8f98672c31bd1,True,skateboard,skateboard,1,"['the', 'target', 'wheels', 'are', 'much', 'small', '-er']",7,the target wheels are much small -er,test,train,test,train,"[1, 10, 11, 1013, 16, 59, 111, 9, 2, 0, 0, 0, 0, 0, 0, 0, 0, 0]",wheel
141299,user_468,The wheels are smaller in diamter,3WRFBPLXRCH9RNHYPFV939IRZRM3NM,130.0,9d79847df77172f5ee8f98672c31bd1,skateboard,ShapeNet,4f409f31b182075511b6d7dda2bf041e,skateboard,ShapeNet,False,skateboard/ShapeNet/4f409f31b182075511b6d7dda2bf041e,skateboard/ShapeNet/9d79847df77172f5ee8f98672c31bd1,True,skateboard,skateboard,1,"['the', 'wheels', 'are', 'small', '-er', 'in', 'diameter']",7,the wheels are small -er in diameter,test,train,test,train,"[1, 10, 1013, 16, 111, 9, 90, 268, 2, 0, 0, 0, 0, 0, 0, 0, 0, 0]",wheel
141303,user_948,The front wheels and back wheels are different sizes,3M0NZ3JDP3R6MRIL6MUWDTNKN1IZ5M,44.0,710467261256490ce1bed90743417b0c,skateboard,ShapeNet,fb1ad690d8befb5a74bfd4c8606b795,skateboard,ShapeNet,False,skateboard/ShapeNet/fb1ad690d8befb5a74bfd4c8606b795,skateboard/ShapeNet/710467261256490ce1bed90743417b0c,False,skateboard,skateboard,1,"['the', 'front', 'wheels', 'and', 'back', 'wheels', 'are', 'different', 'sizes']",9,the front wheels and back wheels are different sizes,train,train,train,train,"[1, 10, 37, 1013, 47, 183, 1013, 16, 306, 1102, 2, 0, 0, 0, 0, 0, 0, 0]",wheel
141305,user_1644,there are no fixing bolts on the board,3UOUJI6MTF7Y2B8L65EJOKZPEINXUF,88.0,710467261256490ce1bed90743417b0c,skateboard,ShapeNet,fb1ad690d8befb5a74bfd4c8606b795,skateboard,ShapeNet,False,skateboard/ShapeNet/fb1ad690d8befb5a74bfd4c8606b795,skateboard/ShapeNet/710467261256490ce1bed90743417b0c,False,skateboard,skateboard,1,"['there', 'are', 'no', 'fixing', 'bolts', 'on', 'the', 'board']",8,there are no fixing bolts on the board,train,train,train,train,"[1, 15, 16, 123, 1610, 1611, 20, 10, 948, 2, 0, 0, 0, 0, 0, 0, 0, 0]",deck
141308,user_1124,Thebtarget has no truck hanger underneath.,3WAKVUDHUY94NW2UOSALULM1CPZU78,603.0,2026cbe0ebbe1153d975109d955e6652,skateboard,ShapeNet,1ad8d7573dc57ebc247a956ed3779e34,skateboard,ShapeNet,False,skateboard/ShapeNet/1ad8d7573dc57ebc247a956ed3779e34,skateboard/ShapeNet/2026cbe0ebbe1153d975109d955e6652,False,skateboard,skateboard,1,"['the', 'target', 'has', 'no', 'truck', 'hanger', 'underneath']",7,the target has no truck hanger underneath,train,train,train,train,"[1, 10, 11, 24, 123, 1606, 1654, 263, 2, 0, 0, 0, 0, 0, 0, 0, 0, 0]",truck
141309,user_42,The board is wider.,3K3R2QNK8DW81FQN3P858HD77G69UK,58.0,79288e2c98c7be7c6e72f8cfa29d3672,skateboard,ShapeNet,a1d36f02d20d18db6a2979228046d9f9,skateboard,ShapeNet,False,skateboard/ShapeNet/a1d36f02d20d18db6a2979228046d9f9,skateboard/ShapeNet/79288e2c98c7be7c6e72f8cfa29d3672,False,skateboard,skateboard,1,"['the', 'board', 'is', 'wide', '-er']",5,the board is wide -er,train,train,train,train,"[1, 10, 948, 7, 83, 9, 2, 0, 0, 0, 0, 0, 0, 0, 0, 0, 0, 0]",deck
141310,user_476,The trucks are a different style.,37TRT2X24SKIBSUQPAINSLZMEZTBJG,244.0,79288e2c98c7be7c6e72f8cfa29d3672,skateboard,ShapeNet,a1d36f02d20d18db6a2979228046d9f9,skateboard,ShapeNet,False,skateboard/ShapeNet/a1d36f02d20d18db6a2979228046d9f9,skateboard/ShapeNet/79288e2c98c7be7c6e72f8cfa29d3672,False,skateboard,skateboard,1,"['the', 'trucks', 'are', 'a', 'different', 'style']",6,the trucks are a different style,train,train,train,train,"[1, 10, 1595, 16, 26, 306, 250, 2, 0, 0, 0, 0, 0, 0, 0, 0, 0, 0]",truck
141311,user_899,The target board has a wider deck.,34HJIJKLP7P7HO9BRKMJNV4AZUI4VN,40.0,79288e2c98c7be7c6e72f8cfa29d3672,skateboard,ShapeNet,a1d36f02d20d18db6a2979228046d9f9,skateboard,ShapeNet,False,skateboard/ShapeNet/a1d36f02d20d18db6a2979228046d9f9,skateboard/ShapeNet/79288e2c98c7be7c6e72f8cfa29d3672,False,skateboard,skateboard,1,"['the', 'target', 'board', 'has', 'a', 'wide', '-er', 'deck']",8,the target board has a wide -er deck,train,train,train,train,"[1, 10, 11, 948, 24, 26, 83, 9, 1281, 2, 0, 0, 0, 0, 0, 0, 0, 0]",deck
141314,user_1298,The density of the deck is thicker.,3DL65MZB8F8TAH04P93R6PSCRC6CEC,63.0,f52d56b5f81f1258c70ae17ca06472e1,skateboard,ShapeNet,563569e15313d7eb89e13811ad04f53f,skateboard,ShapeNet,False,skateboard/ShapeNet/563569e15313d7eb89e13811ad04f53f,skateboard/ShapeNet/f52d56b5f81f1258c70ae17ca06472e1,True,skateboard,skateboard,1,"['the', 'density', 'of', 'the', 'deck', 'is', 'thick', '-er']",8,the density of the deck is thick -er,train,train,train,train,"[1, 10, 1626, 38, 10, 1281, 7, 54, 9, 2, 0, 0, 0, 0, 0, 0, 0, 0]",deck
141315,user_203,The wheels are not as wide.,3ATTHHXXWCHTTKDLCOP55HBEKNSXIZ,42.0,ea25b5f1fc8d76a36a1b26eff73443ff,skateboard,ShapeNet,f9752bb556ab1e20681083250d6ef1,skateboard,ShapeNet,False,skateboard/ShapeNet/f9752bb556ab1e20681083250d6ef1,skateboard/ShapeNet/ea25b5f1fc8d76a36a1b26eff73443ff,False,skateboard,skateboard,1,"['the', 'wheels', 'are', 'not', 'as', 'wide']",6,the wheels are not as wide,train,train,train,train,"[1, 10, 1013, 16, 40, 52, 83, 2, 0, 0, 0, 0, 0, 0, 0, 0, 0, 0]",wheel
141318,user_156,Its deck indents at both ends before they curve upward.,30MVJZJNHO6ZNZFTRQ4R1F4WQ1QJ9I,48.0,463434d2fcf567d56a93dc68b4021dbb,skateboard,ShapeNet,5fba47ad66c45cd113314092564c13fd,skateboard,ShapeNet,False,skateboard/ShapeNet/5fba47ad66c45cd113314092564c13fd,skateboard/ShapeNet/463434d2fcf567d56a93dc68b4021dbb,False,skateboard,skateboard,1,"['its', 'deck', 'indents', 'at', 'both', 'ends', 'before', 'they', 'curve', 'upward']",10,its deck indents at both ends before they curve upward,train,train,train,train,"[1, 5, 1281, 1498, 98, 470, 247, 162, 752, 43, 79, 2, 0, 0, 0, 0, 0, 0]",deck
141321,user_571,The deck has less rounded corners,3IRIK4HM3CDPX27PJRKTU10ZAFG6CL,37.0,b6074c8d74b58d31ef566954f332b813,skateboard,ShapeNet,fb1ad690d8befb5a74bfd4c8606b795,skateboard,ShapeNet,False,skateboard/ShapeNet/fb1ad690d8befb5a74bfd4c8606b795,skateboard/ShapeNet/b6074c8d74b58d31ef566954f332b813,True,skateboard,skateboard,1,"['the', 'deck', 'has', 'less', 'rounded', 'corners']",6,the deck has less rounded corners,train,train,train,train,"[1, 10, 1281, 24, 229, 48, 735, 2, 0, 0, 0, 0, 0, 0, 0, 0, 0, 0]",deck
141322,user_1246,The wheels are smaller,34S9DKFK75IA7QEME0OZT3E48SFYNL,29.0,b6074c8d74b58d31ef566954f332b813,skateboard,ShapeNet,fb1ad690d8befb5a74bfd4c8606b795,skateboard,ShapeNet,False,skateboard/ShapeNet/fb1ad690d8befb5a74bfd4c8606b795,skateboard/ShapeNet/b6074c8d74b58d31ef566954f332b813,True,skateboard,skateboard,1,"['the', 'wheels', 'are', 'small', '-er']",5,the wheels are small -er,train,train,train,train,"[1, 10, 1013, 16, 111, 9, 2, 0, 0, 0, 0, 0, 0, 0, 0, 0, 0, 0]",wheel
141324,user_661,The wheels on the right are smaller,37ZHEEHM6YFKO2PB98EK7CW1ZCG73E,341.0,573daccbcfdc94a3cbd54f2dfaecbd51,skateboard,ShapeNet,48f26ddc704fec2f379c6a1d59ef7283,skateboard,ShapeNet,False,skateboard/ShapeNet/48f26ddc704fec2f379c6a1d59ef7283,skateboard/ShapeNet/573daccbcfdc94a3cbd54f2dfaecbd51,False,skateboard,skateboard,1,"['the', 'wheels', 'on', 'the', 'right', 'are', 'small', '-er']",8,the wheels on the right are small -er,train,train,train,train,"[1, 10, 1013, 20, 10, 118, 16, 111, 9, 2, 0, 0, 0, 0, 0, 0, 0, 0]",wheel
141325,user_1633,The target has smaller wheels.,3VE8AYVF8OQJ4SAN387SMLHTDMRF8I,25.0,573daccbcfdc94a3cbd54f2dfaecbd51,skateboard,ShapeNet,48f26ddc704fec2f379c6a1d59ef7283,skateboard,ShapeNet,False,skateboard/ShapeNet/48f26ddc704fec2f379c6a1d59ef7283,skateboard/ShapeNet/573daccbcfdc94a3cbd54f2dfaecbd51,False,skateboard,skateboard,1,"['the', 'target', 'has', 'small', '-er', 'wheels']",6,the target has small -er wheels,train,train,train,train,"[1, 10, 11, 24, 111, 9, 1013, 2, 0, 0, 0, 0, 0, 0, 0, 0, 0, 0]",wheel
141326,user_1796,The wheels are smaller.,3VFJCI1K41SV0XLED1JAVNCA4TEGRT,47.0,573daccbcfdc94a3cbd54f2dfaecbd51,skateboard,ShapeNet,48f26ddc704fec2f379c6a1d59ef7283,skateboard,ShapeNet,False,skateboard/ShapeNet/48f26ddc704fec2f379c6a1d59ef7283,skateboard/ShapeNet/573daccbcfdc94a3cbd54f2dfaecbd51,False,skateboard,skateboard,1,"['the', 'wheels', 'are', 'small', '-er']",5,the wheels are small -er,train,train,train,train,"[1, 10, 1013, 16, 111, 9, 2, 0, 0, 0, 0, 0, 0, 0, 0, 0, 0, 0]",wheel
141327,user_468,There is no visible truck hanger,3SB4CE2TJXOEN2UN00XSOJNV7FLXAT,55.0,380433d04091e04d3270ed754ff7ec06,skateboard,ShapeNet,9eb11450fa872445ad8005b08617c09,skateboard,ShapeNet,False,skateboard/ShapeNet/9eb11450fa872445ad8005b08617c09,skateboard/ShapeNet/380433d04091e04d3270ed754ff7ec06,True,skateboard,skateboard,1,"['there', 'is', 'no', 'visible', 'truck', 'hanger']",6,there is no visible truck hanger,train,train,train,train,"[1, 15, 7, 123, 185, 1606, 1654, 2, 0, 0, 0, 0, 0, 0, 0, 0, 0, 0]",truck
141328,user_948,The deck is longer,33LK57MYLVY7STGWII7464XC1LRSZI,40.0,380433d04091e04d3270ed754ff7ec06,skateboard,ShapeNet,9eb11450fa872445ad8005b08617c09,skateboard,ShapeNet,False,skateboard/ShapeNet/9eb11450fa872445ad8005b08617c09,skateboard/ShapeNet/380433d04091e04d3270ed754ff7ec06,True,skateboard,skateboard,1,"['the', 'deck', 'is', 'long', '-er']",5,the deck is long -er,train,train,train,train,"[1, 10, 1281, 7, 32, 9, 2, 0, 0, 0, 0, 0, 0, 0, 0, 0, 0, 0]",deck
141333,user_203,The deck edge is not as high.,3U4J9857OG4PRXTOO1TQPVUDN4SB78,58.0,48bf45bffab55d7cf14c37b285d25cdf,skateboard,ShapeNet,b6074c8d74b58d31ef566954f332b813,skateboard,ShapeNet,False,skateboard/ShapeNet/b6074c8d74b58d31ef566954f332b813,skateboard/ShapeNet/48bf45bffab55d7cf14c37b285d25cdf,True,skateboard,skateboard,1,"['the', 'deck', 'edge', 'is', 'not', 'as', 'high']",7,the deck edge is not as high,train,train,train,train,"[1, 10, 1281, 631, 7, 40, 52, 49, 2, 0, 0, 0, 0, 0, 0, 0, 0, 0]",deck
141334,user_549,The board is much thinner.,3R2UR8A0IC93P6OOAJ2APE70W12OX6,86.0,48bf45bffab55d7cf14c37b285d25cdf,skateboard,ShapeNet,b6074c8d74b58d31ef566954f332b813,skateboard,ShapeNet,False,skateboard/ShapeNet/b6074c8d74b58d31ef566954f332b813,skateboard/ShapeNet/48bf45bffab55d7cf14c37b285d25cdf,True,skateboard,skateboard,1,"['the', 'board', 'is', 'much', 'thin', '-er']",6,the board is much thin -er,train,train,train,train,"[1, 10, 948, 7, 59, 60, 9, 2, 0, 0, 0, 0, 0, 0, 0, 0, 0, 0]",deck
141335,user_883,The deck width is wider.,32KTQ2V7RF8PO7LEUNHJH7WDUTL9M8,208.0,48bf45bffab55d7cf14c37b285d25cdf,skateboard,ShapeNet,b6074c8d74b58d31ef566954f332b813,skateboard,ShapeNet,False,skateboard/ShapeNet/b6074c8d74b58d31ef566954f332b813,skateboard/ShapeNet/48bf45bffab55d7cf14c37b285d25cdf,True,skateboard,skateboard,1,"['the', 'deck', 'width', 'is', 'wide', '-er']",6,the deck width is wide -er,train,train,train,train,"[1, 10, 1281, 358, 7, 83, 9, 2, 0, 0, 0, 0, 0, 0, 0, 0, 0, 0]",deck
141337,user_1633,The target has larger wheels.,33CKWXB73LDA3DWUXOJSI9QRY6Z11G,39.0,97a1800db9a625bc28044fe9244db50a,skateboard,ShapeNet,d4c042d11f29dffa1082f2ea630bf69e,skateboard,ShapeNet,False,skateboard/ShapeNet/d4c042d11f29dffa1082f2ea630bf69e,skateboard/ShapeNet/97a1800db9a625bc28044fe9244db50a,False,skateboard,skateboard,1,"['the', 'target', 'has', 'large', '-er', 'wheels']",6,the target has large -er wheels,train,train,train,train,"[1, 10, 11, 24, 94, 9, 1013, 2, 0, 0, 0, 0, 0, 0, 0, 0, 0, 0]",wheel
141339,user_45,Has bigger wheels,3ON104KXQMPKWD9GHURF9XNO63L4WY,53.0,99130967461623c37ca71234c2ec5470,skateboard,ShapeNet,d9b0de3b3aecfffb1fabf3cbd0fc77bc,skateboard,ShapeNet,False,skateboard/ShapeNet/d9b0de3b3aecfffb1fabf3cbd0fc77bc,skateboard/ShapeNet/99130967461623c37ca71234c2ec5470,True,skateboard,skateboard,1,"['has', 'big', '-er', 'wheels']",4,has big -er wheels,train,train,train,train,"[1, 24, 320, 9, 1013, 2, 0, 0, 0, 0, 0, 0, 0, 0, 0, 0, 0, 0]",wheel
141340,user_203,The wheel diameter is larger.,3O6CYIULEFUJDB3VW0IXM1LI5G8WUC,96.0,99130967461623c37ca71234c2ec5470,skateboard,ShapeNet,d9b0de3b3aecfffb1fabf3cbd0fc77bc,skateboard,ShapeNet,False,skateboard/ShapeNet/d9b0de3b3aecfffb1fabf3cbd0fc77bc,skateboard/ShapeNet/99130967461623c37ca71234c2ec5470,True,skateboard,skateboard,1,"['the', 'wheel', 'diameter', 'is', 'large', '-er']",6,the wheel diameter is large -er,train,train,train,train,"[1, 10, 544, 268, 7, 94, 9, 2, 0, 0, 0, 0, 0, 0, 0, 0, 0, 0]",wheel
141341,user_1644,the deck has a curvier shape,340UGXU9D0U6YM3Q6QD10Z24Y76UV0,168.0,99130967461623c37ca71234c2ec5470,skateboard,ShapeNet,d9b0de3b3aecfffb1fabf3cbd0fc77bc,skateboard,ShapeNet,False,skateboard/ShapeNet/d9b0de3b3aecfffb1fabf3cbd0fc77bc,skateboard/ShapeNet/99130967461623c37ca71234c2ec5470,True,skateboard,skateboard,1,"['the', 'deck', 'has', 'a', 'curvy', '-er', 'shape']",7,the deck has a curvy -er shape,train,train,train,train,"[1, 10, 1281, 24, 26, 179, 9, 93, 2, 0, 0, 0, 0, 0, 0, 0, 0, 0]",deck
141342,user_203,The deck is deeper.,34BBWHLWHC4E4K8V2JTJ3YX7BLKIWP,135.0,c0280aaad5473e8398c63cb68f11df34,skateboard,ShapeNet,35c281c44b5ee115f62521393bb9c2f6,skateboard,ShapeNet,False,skateboard/ShapeNet/35c281c44b5ee115f62521393bb9c2f6,skateboard/ShapeNet/c0280aaad5473e8398c63cb68f11df34,True,skateboard,skateboard,1,"['the', 'deck', 'is', 'deep', '-er']",5,the deck is deep -er,train,train,train,train,"[1, 10, 1281, 7, 573, 9, 2, 0, 0, 0, 0, 0, 0, 0, 0, 0, 0, 0]",deck
141343,user_323,The wheels on the target (if they are there) are very small.,3GNA64GUZGXX8ZHUJQBJM0BGIYZQ5L,123.0,c0280aaad5473e8398c63cb68f11df34,skateboard,ShapeNet,35c281c44b5ee115f62521393bb9c2f6,skateboard,ShapeNet,False,skateboard/ShapeNet/35c281c44b5ee115f62521393bb9c2f6,skateboard/ShapeNet/c0280aaad5473e8398c63cb68f11df34,True,skateboard,skateboard,1,"['the', 'wheels', 'on', 'the', 'target', 'if', 'they', 'are', 'there', 'are', 'very', 'small']",12,the wheels on the target if they are there are very small,train,train,train,train,"[1, 10, 1013, 20, 10, 11, 228, 752, 16, 15, 16, 62, 111, 2, 0, 0, 0, 0]",wheel
141344,user_1350,The deck has 8 holes in it 4 at the front and 4 at the back,3A4NIXBJ78SKP9MNJKK9MGN8UN1LMG,322.0,c0280aaad5473e8398c63cb68f11df34,skateboard,ShapeNet,35c281c44b5ee115f62521393bb9c2f6,skateboard,ShapeNet,False,skateboard/ShapeNet/35c281c44b5ee115f62521393bb9c2f6,skateboard/ShapeNet/c0280aaad5473e8398c63cb68f11df34,True,skateboard,skateboard,1,"['the', 'deck', 'has', 'eight', 'holes', 'in', 'it', 'four', 'at', 'the', 'front', 'and', 'four', 'at', 'the', 'back']",16,the deck has eight holes in it four at the front and four at the back,train,train,train,train,"[1, 10, 1281, 24, 871, 234, 90, 23, 322, 98, 10, 37, 47, 322, 98, 10, 183, 2]",deck
141348,user_156,Its deck curves at more extreme angles towards both ends.,3SNLUL3WO6G32HRWSMBVDQ427AIULX,40.0,b6074c8d74b58d31ef566954f332b813,skateboard,ShapeNet,515f3fab6bee0c40de82f1e4605731da,skateboard,ShapeNet,False,skateboard/ShapeNet/515f3fab6bee0c40de82f1e4605731da,skateboard/ShapeNet/b6074c8d74b58d31ef566954f332b813,False,skateboard,skateboard,1,"['its', 'deck', 'curves', 'at', 'more', 'extreme', 'angles', 'towards', 'both', 'ends']",10,its deck curves at more extreme angles towards both ends,test,train,test,train,"[1, 5, 1281, 156, 98, 34, 3916, 340, 382, 470, 247, 2, 0, 0, 0, 0, 0, 0]",deck
141349,user_468,The deck is wider,36DSNE9QZ7R2UMJZTFN9Y5ZLLYAOJV,36.0,b6074c8d74b58d31ef566954f332b813,skateboard,ShapeNet,515f3fab6bee0c40de82f1e4605731da,skateboard,ShapeNet,False,skateboard/ShapeNet/515f3fab6bee0c40de82f1e4605731da,skateboard/ShapeNet/b6074c8d74b58d31ef566954f332b813,False,skateboard,skateboard,1,"['the', 'deck', 'is', 'wide', '-er']",5,the deck is wide -er,test,train,test,train,"[1, 10, 1281, 7, 83, 9, 2, 0, 0, 0, 0, 0, 0, 0, 0, 0, 0, 0]",deck
141350,user_1298,The curves of the deck are closer to the center.,3SUWZRL0M064U0R3FIQOKP02VQOE6F,35.0,b6074c8d74b58d31ef566954f332b813,skateboard,ShapeNet,515f3fab6bee0c40de82f1e4605731da,skateboard,ShapeNet,False,skateboard/ShapeNet/515f3fab6bee0c40de82f1e4605731da,skateboard/ShapeNet/b6074c8d74b58d31ef566954f332b813,False,skateboard,skateboard,1,"['the', 'curves', 'of', 'the', 'deck', 'are', 'close', '-er', 'to', 'the', 'center']",11,the curves of the deck are close -er to the center,test,train,test,train,"[1, 10, 156, 38, 10, 1281, 16, 1025, 9, 58, 10, 165, 2, 0, 0, 0, 0, 0]",deck
141353,user_1392,The board is flat.,31N2WW6R9TJX3V4HRRCWV49IX00F3R,37.0,7a00dee660ee94f5dfa6594bd6ded322,skateboard,ShapeNet,bdfa2c97ef7089d6b267718342f3f316,skateboard,ShapeNet,True,skateboard/ShapeNet/bdfa2c97ef7089d6b267718342f3f316,skateboard/ShapeNet/7a00dee660ee94f5dfa6594bd6ded322,False,skateboard,skateboard,1,"['the', 'board', 'is', 'flat']",4,the board is flat,train,train,train,train,"[1, 10, 948, 7, 129, 2, 0, 0, 0, 0, 0, 0, 0, 0, 0, 0, 0, 0]",deck
141355,user_1246,It has less length on the truck,3ZPPDN2SLXPRCJT1DPT04ZR4LRTE9N,55.0,58ab8327f188e0a063381d3d7e871939,skateboard,ShapeNet,c7482cb7a8db514921cafafd7e7949c7,skateboard,ShapeNet,False,skateboard/ShapeNet/c7482cb7a8db514921cafafd7e7949c7,skateboard/ShapeNet/58ab8327f188e0a063381d3d7e871939,True,skateboard,skateboard,1,"['it', 'has', 'less', 'length', 'on', 'the', 'truck']",7,it has less length on the truck,train,train,train,train,"[1, 23, 24, 229, 155, 20, 10, 1606, 2, 0, 0, 0, 0, 0, 0, 0, 0, 0]",truck
141356,user_1656,The wheels have a smaller diameter but are wider.,3C44YUNSI3I7C0V8YJEDK79YQJ6DPK,123.0,58ab8327f188e0a063381d3d7e871939,skateboard,ShapeNet,c7482cb7a8db514921cafafd7e7949c7,skateboard,ShapeNet,False,skateboard/ShapeNet/c7482cb7a8db514921cafafd7e7949c7,skateboard/ShapeNet/58ab8327f188e0a063381d3d7e871939,True,skateboard,skateboard,1,"['the', 'wheels', 'have', 'a', 'small', '-er', 'diameter', 'but', 'are', 'wide', '-er']",11,the wheels have a small -er diameter but are wide -er,train,train,train,train,"[1, 10, 1013, 84, 26, 111, 9, 268, 207, 16, 83, 9, 2, 0, 0, 0, 0, 0]",wheel
141361,user_1161,The target deck front and rear ends are bent up.,3N8OEVH1FTJGVXAW9SFE61G7KSJOOD,256.0,591971ce679ca4b93ad38b993d9e745f,skateboard,ShapeNet,48bf45bffab55d7cf14c37b285d25cdf,skateboard,ShapeNet,False,skateboard/ShapeNet/48bf45bffab55d7cf14c37b285d25cdf,skateboard/ShapeNet/591971ce679ca4b93ad38b993d9e745f,False,skateboard,skateboard,1,"['the', 'target', 'deck', 'front', 'and', 'rear', 'ends', 'are', 'bent', 'up']",10,the target deck front and rear ends are bent up,train,train,train,train,"[1, 10, 11, 1281, 37, 47, 1188, 247, 16, 173, 269, 2, 0, 0, 0, 0, 0, 0]",deck
141362,user_2027,The trucks are shorter in length.,3137ONMDKIY6RTG9RVZAWGDRP4KEGA,381.0,591971ce679ca4b93ad38b993d9e745f,skateboard,ShapeNet,48bf45bffab55d7cf14c37b285d25cdf,skateboard,ShapeNet,False,skateboard/ShapeNet/48bf45bffab55d7cf14c37b285d25cdf,skateboard/ShapeNet/591971ce679ca4b93ad38b993d9e745f,False,skateboard,skateboard,1,"['the', 'trucks', 'are', 'short', '-er', 'in', 'length']",7,the trucks are short -er in length,train,train,train,train,"[1, 10, 1595, 16, 8, 9, 90, 155, 2, 0, 0, 0, 0, 0, 0, 0, 0, 0]",truck
141363,user_42,The board is thinner.,33JKGHPFYENAD9P8VX0OZ8RXZJKMN4,44.0,ee1e75f67edf37707f29c61065b4dc5a,skateboard,ShapeNet,c190e478faaca09baaf812076502792,skateboard,ShapeNet,False,skateboard/ShapeNet/c190e478faaca09baaf812076502792,skateboard/ShapeNet/ee1e75f67edf37707f29c61065b4dc5a,False,skateboard,skateboard,1,"['the', 'board', 'is', 'thin', '-er']",5,the board is thin -er,train,train,train,train,"[1, 10, 948, 7, 60, 9, 2, 0, 0, 0, 0, 0, 0, 0, 0, 0, 0, 0]",deck
141364,user_156,It does not have visible trucks.,3NL0RFNU0HGT1DFZSG8CLMTTJYBK4L,37.0,ee1e75f67edf37707f29c61065b4dc5a,skateboard,ShapeNet,c190e478faaca09baaf812076502792,skateboard,ShapeNet,False,skateboard/ShapeNet/c190e478faaca09baaf812076502792,skateboard/ShapeNet/ee1e75f67edf37707f29c61065b4dc5a,False,skateboard,skateboard,1,"['it', 'does', 'not', 'have', 'visible', 'trucks']",6,it does not have visible trucks,train,train,train,train,"[1, 23, 39, 40, 84, 185, 1595, 2, 0, 0, 0, 0, 0, 0, 0, 0, 0, 0]",truck
141365,user_571,The deck is thinner,3FIUS151DXV4B7C0XQPYWJY32MVGGT,39.0,ee1e75f67edf37707f29c61065b4dc5a,skateboard,ShapeNet,c190e478faaca09baaf812076502792,skateboard,ShapeNet,False,skateboard/ShapeNet/c190e478faaca09baaf812076502792,skateboard/ShapeNet/ee1e75f67edf37707f29c61065b4dc5a,False,skateboard,skateboard,1,"['the', 'deck', 'is', 'thin', '-er']",5,the deck is thin -er,train,train,train,train,"[1, 10, 1281, 7, 60, 9, 2, 0, 0, 0, 0, 0, 0, 0, 0, 0, 0, 0]",deck
141366,user_1205,It has wheels,3PJUZCGDJ89A3IJA0M70CPVIAOU89H,41.0,55da5b37f4fca69947d4c8697a40872,skateboard,ShapeNet,97f85bc59f09a9f455c660e6cd8e92b,skateboard,ShapeNet,False,skateboard/ShapeNet/97f85bc59f09a9f455c660e6cd8e92b,skateboard/ShapeNet/55da5b37f4fca69947d4c8697a40872,False,skateboard,skateboard,1,"['it', 'has', 'wheels']",3,it has wheels,train,train,train,train,"[1, 23, 24, 1013, 2, 0, 0, 0, 0, 0, 0, 0, 0, 0, 0, 0, 0, 0]",wheel
141369,user_203,The wheel diameter is less.,31JLPPHS2WNR98HAQUVMIYIWP1Q3O0,103.0,54b9d9a3565820e17f267bbeffb219aa,skateboard,ShapeNet,11abd8b2227a9031e65449686a784d77,skateboard,ShapeNet,False,skateboard/ShapeNet/11abd8b2227a9031e65449686a784d77,skateboard/ShapeNet/54b9d9a3565820e17f267bbeffb219aa,True,skateboard,skateboard,1,"['the', 'wheel', 'diameter', 'is', 'less']",5,the wheel diameter is less,train,train,train,train,"[1, 10, 544, 268, 7, 229, 2, 0, 0, 0, 0, 0, 0, 0, 0, 0, 0, 0]",wheel
141370,user_1024,The board doesnt have exhaust hooks.,3K5TEWLKGX41PV8QC9ONHWET4CFVIP,61.0,54b9d9a3565820e17f267bbeffb219aa,skateboard,ShapeNet,11abd8b2227a9031e65449686a784d77,skateboard,ShapeNet,False,skateboard/ShapeNet/11abd8b2227a9031e65449686a784d77,skateboard/ShapeNet/54b9d9a3565820e17f267bbeffb219aa,True,skateboard,skateboard,1,"['the', 'board', 'doesnt', 'have', 'exhaust', 'hooks']",6,the board doesnt have exhaust hooks,train,train,train,train,"[1, 10, 948, 798, 84, 1670, 1012, 2, 0, 0, 0, 0, 0, 0, 0, 0, 0, 0]",deck
141371,user_1633,The target's wheels are smaller.,3L70J4KAZIF0PWP690WGUCK3RXAAD5,23.0,54b9d9a3565820e17f267bbeffb219aa,skateboard,ShapeNet,11abd8b2227a9031e65449686a784d77,skateboard,ShapeNet,False,skateboard/ShapeNet/11abd8b2227a9031e65449686a784d77,skateboard/ShapeNet/54b9d9a3565820e17f267bbeffb219aa,True,skateboard,skateboard,1,"['the', 'target', ""'s"", 'wheels', 'are', 'small', '-er']",7,the target 's wheels are small -er,train,train,train,train,"[1, 10, 11, 12, 1013, 16, 111, 9, 2, 0, 0, 0, 0, 0, 0, 0, 0, 0]",wheel
141373,user_1298,The target board is more elevated.,3TK8OJTYM3ET6HVUP4E7QTF5QQFVP6,52.0,87115860707b0208813c2f803c03ef9f,skateboard,ShapeNet,ee1e75f67edf37707f29c61065b4dc5a,skateboard,ShapeNet,False,skateboard/ShapeNet/ee1e75f67edf37707f29c61065b4dc5a,skateboard/ShapeNet/87115860707b0208813c2f803c03ef9f,True,skateboard,skateboard,1,"['the', 'target', 'board', 'is', 'more', 'elevated']",6,the target board is more elevated,train,train,train,train,"[1, 10, 11, 948, 7, 34, 1667, 2, 0, 0, 0, 0, 0, 0, 0, 0, 0, 0]",deck
141374,user_1633,The target's deck is narrower.,3B4YI393VBPARHUINQDWAB09E6OSSA,31.0,87115860707b0208813c2f803c03ef9f,skateboard,ShapeNet,ee1e75f67edf37707f29c61065b4dc5a,skateboard,ShapeNet,False,skateboard/ShapeNet/ee1e75f67edf37707f29c61065b4dc5a,skateboard/ShapeNet/87115860707b0208813c2f803c03ef9f,True,skateboard,skateboard,1,"['the', 'target', ""'s"", 'deck', 'is', 'narrow', '-er']",7,the target 's deck is narrow -er,train,train,train,train,"[1, 10, 11, 12, 1281, 7, 210, 9, 2, 0, 0, 0, 0, 0, 0, 0, 0, 0]",deck
141377,user_1161,The target has mich thinner trucks,3NKQQ8O390YK4534F5D7UDWXY02UD1,100.0,570fae86bb5e1843d587b281fa5e7b27,skateboard,ShapeNet,f9752bb556ab1e20681083250d6ef1,skateboard,ShapeNet,False,skateboard/ShapeNet/f9752bb556ab1e20681083250d6ef1,skateboard/ShapeNet/570fae86bb5e1843d587b281fa5e7b27,True,skateboard,skateboard,1,"['the', 'target', 'has', 'mich', 'thin', '-er', 'trucks']",7,the target has mich thin -er trucks,train,train,train,train,"[1, 10, 11, 24, 3, 60, 9, 1595, 2, 0, 0, 0, 0, 0, 0, 0, 0, 0]",truck
141378,user_567,The board thickness is thinner.,3LUY3GC631TRVRUY76BRKFZ24887PQ,94.0,55da5b37f4fca69947d4c8697a40872,skateboard,ShapeNet,c190e478faaca09baaf812076502792,skateboard,ShapeNet,False,skateboard/ShapeNet/c190e478faaca09baaf812076502792,skateboard/ShapeNet/55da5b37f4fca69947d4c8697a40872,True,skateboard,skateboard,1,"['the', 'board', 'thickness', 'is', 'thin', '-er']",6,the board thickness is thin -er,train,train,train,train,"[1, 10, 948, 1577, 7, 60, 9, 2, 0, 0, 0, 0, 0, 0, 0, 0, 0, 0]",deck
141380,user_1392,The board ends are less angled.,3VELCLL3GMC1TSQ24NYD7BULZGM1FL,23.0,55da5b37f4fca69947d4c8697a40872,skateboard,ShapeNet,c190e478faaca09baaf812076502792,skateboard,ShapeNet,False,skateboard/ShapeNet/c190e478faaca09baaf812076502792,skateboard/ShapeNet/55da5b37f4fca69947d4c8697a40872,True,skateboard,skateboard,1,"['the', 'board', 'ends', 'are', 'less', 'angled']",6,the board ends are less angled,train,train,train,train,"[1, 10, 948, 247, 16, 229, 168, 2, 0, 0, 0, 0, 0, 0, 0, 0, 0, 0]",deck
141381,user_567,The back of the board is much flat.,3HMIGG0U4NZP4JRI8YZGB6O9JXC8Y3,521.0,af4343c5b78b70b11082f2ea630bf69e,skateboard,ShapeNet,e421c23a2c02cac61082f2ea630bf69e,skateboard,ShapeNet,False,skateboard/ShapeNet/e421c23a2c02cac61082f2ea630bf69e,skateboard/ShapeNet/af4343c5b78b70b11082f2ea630bf69e,True,skateboard,skateboard,1,"['the', 'back', 'of', 'the', 'board', 'is', 'much', 'flat']",8,the back of the board is much flat,test,train,test,train,"[1, 10, 183, 38, 10, 948, 7, 59, 129, 2, 0, 0, 0, 0, 0, 0, 0, 0]",deck
141384,user_1246,The wheels are much larger,3RSDURM96CF6DK19L1LG3GKVU0DYEV,46.0,ea25b5f1fc8d76a36a1b26eff73443ff,skateboard,ShapeNet,571dd1b4d09773c5bbe43d356df0e955,skateboard,ShapeNet,False,skateboard/ShapeNet/571dd1b4d09773c5bbe43d356df0e955,skateboard/ShapeNet/ea25b5f1fc8d76a36a1b26eff73443ff,False,skateboard,skateboard,1,"['the', 'wheels', 'are', 'much', 'large', '-er']",6,the wheels are much large -er,train,train,train,train,"[1, 10, 1013, 16, 59, 94, 9, 2, 0, 0, 0, 0, 0, 0, 0, 0, 0, 0]",wheel
141385,user_1357,The truck is more visible,36AHBNMV1T51LEN9P6AWXY2AUOJYD9,63.0,ea25b5f1fc8d76a36a1b26eff73443ff,skateboard,ShapeNet,571dd1b4d09773c5bbe43d356df0e955,skateboard,ShapeNet,False,skateboard/ShapeNet/571dd1b4d09773c5bbe43d356df0e955,skateboard/ShapeNet/ea25b5f1fc8d76a36a1b26eff73443ff,False,skateboard,skateboard,1,"['the', 'truck', 'is', 'more', 'visible']",5,the truck is more visible,train,train,train,train,"[1, 10, 1606, 7, 34, 185, 2, 0, 0, 0, 0, 0, 0, 0, 0, 0, 0, 0]",truck
141386,user_1815,The wheels are larger,304SM51WA5XBAVDGC4R1KMQ9AK4BSY,230.0,ea25b5f1fc8d76a36a1b26eff73443ff,skateboard,ShapeNet,571dd1b4d09773c5bbe43d356df0e955,skateboard,ShapeNet,False,skateboard/ShapeNet/571dd1b4d09773c5bbe43d356df0e955,skateboard/ShapeNet/ea25b5f1fc8d76a36a1b26eff73443ff,False,skateboard,skateboard,1,"['the', 'wheels', 'are', 'large', '-er']",5,the wheels are large -er,train,train,train,train,"[1, 10, 1013, 16, 94, 9, 2, 0, 0, 0, 0, 0, 0, 0, 0, 0, 0, 0]",wheel
141390,user_1298,The deck is wider.,37ZHEEHM6YFKO2PB98EK7CW1ZCH37B,22.0,792953b4101753c6ed3696d854eee1ec,skateboard,ShapeNet,52ffc103719ae88ef0f40fbf85e100a,skateboard,ShapeNet,False,skateboard/ShapeNet/52ffc103719ae88ef0f40fbf85e100a,skateboard/ShapeNet/792953b4101753c6ed3696d854eee1ec,True,skateboard,skateboard,1,"['the', 'deck', 'is', 'wide', '-er']",5,the deck is wide -er,test,train,test,train,"[1, 10, 1281, 7, 83, 9, 2, 0, 0, 0, 0, 0, 0, 0, 0, 0, 0, 0]",deck
141392,user_2044,The truck axle does not have a rounded shape.,3JMSRU9HQKNP9Q64GQYWWHG1CLEVEQ,68.0,792953b4101753c6ed3696d854eee1ec,skateboard,ShapeNet,52ffc103719ae88ef0f40fbf85e100a,skateboard,ShapeNet,False,skateboard/ShapeNet/52ffc103719ae88ef0f40fbf85e100a,skateboard/ShapeNet/792953b4101753c6ed3696d854eee1ec,True,skateboard,skateboard,1,"['the', 'truck', 'axle', 'does', 'not', 'have', 'a', 'rounded', 'shape']",9,the truck axle does not have a rounded shape,test,train,test,train,"[1, 10, 1606, 1613, 39, 40, 84, 26, 48, 93, 2, 0, 0, 0, 0, 0, 0, 0]",truck
141393,user_203,The wheels are not as wide.,3HL8HNGX47UJIXTX80D6MHC4XTMF9M,49.0,ac2b6924a60a7a87aa4f69d519551495,skateboard,ShapeNet,393ca71bd734f3071082f2ea630bf69e,skateboard,ShapeNet,False,skateboard/ShapeNet/393ca71bd734f3071082f2ea630bf69e,skateboard/ShapeNet/ac2b6924a60a7a87aa4f69d519551495,False,skateboard,skateboard,1,"['the', 'wheels', 'are', 'not', 'as', 'wide']",6,the wheels are not as wide,train,train,train,train,"[1, 10, 1013, 16, 40, 52, 83, 2, 0, 0, 0, 0, 0, 0, 0, 0, 0, 0]",wheel
141394,user_468,The wheels are smaller in diameter,3DOCMVPBTP7GVRA87YFOCNGX48ANNJ,36.0,ac2b6924a60a7a87aa4f69d519551495,skateboard,ShapeNet,393ca71bd734f3071082f2ea630bf69e,skateboard,ShapeNet,False,skateboard/ShapeNet/393ca71bd734f3071082f2ea630bf69e,skateboard/ShapeNet/ac2b6924a60a7a87aa4f69d519551495,False,skateboard,skateboard,1,"['the', 'wheels', 'are', 'small', '-er', 'in', 'diameter']",7,the wheels are small -er in diameter,train,train,train,train,"[1, 10, 1013, 16, 111, 9, 90, 268, 2, 0, 0, 0, 0, 0, 0, 0, 0, 0]",wheel
141395,user_1796,The wheels are skinnier.,3ZAK8W07I67Q5L2A3TPCF6CE4BT0UE,51.0,ac2b6924a60a7a87aa4f69d519551495,skateboard,ShapeNet,393ca71bd734f3071082f2ea630bf69e,skateboard,ShapeNet,False,skateboard/ShapeNet/393ca71bd734f3071082f2ea630bf69e,skateboard/ShapeNet/ac2b6924a60a7a87aa4f69d519551495,False,skateboard,skateboard,1,"['the', 'wheels', 'are', 'skinny', '-er']",5,the wheels are skinny -er,train,train,train,train,"[1, 10, 1013, 16, 282, 9, 2, 0, 0, 0, 0, 0, 0, 0, 0, 0, 0, 0]",wheel
141396,user_42,The width of the deck is greater.,3L2IS5HSFCBTQHUH4ZRAQI8RC50NUA,63.0,f5d7698b5a57d61226e0640b67de606,skateboard,ShapeNet,776eaffd7cbe7bc6b9e8bdc9c4a49aa2,skateboard,ShapeNet,False,skateboard/ShapeNet/776eaffd7cbe7bc6b9e8bdc9c4a49aa2,skateboard/ShapeNet/f5d7698b5a57d61226e0640b67de606,False,skateboard,skateboard,1,"['the', 'width', 'of', 'the', 'deck', 'is', 'great', '-er']",8,the width of the deck is great -er,train,train,train,train,"[1, 10, 358, 38, 10, 1281, 7, 188, 9, 2, 0, 0, 0, 0, 0, 0, 0, 0]",deck
141397,user_468,The deck has a curvier nose and tail,39GXDJN2OV780PWD3NCW47KF1GD8VX,112.0,f5d7698b5a57d61226e0640b67de606,skateboard,ShapeNet,776eaffd7cbe7bc6b9e8bdc9c4a49aa2,skateboard,ShapeNet,False,skateboard/ShapeNet/776eaffd7cbe7bc6b9e8bdc9c4a49aa2,skateboard/ShapeNet/f5d7698b5a57d61226e0640b67de606,False,skateboard,skateboard,1,"['the', 'deck', 'has', 'a', 'curvy', '-er', 'nose', 'and', 'tail']",9,the deck has a curvy -er nose and tail,train,train,train,train,"[1, 10, 1281, 24, 26, 179, 9, 1593, 47, 1594, 2, 0, 0, 0, 0, 0, 0, 0]",deck
141398,user_571,The deck is wider,3R2PKQ87NY1IZ8EHYHNWU0VGDLQIMM,49.0,f5d7698b5a57d61226e0640b67de606,skateboard,ShapeNet,776eaffd7cbe7bc6b9e8bdc9c4a49aa2,skateboard,ShapeNet,False,skateboard/ShapeNet/776eaffd7cbe7bc6b9e8bdc9c4a49aa2,skateboard/ShapeNet/f5d7698b5a57d61226e0640b67de606,False,skateboard,skateboard,1,"['the', 'deck', 'is', 'wide', '-er']",5,the deck is wide -er,train,train,train,train,"[1, 10, 1281, 7, 83, 9, 2, 0, 0, 0, 0, 0, 0, 0, 0, 0, 0, 0]",deck
141400,user_1205,Its board bends up more at the ends,3DH6GAKTY0I4OFS5HOZTOQLDI8PZY9,46.0,db4c8bf323465e4c537d393009a79347,skateboard,ShapeNet,1c8d5e05c3faa05861be5ced44bc18ac,skateboard,ShapeNet,False,skateboard/ShapeNet/1c8d5e05c3faa05861be5ced44bc18ac,skateboard/ShapeNet/db4c8bf323465e4c537d393009a79347,False,skateboard,skateboard,1,"['its', 'board', 'bends', 'up', 'more', 'at', 'the', 'ends']",8,its board bends up more at the ends,test,train,test,train,"[1, 5, 948, 193, 269, 34, 98, 10, 247, 2, 0, 0, 0, 0, 0, 0, 0, 0]",deck
141402,user_203,The deck edge is higher.,3P59JYT76NDI1IQZIB3GTYJRIV72TA,178.0,8f78a26403f09b708b3b3a08d28a7d7c,skateboard,ShapeNet,36755d38d12e80c0702c58bc53d1e55f,skateboard,ShapeNet,False,skateboard/ShapeNet/36755d38d12e80c0702c58bc53d1e55f,skateboard/ShapeNet/8f78a26403f09b708b3b3a08d28a7d7c,True,skateboard,skateboard,1,"['the', 'deck', 'edge', 'is', 'high', '-er']",6,the deck edge is high -er,train,train,train,train,"[1, 10, 1281, 631, 7, 49, 9, 2, 0, 0, 0, 0, 0, 0, 0, 0, 0, 0]",deck
141403,user_1633,The target is on cylinders instead of traditional wheels.,3QHK8ZVMIOBO6IIQSVU080CEIOVLBP,39.0,8f78a26403f09b708b3b3a08d28a7d7c,skateboard,ShapeNet,36755d38d12e80c0702c58bc53d1e55f,skateboard,ShapeNet,False,skateboard/ShapeNet/36755d38d12e80c0702c58bc53d1e55f,skateboard/ShapeNet/8f78a26403f09b708b3b3a08d28a7d7c,True,skateboard,skateboard,1,"['the', 'target', 'is', 'on', 'cylinders', 'instead', 'of', 'traditional', 'wheels']",9,the target is on cylinders instead of traditional wheels,train,train,train,train,"[1, 10, 11, 7, 20, 402, 97, 38, 1030, 1013, 2, 0, 0, 0, 0, 0, 0, 0]",wheel
141404,user_1644,the deck is completely flat,3IXEICO794C6JJ905DFJJB03Y086TU,91.0,8f78a26403f09b708b3b3a08d28a7d7c,skateboard,ShapeNet,36755d38d12e80c0702c58bc53d1e55f,skateboard,ShapeNet,False,skateboard/ShapeNet/36755d38d12e80c0702c58bc53d1e55f,skateboard/ShapeNet/8f78a26403f09b708b3b3a08d28a7d7c,True,skateboard,skateboard,1,"['the', 'deck', 'is', 'completely', 'flat']",5,the deck is completely flat,train,train,train,train,"[1, 10, 1281, 7, 169, 129, 2, 0, 0, 0, 0, 0, 0, 0, 0, 0, 0, 0]",deck
141406,user_1298,The deck is slightly shorter.,37C0GNLMHHWZ2UD3JNF4E7IHVEM6DD,40.0,1ad8d7573dc57ebc247a956ed3779e34,skateboard,ShapeNet,55da5b37f4fca69947d4c8697a40872,skateboard,ShapeNet,False,skateboard/ShapeNet/55da5b37f4fca69947d4c8697a40872,skateboard/ShapeNet/1ad8d7573dc57ebc247a956ed3779e34,True,skateboard,skateboard,1,"['the', 'deck', 'is', 'slightly', 'short', '-er']",6,the deck is slightly short -er,train,train,train,train,"[1, 10, 1281, 7, 174, 8, 9, 2, 0, 0, 0, 0, 0, 0, 0, 0, 0, 0]",deck
141407,user_1392,The deck is thicker,3TMSXRD2X8T34ECXUC8DBZGLUJBW1D,32.0,1ad8d7573dc57ebc247a956ed3779e34,skateboard,ShapeNet,55da5b37f4fca69947d4c8697a40872,skateboard,ShapeNet,True,skateboard/ShapeNet/55da5b37f4fca69947d4c8697a40872,skateboard/ShapeNet/1ad8d7573dc57ebc247a956ed3779e34,True,skateboard,skateboard,1,"['the', 'deck', 'is', 'thick', '-er']",5,the deck is thick -er,train,train,train,train,"[1, 10, 1281, 7, 54, 9, 2, 0, 0, 0, 0, 0, 0, 0, 0, 0, 0, 0]",deck
141408,user_567,The truck hangers are straight and thicker.,30BUDKLTXFO8BWRPAZGJSJM2ZVB5EO,180.0,a19d80304e26099e7394c987e5e211f0,skateboard,ShapeNet,f9efb1b00b79c035c1cb365152372fc5,skateboard,ShapeNet,False,skateboard/ShapeNet/f9efb1b00b79c035c1cb365152372fc5,skateboard/ShapeNet/a19d80304e26099e7394c987e5e211f0,True,skateboard,skateboard,1,"['the', 'truck', 'hangers', 'are', 'straight', 'and', 'thick', '-er']",8,the truck hangers are straight and thick -er,train,train,train,train,"[1, 10, 1606, 1607, 16, 114, 47, 54, 9, 2, 0, 0, 0, 0, 0, 0, 0, 0]",truck
141409,user_1246,It has a shorter deck,3LS2AMNW5HJJG9NCO57IV6B7ZT2QOO,48.0,a19d80304e26099e7394c987e5e211f0,skateboard,ShapeNet,f9efb1b00b79c035c1cb365152372fc5,skateboard,ShapeNet,False,skateboard/ShapeNet/f9efb1b00b79c035c1cb365152372fc5,skateboard/ShapeNet/a19d80304e26099e7394c987e5e211f0,True,skateboard,skateboard,1,"['it', 'has', 'a', 'short', '-er', 'deck']",6,it has a short -er deck,train,train,train,train,"[1, 23, 24, 26, 8, 9, 1281, 2, 0, 0, 0, 0, 0, 0, 0, 0, 0, 0]",deck
141410,user_1298,The board is shorter and wider.,3SUWZRL0M064U0R3FIQOKP02VQNE6E,55.0,a19d80304e26099e7394c987e5e211f0,skateboard,ShapeNet,f9efb1b00b79c035c1cb365152372fc5,skateboard,ShapeNet,False,skateboard/ShapeNet/f9efb1b00b79c035c1cb365152372fc5,skateboard/ShapeNet/a19d80304e26099e7394c987e5e211f0,True,skateboard,skateboard,1,"['the', 'board', 'is', 'short', '-er', 'and', 'wide', '-er']",8,the board is short -er and wide -er,train,train,train,train,"[1, 10, 948, 7, 8, 9, 47, 83, 9, 2, 0, 0, 0, 0, 0, 0, 0, 0]",deck
141411,user_468,The deck has curved tail and nose,3H7Z272LX90QACJ0B0C13KH3ZSBLPB,37.0,732270ac7e23d610e62bec48c266b5c6,skateboard,ShapeNet,58ab8327f188e0a063381d3d7e871939,skateboard,ShapeNet,False,skateboard/ShapeNet/58ab8327f188e0a063381d3d7e871939,skateboard/ShapeNet/732270ac7e23d610e62bec48c266b5c6,False,skateboard,skateboard,1,"['the', 'deck', 'has', 'curved', 'tail', 'and', 'nose']",7,the deck has curved tail and nose,train,train,train,train,"[1, 10, 1281, 24, 51, 1594, 47, 1593, 2, 0, 0, 0, 0, 0, 0, 0, 0, 0]",deck
141412,user_1633,The target's deck is longer.,3Z3ZLGNNSKNUUKUQ57NQ73DW425Q3S,31.0,732270ac7e23d610e62bec48c266b5c6,skateboard,ShapeNet,58ab8327f188e0a063381d3d7e871939,skateboard,ShapeNet,False,skateboard/ShapeNet/58ab8327f188e0a063381d3d7e871939,skateboard/ShapeNet/732270ac7e23d610e62bec48c266b5c6,False,skateboard,skateboard,1,"['the', 'target', ""'s"", 'deck', 'is', 'long', '-er']",7,the target 's deck is long -er,train,train,train,train,"[1, 10, 11, 12, 1281, 7, 32, 9, 2, 0, 0, 0, 0, 0, 0, 0, 0, 0]",deck
141413,user_1685,The wheels have an outside axel nut,3JAOYWH7VKX5IP3TUBG4HUHOUOS9L3,103.0,732270ac7e23d610e62bec48c266b5c6,skateboard,ShapeNet,58ab8327f188e0a063381d3d7e871939,skateboard,ShapeNet,False,skateboard/ShapeNet/58ab8327f188e0a063381d3d7e871939,skateboard/ShapeNet/732270ac7e23d610e62bec48c266b5c6,False,skateboard,skateboard,1,"['the', 'wheels', 'have', 'an', 'outside', 'axel', 'nut']",7,the wheels have an outside axel nut,train,train,train,train,"[1, 10, 1013, 84, 72, 1636, 1637, 1640, 2, 0, 0, 0, 0, 0, 0, 0, 0, 0]",wheel
141414,user_696,The target is a shorter deck over all.,3137ONMDKIY6RTG9RVZAWGDRP4OEGE,58.0,99130967461623c37ca71234c2ec5470,skateboard,ShapeNet,24e46e195f4907887a70e5e6aa241c88,skateboard,ShapeNet,False,skateboard/ShapeNet/24e46e195f4907887a70e5e6aa241c88,skateboard/ShapeNet/99130967461623c37ca71234c2ec5470,True,skateboard,skateboard,1,"['the', 'target', 'is', 'a', 'short', '-er', 'deck', 'over', 'all']",9,the target is a short -er deck over all,train,train,train,train,"[1, 10, 11, 7, 26, 8, 9, 1281, 267, 367, 2, 0, 0, 0, 0, 0, 0, 0]",deck
141415,user_915,The definition in the wheels,3F6KKYWMNDU79FJVI41LGI43Q47ND0,57.0,99130967461623c37ca71234c2ec5470,skateboard,ShapeNet,24e46e195f4907887a70e5e6aa241c88,skateboard,ShapeNet,False,skateboard/ShapeNet/24e46e195f4907887a70e5e6aa241c88,skateboard/ShapeNet/99130967461623c37ca71234c2ec5470,True,skateboard,skateboard,1,"['the', 'definition', 'in', 'the', 'wheels']",5,the definition in the wheels,train,train,train,train,"[1, 10, 2564, 90, 10, 1013, 2, 0, 0, 0, 0, 0, 0, 0, 0, 0, 0, 0]",wheel
141416,user_1033,The deck's lip has more lines,31QTRG6Q2V6AABQZUF1RXSJZ87GPY8,228.0,99130967461623c37ca71234c2ec5470,skateboard,ShapeNet,24e46e195f4907887a70e5e6aa241c88,skateboard,ShapeNet,False,skateboard/ShapeNet/24e46e195f4907887a70e5e6aa241c88,skateboard/ShapeNet/99130967461623c37ca71234c2ec5470,True,skateboard,skateboard,1,"['the', 'deck', ""'s"", 'lip', 'has', 'more', 'lines']",7,the deck 's lip has more lines,train,train,train,train,"[1, 10, 1281, 12, 125, 24, 34, 398, 2, 0, 0, 0, 0, 0, 0, 0, 0, 0]",deck
141418,user_468,The deck is flat and doesn't curve up at the tail and nose,3L4D84MIL1LS25XCP2SJEW2K9CYJH4,39.0,9eb11450fa872445ad8005b08617c09,skateboard,ShapeNet,36aaae334d636ec28043db94fbc8c982,skateboard,ShapeNet,False,skateboard/ShapeNet/36aaae334d636ec28043db94fbc8c982,skateboard/ShapeNet/9eb11450fa872445ad8005b08617c09,True,skateboard,skateboard,1,"['the', 'deck', 'is', 'flat', 'and', 'does', 'not', 'curve', 'up', 'at', 'the', 'tail', 'and', 'nose']",14,the deck is flat and does not curve up at the tail and nose,train,train,train,train,"[1, 10, 1281, 7, 129, 47, 39, 40, 43, 269, 98, 10, 1594, 47, 1593, 2, 0, 0]",deck
141423,user_505,Target has smaller wheels,3F6HPJW4JFTATZUTDG8RGIQQMPL2WW,71.0,dcb9a62d5ef76f389da15808191f1405,skateboard,ShapeNet,c4b7db8e09375b4d6830ad3775f4cffc,skateboard,ShapeNet,False,skateboard/ShapeNet/c4b7db8e09375b4d6830ad3775f4cffc,skateboard/ShapeNet/dcb9a62d5ef76f389da15808191f1405,False,skateboard,skateboard,1,"['target', 'has', 'small', '-er', 'wheels']",5,target has small -er wheels,train,train,train,train,"[1, 11, 24, 111, 9, 1013, 2, 0, 0, 0, 0, 0, 0, 0, 0, 0, 0, 0]",wheel
141424,user_848,Target has smaller wheels.,3TVSS0C0E3T4DYO6WVSNH5ZGM20WTK,86.0,dcb9a62d5ef76f389da15808191f1405,skateboard,ShapeNet,c4b7db8e09375b4d6830ad3775f4cffc,skateboard,ShapeNet,False,skateboard/ShapeNet/c4b7db8e09375b4d6830ad3775f4cffc,skateboard/ShapeNet/dcb9a62d5ef76f389da15808191f1405,False,skateboard,skateboard,1,"['target', 'has', 'small', '-er', 'wheels']",5,target has small -er wheels,train,train,train,train,"[1, 11, 24, 111, 9, 1013, 2, 0, 0, 0, 0, 0, 0, 0, 0, 0, 0, 0]",wheel
141426,user_1357,The deck is thinner,3HSYG7LRBLREFF42D8VSS3IPGJUKK2,34.0,d3ff56062272f3e6346e65609be6d72f,skateboard,ShapeNet,ee1e75f67edf37707f29c61065b4dc5a,skateboard,ShapeNet,False,skateboard/ShapeNet/ee1e75f67edf37707f29c61065b4dc5a,skateboard/ShapeNet/d3ff56062272f3e6346e65609be6d72f,False,skateboard,skateboard,1,"['the', 'deck', 'is', 'thin', '-er']",5,the deck is thin -er,train,train,train,train,"[1, 10, 1281, 7, 60, 9, 2, 0, 0, 0, 0, 0, 0, 0, 0, 0, 0, 0]",deck
141427,user_1815,Has a narrower deck,3OWEPKL08B5RS6ILRRYZGQU74V8N7F,51.0,d3ff56062272f3e6346e65609be6d72f,skateboard,ShapeNet,ee1e75f67edf37707f29c61065b4dc5a,skateboard,ShapeNet,False,skateboard/ShapeNet/ee1e75f67edf37707f29c61065b4dc5a,skateboard/ShapeNet/d3ff56062272f3e6346e65609be6d72f,False,skateboard,skateboard,1,"['has', 'a', 'narrow', '-er', 'deck']",5,has a narrow -er deck,train,train,train,train,"[1, 24, 26, 210, 9, 1281, 2, 0, 0, 0, 0, 0, 0, 0, 0, 0, 0, 0]",deck
141429,user_323,The target has more narrow wheels,392CY0QWG3K2VIPBSDN086EGRTNI47,105.0,c7482cb7a8db514921cafafd7e7949c7,skateboard,ShapeNet,344e9402d06bd94031145076011658c5,skateboard,ShapeNet,False,skateboard/ShapeNet/344e9402d06bd94031145076011658c5,skateboard/ShapeNet/c7482cb7a8db514921cafafd7e7949c7,True,skateboard,skateboard,1,"['the', 'target', 'has', 'more', 'narrow', 'wheels']",6,the target has more narrow wheels,train,train,train,train,"[1, 10, 11, 24, 34, 210, 1013, 2, 0, 0, 0, 0, 0, 0, 0, 0, 0, 0]",wheel
141433,user_468,There are no hardware holes visible on the top of the deck,3ZR9AIQJUD2RON8VONYU22EK5Y640W,44.0,710467261256490ce1bed90743417b0c,skateboard,ShapeNet,7fc2cddac7ad57a2aa4eefa8f42b566e,skateboard,ShapeNet,False,skateboard/ShapeNet/7fc2cddac7ad57a2aa4eefa8f42b566e,skateboard/ShapeNet/710467261256490ce1bed90743417b0c,True,skateboard,skateboard,1,"['there', 'are', 'no', 'hardware', 'holes', 'visible', 'on', 'the', 'top', 'of', 'the', 'deck']",12,there are no hardware holes visible on the top of the deck,train,train,train,train,"[1, 15, 16, 123, 1602, 234, 185, 20, 10, 99, 38, 10, 1281, 2, 0, 0, 0, 0]",deck
141438,user_1572,The wheels have a shape like a pinwheel.,3GS6S824SSQ6ILJMZZ6B86TOXKGNWC,54.0,710467261256490ce1bed90743417b0c,skateboard,ShapeNet,ae28ad55a38200ff1c5f9eddd7cde6be,skateboard,ShapeNet,False,skateboard/ShapeNet/ae28ad55a38200ff1c5f9eddd7cde6be,skateboard/ShapeNet/710467261256490ce1bed90743417b0c,False,skateboard,skateboard,1,"['the', 'wheels', 'have', 'a', 'shape', 'like', 'a', 'pinwheel']",8,the wheels have a shape like a pinwheel,train,train,train,train,"[1, 10, 1013, 84, 26, 93, 35, 26, 778, 2, 0, 0, 0, 0, 0, 0, 0, 0]",wheel
141439,user_1601,It has two circular foot-blocks on its' deck.,392CY0QWG3K2VIPBSDN086EGRSMI44,151.0,710467261256490ce1bed90743417b0c,skateboard,ShapeNet,ae28ad55a38200ff1c5f9eddd7cde6be,skateboard,ShapeNet,False,skateboard/ShapeNet/ae28ad55a38200ff1c5f9eddd7cde6be,skateboard/ShapeNet/710467261256490ce1bed90743417b0c,False,skateboard,skateboard,1,"['it', 'has', 'two', 'circular', 'foot', 'blocks', 'on', 'its', ""'"", 'deck']",10,it has two circular foot blocks on its ' deck,train,train,train,train,"[1, 23, 24, 17, 102, 1251, 1543, 20, 5, 587, 1281, 2, 0, 0, 0, 0, 0, 0]",deck
141440,user_1633,The target has larger wheels.,3BDCF01OGZNKJQB12N8KGBAF3XCLY3,32.0,710467261256490ce1bed90743417b0c,skateboard,ShapeNet,ae28ad55a38200ff1c5f9eddd7cde6be,skateboard,ShapeNet,False,skateboard/ShapeNet/ae28ad55a38200ff1c5f9eddd7cde6be,skateboard/ShapeNet/710467261256490ce1bed90743417b0c,False,skateboard,skateboard,1,"['the', 'target', 'has', 'large', '-er', 'wheels']",6,the target has large -er wheels,train,train,train,train,"[1, 10, 11, 24, 94, 9, 1013, 2, 0, 0, 0, 0, 0, 0, 0, 0, 0, 0]",wheel
141444,user_571,The deck is flatter,3G2UL9A02F7JLLCTSACIEF8L95W762,65.0,1ad8d7573dc57ebc247a956ed3779e34,skateboard,ShapeNet,254feab290d4b460d4e77499b42cadd3,skateboard,ShapeNet,False,skateboard/ShapeNet/254feab290d4b460d4e77499b42cadd3,skateboard/ShapeNet/1ad8d7573dc57ebc247a956ed3779e34,True,skateboard,skateboard,1,"['the', 'deck', 'is', 'flat', '-er']",5,the deck is flat -er,train,train,train,train,"[1, 10, 1281, 7, 129, 9, 2, 0, 0, 0, 0, 0, 0, 0, 0, 0, 0, 0]",deck
141446,user_2044,Its nose is nearly flat with the deck.,3JMSRU9HQKNP9Q64GQYWWHG1CLEEV9,234.0,1ad8d7573dc57ebc247a956ed3779e34,skateboard,ShapeNet,254feab290d4b460d4e77499b42cadd3,skateboard,ShapeNet,False,skateboard/ShapeNet/254feab290d4b460d4e77499b42cadd3,skateboard/ShapeNet/1ad8d7573dc57ebc247a956ed3779e34,True,skateboard,skateboard,1,"['its', 'nose', 'is', 'nearly', 'flat', 'with', 'the', 'deck']",8,its nose is nearly flat with the deck,train,train,train,train,"[1, 5, 1593, 7, 2944, 129, 121, 10, 1281, 2, 0, 0, 0, 0, 0, 0, 0, 0]",deck
141448,user_1815,It does not have wheels,3TY7ZAOG5HDC2PXY9FLA9J3G2MW0KM,83.0,aa2c5469590761793c497dcbf6659611,skateboard,ShapeNet,11aaf89382b3a4de983ec12a2b33f18b,skateboard,ShapeNet,False,skateboard/ShapeNet/11aaf89382b3a4de983ec12a2b33f18b,skateboard/ShapeNet/aa2c5469590761793c497dcbf6659611,True,skateboard,skateboard,1,"['it', 'does', 'not', 'have', 'wheels']",5,it does not have wheels,train,train,train,train,"[1, 23, 39, 40, 84, 1013, 2, 0, 0, 0, 0, 0, 0, 0, 0, 0, 0, 0]",wheel
141451,user_1024,The wheels are larger,3TESA3PJ3334VR48JWLOMT2XUSNMMF,65.0,d9b0de3b3aecfffb1fabf3cbd0fc77bc,skateboard,ShapeNet,f5643778dbcd653655a834a7aafb0236,skateboard,ShapeNet,False,skateboard/ShapeNet/f5643778dbcd653655a834a7aafb0236,skateboard/ShapeNet/d9b0de3b3aecfffb1fabf3cbd0fc77bc,False,skateboard,skateboard,1,"['the', 'wheels', 'are', 'large', '-er']",5,the wheels are large -er,train,train,train,train,"[1, 10, 1013, 16, 94, 9, 2, 0, 0, 0, 0, 0, 0, 0, 0, 0, 0, 0]",wheel
141452,user_1644,the deck is a rectangle,3X08E93BHXB0HLYO907Q818PESX66J,97.0,d9b0de3b3aecfffb1fabf3cbd0fc77bc,skateboard,ShapeNet,f5643778dbcd653655a834a7aafb0236,skateboard,ShapeNet,False,skateboard/ShapeNet/f5643778dbcd653655a834a7aafb0236,skateboard/ShapeNet/d9b0de3b3aecfffb1fabf3cbd0fc77bc,False,skateboard,skateboard,1,"['the', 'deck', 'is', 'a', 'rectangle']",5,the deck is a rectangle,train,train,train,train,"[1, 10, 1281, 7, 26, 425, 2, 0, 0, 0, 0, 0, 0, 0, 0, 0, 0, 0]",deck
141453,user_962,It has smaller street style wheels,3RRCEFRB7O5S8AB5M3VJMJA3W33B4R,92.0,48f26ddc704fec2f379c6a1d59ef7283,skateboard,ShapeNet,94fc692e0518c0b0537d393009a79347,skateboard,ShapeNet,False,skateboard/ShapeNet/94fc692e0518c0b0537d393009a79347,skateboard/ShapeNet/48f26ddc704fec2f379c6a1d59ef7283,False,skateboard,skateboard,1,"['it', 'has', 'small', '-er', 'street', 'style', 'wheels']",7,it has small -er street style wheels,train,train,train,train,"[1, 23, 24, 111, 9, 4273, 250, 1013, 2, 0, 0, 0, 0, 0, 0, 0, 0, 0]",wheel
141454,user_1298,The wheels are smaller.,3IAEQB9FMGDXW9S9A5S8C1HUJGEDWK,73.0,48f26ddc704fec2f379c6a1d59ef7283,skateboard,ShapeNet,94fc692e0518c0b0537d393009a79347,skateboard,ShapeNet,False,skateboard/ShapeNet/94fc692e0518c0b0537d393009a79347,skateboard/ShapeNet/48f26ddc704fec2f379c6a1d59ef7283,False,skateboard,skateboard,1,"['the', 'wheels', 'are', 'small', '-er']",5,the wheels are small -er,train,train,train,train,"[1, 10, 1013, 16, 111, 9, 2, 0, 0, 0, 0, 0, 0, 0, 0, 0, 0, 0]",wheel
141455,user_1644,there are no holes in the deck,37WLF8U1WRJ7G0JDB41RIKD7FNWK6H,93.0,48f26ddc704fec2f379c6a1d59ef7283,skateboard,ShapeNet,94fc692e0518c0b0537d393009a79347,skateboard,ShapeNet,False,skateboard/ShapeNet/94fc692e0518c0b0537d393009a79347,skateboard/ShapeNet/48f26ddc704fec2f379c6a1d59ef7283,False,skateboard,skateboard,1,"['there', 'are', 'no', 'holes', 'in', 'the', 'deck']",7,there are no holes in the deck,train,train,train,train,"[1, 15, 16, 123, 234, 90, 10, 1281, 2, 0, 0, 0, 0, 0, 0, 0, 0, 0]",deck
141456,user_1205,its wheels are wider,30ZX6P7VFAOONFUU6HPCRSWIKVHJ2R,42.0,a19d80304e26099e7394c987e5e211f0,skateboard,ShapeNet,8f78a26403f09b708b3b3a08d28a7d7c,skateboard,ShapeNet,False,skateboard/ShapeNet/8f78a26403f09b708b3b3a08d28a7d7c,skateboard/ShapeNet/a19d80304e26099e7394c987e5e211f0,True,skateboard,skateboard,1,"['its', 'wheels', 'are', 'wide', '-er']",5,its wheels are wide -er,train,train,train,train,"[1, 5, 1013, 16, 83, 9, 2, 0, 0, 0, 0, 0, 0, 0, 0, 0, 0, 0]",wheel
141457,user_1357,The trucks are less visible,3DHE4R9OCY4EWD4TYB49UF42S2V2GZ,32.0,a19d80304e26099e7394c987e5e211f0,skateboard,ShapeNet,8f78a26403f09b708b3b3a08d28a7d7c,skateboard,ShapeNet,False,skateboard/ShapeNet/8f78a26403f09b708b3b3a08d28a7d7c,skateboard/ShapeNet/a19d80304e26099e7394c987e5e211f0,True,skateboard,skateboard,1,"['the', 'trucks', 'are', 'less', 'visible']",5,the trucks are less visible,train,train,train,train,"[1, 10, 1595, 16, 229, 185, 2, 0, 0, 0, 0, 0, 0, 0, 0, 0, 0, 0]",truck
141458,user_2092,Target has bigger wheels.,39O5D9O87VLQ0JK70PMVNYOF0N53C1,74.0,a19d80304e26099e7394c987e5e211f0,skateboard,ShapeNet,8f78a26403f09b708b3b3a08d28a7d7c,skateboard,ShapeNet,False,skateboard/ShapeNet/8f78a26403f09b708b3b3a08d28a7d7c,skateboard/ShapeNet/a19d80304e26099e7394c987e5e211f0,True,skateboard,skateboard,1,"['target', 'has', 'big', '-er', 'wheels']",5,target has big -er wheels,train,train,train,train,"[1, 11, 24, 320, 9, 1013, 2, 0, 0, 0, 0, 0, 0, 0, 0, 0, 0, 0]",wheel
141468,user_1124,Target deck is thicker from top to bottom.,3V0Z7YWSI0TXEAUON63VUG7CFH4V22,804.0,8f78a26403f09b708b3b3a08d28a7d7c,skateboard,ShapeNet,d4c492d7076b1e6160eeb9e113ae7397,skateboard,ShapeNet,False,skateboard/ShapeNet/d4c492d7076b1e6160eeb9e113ae7397,skateboard/ShapeNet/8f78a26403f09b708b3b3a08d28a7d7c,False,skateboard,skateboard,1,"['target', 'deck', 'is', 'thick', '-er', 'from', 'top', 'to', 'bottom']",9,target deck is thick -er from top to bottom,train,train,train,train,"[1, 11, 1281, 7, 54, 9, 113, 99, 58, 76, 2, 0, 0, 0, 0, 0, 0, 0]",deck
141470,user_1392,The deck is thicker.,3VP0C6EFSIP26OJGWGE7XX5B4SE6MV,21.0,8f78a26403f09b708b3b3a08d28a7d7c,skateboard,ShapeNet,d4c492d7076b1e6160eeb9e113ae7397,skateboard,ShapeNet,False,skateboard/ShapeNet/d4c492d7076b1e6160eeb9e113ae7397,skateboard/ShapeNet/8f78a26403f09b708b3b3a08d28a7d7c,False,skateboard,skateboard,1,"['the', 'deck', 'is', 'thick', '-er']",5,the deck is thick -er,train,train,train,train,"[1, 10, 1281, 7, 54, 9, 2, 0, 0, 0, 0, 0, 0, 0, 0, 0, 0, 0]",deck
141471,user_156,It has no visible trucks.,3GU1KF0O4KUEX3XOKNN7PHLYNZYPBV,78.0,a1d36f02d20d18db6a2979228046d9f9,skateboard,ShapeNet,e06b51f45c1aa29a98c63cb68f11df34,skateboard,ShapeNet,False,skateboard/ShapeNet/e06b51f45c1aa29a98c63cb68f11df34,skateboard/ShapeNet/a1d36f02d20d18db6a2979228046d9f9,False,skateboard,skateboard,1,"['it', 'has', 'no', 'visible', 'trucks']",5,it has no visible trucks,train,train,train,train,"[1, 23, 24, 123, 185, 1595, 2, 0, 0, 0, 0, 0, 0, 0, 0, 0, 0, 0]",truck
141473,user_1644,there are no trucks,30ZX6P7VFAOONFUU6HPCRSWIKUX2JO,43.0,a1d36f02d20d18db6a2979228046d9f9,skateboard,ShapeNet,e06b51f45c1aa29a98c63cb68f11df34,skateboard,ShapeNet,False,skateboard/ShapeNet/e06b51f45c1aa29a98c63cb68f11df34,skateboard/ShapeNet/a1d36f02d20d18db6a2979228046d9f9,False,skateboard,skateboard,1,"['there', 'are', 'no', 'trucks']",4,there are no trucks,train,train,train,train,"[1, 15, 16, 123, 1595, 2, 0, 0, 0, 0, 0, 0, 0, 0, 0, 0, 0, 0]",truck
141476,user_1796,The wheels are thicker.,33PPUNGG3AYVREGJ3T7ZGUSGFJ8RZT,139.0,ae28ad55a38200ff1c5f9eddd7cde6be,skateboard,ShapeNet,abdc4a823b1f78c397f47f3057557cbe,skateboard,ShapeNet,False,skateboard/ShapeNet/abdc4a823b1f78c397f47f3057557cbe,skateboard/ShapeNet/ae28ad55a38200ff1c5f9eddd7cde6be,False,skateboard,skateboard,1,"['the', 'wheels', 'are', 'thick', '-er']",5,the wheels are thick -er,train,train,train,train,"[1, 10, 1013, 16, 54, 9, 2, 0, 0, 0, 0, 0, 0, 0, 0, 0, 0, 0]",wheel
141480,user_1246,A lot more holes on the deck,3A0EX8ZRNAH86HPPBAJQ28EAR30YBV,31.0,b2dc96e7d45797f69a58f604ee2cbadf,skateboard,ShapeNet,fff0431e712a1887ac7a821ba28adc14,skateboard,ShapeNet,False,skateboard/ShapeNet/fff0431e712a1887ac7a821ba28adc14,skateboard/ShapeNet/b2dc96e7d45797f69a58f604ee2cbadf,False,skateboard,skateboard,1,"['a', 'lot', 'more', 'holes', 'on', 'the', 'deck']",7,a lot more holes on the deck,train,train,train,train,"[1, 26, 110, 34, 234, 20, 10, 1281, 2, 0, 0, 0, 0, 0, 0, 0, 0, 0]",deck
141483,user_948,The wheels are bigger,3COPXFW7XD5FQ61IQ000OK4OAS7PKD,30.0,7a8b7d5d288742546fee3d712d650ac2,skateboard,ShapeNet,141616a00df67c351082f2ea630bf69e,skateboard,ShapeNet,False,skateboard/ShapeNet/141616a00df67c351082f2ea630bf69e,skateboard/ShapeNet/7a8b7d5d288742546fee3d712d650ac2,True,skateboard,skateboard,1,"['the', 'wheels', 'are', 'big', '-er']",5,the wheels are big -er,train,train,train,train,"[1, 10, 1013, 16, 320, 9, 2, 0, 0, 0, 0, 0, 0, 0, 0, 0, 0, 0]",wheel
141484,user_1246,There's holes in the deck,3DH6GAKTY0I4OFS5HOZTOQLDI6MYZ1,40.0,7a8b7d5d288742546fee3d712d650ac2,skateboard,ShapeNet,141616a00df67c351082f2ea630bf69e,skateboard,ShapeNet,False,skateboard/ShapeNet/141616a00df67c351082f2ea630bf69e,skateboard/ShapeNet/7a8b7d5d288742546fee3d712d650ac2,True,skateboard,skateboard,1,"['there', 'is', 'holes', 'in', 'the', 'deck']",6,there is holes in the deck,train,train,train,train,"[1, 15, 7, 234, 90, 10, 1281, 2, 0, 0, 0, 0, 0, 0, 0, 0, 0, 0]",deck
141485,user_1633,The target has larger wheels.,3Z7EFSHGNB72GHRLKETJUEDJ7I7CXB,35.0,7a8b7d5d288742546fee3d712d650ac2,skateboard,ShapeNet,141616a00df67c351082f2ea630bf69e,skateboard,ShapeNet,False,skateboard/ShapeNet/141616a00df67c351082f2ea630bf69e,skateboard/ShapeNet/7a8b7d5d288742546fee3d712d650ac2,True,skateboard,skateboard,1,"['the', 'target', 'has', 'large', '-er', 'wheels']",6,the target has large -er wheels,train,train,train,train,"[1, 10, 11, 24, 94, 9, 1013, 2, 0, 0, 0, 0, 0, 0, 0, 0, 0, 0]",wheel
141486,user_468,The tail of the deck curves up much higher,3M23Y66PO4054JWLGDAT964HWHTS6Q,61.0,6867832e7b9d3654aacda7f1c4fd3ea7,skateboard,ShapeNet,b2dc96e7d45797f69a58f604ee2cbadf,skateboard,ShapeNet,False,skateboard/ShapeNet/b2dc96e7d45797f69a58f604ee2cbadf,skateboard/ShapeNet/6867832e7b9d3654aacda7f1c4fd3ea7,False,skateboard,skateboard,1,"['the', 'tail', 'of', 'the', 'deck', 'curves', 'up', 'much', 'high', '-er']",10,the tail of the deck curves up much high -er,train,train,train,train,"[1, 10, 1594, 38, 10, 1281, 156, 269, 59, 49, 9, 2, 0, 0, 0, 0, 0, 0]",deck
141487,user_1246,The wheels are bigger,3K9FOBBF2JCQ7R7NVLZ9ZVC8ZDALNF,30.0,6867832e7b9d3654aacda7f1c4fd3ea7,skateboard,ShapeNet,b2dc96e7d45797f69a58f604ee2cbadf,skateboard,ShapeNet,False,skateboard/ShapeNet/b2dc96e7d45797f69a58f604ee2cbadf,skateboard/ShapeNet/6867832e7b9d3654aacda7f1c4fd3ea7,False,skateboard,skateboard,1,"['the', 'wheels', 'are', 'big', '-er']",5,the wheels are big -er,train,train,train,train,"[1, 10, 1013, 16, 320, 9, 2, 0, 0, 0, 0, 0, 0, 0, 0, 0, 0, 0]",wheel
141488,user_1934,The wheels are different sizes.,39L1G8WVWSK6DGA9KSXB625OWQF13A,135.0,6867832e7b9d3654aacda7f1c4fd3ea7,skateboard,ShapeNet,b2dc96e7d45797f69a58f604ee2cbadf,skateboard,ShapeNet,False,skateboard/ShapeNet/b2dc96e7d45797f69a58f604ee2cbadf,skateboard/ShapeNet/6867832e7b9d3654aacda7f1c4fd3ea7,False,skateboard,skateboard,1,"['the', 'wheels', 'are', 'different', 'sizes']",5,the wheels are different sizes,train,train,train,train,"[1, 10, 1013, 16, 306, 1102, 2, 0, 0, 0, 0, 0, 0, 0, 0, 0, 0, 0]",wheel
141498,user_1601,The deck-board is noticeably longer.,31Z0PCVWUM8PNJN5ONKBPP0ZTBST7G,123.0,97f85bc59f09a9f455c660e6cd8e92b,skateboard,ShapeNet,591971ce679ca4b93ad38b993d9e745f,skateboard,ShapeNet,False,skateboard/ShapeNet/591971ce679ca4b93ad38b993d9e745f,skateboard/ShapeNet/97f85bc59f09a9f455c660e6cd8e92b,True,skateboard,skateboard,1,"['the', 'deck', 'board', 'is', 'noticeably', 'long', '-er']",7,the deck board is noticeably long -er,train,train,train,train,"[1, 10, 1281, 948, 7, 2362, 32, 9, 2, 0, 0, 0, 0, 0, 0, 0, 0, 0]",deck
141499,user_1815,"Deck is flat, unadorned",35BLDD71I8QNKLX0CDC9HRHJ0RNZV0,76.0,97f85bc59f09a9f455c660e6cd8e92b,skateboard,ShapeNet,591971ce679ca4b93ad38b993d9e745f,skateboard,ShapeNet,False,skateboard/ShapeNet/591971ce679ca4b93ad38b993d9e745f,skateboard/ShapeNet/97f85bc59f09a9f455c660e6cd8e92b,True,skateboard,skateboard,1,"['deck', 'is', 'flat', 'unadorned']",4,deck is flat unadorned,train,train,train,train,"[1, 1281, 7, 129, 1090, 2, 0, 0, 0, 0, 0, 0, 0, 0, 0, 0, 0, 0]",deck
141500,user_2044,The truck is slimmer.,369J354OFF32EENULDGCKSLE882G61,36.0,97f85bc59f09a9f455c660e6cd8e92b,skateboard,ShapeNet,591971ce679ca4b93ad38b993d9e745f,skateboard,ShapeNet,False,skateboard/ShapeNet/591971ce679ca4b93ad38b993d9e745f,skateboard/ShapeNet/97f85bc59f09a9f455c660e6cd8e92b,True,skateboard,skateboard,1,"['the', 'truck', 'is', 'slim', '-er']",5,the truck is slim -er,train,train,train,train,"[1, 10, 1606, 7, 829, 9, 2, 0, 0, 0, 0, 0, 0, 0, 0, 0, 0, 0]",truck
141507,user_1298,The board is more elevated.,3X1FV8S5JZKNT42VMLOKWK1DPZSVG2,25.0,484a49065ab1430624256fd51423318f,skateboard,ShapeNet,56c6e4dcf52c32fc1768eb6cdf70bfe,skateboard,ShapeNet,False,skateboard/ShapeNet/56c6e4dcf52c32fc1768eb6cdf70bfe,skateboard/ShapeNet/484a49065ab1430624256fd51423318f,True,skateboard,skateboard,1,"['the', 'board', 'is', 'more', 'elevated']",5,the board is more elevated,train,train,train,train,"[1, 10, 948, 7, 34, 1667, 2, 0, 0, 0, 0, 0, 0, 0, 0, 0, 0, 0]",deck
141509,user_1644,the wheels are thinner/taller,3DY4FPOOA3HEIUB92WIWVOFKR83RVU,64.0,484a49065ab1430624256fd51423318f,skateboard,ShapeNet,56c6e4dcf52c32fc1768eb6cdf70bfe,skateboard,ShapeNet,False,skateboard/ShapeNet/56c6e4dcf52c32fc1768eb6cdf70bfe,skateboard/ShapeNet/484a49065ab1430624256fd51423318f,True,skateboard,skateboard,1,"['the', 'wheels', 'are', 'thin', '-er', 'tall', '-er']",7,the wheels are thin -er tall -er,train,train,train,train,"[1, 10, 1013, 16, 60, 9, 53, 9, 2, 0, 0, 0, 0, 0, 0, 0, 0, 0]",wheel
141510,user_468,The wheels are larger in diameter,33CID57106MJ3NEDD2FUQHE2UWM3LK,27.0,776eaffd7cbe7bc6b9e8bdc9c4a49aa2,skateboard,ShapeNet,f52d56b5f81f1258c70ae17ca06472e1,skateboard,ShapeNet,False,skateboard/ShapeNet/f52d56b5f81f1258c70ae17ca06472e1,skateboard/ShapeNet/776eaffd7cbe7bc6b9e8bdc9c4a49aa2,True,skateboard,skateboard,1,"['the', 'wheels', 'are', 'large', '-er', 'in', 'diameter']",7,the wheels are large -er in diameter,train,train,train,train,"[1, 10, 1013, 16, 94, 9, 90, 268, 2, 0, 0, 0, 0, 0, 0, 0, 0, 0]",wheel
141513,user_426,There are two cylindrical objects in the middle of the deck,345LHZDEDZLMMD17MG7VH4AL7NEU34,71.0,d7045c95ab319b711082f2ea630bf69e,skateboard,ShapeNet,97f85bc59f09a9f455c660e6cd8e92b,skateboard,ShapeNet,False,skateboard/ShapeNet/97f85bc59f09a9f455c660e6cd8e92b,skateboard/ShapeNet/d7045c95ab319b711082f2ea630bf69e,True,skateboard,skateboard,1,"['there', 'are', 'two', 'cylindrical', 'objects', 'in', 'the', 'middle', 'of', 'the', 'deck']",11,there are two cylindrical objects in the middle of the deck,train,train,train,train,"[1, 15, 16, 17, 176, 1110, 90, 10, 232, 38, 10, 1281, 2, 0, 0, 0, 0, 0]",deck
141514,user_1357,The trucks are thicker,3RKNTXVS3ORNP06DGPVNR8QXELD4AK,31.0,d7045c95ab319b711082f2ea630bf69e,skateboard,ShapeNet,97f85bc59f09a9f455c660e6cd8e92b,skateboard,ShapeNet,False,skateboard/ShapeNet/97f85bc59f09a9f455c660e6cd8e92b,skateboard/ShapeNet/d7045c95ab319b711082f2ea630bf69e,True,skateboard,skateboard,1,"['the', 'trucks', 'are', 'thick', '-er']",5,the trucks are thick -er,train,train,train,train,"[1, 10, 1595, 16, 54, 9, 2, 0, 0, 0, 0, 0, 0, 0, 0, 0, 0, 0]",truck
141515,user_1644,the deck is thicker,3TXD01ZLD6A749KBMUCER92RLNA4UZ,101.0,d7045c95ab319b711082f2ea630bf69e,skateboard,ShapeNet,97f85bc59f09a9f455c660e6cd8e92b,skateboard,ShapeNet,False,skateboard/ShapeNet/97f85bc59f09a9f455c660e6cd8e92b,skateboard/ShapeNet/d7045c95ab319b711082f2ea630bf69e,True,skateboard,skateboard,1,"['the', 'deck', 'is', 'thick', '-er']",5,the deck is thick -er,train,train,train,train,"[1, 10, 1281, 7, 54, 9, 2, 0, 0, 0, 0, 0, 0, 0, 0, 0, 0, 0]",deck
141516,user_1246,The trucks are further apart,3Z3ZLGNNSKNUUKUQ57NQ73DW4283Q8,34.0,48bf45bffab55d7cf14c37b285d25cdf,skateboard,ShapeNet,d4c492d7076b1e6160eeb9e113ae7397,skateboard,ShapeNet,False,skateboard/ShapeNet/d4c492d7076b1e6160eeb9e113ae7397,skateboard/ShapeNet/48bf45bffab55d7cf14c37b285d25cdf,True,skateboard,skateboard,1,"['the', 'trucks', 'are', 'far', '-er', 'apart']",6,the trucks are far -er apart,train,train,train,train,"[1, 10, 1595, 16, 78, 9, 575, 2, 0, 0, 0, 0, 0, 0, 0, 0, 0, 0]",truck
141517,user_1392,The wheels have no hole in the middle.,36U2A8VAG3S9ZKTJHNWJ1BX0EXBYKH,16.0,48bf45bffab55d7cf14c37b285d25cdf,skateboard,ShapeNet,d4c492d7076b1e6160eeb9e113ae7397,skateboard,ShapeNet,False,skateboard/ShapeNet/d4c492d7076b1e6160eeb9e113ae7397,skateboard/ShapeNet/48bf45bffab55d7cf14c37b285d25cdf,True,skateboard,skateboard,1,"['the', 'wheels', 'have', 'no', 'hole', 'in', 'the', 'middle']",8,the wheels have no hole in the middle,train,train,train,train,"[1, 10, 1013, 84, 123, 81, 90, 10, 232, 2, 0, 0, 0, 0, 0, 0, 0, 0]",wheel
141519,user_156,Its deck is straight for its entire length.,39GXDJN2OV780PWD3NCW47KF1HF8V1,40.0,d31aaca67fd8ef1827d17dabad15093,skateboard,ShapeNet,f5643778dbcd653655a834a7aafb0236,skateboard,ShapeNet,False,skateboard/ShapeNet/f5643778dbcd653655a834a7aafb0236,skateboard/ShapeNet/d31aaca67fd8ef1827d17dabad15093,True,skateboard,skateboard,1,"['its', 'deck', 'is', 'straight', 'for', 'its', 'entire', 'length']",8,its deck is straight for its entire length,train,train,train,train,"[1, 5, 1281, 7, 114, 259, 5, 516, 155, 2, 0, 0, 0, 0, 0, 0, 0, 0]",deck
141526,user_1644,there is a hole in the tail of the board,3OXV7EAXLGJ1K2B6QY9S1YW541W63E,97.0,fc5c4986b2661d848fc8944fc8bfc667,skateboard,ShapeNet,4473c1e89500747b5cc36f190f62c41,skateboard,ShapeNet,False,skateboard/ShapeNet/4473c1e89500747b5cc36f190f62c41,skateboard/ShapeNet/fc5c4986b2661d848fc8944fc8bfc667,True,skateboard,skateboard,1,"['there', 'is', 'a', 'hole', 'in', 'the', 'tail', 'of', 'the', 'board']",10,there is a hole in the tail of the board,val,train,val,train,"[1, 15, 7, 26, 81, 90, 10, 1594, 38, 10, 948, 2, 0, 0, 0, 0, 0, 0]",deck
141527,user_1796,The wheels are larger.,3YDTZAI2WZ9RVCTDK62UG7XUAQB41Y,43.0,fc5c4986b2661d848fc8944fc8bfc667,skateboard,ShapeNet,4473c1e89500747b5cc36f190f62c41,skateboard,ShapeNet,False,skateboard/ShapeNet/4473c1e89500747b5cc36f190f62c41,skateboard/ShapeNet/fc5c4986b2661d848fc8944fc8bfc667,True,skateboard,skateboard,1,"['the', 'wheels', 'are', 'large', '-er']",5,the wheels are large -er,val,train,val,train,"[1, 10, 1013, 16, 94, 9, 2, 0, 0, 0, 0, 0, 0, 0, 0, 0, 0, 0]",wheel
141530,user_156,It does not have any visible holes drilled through its deck.,3A4NIXBJ78SKP9MNJKK9MGN8UO1LMI,36.0,5aec8d7745acbca498c63cb68f11df34,skateboard,ShapeNet,994dc9307a0f228e30eaaf40a8a562c1,skateboard,ShapeNet,False,skateboard/ShapeNet/994dc9307a0f228e30eaaf40a8a562c1,skateboard/ShapeNet/5aec8d7745acbca498c63cb68f11df34,True,skateboard,skateboard,1,"['it', 'does', 'not', 'have', 'any', 'visible', 'holes', 'drilled', 'through', 'its', 'deck']",11,it does not have any visible holes drilled through its deck,train,train,train,train,"[1, 23, 39, 40, 84, 278, 185, 234, 3886, 1140, 5, 1281, 2, 0, 0, 0, 0, 0]",deck
141532,user_1357,The deck is thinner,3I33IC7ZWHVDMMRQCBCZYTTZU6QA21,44.0,aa2c5469590761793c497dcbf6659611,skateboard,ShapeNet,5c55e6b6708f730d758f6def7204bd6b,skateboard,ShapeNet,False,skateboard/ShapeNet/5c55e6b6708f730d758f6def7204bd6b,skateboard/ShapeNet/aa2c5469590761793c497dcbf6659611,False,skateboard,skateboard,1,"['the', 'deck', 'is', 'thin', '-er']",5,the deck is thin -er,train,train,train,train,"[1, 10, 1281, 7, 60, 9, 2, 0, 0, 0, 0, 0, 0, 0, 0, 0, 0, 0]",deck
141536,user_2044,The body of the board is convex on each side.,3K4J6M3CXGM31GZXBQXO0XN04RSGAR,97.0,9ac2d972bedd083342535d908ea693ac,skateboard,ShapeNet,39c8a4798087be3e20d56eaf7c8da531,skateboard,ShapeNet,False,skateboard/ShapeNet/39c8a4798087be3e20d56eaf7c8da531,skateboard/ShapeNet/9ac2d972bedd083342535d908ea693ac,True,skateboard,skateboard,1,"['the', 'body', 'of', 'the', 'board', 'is', 'convex', 'on', 'each', 'side']",10,the body of the board is convex on each side,train,train,train,train,"[1, 10, 45, 38, 10, 948, 7, 1403, 20, 21, 22, 2, 0, 0, 0, 0, 0, 0]",deck
141537,user_323,The wheels on the target are much smaller,3KIBXJ1WD7NX56PHB0NLZKZY0NCOKW,53.0,e314be67e02df59c520f00c860557591,skateboard,ShapeNet,58ade10f7f87edc6e860048d7ced02e3,skateboard,ShapeNet,False,skateboard/ShapeNet/58ade10f7f87edc6e860048d7ced02e3,skateboard/ShapeNet/e314be67e02df59c520f00c860557591,True,skateboard,skateboard,1,"['the', 'wheels', 'on', 'the', 'target', 'are', 'much', 'small', '-er']",9,the wheels on the target are much small -er,train,train,train,train,"[1, 10, 1013, 20, 10, 11, 16, 59, 111, 9, 2, 0, 0, 0, 0, 0, 0, 0]",wheel
141538,user_1030,smaller wheels,34YB12FSQ0H43H8M8TNT9OI0Y6FGM5,30.0,e314be67e02df59c520f00c860557591,skateboard,ShapeNet,58ade10f7f87edc6e860048d7ced02e3,skateboard,ShapeNet,False,skateboard/ShapeNet/58ade10f7f87edc6e860048d7ced02e3,skateboard/ShapeNet/e314be67e02df59c520f00c860557591,True,skateboard,skateboard,1,"['small', '-er', 'wheels']",3,small -er wheels,train,train,train,train,"[1, 111, 9, 1013, 2, 0, 0, 0, 0, 0, 0, 0, 0, 0, 0, 0, 0, 0]",wheel
141539,user_1246,The wheels are smaller,3W92K5RLWWAPD7DB5P5TSNAOZQCV5I,25.0,e314be67e02df59c520f00c860557591,skateboard,ShapeNet,58ade10f7f87edc6e860048d7ced02e3,skateboard,ShapeNet,False,skateboard/ShapeNet/58ade10f7f87edc6e860048d7ced02e3,skateboard/ShapeNet/e314be67e02df59c520f00c860557591,True,skateboard,skateboard,1,"['the', 'wheels', 'are', 'small', '-er']",5,the wheels are small -er,train,train,train,train,"[1, 10, 1013, 16, 111, 9, 2, 0, 0, 0, 0, 0, 0, 0, 0, 0, 0, 0]",wheel
141540,user_899,The deck of the target board is longer from nose to tail.,3B3WTRP3DDVZH3HLK5YZ2YIFOO3299,90.0,ac2b6924a60a7a87aa4f69d519551495,skateboard,ShapeNet,11abd8b2227a9031e65449686a784d77,skateboard,ShapeNet,False,skateboard/ShapeNet/11abd8b2227a9031e65449686a784d77,skateboard/ShapeNet/ac2b6924a60a7a87aa4f69d519551495,False,skateboard,skateboard,1,"['the', 'deck', 'of', 'the', 'target', 'board', 'is', 'long', '-er', 'from', 'nose', 'to', 'tail']",13,the deck of the target board is long -er from nose to tail,train,train,train,train,"[1, 10, 1281, 38, 10, 11, 948, 7, 32, 9, 113, 1593, 58, 1594, 2, 0, 0, 0]",deck
141541,user_1601,its' wheels are smaller.,3RSDURM96CF6DK19L1LG3GKVU0EEYC,252.0,ac2b6924a60a7a87aa4f69d519551495,skateboard,ShapeNet,11abd8b2227a9031e65449686a784d77,skateboard,ShapeNet,False,skateboard/ShapeNet/11abd8b2227a9031e65449686a784d77,skateboard/ShapeNet/ac2b6924a60a7a87aa4f69d519551495,False,skateboard,skateboard,1,"['its', ""'"", 'wheels', 'are', 'small', '-er']",6,its ' wheels are small -er,train,train,train,train,"[1, 5, 587, 1013, 16, 111, 9, 2, 0, 0, 0, 0, 0, 0, 0, 0, 0, 0]",wheel
141542,user_1644,there are foot straps on top of the deck,358010RM5GMYFQXLBVOOK618SQ4XVE,50.0,ac2b6924a60a7a87aa4f69d519551495,skateboard,ShapeNet,11abd8b2227a9031e65449686a784d77,skateboard,ShapeNet,False,skateboard/ShapeNet/11abd8b2227a9031e65449686a784d77,skateboard/ShapeNet/ac2b6924a60a7a87aa4f69d519551495,False,skateboard,skateboard,1,"['there', 'are', 'foot', 'straps', 'on', 'top', 'of', 'the', 'deck']",9,there are foot straps on top of the deck,train,train,train,train,"[1, 15, 16, 1251, 716, 20, 99, 38, 10, 1281, 2, 0, 0, 0, 0, 0, 0, 0]",deck
141546,user_61,The target does not have trucks.,3CPLWGV3MQSV6P6E6OWJUMLDZJXN9O,80.0,ee1e75f67edf37707f29c61065b4dc5a,skateboard,ShapeNet,eb6246b73afb6383b77008f97c3030c,skateboard,ShapeNet,False,skateboard/ShapeNet/eb6246b73afb6383b77008f97c3030c,skateboard/ShapeNet/ee1e75f67edf37707f29c61065b4dc5a,False,skateboard,skateboard,1,"['the', 'target', 'does', 'not', 'have', 'trucks']",6,the target does not have trucks,train,train,train,train,"[1, 10, 11, 39, 40, 84, 1595, 2, 0, 0, 0, 0, 0, 0, 0, 0, 0, 0]",truck
141548,user_1815,Deck is not flat,37Z929RLGB1B6H7XCQIMKGWVGR7ST8,47.0,ee1e75f67edf37707f29c61065b4dc5a,skateboard,ShapeNet,eb6246b73afb6383b77008f97c3030c,skateboard,ShapeNet,False,skateboard/ShapeNet/eb6246b73afb6383b77008f97c3030c,skateboard/ShapeNet/ee1e75f67edf37707f29c61065b4dc5a,False,skateboard,skateboard,1,"['deck', 'is', 'not', 'flat']",4,deck is not flat,train,train,train,train,"[1, 1281, 7, 40, 129, 2, 0, 0, 0, 0, 0, 0, 0, 0, 0, 0, 0, 0]",deck
141549,user_1298,There are no wheels.,3C5W7UE9CHJFP33CX3NXXAIV1WCXMF,41.0,79288e2c98c7be7c6e72f8cfa29d3672,skateboard,ShapeNet,55da5b37f4fca69947d4c8697a40872,skateboard,ShapeNet,False,skateboard/ShapeNet/55da5b37f4fca69947d4c8697a40872,skateboard/ShapeNet/79288e2c98c7be7c6e72f8cfa29d3672,False,skateboard,skateboard,1,"['there', 'are', 'no', 'wheels']",4,there are no wheels,train,train,train,train,"[1, 15, 16, 123, 1013, 2, 0, 0, 0, 0, 0, 0, 0, 0, 0, 0, 0, 0]",wheel
141550,user_1601,It has no visible truck underneath.,3WS1NTTKE051M35K84UDT6BBUOF0FG,142.0,79288e2c98c7be7c6e72f8cfa29d3672,skateboard,ShapeNet,55da5b37f4fca69947d4c8697a40872,skateboard,ShapeNet,False,skateboard/ShapeNet/55da5b37f4fca69947d4c8697a40872,skateboard/ShapeNet/79288e2c98c7be7c6e72f8cfa29d3672,False,skateboard,skateboard,1,"['it', 'has', 'no', 'visible', 'truck', 'underneath']",6,it has no visible truck underneath,train,train,train,train,"[1, 23, 24, 123, 185, 1606, 263, 2, 0, 0, 0, 0, 0, 0, 0, 0, 0, 0]",truck
141551,user_1934,There are no trucks.,345LHZDEDZLMMD17MG7VH4AL7N9U3Z,264.0,79288e2c98c7be7c6e72f8cfa29d3672,skateboard,ShapeNet,55da5b37f4fca69947d4c8697a40872,skateboard,ShapeNet,False,skateboard/ShapeNet/55da5b37f4fca69947d4c8697a40872,skateboard/ShapeNet/79288e2c98c7be7c6e72f8cfa29d3672,False,skateboard,skateboard,1,"['there', 'are', 'no', 'trucks']",4,there are no trucks,train,train,train,train,"[1, 15, 16, 123, 1595, 2, 0, 0, 0, 0, 0, 0, 0, 0, 0, 0, 0, 0]",truck
141553,user_1357,The trucks are thinner,374TNBHA8DOVANREUSGGXX99D4YQYY,44.0,732270ac7e23d610e62bec48c266b5c6,skateboard,ShapeNet,f74a5dfc0094e2d5561dce3fe08634b7,skateboard,ShapeNet,False,skateboard/ShapeNet/f74a5dfc0094e2d5561dce3fe08634b7,skateboard/ShapeNet/732270ac7e23d610e62bec48c266b5c6,False,skateboard,skateboard,1,"['the', 'trucks', 'are', 'thin', '-er']",5,the trucks are thin -er,train,train,train,train,"[1, 10, 1595, 16, 60, 9, 2, 0, 0, 0, 0, 0, 0, 0, 0, 0, 0, 0]",truck
141554,user_1644,the board is longer,3ZGVPD4G6VA87TTB7ICUG9TY345ZTE,24.0,732270ac7e23d610e62bec48c266b5c6,skateboard,ShapeNet,f74a5dfc0094e2d5561dce3fe08634b7,skateboard,ShapeNet,False,skateboard/ShapeNet/f74a5dfc0094e2d5561dce3fe08634b7,skateboard/ShapeNet/732270ac7e23d610e62bec48c266b5c6,False,skateboard,skateboard,1,"['the', 'board', 'is', 'long', '-er']",5,the board is long -er,train,train,train,train,"[1, 10, 948, 7, 32, 9, 2, 0, 0, 0, 0, 0, 0, 0, 0, 0, 0, 0]",deck
141555,user_156,It has many holes drilled through its deck.,3B837J3LDQPYQ2U581DRK1VDS58SRR,48.0,2085eac3fc071dd47292d1029e5a9853,skateboard,ShapeNet,47bb28c62a245621ad3e04762b7c31c,skateboard,ShapeNet,False,skateboard/ShapeNet/47bb28c62a245621ad3e04762b7c31c,skateboard/ShapeNet/2085eac3fc071dd47292d1029e5a9853,False,skateboard,skateboard,1,"['it', 'has', 'many', 'holes', 'drilled', 'through', 'its', 'deck']",8,it has many holes drilled through its deck,train,train,train,train,"[1, 23, 24, 30, 234, 3886, 1140, 5, 1281, 2, 0, 0, 0, 0, 0, 0, 0, 0]",deck
141561,user_1246,wider and bigger wheels,3B4YI393VBPARHUINQDWAB09E6QSSC,39.0,7fc2cddac7ad57a2aa4eefa8f42b566e,skateboard,ShapeNet,c4b7db8e09375b4d6830ad3775f4cffc,skateboard,ShapeNet,False,skateboard/ShapeNet/c4b7db8e09375b4d6830ad3775f4cffc,skateboard/ShapeNet/7fc2cddac7ad57a2aa4eefa8f42b566e,True,skateboard,skateboard,1,"['wide', '-er', 'and', 'big', '-er', 'wheels']",6,wide -er and big -er wheels,train,train,train,train,"[1, 83, 9, 47, 320, 9, 1013, 2, 0, 0, 0, 0, 0, 0, 0, 0, 0, 0]",wheel
141562,user_1298,The density of the deck is thicker.,3RXCAC0YITIPIS6IESDA46H5E1S8GB,36.0,7fc2cddac7ad57a2aa4eefa8f42b566e,skateboard,ShapeNet,c4b7db8e09375b4d6830ad3775f4cffc,skateboard,ShapeNet,False,skateboard/ShapeNet/c4b7db8e09375b4d6830ad3775f4cffc,skateboard/ShapeNet/7fc2cddac7ad57a2aa4eefa8f42b566e,True,skateboard,skateboard,1,"['the', 'density', 'of', 'the', 'deck', 'is', 'thick', '-er']",8,the density of the deck is thick -er,train,train,train,train,"[1, 10, 1626, 38, 10, 1281, 7, 54, 9, 2, 0, 0, 0, 0, 0, 0, 0, 0]",deck
141564,user_571,the deck is thinner,3XC1O3LBOUFO24C7SHLL8UI0OW3TLX,35.0,58ae991bd0350810b9ac379f661f5c75,skateboard,ShapeNet,a6d79366eefbfa6df9034ea5f524d56a,skateboard,ShapeNet,False,skateboard/ShapeNet/a6d79366eefbfa6df9034ea5f524d56a,skateboard/ShapeNet/58ae991bd0350810b9ac379f661f5c75,False,skateboard,skateboard,1,"['the', 'deck', 'is', 'thin', '-er']",5,the deck is thin -er,train,train,train,train,"[1, 10, 1281, 7, 60, 9, 2, 0, 0, 0, 0, 0, 0, 0, 0, 0, 0, 0]",deck
141565,user_1644,the deck is not as long,35BLDD71I8QNKLX0CDC9HRHJ0PLVZQ,252.0,58ae991bd0350810b9ac379f661f5c75,skateboard,ShapeNet,a6d79366eefbfa6df9034ea5f524d56a,skateboard,ShapeNet,False,skateboard/ShapeNet/a6d79366eefbfa6df9034ea5f524d56a,skateboard/ShapeNet/58ae991bd0350810b9ac379f661f5c75,False,skateboard,skateboard,1,"['the', 'deck', 'is', 'not', 'as', 'long']",6,the deck is not as long,train,train,train,train,"[1, 10, 1281, 7, 40, 52, 32, 2, 0, 0, 0, 0, 0, 0, 0, 0, 0, 0]",deck
141566,user_1934,The trucks are more visible.,384PI804XUUAQ8A6EOUC05UQJE50SV,153.0,58ae991bd0350810b9ac379f661f5c75,skateboard,ShapeNet,a6d79366eefbfa6df9034ea5f524d56a,skateboard,ShapeNet,False,skateboard/ShapeNet/a6d79366eefbfa6df9034ea5f524d56a,skateboard/ShapeNet/58ae991bd0350810b9ac379f661f5c75,False,skateboard,skateboard,1,"['the', 'trucks', 'are', 'more', 'visible']",5,the trucks are more visible,train,train,train,train,"[1, 10, 1595, 16, 34, 185, 2, 0, 0, 0, 0, 0, 0, 0, 0, 0, 0, 0]",truck
141567,user_152,the wheels are larger,3IQ1VMJRYVDOM6CPXKRE8G1D0CV9AN,45.0,48bf45bffab55d7cf14c37b285d25cdf,skateboard,ShapeNet,484a49065ab1430624256fd51423318f,skateboard,ShapeNet,False,skateboard/ShapeNet/484a49065ab1430624256fd51423318f,skateboard/ShapeNet/48bf45bffab55d7cf14c37b285d25cdf,False,skateboard,skateboard,1,"['the', 'wheels', 'are', 'large', '-er']",5,the wheels are large -er,train,train,train,train,"[1, 10, 1013, 16, 94, 9, 2, 0, 0, 0, 0, 0, 0, 0, 0, 0, 0, 0]",wheel
141569,user_1644,there are fixing bolts on the deck,3JZQSN0I3S3YX7G5M6JGEYYR154FGY,80.0,48bf45bffab55d7cf14c37b285d25cdf,skateboard,ShapeNet,484a49065ab1430624256fd51423318f,skateboard,ShapeNet,False,skateboard/ShapeNet/484a49065ab1430624256fd51423318f,skateboard/ShapeNet/48bf45bffab55d7cf14c37b285d25cdf,False,skateboard,skateboard,1,"['there', 'are', 'fixing', 'bolts', 'on', 'the', 'deck']",7,there are fixing bolts on the deck,train,train,train,train,"[1, 15, 16, 1610, 1611, 20, 10, 1281, 2, 0, 0, 0, 0, 0, 0, 0, 0, 0]",deck
141570,user_549,The lip of the board is thicker.,3TR2532VIRNC5GDVTJ1FH5DU03TJ6O,97.0,24e46e195f4907887a70e5e6aa241c88,skateboard,ShapeNet,99130967461623c37ca71234c2ec5470,skateboard,ShapeNet,False,skateboard/ShapeNet/99130967461623c37ca71234c2ec5470,skateboard/ShapeNet/24e46e195f4907887a70e5e6aa241c88,True,skateboard,skateboard,1,"['the', 'lip', 'of', 'the', 'board', 'is', 'thick', '-er']",8,the lip of the board is thick -er,train,train,train,train,"[1, 10, 125, 38, 10, 948, 7, 54, 9, 2, 0, 0, 0, 0, 0, 0, 0, 0]",deck
141571,user_1246,The deck is shorter in length,3NC5L260MQFMPKX3APWOJ77TSRUOFT,45.0,24e46e195f4907887a70e5e6aa241c88,skateboard,ShapeNet,99130967461623c37ca71234c2ec5470,skateboard,ShapeNet,False,skateboard/ShapeNet/99130967461623c37ca71234c2ec5470,skateboard/ShapeNet/24e46e195f4907887a70e5e6aa241c88,True,skateboard,skateboard,1,"['the', 'deck', 'is', 'short', '-er', 'in', 'length']",7,the deck is short -er in length,train,train,train,train,"[1, 10, 1281, 7, 8, 9, 90, 155, 2, 0, 0, 0, 0, 0, 0, 0, 0, 0]",deck
141573,user_156,Its wheels are much wider and cylindrical in shape.,34V1S5K3GUUNZ40M77A2SBZR4U669X,61.0,56c6e4dcf52c32fc1768eb6cdf70bfe,skateboard,ShapeNet,ab76bf4b966e3fb5b10029f76a5ab54a,skateboard,ShapeNet,False,skateboard/ShapeNet/ab76bf4b966e3fb5b10029f76a5ab54a,skateboard/ShapeNet/56c6e4dcf52c32fc1768eb6cdf70bfe,True,skateboard,skateboard,1,"['its', 'wheels', 'are', 'much', 'wide', '-er', 'and', 'cylindrical', 'in', 'shape']",10,its wheels are much wide -er and cylindrical in shape,val,train,val,train,"[1, 5, 1013, 16, 59, 83, 9, 47, 176, 90, 93, 2, 0, 0, 0, 0, 0, 0]",wheel
141574,user_1357,The wheels are thicker,369J354OFF32EENULDGCKSLE8666GR,35.0,56c6e4dcf52c32fc1768eb6cdf70bfe,skateboard,ShapeNet,ab76bf4b966e3fb5b10029f76a5ab54a,skateboard,ShapeNet,False,skateboard/ShapeNet/ab76bf4b966e3fb5b10029f76a5ab54a,skateboard/ShapeNet/56c6e4dcf52c32fc1768eb6cdf70bfe,True,skateboard,skateboard,1,"['the', 'wheels', 'are', 'thick', '-er']",5,the wheels are thick -er,val,train,val,train,"[1, 10, 1013, 16, 54, 9, 2, 0, 0, 0, 0, 0, 0, 0, 0, 0, 0, 0]",wheel
141575,user_1581,The wheels are longer in length.,3DIP6YHAPELRYEAR8XNM43WT1ME8EX,572.0,56c6e4dcf52c32fc1768eb6cdf70bfe,skateboard,ShapeNet,ab76bf4b966e3fb5b10029f76a5ab54a,skateboard,ShapeNet,False,skateboard/ShapeNet/ab76bf4b966e3fb5b10029f76a5ab54a,skateboard/ShapeNet/56c6e4dcf52c32fc1768eb6cdf70bfe,True,skateboard,skateboard,1,"['the', 'wheels', 'are', 'long', '-er', 'in', 'length']",7,the wheels are long -er in length,val,train,val,train,"[1, 10, 1013, 16, 32, 9, 90, 155, 2, 0, 0, 0, 0, 0, 0, 0, 0, 0]",wheel
141576,user_527,The wheels are larger.,3TUI152ZZDGYKHGBI397JAYZ6IT1QD,51.0,7a00dee660ee94f5dfa6594bd6ded322,skateboard,ShapeNet,1510427efa80c92b11c7049de48f3618,skateboard,ShapeNet,False,skateboard/ShapeNet/1510427efa80c92b11c7049de48f3618,skateboard/ShapeNet/7a00dee660ee94f5dfa6594bd6ded322,False,skateboard,skateboard,1,"['the', 'wheels', 'are', 'large', '-er']",5,the wheels are large -er,val,train,val,train,"[1, 10, 1013, 16, 94, 9, 2, 0, 0, 0, 0, 0, 0, 0, 0, 0, 0, 0]",wheel
141577,user_1633,The target's deck is thicker.,31QTRG6Q2V6AABQZUF1RXSJZ87DPY5,24.0,7a00dee660ee94f5dfa6594bd6ded322,skateboard,ShapeNet,1510427efa80c92b11c7049de48f3618,skateboard,ShapeNet,False,skateboard/ShapeNet/1510427efa80c92b11c7049de48f3618,skateboard/ShapeNet/7a00dee660ee94f5dfa6594bd6ded322,False,skateboard,skateboard,1,"['the', 'target', ""'s"", 'deck', 'is', 'thick', '-er']",7,the target 's deck is thick -er,val,train,val,train,"[1, 10, 11, 12, 1281, 7, 54, 9, 2, 0, 0, 0, 0, 0, 0, 0, 0, 0]",deck
141580,user_1024,The wheels are smaller.,30LSNF239WOSS4AOOZ4CFRHI7EN2IP,63.0,755dc44dae7791761082f2ea630bf69e,skateboard,ShapeNet,d4abd88611997d2cc4647061c0a60dc9,skateboard,ShapeNet,False,skateboard/ShapeNet/d4abd88611997d2cc4647061c0a60dc9,skateboard/ShapeNet/755dc44dae7791761082f2ea630bf69e,False,skateboard,skateboard,1,"['the', 'wheels', 'are', 'small', '-er']",5,the wheels are small -er,train,train,train,train,"[1, 10, 1013, 16, 111, 9, 2, 0, 0, 0, 0, 0, 0, 0, 0, 0, 0, 0]",wheel
141582,user_468,There is a bar between the trucks,3X73LLYYQ37OLVOX40KB73J1IW1NHA,61.0,ac2b6924a60a7a87aa4f69d519551495,skateboard,ShapeNet,571dd1b4d09773c5bbe43d356df0e955,skateboard,ShapeNet,False,skateboard/ShapeNet/571dd1b4d09773c5bbe43d356df0e955,skateboard/ShapeNet/ac2b6924a60a7a87aa4f69d519551495,True,skateboard,skateboard,1,"['there', 'is', 'a', 'bar', 'between', 'the', 'trucks']",7,there is a bar between the trucks,train,train,train,train,"[1, 15, 7, 26, 700, 657, 10, 1595, 2, 0, 0, 0, 0, 0, 0, 0, 0, 0]",truck
141584,user_1992,The nut in the wheel is not visible,3OLQQLKKNUIGIV6AZ1KDTT57HW5EJI,54.0,ac2b6924a60a7a87aa4f69d519551495,skateboard,ShapeNet,571dd1b4d09773c5bbe43d356df0e955,skateboard,ShapeNet,False,skateboard/ShapeNet/571dd1b4d09773c5bbe43d356df0e955,skateboard/ShapeNet/ac2b6924a60a7a87aa4f69d519551495,True,skateboard,skateboard,1,"['the', 'nut', 'in', 'the', 'wheel', 'is', 'not', 'visible']",8,the nut in the wheel is not visible,train,train,train,train,"[1, 10, 1640, 90, 10, 544, 7, 40, 185, 2, 0, 0, 0, 0, 0, 0, 0, 0]",wheel
141588,user_203,The deck is wider.,3GLB5JMZFZO1ZN29V0OQQYV6PSNGDN,99.0,113783f51974426b92ba7d308c045fd8,skateboard,ShapeNet,c7482cb7a8db514921cafafd7e7949c7,skateboard,ShapeNet,False,skateboard/ShapeNet/c7482cb7a8db514921cafafd7e7949c7,skateboard/ShapeNet/113783f51974426b92ba7d308c045fd8,False,skateboard,skateboard,1,"['the', 'deck', 'is', 'wide', '-er']",5,the deck is wide -er,train,train,train,train,"[1, 10, 1281, 7, 83, 9, 2, 0, 0, 0, 0, 0, 0, 0, 0, 0, 0, 0]",deck
141589,user_915,The size of the wheels,3X3OR7WPZ1T54KKJPJAQHYMDAIAL8Q,94.0,113783f51974426b92ba7d308c045fd8,skateboard,ShapeNet,c7482cb7a8db514921cafafd7e7949c7,skateboard,ShapeNet,False,skateboard/ShapeNet/c7482cb7a8db514921cafafd7e7949c7,skateboard/ShapeNet/113783f51974426b92ba7d308c045fd8,False,skateboard,skateboard,1,"['the', 'size', 'of', 'the', 'wheels']",5,the size of the wheels,train,train,train,train,"[1, 10, 377, 38, 10, 1013, 2, 0, 0, 0, 0, 0, 0, 0, 0, 0, 0, 0]",wheel
141591,user_156,Its deck tapers towards the back end.,3P4MQ7TPPZ5CT9WE1I56UXG96VKBBX,311.0,563569e15313d7eb89e13811ad04f53f,skateboard,ShapeNet,6e76a333d9fc9a2972e15b580d9a5b3,skateboard,ShapeNet,False,skateboard/ShapeNet/6e76a333d9fc9a2972e15b580d9a5b3,skateboard/ShapeNet/563569e15313d7eb89e13811ad04f53f,False,skateboard,skateboard,1,"['its', 'deck', 'tapers', 'towards', 'the', 'back', 'end']",7,its deck tapers towards the back end,test,train,test,train,"[1, 5, 1281, 566, 382, 10, 183, 74, 2, 0, 0, 0, 0, 0, 0, 0, 0, 0]",deck
141594,user_1633,The target's deck is shorter.,3RXPCZQMQR477SMXF74VPWUX0VI1GG,27.0,710467261256490ce1bed90743417b0c,skateboard,ShapeNet,35c281c44b5ee115f62521393bb9c2f6,skateboard,ShapeNet,False,skateboard/ShapeNet/35c281c44b5ee115f62521393bb9c2f6,skateboard/ShapeNet/710467261256490ce1bed90743417b0c,False,skateboard,skateboard,1,"['the', 'target', ""'s"", 'deck', 'is', 'short', '-er']",7,the target 's deck is short -er,train,train,train,train,"[1, 10, 11, 12, 1281, 7, 8, 9, 2, 0, 0, 0, 0, 0, 0, 0, 0, 0]",deck
141597,user_468,The truck hangers have extra hardware,34T446B1C27UJRLAH24CL0Q8XBLC0F,98.0,87115860707b0208813c2f803c03ef9f,skateboard,ShapeNet,792953b4101753c6ed3696d854eee1ec,skateboard,ShapeNet,False,skateboard/ShapeNet/792953b4101753c6ed3696d854eee1ec,skateboard/ShapeNet/87115860707b0208813c2f803c03ef9f,True,skateboard,skateboard,1,"['the', 'truck', 'hangers', 'have', 'extra', 'hardware']",6,the truck hangers have extra hardware,train,train,train,train,"[1, 10, 1606, 1607, 84, 1020, 1602, 2, 0, 0, 0, 0, 0, 0, 0, 0, 0, 0]",truck
141598,user_915,The trucks are defined,382M9COHEJ8PWBH4B0OR0VEIYC1UES,110.0,87115860707b0208813c2f803c03ef9f,skateboard,ShapeNet,792953b4101753c6ed3696d854eee1ec,skateboard,ShapeNet,False,skateboard/ShapeNet/792953b4101753c6ed3696d854eee1ec,skateboard/ShapeNet/87115860707b0208813c2f803c03ef9f,True,skateboard,skateboard,1,"['the', 'trucks', 'are', 'defined']",4,the trucks are defined,train,train,train,train,"[1, 10, 1595, 16, 643, 2, 0, 0, 0, 0, 0, 0, 0, 0, 0, 0, 0, 0]",truck
141600,user_42,The wheels are larger.,3DL65MZB8F8TAH04P93R6PSCRDFCEN,43.0,16edf6f6574568723f7198a00163bb6,skateboard,ShapeNet,4473c1e89500747b5cc36f190f62c41,skateboard,ShapeNet,False,skateboard/ShapeNet/4473c1e89500747b5cc36f190f62c41,skateboard/ShapeNet/16edf6f6574568723f7198a00163bb6,False,skateboard,skateboard,1,"['the', 'wheels', 'are', 'large', '-er']",5,the wheels are large -er,val,train,val,train,"[1, 10, 1013, 16, 94, 9, 2, 0, 0, 0, 0, 0, 0, 0, 0, 0, 0, 0]",wheel
141601,user_571,The deck curve is smoother,32VNZTT0A9XFOHSUI0H9MYF7EPCR4Q,47.0,16edf6f6574568723f7198a00163bb6,skateboard,ShapeNet,4473c1e89500747b5cc36f190f62c41,skateboard,ShapeNet,False,skateboard/ShapeNet/4473c1e89500747b5cc36f190f62c41,skateboard/ShapeNet/16edf6f6574568723f7198a00163bb6,False,skateboard,skateboard,1,"['the', 'deck', 'curve', 'is', 'smooth', '-er']",6,the deck curve is smooth -er,val,train,val,train,"[1, 10, 1281, 43, 7, 379, 9, 2, 0, 0, 0, 0, 0, 0, 0, 0, 0, 0]",deck
141602,user_2027,The wheels are much larger.,3I02618YA2ZTT26UKE42U7DMCJ1UPB,230.0,16edf6f6574568723f7198a00163bb6,skateboard,ShapeNet,4473c1e89500747b5cc36f190f62c41,skateboard,ShapeNet,False,skateboard/ShapeNet/4473c1e89500747b5cc36f190f62c41,skateboard/ShapeNet/16edf6f6574568723f7198a00163bb6,False,skateboard,skateboard,1,"['the', 'wheels', 'are', 'much', 'large', '-er']",6,the wheels are much large -er,val,train,val,train,"[1, 10, 1013, 16, 59, 94, 9, 2, 0, 0, 0, 0, 0, 0, 0, 0, 0, 0]",wheel
141604,user_549,The tail of the deck is substantially more curved then the nose.,34V1S5K3GUUNZ40M77A2SBZR4YH96J,102.0,488b9ae283b800b282ec895e014b9eb3,skateboard,ShapeNet,d7045c95ab319b711082f2ea630bf69e,skateboard,ShapeNet,False,skateboard/ShapeNet/d7045c95ab319b711082f2ea630bf69e,skateboard/ShapeNet/488b9ae283b800b282ec895e014b9eb3,False,skateboard,skateboard,1,"['the', 'tail', 'of', 'the', 'deck', 'is', 'substantially', 'more', 'curved', 'then', 'the', 'nose']",12,the tail of the deck is substantially more curved then the nose,train,train,train,train,"[1, 10, 1594, 38, 10, 1281, 7, 828, 34, 51, 146, 10, 1593, 2, 0, 0, 0, 0]",deck
141605,user_883,wheels are larger on front and back,3YW4XOSQKSEQCANSZCTCTBVO93VU17,317.0,488b9ae283b800b282ec895e014b9eb3,skateboard,ShapeNet,d7045c95ab319b711082f2ea630bf69e,skateboard,ShapeNet,False,skateboard/ShapeNet/d7045c95ab319b711082f2ea630bf69e,skateboard/ShapeNet/488b9ae283b800b282ec895e014b9eb3,False,skateboard,skateboard,1,"['wheels', 'are', 'large', '-er', 'on', 'front', 'and', 'back']",8,wheels are large -er on front and back,train,train,train,train,"[1, 1013, 16, 94, 9, 20, 37, 47, 183, 2, 0, 0, 0, 0, 0, 0, 0, 0]",wheel
141606,user_1246,The wheels are much smaller,3U088ZLJVMM3XPRFYT4DXUXBPR4W09,31.0,97a1800db9a625bc28044fe9244db50a,skateboard,ShapeNet,2785d91a40cd41a659c9250a427b57f,skateboard,ShapeNet,False,skateboard/ShapeNet/2785d91a40cd41a659c9250a427b57f,skateboard/ShapeNet/97a1800db9a625bc28044fe9244db50a,False,skateboard,skateboard,1,"['the', 'wheels', 'are', 'much', 'small', '-er']",6,the wheels are much small -er,train,train,train,train,"[1, 10, 1013, 16, 59, 111, 9, 2, 0, 0, 0, 0, 0, 0, 0, 0, 0, 0]",wheel
141607,user_1357,It has a thicker deck,3X3OR7WPZ1T54KKJPJAQHYMDAI88LB,38.0,97a1800db9a625bc28044fe9244db50a,skateboard,ShapeNet,2785d91a40cd41a659c9250a427b57f,skateboard,ShapeNet,False,skateboard/ShapeNet/2785d91a40cd41a659c9250a427b57f,skateboard/ShapeNet/97a1800db9a625bc28044fe9244db50a,False,skateboard,skateboard,1,"['it', 'has', 'a', 'thick', '-er', 'deck']",6,it has a thick -er deck,train,train,train,train,"[1, 23, 24, 26, 54, 9, 1281, 2, 0, 0, 0, 0, 0, 0, 0, 0, 0, 0]",deck
141608,user_1644,the wheels are smaller,3IGI0VL649DYDCAK8DF1RCG2UNRNOK,27.0,97a1800db9a625bc28044fe9244db50a,skateboard,ShapeNet,2785d91a40cd41a659c9250a427b57f,skateboard,ShapeNet,False,skateboard/ShapeNet/2785d91a40cd41a659c9250a427b57f,skateboard/ShapeNet/97a1800db9a625bc28044fe9244db50a,False,skateboard,skateboard,1,"['the', 'wheels', 'are', 'small', '-er']",5,the wheels are small -er,train,train,train,train,"[1, 10, 1013, 16, 111, 9, 2, 0, 0, 0, 0, 0, 0, 0, 0, 0, 0, 0]",wheel
141610,user_468,The hardware holes on the deck at on the nose and tail,3CTOC39K39JV9GR0CT67NJDQV90J70,54.0,99130967461623c37ca71234c2ec5470,skateboard,ShapeNet,871516a54b6c8689615c01c6c616fbc8,skateboard,ShapeNet,False,skateboard/ShapeNet/871516a54b6c8689615c01c6c616fbc8,skateboard/ShapeNet/99130967461623c37ca71234c2ec5470,False,skateboard,skateboard,1,"['the', 'hardware', 'holes', 'on', 'the', 'deck', 'at', 'on', 'the', 'nose', 'and', 'tail']",12,the hardware holes on the deck at on the nose and tail,train,train,train,train,"[1, 10, 1602, 234, 20, 10, 1281, 98, 20, 10, 1593, 47, 1594, 2, 0, 0, 0, 0]",deck
141612,user_156,It truck hangers are much thinner in diameter.,3EQHHY4HQUL6VANGGU67SM7ECDQG5K,28.0,ac2b6924a60a7a87aa4f69d519551495,skateboard,ShapeNet,b140249e4615f0db6d8b6ba513969afe,skateboard,ShapeNet,False,skateboard/ShapeNet/b140249e4615f0db6d8b6ba513969afe,skateboard/ShapeNet/ac2b6924a60a7a87aa4f69d519551495,False,skateboard,skateboard,1,"['it', 'truck', 'hangers', 'are', 'much', 'thin', '-er', 'in', 'diameter']",9,it truck hangers are much thin -er in diameter,train,train,train,train,"[1, 23, 1606, 1607, 16, 59, 60, 9, 90, 268, 2, 0, 0, 0, 0, 0, 0, 0]",truck
141613,user_203,The wheel diameter is smaller.,351SEKWQS2A1RXYV63ML33F3LE0DMT,61.0,ac2b6924a60a7a87aa4f69d519551495,skateboard,ShapeNet,b140249e4615f0db6d8b6ba513969afe,skateboard,ShapeNet,False,skateboard/ShapeNet/b140249e4615f0db6d8b6ba513969afe,skateboard/ShapeNet/ac2b6924a60a7a87aa4f69d519551495,False,skateboard,skateboard,1,"['the', 'wheel', 'diameter', 'is', 'small', '-er']",6,the wheel diameter is small -er,train,train,train,train,"[1, 10, 544, 268, 7, 111, 9, 2, 0, 0, 0, 0, 0, 0, 0, 0, 0, 0]",wheel
141615,user_156,Its deck isn't nearly as thick in height.,34X6J5FLPVR5FYWF8SFDNAUL00UQJ9,41.0,994dc9307a0f228e30eaaf40a8a562c1,skateboard,ShapeNet,234b2d3aae0b3c44b17369c768229699,skateboard,ShapeNet,False,skateboard/ShapeNet/234b2d3aae0b3c44b17369c768229699,skateboard/ShapeNet/994dc9307a0f228e30eaaf40a8a562c1,False,skateboard,skateboard,1,"['its', 'deck', 'is', 'not', 'nearly', 'as', 'thick', 'in', 'height']",9,its deck is not nearly as thick in height,train,train,train,train,"[1, 5, 1281, 7, 40, 2944, 52, 54, 90, 117, 2, 0, 0, 0, 0, 0, 0, 0]",deck
141616,user_527,The wheels are further apart.,33C7UALJVNRSEDGFW9S7XJDZCC7182,82.0,994dc9307a0f228e30eaaf40a8a562c1,skateboard,ShapeNet,234b2d3aae0b3c44b17369c768229699,skateboard,ShapeNet,True,skateboard/ShapeNet/234b2d3aae0b3c44b17369c768229699,skateboard/ShapeNet/994dc9307a0f228e30eaaf40a8a562c1,False,skateboard,skateboard,1,"['the', 'wheels', 'are', 'far', '-er', 'apart']",6,the wheels are far -er apart,train,train,train,train,"[1, 10, 1013, 16, 78, 9, 575, 2, 0, 0, 0, 0, 0, 0, 0, 0, 0, 0]",wheel
141618,user_491,The deck of the target narrows as it gets closer to each end.,3H7XDTSHKEK08T20CVTGIMKRW8SWGB,114.0,99130967461623c37ca71234c2ec5470,skateboard,ShapeNet,ab76bf4b966e3fb5b10029f76a5ab54a,skateboard,ShapeNet,False,skateboard/ShapeNet/ab76bf4b966e3fb5b10029f76a5ab54a,skateboard/ShapeNet/99130967461623c37ca71234c2ec5470,False,skateboard,skateboard,1,"['the', 'deck', 'of', 'the', 'target', 'narrows', 'as', 'it', 'gets', 'close', '-er', 'to', 'each', 'end']",14,the deck of the target narrows as it gets close -er to each end,val,train,val,train,"[1, 10, 1281, 38, 10, 11, 1625, 52, 23, 481, 1025, 9, 58, 21, 74, 2, 0, 0]",deck
141620,user_1246,The wheels are much larger,33CID57106MJ3NEDD2FUQHE2UWL3LJ,43.0,99130967461623c37ca71234c2ec5470,skateboard,ShapeNet,ab76bf4b966e3fb5b10029f76a5ab54a,skateboard,ShapeNet,False,skateboard/ShapeNet/ab76bf4b966e3fb5b10029f76a5ab54a,skateboard/ShapeNet/99130967461623c37ca71234c2ec5470,False,skateboard,skateboard,1,"['the', 'wheels', 'are', 'much', 'large', '-er']",6,the wheels are much large -er,val,train,val,train,"[1, 10, 1013, 16, 59, 94, 9, 2, 0, 0, 0, 0, 0, 0, 0, 0, 0, 0]",wheel
141622,user_1392,The deck is longer.,3CCZ6YKWR9CRG0082O0X05LR8YW95J,30.0,c4b7db8e09375b4d6830ad3775f4cffc,skateboard,ShapeNet,48bf45bffab55d7cf14c37b285d25cdf,skateboard,ShapeNet,False,skateboard/ShapeNet/48bf45bffab55d7cf14c37b285d25cdf,skateboard/ShapeNet/c4b7db8e09375b4d6830ad3775f4cffc,True,skateboard,skateboard,1,"['the', 'deck', 'is', 'long', '-er']",5,the deck is long -er,train,train,train,train,"[1, 10, 1281, 7, 32, 9, 2, 0, 0, 0, 0, 0, 0, 0, 0, 0, 0, 0]",deck
141623,user_1796,The lip's deck is skinnier,3KXIR214I69YKXB93A28LQ7Z211421,93.0,c4b7db8e09375b4d6830ad3775f4cffc,skateboard,ShapeNet,48bf45bffab55d7cf14c37b285d25cdf,skateboard,ShapeNet,False,skateboard/ShapeNet/48bf45bffab55d7cf14c37b285d25cdf,skateboard/ShapeNet/c4b7db8e09375b4d6830ad3775f4cffc,True,skateboard,skateboard,1,"['the', 'lip', ""'s"", 'deck', 'is', 'skinny', '-er']",7,the lip 's deck is skinny -er,train,train,train,train,"[1, 10, 125, 12, 1281, 7, 282, 9, 2, 0, 0, 0, 0, 0, 0, 0, 0, 0]",deck
141624,user_1392,It has wheels without a circle in the middle,3GA6AFUKOQHHHRVNMH0WYPLVDFD3HD,32.0,f9752bb556ab1e20681083250d6ef1,skateboard,ShapeNet,a19d80304e26099e7394c987e5e211f0,skateboard,ShapeNet,False,skateboard/ShapeNet/a19d80304e26099e7394c987e5e211f0,skateboard/ShapeNet/f9752bb556ab1e20681083250d6ef1,True,skateboard,skateboard,1,"['it', 'has', 'wheels', 'without', 'a', 'circle', 'in', 'the', 'middle']",9,it has wheels without a circle in the middle,train,train,train,train,"[1, 23, 24, 1013, 803, 26, 149, 90, 10, 232, 2, 0, 0, 0, 0, 0, 0, 0]",wheel
141625,user_1992,The nuts on the wheel is not visible,37Q970SNZG1AXXVOA7YCEAD0O6E1S2,43.0,f9752bb556ab1e20681083250d6ef1,skateboard,ShapeNet,a19d80304e26099e7394c987e5e211f0,skateboard,ShapeNet,False,skateboard/ShapeNet/a19d80304e26099e7394c987e5e211f0,skateboard/ShapeNet/f9752bb556ab1e20681083250d6ef1,True,skateboard,skateboard,1,"['the', 'nuts', 'on', 'the', 'wheel', 'is', 'not', 'visible']",8,the nuts on the wheel is not visible,train,train,train,train,"[1, 10, 1638, 20, 10, 544, 7, 40, 185, 2, 0, 0, 0, 0, 0, 0, 0, 0]",wheel
141626,user_2101,The hardware is not visible on the top of the deck,3LYA37P8ISGDMC087VIZT0ZZTOTKBO,113.0,f9752bb556ab1e20681083250d6ef1,skateboard,ShapeNet,a19d80304e26099e7394c987e5e211f0,skateboard,ShapeNet,False,skateboard/ShapeNet/a19d80304e26099e7394c987e5e211f0,skateboard/ShapeNet/f9752bb556ab1e20681083250d6ef1,True,skateboard,skateboard,1,"['the', 'hardware', 'is', 'not', 'visible', 'on', 'the', 'top', 'of', 'the', 'deck']",11,the hardware is not visible on the top of the deck,train,train,train,train,"[1, 10, 1602, 7, 40, 185, 20, 10, 99, 38, 10, 1281, 2, 0, 0, 0, 0, 0]",deck
141627,user_156,It has eight visible holes in its deck.,3EFE17QCREYL18G2CW1X6XT75WOSH8,45.0,344e9402d06bd94031145076011658c5,skateboard,ShapeNet,710467261256490ce1bed90743417b0c,skateboard,ShapeNet,False,skateboard/ShapeNet/710467261256490ce1bed90743417b0c,skateboard/ShapeNet/344e9402d06bd94031145076011658c5,True,skateboard,skateboard,1,"['it', 'has', 'eight', 'visible', 'holes', 'in', 'its', 'deck']",8,it has eight visible holes in its deck,train,train,train,train,"[1, 23, 24, 871, 185, 234, 90, 5, 1281, 2, 0, 0, 0, 0, 0, 0, 0, 0]",deck
141628,user_1644,the wheels are less round,3JBT3HLQFAVAF104Q13ABZS1E1JZP8,147.0,344e9402d06bd94031145076011658c5,skateboard,ShapeNet,710467261256490ce1bed90743417b0c,skateboard,ShapeNet,False,skateboard/ShapeNet/710467261256490ce1bed90743417b0c,skateboard/ShapeNet/344e9402d06bd94031145076011658c5,True,skateboard,skateboard,1,"['the', 'wheels', 'are', 'less', 'round']",5,the wheels are less round,train,train,train,train,"[1, 10, 1013, 16, 229, 134, 2, 0, 0, 0, 0, 0, 0, 0, 0, 0, 0, 0]",wheel
141629,user_1992,The wheel is wider,3YGXWBAF72ABIF3B03REX3GLEN24CO,38.0,344e9402d06bd94031145076011658c5,skateboard,ShapeNet,710467261256490ce1bed90743417b0c,skateboard,ShapeNet,False,skateboard/ShapeNet/710467261256490ce1bed90743417b0c,skateboard/ShapeNet/344e9402d06bd94031145076011658c5,True,skateboard,skateboard,1,"['the', 'wheel', 'is', 'wide', '-er']",5,the wheel is wide -er,train,train,train,train,"[1, 10, 544, 7, 83, 9, 2, 0, 0, 0, 0, 0, 0, 0, 0, 0, 0, 0]",wheel
141630,user_549,The wheels are much smaller.,3PXX5PX6LZR7AZRMV45AZMW3OHABAL,50.0,aa2c5469590761793c497dcbf6659611,skateboard,ShapeNet,36221454034311a4fcaae723fa352fe6,skateboard,ShapeNet,False,skateboard/ShapeNet/36221454034311a4fcaae723fa352fe6,skateboard/ShapeNet/aa2c5469590761793c497dcbf6659611,False,skateboard,skateboard,1,"['the', 'wheels', 'are', 'much', 'small', '-er']",6,the wheels are much small -er,train,train,train,train,"[1, 10, 1013, 16, 59, 111, 9, 2, 0, 0, 0, 0, 0, 0, 0, 0, 0, 0]",wheel
141636,user_743,the target deck does not have fixing bolts marked,3ATPCQ38JA33N7KX5WJU7XU49LHYA2,306.0,e06b51f45c1aa29a98c63cb68f11df34,skateboard,ShapeNet,980af78085bffb43d790b0d3f0ce898d,skateboard,ShapeNet,False,skateboard/ShapeNet/980af78085bffb43d790b0d3f0ce898d,skateboard/ShapeNet/e06b51f45c1aa29a98c63cb68f11df34,True,skateboard,skateboard,1,"['the', 'target', 'deck', 'does', 'not', 'have', 'fixing', 'bolts', 'marked']",9,the target deck does not have fixing bolts marked,train,train,train,train,"[1, 10, 11, 1281, 39, 40, 84, 1610, 1611, 2163, 2, 0, 0, 0, 0, 0, 0, 0]",deck
141638,user_1395,the deck/board is less curved,3A9AA95ATYFC8NGFJDWUMVL6D2E5PA,67.0,e06b51f45c1aa29a98c63cb68f11df34,skateboard,ShapeNet,980af78085bffb43d790b0d3f0ce898d,skateboard,ShapeNet,False,skateboard/ShapeNet/980af78085bffb43d790b0d3f0ce898d,skateboard/ShapeNet/e06b51f45c1aa29a98c63cb68f11df34,True,skateboard,skateboard,1,"['the', 'deck', 'board', 'is', 'less', 'curved']",6,the deck board is less curved,train,train,train,train,"[1, 10, 1281, 948, 7, 229, 51, 2, 0, 0, 0, 0, 0, 0, 0, 0, 0, 0]",deck
141639,user_571,The wheels are larger,3XUHV3NRVMRKV6IR00OPDMJFRDI5HN,46.0,ea25b5f1fc8d76a36a1b26eff73443ff,skateboard,ShapeNet,2026cbe0ebbe1153d975109d955e6652,skateboard,ShapeNet,False,skateboard/ShapeNet/2026cbe0ebbe1153d975109d955e6652,skateboard/ShapeNet/ea25b5f1fc8d76a36a1b26eff73443ff,True,skateboard,skateboard,1,"['the', 'wheels', 'are', 'large', '-er']",5,the wheels are large -er,train,train,train,train,"[1, 10, 1013, 16, 94, 9, 2, 0, 0, 0, 0, 0, 0, 0, 0, 0, 0, 0]",wheel
141640,user_1815,The deck is lower than the nose and tail,373ERPL3YQ1Z527KX1IHU6RZUPNTRK,148.0,ea25b5f1fc8d76a36a1b26eff73443ff,skateboard,ShapeNet,2026cbe0ebbe1153d975109d955e6652,skateboard,ShapeNet,False,skateboard/ShapeNet/2026cbe0ebbe1153d975109d955e6652,skateboard/ShapeNet/ea25b5f1fc8d76a36a1b26eff73443ff,True,skateboard,skateboard,1,"['the', 'deck', 'is', 'low', '-er', 'than', 'the', 'nose', 'and', 'tail']",10,the deck is low -er than the nose and tail,train,train,train,train,"[1, 10, 1281, 7, 345, 9, 131, 10, 1593, 47, 1594, 2, 0, 0, 0, 0, 0, 0]",deck
141641,user_2044,The wheels are larger.,3QL2OFSM98BX4NDHI86AWCML56ZNC8,35.0,ea25b5f1fc8d76a36a1b26eff73443ff,skateboard,ShapeNet,2026cbe0ebbe1153d975109d955e6652,skateboard,ShapeNet,False,skateboard/ShapeNet/2026cbe0ebbe1153d975109d955e6652,skateboard/ShapeNet/ea25b5f1fc8d76a36a1b26eff73443ff,True,skateboard,skateboard,1,"['the', 'wheels', 'are', 'large', '-er']",5,the wheels are large -er,train,train,train,train,"[1, 10, 1013, 16, 94, 9, 2, 0, 0, 0, 0, 0, 0, 0, 0, 0, 0, 0]",wheel
141642,user_1205,its board is shorter in length,34Z02EIMIU6B58NL3OZ2AAQCLZOT0M,60.0,94fc692e0518c0b0537d393009a79347,skateboard,ShapeNet,7a00dee660ee94f5dfa6594bd6ded322,skateboard,ShapeNet,False,skateboard/ShapeNet/7a00dee660ee94f5dfa6594bd6ded322,skateboard/ShapeNet/94fc692e0518c0b0537d393009a79347,True,skateboard,skateboard,1,"['its', 'board', 'is', 'short', '-er', 'in', 'length']",7,its board is short -er in length,train,train,train,train,"[1, 5, 948, 7, 8, 9, 90, 155, 2, 0, 0, 0, 0, 0, 0, 0, 0, 0]",deck
141643,user_1298,The deck is wider.,3MMN5BL1W1X395WYDEG9QUTRU1BM34,32.0,94fc692e0518c0b0537d393009a79347,skateboard,ShapeNet,7a00dee660ee94f5dfa6594bd6ded322,skateboard,ShapeNet,False,skateboard/ShapeNet/7a00dee660ee94f5dfa6594bd6ded322,skateboard/ShapeNet/94fc692e0518c0b0537d393009a79347,True,skateboard,skateboard,1,"['the', 'deck', 'is', 'wide', '-er']",5,the deck is wide -er,train,train,train,train,"[1, 10, 1281, 7, 83, 9, 2, 0, 0, 0, 0, 0, 0, 0, 0, 0, 0, 0]",deck
141644,user_2044,The wheels are smaller.,3HVVDCPGTGL823J6BWAB22KWXC3YTS,25.0,94fc692e0518c0b0537d393009a79347,skateboard,ShapeNet,7a00dee660ee94f5dfa6594bd6ded322,skateboard,ShapeNet,False,skateboard/ShapeNet/7a00dee660ee94f5dfa6594bd6ded322,skateboard/ShapeNet/94fc692e0518c0b0537d393009a79347,True,skateboard,skateboard,1,"['the', 'wheels', 'are', 'small', '-er']",5,the wheels are small -er,train,train,train,train,"[1, 10, 1013, 16, 111, 9, 2, 0, 0, 0, 0, 0, 0, 0, 0, 0, 0, 0]",wheel
141645,user_468,The deck is flat and not curved,3OS4RQUCRB826Q8U6KR2DN7ULSBBFC,42.0,792953b4101753c6ed3696d854eee1ec,skateboard,ShapeNet,36aaae334d636ec28043db94fbc8c982,skateboard,ShapeNet,False,skateboard/ShapeNet/36aaae334d636ec28043db94fbc8c982,skateboard/ShapeNet/792953b4101753c6ed3696d854eee1ec,False,skateboard,skateboard,1,"['the', 'deck', 'is', 'flat', 'and', 'not', 'curved']",7,the deck is flat and not curved,train,train,train,train,"[1, 10, 1281, 7, 129, 47, 40, 51, 2, 0, 0, 0, 0, 0, 0, 0, 0, 0]",deck
141646,user_848,Target has larger wheels,38JBBYETQQ3QFDNPWUX9NRGOZZF4EH,119.0,792953b4101753c6ed3696d854eee1ec,skateboard,ShapeNet,36aaae334d636ec28043db94fbc8c982,skateboard,ShapeNet,False,skateboard/ShapeNet/36aaae334d636ec28043db94fbc8c982,skateboard/ShapeNet/792953b4101753c6ed3696d854eee1ec,False,skateboard,skateboard,1,"['target', 'has', 'large', '-er', 'wheels']",5,target has large -er wheels,train,train,train,train,"[1, 11, 24, 94, 9, 1013, 2, 0, 0, 0, 0, 0, 0, 0, 0, 0, 0, 0]",wheel
141647,user_1633,The target has larger wheels.,3VA45EW49PGVZ53V3QH3U53ZRH91O3,28.0,792953b4101753c6ed3696d854eee1ec,skateboard,ShapeNet,36aaae334d636ec28043db94fbc8c982,skateboard,ShapeNet,False,skateboard/ShapeNet/36aaae334d636ec28043db94fbc8c982,skateboard/ShapeNet/792953b4101753c6ed3696d854eee1ec,False,skateboard,skateboard,1,"['the', 'target', 'has', 'large', '-er', 'wheels']",6,the target has large -er wheels,train,train,train,train,"[1, 10, 11, 24, 94, 9, 1013, 2, 0, 0, 0, 0, 0, 0, 0, 0, 0, 0]",wheel
141648,user_476,Trucks are smaller on target.,3SLE99ER0P68B7ZU7WL9GFNCXX6BZ1,131.0,58ab8327f188e0a063381d3d7e871939,skateboard,ShapeNet,ac5b849680f5e3791bb7158ebaf7e1c8,skateboard,ShapeNet,False,skateboard/ShapeNet/ac5b849680f5e3791bb7158ebaf7e1c8,skateboard/ShapeNet/58ab8327f188e0a063381d3d7e871939,False,skateboard,skateboard,1,"['trucks', 'are', 'small', '-er', 'on', 'target']",6,trucks are small -er on target,train,train,train,train,"[1, 1595, 16, 111, 9, 20, 11, 2, 0, 0, 0, 0, 0, 0, 0, 0, 0, 0]",truck
141649,user_948,The deck is wider,3ZV9H2YQQF0ZEHQCHGMWZSVIS3OW34,42.0,58ab8327f188e0a063381d3d7e871939,skateboard,ShapeNet,ac5b849680f5e3791bb7158ebaf7e1c8,skateboard,ShapeNet,False,skateboard/ShapeNet/ac5b849680f5e3791bb7158ebaf7e1c8,skateboard/ShapeNet/58ab8327f188e0a063381d3d7e871939,False,skateboard,skateboard,1,"['the', 'deck', 'is', 'wide', '-er']",5,the deck is wide -er,train,train,train,train,"[1, 10, 1281, 7, 83, 9, 2, 0, 0, 0, 0, 0, 0, 0, 0, 0, 0, 0]",deck
141650,user_1644,the trucks are not visible,3UN61F00HYIXK0WUW50JRQLLEKBR5X,36.0,58ab8327f188e0a063381d3d7e871939,skateboard,ShapeNet,ac5b849680f5e3791bb7158ebaf7e1c8,skateboard,ShapeNet,False,skateboard/ShapeNet/ac5b849680f5e3791bb7158ebaf7e1c8,skateboard/ShapeNet/58ab8327f188e0a063381d3d7e871939,False,skateboard,skateboard,1,"['the', 'trucks', 'are', 'not', 'visible']",5,the trucks are not visible,train,train,train,train,"[1, 10, 1595, 16, 40, 185, 2, 0, 0, 0, 0, 0, 0, 0, 0, 0, 0, 0]",truck
141658,user_468,The board is wider,36DSNE9QZ7R2UMJZTFN9Y5ZLLYCJOS,73.0,570fae86bb5e1843d587b281fa5e7b27,skateboard,ShapeNet,619b49bae27807fb1082f2ea630bf69e,skateboard,ShapeNet,False,skateboard/ShapeNet/619b49bae27807fb1082f2ea630bf69e,skateboard/ShapeNet/570fae86bb5e1843d587b281fa5e7b27,True,skateboard,skateboard,1,"['the', 'board', 'is', 'wide', '-er']",5,the board is wide -er,train,train,train,train,"[1, 10, 948, 7, 83, 9, 2, 0, 0, 0, 0, 0, 0, 0, 0, 0, 0, 0]",deck
141663,user_1024,The wheels are not in line with front and back.,3QIYRE09Y5ADHK3J2BHQFG3U172N18,84.0,994dc9307a0f228e30eaaf40a8a562c1,skateboard,ShapeNet,90210ee9fd29275dcadc0bfc31415370,skateboard,ShapeNet,False,skateboard/ShapeNet/90210ee9fd29275dcadc0bfc31415370,skateboard/ShapeNet/994dc9307a0f228e30eaaf40a8a562c1,True,skateboard,skateboard,1,"['the', 'wheels', 'are', 'not', 'in', 'line', 'with', 'front', 'and', 'back']",10,the wheels are not in line with front and back,train,train,train,train,"[1, 10, 1013, 16, 40, 90, 287, 121, 37, 47, 183, 2, 0, 0, 0, 0, 0, 0]",wheel
141665,user_2044,The wheels have visible axle nuts.,3NLZY2D53RIBAOKFBDRQ3P7D4Q0QLE,40.0,994dc9307a0f228e30eaaf40a8a562c1,skateboard,ShapeNet,90210ee9fd29275dcadc0bfc31415370,skateboard,ShapeNet,False,skateboard/ShapeNet/90210ee9fd29275dcadc0bfc31415370,skateboard/ShapeNet/994dc9307a0f228e30eaaf40a8a562c1,True,skateboard,skateboard,1,"['the', 'wheels', 'have', 'visible', 'axle', 'nuts']",6,the wheels have visible axle nuts,train,train,train,train,"[1, 10, 1013, 84, 185, 1613, 1638, 2, 0, 0, 0, 0, 0, 0, 0, 0, 0, 0]",wheel
141666,user_1024,The board is less long.,339ANSOTR7VN9KEED5AGFN3COE8IKQ,54.0,141616a00df67c351082f2ea630bf69e,skateboard,ShapeNet,393ca71bd734f3071082f2ea630bf69e,skateboard,ShapeNet,True,skateboard/ShapeNet/393ca71bd734f3071082f2ea630bf69e,skateboard/ShapeNet/141616a00df67c351082f2ea630bf69e,True,skateboard,skateboard,1,"['the', 'board', 'is', 'less', 'long']",5,the board is less long,train,train,train,train,"[1, 10, 948, 7, 229, 32, 2, 0, 0, 0, 0, 0, 0, 0, 0, 0, 0, 0]",deck
141667,user_1205,board back tilts up higher,3SKEMFQBZ5YUKE214JYP2Y9YLIH8KM,64.0,141616a00df67c351082f2ea630bf69e,skateboard,ShapeNet,393ca71bd734f3071082f2ea630bf69e,skateboard,ShapeNet,False,skateboard/ShapeNet/393ca71bd734f3071082f2ea630bf69e,skateboard/ShapeNet/141616a00df67c351082f2ea630bf69e,True,skateboard,skateboard,1,"['board', 'back', 'tilts', 'up', 'high', '-er']",6,board back tilts up high -er,train,train,train,train,"[1, 948, 183, 344, 269, 49, 9, 2, 0, 0, 0, 0, 0, 0, 0, 0, 0, 0]",deck
141669,user_156,It has no visible holes in its deck.,3W8CV64QJ4S3WTK33Q16P2OHD9OH9D,59.0,8310154df085baf3e3cfaa4e6977fab6,skateboard,ShapeNet,87115860707b0208813c2f803c03ef9f,skateboard,ShapeNet,False,skateboard/ShapeNet/87115860707b0208813c2f803c03ef9f,skateboard/ShapeNet/8310154df085baf3e3cfaa4e6977fab6,False,skateboard,skateboard,1,"['it', 'has', 'no', 'visible', 'holes', 'in', 'its', 'deck']",8,it has no visible holes in its deck,train,train,train,train,"[1, 23, 24, 123, 185, 234, 90, 5, 1281, 2, 0, 0, 0, 0, 0, 0, 0, 0]",deck
141670,user_1815,The wheels are plain,33PPO7FECX8FVE84LOOTBA8M47HIDN,54.0,8310154df085baf3e3cfaa4e6977fab6,skateboard,ShapeNet,87115860707b0208813c2f803c03ef9f,skateboard,ShapeNet,False,skateboard/ShapeNet/87115860707b0208813c2f803c03ef9f,skateboard/ShapeNet/8310154df085baf3e3cfaa4e6977fab6,False,skateboard,skateboard,1,"['the', 'wheels', 'are', 'plain']",4,the wheels are plain,train,train,train,train,"[1, 10, 1013, 16, 559, 2, 0, 0, 0, 0, 0, 0, 0, 0, 0, 0, 0, 0]",wheel
141671,user_2044,The wheels are smaller.,324G5B4FB51O7AQEQLW15EYUW2Y07I,43.0,8310154df085baf3e3cfaa4e6977fab6,skateboard,ShapeNet,87115860707b0208813c2f803c03ef9f,skateboard,ShapeNet,False,skateboard/ShapeNet/87115860707b0208813c2f803c03ef9f,skateboard/ShapeNet/8310154df085baf3e3cfaa4e6977fab6,False,skateboard,skateboard,1,"['the', 'wheels', 'are', 'small', '-er']",5,the wheels are small -er,train,train,train,train,"[1, 10, 1013, 16, 111, 9, 2, 0, 0, 0, 0, 0, 0, 0, 0, 0, 0, 0]",wheel
141676,user_1644,the deck is thinner,3XUHV3NRVMRKV6IR00OPDMJFRB3H5G,85.0,d4abd88611997d2cc4647061c0a60dc9,skateboard,ShapeNet,488b9ae283b800b282ec895e014b9eb3,skateboard,ShapeNet,False,skateboard/ShapeNet/488b9ae283b800b282ec895e014b9eb3,skateboard/ShapeNet/d4abd88611997d2cc4647061c0a60dc9,False,skateboard,skateboard,1,"['the', 'deck', 'is', 'thin', '-er']",5,the deck is thin -er,train,train,train,train,"[1, 10, 1281, 7, 60, 9, 2, 0, 0, 0, 0, 0, 0, 0, 0, 0, 0, 0]",deck
141677,user_2044,Its trucks are slimmer,33M4IA01QIU6MJG42BJEJ9C57LBXR7,160.0,d4abd88611997d2cc4647061c0a60dc9,skateboard,ShapeNet,488b9ae283b800b282ec895e014b9eb3,skateboard,ShapeNet,False,skateboard/ShapeNet/488b9ae283b800b282ec895e014b9eb3,skateboard/ShapeNet/d4abd88611997d2cc4647061c0a60dc9,False,skateboard,skateboard,1,"['its', 'trucks', 'are', 'slim', '-er']",5,its trucks are slim -er,train,train,train,train,"[1, 5, 1595, 16, 829, 9, 2, 0, 0, 0, 0, 0, 0, 0, 0, 0, 0, 0]",truck
141681,user_1024,The wheels are bigger,33NF62TLXLVJ4VYKVNVGROIC1TXKJ4,60.0,16edf6f6574568723f7198a00163bb6,skateboard,ShapeNet,ac2b6924a60a7a87aa4f69d519551495,skateboard,ShapeNet,False,skateboard/ShapeNet/ac2b6924a60a7a87aa4f69d519551495,skateboard/ShapeNet/16edf6f6574568723f7198a00163bb6,False,skateboard,skateboard,1,"['the', 'wheels', 'are', 'big', '-er']",5,the wheels are big -er,train,train,train,train,"[1, 10, 1013, 16, 320, 9, 2, 0, 0, 0, 0, 0, 0, 0, 0, 0, 0, 0]",wheel
141682,user_1357,The deck is wider,3P529IW9K0EEJZU6XXGWRQ3ZXNHFLX,35.0,16edf6f6574568723f7198a00163bb6,skateboard,ShapeNet,ac2b6924a60a7a87aa4f69d519551495,skateboard,ShapeNet,False,skateboard/ShapeNet/ac2b6924a60a7a87aa4f69d519551495,skateboard/ShapeNet/16edf6f6574568723f7198a00163bb6,False,skateboard,skateboard,1,"['the', 'deck', 'is', 'wide', '-er']",5,the deck is wide -er,train,train,train,train,"[1, 10, 1281, 7, 83, 9, 2, 0, 0, 0, 0, 0, 0, 0, 0, 0, 0, 0]",deck
141685,user_505,Target has four wheels visible,358010RM5GMYFQXLBVOOK618SPJVXP,39.0,732270ac7e23d610e62bec48c266b5c6,skateboard,ShapeNet,aa886bed91a13113d5498a74ca9ca78b,skateboard,ShapeNet,False,skateboard/ShapeNet/aa886bed91a13113d5498a74ca9ca78b,skateboard/ShapeNet/732270ac7e23d610e62bec48c266b5c6,True,skateboard,skateboard,1,"['target', 'has', 'four', 'wheels', 'visible']",5,target has four wheels visible,train,train,train,train,"[1, 11, 24, 322, 1013, 185, 2, 0, 0, 0, 0, 0, 0, 0, 0, 0, 0, 0]",wheel
141686,user_1796,The deck is short.,3L6L49WXW2QQJUUWLT46JXABM6G45G,52.0,732270ac7e23d610e62bec48c266b5c6,skateboard,ShapeNet,aa886bed91a13113d5498a74ca9ca78b,skateboard,ShapeNet,False,skateboard/ShapeNet/aa886bed91a13113d5498a74ca9ca78b,skateboard/ShapeNet/732270ac7e23d610e62bec48c266b5c6,True,skateboard,skateboard,1,"['the', 'deck', 'is', 'short']",4,the deck is short,train,train,train,train,"[1, 10, 1281, 7, 8, 2, 0, 0, 0, 0, 0, 0, 0, 0, 0, 0, 0, 0]",deck
141687,user_1644,the deck is extremely thin,31QTRG6Q2V6AABQZUF1RXSJZ87HPY9,95.0,bebaf2c5077b901e92ba7d308c045fd8,skateboard,ShapeNet,30c835f06a930d356e6c9ebd9b889ec2,skateboard,ShapeNet,False,skateboard/ShapeNet/30c835f06a930d356e6c9ebd9b889ec2,skateboard/ShapeNet/bebaf2c5077b901e92ba7d308c045fd8,True,skateboard,skateboard,1,"['the', 'deck', 'is', 'extremely', 'thin']",5,the deck is extremely thin,train,train,train,train,"[1, 10, 1281, 7, 430, 60, 2, 0, 0, 0, 0, 0, 0, 0, 0, 0, 0, 0]",deck
141688,user_1796,The wheels are smaller.,3URFVVM167BN76807N24L5F0MIBZU4,62.0,bebaf2c5077b901e92ba7d308c045fd8,skateboard,ShapeNet,30c835f06a930d356e6c9ebd9b889ec2,skateboard,ShapeNet,False,skateboard/ShapeNet/30c835f06a930d356e6c9ebd9b889ec2,skateboard/ShapeNet/bebaf2c5077b901e92ba7d308c045fd8,True,skateboard,skateboard,1,"['the', 'wheels', 'are', 'small', '-er']",5,the wheels are small -er,train,train,train,train,"[1, 10, 1013, 16, 111, 9, 2, 0, 0, 0, 0, 0, 0, 0, 0, 0, 0, 0]",wheel
141690,user_256,The ends of the deck have a shallower curve upwards,3IOEN3P9S9C5AZXR3UV9D5H86MT162,326.0,58ae991bd0350810b9ac379f661f5c75,skateboard,ShapeNet,a19d80304e26099e7394c987e5e211f0,skateboard,ShapeNet,False,skateboard/ShapeNet/a19d80304e26099e7394c987e5e211f0,skateboard/ShapeNet/58ae991bd0350810b9ac379f661f5c75,False,skateboard,skateboard,1,"['the', 'ends', 'of', 'the', 'deck', 'have', 'a', 'shallow', '-er', 'curve', 'upwards']",11,the ends of the deck have a shallow -er curve upwards,train,train,train,train,"[1, 10, 247, 38, 10, 1281, 84, 26, 713, 9, 43, 209, 2, 0, 0, 0, 0, 0]",deck
141693,user_948,The deck is wider,3634BBTX0QNCTYM0CUJJZAB7GIVFIP,56.0,c8aed131dd905c6e1082f2ea630bf69e,skateboard,ShapeNet,ff04077cb675226a1082f2ea630bf69e,skateboard,ShapeNet,False,skateboard/ShapeNet/ff04077cb675226a1082f2ea630bf69e,skateboard/ShapeNet/c8aed131dd905c6e1082f2ea630bf69e,True,skateboard,skateboard,1,"['the', 'deck', 'is', 'wide', '-er']",5,the deck is wide -er,train,train,train,train,"[1, 10, 1281, 7, 83, 9, 2, 0, 0, 0, 0, 0, 0, 0, 0, 0, 0, 0]",deck
141695,user_1992,The front of the deck has a slight flip,3SLE99ER0P68B7ZU7WL9GFNCXX5BZ0,67.0,c8aed131dd905c6e1082f2ea630bf69e,skateboard,ShapeNet,ff04077cb675226a1082f2ea630bf69e,skateboard,ShapeNet,False,skateboard/ShapeNet/ff04077cb675226a1082f2ea630bf69e,skateboard/ShapeNet/c8aed131dd905c6e1082f2ea630bf69e,True,skateboard,skateboard,1,"['the', 'front', 'of', 'the', 'deck', 'has', 'a', 'slight', 'flip']",9,the front of the deck has a slight flip,train,train,train,train,"[1, 10, 37, 38, 10, 1281, 24, 26, 160, 63, 2, 0, 0, 0, 0, 0, 0, 0]",deck
141696,user_156,Two groups of four holes can be seen drilled through its deck.,33SA9F9TRZN2OF69603SIJZFJTDEWE,127.0,ac5b849680f5e3791bb7158ebaf7e1c8,skateboard,ShapeNet,937c41b3d0d3a87fad1f278e1513f3b7,skateboard,ShapeNet,False,skateboard/ShapeNet/937c41b3d0d3a87fad1f278e1513f3b7,skateboard/ShapeNet/ac5b849680f5e3791bb7158ebaf7e1c8,False,skateboard,skateboard,1,"['two', 'groups', 'of', 'four', 'holes', 'can', 'be', 'seen', 'drilled', 'through', 'its', 'deck']",12,two groups of four holes can be seen drilled through its deck,test,train,test,train,"[1, 17, 3119, 38, 322, 234, 1168, 204, 874, 3886, 1140, 5, 1281, 2, 0, 0, 0, 0]",deck
141697,user_203,The wheel diameter is greater.,3TK8OJTYM3ET6HVUP4E7QTF5QQFPV0,41.0,ac5b849680f5e3791bb7158ebaf7e1c8,skateboard,ShapeNet,937c41b3d0d3a87fad1f278e1513f3b7,skateboard,ShapeNet,False,skateboard/ShapeNet/937c41b3d0d3a87fad1f278e1513f3b7,skateboard/ShapeNet/ac5b849680f5e3791bb7158ebaf7e1c8,False,skateboard,skateboard,1,"['the', 'wheel', 'diameter', 'is', 'great', '-er']",6,the wheel diameter is great -er,test,train,test,train,"[1, 10, 544, 268, 7, 188, 9, 2, 0, 0, 0, 0, 0, 0, 0, 0, 0, 0]",wheel
141698,user_1246,It has wider wheels,3TMFV4NEPA7LFEWITXHSQ93T8PG8W8,34.0,ac5b849680f5e3791bb7158ebaf7e1c8,skateboard,ShapeNet,937c41b3d0d3a87fad1f278e1513f3b7,skateboard,ShapeNet,False,skateboard/ShapeNet/937c41b3d0d3a87fad1f278e1513f3b7,skateboard/ShapeNet/ac5b849680f5e3791bb7158ebaf7e1c8,False,skateboard,skateboard,1,"['it', 'has', 'wide', '-er', 'wheels']",5,it has wide -er wheels,test,train,test,train,"[1, 23, 24, 83, 9, 1013, 2, 0, 0, 0, 0, 0, 0, 0, 0, 0, 0, 0]",wheel
141699,user_203,The wheels are not connected to axles.,3LOTDFNYA9SUUT651BNY01KFVTTWFD,70.0,70c8f82bf6a6fef2db8b0e67801ff73a,skateboard,ShapeNet,36755d38d12e80c0702c58bc53d1e55f,skateboard,ShapeNet,False,skateboard/ShapeNet/36755d38d12e80c0702c58bc53d1e55f,skateboard/ShapeNet/70c8f82bf6a6fef2db8b0e67801ff73a,False,skateboard,skateboard,1,"['the', 'wheels', 'are', 'not', 'connected', 'to', 'axles']",7,the wheels are not connected to axles,train,train,train,train,"[1, 10, 1013, 16, 40, 127, 58, 1605, 2, 0, 0, 0, 0, 0, 0, 0, 0, 0]",wheel
141701,user_1644,there are no wheels,3STRJBFXOYKDIYUP7H9KTU5LZVTKTE,47.0,70c8f82bf6a6fef2db8b0e67801ff73a,skateboard,ShapeNet,36755d38d12e80c0702c58bc53d1e55f,skateboard,ShapeNet,False,skateboard/ShapeNet/36755d38d12e80c0702c58bc53d1e55f,skateboard/ShapeNet/70c8f82bf6a6fef2db8b0e67801ff73a,False,skateboard,skateboard,1,"['there', 'are', 'no', 'wheels']",4,there are no wheels,train,train,train,train,"[1, 15, 16, 123, 1013, 2, 0, 0, 0, 0, 0, 0, 0, 0, 0, 0, 0, 0]",wheel
141702,user_1357,The board is thicker,3X08E93BHXB0HLYO907Q818PETO66C,38.0,fb1ad690d8befb5a74bfd4c8606b795,skateboard,ShapeNet,6e76a333d9fc9a2972e15b580d9a5b3,skateboard,ShapeNet,False,skateboard/ShapeNet/6e76a333d9fc9a2972e15b580d9a5b3,skateboard/ShapeNet/fb1ad690d8befb5a74bfd4c8606b795,True,skateboard,skateboard,1,"['the', 'board', 'is', 'thick', '-er']",5,the board is thick -er,test,train,test,train,"[1, 10, 948, 7, 54, 9, 2, 0, 0, 0, 0, 0, 0, 0, 0, 0, 0, 0]",deck
141703,user_1392,The trucks are solid.,32Q90QCQ1UEBTFCSHMKPU85KWL7EKJ,30.0,fb1ad690d8befb5a74bfd4c8606b795,skateboard,ShapeNet,6e76a333d9fc9a2972e15b580d9a5b3,skateboard,ShapeNet,False,skateboard/ShapeNet/6e76a333d9fc9a2972e15b580d9a5b3,skateboard/ShapeNet/fb1ad690d8befb5a74bfd4c8606b795,True,skateboard,skateboard,1,"['the', 'trucks', 'are', 'solid']",4,the trucks are solid,test,train,test,train,"[1, 10, 1595, 16, 291, 2, 0, 0, 0, 0, 0, 0, 0, 0, 0, 0, 0, 0]",truck
141704,user_1644,the board is thicker,3A0EX8ZRNAH86HPPBAJQ28EAR32BYA,163.0,fb1ad690d8befb5a74bfd4c8606b795,skateboard,ShapeNet,6e76a333d9fc9a2972e15b580d9a5b3,skateboard,ShapeNet,False,skateboard/ShapeNet/6e76a333d9fc9a2972e15b580d9a5b3,skateboard/ShapeNet/fb1ad690d8befb5a74bfd4c8606b795,True,skateboard,skateboard,1,"['the', 'board', 'is', 'thick', '-er']",5,the board is thick -er,test,train,test,train,"[1, 10, 948, 7, 54, 9, 2, 0, 0, 0, 0, 0, 0, 0, 0, 0, 0, 0]",deck
141705,user_156,Its deck has a concave section in its center.,3FIUS151DXV4B7C0XQPYWJY32LHGGD,38.0,776eaffd7cbe7bc6b9e8bdc9c4a49aa2,skateboard,ShapeNet,344e9402d06bd94031145076011658c5,skateboard,ShapeNet,False,skateboard/ShapeNet/344e9402d06bd94031145076011658c5,skateboard/ShapeNet/776eaffd7cbe7bc6b9e8bdc9c4a49aa2,False,skateboard,skateboard,1,"['its', 'deck', 'has', 'a', 'concave', 'section', 'in', 'its', 'center']",9,its deck has a concave section in its center,train,train,train,train,"[1, 5, 1281, 24, 26, 390, 354, 90, 5, 165, 2, 0, 0, 0, 0, 0, 0, 0]",deck
141706,user_468,the wheels are larger in diamet3er,3W92K5RLWWAPD7DB5P5TSNAOZQFV5L,69.0,776eaffd7cbe7bc6b9e8bdc9c4a49aa2,skateboard,ShapeNet,344e9402d06bd94031145076011658c5,skateboard,ShapeNet,False,skateboard/ShapeNet/344e9402d06bd94031145076011658c5,skateboard/ShapeNet/776eaffd7cbe7bc6b9e8bdc9c4a49aa2,False,skateboard,skateboard,1,"['the', 'wheels', 'are', 'large', '-er', 'in', 'diameter']",7,the wheels are large -er in diameter,train,train,train,train,"[1, 10, 1013, 16, 94, 9, 90, 268, 2, 0, 0, 0, 0, 0, 0, 0, 0, 0]",wheel
141707,user_1357,The deck is thinner,3P59JYT76NDI1IQZIB3GTYJRIW32T8,34.0,776eaffd7cbe7bc6b9e8bdc9c4a49aa2,skateboard,ShapeNet,344e9402d06bd94031145076011658c5,skateboard,ShapeNet,False,skateboard/ShapeNet/344e9402d06bd94031145076011658c5,skateboard/ShapeNet/776eaffd7cbe7bc6b9e8bdc9c4a49aa2,False,skateboard,skateboard,1,"['the', 'deck', 'is', 'thin', '-er']",5,the deck is thin -er,train,train,train,train,"[1, 10, 1281, 7, 60, 9, 2, 0, 0, 0, 0, 0, 0, 0, 0, 0, 0, 0]",deck
141708,user_948,The deck is wider,386CSBG1O1FTR3H8O9LOE6PGEYLQ6M,24.0,f5d7698b5a57d61226e0640b67de606,skateboard,ShapeNet,591971ce679ca4b93ad38b993d9e745f,skateboard,ShapeNet,False,skateboard/ShapeNet/591971ce679ca4b93ad38b993d9e745f,skateboard/ShapeNet/f5d7698b5a57d61226e0640b67de606,False,skateboard,skateboard,1,"['the', 'deck', 'is', 'wide', '-er']",5,the deck is wide -er,train,train,train,train,"[1, 10, 1281, 7, 83, 9, 2, 0, 0, 0, 0, 0, 0, 0, 0, 0, 0, 0]",deck
141710,user_1644,the board is shorter,3DY46V3X3RB8FDYWZYNGOPGPM2C55N,50.0,f5d7698b5a57d61226e0640b67de606,skateboard,ShapeNet,591971ce679ca4b93ad38b993d9e745f,skateboard,ShapeNet,False,skateboard/ShapeNet/591971ce679ca4b93ad38b993d9e745f,skateboard/ShapeNet/f5d7698b5a57d61226e0640b67de606,False,skateboard,skateboard,1,"['the', 'board', 'is', 'short', '-er']",5,the board is short -er,train,train,train,train,"[1, 10, 948, 7, 8, 9, 2, 0, 0, 0, 0, 0, 0, 0, 0, 0, 0, 0]",deck
141713,user_1796,The truck hanger is skinnier.,3FTF2T8WLTBLTJFSYPN6Q5Y4SVXW9K,52.0,ac2b6924a60a7a87aa4f69d519551495,skateboard,ShapeNet,abdc4a823b1f78c397f47f3057557cbe,skateboard,ShapeNet,False,skateboard/ShapeNet/abdc4a823b1f78c397f47f3057557cbe,skateboard/ShapeNet/ac2b6924a60a7a87aa4f69d519551495,True,skateboard,skateboard,1,"['the', 'truck', 'hanger', 'is', 'skinny', '-er']",6,the truck hanger is skinny -er,train,train,train,train,"[1, 10, 1606, 1654, 7, 282, 9, 2, 0, 0, 0, 0, 0, 0, 0, 0, 0, 0]",truck
141714,user_1633,The target's deck is shorter.,32M8BPYGAVFI7YIVNEP1HVBJHXSIGO,20.0,7a00dee660ee94f5dfa6594bd6ded322,skateboard,ShapeNet,e314be67e02df59c520f00c860557591,skateboard,ShapeNet,False,skateboard/ShapeNet/e314be67e02df59c520f00c860557591,skateboard/ShapeNet/7a00dee660ee94f5dfa6594bd6ded322,False,skateboard,skateboard,1,"['the', 'target', ""'s"", 'deck', 'is', 'short', '-er']",7,the target 's deck is short -er,train,train,train,train,"[1, 10, 11, 12, 1281, 7, 8, 9, 2, 0, 0, 0, 0, 0, 0, 0, 0, 0]",deck
141715,user_1644,the wheels are bigger,382M9COHEJ8PWBH4B0OR0VEIYC3EUE,79.0,7a00dee660ee94f5dfa6594bd6ded322,skateboard,ShapeNet,e314be67e02df59c520f00c860557591,skateboard,ShapeNet,False,skateboard/ShapeNet/e314be67e02df59c520f00c860557591,skateboard/ShapeNet/7a00dee660ee94f5dfa6594bd6ded322,False,skateboard,skateboard,1,"['the', 'wheels', 'are', 'big', '-er']",5,the wheels are big -er,train,train,train,train,"[1, 10, 1013, 16, 320, 9, 2, 0, 0, 0, 0, 0, 0, 0, 0, 0, 0, 0]",wheel
141719,user_1796,Has a thicker deck board.,3QRYMNZ7F0AEQ4FS4U10LMMPTQWNTK,55.0,f5d7698b5a57d61226e0640b67de606,skateboard,ShapeNet,d303055e96cd59949da15808191f1405,skateboard,ShapeNet,False,skateboard/ShapeNet/d303055e96cd59949da15808191f1405,skateboard/ShapeNet/f5d7698b5a57d61226e0640b67de606,False,skateboard,skateboard,1,"['has', 'a', 'thick', '-er', 'deck', 'board']",6,has a thick -er deck board,test,train,test,train,"[1, 24, 26, 54, 9, 1281, 948, 2, 0, 0, 0, 0, 0, 0, 0, 0, 0, 0]",deck
141723,user_156,Its deck does not taper towards both ends.,39U1BHVTDNK7M0MIMBHLC8OJOA7T3E,217.0,871516a54b6c8689615c01c6c616fbc8,skateboard,ShapeNet,ff04077cb675226a1082f2ea630bf69e,skateboard,ShapeNet,False,skateboard/ShapeNet/ff04077cb675226a1082f2ea630bf69e,skateboard/ShapeNet/871516a54b6c8689615c01c6c616fbc8,False,skateboard,skateboard,1,"['its', 'deck', 'does', 'not', 'taper', 'towards', 'both', 'ends']",8,its deck does not taper towards both ends,train,train,train,train,"[1, 5, 1281, 39, 40, 753, 382, 470, 247, 2, 0, 0, 0, 0, 0, 0, 0, 0]",deck
141724,user_203,The deck is wider.,3JNQLM5FT6FUI5IU921P779AOJWL23,62.0,871516a54b6c8689615c01c6c616fbc8,skateboard,ShapeNet,ff04077cb675226a1082f2ea630bf69e,skateboard,ShapeNet,False,skateboard/ShapeNet/ff04077cb675226a1082f2ea630bf69e,skateboard/ShapeNet/871516a54b6c8689615c01c6c616fbc8,False,skateboard,skateboard,1,"['the', 'deck', 'is', 'wide', '-er']",5,the deck is wide -er,train,train,train,train,"[1, 10, 1281, 7, 83, 9, 2, 0, 0, 0, 0, 0, 0, 0, 0, 0, 0, 0]",deck
141725,user_1030,Wide taper on back of deck,3TE22NPXPD58NBQW7OLWE54XMAL44B,52.0,871516a54b6c8689615c01c6c616fbc8,skateboard,ShapeNet,ff04077cb675226a1082f2ea630bf69e,skateboard,ShapeNet,False,skateboard/ShapeNet/ff04077cb675226a1082f2ea630bf69e,skateboard/ShapeNet/871516a54b6c8689615c01c6c616fbc8,False,skateboard,skateboard,1,"['wide', 'taper', 'on', 'back', 'of', 'deck']",6,wide taper on back of deck,train,train,train,train,"[1, 83, 753, 20, 183, 38, 1281, 2, 0, 0, 0, 0, 0, 0, 0, 0, 0, 0]",deck
141729,user_323,The target deck is flared on the back side,3W92K5RLWWAPD7DB5P5TSNAOZVOV54,64.0,871516a54b6c8689615c01c6c616fbc8,skateboard,ShapeNet,d041334fe322ed211082f2ea630bf69e,skateboard,ShapeNet,False,skateboard/ShapeNet/d041334fe322ed211082f2ea630bf69e,skateboard/ShapeNet/871516a54b6c8689615c01c6c616fbc8,False,skateboard,skateboard,1,"['the', 'target', 'deck', 'is', 'flared', 'on', 'the', 'back', 'side']",9,the target deck is flared on the back side,train,train,train,train,"[1, 10, 11, 1281, 7, 569, 20, 10, 183, 22, 2, 0, 0, 0, 0, 0, 0, 0]",deck
141732,user_410,The wheels are larger.,3VZLGYJEYN3FOA2VCSDR5CE4G1QXZU,88.0,7a00dee660ee94f5dfa6594bd6ded322,skateboard,ShapeNet,792953b4101753c6ed3696d854eee1ec,skateboard,ShapeNet,False,skateboard/ShapeNet/792953b4101753c6ed3696d854eee1ec,skateboard/ShapeNet/7a00dee660ee94f5dfa6594bd6ded322,False,skateboard,skateboard,1,"['the', 'wheels', 'are', 'large', '-er']",5,the wheels are large -er,train,train,train,train,"[1, 10, 1013, 16, 94, 9, 2, 0, 0, 0, 0, 0, 0, 0, 0, 0, 0, 0]",wheel
141734,user_1124,Target has a thicker truck angle,3IKZ72A5B6947ZXR9AWB4I7O2I7FNP,422.0,7a00dee660ee94f5dfa6594bd6ded322,skateboard,ShapeNet,792953b4101753c6ed3696d854eee1ec,skateboard,ShapeNet,False,skateboard/ShapeNet/792953b4101753c6ed3696d854eee1ec,skateboard/ShapeNet/7a00dee660ee94f5dfa6594bd6ded322,False,skateboard,skateboard,1,"['target', 'has', 'a', 'thick', '-er', 'truck', 'angle']",7,target has a thick -er truck angle,train,train,train,train,"[1, 11, 24, 26, 54, 9, 1606, 106, 2, 0, 0, 0, 0, 0, 0, 0, 0, 0]",truck
141739,user_1328,it doesn't have wheels,3JMSRU9HQKNP9Q64GQYWWHG1CJDVEL,215.0,9ac2d972bedd083342535d908ea693ac,skateboard,ShapeNet,1e5fd1de723cc66cbb1ed6d4d8526a19,skateboard,ShapeNet,False,skateboard/ShapeNet/1e5fd1de723cc66cbb1ed6d4d8526a19,skateboard/ShapeNet/9ac2d972bedd083342535d908ea693ac,False,skateboard,skateboard,1,"['it', 'does', 'not', 'have', 'wheels']",5,it does not have wheels,train,train,train,train,"[1, 23, 39, 40, 84, 1013, 2, 0, 0, 0, 0, 0, 0, 0, 0, 0, 0, 0]",wheel
141740,user_1357,The trucks are gone,3SLE99ER0P68B7ZU7WL9GFNCXY1ZBM,26.0,9ac2d972bedd083342535d908ea693ac,skateboard,ShapeNet,1e5fd1de723cc66cbb1ed6d4d8526a19,skateboard,ShapeNet,False,skateboard/ShapeNet/1e5fd1de723cc66cbb1ed6d4d8526a19,skateboard/ShapeNet/9ac2d972bedd083342535d908ea693ac,False,skateboard,skateboard,1,"['the', 'trucks', 'are', 'gone']",4,the trucks are gone,train,train,train,train,"[1, 10, 1595, 16, 1592, 2, 0, 0, 0, 0, 0, 0, 0, 0, 0, 0, 0, 0]",truck
141741,user_203,The deck is deeper.,3NLZY2D53RIBAOKFBDRQ3P7D4OWLQ1,922.0,ee1e75f67edf37707f29c61065b4dc5a,skateboard,ShapeNet,b2dc96e7d45797f69a58f604ee2cbadf,skateboard,ShapeNet,False,skateboard/ShapeNet/b2dc96e7d45797f69a58f604ee2cbadf,skateboard/ShapeNet/ee1e75f67edf37707f29c61065b4dc5a,True,skateboard,skateboard,1,"['the', 'deck', 'is', 'deep', '-er']",5,the deck is deep -er,train,train,train,train,"[1, 10, 1281, 7, 573, 9, 2, 0, 0, 0, 0, 0, 0, 0, 0, 0, 0, 0]",deck
141742,user_323,The truck hangers on the target are way thicker and shorter,30H4UDGLT4BAGU1LBCDG3XWSZX3PMJ,242.0,ee1e75f67edf37707f29c61065b4dc5a,skateboard,ShapeNet,b2dc96e7d45797f69a58f604ee2cbadf,skateboard,ShapeNet,False,skateboard/ShapeNet/b2dc96e7d45797f69a58f604ee2cbadf,skateboard/ShapeNet/ee1e75f67edf37707f29c61065b4dc5a,True,skateboard,skateboard,1,"['the', 'truck', 'hangers', 'on', 'the', 'target', 'are', 'way', 'thick', '-er', 'and', 'short', '-er']",13,the truck hangers on the target are way thick -er and short -er,train,train,train,train,"[1, 10, 1606, 1607, 20, 10, 11, 16, 471, 54, 9, 47, 8, 9, 2, 0, 0, 0]",truck
141743,user_1644,the board is shorter,3KWTYT0872WMH21HRL3N5ECM8SC5LB,119.0,ee1e75f67edf37707f29c61065b4dc5a,skateboard,ShapeNet,b2dc96e7d45797f69a58f604ee2cbadf,skateboard,ShapeNet,False,skateboard/ShapeNet/b2dc96e7d45797f69a58f604ee2cbadf,skateboard/ShapeNet/ee1e75f67edf37707f29c61065b4dc5a,True,skateboard,skateboard,1,"['the', 'board', 'is', 'short', '-er']",5,the board is short -er,train,train,train,train,"[1, 10, 948, 7, 8, 9, 2, 0, 0, 0, 0, 0, 0, 0, 0, 0, 0, 0]",deck
141744,user_948,The wheels are bigger,3CCZ6YKWR9CRG0082O0X05LR8YU95H,36.0,9ac2d972bedd083342535d908ea693ac,skateboard,ShapeNet,98222a1e5f59f2098745e78dbc45802e,skateboard,ShapeNet,False,skateboard/ShapeNet/98222a1e5f59f2098745e78dbc45802e,skateboard/ShapeNet/9ac2d972bedd083342535d908ea693ac,True,skateboard,skateboard,1,"['the', 'wheels', 'are', 'big', '-er']",5,the wheels are big -er,val,train,val,train,"[1, 10, 1013, 16, 320, 9, 2, 0, 0, 0, 0, 0, 0, 0, 0, 0, 0, 0]",wheel
141746,user_2102,It curves up towards the rear after the back set of wheels.,34J10VATJHR9KNC9QAUDB9FLNK4IQM,91.0,9ac2d972bedd083342535d908ea693ac,skateboard,ShapeNet,98222a1e5f59f2098745e78dbc45802e,skateboard,ShapeNet,False,skateboard/ShapeNet/98222a1e5f59f2098745e78dbc45802e,skateboard/ShapeNet/9ac2d972bedd083342535d908ea693ac,True,skateboard,skateboard,1,"['it', 'curves', 'up', 'towards', 'the', 'rear', 'after', 'the', 'back', 'set', 'of', 'wheels']",12,it curves up towards the rear after the back set of wheels,val,train,val,train,"[1, 23, 156, 269, 382, 10, 1188, 4012, 10, 183, 1603, 38, 1013, 2, 0, 0, 0, 0]",wheel
141748,user_468,There are no visible hardware holes on the top of the board,34X6J5FLPVR5FYWF8SFDNAUL0ZUJQ0,49.0,8310154df085baf3e3cfaa4e6977fab6,skateboard,ShapeNet,5fba47ad66c45cd113314092564c13fd,skateboard,ShapeNet,False,skateboard/ShapeNet/5fba47ad66c45cd113314092564c13fd,skateboard/ShapeNet/8310154df085baf3e3cfaa4e6977fab6,True,skateboard,skateboard,1,"['there', 'are', 'no', 'visible', 'hardware', 'holes', 'on', 'the', 'top', 'of', 'the', 'board']",12,there are no visible hardware holes on the top of the board,train,train,train,train,"[1, 15, 16, 123, 185, 1602, 234, 20, 10, 99, 38, 10, 948, 2, 0, 0, 0, 0]",deck
141751,user_883,The deck is flat.,3D4CH1LGECMPWXPSJKJO42CGY799G0,71.0,b6074c8d74b58d31ef566954f332b813,skateboard,ShapeNet,efdc98987203bafb183fac288c6ded1a,skateboard,ShapeNet,False,skateboard/ShapeNet/efdc98987203bafb183fac288c6ded1a,skateboard/ShapeNet/b6074c8d74b58d31ef566954f332b813,True,skateboard,skateboard,1,"['the', 'deck', 'is', 'flat']",4,the deck is flat,val,train,val,train,"[1, 10, 1281, 7, 129, 2, 0, 0, 0, 0, 0, 0, 0, 0, 0, 0, 0, 0]",deck
141753,user_1205,Its board is doesn't curve up as high,3QJOXOW4XLK6J3CV2YX59LXOLQZEML,45.0,710467261256490ce1bed90743417b0c,skateboard,ShapeNet,95c69877104059fd1389cf37af584e4b,skateboard,ShapeNet,False,skateboard/ShapeNet/95c69877104059fd1389cf37af584e4b,skateboard/ShapeNet/710467261256490ce1bed90743417b0c,True,skateboard,skateboard,1,"['its', 'board', 'is', 'does', 'not', 'curve', 'up', 'as', 'high']",9,its board is does not curve up as high,train,train,train,train,"[1, 5, 948, 7, 39, 40, 43, 269, 52, 49, 2, 0, 0, 0, 0, 0, 0, 0]",deck
141754,user_1644,the wheels are smaller,3JRJSWSMQJE5XH4LWGSQDMOILZKE37,54.0,710467261256490ce1bed90743417b0c,skateboard,ShapeNet,95c69877104059fd1389cf37af584e4b,skateboard,ShapeNet,False,skateboard/ShapeNet/95c69877104059fd1389cf37af584e4b,skateboard/ShapeNet/710467261256490ce1bed90743417b0c,True,skateboard,skateboard,1,"['the', 'wheels', 'are', 'small', '-er']",5,the wheels are small -er,train,train,train,train,"[1, 10, 1013, 16, 111, 9, 2, 0, 0, 0, 0, 0, 0, 0, 0, 0, 0, 0]",wheel
141755,user_1796,The wheels are rounder.,3WQ3B2KGEA9BGBEMZLCHOL30KIS1B1,100.0,710467261256490ce1bed90743417b0c,skateboard,ShapeNet,95c69877104059fd1389cf37af584e4b,skateboard,ShapeNet,False,skateboard/ShapeNet/95c69877104059fd1389cf37af584e4b,skateboard/ShapeNet/710467261256490ce1bed90743417b0c,True,skateboard,skateboard,1,"['the', 'wheels', 'are', 'round', '-er']",5,the wheels are round -er,train,train,train,train,"[1, 10, 1013, 16, 134, 9, 2, 0, 0, 0, 0, 0, 0, 0, 0, 0, 0, 0]",wheel
141756,user_323,The target has smaller and more narrow wheels.,3FDJT1UU761BXWJZ6LRMQEZ7JS7K5N,192.0,fc5c4986b2661d848fc8944fc8bfc667,skateboard,ShapeNet,8ae2871e13786052f42b80606c2f3752,skateboard,ShapeNet,False,skateboard/ShapeNet/8ae2871e13786052f42b80606c2f3752,skateboard/ShapeNet/fc5c4986b2661d848fc8944fc8bfc667,False,skateboard,skateboard,1,"['the', 'target', 'has', 'small', '-er', 'and', 'more', 'narrow', 'wheels']",9,the target has small -er and more narrow wheels,train,train,train,train,"[1, 10, 11, 24, 111, 9, 47, 34, 210, 1013, 2, 0, 0, 0, 0, 0, 0, 0]",wheel
141757,user_1246,The wheels are sharper,3B2X28YI3Y86NXFJ5ROYJHUHST8B69,37.0,fc5c4986b2661d848fc8944fc8bfc667,skateboard,ShapeNet,8ae2871e13786052f42b80606c2f3752,skateboard,ShapeNet,False,skateboard/ShapeNet/8ae2871e13786052f42b80606c2f3752,skateboard/ShapeNet/fc5c4986b2661d848fc8944fc8bfc667,False,skateboard,skateboard,1,"['the', 'wheels', 'are', 'sharp', '-er']",5,the wheels are sharp -er,train,train,train,train,"[1, 10, 1013, 16, 206, 9, 2, 0, 0, 0, 0, 0, 0, 0, 0, 0, 0, 0]",wheel
141758,user_1298,The front of the deck is flatter.,3BDCF01OGZNKJQB12N8KGBAF3XGLY7,36.0,fc5c4986b2661d848fc8944fc8bfc667,skateboard,ShapeNet,8ae2871e13786052f42b80606c2f3752,skateboard,ShapeNet,False,skateboard/ShapeNet/8ae2871e13786052f42b80606c2f3752,skateboard/ShapeNet/fc5c4986b2661d848fc8944fc8bfc667,False,skateboard,skateboard,1,"['the', 'front', 'of', 'the', 'deck', 'is', 'flat', '-er']",8,the front of the deck is flat -er,train,train,train,train,"[1, 10, 37, 38, 10, 1281, 7, 129, 9, 2, 0, 0, 0, 0, 0, 0, 0, 0]",deck
141759,user_203,It has more wheels.,386CSBG1O1FTR3H8O9LOE6PGET96QG,168.0,d4abd88611997d2cc4647061c0a60dc9,skateboard,ShapeNet,79288e2c98c7be7c6e72f8cfa29d3672,skateboard,ShapeNet,False,skateboard/ShapeNet/79288e2c98c7be7c6e72f8cfa29d3672,skateboard/ShapeNet/d4abd88611997d2cc4647061c0a60dc9,True,skateboard,skateboard,1,"['it', 'has', 'more', 'wheels']",4,it has more wheels,train,train,train,train,"[1, 23, 24, 34, 1013, 2, 0, 0, 0, 0, 0, 0, 0, 0, 0, 0, 0, 0]",wheel
141760,user_948,The deck has grooves,3IHR8NYAM9UUC4CF58DKH3FSD6I4P3,74.0,d4abd88611997d2cc4647061c0a60dc9,skateboard,ShapeNet,79288e2c98c7be7c6e72f8cfa29d3672,skateboard,ShapeNet,False,skateboard/ShapeNet/79288e2c98c7be7c6e72f8cfa29d3672,skateboard/ShapeNet/d4abd88611997d2cc4647061c0a60dc9,True,skateboard,skateboard,1,"['the', 'deck', 'has', 'grooves']",4,the deck has grooves,train,train,train,train,"[1, 10, 1281, 24, 1426, 2, 0, 0, 0, 0, 0, 0, 0, 0, 0, 0, 0, 0]",deck
141762,user_468,The deck is not as curvier at the nose,358UUM7WR1WC74ADKYFGPAZH5QVR71,57.0,b2dc96e7d45797f69a58f604ee2cbadf,skateboard,ShapeNet,2085eac3fc071dd47292d1029e5a9853,skateboard,ShapeNet,False,skateboard/ShapeNet/2085eac3fc071dd47292d1029e5a9853,skateboard/ShapeNet/b2dc96e7d45797f69a58f604ee2cbadf,False,skateboard,skateboard,1,"['the', 'deck', 'is', 'not', 'as', 'curvy', '-er', 'at', 'the', 'nose']",10,the deck is not as curvy -er at the nose,train,train,train,train,"[1, 10, 1281, 7, 40, 52, 179, 9, 98, 10, 1593, 2, 0, 0, 0, 0, 0, 0]",deck
141763,user_984,It has two different types of trucks,33LKR6A5KGDBCX83Z732OF9MQPS1TR,114.0,b2dc96e7d45797f69a58f604ee2cbadf,skateboard,ShapeNet,2085eac3fc071dd47292d1029e5a9853,skateboard,ShapeNet,False,skateboard/ShapeNet/2085eac3fc071dd47292d1029e5a9853,skateboard/ShapeNet/b2dc96e7d45797f69a58f604ee2cbadf,False,skateboard,skateboard,1,"['it', 'has', 'two', 'different', 'types', 'of', 'trucks']",7,it has two different types of trucks,train,train,train,train,"[1, 23, 24, 17, 306, 1655, 38, 1595, 2, 0, 0, 0, 0, 0, 0, 0, 0, 0]",truck
141764,user_1030,Fatter wheels,3PDJHANYK79GEAI55JYU5SXFN6D6HK,70.0,b2dc96e7d45797f69a58f604ee2cbadf,skateboard,ShapeNet,2085eac3fc071dd47292d1029e5a9853,skateboard,ShapeNet,False,skateboard/ShapeNet/2085eac3fc071dd47292d1029e5a9853,skateboard/ShapeNet/b2dc96e7d45797f69a58f604ee2cbadf,False,skateboard,skateboard,1,"['fat', '-er', 'wheels']",3,fat -er wheels,train,train,train,train,"[1, 866, 9, 1013, 2, 0, 0, 0, 0, 0, 0, 0, 0, 0, 0, 0, 0, 0]",wheel
141767,user_1298,The board is more elevated.,3R2UR8A0IC93P6OOAJ2APE70WWROXL,28.0,f74a5dfc0094e2d5561dce3fe08634b7,skateboard,ShapeNet,94fc692e0518c0b0537d393009a79347,skateboard,ShapeNet,False,skateboard/ShapeNet/94fc692e0518c0b0537d393009a79347,skateboard/ShapeNet/f74a5dfc0094e2d5561dce3fe08634b7,True,skateboard,skateboard,1,"['the', 'board', 'is', 'more', 'elevated']",5,the board is more elevated,train,train,train,train,"[1, 10, 948, 7, 34, 1667, 2, 0, 0, 0, 0, 0, 0, 0, 0, 0, 0, 0]",deck
141768,user_156,Its deck is symmetrical.,3HL8HNGX47UJIXTX80D6MHC4XT9F99,36.0,ff04077cb675226a1082f2ea630bf69e,skateboard,ShapeNet,dcb9a62d5ef76f389da15808191f1405,skateboard,ShapeNet,False,skateboard/ShapeNet/dcb9a62d5ef76f389da15808191f1405,skateboard/ShapeNet/ff04077cb675226a1082f2ea630bf69e,True,skateboard,skateboard,1,"['its', 'deck', 'is', 'symmetrical']",4,its deck is symmetrical,train,train,train,train,"[1, 5, 1281, 7, 489, 2, 0, 0, 0, 0, 0, 0, 0, 0, 0, 0, 0, 0]",deck
141769,user_426,There is no upward tilt on the rear part of the deck,30MVJZJNHO6ZNZFTRQ4R1F4WQZQJ9E,110.0,ff04077cb675226a1082f2ea630bf69e,skateboard,ShapeNet,dcb9a62d5ef76f389da15808191f1405,skateboard,ShapeNet,False,skateboard/ShapeNet/dcb9a62d5ef76f389da15808191f1405,skateboard/ShapeNet/ff04077cb675226a1082f2ea630bf69e,True,skateboard,skateboard,1,"['there', 'is', 'no', 'upward', 'tilt', 'on', 'the', 'rear', 'part', 'of', 'the', 'deck']",12,there is no upward tilt on the rear part of the deck,train,train,train,train,"[1, 15, 7, 123, 79, 2532, 20, 10, 1188, 311, 38, 10, 1281, 2, 0, 0, 0, 0]",deck
141770,user_1246,The wheels are wider in diameter,3R3YRB5GRHWM6Y0SVVM54CORDX4AUE,30.0,ff04077cb675226a1082f2ea630bf69e,skateboard,ShapeNet,dcb9a62d5ef76f389da15808191f1405,skateboard,ShapeNet,False,skateboard/ShapeNet/dcb9a62d5ef76f389da15808191f1405,skateboard/ShapeNet/ff04077cb675226a1082f2ea630bf69e,True,skateboard,skateboard,1,"['the', 'wheels', 'are', 'wide', '-er', 'in', 'diameter']",7,the wheels are wide -er in diameter,train,train,train,train,"[1, 10, 1013, 16, 83, 9, 90, 268, 2, 0, 0, 0, 0, 0, 0, 0, 0, 0]",wheel
141771,user_948,The deck is wider,3WAKVUDHUY94NW2UOSALULM1CPYU77,60.0,234b2d3aae0b3c44b17369c768229699,skateboard,ShapeNet,c171d90db4c4ba56cdb1768065dafd0c,skateboard,ShapeNet,False,skateboard/ShapeNet/c171d90db4c4ba56cdb1768065dafd0c,skateboard/ShapeNet/234b2d3aae0b3c44b17369c768229699,False,skateboard,skateboard,1,"['the', 'deck', 'is', 'wide', '-er']",5,the deck is wide -er,train,train,train,train,"[1, 10, 1281, 7, 83, 9, 2, 0, 0, 0, 0, 0, 0, 0, 0, 0, 0, 0]",deck
141772,user_1633,The target's wheels are larger.,3U5NZHP4LTVOOG0AKFX3BSOWIB4HP2,23.0,234b2d3aae0b3c44b17369c768229699,skateboard,ShapeNet,c171d90db4c4ba56cdb1768065dafd0c,skateboard,ShapeNet,False,skateboard/ShapeNet/c171d90db4c4ba56cdb1768065dafd0c,skateboard/ShapeNet/234b2d3aae0b3c44b17369c768229699,False,skateboard,skateboard,1,"['the', 'target', ""'s"", 'wheels', 'are', 'large', '-er']",7,the target 's wheels are large -er,train,train,train,train,"[1, 10, 11, 12, 1013, 16, 94, 9, 2, 0, 0, 0, 0, 0, 0, 0, 0, 0]",wheel
141773,user_1644,the wheels are larger,3FIUS151DXV4B7C0XQPYWJY32K3GGX,27.0,234b2d3aae0b3c44b17369c768229699,skateboard,ShapeNet,c171d90db4c4ba56cdb1768065dafd0c,skateboard,ShapeNet,False,skateboard/ShapeNet/c171d90db4c4ba56cdb1768065dafd0c,skateboard/ShapeNet/234b2d3aae0b3c44b17369c768229699,False,skateboard,skateboard,1,"['the', 'wheels', 'are', 'large', '-er']",5,the wheels are large -er,train,train,train,train,"[1, 10, 1013, 16, 94, 9, 2, 0, 0, 0, 0, 0, 0, 0, 0, 0, 0, 0]",wheel
141774,user_156,Its deck is raised at the back end.,3EO896NRAYOI7EO7PW98SF58K8VJTK,50.0,871516a54b6c8689615c01c6c616fbc8,skateboard,ShapeNet,bebaf2c5077b901e92ba7d308c045fd8,skateboard,ShapeNet,False,skateboard/ShapeNet/bebaf2c5077b901e92ba7d308c045fd8,skateboard/ShapeNet/871516a54b6c8689615c01c6c616fbc8,True,skateboard,skateboard,1,"['its', 'deck', 'is', 'raised', 'at', 'the', 'back', 'end']",8,its deck is raised at the back end,train,train,train,train,"[1, 5, 1281, 7, 681, 98, 10, 183, 74, 2, 0, 0, 0, 0, 0, 0, 0, 0]",deck
141775,user_1298,The deck is flatter and less curved.,3XCC1ODXDN4MDMFSGXOMP1GCAGORQ0,68.0,871516a54b6c8689615c01c6c616fbc8,skateboard,ShapeNet,bebaf2c5077b901e92ba7d308c045fd8,skateboard,ShapeNet,False,skateboard/ShapeNet/bebaf2c5077b901e92ba7d308c045fd8,skateboard/ShapeNet/871516a54b6c8689615c01c6c616fbc8,True,skateboard,skateboard,1,"['the', 'deck', 'is', 'flat', '-er', 'and', 'less', 'curved']",8,the deck is flat -er and less curved,train,train,train,train,"[1, 10, 1281, 7, 129, 9, 47, 229, 51, 2, 0, 0, 0, 0, 0, 0, 0, 0]",deck
141776,user_1815,"Notch in one side of deck, oval design in the other",33LKR6A5KGDBCX83Z732OF9MQRV1TY,88.0,871516a54b6c8689615c01c6c616fbc8,skateboard,ShapeNet,bebaf2c5077b901e92ba7d308c045fd8,skateboard,ShapeNet,False,skateboard/ShapeNet/bebaf2c5077b901e92ba7d308c045fd8,skateboard/ShapeNet/871516a54b6c8689615c01c6c616fbc8,True,skateboard,skateboard,1,"['notch', 'in', 'one', 'side', 'of', 'deck', 'oval', 'design', 'in', 'the', 'other']",11,notch in one side of deck oval design in the other,train,train,train,train,"[1, 1584, 90, 19, 22, 38, 1281, 130, 192, 90, 10, 396, 2, 0, 0, 0, 0, 0]",deck
141777,user_719,The truck axles are thinner.,3R6BYFZZP959JTBVBGJK2KYM4YHXFV,189.0,94fc692e0518c0b0537d393009a79347,skateboard,ShapeNet,70c8f82bf6a6fef2db8b0e67801ff73a,skateboard,ShapeNet,False,skateboard/ShapeNet/70c8f82bf6a6fef2db8b0e67801ff73a,skateboard/ShapeNet/94fc692e0518c0b0537d393009a79347,True,skateboard,skateboard,1,"['the', 'truck', 'axles', 'are', 'thin', '-er']",6,the truck axles are thin -er,train,train,train,train,"[1, 10, 1606, 1605, 16, 60, 9, 2, 0, 0, 0, 0, 0, 0, 0, 0, 0, 0]",truck
141778,user_1815,Deck is wider,3OVHNO1VE8U1Q4XELSCFB5BC0KKDZG,54.0,94fc692e0518c0b0537d393009a79347,skateboard,ShapeNet,70c8f82bf6a6fef2db8b0e67801ff73a,skateboard,ShapeNet,False,skateboard/ShapeNet/70c8f82bf6a6fef2db8b0e67801ff73a,skateboard/ShapeNet/94fc692e0518c0b0537d393009a79347,True,skateboard,skateboard,1,"['deck', 'is', 'wide', '-er']",4,deck is wide -er,train,train,train,train,"[1, 1281, 7, 83, 9, 2, 0, 0, 0, 0, 0, 0, 0, 0, 0, 0, 0, 0]",deck
141779,user_2044,The truck axle is less thin.,3DUZQ9U6SOHQJ9BMHLI1LYKGDCNVSR,36.0,94fc692e0518c0b0537d393009a79347,skateboard,ShapeNet,70c8f82bf6a6fef2db8b0e67801ff73a,skateboard,ShapeNet,False,skateboard/ShapeNet/70c8f82bf6a6fef2db8b0e67801ff73a,skateboard/ShapeNet/94fc692e0518c0b0537d393009a79347,True,skateboard,skateboard,1,"['the', 'truck', 'axle', 'is', 'less', 'thin']",6,the truck axle is less thin,train,train,train,train,"[1, 10, 1606, 1613, 7, 229, 60, 2, 0, 0, 0, 0, 0, 0, 0, 0, 0, 0]",truck
141784,user_1633,The target's deck is narrower.,3JPSL1DZ5US9B8GJYUAJQHWX519NAX,30.0,732270ac7e23d610e62bec48c266b5c6,skateboard,ShapeNet,1510427efa80c92b11c7049de48f3618,skateboard,ShapeNet,False,skateboard/ShapeNet/1510427efa80c92b11c7049de48f3618,skateboard/ShapeNet/732270ac7e23d610e62bec48c266b5c6,True,skateboard,skateboard,1,"['the', 'target', ""'s"", 'deck', 'is', 'narrow', '-er']",7,the target 's deck is narrow -er,val,train,val,train,"[1, 10, 11, 12, 1281, 7, 210, 9, 2, 0, 0, 0, 0, 0, 0, 0, 0, 0]",deck
141785,user_1644,the body of the board is thinner,33NF62TLXLVJ4VYKVNVGROIC1T2KJ9,215.0,732270ac7e23d610e62bec48c266b5c6,skateboard,ShapeNet,1510427efa80c92b11c7049de48f3618,skateboard,ShapeNet,False,skateboard/ShapeNet/1510427efa80c92b11c7049de48f3618,skateboard/ShapeNet/732270ac7e23d610e62bec48c266b5c6,True,skateboard,skateboard,1,"['the', 'body', 'of', 'the', 'board', 'is', 'thin', '-er']",8,the body of the board is thin -er,val,train,val,train,"[1, 10, 45, 38, 10, 948, 7, 60, 9, 2, 0, 0, 0, 0, 0, 0, 0, 0]",deck
141786,user_42,The wheels are taller and thicker.,3PMBY0YE29WCFL9NHYN5EBR10GD9CO,44.0,c7482cb7a8db514921cafafd7e7949c7,skateboard,ShapeNet,2085eac3fc071dd47292d1029e5a9853,skateboard,ShapeNet,False,skateboard/ShapeNet/2085eac3fc071dd47292d1029e5a9853,skateboard/ShapeNet/c7482cb7a8db514921cafafd7e7949c7,True,skateboard,skateboard,1,"['the', 'wheels', 'are', 'tall', '-er', 'and', 'thick', '-er']",8,the wheels are tall -er and thick -er,train,train,train,train,"[1, 10, 1013, 16, 53, 9, 47, 54, 9, 2, 0, 0, 0, 0, 0, 0, 0, 0]",wheel
141787,user_203,The deck edge is higher.,3P4RDNWND7ZSY08WVKA4E83Z9PCIJV,131.0,c7482cb7a8db514921cafafd7e7949c7,skateboard,ShapeNet,2085eac3fc071dd47292d1029e5a9853,skateboard,ShapeNet,False,skateboard/ShapeNet/2085eac3fc071dd47292d1029e5a9853,skateboard/ShapeNet/c7482cb7a8db514921cafafd7e7949c7,True,skateboard,skateboard,1,"['the', 'deck', 'edge', 'is', 'high', '-er']",6,the deck edge is high -er,train,train,train,train,"[1, 10, 1281, 631, 7, 49, 9, 2, 0, 0, 0, 0, 0, 0, 0, 0, 0, 0]",deck
141793,user_468,The deck doesn't curve up as high on the tail,3TDXMTX3CDNGA5TPB1GF54YUNJRI6O,42.0,484a49065ab1430624256fd51423318f,skateboard,ShapeNet,d9b0de3b3aecfffb1fabf3cbd0fc77bc,skateboard,ShapeNet,False,skateboard/ShapeNet/d9b0de3b3aecfffb1fabf3cbd0fc77bc,skateboard/ShapeNet/484a49065ab1430624256fd51423318f,False,skateboard,skateboard,1,"['the', 'deck', 'does', 'not', 'curve', 'up', 'as', 'high', 'on', 'the', 'tail']",11,the deck does not curve up as high on the tail,train,train,train,train,"[1, 10, 1281, 39, 40, 43, 269, 52, 49, 20, 10, 1594, 2, 0, 0, 0, 0, 0]",deck
141795,user_1205,Its wheel are flat outisde,3B2X28YI3Y86NXFJ5ROYJHUHSTAB6B,47.0,a1d36f02d20d18db6a2979228046d9f9,skateboard,ShapeNet,732270ac7e23d610e62bec48c266b5c6,skateboard,ShapeNet,False,skateboard/ShapeNet/732270ac7e23d610e62bec48c266b5c6,skateboard/ShapeNet/a1d36f02d20d18db6a2979228046d9f9,False,skateboard,skateboard,1,"['its', 'wheel', 'are', 'flat', 'outside']",5,its wheel are flat outside,train,train,train,train,"[1, 5, 544, 16, 129, 1636, 2, 0, 0, 0, 0, 0, 0, 0, 0, 0, 0, 0]",wheel
141796,user_1392,The wheels are solid.,3GU1KF0O4KUEX3XOKNN7PHLYNY0BPH,20.0,a1d36f02d20d18db6a2979228046d9f9,skateboard,ShapeNet,732270ac7e23d610e62bec48c266b5c6,skateboard,ShapeNet,False,skateboard/ShapeNet/732270ac7e23d610e62bec48c266b5c6,skateboard/ShapeNet/a1d36f02d20d18db6a2979228046d9f9,False,skateboard,skateboard,1,"['the', 'wheels', 'are', 'solid']",4,the wheels are solid,train,train,train,train,"[1, 10, 1013, 16, 291, 2, 0, 0, 0, 0, 0, 0, 0, 0, 0, 0, 0, 0]",wheel
141797,user_1796,The deck is shorter.,3STRJBFXOYKDIYUP7H9KTU5LZVRTKL,54.0,a1d36f02d20d18db6a2979228046d9f9,skateboard,ShapeNet,732270ac7e23d610e62bec48c266b5c6,skateboard,ShapeNet,False,skateboard/ShapeNet/732270ac7e23d610e62bec48c266b5c6,skateboard/ShapeNet/a1d36f02d20d18db6a2979228046d9f9,False,skateboard,skateboard,1,"['the', 'deck', 'is', 'short', '-er']",5,the deck is short -er,train,train,train,train,"[1, 10, 1281, 7, 8, 9, 2, 0, 0, 0, 0, 0, 0, 0, 0, 0, 0, 0]",deck
141799,user_468,The wheels are larger in diameter,3H0W84IWBMVXGJPN76TMVKRYRDYREM,38.0,fb1ad690d8befb5a74bfd4c8606b795,skateboard,ShapeNet,e7a5dd6f6ac650977cbfdb97d3d9f05,skateboard,ShapeNet,False,skateboard/ShapeNet/e7a5dd6f6ac650977cbfdb97d3d9f05,skateboard/ShapeNet/fb1ad690d8befb5a74bfd4c8606b795,False,skateboard,skateboard,1,"['the', 'wheels', 'are', 'large', '-er', 'in', 'diameter']",7,the wheels are large -er in diameter,test,train,test,train,"[1, 10, 1013, 16, 94, 9, 90, 268, 2, 0, 0, 0, 0, 0, 0, 0, 0, 0]",wheel
141800,user_1246,It has larger wheels,3OXV7EAXLGJ1K2B6QY9S1YW541V36A,41.0,fb1ad690d8befb5a74bfd4c8606b795,skateboard,ShapeNet,e7a5dd6f6ac650977cbfdb97d3d9f05,skateboard,ShapeNet,False,skateboard/ShapeNet/e7a5dd6f6ac650977cbfdb97d3d9f05,skateboard/ShapeNet/fb1ad690d8befb5a74bfd4c8606b795,False,skateboard,skateboard,1,"['it', 'has', 'large', '-er', 'wheels']",5,it has large -er wheels,test,train,test,train,"[1, 23, 24, 94, 9, 1013, 2, 0, 0, 0, 0, 0, 0, 0, 0, 0, 0, 0]",wheel
141804,user_468,There is a visible truck axe;,3483FV8BEGCCZKFNMYVNIORDYNW26Z,39.0,a6d560508fb2fe2858dda0079c7c30f2,skateboard,ShapeNet,58ae991bd0350810b9ac379f661f5c75,skateboard,ShapeNet,False,skateboard/ShapeNet/58ae991bd0350810b9ac379f661f5c75,skateboard/ShapeNet/a6d560508fb2fe2858dda0079c7c30f2,False,skateboard,skateboard,1,"['there', 'is', 'a', 'visible', 'truck', 'axe']",6,there is a visible truck axe,train,train,train,train,"[1, 15, 7, 26, 185, 1606, 3129, 2, 0, 0, 0, 0, 0, 0, 0, 0, 0, 0]",truck
141805,user_476,Target has trucks.,3K772S5NPA4KRPBKB1HSHGPS442EHE,94.0,a6d560508fb2fe2858dda0079c7c30f2,skateboard,ShapeNet,58ae991bd0350810b9ac379f661f5c75,skateboard,ShapeNet,False,skateboard/ShapeNet/58ae991bd0350810b9ac379f661f5c75,skateboard/ShapeNet/a6d560508fb2fe2858dda0079c7c30f2,False,skateboard,skateboard,1,"['target', 'has', 'trucks']",3,target has trucks,train,train,train,train,"[1, 11, 24, 1595, 2, 0, 0, 0, 0, 0, 0, 0, 0, 0, 0, 0, 0, 0]",truck
141808,user_1246,It has holes in the deck,39L1G8WVWSK6DGA9KSXB625OWQG13B,44.0,c4b7db8e09375b4d6830ad3775f4cffc,skateboard,ShapeNet,d4c042d11f29dffa1082f2ea630bf69e,skateboard,ShapeNet,False,skateboard/ShapeNet/d4c042d11f29dffa1082f2ea630bf69e,skateboard/ShapeNet/c4b7db8e09375b4d6830ad3775f4cffc,True,skateboard,skateboard,1,"['it', 'has', 'holes', 'in', 'the', 'deck']",6,it has holes in the deck,train,train,train,train,"[1, 23, 24, 234, 90, 10, 1281, 2, 0, 0, 0, 0, 0, 0, 0, 0, 0, 0]",deck
141809,user_1357,The trucks are thinner,3D3VGR7TA28U6L9QIMCQCTN10OJ3RI,34.0,c4b7db8e09375b4d6830ad3775f4cffc,skateboard,ShapeNet,d4c042d11f29dffa1082f2ea630bf69e,skateboard,ShapeNet,False,skateboard/ShapeNet/d4c042d11f29dffa1082f2ea630bf69e,skateboard/ShapeNet/c4b7db8e09375b4d6830ad3775f4cffc,True,skateboard,skateboard,1,"['the', 'trucks', 'are', 'thin', '-er']",5,the trucks are thin -er,train,train,train,train,"[1, 10, 1595, 16, 60, 9, 2, 0, 0, 0, 0, 0, 0, 0, 0, 0, 0, 0]",truck
141810,user_571,The deck is less curved,36ZN444YTTR6ZBZTBX29M4KL8L3OI5,30.0,463434d2fcf567d56a93dc68b4021dbb,skateboard,ShapeNet,755dc44dae7791761082f2ea630bf69e,skateboard,ShapeNet,False,skateboard/ShapeNet/755dc44dae7791761082f2ea630bf69e,skateboard/ShapeNet/463434d2fcf567d56a93dc68b4021dbb,False,skateboard,skateboard,1,"['the', 'deck', 'is', 'less', 'curved']",5,the deck is less curved,train,train,train,train,"[1, 10, 1281, 7, 229, 51, 2, 0, 0, 0, 0, 0, 0, 0, 0, 0, 0, 0]",deck
141814,user_1601,Its' wheels are larger.,3PPTZCWALSDVFD1JQEIZB4IBJX5ZQZ,211.0,87115860707b0208813c2f803c03ef9f,skateboard,ShapeNet,732270ac7e23d610e62bec48c266b5c6,skateboard,ShapeNet,False,skateboard/ShapeNet/732270ac7e23d610e62bec48c266b5c6,skateboard/ShapeNet/87115860707b0208813c2f803c03ef9f,True,skateboard,skateboard,1,"['its', ""'"", 'wheels', 'are', 'large', '-er']",6,its ' wheels are large -er,train,train,train,train,"[1, 5, 587, 1013, 16, 94, 9, 2, 0, 0, 0, 0, 0, 0, 0, 0, 0, 0]",wheel
141815,user_1633,The target's deck is wider.,3FTOP5WARHHHR5RGRULY8433NVU0JH,19.0,87115860707b0208813c2f803c03ef9f,skateboard,ShapeNet,732270ac7e23d610e62bec48c266b5c6,skateboard,ShapeNet,False,skateboard/ShapeNet/732270ac7e23d610e62bec48c266b5c6,skateboard/ShapeNet/87115860707b0208813c2f803c03ef9f,True,skateboard,skateboard,1,"['the', 'target', ""'s"", 'deck', 'is', 'wide', '-er']",7,the target 's deck is wide -er,train,train,train,train,"[1, 10, 11, 12, 1281, 7, 83, 9, 2, 0, 0, 0, 0, 0, 0, 0, 0, 0]",deck
141818,user_1644,the deck has fixing bolts on it,3I0BTBYZAZE7MUMFDUM1IRIR04G0YY,65.0,7a8b7d5d288742546fee3d712d650ac2,skateboard,ShapeNet,af4343c5b78b70b11082f2ea630bf69e,skateboard,ShapeNet,False,skateboard/ShapeNet/af4343c5b78b70b11082f2ea630bf69e,skateboard/ShapeNet/7a8b7d5d288742546fee3d712d650ac2,True,skateboard,skateboard,1,"['the', 'deck', 'has', 'fixing', 'bolts', 'on', 'it']",7,the deck has fixing bolts on it,train,train,train,train,"[1, 10, 1281, 24, 1610, 1611, 20, 23, 2, 0, 0, 0, 0, 0, 0, 0, 0, 0]",deck
141819,user_203,There are no visible holes in the deck.T,3LS2AMNW5HJJG9NCO57IV6B7ZT3QOP,152.0,c8aed131dd905c6e1082f2ea630bf69e,skateboard,ShapeNet,2026cbe0ebbe1153d975109d955e6652,skateboard,ShapeNet,False,skateboard/ShapeNet/2026cbe0ebbe1153d975109d955e6652,skateboard/ShapeNet/c8aed131dd905c6e1082f2ea630bf69e,False,skateboard,skateboard,1,"['there', 'are', 'no', 'visible', 'holes', 'in', 'the', 'deck', 't']",9,there are no visible holes in the deck t,train,train,train,train,"[1, 15, 16, 123, 185, 234, 90, 10, 1281, 1235, 2, 0, 0, 0, 0, 0, 0, 0]",deck
141820,user_615,the tip of the truck axle is visible from the side,3018Q3ZVOKJUQ68BR1R0Z1176Y2RAT,128.0,c8aed131dd905c6e1082f2ea630bf69e,skateboard,ShapeNet,2026cbe0ebbe1153d975109d955e6652,skateboard,ShapeNet,False,skateboard/ShapeNet/2026cbe0ebbe1153d975109d955e6652,skateboard/ShapeNet/c8aed131dd905c6e1082f2ea630bf69e,False,skateboard,skateboard,1,"['the', 'tip', 'of', 'the', 'truck', 'axle', 'is', 'visible', 'from', 'the', 'side']",11,the tip of the truck axle is visible from the side,train,train,train,train,"[1, 10, 357, 38, 10, 1606, 1613, 7, 185, 113, 10, 22, 2, 0, 0, 0, 0, 0]",truck
141827,user_1796,The deck's lip is skinnier.,3E47SOBEYSP5QM2QLSTIR4Q4J53CIB,66.0,fc5c4986b2661d848fc8944fc8bfc667,skateboard,ShapeNet,90dbe261a4d56dcf1082f2ea630bf69e,skateboard,ShapeNet,False,skateboard/ShapeNet/90dbe261a4d56dcf1082f2ea630bf69e,skateboard/ShapeNet/fc5c4986b2661d848fc8944fc8bfc667,False,skateboard,skateboard,1,"['the', 'deck', ""'s"", 'lip', 'is', 'skinny', '-er']",7,the deck 's lip is skinny -er,test,train,test,train,"[1, 10, 1281, 12, 125, 7, 282, 9, 2, 0, 0, 0, 0, 0, 0, 0, 0, 0]",deck
141828,user_156,It has eight visible holes in its deck.,3FQ5JJ512NHFNLP5ALN8KVZTAEKNKV,102.0,abdc4a823b1f78c397f47f3057557cbe,skateboard,ShapeNet,af4343c5b78b70b11082f2ea630bf69e,skateboard,ShapeNet,False,skateboard/ShapeNet/af4343c5b78b70b11082f2ea630bf69e,skateboard/ShapeNet/abdc4a823b1f78c397f47f3057557cbe,False,skateboard,skateboard,1,"['it', 'has', 'eight', 'visible', 'holes', 'in', 'its', 'deck']",8,it has eight visible holes in its deck,train,train,train,train,"[1, 23, 24, 871, 185, 234, 90, 5, 1281, 2, 0, 0, 0, 0, 0, 0, 0, 0]",deck
141832,user_1633,The target's nose and tail are narrower than the middle of the deck.,38SKSKU7R3QYTQWWY5MHUNGRDEELIX,36.0,a1d36f02d20d18db6a2979228046d9f9,skateboard,ShapeNet,9ac2d972bedd083342535d908ea693ac,skateboard,ShapeNet,False,skateboard/ShapeNet/9ac2d972bedd083342535d908ea693ac,skateboard/ShapeNet/a1d36f02d20d18db6a2979228046d9f9,False,skateboard,skateboard,1,"['the', 'target', ""'s"", 'nose', 'and', 'tail', 'are', 'narrow', '-er', 'than', 'the', 'middle', 'of', 'the', 'deck']",15,the target 's nose and tail are narrow -er than the middle of the deck,train,train,train,train,"[1, 10, 11, 12, 1593, 47, 1594, 16, 210, 9, 131, 10, 232, 38, 10, 1281, 2, 0]",deck
141833,user_1644,the board is slimmer,3T111IHZ5GJGLNY6ZVD036QN0GK9RW,65.0,a1d36f02d20d18db6a2979228046d9f9,skateboard,ShapeNet,9ac2d972bedd083342535d908ea693ac,skateboard,ShapeNet,False,skateboard/ShapeNet/9ac2d972bedd083342535d908ea693ac,skateboard/ShapeNet/a1d36f02d20d18db6a2979228046d9f9,False,skateboard,skateboard,1,"['the', 'board', 'is', 'slim', '-er']",5,the board is slim -er,train,train,train,train,"[1, 10, 948, 7, 829, 9, 2, 0, 0, 0, 0, 0, 0, 0, 0, 0, 0, 0]",deck
141835,user_948,The wheels do not protrude out of the front,3H0W84IWBMVXGJPN76TMVKRYRD0REO,36.0,bebaf2c5077b901e92ba7d308c045fd8,skateboard,ShapeNet,9d79847df77172f5ee8f98672c31bd1,skateboard,ShapeNet,False,skateboard/ShapeNet/9d79847df77172f5ee8f98672c31bd1,skateboard/ShapeNet/bebaf2c5077b901e92ba7d308c045fd8,False,skateboard,skateboard,1,"['the', 'wheels', 'do', 'not', 'protrude', 'out', 'of', 'the', 'front']",9,the wheels do not protrude out of the front,train,train,train,train,"[1, 10, 1013, 338, 40, 1071, 89, 38, 10, 37, 2, 0, 0, 0, 0, 0, 0, 0]",wheel
141836,user_1815,No visible hardware on deck,3570Y55XZRC4XYX0RWB43J577IVYGJ,57.0,bebaf2c5077b901e92ba7d308c045fd8,skateboard,ShapeNet,9d79847df77172f5ee8f98672c31bd1,skateboard,ShapeNet,False,skateboard/ShapeNet/9d79847df77172f5ee8f98672c31bd1,skateboard/ShapeNet/bebaf2c5077b901e92ba7d308c045fd8,False,skateboard,skateboard,1,"['no', 'visible', 'hardware', 'on', 'deck']",5,no visible hardware on deck,train,train,train,train,"[1, 123, 185, 1602, 20, 1281, 2, 0, 0, 0, 0, 0, 0, 0, 0, 0, 0, 0]",deck
141837,user_1298,The deck is an oval shape.,3IJXV6UZ1ZC9WOR93PJDGZPQJ67RIX,29.0,619b49bae27807fb1082f2ea630bf69e,skateboard,ShapeNet,710467261256490ce1bed90743417b0c,skateboard,ShapeNet,False,skateboard/ShapeNet/710467261256490ce1bed90743417b0c,skateboard/ShapeNet/619b49bae27807fb1082f2ea630bf69e,False,skateboard,skateboard,1,"['the', 'deck', 'is', 'an', 'oval', 'shape']",6,the deck is an oval shape,train,train,train,train,"[1, 10, 1281, 7, 72, 130, 93, 2, 0, 0, 0, 0, 0, 0, 0, 0, 0, 0]",deck
141843,user_203,The deck edge is higher.,3IXQG4FA2VRT5GHH3YRA3RLJIUH9BJ,116.0,8f78a26403f09b708b3b3a08d28a7d7c,skateboard,ShapeNet,f5d7698b5a57d61226e0640b67de606,skateboard,ShapeNet,False,skateboard/ShapeNet/f5d7698b5a57d61226e0640b67de606,skateboard/ShapeNet/8f78a26403f09b708b3b3a08d28a7d7c,False,skateboard,skateboard,1,"['the', 'deck', 'edge', 'is', 'high', '-er']",6,the deck edge is high -er,train,train,train,train,"[1, 10, 1281, 631, 7, 49, 9, 2, 0, 0, 0, 0, 0, 0, 0, 0, 0, 0]",deck
141845,user_1357,The wheels are smaller,3J2UYBXQQN553AC97BR9Z0YY1Q6069,24.0,8f78a26403f09b708b3b3a08d28a7d7c,skateboard,ShapeNet,f5d7698b5a57d61226e0640b67de606,skateboard,ShapeNet,False,skateboard/ShapeNet/f5d7698b5a57d61226e0640b67de606,skateboard/ShapeNet/8f78a26403f09b708b3b3a08d28a7d7c,False,skateboard,skateboard,1,"['the', 'wheels', 'are', 'small', '-er']",5,the wheels are small -er,train,train,train,train,"[1, 10, 1013, 16, 111, 9, 2, 0, 0, 0, 0, 0, 0, 0, 0, 0, 0, 0]",wheel
141847,user_1357,The trucks are thinner,3K4J6M3CXGM31GZXBQXO0XN04QKGAH,34.0,792953b4101753c6ed3696d854eee1ec,skateboard,ShapeNet,9d79847df77172f5ee8f98672c31bd1,skateboard,ShapeNet,False,skateboard/ShapeNet/9d79847df77172f5ee8f98672c31bd1,skateboard/ShapeNet/792953b4101753c6ed3696d854eee1ec,True,skateboard,skateboard,1,"['the', 'trucks', 'are', 'thin', '-er']",5,the trucks are thin -er,train,train,train,train,"[1, 10, 1595, 16, 60, 9, 2, 0, 0, 0, 0, 0, 0, 0, 0, 0, 0, 0]",truck
141848,user_1685,trucks axle is tighter in,3SKRO2GZ73KC9EIG5YPANOMQ7CZ1KJ,86.0,792953b4101753c6ed3696d854eee1ec,skateboard,ShapeNet,9d79847df77172f5ee8f98672c31bd1,skateboard,ShapeNet,False,skateboard/ShapeNet/9d79847df77172f5ee8f98672c31bd1,skateboard/ShapeNet/792953b4101753c6ed3696d854eee1ec,True,skateboard,skateboard,1,"['trucks', 'axle', 'is', 'tight', '-er', 'in']",6,trucks axle is tight -er in,train,train,train,train,"[1, 1595, 1613, 7, 550, 9, 90, 2, 0, 0, 0, 0, 0, 0, 0, 0, 0, 0]",truck
141849,user_45,Target has larger wheels,3GGAI1SQEXRRM5SH67RAJXXL0EOMC2,57.0,f9752bb556ab1e20681083250d6ef1,skateboard,ShapeNet,47bb28c62a245621ad3e04762b7c31c,skateboard,ShapeNet,False,skateboard/ShapeNet/47bb28c62a245621ad3e04762b7c31c,skateboard/ShapeNet/f9752bb556ab1e20681083250d6ef1,True,skateboard,skateboard,1,"['target', 'has', 'large', '-er', 'wheels']",5,target has large -er wheels,train,train,train,train,"[1, 11, 24, 94, 9, 1013, 2, 0, 0, 0, 0, 0, 0, 0, 0, 0, 0, 0]",wheel
141850,user_549,The nose and tail are much narrower and pointed then the middle of the board.,3N8OEVH1FTJGVXAW9SFE61G7KXXOO1,50.0,f9752bb556ab1e20681083250d6ef1,skateboard,ShapeNet,47bb28c62a245621ad3e04762b7c31c,skateboard,ShapeNet,False,skateboard/ShapeNet/47bb28c62a245621ad3e04762b7c31c,skateboard/ShapeNet/f9752bb556ab1e20681083250d6ef1,True,skateboard,skateboard,1,"['the', 'nose', 'and', 'tail', 'are', 'much', 'narrow', '-er', 'and', 'pointed', 'then', 'the', 'middle', 'of', 'the', 'board']",16,the nose and tail are much narrow -er and pointed then the middle of the board,train,train,train,train,"[1, 10, 1593, 47, 1594, 16, 59, 210, 9, 47, 387, 146, 10, 232, 38, 10, 948, 2]",deck
141851,user_2101,The hardware is at the ends of the deck,3ERET4BTVO2UYJLB9B432U495OQK9E,133.0,f9752bb556ab1e20681083250d6ef1,skateboard,ShapeNet,47bb28c62a245621ad3e04762b7c31c,skateboard,ShapeNet,False,skateboard/ShapeNet/47bb28c62a245621ad3e04762b7c31c,skateboard/ShapeNet/f9752bb556ab1e20681083250d6ef1,True,skateboard,skateboard,1,"['the', 'hardware', 'is', 'at', 'the', 'ends', 'of', 'the', 'deck']",9,the hardware is at the ends of the deck,train,train,train,train,"[1, 10, 1602, 7, 98, 10, 247, 38, 10, 1281, 2, 0, 0, 0, 0, 0, 0, 0]",deck
141855,user_152,the deck is wider,30OG32W0SW4C1LXVEZC5M0MOQGAENM,29.0,7c009b2a37ad02a9a72f80277e176a2f,skateboard,ShapeNet,ea25b5f1fc8d76a36a1b26eff73443ff,skateboard,ShapeNet,False,skateboard/ShapeNet/ea25b5f1fc8d76a36a1b26eff73443ff,skateboard/ShapeNet/7c009b2a37ad02a9a72f80277e176a2f,False,skateboard,skateboard,1,"['the', 'deck', 'is', 'wide', '-er']",5,the deck is wide -er,train,train,train,train,"[1, 10, 1281, 7, 83, 9, 2, 0, 0, 0, 0, 0, 0, 0, 0, 0, 0, 0]",deck
141856,user_948,The wheels are smaller,31N2WW6R9TJX3V4HRRCWV49IX0YF3P,38.0,7c009b2a37ad02a9a72f80277e176a2f,skateboard,ShapeNet,ea25b5f1fc8d76a36a1b26eff73443ff,skateboard,ShapeNet,False,skateboard/ShapeNet/ea25b5f1fc8d76a36a1b26eff73443ff,skateboard/ShapeNet/7c009b2a37ad02a9a72f80277e176a2f,False,skateboard,skateboard,1,"['the', 'wheels', 'are', 'small', '-er']",5,the wheels are small -er,train,train,train,train,"[1, 10, 1013, 16, 111, 9, 2, 0, 0, 0, 0, 0, 0, 0, 0, 0, 0, 0]",wheel
141857,user_1644,there are no fixing bolts on the board,3ZOTGHDK5K4VTP2PG9WNQ6Q8HMZSO1,98.0,7c009b2a37ad02a9a72f80277e176a2f,skateboard,ShapeNet,ea25b5f1fc8d76a36a1b26eff73443ff,skateboard,ShapeNet,False,skateboard/ShapeNet/ea25b5f1fc8d76a36a1b26eff73443ff,skateboard/ShapeNet/7c009b2a37ad02a9a72f80277e176a2f,False,skateboard,skateboard,1,"['there', 'are', 'no', 'fixing', 'bolts', 'on', 'the', 'board']",8,there are no fixing bolts on the board,train,train,train,train,"[1, 15, 16, 123, 1610, 1611, 20, 10, 948, 2, 0, 0, 0, 0, 0, 0, 0, 0]",deck
141859,user_1298,The board is more elevated.,37M28K1J0S6DSIPYJWIRXAFGWH8JAT,54.0,f74a5dfc0094e2d5561dce3fe08634b7,skateboard,ShapeNet,212e0563473156e255483301a044235,skateboard,ShapeNet,False,skateboard/ShapeNet/212e0563473156e255483301a044235,skateboard/ShapeNet/f74a5dfc0094e2d5561dce3fe08634b7,False,skateboard,skateboard,1,"['the', 'board', 'is', 'more', 'elevated']",5,the board is more elevated,train,train,train,train,"[1, 10, 948, 7, 34, 1667, 2, 0, 0, 0, 0, 0, 0, 0, 0, 0, 0, 0]",deck
141862,user_1205,it has wheels,3AMW0RGHOFVGYCMLNDSGGCLS4NBPNH,35.0,e7c330f4c4421dbb24e49a3e82c3d033,skateboard,ShapeNet,d3ff56062272f3e6346e65609be6d72f,skateboard,ShapeNet,False,skateboard/ShapeNet/d3ff56062272f3e6346e65609be6d72f,skateboard/ShapeNet/e7c330f4c4421dbb24e49a3e82c3d033,False,skateboard,skateboard,1,"['it', 'has', 'wheels']",3,it has wheels,train,train,train,train,"[1, 23, 24, 1013, 2, 0, 0, 0, 0, 0, 0, 0, 0, 0, 0, 0, 0, 0]",wheel
141863,user_1633,The target's deck is shorter.,3BV8HQ2ZZYU14NARZDO2O6ABABNA6D,23.0,e7c330f4c4421dbb24e49a3e82c3d033,skateboard,ShapeNet,d3ff56062272f3e6346e65609be6d72f,skateboard,ShapeNet,False,skateboard/ShapeNet/d3ff56062272f3e6346e65609be6d72f,skateboard/ShapeNet/e7c330f4c4421dbb24e49a3e82c3d033,False,skateboard,skateboard,1,"['the', 'target', ""'s"", 'deck', 'is', 'short', '-er']",7,the target 's deck is short -er,train,train,train,train,"[1, 10, 11, 12, 1281, 7, 8, 9, 2, 0, 0, 0, 0, 0, 0, 0, 0, 0]",deck
141864,user_549,The deck tapers to a point at both the tail and head.,3KXIR214I69YKXB93A28LQ7Z2WQ24E,120.0,99aef9f6486d3d90b267718342f3f316,skateboard,ShapeNet,9ac2d972bedd083342535d908ea693ac,skateboard,ShapeNet,False,skateboard/ShapeNet/9ac2d972bedd083342535d908ea693ac,skateboard/ShapeNet/99aef9f6486d3d90b267718342f3f316,True,skateboard,skateboard,1,"['the', 'deck', 'tapers', 'to', 'a', 'point', 'at', 'both', 'the', 'tail', 'and', 'head']",12,the deck tapers to a point at both the tail and head,train,train,train,train,"[1, 10, 1281, 566, 58, 26, 412, 98, 470, 10, 1594, 47, 107, 2, 0, 0, 0, 0]",deck
141866,user_1644,the board is flat,34J10VATJHR9KNC9QAUDB9FLNLLQID,28.0,99aef9f6486d3d90b267718342f3f316,skateboard,ShapeNet,9ac2d972bedd083342535d908ea693ac,skateboard,ShapeNet,False,skateboard/ShapeNet/9ac2d972bedd083342535d908ea693ac,skateboard/ShapeNet/99aef9f6486d3d90b267718342f3f316,True,skateboard,skateboard,1,"['the', 'board', 'is', 'flat']",4,the board is flat,train,train,train,train,"[1, 10, 948, 7, 129, 2, 0, 0, 0, 0, 0, 0, 0, 0, 0, 0, 0, 0]",deck
141867,user_527,The wheels are thinner.,37U1UTWH9XFG7IFWU37M3AVCGA0R8N,124.0,48bf45bffab55d7cf14c37b285d25cdf,skateboard,ShapeNet,f5d7698b5a57d61226e0640b67de606,skateboard,ShapeNet,True,skateboard/ShapeNet/f5d7698b5a57d61226e0640b67de606,skateboard/ShapeNet/48bf45bffab55d7cf14c37b285d25cdf,True,skateboard,skateboard,1,"['the', 'wheels', 'are', 'thin', '-er']",5,the wheels are thin -er,train,train,train,train,"[1, 10, 1013, 16, 60, 9, 2, 0, 0, 0, 0, 0, 0, 0, 0, 0, 0, 0]",wheel
141868,user_1644,the board is completely flat,3F0BG9B9MRGL45MZYT7AX6SE8DOY7O,45.0,48bf45bffab55d7cf14c37b285d25cdf,skateboard,ShapeNet,f5d7698b5a57d61226e0640b67de606,skateboard,ShapeNet,False,skateboard/ShapeNet/f5d7698b5a57d61226e0640b67de606,skateboard/ShapeNet/48bf45bffab55d7cf14c37b285d25cdf,True,skateboard,skateboard,1,"['the', 'board', 'is', 'completely', 'flat']",5,the board is completely flat,train,train,train,train,"[1, 10, 948, 7, 169, 129, 2, 0, 0, 0, 0, 0, 0, 0, 0, 0, 0, 0]",deck
141869,user_1734,The tail of the deck is flat and does not have a curve,3DY4FPOOA3HEIUB92WIWVOFKR9LRVE,340.0,48bf45bffab55d7cf14c37b285d25cdf,skateboard,ShapeNet,f5d7698b5a57d61226e0640b67de606,skateboard,ShapeNet,False,skateboard/ShapeNet/f5d7698b5a57d61226e0640b67de606,skateboard/ShapeNet/48bf45bffab55d7cf14c37b285d25cdf,True,skateboard,skateboard,1,"['the', 'tail', 'of', 'the', 'deck', 'is', 'flat', 'and', 'does', 'not', 'have', 'a', 'curve']",13,the tail of the deck is flat and does not have a curve,train,train,train,train,"[1, 10, 1594, 38, 10, 1281, 7, 129, 47, 39, 40, 84, 26, 43, 2, 0, 0, 0]",deck
141870,user_468,The deck is wider,3QY5DC2MXTDH2PH06B8XIDZIADHUFB,49.0,16edf6f6574568723f7198a00163bb6,skateboard,ShapeNet,a6d560508fb2fe2858dda0079c7c30f2,skateboard,ShapeNet,False,skateboard/ShapeNet/a6d560508fb2fe2858dda0079c7c30f2,skateboard/ShapeNet/16edf6f6574568723f7198a00163bb6,True,skateboard,skateboard,1,"['the', 'deck', 'is', 'wide', '-er']",5,the deck is wide -er,train,train,train,train,"[1, 10, 1281, 7, 83, 9, 2, 0, 0, 0, 0, 0, 0, 0, 0, 0, 0, 0]",deck
141872,user_1685,the deck is shorter and tighter,35K3O9HUAD60DTKEGBTSEVDFOPMFEE,44.0,16edf6f6574568723f7198a00163bb6,skateboard,ShapeNet,a6d560508fb2fe2858dda0079c7c30f2,skateboard,ShapeNet,False,skateboard/ShapeNet/a6d560508fb2fe2858dda0079c7c30f2,skateboard/ShapeNet/16edf6f6574568723f7198a00163bb6,True,skateboard,skateboard,1,"['the', 'deck', 'is', 'short', '-er', 'and', 'tight', '-er']",8,the deck is short -er and tight -er,train,train,train,train,"[1, 10, 1281, 7, 8, 9, 47, 550, 9, 2, 0, 0, 0, 0, 0, 0, 0, 0]",deck
141876,user_948,The deck narrows in the middle,36U2A8VAG3S9ZKTJHNWJ1BX0EXAKY2,29.0,97a1800db9a625bc28044fe9244db50a,skateboard,ShapeNet,55f0e38a64ba2c2d813b65629a36678,skateboard,ShapeNet,False,skateboard/ShapeNet/55f0e38a64ba2c2d813b65629a36678,skateboard/ShapeNet/97a1800db9a625bc28044fe9244db50a,False,skateboard,skateboard,1,"['the', 'deck', 'narrows', 'in', 'the', 'middle']",6,the deck narrows in the middle,test,train,test,train,"[1, 10, 1281, 1625, 90, 10, 232, 2, 0, 0, 0, 0, 0, 0, 0, 0, 0, 0]",deck
141877,user_1357,The trucks are gone,3II4UPYCOL0SCCWNYWT2KCZ8VF4DQN,41.0,97a1800db9a625bc28044fe9244db50a,skateboard,ShapeNet,55f0e38a64ba2c2d813b65629a36678,skateboard,ShapeNet,False,skateboard/ShapeNet/55f0e38a64ba2c2d813b65629a36678,skateboard/ShapeNet/97a1800db9a625bc28044fe9244db50a,False,skateboard,skateboard,1,"['the', 'trucks', 'are', 'gone']",4,the trucks are gone,test,train,test,train,"[1, 10, 1595, 16, 1592, 2, 0, 0, 0, 0, 0, 0, 0, 0, 0, 0, 0, 0]",truck
141878,user_1644,the deck is asymmetrical,3K9FOBBF2JCQ7R7NVLZ9ZVC8ZDMLNR,42.0,97a1800db9a625bc28044fe9244db50a,skateboard,ShapeNet,55f0e38a64ba2c2d813b65629a36678,skateboard,ShapeNet,False,skateboard/ShapeNet/55f0e38a64ba2c2d813b65629a36678,skateboard/ShapeNet/97a1800db9a625bc28044fe9244db50a,False,skateboard,skateboard,1,"['the', 'deck', 'is', 'asymmetrical']",4,the deck is asymmetrical,test,train,test,train,"[1, 10, 1281, 7, 1101, 2, 0, 0, 0, 0, 0, 0, 0, 0, 0, 0, 0, 0]",deck
141879,user_468,The truck hanger is larger and more pronounced,3EFVCAY5L52Z9UWJMYYD1J9L6T78JD,62.0,570fae86bb5e1843d587b281fa5e7b27,skateboard,ShapeNet,c8aed131dd905c6e1082f2ea630bf69e,skateboard,ShapeNet,False,skateboard/ShapeNet/c8aed131dd905c6e1082f2ea630bf69e,skateboard/ShapeNet/570fae86bb5e1843d587b281fa5e7b27,True,skateboard,skateboard,1,"['the', 'truck', 'hanger', 'is', 'large', '-er', 'and', 'more', 'pronounced']",9,the truck hanger is large -er and more pronounced,train,train,train,train,"[1, 10, 1606, 1654, 7, 94, 9, 47, 34, 1529, 2, 0, 0, 0, 0, 0, 0, 0]",truck
141880,user_1357,The trucks are thinner,324G5B4FB51O7AQEQLW15EYUW1S07A,27.0,570fae86bb5e1843d587b281fa5e7b27,skateboard,ShapeNet,c8aed131dd905c6e1082f2ea630bf69e,skateboard,ShapeNet,False,skateboard/ShapeNet/c8aed131dd905c6e1082f2ea630bf69e,skateboard/ShapeNet/570fae86bb5e1843d587b281fa5e7b27,True,skateboard,skateboard,1,"['the', 'trucks', 'are', 'thin', '-er']",5,the trucks are thin -er,train,train,train,train,"[1, 10, 1595, 16, 60, 9, 2, 0, 0, 0, 0, 0, 0, 0, 0, 0, 0, 0]",truck
141888,user_61,The target deck board is much wider and shorter.,3TE3O8573215L3D7EMYLTJI9UAE2R1,68.0,f5d7698b5a57d61226e0640b67de606,skateboard,ShapeNet,dcb9a62d5ef76f389da15808191f1405,skateboard,ShapeNet,False,skateboard/ShapeNet/dcb9a62d5ef76f389da15808191f1405,skateboard/ShapeNet/f5d7698b5a57d61226e0640b67de606,False,skateboard,skateboard,1,"['the', 'target', 'deck', 'board', 'is', 'much', 'wide', '-er', 'and', 'short', '-er']",11,the target deck board is much wide -er and short -er,train,train,train,train,"[1, 10, 11, 1281, 948, 7, 59, 83, 9, 47, 8, 9, 2, 0, 0, 0, 0, 0]",deck
141889,user_468,The wheels are larger in diameter,3UJ1CZ6IZJI9LFW7BU0OH0QH0MJ5SO,64.0,f5d7698b5a57d61226e0640b67de606,skateboard,ShapeNet,dcb9a62d5ef76f389da15808191f1405,skateboard,ShapeNet,False,skateboard/ShapeNet/dcb9a62d5ef76f389da15808191f1405,skateboard/ShapeNet/f5d7698b5a57d61226e0640b67de606,False,skateboard,skateboard,1,"['the', 'wheels', 'are', 'large', '-er', 'in', 'diameter']",7,the wheels are large -er in diameter,train,train,train,train,"[1, 10, 1013, 16, 94, 9, 90, 268, 2, 0, 0, 0, 0, 0, 0, 0, 0, 0]",wheel
141890,user_1298,The board is wider and less long,3DQQ64TANIE6L6VZFEJ3CVYJXZIPWB,33.0,f5d7698b5a57d61226e0640b67de606,skateboard,ShapeNet,dcb9a62d5ef76f389da15808191f1405,skateboard,ShapeNet,True,skateboard/ShapeNet/dcb9a62d5ef76f389da15808191f1405,skateboard/ShapeNet/f5d7698b5a57d61226e0640b67de606,False,skateboard,skateboard,1,"['the', 'board', 'is', 'wide', '-er', 'and', 'less', 'long']",8,the board is wide -er and less long,train,train,train,train,"[1, 10, 948, 7, 83, 9, 47, 229, 32, 2, 0, 0, 0, 0, 0, 0, 0, 0]",deck
141892,user_468,The board is more flat overall,3NVC2EB65SS33MLCWH4KKPGY3BP3YB,31.0,79288e2c98c7be7c6e72f8cfa29d3672,skateboard,ShapeNet,1d527bbed4d12817fa3bb91f4e3cd35f,skateboard,ShapeNet,False,skateboard/ShapeNet/1d527bbed4d12817fa3bb91f4e3cd35f,skateboard/ShapeNet/79288e2c98c7be7c6e72f8cfa29d3672,False,skateboard,skateboard,1,"['the', 'board', 'is', 'more', 'flat', 'overall']",6,the board is more flat overall,train,train,train,train,"[1, 10, 948, 7, 34, 129, 201, 2, 0, 0, 0, 0, 0, 0, 0, 0, 0, 0]",deck
141893,user_1633,The target has more traditional wheels.,3PS7W85Z81VT12BY3KIV3LR5O1G9T8,29.0,79288e2c98c7be7c6e72f8cfa29d3672,skateboard,ShapeNet,1d527bbed4d12817fa3bb91f4e3cd35f,skateboard,ShapeNet,False,skateboard/ShapeNet/1d527bbed4d12817fa3bb91f4e3cd35f,skateboard/ShapeNet/79288e2c98c7be7c6e72f8cfa29d3672,False,skateboard,skateboard,1,"['the', 'target', 'has', 'more', 'traditional', 'wheels']",6,the target has more traditional wheels,train,train,train,train,"[1, 10, 11, 24, 34, 1030, 1013, 2, 0, 0, 0, 0, 0, 0, 0, 0, 0, 0]",wheel
141897,user_203,There are patterns cut out of the deck.,3P4MQ7TPPZ5CT9WE1I56UXG96UKBBV,150.0,bebaf2c5077b901e92ba7d308c045fd8,skateboard,ShapeNet,fff0431e712a1887ac7a821ba28adc14,skateboard,ShapeNet,False,skateboard/ShapeNet/fff0431e712a1887ac7a821ba28adc14,skateboard/ShapeNet/bebaf2c5077b901e92ba7d308c045fd8,True,skateboard,skateboard,1,"['there', 'are', 'patterns', 'cut', 'out', 'of', 'the', 'deck']",8,there are patterns cut out of the deck,train,train,train,train,"[1, 15, 16, 1473, 1231, 89, 38, 10, 1281, 2, 0, 0, 0, 0, 0, 0, 0, 0]",deck
141899,user_948,The wheels are bigger,31HQ4X3T3U3NN4ZS3HGVYPMEMCJLSS,44.0,bebaf2c5077b901e92ba7d308c045fd8,skateboard,ShapeNet,fff0431e712a1887ac7a821ba28adc14,skateboard,ShapeNet,False,skateboard/ShapeNet/fff0431e712a1887ac7a821ba28adc14,skateboard/ShapeNet/bebaf2c5077b901e92ba7d308c045fd8,True,skateboard,skateboard,1,"['the', 'wheels', 'are', 'big', '-er']",5,the wheels are big -er,train,train,train,train,"[1, 10, 1013, 16, 320, 9, 2, 0, 0, 0, 0, 0, 0, 0, 0, 0, 0, 0]",wheel
141900,user_1205,its front wheels are smaller,3HL8HNGX47UJIXTX80D6MHC4XS7F95,52.0,463434d2fcf567d56a93dc68b4021dbb,skateboard,ShapeNet,97a1800db9a625bc28044fe9244db50a,skateboard,ShapeNet,False,skateboard/ShapeNet/97a1800db9a625bc28044fe9244db50a,skateboard/ShapeNet/463434d2fcf567d56a93dc68b4021dbb,True,skateboard,skateboard,1,"['its', 'front', 'wheels', 'are', 'small', '-er']",6,its front wheels are small -er,train,train,train,train,"[1, 5, 37, 1013, 16, 111, 9, 2, 0, 0, 0, 0, 0, 0, 0, 0, 0, 0]",wheel
141901,user_1297,The deck/ board is thicker.,37Z929RLGB1B6H7XCQIMKGWVGP6TS4,334.0,463434d2fcf567d56a93dc68b4021dbb,skateboard,ShapeNet,97a1800db9a625bc28044fe9244db50a,skateboard,ShapeNet,False,skateboard/ShapeNet/97a1800db9a625bc28044fe9244db50a,skateboard/ShapeNet/463434d2fcf567d56a93dc68b4021dbb,True,skateboard,skateboard,1,"['the', 'deck', 'board', 'is', 'thick', '-er']",6,the deck board is thick -er,train,train,train,train,"[1, 10, 1281, 948, 7, 54, 9, 2, 0, 0, 0, 0, 0, 0, 0, 0, 0, 0]",deck
141902,user_1644,the deck is completely flat,39PAAFCODOTRY9O16LNRV3G2FTZVTA,61.0,463434d2fcf567d56a93dc68b4021dbb,skateboard,ShapeNet,97a1800db9a625bc28044fe9244db50a,skateboard,ShapeNet,False,skateboard/ShapeNet/97a1800db9a625bc28044fe9244db50a,skateboard/ShapeNet/463434d2fcf567d56a93dc68b4021dbb,True,skateboard,skateboard,1,"['the', 'deck', 'is', 'completely', 'flat']",5,the deck is completely flat,train,train,train,train,"[1, 10, 1281, 7, 169, 129, 2, 0, 0, 0, 0, 0, 0, 0, 0, 0, 0, 0]",deck
141903,user_156,Its deck is not as wide in width.,37M28K1J0S6DSIPYJWIRXAFGWI8AJM,52.0,7fc2cddac7ad57a2aa4eefa8f42b566e,skateboard,ShapeNet,58ab8327f188e0a063381d3d7e871939,skateboard,ShapeNet,False,skateboard/ShapeNet/58ab8327f188e0a063381d3d7e871939,skateboard/ShapeNet/7fc2cddac7ad57a2aa4eefa8f42b566e,True,skateboard,skateboard,1,"['its', 'deck', 'is', 'not', 'as', 'wide', 'in', 'width']",8,its deck is not as wide in width,train,train,train,train,"[1, 5, 1281, 7, 40, 52, 83, 90, 358, 2, 0, 0, 0, 0, 0, 0, 0, 0]",deck
141904,user_1933,The Target wheels are much larger,3D3VGR7TA28U6L9QIMCQCTN10O5R3S,144.0,7fc2cddac7ad57a2aa4eefa8f42b566e,skateboard,ShapeNet,58ab8327f188e0a063381d3d7e871939,skateboard,ShapeNet,True,skateboard/ShapeNet/58ab8327f188e0a063381d3d7e871939,skateboard/ShapeNet/7fc2cddac7ad57a2aa4eefa8f42b566e,True,skateboard,skateboard,1,"['the', 'target', 'wheels', 'are', 'much', 'large', '-er']",7,the target wheels are much large -er,train,train,train,train,"[1, 10, 11, 1013, 16, 59, 94, 9, 2, 0, 0, 0, 0, 0, 0, 0, 0, 0]",wheel
141906,user_61,The target board's nose is flat rather than sloped.,3G5F9DBFORQ1T0X66R62HKDE4Z9VH5,147.0,7fc2cddac7ad57a2aa4eefa8f42b566e,skateboard,ShapeNet,c8aed131dd905c6e1082f2ea630bf69e,skateboard,ShapeNet,False,skateboard/ShapeNet/c8aed131dd905c6e1082f2ea630bf69e,skateboard/ShapeNet/7fc2cddac7ad57a2aa4eefa8f42b566e,False,skateboard,skateboard,1,"['the', 'target', 'board', ""'s"", 'nose', 'is', 'flat', 'rather', 'than', 'sloped']",10,the target board 's nose is flat rather than sloped,train,train,train,train,"[1, 10, 11, 948, 12, 1593, 7, 129, 466, 131, 781, 2, 0, 0, 0, 0, 0, 0]",deck
141907,user_468,The truck hanger is bigger,36AHBNMV1T51LEN9P6AWXY2AUODDYI,50.0,7fc2cddac7ad57a2aa4eefa8f42b566e,skateboard,ShapeNet,c8aed131dd905c6e1082f2ea630bf69e,skateboard,ShapeNet,False,skateboard/ShapeNet/c8aed131dd905c6e1082f2ea630bf69e,skateboard/ShapeNet/7fc2cddac7ad57a2aa4eefa8f42b566e,False,skateboard,skateboard,1,"['the', 'truck', 'hanger', 'is', 'big', '-er']",6,the truck hanger is big -er,train,train,train,train,"[1, 10, 1606, 1654, 7, 320, 9, 2, 0, 0, 0, 0, 0, 0, 0, 0, 0, 0]",truck
141908,user_1796,The deck is skinnier.,3X87C8JFV84YE1F5VMORFBL8WI5QSL,77.0,7fc2cddac7ad57a2aa4eefa8f42b566e,skateboard,ShapeNet,c8aed131dd905c6e1082f2ea630bf69e,skateboard,ShapeNet,False,skateboard/ShapeNet/c8aed131dd905c6e1082f2ea630bf69e,skateboard/ShapeNet/7fc2cddac7ad57a2aa4eefa8f42b566e,False,skateboard,skateboard,1,"['the', 'deck', 'is', 'skinny', '-er']",5,the deck is skinny -er,train,train,train,train,"[1, 10, 1281, 7, 282, 9, 2, 0, 0, 0, 0, 0, 0, 0, 0, 0, 0, 0]",deck
141910,user_203,The wheel diameter is smaller.,374TNBHA8DOVANREUSGGXX99D33QY1,61.0,573daccbcfdc94a3cbd54f2dfaecbd51,skateboard,ShapeNet,bebaf2c5077b901e92ba7d308c045fd8,skateboard,ShapeNet,False,skateboard/ShapeNet/bebaf2c5077b901e92ba7d308c045fd8,skateboard/ShapeNet/573daccbcfdc94a3cbd54f2dfaecbd51,False,skateboard,skateboard,1,"['the', 'wheel', 'diameter', 'is', 'small', '-er']",6,the wheel diameter is small -er,train,train,train,train,"[1, 10, 544, 268, 7, 111, 9, 2, 0, 0, 0, 0, 0, 0, 0, 0, 0, 0]",wheel
141911,user_1601,The wheels are smaller.,3YW4XOSQKSEQCANSZCTCTBVO93Z1UI,261.0,573daccbcfdc94a3cbd54f2dfaecbd51,skateboard,ShapeNet,bebaf2c5077b901e92ba7d308c045fd8,skateboard,ShapeNet,False,skateboard/ShapeNet/bebaf2c5077b901e92ba7d308c045fd8,skateboard/ShapeNet/573daccbcfdc94a3cbd54f2dfaecbd51,False,skateboard,skateboard,1,"['the', 'wheels', 'are', 'small', '-er']",5,the wheels are small -er,train,train,train,train,"[1, 10, 1013, 16, 111, 9, 2, 0, 0, 0, 0, 0, 0, 0, 0, 0, 0, 0]",wheel
141912,user_440,it has smaller wheels,3KRVW3HTZPE7TMHD3THAY213MH9SM1,77.0,b6074c8d74b58d31ef566954f332b813,skateboard,ShapeNet,7a00dee660ee94f5dfa6594bd6ded322,skateboard,ShapeNet,False,skateboard/ShapeNet/7a00dee660ee94f5dfa6594bd6ded322,skateboard/ShapeNet/b6074c8d74b58d31ef566954f332b813,False,skateboard,skateboard,1,"['it', 'has', 'small', '-er', 'wheels']",5,it has small -er wheels,train,train,train,train,"[1, 23, 24, 111, 9, 1013, 2, 0, 0, 0, 0, 0, 0, 0, 0, 0, 0, 0]",wheel
141913,user_1644,the deck is thicker,3H8DHMCCWB4619YSLR95OQNZW95DKO,68.0,b6074c8d74b58d31ef566954f332b813,skateboard,ShapeNet,7a00dee660ee94f5dfa6594bd6ded322,skateboard,ShapeNet,False,skateboard/ShapeNet/7a00dee660ee94f5dfa6594bd6ded322,skateboard/ShapeNet/b6074c8d74b58d31ef566954f332b813,False,skateboard,skateboard,1,"['the', 'deck', 'is', 'thick', '-er']",5,the deck is thick -er,train,train,train,train,"[1, 10, 1281, 7, 54, 9, 2, 0, 0, 0, 0, 0, 0, 0, 0, 0, 0, 0]",deck
141914,user_1815,Much smaller wheels,3X4MXAO0BIHRXJBES6NSHQYYYJ6WRE,63.0,b6074c8d74b58d31ef566954f332b813,skateboard,ShapeNet,7a00dee660ee94f5dfa6594bd6ded322,skateboard,ShapeNet,False,skateboard/ShapeNet/7a00dee660ee94f5dfa6594bd6ded322,skateboard/ShapeNet/b6074c8d74b58d31ef566954f332b813,False,skateboard,skateboard,1,"['much', 'small', '-er', 'wheels']",4,much small -er wheels,train,train,train,train,"[1, 59, 111, 9, 1013, 2, 0, 0, 0, 0, 0, 0, 0, 0, 0, 0, 0, 0]",wheel
141916,user_1934,The deck is thicker.,3WJEQKOXAAV6X19UT7CLTAJU2041A3,183.0,aa2c5469590761793c497dcbf6659611,skateboard,ShapeNet,ffea27596947c29cc983a1dbe02fac40,skateboard,ShapeNet,False,skateboard/ShapeNet/ffea27596947c29cc983a1dbe02fac40,skateboard/ShapeNet/aa2c5469590761793c497dcbf6659611,True,skateboard,skateboard,1,"['the', 'deck', 'is', 'thick', '-er']",5,the deck is thick -er,val,train,val,train,"[1, 10, 1281, 7, 54, 9, 2, 0, 0, 0, 0, 0, 0, 0, 0, 0, 0, 0]",deck
141918,user_1644,the board is shorter,3W2LOLRXLD802JHX3S4PTF43BA6RKI,21.0,f5d7698b5a57d61226e0640b67de606,skateboard,ShapeNet,d31aaca67fd8ef1827d17dabad15093,skateboard,ShapeNet,False,skateboard/ShapeNet/d31aaca67fd8ef1827d17dabad15093,skateboard/ShapeNet/f5d7698b5a57d61226e0640b67de606,False,skateboard,skateboard,1,"['the', 'board', 'is', 'short', '-er']",5,the board is short -er,train,train,train,train,"[1, 10, 948, 7, 8, 9, 2, 0, 0, 0, 0, 0, 0, 0, 0, 0, 0, 0]",deck
141919,user_1796,The wheels are larger.,37XITHEISY2IJL59BFNR5WRV66YRCG,64.0,f5d7698b5a57d61226e0640b67de606,skateboard,ShapeNet,d31aaca67fd8ef1827d17dabad15093,skateboard,ShapeNet,False,skateboard/ShapeNet/d31aaca67fd8ef1827d17dabad15093,skateboard/ShapeNet/f5d7698b5a57d61226e0640b67de606,False,skateboard,skateboard,1,"['the', 'wheels', 'are', 'large', '-er']",5,the wheels are large -er,train,train,train,train,"[1, 10, 1013, 16, 94, 9, 2, 0, 0, 0, 0, 0, 0, 0, 0, 0, 0, 0]",wheel
141920,user_203,The front wheel diameter is larger.,3R6P78PK7M48GCY6HQO5V2DSSECTGK,56.0,94fc692e0518c0b0537d393009a79347,skateboard,ShapeNet,8ae2871e13786052f42b80606c2f3752,skateboard,ShapeNet,False,skateboard/ShapeNet/8ae2871e13786052f42b80606c2f3752,skateboard/ShapeNet/94fc692e0518c0b0537d393009a79347,True,skateboard,skateboard,1,"['the', 'front', 'wheel', 'diameter', 'is', 'large', '-er']",7,the front wheel diameter is large -er,train,train,train,train,"[1, 10, 37, 544, 268, 7, 94, 9, 2, 0, 0, 0, 0, 0, 0, 0, 0, 0]",wheel
141922,user_948,The wheels are bigger,39RP059MEJM8C00BS7VF8DR3ITNBMJ,33.0,94fc692e0518c0b0537d393009a79347,skateboard,ShapeNet,8ae2871e13786052f42b80606c2f3752,skateboard,ShapeNet,False,skateboard/ShapeNet/8ae2871e13786052f42b80606c2f3752,skateboard/ShapeNet/94fc692e0518c0b0537d393009a79347,True,skateboard,skateboard,1,"['the', 'wheels', 'are', 'big', '-er']",5,the wheels are big -er,train,train,train,train,"[1, 10, 1013, 16, 320, 9, 2, 0, 0, 0, 0, 0, 0, 0, 0, 0, 0, 0]",wheel
141926,user_152,deck has a thinner and curvier shape,358010RM5GMYFQXLBVOOK618SPMVXS,98.0,99130967461623c37ca71234c2ec5470,skateboard,ShapeNet,48f26ddc704fec2f379c6a1d59ef7283,skateboard,ShapeNet,False,skateboard/ShapeNet/48f26ddc704fec2f379c6a1d59ef7283,skateboard/ShapeNet/99130967461623c37ca71234c2ec5470,True,skateboard,skateboard,1,"['deck', 'has', 'a', 'thin', '-er', 'and', 'curvy', '-er', 'shape']",9,deck has a thin -er and curvy -er shape,train,train,train,train,"[1, 1281, 24, 26, 60, 9, 47, 179, 9, 93, 2, 0, 0, 0, 0, 0, 0, 0]",deck
141927,user_615,the trucks are visible from the side,3UOUJI6MTF7Y2B8L65EJOKZPEIFUX4,535.0,99130967461623c37ca71234c2ec5470,skateboard,ShapeNet,48f26ddc704fec2f379c6a1d59ef7283,skateboard,ShapeNet,False,skateboard/ShapeNet/48f26ddc704fec2f379c6a1d59ef7283,skateboard/ShapeNet/99130967461623c37ca71234c2ec5470,True,skateboard,skateboard,1,"['the', 'trucks', 'are', 'visible', 'from', 'the', 'side']",7,the trucks are visible from the side,train,train,train,train,"[1, 10, 1595, 16, 185, 113, 10, 22, 2, 0, 0, 0, 0, 0, 0, 0, 0, 0]",truck
141928,user_2044,The wheels are larger.,3VA45EW49PGVZ53V3QH3U53ZRJDO1Y,25.0,99130967461623c37ca71234c2ec5470,skateboard,ShapeNet,48f26ddc704fec2f379c6a1d59ef7283,skateboard,ShapeNet,False,skateboard/ShapeNet/48f26ddc704fec2f379c6a1d59ef7283,skateboard/ShapeNet/99130967461623c37ca71234c2ec5470,True,skateboard,skateboard,1,"['the', 'wheels', 'are', 'large', '-er']",5,the wheels are large -er,train,train,train,train,"[1, 10, 1013, 16, 94, 9, 2, 0, 0, 0, 0, 0, 0, 0, 0, 0, 0, 0]",wheel
141932,user_42,The board is flatter.,3KV0LJBBH4EVS7H0O4H58SW70GMMR5,72.0,5c55e6b6708f730d758f6def7204bd6b,skateboard,ShapeNet,55f0e38a64ba2c2d813b65629a36678,skateboard,ShapeNet,False,skateboard/ShapeNet/55f0e38a64ba2c2d813b65629a36678,skateboard/ShapeNet/5c55e6b6708f730d758f6def7204bd6b,True,skateboard,skateboard,1,"['the', 'board', 'is', 'flat', '-er']",5,the board is flat -er,test,train,test,train,"[1, 10, 948, 7, 129, 9, 2, 0, 0, 0, 0, 0, 0, 0, 0, 0, 0, 0]",deck
141933,user_61,The target board is flat with no slope on either end.,3B2X28YI3Y86NXFJ5ROYJHUHSTEB6F,63.0,5c55e6b6708f730d758f6def7204bd6b,skateboard,ShapeNet,55f0e38a64ba2c2d813b65629a36678,skateboard,ShapeNet,False,skateboard/ShapeNet/55f0e38a64ba2c2d813b65629a36678,skateboard/ShapeNet/5c55e6b6708f730d758f6def7204bd6b,True,skateboard,skateboard,1,"['the', 'target', 'board', 'is', 'flat', 'with', 'no', 'slope', 'on', 'either', 'end']",11,the target board is flat with no slope on either end,test,train,test,train,"[1, 10, 11, 948, 7, 129, 121, 123, 1369, 20, 332, 74, 2, 0, 0, 0, 0, 0]",deck
141934,user_1644,the deck has a curvier shape,3XLBSAQ9Z65L9VW4UF9TBD1GE7EZ72,52.0,5c55e6b6708f730d758f6def7204bd6b,skateboard,ShapeNet,55f0e38a64ba2c2d813b65629a36678,skateboard,ShapeNet,False,skateboard/ShapeNet/55f0e38a64ba2c2d813b65629a36678,skateboard/ShapeNet/5c55e6b6708f730d758f6def7204bd6b,True,skateboard,skateboard,1,"['the', 'deck', 'has', 'a', 'curvy', '-er', 'shape']",7,the deck has a curvy -er shape,test,train,test,train,"[1, 10, 1281, 24, 26, 179, 9, 93, 2, 0, 0, 0, 0, 0, 0, 0, 0, 0]",deck
141935,user_152,the truck hanger is thicker,3RRCEFRB7O5S8AB5M3VJMJA3W224BH,101.0,9d79847df77172f5ee8f98672c31bd1,skateboard,ShapeNet,484a49065ab1430624256fd51423318f,skateboard,ShapeNet,False,skateboard/ShapeNet/484a49065ab1430624256fd51423318f,skateboard/ShapeNet/9d79847df77172f5ee8f98672c31bd1,True,skateboard,skateboard,1,"['the', 'truck', 'hanger', 'is', 'thick', '-er']",6,the truck hanger is thick -er,train,train,train,train,"[1, 10, 1606, 1654, 7, 54, 9, 2, 0, 0, 0, 0, 0, 0, 0, 0, 0, 0]",truck
141936,user_948,The deck is thinner,3MX2NQ3YCBNHHWI6546BG879F1LX5O,52.0,9d79847df77172f5ee8f98672c31bd1,skateboard,ShapeNet,484a49065ab1430624256fd51423318f,skateboard,ShapeNet,False,skateboard/ShapeNet/484a49065ab1430624256fd51423318f,skateboard/ShapeNet/9d79847df77172f5ee8f98672c31bd1,True,skateboard,skateboard,1,"['the', 'deck', 'is', 'thin', '-er']",5,the deck is thin -er,train,train,train,train,"[1, 10, 1281, 7, 60, 9, 2, 0, 0, 0, 0, 0, 0, 0, 0, 0, 0, 0]",deck
141937,user_1298,The wheels are larger,37UQDCYH6ZO40BRUTIKQQ7OKQW9V7Z,67.0,9d79847df77172f5ee8f98672c31bd1,skateboard,ShapeNet,484a49065ab1430624256fd51423318f,skateboard,ShapeNet,False,skateboard/ShapeNet/484a49065ab1430624256fd51423318f,skateboard/ShapeNet/9d79847df77172f5ee8f98672c31bd1,True,skateboard,skateboard,1,"['the', 'wheels', 'are', 'large', '-er']",5,the wheels are large -er,train,train,train,train,"[1, 10, 1013, 16, 94, 9, 2, 0, 0, 0, 0, 0, 0, 0, 0, 0, 0, 0]",wheel
141938,user_962,It's trucks are different sizes,3NVC2EB65SS33MLCWH4KKPGY3COY37,96.0,7a8b7d5d288742546fee3d712d650ac2,skateboard,ShapeNet,563569e15313d7eb89e13811ad04f53f,skateboard,ShapeNet,False,skateboard/ShapeNet/563569e15313d7eb89e13811ad04f53f,skateboard/ShapeNet/7a8b7d5d288742546fee3d712d650ac2,False,skateboard,skateboard,1,"['it', 'is', 'trucks', 'are', 'different', 'sizes']",6,it is trucks are different sizes,train,train,train,train,"[1, 23, 7, 1595, 16, 306, 1102, 2, 0, 0, 0, 0, 0, 0, 0, 0, 0, 0]",truck
141939,user_1357,The deck is more square,3MX2NQ3YCBNHHWI6546BG879F2L5XY,34.0,7a8b7d5d288742546fee3d712d650ac2,skateboard,ShapeNet,563569e15313d7eb89e13811ad04f53f,skateboard,ShapeNet,False,skateboard/ShapeNet/563569e15313d7eb89e13811ad04f53f,skateboard/ShapeNet/7a8b7d5d288742546fee3d712d650ac2,False,skateboard,skateboard,1,"['the', 'deck', 'is', 'more', 'square']",5,the deck is more square,train,train,train,train,"[1, 10, 1281, 7, 34, 50, 2, 0, 0, 0, 0, 0, 0, 0, 0, 0, 0, 0]",deck
141940,user_1633,The target's deck is wider.,3NOKK93PR3187FKIL09MWDSFCO7EEV,28.0,7a8b7d5d288742546fee3d712d650ac2,skateboard,ShapeNet,563569e15313d7eb89e13811ad04f53f,skateboard,ShapeNet,False,skateboard/ShapeNet/563569e15313d7eb89e13811ad04f53f,skateboard/ShapeNet/7a8b7d5d288742546fee3d712d650ac2,False,skateboard,skateboard,1,"['the', 'target', ""'s"", 'deck', 'is', 'wide', '-er']",7,the target 's deck is wide -er,train,train,train,train,"[1, 10, 11, 12, 1281, 7, 83, 9, 2, 0, 0, 0, 0, 0, 0, 0, 0, 0]",deck
141944,user_1392,The wheels are smaller,3U0SRXB7CFY1AP2005W5L7L7551RND,101.0,113783f51974426b92ba7d308c045fd8,skateboard,ShapeNet,90210ee9fd29275dcadc0bfc31415370,skateboard,ShapeNet,False,skateboard/ShapeNet/90210ee9fd29275dcadc0bfc31415370,skateboard/ShapeNet/113783f51974426b92ba7d308c045fd8,False,skateboard,skateboard,1,"['the', 'wheels', 'are', 'small', '-er']",5,the wheels are small -er,train,train,train,train,"[1, 10, 1013, 16, 111, 9, 2, 0, 0, 0, 0, 0, 0, 0, 0, 0, 0, 0]",wheel
141945,user_1633,The target's deck is wider.,3I7DHKZYGPT0HARL5A0PA172BWQ5F6,40.0,113783f51974426b92ba7d308c045fd8,skateboard,ShapeNet,90210ee9fd29275dcadc0bfc31415370,skateboard,ShapeNet,False,skateboard/ShapeNet/90210ee9fd29275dcadc0bfc31415370,skateboard/ShapeNet/113783f51974426b92ba7d308c045fd8,False,skateboard,skateboard,1,"['the', 'target', ""'s"", 'deck', 'is', 'wide', '-er']",7,the target 's deck is wide -er,train,train,train,train,"[1, 10, 11, 12, 1281, 7, 83, 9, 2, 0, 0, 0, 0, 0, 0, 0, 0, 0]",deck
141946,user_1757,The target board has a tail that goes up on both ends,3QFUFYSY908ILRNLR5HF591OB0UF4A,112.0,113783f51974426b92ba7d308c045fd8,skateboard,ShapeNet,90210ee9fd29275dcadc0bfc31415370,skateboard,ShapeNet,False,skateboard/ShapeNet/90210ee9fd29275dcadc0bfc31415370,skateboard/ShapeNet/113783f51974426b92ba7d308c045fd8,False,skateboard,skateboard,1,"['the', 'target', 'board', 'has', 'a', 'tail', 'that', 'goes', 'up', 'on', 'both', 'ends']",12,the target board has a tail that goes up on both ends,train,train,train,train,"[1, 10, 11, 948, 24, 26, 1594, 172, 394, 269, 20, 470, 247, 2, 0, 0, 0, 0]",deck
141950,user_1246,The wheels are less in width,3VELCLL3GMC1TSQ24NYD7BULZGK1FJ,33.0,99aef9f6486d3d90b267718342f3f316,skateboard,ShapeNet,e60f8e703bf6b7e8b267718342f3f316,skateboard,ShapeNet,False,skateboard/ShapeNet/e60f8e703bf6b7e8b267718342f3f316,skateboard/ShapeNet/99aef9f6486d3d90b267718342f3f316,True,skateboard,skateboard,1,"['the', 'wheels', 'are', 'less', 'in', 'width']",6,the wheels are less in width,val,train,val,train,"[1, 10, 1013, 16, 229, 90, 358, 2, 0, 0, 0, 0, 0, 0, 0, 0, 0, 0]",wheel
141951,user_1644,the board is more symmetrical,3LOTDFNYA9SUUT651BNY01KFVT4WFO,54.0,99aef9f6486d3d90b267718342f3f316,skateboard,ShapeNet,e60f8e703bf6b7e8b267718342f3f316,skateboard,ShapeNet,False,skateboard/ShapeNet/e60f8e703bf6b7e8b267718342f3f316,skateboard/ShapeNet/99aef9f6486d3d90b267718342f3f316,True,skateboard,skateboard,1,"['the', 'board', 'is', 'more', 'symmetrical']",5,the board is more symmetrical,val,train,val,train,"[1, 10, 948, 7, 34, 489, 2, 0, 0, 0, 0, 0, 0, 0, 0, 0, 0, 0]",deck
141952,user_1933,The wheels are slimmer,3NKQQ8O390YK4534F5D7UDWXY0ZDUH,99.0,99aef9f6486d3d90b267718342f3f316,skateboard,ShapeNet,e60f8e703bf6b7e8b267718342f3f316,skateboard,ShapeNet,False,skateboard/ShapeNet/e60f8e703bf6b7e8b267718342f3f316,skateboard/ShapeNet/99aef9f6486d3d90b267718342f3f316,True,skateboard,skateboard,1,"['the', 'wheels', 'are', 'slim', '-er']",5,the wheels are slim -er,val,train,val,train,"[1, 10, 1013, 16, 829, 9, 2, 0, 0, 0, 0, 0, 0, 0, 0, 0, 0, 0]",wheel
141955,user_1644,there are fixing bolts on the board,3K4J6M3CXGM31GZXBQXO0XN04PRAGG,30.0,563569e15313d7eb89e13811ad04f53f,skateboard,ShapeNet,6867832e7b9d3654aacda7f1c4fd3ea7,skateboard,ShapeNet,False,skateboard/ShapeNet/6867832e7b9d3654aacda7f1c4fd3ea7,skateboard/ShapeNet/563569e15313d7eb89e13811ad04f53f,False,skateboard,skateboard,1,"['there', 'are', 'fixing', 'bolts', 'on', 'the', 'board']",7,there are fixing bolts on the board,train,train,train,train,"[1, 15, 16, 1610, 1611, 20, 10, 948, 2, 0, 0, 0, 0, 0, 0, 0, 0, 0]",deck
141959,user_203,The deck does not have notches.,3QHK8ZVMIOBO6IIQSVU080CEIOYLBS,192.0,303555f1c5f4cb0a1082f2ea630bf69e,skateboard,ShapeNet,7a8b7d5d288742546fee3d712d650ac2,skateboard,ShapeNet,False,skateboard/ShapeNet/7a8b7d5d288742546fee3d712d650ac2,skateboard/ShapeNet/303555f1c5f4cb0a1082f2ea630bf69e,True,skateboard,skateboard,1,"['the', 'deck', 'does', 'not', 'have', 'notches']",6,the deck does not have notches,train,train,train,train,"[1, 10, 1281, 39, 40, 84, 914, 2, 0, 0, 0, 0, 0, 0, 0, 0, 0, 0]",deck
141960,user_468,The wheels are smaller in diameter,3EG49X351W5D00IKANGG8EL9BWX6XE,51.0,303555f1c5f4cb0a1082f2ea630bf69e,skateboard,ShapeNet,7a8b7d5d288742546fee3d712d650ac2,skateboard,ShapeNet,False,skateboard/ShapeNet/7a8b7d5d288742546fee3d712d650ac2,skateboard/ShapeNet/303555f1c5f4cb0a1082f2ea630bf69e,True,skateboard,skateboard,1,"['the', 'wheels', 'are', 'small', '-er', 'in', 'diameter']",7,the wheels are small -er in diameter,train,train,train,train,"[1, 10, 1013, 16, 111, 9, 90, 268, 2, 0, 0, 0, 0, 0, 0, 0, 0, 0]",wheel
141962,user_848,"Target has small, round wheels.",3FPRZHYEP00MZSQ7R6H0DQC4LUMV3T,66.0,79288e2c98c7be7c6e72f8cfa29d3672,skateboard,ShapeNet,95c69877104059fd1389cf37af584e4b,skateboard,ShapeNet,False,skateboard/ShapeNet/95c69877104059fd1389cf37af584e4b,skateboard/ShapeNet/79288e2c98c7be7c6e72f8cfa29d3672,False,skateboard,skateboard,1,"['target', 'has', 'small', 'round', 'wheels']",5,target has small round wheels,train,train,train,train,"[1, 11, 24, 111, 134, 1013, 2, 0, 0, 0, 0, 0, 0, 0, 0, 0, 0, 0]",wheel
141964,user_1357,The wheels are more circular,3P4MQ7TPPZ5CT9WE1I56UXG96UOBBZ,42.0,79288e2c98c7be7c6e72f8cfa29d3672,skateboard,ShapeNet,95c69877104059fd1389cf37af584e4b,skateboard,ShapeNet,False,skateboard/ShapeNet/95c69877104059fd1389cf37af584e4b,skateboard/ShapeNet/79288e2c98c7be7c6e72f8cfa29d3672,False,skateboard,skateboard,1,"['the', 'wheels', 'are', 'more', 'circular']",5,the wheels are more circular,train,train,train,train,"[1, 10, 1013, 16, 34, 102, 2, 0, 0, 0, 0, 0, 0, 0, 0, 0, 0, 0]",wheel
141966,user_1778,The board has a wider nose,3DQQ64TANIE6L6VZFEJ3CVYJXZFPW8,345.0,8ae2871e13786052f42b80606c2f3752,skateboard,ShapeNet,db4c8bf323465e4c537d393009a79347,skateboard,ShapeNet,False,skateboard/ShapeNet/db4c8bf323465e4c537d393009a79347,skateboard/ShapeNet/8ae2871e13786052f42b80606c2f3752,True,skateboard,skateboard,1,"['the', 'board', 'has', 'a', 'wide', '-er', 'nose']",7,the board has a wide -er nose,train,train,train,train,"[1, 10, 948, 24, 26, 83, 9, 1593, 2, 0, 0, 0, 0, 0, 0, 0, 0, 0]",deck
141967,user_1796,The deck has hardware.,3TVSS0C0E3T4DYO6WVSNH5ZGM20TWH,48.0,8ae2871e13786052f42b80606c2f3752,skateboard,ShapeNet,db4c8bf323465e4c537d393009a79347,skateboard,ShapeNet,False,skateboard/ShapeNet/db4c8bf323465e4c537d393009a79347,skateboard/ShapeNet/8ae2871e13786052f42b80606c2f3752,True,skateboard,skateboard,1,"['the', 'deck', 'has', 'hardware']",4,the deck has hardware,train,train,train,train,"[1, 10, 1281, 24, 1602, 2, 0, 0, 0, 0, 0, 0, 0, 0, 0, 0, 0, 0]",deck
141977,user_948,The trucks are noticeable,3LOZAJ85YF6PIZZJNL4DI14XVW6X29,38.0,99130967461623c37ca71234c2ec5470,skateboard,ShapeNet,52ffc103719ae88ef0f40fbf85e100a,skateboard,ShapeNet,False,skateboard/ShapeNet/52ffc103719ae88ef0f40fbf85e100a,skateboard/ShapeNet/99130967461623c37ca71234c2ec5470,False,skateboard,skateboard,1,"['the', 'trucks', 'are', 'noticeable']",4,the trucks are noticeable,test,train,test,train,"[1, 10, 1595, 16, 819, 2, 0, 0, 0, 0, 0, 0, 0, 0, 0, 0, 0, 0]",truck
141978,user_1298,The trucks are elevated higher.,3HL8HNGX47UJIXTX80D6MHC4XSA9F2,30.0,99130967461623c37ca71234c2ec5470,skateboard,ShapeNet,52ffc103719ae88ef0f40fbf85e100a,skateboard,ShapeNet,False,skateboard/ShapeNet/52ffc103719ae88ef0f40fbf85e100a,skateboard/ShapeNet/99130967461623c37ca71234c2ec5470,False,skateboard,skateboard,1,"['the', 'trucks', 'are', 'elevated', 'high', '-er']",6,the trucks are elevated high -er,test,train,test,train,"[1, 10, 1595, 16, 1667, 49, 9, 2, 0, 0, 0, 0, 0, 0, 0, 0, 0, 0]",truck
141979,user_1644,the board is longer,3SITXWYCNX2J6CZF6EXOJU71PXLXB3,40.0,99130967461623c37ca71234c2ec5470,skateboard,ShapeNet,52ffc103719ae88ef0f40fbf85e100a,skateboard,ShapeNet,False,skateboard/ShapeNet/52ffc103719ae88ef0f40fbf85e100a,skateboard/ShapeNet/99130967461623c37ca71234c2ec5470,False,skateboard,skateboard,1,"['the', 'board', 'is', 'long', '-er']",5,the board is long -er,test,train,test,train,"[1, 10, 948, 7, 32, 9, 2, 0, 0, 0, 0, 0, 0, 0, 0, 0, 0, 0]",deck
141983,user_156,The ends of its deck indent slightly before sloping upward.,34X6J5FLPVR5FYWF8SFDNAUL01TQJA,55.0,792953b4101753c6ed3696d854eee1ec,skateboard,ShapeNet,36221454034311a4fcaae723fa352fe6,skateboard,ShapeNet,False,skateboard/ShapeNet/36221454034311a4fcaae723fa352fe6,skateboard/ShapeNet/792953b4101753c6ed3696d854eee1ec,True,skateboard,skateboard,1,"['the', 'ends', 'of', 'its', 'deck', 'indent', 'slightly', 'before', 'sloping', 'upward']",10,the ends of its deck indent slightly before sloping upward,train,train,train,train,"[1, 10, 247, 38, 5, 1281, 1527, 174, 162, 1352, 79, 2, 0, 0, 0, 0, 0, 0]",deck
141984,user_1357,The trucks are less visible,3UOUJI6MTF7Y2B8L65EJOKZPEINUXC,39.0,792953b4101753c6ed3696d854eee1ec,skateboard,ShapeNet,36221454034311a4fcaae723fa352fe6,skateboard,ShapeNet,False,skateboard/ShapeNet/36221454034311a4fcaae723fa352fe6,skateboard/ShapeNet/792953b4101753c6ed3696d854eee1ec,True,skateboard,skateboard,1,"['the', 'trucks', 'are', 'less', 'visible']",5,the trucks are less visible,train,train,train,train,"[1, 10, 1595, 16, 229, 185, 2, 0, 0, 0, 0, 0, 0, 0, 0, 0, 0, 0]",truck
141989,user_152,it has a thinner deck,37FMASSAYEKMGHAK7SXNGKKM1K3BI3,37.0,e7c330f4c4421dbb24e49a3e82c3d033,skateboard,ShapeNet,4f409f31b182075511b6d7dda2bf041e,skateboard,ShapeNet,False,skateboard/ShapeNet/4f409f31b182075511b6d7dda2bf041e,skateboard/ShapeNet/e7c330f4c4421dbb24e49a3e82c3d033,False,skateboard,skateboard,1,"['it', 'has', 'a', 'thin', '-er', 'deck']",6,it has a thin -er deck,test,train,test,train,"[1, 23, 24, 26, 60, 9, 1281, 2, 0, 0, 0, 0, 0, 0, 0, 0, 0, 0]",deck
141990,user_1433,The deck is thin,3SKRO2GZ73KC9EIG5YPANOMQ7CX1KH,459.0,e7c330f4c4421dbb24e49a3e82c3d033,skateboard,ShapeNet,4f409f31b182075511b6d7dda2bf041e,skateboard,ShapeNet,False,skateboard/ShapeNet/4f409f31b182075511b6d7dda2bf041e,skateboard/ShapeNet/e7c330f4c4421dbb24e49a3e82c3d033,False,skateboard,skateboard,1,"['the', 'deck', 'is', 'thin']",4,the deck is thin,test,train,test,train,"[1, 10, 1281, 7, 60, 2, 0, 0, 0, 0, 0, 0, 0, 0, 0, 0, 0, 0]",deck
141991,user_1644,the deck is thinner,3YWRV122CUS8NA7DYX2R8LIWN968UA,82.0,e7c330f4c4421dbb24e49a3e82c3d033,skateboard,ShapeNet,4f409f31b182075511b6d7dda2bf041e,skateboard,ShapeNet,False,skateboard/ShapeNet/4f409f31b182075511b6d7dda2bf041e,skateboard/ShapeNet/e7c330f4c4421dbb24e49a3e82c3d033,False,skateboard,skateboard,1,"['the', 'deck', 'is', 'thin', '-er']",5,the deck is thin -er,test,train,test,train,"[1, 10, 1281, 7, 60, 9, 2, 0, 0, 0, 0, 0, 0, 0, 0, 0, 0, 0]",deck
141997,user_1796,The wheels are larger.,31Q0U3WYDR8OEZBWM401JJH41S171L,45.0,d7045c95ab319b711082f2ea630bf69e,skateboard,ShapeNet,ae28ad55a38200ff1c5f9eddd7cde6be,skateboard,ShapeNet,False,skateboard/ShapeNet/ae28ad55a38200ff1c5f9eddd7cde6be,skateboard/ShapeNet/d7045c95ab319b711082f2ea630bf69e,True,skateboard,skateboard,1,"['the', 'wheels', 'are', 'large', '-er']",5,the wheels are large -er,train,train,train,train,"[1, 10, 1013, 16, 94, 9, 2, 0, 0, 0, 0, 0, 0, 0, 0, 0, 0, 0]",wheel
142001,user_203,The wheel diameter is smaller.,3EF8EXOTT3OHYUCYNDPYM9MDSN2J15,74.0,ae28ad55a38200ff1c5f9eddd7cde6be,skateboard,ShapeNet,5aec8d7745acbca498c63cb68f11df34,skateboard,ShapeNet,False,skateboard/ShapeNet/5aec8d7745acbca498c63cb68f11df34,skateboard/ShapeNet/ae28ad55a38200ff1c5f9eddd7cde6be,False,skateboard,skateboard,1,"['the', 'wheel', 'diameter', 'is', 'small', '-er']",6,the wheel diameter is small -er,train,train,train,train,"[1, 10, 544, 268, 7, 111, 9, 2, 0, 0, 0, 0, 0, 0, 0, 0, 0, 0]",wheel
142002,user_948,The deck is just one piece,33TIN5LC063PIOASDQ5UB2JK33ZY9N,52.0,ae28ad55a38200ff1c5f9eddd7cde6be,skateboard,ShapeNet,5aec8d7745acbca498c63cb68f11df34,skateboard,ShapeNet,False,skateboard/ShapeNet/5aec8d7745acbca498c63cb68f11df34,skateboard/ShapeNet/ae28ad55a38200ff1c5f9eddd7cde6be,False,skateboard,skateboard,1,"['the', 'deck', 'is', 'just', 'one', 'piece']",6,the deck is just one piece,train,train,train,train,"[1, 10, 1281, 7, 406, 19, 65, 2, 0, 0, 0, 0, 0, 0, 0, 0, 0, 0]",deck
142004,user_468,The wheels are smaller in diameter,3K3R2QNK8DW81FQN3P858HD77FNU9K,78.0,573daccbcfdc94a3cbd54f2dfaecbd51,skateboard,ShapeNet,bdfa2c97ef7089d6b267718342f3f316,skateboard,ShapeNet,False,skateboard/ShapeNet/bdfa2c97ef7089d6b267718342f3f316,skateboard/ShapeNet/573daccbcfdc94a3cbd54f2dfaecbd51,True,skateboard,skateboard,1,"['the', 'wheels', 'are', 'small', '-er', 'in', 'diameter']",7,the wheels are small -er in diameter,train,train,train,train,"[1, 10, 1013, 16, 111, 9, 90, 268, 2, 0, 0, 0, 0, 0, 0, 0, 0, 0]",wheel
142005,user_1633,The target has smaller wheels.,3JMSRU9HQKNP9Q64GQYWWHG1CJDEV4,30.0,573daccbcfdc94a3cbd54f2dfaecbd51,skateboard,ShapeNet,bdfa2c97ef7089d6b267718342f3f316,skateboard,ShapeNet,False,skateboard/ShapeNet/bdfa2c97ef7089d6b267718342f3f316,skateboard/ShapeNet/573daccbcfdc94a3cbd54f2dfaecbd51,True,skateboard,skateboard,1,"['the', 'target', 'has', 'small', '-er', 'wheels']",6,the target has small -er wheels,train,train,train,train,"[1, 10, 11, 24, 111, 9, 1013, 2, 0, 0, 0, 0, 0, 0, 0, 0, 0, 0]",wheel
142010,user_567,The board is fatter in the center and skinner at the ends.,3NS0A6KXC6142O75NIDNHQE9DATZG1,96.0,36aaae334d636ec28043db94fbc8c982,skateboard,ShapeNet,99aef9f6486d3d90b267718342f3f316,skateboard,ShapeNet,False,skateboard/ShapeNet/99aef9f6486d3d90b267718342f3f316,skateboard/ShapeNet/36aaae334d636ec28043db94fbc8c982,True,skateboard,skateboard,1,"['the', 'board', 'is', 'fat', '-er', 'in', 'the', 'center', 'and', 'skinny', '-er', 'at', 'the', 'ends']",14,the board is fat -er in the center and skinny -er at the ends,train,train,train,train,"[1, 10, 948, 7, 866, 9, 90, 10, 165, 47, 282, 9, 98, 10, 247, 2, 0, 0]",deck
142011,user_1685,Deck looks to have a plastic exterior,3TS1AR6UQS7F4E54T3FM8LLY22IF7S,66.0,36aaae334d636ec28043db94fbc8c982,skateboard,ShapeNet,99aef9f6486d3d90b267718342f3f316,skateboard,ShapeNet,False,skateboard/ShapeNet/99aef9f6486d3d90b267718342f3f316,skateboard/ShapeNet/36aaae334d636ec28043db94fbc8c982,True,skateboard,skateboard,1,"['deck', 'looks', 'to', 'have', 'a', 'plastic', 'exterior']",7,deck looks to have a plastic exterior,train,train,train,train,"[1, 1281, 33, 58, 84, 26, 2738, 1718, 2, 0, 0, 0, 0, 0, 0, 0, 0, 0]",deck
142012,user_1796,The truck hanger is thicker.,3WOKGM4L739VSGID77D3G0KPMP50O1,105.0,36aaae334d636ec28043db94fbc8c982,skateboard,ShapeNet,99aef9f6486d3d90b267718342f3f316,skateboard,ShapeNet,False,skateboard/ShapeNet/99aef9f6486d3d90b267718342f3f316,skateboard/ShapeNet/36aaae334d636ec28043db94fbc8c982,True,skateboard,skateboard,1,"['the', 'truck', 'hanger', 'is', 'thick', '-er']",6,the truck hanger is thick -er,train,train,train,train,"[1, 10, 1606, 1654, 7, 54, 9, 2, 0, 0, 0, 0, 0, 0, 0, 0, 0, 0]",truck
142017,user_1246,The deck is shorter in width,3OVHNO1VE8U1Q4XELSCFB5BC0IGZDU,44.0,a6d560508fb2fe2858dda0079c7c30f2,skateboard,ShapeNet,1ad8d7573dc57ebc247a956ed3779e34,skateboard,ShapeNet,False,skateboard/ShapeNet/1ad8d7573dc57ebc247a956ed3779e34,skateboard/ShapeNet/a6d560508fb2fe2858dda0079c7c30f2,True,skateboard,skateboard,1,"['the', 'deck', 'is', 'short', '-er', 'in', 'width']",7,the deck is short -er in width,train,train,train,train,"[1, 10, 1281, 7, 8, 9, 90, 358, 2, 0, 0, 0, 0, 0, 0, 0, 0, 0]",deck
142018,user_1298,The deck is flatter.,3UN61F00HYIXK0WUW50JRQLLEK1R5N,29.0,a6d560508fb2fe2858dda0079c7c30f2,skateboard,ShapeNet,1ad8d7573dc57ebc247a956ed3779e34,skateboard,ShapeNet,False,skateboard/ShapeNet/1ad8d7573dc57ebc247a956ed3779e34,skateboard/ShapeNet/a6d560508fb2fe2858dda0079c7c30f2,True,skateboard,skateboard,1,"['the', 'deck', 'is', 'flat', '-er']",5,the deck is flat -er,train,train,train,train,"[1, 10, 1281, 7, 129, 9, 2, 0, 0, 0, 0, 0, 0, 0, 0, 0, 0, 0]",deck
142026,user_948,The deck is wider,3OF2M9AATIH94A3OD9Y2FI62KREKZT,45.0,58ae991bd0350810b9ac379f661f5c75,skateboard,ShapeNet,2785d91a40cd41a659c9250a427b57f,skateboard,ShapeNet,False,skateboard/ShapeNet/2785d91a40cd41a659c9250a427b57f,skateboard/ShapeNet/58ae991bd0350810b9ac379f661f5c75,True,skateboard,skateboard,1,"['the', 'deck', 'is', 'wide', '-er']",5,the deck is wide -er,train,train,train,train,"[1, 10, 1281, 7, 83, 9, 2, 0, 0, 0, 0, 0, 0, 0, 0, 0, 0, 0]",deck
142029,user_549,The deck appears about a third shorter.,3I3WADAZ9SXUNN4E4DJFXVGG32SO5W,94.0,48bf45bffab55d7cf14c37b285d25cdf,skateboard,ShapeNet,10b81426bea7f98b5e38a8a610bb08f5,skateboard,ShapeNet,False,skateboard/ShapeNet/10b81426bea7f98b5e38a8a610bb08f5,skateboard/ShapeNet/48bf45bffab55d7cf14c37b285d25cdf,True,skateboard,skateboard,1,"['the', 'deck', 'appears', 'about', 'a', 'third', 'short', '-er']",8,the deck appears about a third short -er,val,train,val,train,"[1, 10, 1281, 411, 519, 26, 1017, 8, 9, 2, 0, 0, 0, 0, 0, 0, 0, 0]",deck
142030,user_1298,The deck is wider.,3KGTPGBS6ZEX1V5OIGTQYU5T19EU2T,30.0,48bf45bffab55d7cf14c37b285d25cdf,skateboard,ShapeNet,10b81426bea7f98b5e38a8a610bb08f5,skateboard,ShapeNet,False,skateboard/ShapeNet/10b81426bea7f98b5e38a8a610bb08f5,skateboard/ShapeNet/48bf45bffab55d7cf14c37b285d25cdf,True,skateboard,skateboard,1,"['the', 'deck', 'is', 'wide', '-er']",5,the deck is wide -er,val,train,val,train,"[1, 10, 1281, 7, 83, 9, 2, 0, 0, 0, 0, 0, 0, 0, 0, 0, 0, 0]",deck
142032,user_1815,Deck is flatter,3P529IW9K0EEJZU6XXGWRQ3ZXORLFF,74.0,d7045c95ab319b711082f2ea630bf69e,skateboard,ShapeNet,90dbe261a4d56dcf1082f2ea630bf69e,skateboard,ShapeNet,False,skateboard/ShapeNet/90dbe261a4d56dcf1082f2ea630bf69e,skateboard/ShapeNet/d7045c95ab319b711082f2ea630bf69e,True,skateboard,skateboard,1,"['deck', 'is', 'flat', '-er']",4,deck is flat -er,test,train,test,train,"[1, 1281, 7, 129, 9, 2, 0, 0, 0, 0, 0, 0, 0, 0, 0, 0, 0, 0]",deck
142033,user_2044,The board does not have raised edges.,3ZY8KE4ISLWE6TW9PHTWQY5FVO2VQ2,40.0,d7045c95ab319b711082f2ea630bf69e,skateboard,ShapeNet,90dbe261a4d56dcf1082f2ea630bf69e,skateboard,ShapeNet,False,skateboard/ShapeNet/90dbe261a4d56dcf1082f2ea630bf69e,skateboard/ShapeNet/d7045c95ab319b711082f2ea630bf69e,True,skateboard,skateboard,1,"['the', 'board', 'does', 'not', 'have', 'raised', 'edges']",7,the board does not have raised edges,test,train,test,train,"[1, 10, 948, 39, 40, 84, 681, 325, 2, 0, 0, 0, 0, 0, 0, 0, 0, 0]",deck
142034,user_948,The deck has fewer ridges,32RIADZISUXRPWS7XPHEC8K30QP4SJ,50.0,5fba47ad66c45cd113314092564c13fd,skateboard,ShapeNet,a1d36f02d20d18db6a2979228046d9f9,skateboard,ShapeNet,False,skateboard/ShapeNet/a1d36f02d20d18db6a2979228046d9f9,skateboard/ShapeNet/5fba47ad66c45cd113314092564c13fd,True,skateboard,skateboard,1,"['the', 'deck', 'has', 'few', '-er', 'ridges']",6,the deck has few -er ridges,train,train,train,train,"[1, 10, 1281, 24, 859, 9, 584, 2, 0, 0, 0, 0, 0, 0, 0, 0, 0, 0]",deck
142035,user_1218,The wheels are more cylindrical.,3YOH7BII0B0SVQYECC9ZUCT6WG4KVP,48.0,5fba47ad66c45cd113314092564c13fd,skateboard,ShapeNet,a1d36f02d20d18db6a2979228046d9f9,skateboard,ShapeNet,False,skateboard/ShapeNet/a1d36f02d20d18db6a2979228046d9f9,skateboard/ShapeNet/5fba47ad66c45cd113314092564c13fd,True,skateboard,skateboard,1,"['the', 'wheels', 'are', 'more', 'cylindrical']",5,the wheels are more cylindrical,train,train,train,train,"[1, 10, 1013, 16, 34, 176, 2, 0, 0, 0, 0, 0, 0, 0, 0, 0, 0, 0]",wheel
142036,user_1246,The trucks are larger in length,3DY4FPOOA3HEIUB92WIWVOFKR81VRW,49.0,5fba47ad66c45cd113314092564c13fd,skateboard,ShapeNet,a1d36f02d20d18db6a2979228046d9f9,skateboard,ShapeNet,False,skateboard/ShapeNet/a1d36f02d20d18db6a2979228046d9f9,skateboard/ShapeNet/5fba47ad66c45cd113314092564c13fd,True,skateboard,skateboard,1,"['the', 'trucks', 'are', 'large', '-er', 'in', 'length']",7,the trucks are large -er in length,train,train,train,train,"[1, 10, 1595, 16, 94, 9, 90, 155, 2, 0, 0, 0, 0, 0, 0, 0, 0, 0]",truck
142038,user_1298,There are no wheels.,3TVSS0C0E3T4DYO6WVSNH5ZGM22TWJ,26.0,16edf6f6574568723f7198a00163bb6,skateboard,ShapeNet,1e5fd1de723cc66cbb1ed6d4d8526a19,skateboard,ShapeNet,False,skateboard/ShapeNet/1e5fd1de723cc66cbb1ed6d4d8526a19,skateboard/ShapeNet/16edf6f6574568723f7198a00163bb6,True,skateboard,skateboard,1,"['there', 'are', 'no', 'wheels']",4,there are no wheels,train,train,train,train,"[1, 15, 16, 123, 1013, 2, 0, 0, 0, 0, 0, 0, 0, 0, 0, 0, 0, 0]",wheel
142039,user_1815,Deck is wider,36V4Q8R5ZMTVG620BPS532M24VQQMG,80.0,16edf6f6574568723f7198a00163bb6,skateboard,ShapeNet,1e5fd1de723cc66cbb1ed6d4d8526a19,skateboard,ShapeNet,False,skateboard/ShapeNet/1e5fd1de723cc66cbb1ed6d4d8526a19,skateboard/ShapeNet/16edf6f6574568723f7198a00163bb6,True,skateboard,skateboard,1,"['deck', 'is', 'wide', '-er']",4,deck is wide -er,train,train,train,train,"[1, 1281, 7, 83, 9, 2, 0, 0, 0, 0, 0, 0, 0, 0, 0, 0, 0, 0]",deck
142040,user_468,There are visible hardware holes on the top of the deck,3JWH6J9I9U6EUILB48AFLSG3NJYBNK,37.0,7a00dee660ee94f5dfa6594bd6ded322,skateboard,ShapeNet,141616a00df67c351082f2ea630bf69e,skateboard,ShapeNet,False,skateboard/ShapeNet/141616a00df67c351082f2ea630bf69e,skateboard/ShapeNet/7a00dee660ee94f5dfa6594bd6ded322,False,skateboard,skateboard,1,"['there', 'are', 'visible', 'hardware', 'holes', 'on', 'the', 'top', 'of', 'the', 'deck']",11,there are visible hardware holes on the top of the deck,train,train,train,train,"[1, 15, 16, 185, 1602, 234, 20, 10, 99, 38, 10, 1281, 2, 0, 0, 0, 0, 0]",deck
142042,user_1796,The deck's lip is fatter.,3E1QT0TDFR23EJCD4GDDPIULTEI8I1,85.0,7a00dee660ee94f5dfa6594bd6ded322,skateboard,ShapeNet,141616a00df67c351082f2ea630bf69e,skateboard,ShapeNet,False,skateboard/ShapeNet/141616a00df67c351082f2ea630bf69e,skateboard/ShapeNet/7a00dee660ee94f5dfa6594bd6ded322,False,skateboard,skateboard,1,"['the', 'deck', ""'s"", 'lip', 'is', 'fat', '-er']",7,the deck 's lip is fat -er,train,train,train,train,"[1, 10, 1281, 12, 125, 7, 866, 9, 2, 0, 0, 0, 0, 0, 0, 0, 0, 0]",deck
142047,user_1357,The deck is thinner,34BBWHLWHC4E4K8V2JTJ3YX7BMBIWI,38.0,7c009b2a37ad02a9a72f80277e176a2f,skateboard,ShapeNet,97a1800db9a625bc28044fe9244db50a,skateboard,ShapeNet,False,skateboard/ShapeNet/97a1800db9a625bc28044fe9244db50a,skateboard/ShapeNet/7c009b2a37ad02a9a72f80277e176a2f,False,skateboard,skateboard,1,"['the', 'deck', 'is', 'thin', '-er']",5,the deck is thin -er,train,train,train,train,"[1, 10, 1281, 7, 60, 9, 2, 0, 0, 0, 0, 0, 0, 0, 0, 0, 0, 0]",deck
142048,user_1644,there are no fixing bolts on the deck,3SB4CE2TJXOEN2UN00XSOJNV7FXAXI,45.0,7c009b2a37ad02a9a72f80277e176a2f,skateboard,ShapeNet,97a1800db9a625bc28044fe9244db50a,skateboard,ShapeNet,False,skateboard/ShapeNet/97a1800db9a625bc28044fe9244db50a,skateboard/ShapeNet/7c009b2a37ad02a9a72f80277e176a2f,False,skateboard,skateboard,1,"['there', 'are', 'no', 'fixing', 'bolts', 'on', 'the', 'deck']",8,there are no fixing bolts on the deck,train,train,train,train,"[1, 15, 16, 123, 1610, 1611, 20, 10, 1281, 2, 0, 0, 0, 0, 0, 0, 0, 0]",deck
142050,user_1950,targets wheels are round  without indentation,3QL2OFSM98BX4NDHI86AWCML54YNC3,170.0,d7045c95ab319b711082f2ea630bf69e,skateboard,ShapeNet,5aec8d7745acbca498c63cb68f11df34,skateboard,ShapeNet,False,skateboard/ShapeNet/5aec8d7745acbca498c63cb68f11df34,skateboard/ShapeNet/d7045c95ab319b711082f2ea630bf69e,True,skateboard,skateboard,1,"['target', ""'s"", 'wheels', 'are', 'round', 'without', 'indentation']",7,target 's wheels are round without indentation,train,train,train,train,"[1, 11, 12, 1013, 16, 134, 803, 653, 2, 0, 0, 0, 0, 0, 0, 0, 0, 0]",wheel
142051,user_1992,The front of the deck is up at an angle.,3IO1LGZLKBQNLZHC2F4OSF4GKNN685,90.0,d7045c95ab319b711082f2ea630bf69e,skateboard,ShapeNet,5aec8d7745acbca498c63cb68f11df34,skateboard,ShapeNet,False,skateboard/ShapeNet/5aec8d7745acbca498c63cb68f11df34,skateboard/ShapeNet/d7045c95ab319b711082f2ea630bf69e,True,skateboard,skateboard,1,"['the', 'front', 'of', 'the', 'deck', 'is', 'up', 'at', 'an', 'angle']",10,the front of the deck is up at an angle,train,train,train,train,"[1, 10, 37, 38, 10, 1281, 7, 269, 98, 72, 106, 2, 0, 0, 0, 0, 0, 0]",deck
142053,user_468,The deck curves up at the tail,338JKRMM28SH1CU8VWF6LXZ1JP2AHD,42.0,f5d7698b5a57d61226e0640b67de606,skateboard,ShapeNet,994dc9307a0f228e30eaaf40a8a562c1,skateboard,ShapeNet,False,skateboard/ShapeNet/994dc9307a0f228e30eaaf40a8a562c1,skateboard/ShapeNet/f5d7698b5a57d61226e0640b67de606,False,skateboard,skateboard,1,"['the', 'deck', 'curves', 'up', 'at', 'the', 'tail']",7,the deck curves up at the tail,train,train,train,train,"[1, 10, 1281, 156, 269, 98, 10, 1594, 2, 0, 0, 0, 0, 0, 0, 0, 0, 0]",deck
142054,user_1298,The deck is shorter.,39KFRKBFIPOSPBEYFFOC8SE9Y2LOYR,24.0,f5d7698b5a57d61226e0640b67de606,skateboard,ShapeNet,994dc9307a0f228e30eaaf40a8a562c1,skateboard,ShapeNet,False,skateboard/ShapeNet/994dc9307a0f228e30eaaf40a8a562c1,skateboard/ShapeNet/f5d7698b5a57d61226e0640b67de606,False,skateboard,skateboard,1,"['the', 'deck', 'is', 'short', '-er']",5,the deck is short -er,train,train,train,train,"[1, 10, 1281, 7, 8, 9, 2, 0, 0, 0, 0, 0, 0, 0, 0, 0, 0, 0]",deck
142055,user_42,The deck is flatter in the center,3EFE17QCREYL18G2CW1X6XT75WTHS2,72.0,eb6246b73afb6383b77008f97c3030c,skateboard,ShapeNet,c0280aaad5473e8398c63cb68f11df34,skateboard,ShapeNet,False,skateboard/ShapeNet/c0280aaad5473e8398c63cb68f11df34,skateboard/ShapeNet/eb6246b73afb6383b77008f97c3030c,True,skateboard,skateboard,1,"['the', 'deck', 'is', 'flat', '-er', 'in', 'the', 'center']",8,the deck is flat -er in the center,train,train,train,train,"[1, 10, 1281, 7, 129, 9, 90, 10, 165, 2, 0, 0, 0, 0, 0, 0, 0, 0]",deck
142056,user_203,The deck holes are visible.,324G5B4FB51O7AQEQLW15EYUW1770W,74.0,eb6246b73afb6383b77008f97c3030c,skateboard,ShapeNet,c0280aaad5473e8398c63cb68f11df34,skateboard,ShapeNet,False,skateboard/ShapeNet/c0280aaad5473e8398c63cb68f11df34,skateboard/ShapeNet/eb6246b73afb6383b77008f97c3030c,True,skateboard,skateboard,1,"['the', 'deck', 'holes', 'are', 'visible']",5,the deck holes are visible,train,train,train,train,"[1, 10, 1281, 234, 16, 185, 2, 0, 0, 0, 0, 0, 0, 0, 0, 0, 0, 0]",deck
142064,user_948,The wheels are smaller,3P529IW9K0EEJZU6XXGWRQ3ZXMPLF9,29.0,c4b7db8e09375b4d6830ad3775f4cffc,skateboard,ShapeNet,87115860707b0208813c2f803c03ef9f,skateboard,ShapeNet,False,skateboard/ShapeNet/87115860707b0208813c2f803c03ef9f,skateboard/ShapeNet/c4b7db8e09375b4d6830ad3775f4cffc,True,skateboard,skateboard,1,"['the', 'wheels', 'are', 'small', '-er']",5,the wheels are small -er,train,train,train,train,"[1, 10, 1013, 16, 111, 9, 2, 0, 0, 0, 0, 0, 0, 0, 0, 0, 0, 0]",wheel
142065,user_1357,The trucks are thinner,3ZDAD0O1T36J2YTW60O9JODNV4HXTP,63.0,c4b7db8e09375b4d6830ad3775f4cffc,skateboard,ShapeNet,87115860707b0208813c2f803c03ef9f,skateboard,ShapeNet,False,skateboard/ShapeNet/87115860707b0208813c2f803c03ef9f,skateboard/ShapeNet/c4b7db8e09375b4d6830ad3775f4cffc,True,skateboard,skateboard,1,"['the', 'trucks', 'are', 'thin', '-er']",5,the trucks are thin -er,train,train,train,train,"[1, 10, 1595, 16, 60, 9, 2, 0, 0, 0, 0, 0, 0, 0, 0, 0, 0, 0]",truck
142067,user_1246,Much smaller whells,3W92K5RLWWAPD7DB5P5TSNAOZQE5VU,95.0,c7482cb7a8db514921cafafd7e7949c7,skateboard,ShapeNet,cf04a6f4312be2c0d6f39b72607d85d7,skateboard,ShapeNet,False,skateboard/ShapeNet/cf04a6f4312be2c0d6f39b72607d85d7,skateboard/ShapeNet/c7482cb7a8db514921cafafd7e7949c7,True,skateboard,skateboard,1,"['much', 'small', '-er', 'wheels']",4,much small -er wheels,test,train,test,train,"[1, 59, 111, 9, 1013, 2, 0, 0, 0, 0, 0, 0, 0, 0, 0, 0, 0, 0]",wheel
142068,user_1298,The trucks and hardware are placed closer to the cente/,3PMBY0YE29WCFL9NHYN5EBR10FI9CR,50.0,c7482cb7a8db514921cafafd7e7949c7,skateboard,ShapeNet,cf04a6f4312be2c0d6f39b72607d85d7,skateboard,ShapeNet,False,skateboard/ShapeNet/cf04a6f4312be2c0d6f39b72607d85d7,skateboard/ShapeNet/c7482cb7a8db514921cafafd7e7949c7,True,skateboard,skateboard,1,"['the', 'trucks', 'and', 'hardware', 'are', 'placed', 'close', '-er', 'to', 'the', 'centre']",11,the trucks and hardware are placed close -er to the centre,test,train,test,train,"[1, 10, 1595, 47, 1602, 16, 260, 1025, 9, 58, 10, 1623, 2, 0, 0, 0, 0, 0]",truck
142069,user_1644,the deck is thinner,34S6N1K2ZXCYXVLCSN4WUBFCD13HL4,95.0,c7482cb7a8db514921cafafd7e7949c7,skateboard,ShapeNet,cf04a6f4312be2c0d6f39b72607d85d7,skateboard,ShapeNet,False,skateboard/ShapeNet/cf04a6f4312be2c0d6f39b72607d85d7,skateboard/ShapeNet/c7482cb7a8db514921cafafd7e7949c7,True,skateboard,skateboard,1,"['the', 'deck', 'is', 'thin', '-er']",5,the deck is thin -er,test,train,test,train,"[1, 10, 1281, 7, 60, 9, 2, 0, 0, 0, 0, 0, 0, 0, 0, 0, 0, 0]",deck
142070,user_252,The hardware is centered in the middle of the deck.,3N1FSUEFL7TLN79P0ZMPH9Y3ZNDD4W,174.0,484a49065ab1430624256fd51423318f,skateboard,ShapeNet,570fae86bb5e1843d587b281fa5e7b27,skateboard,ShapeNet,False,skateboard/ShapeNet/570fae86bb5e1843d587b281fa5e7b27,skateboard/ShapeNet/484a49065ab1430624256fd51423318f,True,skateboard,skateboard,1,"['the', 'hardware', 'is', 'centered', 'in', 'the', 'middle', 'of', 'the', 'deck']",10,the hardware is centered in the middle of the deck,train,train,train,train,"[1, 10, 1602, 7, 1720, 90, 10, 232, 38, 10, 1281, 2, 0, 0, 0, 0, 0, 0]",deck
142071,user_948,The deck is more curved,3QECW5O0KJUA0F9M0U5ER5M325XT51,59.0,484a49065ab1430624256fd51423318f,skateboard,ShapeNet,570fae86bb5e1843d587b281fa5e7b27,skateboard,ShapeNet,False,skateboard/ShapeNet/570fae86bb5e1843d587b281fa5e7b27,skateboard/ShapeNet/484a49065ab1430624256fd51423318f,True,skateboard,skateboard,1,"['the', 'deck', 'is', 'more', 'curved']",5,the deck is more curved,train,train,train,train,"[1, 10, 1281, 7, 34, 51, 2, 0, 0, 0, 0, 0, 0, 0, 0, 0, 0, 0]",deck
142072,user_1815,"Wide, flat, angled truck hanger",3WS1NTTKE051M35K84UDT6BBUQH0FM,154.0,484a49065ab1430624256fd51423318f,skateboard,ShapeNet,570fae86bb5e1843d587b281fa5e7b27,skateboard,ShapeNet,False,skateboard/ShapeNet/570fae86bb5e1843d587b281fa5e7b27,skateboard/ShapeNet/484a49065ab1430624256fd51423318f,True,skateboard,skateboard,1,"['wide', 'flat', 'angled', 'truck', 'hanger']",5,wide flat angled truck hanger,train,train,train,train,"[1, 83, 129, 168, 1606, 1654, 2, 0, 0, 0, 0, 0, 0, 0, 0, 0, 0, 0]",truck
142073,user_203,The wheel diameter is smaller.,3SKRO2GZ73KC9EIG5YPANOMQ7C2K15,45.0,f52d56b5f81f1258c70ae17ca06472e1,skateboard,ShapeNet,776eaffd7cbe7bc6b9e8bdc9c4a49aa2,skateboard,ShapeNet,False,skateboard/ShapeNet/776eaffd7cbe7bc6b9e8bdc9c4a49aa2,skateboard/ShapeNet/f52d56b5f81f1258c70ae17ca06472e1,True,skateboard,skateboard,1,"['the', 'wheel', 'diameter', 'is', 'small', '-er']",6,the wheel diameter is small -er,train,train,train,train,"[1, 10, 544, 268, 7, 111, 9, 2, 0, 0, 0, 0, 0, 0, 0, 0, 0, 0]",wheel
142074,user_1246,The wheels are smaller,3U0SRXB7CFY1AP2005W5L7L755ZNR7,43.0,f52d56b5f81f1258c70ae17ca06472e1,skateboard,ShapeNet,776eaffd7cbe7bc6b9e8bdc9c4a49aa2,skateboard,ShapeNet,False,skateboard/ShapeNet/776eaffd7cbe7bc6b9e8bdc9c4a49aa2,skateboard/ShapeNet/f52d56b5f81f1258c70ae17ca06472e1,True,skateboard,skateboard,1,"['the', 'wheels', 'are', 'small', '-er']",5,the wheels are small -er,train,train,train,train,"[1, 10, 1013, 16, 111, 9, 2, 0, 0, 0, 0, 0, 0, 0, 0, 0, 0, 0]",wheel
142076,user_203,The front wheel diameter is greater.,3YJ6NA41JD9KFMV08F0ON54BV38PJF,105.0,97a1800db9a625bc28044fe9244db50a,skateboard,ShapeNet,ccc91585d5d614a3ad3e04762b7c31c,skateboard,ShapeNet,False,skateboard/ShapeNet/ccc91585d5d614a3ad3e04762b7c31c,skateboard/ShapeNet/97a1800db9a625bc28044fe9244db50a,True,skateboard,skateboard,1,"['the', 'front', 'wheel', 'diameter', 'is', 'great', '-er']",7,the front wheel diameter is great -er,train,train,train,train,"[1, 10, 37, 544, 268, 7, 188, 9, 2, 0, 0, 0, 0, 0, 0, 0, 0, 0]",wheel
142079,user_571,The deck looks more symmetric,3OLF68YTNBUXNG3206R6ICNO3C9AF3,46.0,ff04077cb675226a1082f2ea630bf69e,skateboard,ShapeNet,380433d04091e04d3270ed754ff7ec06,skateboard,ShapeNet,False,skateboard/ShapeNet/380433d04091e04d3270ed754ff7ec06,skateboard/ShapeNet/ff04077cb675226a1082f2ea630bf69e,True,skateboard,skateboard,1,"['the', 'deck', 'looks', 'more', 'symmetric']",5,the deck looks more symmetric,train,train,train,train,"[1, 10, 1281, 33, 34, 788, 2, 0, 0, 0, 0, 0, 0, 0, 0, 0, 0, 0]",deck
142081,user_1124,Target has narrower wheels.,3BXQMRHWK1RN8Z9HSYCAD3JR7EVMUC,161.0,ff04077cb675226a1082f2ea630bf69e,skateboard,ShapeNet,380433d04091e04d3270ed754ff7ec06,skateboard,ShapeNet,False,skateboard/ShapeNet/380433d04091e04d3270ed754ff7ec06,skateboard/ShapeNet/ff04077cb675226a1082f2ea630bf69e,True,skateboard,skateboard,1,"['target', 'has', 'narrow', '-er', 'wheels']",5,target has narrow -er wheels,train,train,train,train,"[1, 11, 24, 210, 9, 1013, 2, 0, 0, 0, 0, 0, 0, 0, 0, 0, 0, 0]",wheel
142082,user_468,The tail of the deck is flat,3E47SOBEYSP5QM2QLSTIR4Q4J52ICG,26.0,f52d56b5f81f1258c70ae17ca06472e1,skateboard,ShapeNet,26cd3bfcef1e254f82b02baba7166175,skateboard,ShapeNet,False,skateboard/ShapeNet/26cd3bfcef1e254f82b02baba7166175,skateboard/ShapeNet/f52d56b5f81f1258c70ae17ca06472e1,False,skateboard,skateboard,1,"['the', 'tail', 'of', 'the', 'deck', 'is', 'flat']",7,the tail of the deck is flat,test,train,test,train,"[1, 10, 1594, 38, 10, 1281, 7, 129, 2, 0, 0, 0, 0, 0, 0, 0, 0, 0]",deck
142086,user_1633,The target's deck is narrower.,3XCC1ODXDN4MDMFSGXOMP1GCAGKQRV,26.0,dcb9a62d5ef76f389da15808191f1405,skateboard,ShapeNet,79288e2c98c7be7c6e72f8cfa29d3672,skateboard,ShapeNet,False,skateboard/ShapeNet/79288e2c98c7be7c6e72f8cfa29d3672,skateboard/ShapeNet/dcb9a62d5ef76f389da15808191f1405,False,skateboard,skateboard,1,"['the', 'target', ""'s"", 'deck', 'is', 'narrow', '-er']",7,the target 's deck is narrow -er,train,train,train,train,"[1, 10, 11, 12, 1281, 7, 210, 9, 2, 0, 0, 0, 0, 0, 0, 0, 0, 0]",deck
142088,user_468,The truck axel is bigger,3IOEN3P9S9C5AZXR3UV9D5H86HH61L,30.0,c190e478faaca09baaf812076502792,skateboard,ShapeNet,98222a1e5f59f2098745e78dbc45802e,skateboard,ShapeNet,False,skateboard/ShapeNet/98222a1e5f59f2098745e78dbc45802e,skateboard/ShapeNet/c190e478faaca09baaf812076502792,False,skateboard,skateboard,1,"['the', 'truck', 'axel', 'is', 'big', '-er']",6,the truck axel is big -er,val,train,val,train,"[1, 10, 1606, 1637, 7, 320, 9, 2, 0, 0, 0, 0, 0, 0, 0, 0, 0, 0]",truck
142089,user_1392,It has wheels,3ND9UOO81MVGULG1NMQWVEPZSPJWLM,24.0,c190e478faaca09baaf812076502792,skateboard,ShapeNet,98222a1e5f59f2098745e78dbc45802e,skateboard,ShapeNet,False,skateboard/ShapeNet/98222a1e5f59f2098745e78dbc45802e,skateboard/ShapeNet/c190e478faaca09baaf812076502792,False,skateboard,skateboard,1,"['it', 'has', 'wheels']",3,it has wheels,val,train,val,train,"[1, 23, 24, 1013, 2, 0, 0, 0, 0, 0, 0, 0, 0, 0, 0, 0, 0, 0]",wheel
142090,user_1796,There are no wheels.,3300DTYQT4AX4IANUR4MQUHTVRWQEK,47.0,c190e478faaca09baaf812076502792,skateboard,ShapeNet,98222a1e5f59f2098745e78dbc45802e,skateboard,ShapeNet,False,skateboard/ShapeNet/98222a1e5f59f2098745e78dbc45802e,skateboard/ShapeNet/c190e478faaca09baaf812076502792,False,skateboard,skateboard,1,"['there', 'are', 'no', 'wheels']",4,there are no wheels,val,train,val,train,"[1, 15, 16, 123, 1013, 2, 0, 0, 0, 0, 0, 0, 0, 0, 0, 0, 0, 0]",wheel
142092,user_1815,Deck is flat with multiple tones,3QAVNHZ3EOXJN8DYMHU4DPS808ELA2,101.0,2026cbe0ebbe1153d975109d955e6652,skateboard,ShapeNet,fd3627deb2476b0f1f942c57ac0e8959,skateboard,ShapeNet,False,skateboard/ShapeNet/fd3627deb2476b0f1f942c57ac0e8959,skateboard/ShapeNet/2026cbe0ebbe1153d975109d955e6652,True,skateboard,skateboard,1,"['deck', 'is', 'flat', 'with', 'multiple', 'tones']",6,deck is flat with multiple tones,test,train,test,train,"[1, 1281, 7, 129, 121, 258, 5720, 2, 0, 0, 0, 0, 0, 0, 0, 0, 0, 0]",deck
142093,user_2044,The middle of the board does not distinctly dip down from the nose and tail.,3LOTDFNYA9SUUT651BNY01KFVVVFW2,173.0,2026cbe0ebbe1153d975109d955e6652,skateboard,ShapeNet,fd3627deb2476b0f1f942c57ac0e8959,skateboard,ShapeNet,False,skateboard/ShapeNet/fd3627deb2476b0f1f942c57ac0e8959,skateboard/ShapeNet/2026cbe0ebbe1153d975109d955e6652,True,skateboard,skateboard,1,"['the', 'middle', 'of', 'the', 'board', 'does', 'not', 'distinctly', 'dip', 'down', 'from', 'the', 'nose', 'and', 'tail']",15,the middle of the board does not distinctly dip down from the nose and tail,test,train,test,train,"[1, 10, 232, 38, 10, 948, 39, 40, 2642, 1600, 44, 113, 10, 1593, 47, 1594, 2, 0]",deck
142094,user_505,Target has no visible wheels,31IBVUNM9USHF460B1I2EZ11OKNFVI,59.0,16edf6f6574568723f7198a00163bb6,skateboard,ShapeNet,515f3fab6bee0c40de82f1e4605731da,skateboard,ShapeNet,False,skateboard/ShapeNet/515f3fab6bee0c40de82f1e4605731da,skateboard/ShapeNet/16edf6f6574568723f7198a00163bb6,True,skateboard,skateboard,1,"['target', 'has', 'no', 'visible', 'wheels']",5,target has no visible wheels,test,train,test,train,"[1, 11, 24, 123, 185, 1013, 2, 0, 0, 0, 0, 0, 0, 0, 0, 0, 0, 0]",wheel
142099,user_1796,The deck has hardware.,3570Y55XZRC4XYX0RWB43J577GSYGC,94.0,dcb9a62d5ef76f389da15808191f1405,skateboard,ShapeNet,8310154df085baf3e3cfaa4e6977fab6,skateboard,ShapeNet,False,skateboard/ShapeNet/8310154df085baf3e3cfaa4e6977fab6,skateboard/ShapeNet/dcb9a62d5ef76f389da15808191f1405,False,skateboard,skateboard,1,"['the', 'deck', 'has', 'hardware']",4,the deck has hardware,train,train,train,train,"[1, 10, 1281, 24, 1602, 2, 0, 0, 0, 0, 0, 0, 0, 0, 0, 0, 0, 0]",deck
142100,user_883,Wheel has slighter indentation where axle nut goes.,3570Y55XZRC4XYX0RWB43J577HTYGF,327.0,5aec8d7745acbca498c63cb68f11df34,skateboard,ShapeNet,488b9ae283b800b282ec895e014b9eb3,skateboard,ShapeNet,False,skateboard/ShapeNet/488b9ae283b800b282ec895e014b9eb3,skateboard/ShapeNet/5aec8d7745acbca498c63cb68f11df34,True,skateboard,skateboard,1,"['wheel', 'has', 'slighter', 'indentation', 'where', 'axle', 'nut', 'goes']",8,wheel has slighter indentation where axle nut goes,train,train,train,train,"[1, 544, 24, 4280, 653, 409, 1613, 1640, 394, 2, 0, 0, 0, 0, 0, 0, 0, 0]",wheel
142101,user_1298,The trucks are elevated higher.,379J5II41Q9MDLUA2MWQ98IZLLCLET,37.0,5aec8d7745acbca498c63cb68f11df34,skateboard,ShapeNet,488b9ae283b800b282ec895e014b9eb3,skateboard,ShapeNet,False,skateboard/ShapeNet/488b9ae283b800b282ec895e014b9eb3,skateboard/ShapeNet/5aec8d7745acbca498c63cb68f11df34,True,skateboard,skateboard,1,"['the', 'trucks', 'are', 'elevated', 'high', '-er']",6,the trucks are elevated high -er,train,train,train,train,"[1, 10, 1595, 16, 1667, 49, 9, 2, 0, 0, 0, 0, 0, 0, 0, 0, 0, 0]",truck
142102,user_1357,The deck is flatter,3P529IW9K0EEJZU6XXGWRQ3ZXNILF4,110.0,5aec8d7745acbca498c63cb68f11df34,skateboard,ShapeNet,488b9ae283b800b282ec895e014b9eb3,skateboard,ShapeNet,False,skateboard/ShapeNet/488b9ae283b800b282ec895e014b9eb3,skateboard/ShapeNet/5aec8d7745acbca498c63cb68f11df34,True,skateboard,skateboard,1,"['the', 'deck', 'is', 'flat', '-er']",5,the deck is flat -er,train,train,train,train,"[1, 10, 1281, 7, 129, 9, 2, 0, 0, 0, 0, 0, 0, 0, 0, 0, 0, 0]",deck
142103,user_203,The deck is longer.,3NL0RFNU0HGT1DFZSG8CLMTTJWCK4I,155.0,ccc91585d5d614a3ad3e04762b7c31c,skateboard,ShapeNet,113783f51974426b92ba7d308c045fd8,skateboard,ShapeNet,False,skateboard/ShapeNet/113783f51974426b92ba7d308c045fd8,skateboard/ShapeNet/ccc91585d5d614a3ad3e04762b7c31c,True,skateboard,skateboard,1,"['the', 'deck', 'is', 'long', '-er']",5,the deck is long -er,train,train,train,train,"[1, 10, 1281, 7, 32, 9, 2, 0, 0, 0, 0, 0, 0, 0, 0, 0, 0, 0]",deck
142104,user_323,The truck hangers on the target seem to be wider or longer.,3OWEPKL08B5RS6ILRRYZGQU74T77NU,134.0,ccc91585d5d614a3ad3e04762b7c31c,skateboard,ShapeNet,113783f51974426b92ba7d308c045fd8,skateboard,ShapeNet,False,skateboard/ShapeNet/113783f51974426b92ba7d308c045fd8,skateboard/ShapeNet/ccc91585d5d614a3ad3e04762b7c31c,True,skateboard,skateboard,1,"['the', 'truck', 'hangers', 'on', 'the', 'target', 'seem', 'to', 'be', 'wide', '-er', 'or', 'long', '-er']",14,the truck hangers on the target seem to be wide -er or long -er,train,train,train,train,"[1, 10, 1606, 1607, 20, 10, 11, 2660, 58, 204, 83, 9, 124, 32, 9, 2, 0, 0]",truck
142105,user_549,The tail protrudes further past the back axle and wheels.,3Z7VU45IP0A7Y9H25ZSKA3A3BLF1Z8,326.0,ccc91585d5d614a3ad3e04762b7c31c,skateboard,ShapeNet,113783f51974426b92ba7d308c045fd8,skateboard,ShapeNet,False,skateboard/ShapeNet/113783f51974426b92ba7d308c045fd8,skateboard/ShapeNet/ccc91585d5d614a3ad3e04762b7c31c,True,skateboard,skateboard,1,"['the', 'tail', 'protrudes', 'far', '-er', 'past', 'the', 'back', 'axle', 'and', 'wheels']",11,the tail protrudes far -er past the back axle and wheels,train,train,train,train,"[1, 10, 1594, 181, 78, 9, 1098, 10, 183, 1613, 47, 1013, 2, 0, 0, 0, 0, 0]",wheel
142107,user_306,The deck is wider,3AZHRG4CU6D66RPRO9TBSXMERY9309,156.0,5aec8d7745acbca498c63cb68f11df34,skateboard,ShapeNet,a6d560508fb2fe2858dda0079c7c30f2,skateboard,ShapeNet,False,skateboard/ShapeNet/a6d560508fb2fe2858dda0079c7c30f2,skateboard/ShapeNet/5aec8d7745acbca498c63cb68f11df34,False,skateboard,skateboard,1,"['the', 'deck', 'is', 'wide', '-er']",5,the deck is wide -er,train,train,train,train,"[1, 10, 1281, 7, 83, 9, 2, 0, 0, 0, 0, 0, 0, 0, 0, 0, 0, 0]",deck
142108,user_1298,There are no trucks.,3YOH7BII0B0SVQYECC9ZUCT6WG9VK5,17.0,5aec8d7745acbca498c63cb68f11df34,skateboard,ShapeNet,a6d560508fb2fe2858dda0079c7c30f2,skateboard,ShapeNet,False,skateboard/ShapeNet/a6d560508fb2fe2858dda0079c7c30f2,skateboard/ShapeNet/5aec8d7745acbca498c63cb68f11df34,False,skateboard,skateboard,1,"['there', 'are', 'no', 'trucks']",4,there are no trucks,train,train,train,train,"[1, 15, 16, 123, 1595, 2, 0, 0, 0, 0, 0, 0, 0, 0, 0, 0, 0, 0]",truck
142109,user_203,The deck is higher off the ground.,3W92K5RLWWAPD7DB5P5TSNAOZQBV5H,156.0,6867832e7b9d3654aacda7f1c4fd3ea7,skateboard,ShapeNet,ffea27596947c29cc983a1dbe02fac40,skateboard,ShapeNet,False,skateboard/ShapeNet/ffea27596947c29cc983a1dbe02fac40,skateboard/ShapeNet/6867832e7b9d3654aacda7f1c4fd3ea7,False,skateboard,skateboard,1,"['the', 'deck', 'is', 'high', '-er', 'off', 'the', 'ground']",8,the deck is high -er off the ground,val,train,val,train,"[1, 10, 1281, 7, 49, 9, 57, 10, 299, 2, 0, 0, 0, 0, 0, 0, 0, 0]",deck
142110,user_1392,The screws are closer to the end of the deck.,33CKWXB73LDA3DWUXOJSI9QRY6311K,29.0,6867832e7b9d3654aacda7f1c4fd3ea7,skateboard,ShapeNet,ffea27596947c29cc983a1dbe02fac40,skateboard,ShapeNet,True,skateboard/ShapeNet/ffea27596947c29cc983a1dbe02fac40,skateboard/ShapeNet/6867832e7b9d3654aacda7f1c4fd3ea7,False,skateboard,skateboard,1,"['the', 'screws', 'are', 'close', '-er', 'to', 'the', 'end', 'of', 'the', 'deck']",11,the screws are close -er to the end of the deck,val,train,val,train,"[1, 10, 1910, 16, 1025, 9, 58, 10, 74, 38, 10, 1281, 2, 0, 0, 0, 0, 0]",deck
142111,user_1796,The wheels are larger.,31Z0PCVWUM8PNJN5ONKBPP0ZTBS7TU,66.0,6867832e7b9d3654aacda7f1c4fd3ea7,skateboard,ShapeNet,ffea27596947c29cc983a1dbe02fac40,skateboard,ShapeNet,False,skateboard/ShapeNet/ffea27596947c29cc983a1dbe02fac40,skateboard/ShapeNet/6867832e7b9d3654aacda7f1c4fd3ea7,False,skateboard,skateboard,1,"['the', 'wheels', 'are', 'large', '-er']",5,the wheels are large -er,val,train,val,train,"[1, 10, 1013, 16, 94, 9, 2, 0, 0, 0, 0, 0, 0, 0, 0, 0, 0, 0]",wheel
142112,user_468,The truck axels are longer,3E47SOBEYSP5QM2QLSTIR4Q4J52CIA,94.0,a6d79366eefbfa6df9034ea5f524d56a,skateboard,ShapeNet,ac2b6924a60a7a87aa4f69d519551495,skateboard,ShapeNet,False,skateboard/ShapeNet/ac2b6924a60a7a87aa4f69d519551495,skateboard/ShapeNet/a6d79366eefbfa6df9034ea5f524d56a,True,skateboard,skateboard,1,"['the', 'truck', 'axels', 'are', 'long', '-er']",6,the truck axels are long -er,train,train,train,train,"[1, 10, 1606, 1649, 16, 32, 9, 2, 0, 0, 0, 0, 0, 0, 0, 0, 0, 0]",truck
142114,user_1644,the trucks are wider,34QN5IT0T1KS7OVX0QO7JEUP7LJ08I,68.0,a6d79366eefbfa6df9034ea5f524d56a,skateboard,ShapeNet,ac2b6924a60a7a87aa4f69d519551495,skateboard,ShapeNet,False,skateboard/ShapeNet/ac2b6924a60a7a87aa4f69d519551495,skateboard/ShapeNet/a6d79366eefbfa6df9034ea5f524d56a,True,skateboard,skateboard,1,"['the', 'trucks', 'are', 'wide', '-er']",5,the trucks are wide -er,train,train,train,train,"[1, 10, 1595, 16, 83, 9, 2, 0, 0, 0, 0, 0, 0, 0, 0, 0, 0, 0]",truck
142116,user_491,The target has a visible truck hanger.,3T3IWE1XG8GZT1SKKMTHPGHUY1JQTA,181.0,463434d2fcf567d56a93dc68b4021dbb,skateboard,ShapeNet,e421c23a2c02cac61082f2ea630bf69e,skateboard,ShapeNet,False,skateboard/ShapeNet/e421c23a2c02cac61082f2ea630bf69e,skateboard/ShapeNet/463434d2fcf567d56a93dc68b4021dbb,False,skateboard,skateboard,1,"['the', 'target', 'has', 'a', 'visible', 'truck', 'hanger']",7,the target has a visible truck hanger,test,train,test,train,"[1, 10, 11, 24, 26, 185, 1606, 1654, 2, 0, 0, 0, 0, 0, 0, 0, 0, 0]",truck
142117,user_1246,It has larger wheels,358UUM7WR1WC74ADKYFGPAZH5QUR70,45.0,463434d2fcf567d56a93dc68b4021dbb,skateboard,ShapeNet,e421c23a2c02cac61082f2ea630bf69e,skateboard,ShapeNet,False,skateboard/ShapeNet/e421c23a2c02cac61082f2ea630bf69e,skateboard/ShapeNet/463434d2fcf567d56a93dc68b4021dbb,False,skateboard,skateboard,1,"['it', 'has', 'large', '-er', 'wheels']",5,it has large -er wheels,test,train,test,train,"[1, 23, 24, 94, 9, 1013, 2, 0, 0, 0, 0, 0, 0, 0, 0, 0, 0, 0]",wheel
142118,user_615,the wheel larger and closer to the sides,3GFK2QRXXBA2SWDGVZAPEPT26ZH5W5,123.0,16edf6f6574568723f7198a00163bb6,skateboard,ShapeNet,58ae991bd0350810b9ac379f661f5c75,skateboard,ShapeNet,False,skateboard/ShapeNet/58ae991bd0350810b9ac379f661f5c75,skateboard/ShapeNet/16edf6f6574568723f7198a00163bb6,True,skateboard,skateboard,1,"['the', 'wheel', 'large', '-er', 'and', 'close', '-er', 'to', 'the', 'sides']",10,the wheel large -er and close -er to the sides,train,train,train,train,"[1, 10, 544, 94, 9, 47, 1025, 9, 58, 10, 360, 2, 0, 0, 0, 0, 0, 0]",wheel
142119,user_1205,Its wheels are larger,3WI0P0II63LSODBNBBI2P29DR3ZRDZ,46.0,16edf6f6574568723f7198a00163bb6,skateboard,ShapeNet,58ae991bd0350810b9ac379f661f5c75,skateboard,ShapeNet,False,skateboard/ShapeNet/58ae991bd0350810b9ac379f661f5c75,skateboard/ShapeNet/16edf6f6574568723f7198a00163bb6,True,skateboard,skateboard,1,"['its', 'wheels', 'are', 'large', '-er']",5,its wheels are large -er,train,train,train,train,"[1, 5, 1013, 16, 94, 9, 2, 0, 0, 0, 0, 0, 0, 0, 0, 0, 0, 0]",wheel
142120,user_1644,the deck is thicker,3AWETUDC94LIYFD0D6DQ22RPSNPZIX,42.0,16edf6f6574568723f7198a00163bb6,skateboard,ShapeNet,58ae991bd0350810b9ac379f661f5c75,skateboard,ShapeNet,False,skateboard/ShapeNet/58ae991bd0350810b9ac379f661f5c75,skateboard/ShapeNet/16edf6f6574568723f7198a00163bb6,True,skateboard,skateboard,1,"['the', 'deck', 'is', 'thick', '-er']",5,the deck is thick -er,train,train,train,train,"[1, 10, 1281, 7, 54, 9, 2, 0, 0, 0, 0, 0, 0, 0, 0, 0, 0, 0]",deck
142121,user_156,Its deck curves upwards at both its front and back ends.,3X4MXAO0BIHRXJBES6NSHQYYYJ7RWA,76.0,c8aed131dd905c6e1082f2ea630bf69e,skateboard,ShapeNet,8310154df085baf3e3cfaa4e6977fab6,skateboard,ShapeNet,False,skateboard/ShapeNet/8310154df085baf3e3cfaa4e6977fab6,skateboard/ShapeNet/c8aed131dd905c6e1082f2ea630bf69e,True,skateboard,skateboard,1,"['its', 'deck', 'curves', 'upwards', 'at', 'both', 'its', 'front', 'and', 'back', 'ends']",11,its deck curves upwards at both its front and back ends,train,train,train,train,"[1, 5, 1281, 156, 209, 98, 470, 5, 37, 47, 183, 247, 2, 0, 0, 0, 0, 0]",deck
142123,user_2044,The wheels are smaller.,3YHH42UU5D8NMVFGUFXBOJGVRM2L0B,18.0,c8aed131dd905c6e1082f2ea630bf69e,skateboard,ShapeNet,8310154df085baf3e3cfaa4e6977fab6,skateboard,ShapeNet,False,skateboard/ShapeNet/8310154df085baf3e3cfaa4e6977fab6,skateboard/ShapeNet/c8aed131dd905c6e1082f2ea630bf69e,True,skateboard,skateboard,1,"['the', 'wheels', 'are', 'small', '-er']",5,the wheels are small -er,train,train,train,train,"[1, 10, 1013, 16, 111, 9, 2, 0, 0, 0, 0, 0, 0, 0, 0, 0, 0, 0]",wheel
271218,user_1644,the deck has four circles in the middle of it,3ZY8KE4ISLWE6TW9PHTWQY5FVRBVQH,100.0,ea25b5f1fc8d76a36a1b26eff73443ff,skateboard,ShapeNet,573daccbcfdc94a3cbd54f2dfaecbd51,skateboard,ShapeNet,False,skateboard/ShapeNet/573daccbcfdc94a3cbd54f2dfaecbd51,skateboard/ShapeNet/ea25b5f1fc8d76a36a1b26eff73443ff,False,skateboard,skateboard,2,"['the', 'deck', 'has', 'four', 'circles', 'in', 'the', 'middle', 'of', 'it']",10,the deck has four circles in the middle of it,train,train,train,train,"[1, 10, 1281, 24, 322, 452, 90, 10, 232, 38, 23, 2, 0, 0, 0, 0, 0, 0]",deck
271221,user_1633,The target's deck is thinner.,3XM0HYN6NMSC4698UEPXQPRJQVCPEU,22.0,591971ce679ca4b93ad38b993d9e745f,skateboard,ShapeNet,e38a4e6fb32b51a1bebb1fbb949ea955,skateboard,ShapeNet,False,skateboard/ShapeNet/e38a4e6fb32b51a1bebb1fbb949ea955,skateboard/ShapeNet/591971ce679ca4b93ad38b993d9e745f,False,skateboard,skateboard,2,"['the', 'target', ""'s"", 'deck', 'is', 'thin', '-er']",7,the target 's deck is thin -er,train,train,train,train,"[1, 10, 11, 12, 1281, 7, 60, 9, 2, 0, 0, 0, 0, 0, 0, 0, 0, 0]",deck
271222,user_948,The trucks are not as visible,3AMYWKA6YDFQ6R4S9WTKP1UGZSRO6Q,35.0,a19d80304e26099e7394c987e5e211f0,skateboard,ShapeNet,463434d2fcf567d56a93dc68b4021dbb,skateboard,ShapeNet,False,skateboard/ShapeNet/463434d2fcf567d56a93dc68b4021dbb,skateboard/ShapeNet/a19d80304e26099e7394c987e5e211f0,True,skateboard,skateboard,2,"['the', 'trucks', 'are', 'not', 'as', 'visible']",6,the trucks are not as visible,train,train,train,train,"[1, 10, 1595, 16, 40, 52, 185, 2, 0, 0, 0, 0, 0, 0, 0, 0, 0, 0]",truck
271223,user_1633,The target's deck is shorter.,378XPAWRUE6HX75S1EXRL90GJ2IAI7,28.0,a19d80304e26099e7394c987e5e211f0,skateboard,ShapeNet,463434d2fcf567d56a93dc68b4021dbb,skateboard,ShapeNet,False,skateboard/ShapeNet/463434d2fcf567d56a93dc68b4021dbb,skateboard/ShapeNet/a19d80304e26099e7394c987e5e211f0,True,skateboard,skateboard,2,"['the', 'target', ""'s"", 'deck', 'is', 'short', '-er']",7,the target 's deck is short -er,train,train,train,train,"[1, 10, 11, 12, 1281, 7, 8, 9, 2, 0, 0, 0, 0, 0, 0, 0, 0, 0]",deck
271228,user_42,The trucks are smaller and not visible.,35LDD5557CX95345YK887GAT5OSMKC,48.0,792953b4101753c6ed3696d854eee1ec,skateboard,ShapeNet,fc5c4986b2661d848fc8944fc8bfc667,skateboard,ShapeNet,False,skateboard/ShapeNet/fc5c4986b2661d848fc8944fc8bfc667,skateboard/ShapeNet/792953b4101753c6ed3696d854eee1ec,False,skateboard,skateboard,2,"['the', 'trucks', 'are', 'small', '-er', 'and', 'not', 'visible']",8,the trucks are small -er and not visible,train,train,train,train,"[1, 10, 1595, 16, 111, 9, 47, 40, 185, 2, 0, 0, 0, 0, 0, 0, 0, 0]",truck
271229,user_1644,the deck is thicker/taller,3YDTZAI2WZ9RVCTDK62UG7XUAVN41K,124.0,792953b4101753c6ed3696d854eee1ec,skateboard,ShapeNet,fc5c4986b2661d848fc8944fc8bfc667,skateboard,ShapeNet,False,skateboard/ShapeNet/fc5c4986b2661d848fc8944fc8bfc667,skateboard/ShapeNet/792953b4101753c6ed3696d854eee1ec,False,skateboard,skateboard,2,"['the', 'deck', 'is', 'thick', '-er', 'tall', '-er']",7,the deck is thick -er tall -er,train,train,train,train,"[1, 10, 1281, 7, 54, 9, 53, 9, 2, 0, 0, 0, 0, 0, 0, 0, 0, 0]",deck
271230,user_1934,The wheels are thicker.,3AMW0RGHOFVGYCMLNDSGGCLS4N8NPC,141.0,792953b4101753c6ed3696d854eee1ec,skateboard,ShapeNet,fc5c4986b2661d848fc8944fc8bfc667,skateboard,ShapeNet,False,skateboard/ShapeNet/fc5c4986b2661d848fc8944fc8bfc667,skateboard/ShapeNet/792953b4101753c6ed3696d854eee1ec,False,skateboard,skateboard,2,"['the', 'wheels', 'are', 'thick', '-er']",5,the wheels are thick -er,train,train,train,train,"[1, 10, 1013, 16, 54, 9, 2, 0, 0, 0, 0, 0, 0, 0, 0, 0, 0, 0]",wheel
271235,user_1030,Skinnier deck,3RXPCZQMQR477SMXF74VPWUX0VK1GI,61.0,a6d79366eefbfa6df9034ea5f524d56a,skateboard,ShapeNet,cf04a6f4312be2c0d6f39b72607d85d7,skateboard,ShapeNet,False,skateboard/ShapeNet/cf04a6f4312be2c0d6f39b72607d85d7,skateboard/ShapeNet/a6d79366eefbfa6df9034ea5f524d56a,False,skateboard,skateboard,2,"['skinny', '-er', 'deck']",3,skinny -er deck,test,train,test,train,"[1, 282, 9, 1281, 2, 0, 0, 0, 0, 0, 0, 0, 0, 0, 0, 0, 0, 0]",deck
271236,user_1633,The target's deck is narrower.,30OG32W0SW4C1LXVEZC5M0MOQG8ENK,34.0,a6d79366eefbfa6df9034ea5f524d56a,skateboard,ShapeNet,cf04a6f4312be2c0d6f39b72607d85d7,skateboard,ShapeNet,False,skateboard/ShapeNet/cf04a6f4312be2c0d6f39b72607d85d7,skateboard/ShapeNet/a6d79366eefbfa6df9034ea5f524d56a,False,skateboard,skateboard,2,"['the', 'target', ""'s"", 'deck', 'is', 'narrow', '-er']",7,the target 's deck is narrow -er,test,train,test,train,"[1, 10, 11, 12, 1281, 7, 210, 9, 2, 0, 0, 0, 0, 0, 0, 0, 0, 0]",deck
271238,user_323,the target deck is more flared up on the ends,3OWEPKL08B5RS6ILRRYZGQU74T7N7A,167.0,8ae2871e13786052f42b80606c2f3752,skateboard,ShapeNet,e7c330f4c4421dbb24e49a3e82c3d033,skateboard,ShapeNet,False,skateboard/ShapeNet/e7c330f4c4421dbb24e49a3e82c3d033,skateboard/ShapeNet/8ae2871e13786052f42b80606c2f3752,False,skateboard,skateboard,2,"['the', 'target', 'deck', 'is', 'more', 'flared', 'up', 'on', 'the', 'ends']",10,the target deck is more flared up on the ends,train,train,train,train,"[1, 10, 11, 1281, 7, 34, 569, 269, 20, 10, 247, 2, 0, 0, 0, 0, 0, 0]",deck
271240,user_156,"Its trucks are cylindrical, not square.",3U8YCDAGXR9YDSVTMK5755FP1RLQ0Z,136.0,571dd1b4d09773c5bbe43d356df0e955,skateboard,ShapeNet,f9efb1b00b79c035c1cb365152372fc5,skateboard,ShapeNet,False,skateboard/ShapeNet/f9efb1b00b79c035c1cb365152372fc5,skateboard/ShapeNet/571dd1b4d09773c5bbe43d356df0e955,False,skateboard,skateboard,2,"['its', 'trucks', 'are', 'cylindrical', 'not', 'square']",6,its trucks are cylindrical not square,train,train,train,train,"[1, 5, 1595, 16, 176, 40, 50, 2, 0, 0, 0, 0, 0, 0, 0, 0, 0, 0]",truck
271244,user_567,The nose and tail of the board has curve indents in them.,3QHK8ZVMIOBO6IIQSVU080CEIOUBLE,107.0,f9efb1b00b79c035c1cb365152372fc5,skateboard,ShapeNet,d4abd88611997d2cc4647061c0a60dc9,skateboard,ShapeNet,False,skateboard/ShapeNet/d4abd88611997d2cc4647061c0a60dc9,skateboard/ShapeNet/f9efb1b00b79c035c1cb365152372fc5,True,skateboard,skateboard,2,"['the', 'nose', 'and', 'tail', 'of', 'the', 'board', 'has', 'curve', 'indents', 'in', 'them']",12,the nose and tail of the board has curve indents in them,train,train,train,train,"[1, 10, 1593, 47, 1594, 38, 10, 948, 24, 43, 1498, 90, 1163, 2, 0, 0, 0, 0]",deck
271245,user_1933,The Truck hanger is bigger,33L7PJKHCIRTNXSOYSCH3PWU4VV8TF,84.0,f9efb1b00b79c035c1cb365152372fc5,skateboard,ShapeNet,d4abd88611997d2cc4647061c0a60dc9,skateboard,ShapeNet,False,skateboard/ShapeNet/d4abd88611997d2cc4647061c0a60dc9,skateboard/ShapeNet/f9efb1b00b79c035c1cb365152372fc5,True,skateboard,skateboard,2,"['the', 'truck', 'hanger', 'is', 'big', '-er']",6,the truck hanger is big -er,train,train,train,train,"[1, 10, 1606, 1654, 7, 320, 9, 2, 0, 0, 0, 0, 0, 0, 0, 0, 0, 0]",truck
271247,user_1644,the trucks are smaller,3E47SOBEYSP5QM2QLSTIR4Q4J54CIC,205.0,ac2b6924a60a7a87aa4f69d519551495,skateboard,ShapeNet,d3ff56062272f3e6346e65609be6d72f,skateboard,ShapeNet,False,skateboard/ShapeNet/d3ff56062272f3e6346e65609be6d72f,skateboard/ShapeNet/ac2b6924a60a7a87aa4f69d519551495,True,skateboard,skateboard,2,"['the', 'trucks', 'are', 'small', '-er']",5,the trucks are small -er,train,train,train,train,"[1, 10, 1595, 16, 111, 9, 2, 0, 0, 0, 0, 0, 0, 0, 0, 0, 0, 0]",truck
271248,user_1992,The front of the deck is at a point instead of round.,30LB5CDZNE37RKWK9GOKWYRT6T7Z01,44.0,ac2b6924a60a7a87aa4f69d519551495,skateboard,ShapeNet,d3ff56062272f3e6346e65609be6d72f,skateboard,ShapeNet,False,skateboard/ShapeNet/d3ff56062272f3e6346e65609be6d72f,skateboard/ShapeNet/ac2b6924a60a7a87aa4f69d519551495,True,skateboard,skateboard,2,"['the', 'front', 'of', 'the', 'deck', 'is', 'at', 'a', 'point', 'instead', 'of', 'round']",12,the front of the deck is at a point instead of round,train,train,train,train,"[1, 10, 37, 38, 10, 1281, 7, 98, 26, 412, 97, 38, 134, 2, 0, 0, 0, 0]",deck
271249,user_505,Target has more details on its wheels,3U088ZLJVMM3XPRFYT4DXUXBPR0W05,29.0,f5d7698b5a57d61226e0640b67de606,skateboard,ShapeNet,39edba395f3d860c5a96bae7b017a6d9,skateboard,ShapeNet,False,skateboard/ShapeNet/39edba395f3d860c5a96bae7b017a6d9,skateboard/ShapeNet/f5d7698b5a57d61226e0640b67de606,True,skateboard,skateboard,2,"['target', 'has', 'more', 'details', 'on', 'its', 'wheels']",7,target has more details on its wheels,train,train,train,train,"[1, 11, 24, 34, 2455, 20, 5, 1013, 2, 0, 0, 0, 0, 0, 0, 0, 0, 0]",wheel
271250,user_1493,The target wheels are wider.,3DY4FPOOA3HEIUB92WIWVOFKR8YVRT,185.0,f5d7698b5a57d61226e0640b67de606,skateboard,ShapeNet,39edba395f3d860c5a96bae7b017a6d9,skateboard,ShapeNet,False,skateboard/ShapeNet/39edba395f3d860c5a96bae7b017a6d9,skateboard/ShapeNet/f5d7698b5a57d61226e0640b67de606,True,skateboard,skateboard,2,"['the', 'target', 'wheels', 'are', 'wide', '-er']",6,the target wheels are wide -er,train,train,train,train,"[1, 10, 11, 1013, 16, 83, 9, 2, 0, 0, 0, 0, 0, 0, 0, 0, 0, 0]",wheel
271251,user_152,wheels are less spread apart,374TNBHA8DOVANREUSGGXX99D31YQ7,118.0,776eaffd7cbe7bc6b9e8bdc9c4a49aa2,skateboard,ShapeNet,26cd3bfcef1e254f82b02baba7166175,skateboard,ShapeNet,False,skateboard/ShapeNet/26cd3bfcef1e254f82b02baba7166175,skateboard/ShapeNet/776eaffd7cbe7bc6b9e8bdc9c4a49aa2,True,skateboard,skateboard,2,"['wheels', 'are', 'less', 'spread', 'apart']",5,wheels are less spread apart,test,train,test,train,"[1, 1013, 16, 229, 831, 575, 2, 0, 0, 0, 0, 0, 0, 0, 0, 0, 0, 0]",wheel
271252,user_203,The wheels are wider.,32AT8R96GN2Q6UMMCV8WPCIXZ3DSUU,77.0,776eaffd7cbe7bc6b9e8bdc9c4a49aa2,skateboard,ShapeNet,26cd3bfcef1e254f82b02baba7166175,skateboard,ShapeNet,False,skateboard/ShapeNet/26cd3bfcef1e254f82b02baba7166175,skateboard/ShapeNet/776eaffd7cbe7bc6b9e8bdc9c4a49aa2,True,skateboard,skateboard,2,"['the', 'wheels', 'are', 'wide', '-er']",5,the wheels are wide -er,test,train,test,train,"[1, 10, 1013, 16, 83, 9, 2, 0, 0, 0, 0, 0, 0, 0, 0, 0, 0, 0]",wheel
271253,user_152,trucks are not visible,35GCEFQ6I7H38CVHS363YWP095S3Z1,56.0,a1d36f02d20d18db6a2979228046d9f9,skateboard,ShapeNet,8f78a26403f09b708b3b3a08d28a7d7c,skateboard,ShapeNet,False,skateboard/ShapeNet/8f78a26403f09b708b3b3a08d28a7d7c,skateboard/ShapeNet/a1d36f02d20d18db6a2979228046d9f9,False,skateboard,skateboard,2,"['trucks', 'are', 'not', 'visible']",4,trucks are not visible,train,train,train,train,"[1, 1595, 16, 40, 185, 2, 0, 0, 0, 0, 0, 0, 0, 0, 0, 0, 0, 0]",truck
271254,user_1392,The wheels are solid.,3IQ1VMJRYVDOM6CPXKRE8G1D0CX9AP,23.0,a1d36f02d20d18db6a2979228046d9f9,skateboard,ShapeNet,8f78a26403f09b708b3b3a08d28a7d7c,skateboard,ShapeNet,False,skateboard/ShapeNet/8f78a26403f09b708b3b3a08d28a7d7c,skateboard/ShapeNet/a1d36f02d20d18db6a2979228046d9f9,False,skateboard,skateboard,2,"['the', 'wheels', 'are', 'solid']",4,the wheels are solid,train,train,train,train,"[1, 10, 1013, 16, 291, 2, 0, 0, 0, 0, 0, 0, 0, 0, 0, 0, 0, 0]",wheel
271258,user_1246,The wheels are shorter in width,308XBLVESKXZ9GD3XFRWUCLDOGMBR7,43.0,ac2b6924a60a7a87aa4f69d519551495,skateboard,ShapeNet,db4c8bf323465e4c537d393009a79347,skateboard,ShapeNet,False,skateboard/ShapeNet/db4c8bf323465e4c537d393009a79347,skateboard/ShapeNet/ac2b6924a60a7a87aa4f69d519551495,False,skateboard,skateboard,2,"['the', 'wheels', 'are', 'short', '-er', 'in', 'width']",7,the wheels are short -er in width,train,train,train,train,"[1, 10, 1013, 16, 8, 9, 90, 358, 2, 0, 0, 0, 0, 0, 0, 0, 0, 0]",wheel
271259,user_1205,Its board is longer in length,3YMU66OBIP1IB37BHW7GHJA4HMLHG6,56.0,a6d560508fb2fe2858dda0079c7c30f2,skateboard,ShapeNet,1c8d5e05c3faa05861be5ced44bc18ac,skateboard,ShapeNet,False,skateboard/ShapeNet/1c8d5e05c3faa05861be5ced44bc18ac,skateboard/ShapeNet/a6d560508fb2fe2858dda0079c7c30f2,True,skateboard,skateboard,2,"['its', 'board', 'is', 'long', '-er', 'in', 'length']",7,its board is long -er in length,test,train,test,train,"[1, 5, 948, 7, 32, 9, 90, 155, 2, 0, 0, 0, 0, 0, 0, 0, 0, 0]",deck
271260,user_1815,Deck appears thicker,39K0FND3AJ83TQVJMTVJD27X0D5MA6,81.0,a6d560508fb2fe2858dda0079c7c30f2,skateboard,ShapeNet,1c8d5e05c3faa05861be5ced44bc18ac,skateboard,ShapeNet,False,skateboard/ShapeNet/1c8d5e05c3faa05861be5ced44bc18ac,skateboard/ShapeNet/a6d560508fb2fe2858dda0079c7c30f2,True,skateboard,skateboard,2,"['deck', 'appears', 'thick', '-er']",4,deck appears thick -er,test,train,test,train,"[1, 1281, 411, 54, 9, 2, 0, 0, 0, 0, 0, 0, 0, 0, 0, 0, 0, 0]",deck
271261,user_2044,The board is longer length-wise.,3FIJLY1B6WX4AK94PP9387CJ2YSFP7,45.0,a6d560508fb2fe2858dda0079c7c30f2,skateboard,ShapeNet,1c8d5e05c3faa05861be5ced44bc18ac,skateboard,ShapeNet,False,skateboard/ShapeNet/1c8d5e05c3faa05861be5ced44bc18ac,skateboard/ShapeNet/a6d560508fb2fe2858dda0079c7c30f2,True,skateboard,skateboard,2,"['the', 'board', 'is', 'long', '-er', 'length', 'wise']",7,the board is long -er length wise,test,train,test,train,"[1, 10, 948, 7, 32, 9, 155, 359, 2, 0, 0, 0, 0, 0, 0, 0, 0, 0]",deck
271265,user_476,Wheels on target are smaller.,31LM9EDVONLKC1JNS0NWJGZGVO7JND,114.0,5aec8d7745acbca498c63cb68f11df34,skateboard,ShapeNet,6867832e7b9d3654aacda7f1c4fd3ea7,skateboard,ShapeNet,False,skateboard/ShapeNet/6867832e7b9d3654aacda7f1c4fd3ea7,skateboard/ShapeNet/5aec8d7745acbca498c63cb68f11df34,True,skateboard,skateboard,2,"['wheels', 'on', 'target', 'are', 'small', '-er']",6,wheels on target are small -er,train,train,train,train,"[1, 1013, 20, 11, 16, 111, 9, 2, 0, 0, 0, 0, 0, 0, 0, 0, 0, 0]",wheel
271273,user_2101,The wheels are larger in diameter,373ERPL3YQ1Z527KX1IHU6RZUNNRTE,73.0,393ca71bd734f3071082f2ea630bf69e,skateboard,ShapeNet,212e0563473156e255483301a044235,skateboard,ShapeNet,False,skateboard/ShapeNet/212e0563473156e255483301a044235,skateboard/ShapeNet/393ca71bd734f3071082f2ea630bf69e,True,skateboard,skateboard,2,"['the', 'wheels', 'are', 'large', '-er', 'in', 'diameter']",7,the wheels are large -er in diameter,train,train,train,train,"[1, 10, 1013, 16, 94, 9, 90, 268, 2, 0, 0, 0, 0, 0, 0, 0, 0, 0]",wheel
271274,user_152,the wheels are much larger,3YDGXNSEO1N96CDYJRB9VHK2OWH48I,63.0,16edf6f6574568723f7198a00163bb6,skateboard,ShapeNet,39c8a4798087be3e20d56eaf7c8da531,skateboard,ShapeNet,False,skateboard/ShapeNet/39c8a4798087be3e20d56eaf7c8da531,skateboard/ShapeNet/16edf6f6574568723f7198a00163bb6,False,skateboard,skateboard,2,"['the', 'wheels', 'are', 'much', 'large', '-er']",6,the wheels are much large -er,train,train,train,train,"[1, 10, 1013, 16, 59, 94, 9, 2, 0, 0, 0, 0, 0, 0, 0, 0, 0, 0]",wheel
271275,user_1298,The wheels are larger.,3EJJQNKU9TY90TGPX71SGNOBJTSRH4,40.0,16edf6f6574568723f7198a00163bb6,skateboard,ShapeNet,39c8a4798087be3e20d56eaf7c8da531,skateboard,ShapeNet,False,skateboard/ShapeNet/39c8a4798087be3e20d56eaf7c8da531,skateboard/ShapeNet/16edf6f6574568723f7198a00163bb6,False,skateboard,skateboard,2,"['the', 'wheels', 'are', 'large', '-er']",5,the wheels are large -er,train,train,train,train,"[1, 10, 1013, 16, 94, 9, 2, 0, 0, 0, 0, 0, 0, 0, 0, 0, 0, 0]",wheel
271280,user_1357,The deck is wider,358UUM7WR1WC74ADKYFGPAZH5RT7RH,36.0,b140249e4615f0db6d8b6ba513969afe,skateboard,ShapeNet,8b93703a2046ddf5519438329ccc67e5,skateboard,ShapeNet,False,skateboard/ShapeNet/8b93703a2046ddf5519438329ccc67e5,skateboard/ShapeNet/b140249e4615f0db6d8b6ba513969afe,False,skateboard,skateboard,2,"['the', 'deck', 'is', 'wide', '-er']",5,the deck is wide -er,test,train,test,train,"[1, 10, 1281, 7, 83, 9, 2, 0, 0, 0, 0, 0, 0, 0, 0, 0, 0, 0]",deck
271282,user_1633,The target only has wheels on the back.,31T4R4OBOU9812LU21PL0F0V5PQC7E,32.0,b140249e4615f0db6d8b6ba513969afe,skateboard,ShapeNet,8b93703a2046ddf5519438329ccc67e5,skateboard,ShapeNet,False,skateboard/ShapeNet/8b93703a2046ddf5519438329ccc67e5,skateboard/ShapeNet/b140249e4615f0db6d8b6ba513969afe,False,skateboard,skateboard,2,"['the', 'target', 'only', 'has', 'wheels', 'on', 'the', 'back']",8,the target only has wheels on the back,test,train,test,train,"[1, 10, 11, 133, 24, 1013, 20, 10, 183, 2, 0, 0, 0, 0, 0, 0, 0, 0]",wheel
271283,user_696,Target has much lower trucks.,35BLDD71I8QNKLX0CDC9HRHJ0PKZVT,38.0,5aec8d7745acbca498c63cb68f11df34,skateboard,ShapeNet,7fc2cddac7ad57a2aa4eefa8f42b566e,skateboard,ShapeNet,False,skateboard/ShapeNet/7fc2cddac7ad57a2aa4eefa8f42b566e,skateboard/ShapeNet/5aec8d7745acbca498c63cb68f11df34,False,skateboard,skateboard,2,"['target', 'has', 'much', 'low', '-er', 'trucks']",6,target has much low -er trucks,train,train,train,train,"[1, 11, 24, 59, 345, 9, 1595, 2, 0, 0, 0, 0, 0, 0, 0, 0, 0, 0]",truck
271285,user_1796,The deck's lip is thinner.,3QFUFYSY908ILRNLR5HF591OB0U4FZ,65.0,5aec8d7745acbca498c63cb68f11df34,skateboard,ShapeNet,7fc2cddac7ad57a2aa4eefa8f42b566e,skateboard,ShapeNet,False,skateboard/ShapeNet/7fc2cddac7ad57a2aa4eefa8f42b566e,skateboard/ShapeNet/5aec8d7745acbca498c63cb68f11df34,False,skateboard,skateboard,2,"['the', 'deck', ""'s"", 'lip', 'is', 'thin', '-er']",7,the deck 's lip is thin -er,train,train,train,train,"[1, 10, 1281, 12, 125, 7, 60, 9, 2, 0, 0, 0, 0, 0, 0, 0, 0, 0]",deck
271286,user_1644,there are no trucks,39GAF6DQWTTQPPCS423HPXX7NA81V7,69.0,f52d56b5f81f1258c70ae17ca06472e1,skateboard,ShapeNet,e38a4e6fb32b51a1bebb1fbb949ea955,skateboard,ShapeNet,False,skateboard/ShapeNet/e38a4e6fb32b51a1bebb1fbb949ea955,skateboard/ShapeNet/f52d56b5f81f1258c70ae17ca06472e1,True,skateboard,skateboard,2,"['there', 'are', 'no', 'trucks']",4,there are no trucks,train,train,train,train,"[1, 15, 16, 123, 1595, 2, 0, 0, 0, 0, 0, 0, 0, 0, 0, 0, 0, 0]",truck
271289,user_203,The wheels are wider.,308Q0PEVBA63SOVN98JRPEPWDK19IS,68.0,2085eac3fc071dd47292d1029e5a9853,skateboard,ShapeNet,e7a5dd6f6ac650977cbfdb97d3d9f05,skateboard,ShapeNet,False,skateboard/ShapeNet/e7a5dd6f6ac650977cbfdb97d3d9f05,skateboard/ShapeNet/2085eac3fc071dd47292d1029e5a9853,True,skateboard,skateboard,2,"['the', 'wheels', 'are', 'wide', '-er']",5,the wheels are wide -er,test,train,test,train,"[1, 10, 1013, 16, 83, 9, 2, 0, 0, 0, 0, 0, 0, 0, 0, 0, 0, 0]",wheel
271290,user_468,The wheels are wider,3VA45EW49PGVZ53V3QH3U53ZRHC1O6,72.0,2085eac3fc071dd47292d1029e5a9853,skateboard,ShapeNet,e7a5dd6f6ac650977cbfdb97d3d9f05,skateboard,ShapeNet,False,skateboard/ShapeNet/e7a5dd6f6ac650977cbfdb97d3d9f05,skateboard/ShapeNet/2085eac3fc071dd47292d1029e5a9853,True,skateboard,skateboard,2,"['the', 'wheels', 'are', 'wide', '-er']",5,the wheels are wide -er,test,train,test,train,"[1, 10, 1013, 16, 83, 9, 2, 0, 0, 0, 0, 0, 0, 0, 0, 0, 0, 0]",wheel
271292,user_203,The deck edge is not as high.,36WLNQG7813A0C8YB97WV5MU9RXEBY,91.0,9d79847df77172f5ee8f98672c31bd1,skateboard,ShapeNet,4f409f31b182075511b6d7dda2bf041e,skateboard,ShapeNet,False,skateboard/ShapeNet/4f409f31b182075511b6d7dda2bf041e,skateboard/ShapeNet/9d79847df77172f5ee8f98672c31bd1,True,skateboard,skateboard,2,"['the', 'deck', 'edge', 'is', 'not', 'as', 'high']",7,the deck edge is not as high,test,train,test,train,"[1, 10, 1281, 631, 7, 40, 52, 49, 2, 0, 0, 0, 0, 0, 0, 0, 0, 0]",deck
271293,user_323,the trucks on the target are thicker.,3L2IS5HSFCBTQHUH4ZRAQI8RC45UNK,146.0,9d79847df77172f5ee8f98672c31bd1,skateboard,ShapeNet,4f409f31b182075511b6d7dda2bf041e,skateboard,ShapeNet,False,skateboard/ShapeNet/4f409f31b182075511b6d7dda2bf041e,skateboard/ShapeNet/9d79847df77172f5ee8f98672c31bd1,True,skateboard,skateboard,2,"['the', 'trucks', 'on', 'the', 'target', 'are', 'thick', '-er']",8,the trucks on the target are thick -er,test,train,test,train,"[1, 10, 1595, 20, 10, 11, 16, 54, 9, 2, 0, 0, 0, 0, 0, 0, 0, 0]",truck
271294,user_468,The wheels have visible axel nuts in the middle,3WRFBPLXRCH9RNHYPFV939IRZRM3NM,130.0,9d79847df77172f5ee8f98672c31bd1,skateboard,ShapeNet,4f409f31b182075511b6d7dda2bf041e,skateboard,ShapeNet,False,skateboard/ShapeNet/4f409f31b182075511b6d7dda2bf041e,skateboard/ShapeNet/9d79847df77172f5ee8f98672c31bd1,True,skateboard,skateboard,2,"['the', 'wheels', 'have', 'visible', 'axel', 'nuts', 'in', 'the', 'middle']",9,the wheels have visible axel nuts in the middle,test,train,test,train,"[1, 10, 1013, 84, 185, 1637, 1638, 90, 10, 232, 2, 0, 0, 0, 0, 0, 0, 0]",wheel
271298,user_948,The trucks are not visible,3M0NZ3JDP3R6MRIL6MUWDTNKN1IZ5M,44.0,710467261256490ce1bed90743417b0c,skateboard,ShapeNet,fb1ad690d8befb5a74bfd4c8606b795,skateboard,ShapeNet,False,skateboard/ShapeNet/fb1ad690d8befb5a74bfd4c8606b795,skateboard/ShapeNet/710467261256490ce1bed90743417b0c,False,skateboard,skateboard,2,"['the', 'trucks', 'are', 'not', 'visible']",5,the trucks are not visible,train,train,train,train,"[1, 10, 1595, 16, 40, 185, 2, 0, 0, 0, 0, 0, 0, 0, 0, 0, 0, 0]",truck
271299,user_1357,The front wheels are larger,3H0W84IWBMVXGJPN76TMVKRYRDAREY,37.0,710467261256490ce1bed90743417b0c,skateboard,ShapeNet,fb1ad690d8befb5a74bfd4c8606b795,skateboard,ShapeNet,False,skateboard/ShapeNet/fb1ad690d8befb5a74bfd4c8606b795,skateboard/ShapeNet/710467261256490ce1bed90743417b0c,False,skateboard,skateboard,2,"['the', 'front', 'wheels', 'are', 'large', '-er']",6,the front wheels are large -er,train,train,train,train,"[1, 10, 37, 1013, 16, 94, 9, 2, 0, 0, 0, 0, 0, 0, 0, 0, 0, 0]",wheel
271302,user_1033,deck is longer,3EICBYG646P1LXMW3AEI3554WKPCJK,166.0,2026cbe0ebbe1153d975109d955e6652,skateboard,ShapeNet,1ad8d7573dc57ebc247a956ed3779e34,skateboard,ShapeNet,True,skateboard/ShapeNet/1ad8d7573dc57ebc247a956ed3779e34,skateboard/ShapeNet/2026cbe0ebbe1153d975109d955e6652,False,skateboard,skateboard,2,"['deck', 'is', 'long', '-er']",4,deck is long -er,train,train,train,train,"[1, 1281, 7, 32, 9, 2, 0, 0, 0, 0, 0, 0, 0, 0, 0, 0, 0, 0]",deck
271303,user_1124,The target does not rise up to incease height before the ends of the board.,3WAKVUDHUY94NW2UOSALULM1CPZU78,603.0,2026cbe0ebbe1153d975109d955e6652,skateboard,ShapeNet,1ad8d7573dc57ebc247a956ed3779e34,skateboard,ShapeNet,False,skateboard/ShapeNet/1ad8d7573dc57ebc247a956ed3779e34,skateboard/ShapeNet/2026cbe0ebbe1153d975109d955e6652,False,skateboard,skateboard,2,"['the', 'target', 'does', 'not', 'rise', 'up', 'to', 'increase', 'height', 'before', 'the', 'ends', 'of', 'the', 'board']",15,the target does not rise up to increase height before the ends of the board,train,train,train,train,"[1, 10, 11, 39, 40, 1915, 269, 58, 1608, 117, 162, 10, 247, 38, 10, 948, 2, 0]",deck
271304,user_42,The nose of the board is smoother,3K3R2QNK8DW81FQN3P858HD77G69UK,58.0,79288e2c98c7be7c6e72f8cfa29d3672,skateboard,ShapeNet,a1d36f02d20d18db6a2979228046d9f9,skateboard,ShapeNet,False,skateboard/ShapeNet/a1d36f02d20d18db6a2979228046d9f9,skateboard/ShapeNet/79288e2c98c7be7c6e72f8cfa29d3672,False,skateboard,skateboard,2,"['the', 'nose', 'of', 'the', 'board', 'is', 'smooth', '-er']",8,the nose of the board is smooth -er,train,train,train,train,"[1, 10, 1593, 38, 10, 948, 7, 379, 9, 2, 0, 0, 0, 0, 0, 0, 0, 0]",deck
271305,user_476,The cuts on the curved part of the deck are angled.,37TRT2X24SKIBSUQPAINSLZMEZTBJG,244.0,79288e2c98c7be7c6e72f8cfa29d3672,skateboard,ShapeNet,a1d36f02d20d18db6a2979228046d9f9,skateboard,ShapeNet,False,skateboard/ShapeNet/a1d36f02d20d18db6a2979228046d9f9,skateboard/ShapeNet/79288e2c98c7be7c6e72f8cfa29d3672,False,skateboard,skateboard,2,"['the', 'cuts', 'on', 'the', 'curved', 'part', 'of', 'the', 'deck', 'are', 'angled']",11,the cuts on the curved part of the deck are angled,train,train,train,train,"[1, 10, 1440, 20, 10, 51, 311, 38, 10, 1281, 16, 168, 2, 0, 0, 0, 0, 0]",deck
271307,user_203,The edge of the deck is higher.,34YB12FSQ0H43H8M8TNT9OI0Y7QGMI,61.0,f52d56b5f81f1258c70ae17ca06472e1,skateboard,ShapeNet,563569e15313d7eb89e13811ad04f53f,skateboard,ShapeNet,False,skateboard/ShapeNet/563569e15313d7eb89e13811ad04f53f,skateboard/ShapeNet/f52d56b5f81f1258c70ae17ca06472e1,True,skateboard,skateboard,2,"['the', 'edge', 'of', 'the', 'deck', 'is', 'high', '-er']",8,the edge of the deck is high -er,train,train,train,train,"[1, 10, 631, 38, 10, 1281, 7, 49, 9, 2, 0, 0, 0, 0, 0, 0, 0, 0]",deck
271308,user_571,the deck is much less curvier,3GNCZX450KG9ETSWE9NBU61S5HJPA6,53.0,f52d56b5f81f1258c70ae17ca06472e1,skateboard,ShapeNet,563569e15313d7eb89e13811ad04f53f,skateboard,ShapeNet,False,skateboard/ShapeNet/563569e15313d7eb89e13811ad04f53f,skateboard/ShapeNet/f52d56b5f81f1258c70ae17ca06472e1,True,skateboard,skateboard,2,"['the', 'deck', 'is', 'much', 'less', 'curvy', '-er']",7,the deck is much less curvy -er,train,train,train,train,"[1, 10, 1281, 7, 59, 229, 179, 9, 2, 0, 0, 0, 0, 0, 0, 0, 0, 0]",deck
271310,user_203,The deck is not as wide.,3ATTHHXXWCHTTKDLCOP55HBEKNSXIZ,42.0,ea25b5f1fc8d76a36a1b26eff73443ff,skateboard,ShapeNet,f9752bb556ab1e20681083250d6ef1,skateboard,ShapeNet,False,skateboard/ShapeNet/f9752bb556ab1e20681083250d6ef1,skateboard/ShapeNet/ea25b5f1fc8d76a36a1b26eff73443ff,False,skateboard,skateboard,2,"['the', 'deck', 'is', 'not', 'as', 'wide']",6,the deck is not as wide,train,train,train,train,"[1, 10, 1281, 7, 40, 52, 83, 2, 0, 0, 0, 0, 0, 0, 0, 0, 0, 0]",deck
271313,user_156,Its wheels have shallower and smaller indentations in their center.,30MVJZJNHO6ZNZFTRQ4R1F4WQ1QJ9I,48.0,463434d2fcf567d56a93dc68b4021dbb,skateboard,ShapeNet,5fba47ad66c45cd113314092564c13fd,skateboard,ShapeNet,False,skateboard/ShapeNet/5fba47ad66c45cd113314092564c13fd,skateboard/ShapeNet/463434d2fcf567d56a93dc68b4021dbb,False,skateboard,skateboard,2,"['its', 'wheels', 'have', 'shallow', '-er', 'and', 'small', '-er', 'indentations', 'in', 'their', 'center']",12,its wheels have shallow -er and small -er indentations in their center,train,train,train,train,"[1, 5, 1013, 84, 713, 9, 47, 111, 9, 1065, 90, 242, 165, 2, 0, 0, 0, 0]",wheel
271314,user_203,There is not a line between the deck and the nose.,3DYGAII7PN1119ZD35KXK6GX9ZCPQK,143.0,463434d2fcf567d56a93dc68b4021dbb,skateboard,ShapeNet,5fba47ad66c45cd113314092564c13fd,skateboard,ShapeNet,False,skateboard/ShapeNet/5fba47ad66c45cd113314092564c13fd,skateboard/ShapeNet/463434d2fcf567d56a93dc68b4021dbb,False,skateboard,skateboard,2,"['there', 'is', 'not', 'a', 'line', 'between', 'the', 'deck', 'and', 'the', 'nose']",11,there is not a line between the deck and the nose,train,train,train,train,"[1, 15, 7, 40, 26, 287, 657, 10, 1281, 47, 10, 1593, 2, 0, 0, 0, 0, 0]",deck
271316,user_571,The deck looks more symmetric,3IRIK4HM3CDPX27PJRKTU10ZAFG6CL,37.0,b6074c8d74b58d31ef566954f332b813,skateboard,ShapeNet,fb1ad690d8befb5a74bfd4c8606b795,skateboard,ShapeNet,False,skateboard/ShapeNet/fb1ad690d8befb5a74bfd4c8606b795,skateboard/ShapeNet/b6074c8d74b58d31ef566954f332b813,True,skateboard,skateboard,2,"['the', 'deck', 'looks', 'more', 'symmetric']",5,the deck looks more symmetric,train,train,train,train,"[1, 10, 1281, 33, 34, 788, 2, 0, 0, 0, 0, 0, 0, 0, 0, 0, 0, 0]",deck
271321,user_1796,The board is bigger.,3VFJCI1K41SV0XLED1JAVNCA4TEGRT,47.0,573daccbcfdc94a3cbd54f2dfaecbd51,skateboard,ShapeNet,48f26ddc704fec2f379c6a1d59ef7283,skateboard,ShapeNet,False,skateboard/ShapeNet/48f26ddc704fec2f379c6a1d59ef7283,skateboard/ShapeNet/573daccbcfdc94a3cbd54f2dfaecbd51,False,skateboard,skateboard,2,"['the', 'board', 'is', 'big', '-er']",5,the board is big -er,train,train,train,train,"[1, 10, 948, 7, 320, 9, 2, 0, 0, 0, 0, 0, 0, 0, 0, 0, 0, 0]",deck
271322,user_468,The wheels are smaller in diameter,3SB4CE2TJXOEN2UN00XSOJNV7FLXAT,55.0,380433d04091e04d3270ed754ff7ec06,skateboard,ShapeNet,9eb11450fa872445ad8005b08617c09,skateboard,ShapeNet,False,skateboard/ShapeNet/9eb11450fa872445ad8005b08617c09,skateboard/ShapeNet/380433d04091e04d3270ed754ff7ec06,True,skateboard,skateboard,2,"['the', 'wheels', 'are', 'small', '-er', 'in', 'diameter']",7,the wheels are small -er in diameter,train,train,train,train,"[1, 10, 1013, 16, 111, 9, 90, 268, 2, 0, 0, 0, 0, 0, 0, 0, 0, 0]",wheel
271328,user_203,The deck is deeper.,3U4J9857OG4PRXTOO1TQPVUDN4SB78,58.0,48bf45bffab55d7cf14c37b285d25cdf,skateboard,ShapeNet,b6074c8d74b58d31ef566954f332b813,skateboard,ShapeNet,False,skateboard/ShapeNet/b6074c8d74b58d31ef566954f332b813,skateboard/ShapeNet/48bf45bffab55d7cf14c37b285d25cdf,True,skateboard,skateboard,2,"['the', 'deck', 'is', 'deep', '-er']",5,the deck is deep -er,train,train,train,train,"[1, 10, 1281, 7, 573, 9, 2, 0, 0, 0, 0, 0, 0, 0, 0, 0, 0, 0]",deck
271329,user_549,The board is lifted higher off of the ground.,3R2UR8A0IC93P6OOAJ2APE70W12OX6,86.0,48bf45bffab55d7cf14c37b285d25cdf,skateboard,ShapeNet,b6074c8d74b58d31ef566954f332b813,skateboard,ShapeNet,False,skateboard/ShapeNet/b6074c8d74b58d31ef566954f332b813,skateboard/ShapeNet/48bf45bffab55d7cf14c37b285d25cdf,True,skateboard,skateboard,2,"['the', 'board', 'is', 'lifted', 'high', '-er', 'off', 'of', 'the', 'ground']",10,the board is lifted high -er off of the ground,train,train,train,train,"[1, 10, 948, 7, 1598, 49, 9, 57, 38, 10, 299, 2, 0, 0, 0, 0, 0, 0]",deck
271330,user_883,Height of deck board is thinner.,32KTQ2V7RF8PO7LEUNHJH7WDUTL9M8,208.0,48bf45bffab55d7cf14c37b285d25cdf,skateboard,ShapeNet,b6074c8d74b58d31ef566954f332b813,skateboard,ShapeNet,False,skateboard/ShapeNet/b6074c8d74b58d31ef566954f332b813,skateboard/ShapeNet/48bf45bffab55d7cf14c37b285d25cdf,True,skateboard,skateboard,2,"['height', 'of', 'deck', 'board', 'is', 'thin', '-er']",7,height of deck board is thin -er,train,train,train,train,"[1, 117, 38, 1281, 948, 7, 60, 9, 2, 0, 0, 0, 0, 0, 0, 0, 0, 0]",deck
271333,user_1644,the deck is not completely flat,38JBBYETQQ3QFDNPWUX9NRGOZ0WE4A,47.0,97a1800db9a625bc28044fe9244db50a,skateboard,ShapeNet,d4c042d11f29dffa1082f2ea630bf69e,skateboard,ShapeNet,False,skateboard/ShapeNet/d4c042d11f29dffa1082f2ea630bf69e,skateboard/ShapeNet/97a1800db9a625bc28044fe9244db50a,False,skateboard,skateboard,2,"['the', 'deck', 'is', 'not', 'completely', 'flat']",6,the deck is not completely flat,train,train,train,train,"[1, 10, 1281, 7, 40, 169, 129, 2, 0, 0, 0, 0, 0, 0, 0, 0, 0, 0]",deck
271334,user_45,Board has flatter appearance,3ON104KXQMPKWD9GHURF9XNO63L4WY,53.0,99130967461623c37ca71234c2ec5470,skateboard,ShapeNet,d9b0de3b3aecfffb1fabf3cbd0fc77bc,skateboard,ShapeNet,False,skateboard/ShapeNet/d9b0de3b3aecfffb1fabf3cbd0fc77bc,skateboard/ShapeNet/99130967461623c37ca71234c2ec5470,True,skateboard,skateboard,2,"['board', 'has', 'flat', '-er', 'appearance']",5,board has flat -er appearance,train,train,train,train,"[1, 948, 24, 129, 9, 729, 2, 0, 0, 0, 0, 0, 0, 0, 0, 0, 0, 0]",deck
271338,user_323,The deck on the target is much more round on the ends.,3GNA64GUZGXX8ZHUJQBJM0BGIYZQ5L,123.0,c0280aaad5473e8398c63cb68f11df34,skateboard,ShapeNet,35c281c44b5ee115f62521393bb9c2f6,skateboard,ShapeNet,False,skateboard/ShapeNet/35c281c44b5ee115f62521393bb9c2f6,skateboard/ShapeNet/c0280aaad5473e8398c63cb68f11df34,True,skateboard,skateboard,2,"['the', 'deck', 'on', 'the', 'target', 'is', 'much', 'more', 'round', 'on', 'the', 'ends']",12,the deck on the target is much more round on the ends,train,train,train,train,"[1, 10, 1281, 20, 10, 11, 7, 59, 34, 134, 20, 10, 247, 2, 0, 0, 0, 0]",deck
271339,user_1350,There are bumps on the bottom side of the deck.,3A4NIXBJ78SKP9MNJKK9MGN8UN1LMG,322.0,c0280aaad5473e8398c63cb68f11df34,skateboard,ShapeNet,35c281c44b5ee115f62521393bb9c2f6,skateboard,ShapeNet,False,skateboard/ShapeNet/35c281c44b5ee115f62521393bb9c2f6,skateboard/ShapeNet/c0280aaad5473e8398c63cb68f11df34,True,skateboard,skateboard,2,"['there', 'are', 'bumps', 'on', 'the', 'bottom', 'side', 'of', 'the', 'deck']",10,there are bumps on the bottom side of the deck,train,train,train,train,"[1, 15, 16, 1406, 20, 10, 76, 22, 38, 10, 1281, 2, 0, 0, 0, 0, 0, 0]",deck
271341,user_1514,Has a raised logo on the deck,3OB0CAO74JIIXUSBB2TMOJH8MG2YH8,29.0,c0280aaad5473e8398c63cb68f11df34,skateboard,ShapeNet,e60f8e703bf6b7e8b267718342f3f316,skateboard,ShapeNet,True,skateboard/ShapeNet/e60f8e703bf6b7e8b267718342f3f316,skateboard/ShapeNet/c0280aaad5473e8398c63cb68f11df34,False,skateboard,skateboard,2,"['has', 'a', 'raised', 'logo', 'on', 'the', 'deck']",7,has a raised logo on the deck,val,train,val,train,"[1, 24, 26, 681, 604, 20, 10, 1281, 2, 0, 0, 0, 0, 0, 0, 0, 0, 0]",deck
271342,user_1644,the nose and tail are thinner than the rest of the board,32AT8R96GN2Q6UMMCV8WPCIXZ8NSUE,104.0,c0280aaad5473e8398c63cb68f11df34,skateboard,ShapeNet,e60f8e703bf6b7e8b267718342f3f316,skateboard,ShapeNet,False,skateboard/ShapeNet/e60f8e703bf6b7e8b267718342f3f316,skateboard/ShapeNet/c0280aaad5473e8398c63cb68f11df34,False,skateboard,skateboard,2,"['the', 'nose', 'and', 'tail', 'are', 'thin', '-er', 'than', 'the', 'rest', 'of', 'the', 'board']",13,the nose and tail are thin -er than the rest of the board,val,train,val,train,"[1, 10, 1593, 47, 1594, 16, 60, 9, 131, 10, 1154, 38, 10, 948, 2, 0, 0, 0]",deck
271347,user_1298,The edges of the deck are less rounded and curved.,3N1FSUEFL7TLN79P0ZMPH9Y3ZNOD47,56.0,7a00dee660ee94f5dfa6594bd6ded322,skateboard,ShapeNet,bdfa2c97ef7089d6b267718342f3f316,skateboard,ShapeNet,False,skateboard/ShapeNet/bdfa2c97ef7089d6b267718342f3f316,skateboard/ShapeNet/7a00dee660ee94f5dfa6594bd6ded322,False,skateboard,skateboard,2,"['the', 'edges', 'of', 'the', 'deck', 'are', 'less', 'rounded', 'and', 'curved']",10,the edges of the deck are less rounded and curved,train,train,train,train,"[1, 10, 325, 38, 10, 1281, 16, 229, 48, 47, 51, 2, 0, 0, 0, 0, 0, 0]",deck
271349,user_203,There is not a line between the deck and the tail.,3R2UR8A0IC93P6OOAJ2APE70WX4XO9,57.0,58ab8327f188e0a063381d3d7e871939,skateboard,ShapeNet,c7482cb7a8db514921cafafd7e7949c7,skateboard,ShapeNet,False,skateboard/ShapeNet/c7482cb7a8db514921cafafd7e7949c7,skateboard/ShapeNet/58ab8327f188e0a063381d3d7e871939,True,skateboard,skateboard,2,"['there', 'is', 'not', 'a', 'line', 'between', 'the', 'deck', 'and', 'the', 'tail']",11,there is not a line between the deck and the tail,train,train,train,train,"[1, 15, 7, 40, 26, 287, 657, 10, 1281, 47, 10, 1594, 2, 0, 0, 0, 0, 0]",deck
271350,user_1246,The wheels are sharper and more curved in,3ZPPDN2SLXPRCJT1DPT04ZR4LRTE9N,55.0,58ab8327f188e0a063381d3d7e871939,skateboard,ShapeNet,c7482cb7a8db514921cafafd7e7949c7,skateboard,ShapeNet,False,skateboard/ShapeNet/c7482cb7a8db514921cafafd7e7949c7,skateboard/ShapeNet/58ab8327f188e0a063381d3d7e871939,True,skateboard,skateboard,2,"['the', 'wheels', 'are', 'sharp', '-er', 'and', 'more', 'curved', 'in']",9,the wheels are sharp -er and more curved in,train,train,train,train,"[1, 10, 1013, 16, 206, 9, 47, 34, 51, 90, 2, 0, 0, 0, 0, 0, 0, 0]",wheel
271351,user_1656,The truck hanger is narrower.,3C44YUNSI3I7C0V8YJEDK79YQJ6DPK,123.0,58ab8327f188e0a063381d3d7e871939,skateboard,ShapeNet,c7482cb7a8db514921cafafd7e7949c7,skateboard,ShapeNet,False,skateboard/ShapeNet/c7482cb7a8db514921cafafd7e7949c7,skateboard/ShapeNet/58ab8327f188e0a063381d3d7e871939,True,skateboard,skateboard,2,"['the', 'truck', 'hanger', 'is', 'narrow', '-er']",6,the truck hanger is narrow -er,train,train,train,train,"[1, 10, 1606, 1654, 7, 210, 9, 2, 0, 0, 0, 0, 0, 0, 0, 0, 0, 0]",truck
271356,user_1161,The target wheel bearings cap has a small diameter,3N8OEVH1FTJGVXAW9SFE61G7KSJOOD,256.0,591971ce679ca4b93ad38b993d9e745f,skateboard,ShapeNet,48bf45bffab55d7cf14c37b285d25cdf,skateboard,ShapeNet,False,skateboard/ShapeNet/48bf45bffab55d7cf14c37b285d25cdf,skateboard/ShapeNet/591971ce679ca4b93ad38b993d9e745f,False,skateboard,skateboard,2,"['the', 'target', 'wheel', 'bearings', 'cap', 'has', 'a', 'small', 'diameter']",9,the target wheel bearings cap has a small diameter,train,train,train,train,"[1, 10, 11, 544, 1639, 435, 24, 26, 111, 268, 2, 0, 0, 0, 0, 0, 0, 0]",wheel
271359,user_156,The ends of its deck do not slope at as extreme of an angle.,3NL0RFNU0HGT1DFZSG8CLMTTJYBK4L,37.0,ee1e75f67edf37707f29c61065b4dc5a,skateboard,ShapeNet,c190e478faaca09baaf812076502792,skateboard,ShapeNet,False,skateboard/ShapeNet/c190e478faaca09baaf812076502792,skateboard/ShapeNet/ee1e75f67edf37707f29c61065b4dc5a,False,skateboard,skateboard,2,"['the', 'ends', 'of', 'its', 'deck', 'do', 'not', 'slope', 'at', 'as', 'extreme', 'of', 'an', 'angle']",14,the ends of its deck do not slope at as extreme of an angle,train,train,train,train,"[1, 10, 247, 38, 5, 1281, 338, 40, 1369, 98, 52, 3916, 38, 72, 106, 2, 0, 0]",deck
271360,user_571,The deck is flatter.,3FIUS151DXV4B7C0XQPYWJY32MVGGT,39.0,ee1e75f67edf37707f29c61065b4dc5a,skateboard,ShapeNet,c190e478faaca09baaf812076502792,skateboard,ShapeNet,False,skateboard/ShapeNet/c190e478faaca09baaf812076502792,skateboard/ShapeNet/ee1e75f67edf37707f29c61065b4dc5a,False,skateboard,skateboard,2,"['the', 'deck', 'is', 'flat', '-er']",5,the deck is flat -er,train,train,train,train,"[1, 10, 1281, 7, 129, 9, 2, 0, 0, 0, 0, 0, 0, 0, 0, 0, 0, 0]",deck
271363,user_1796,The deck's lip is thicker.,30BUDKLTXFO8BWRPAZGJSJM2ZVAE5W,72.0,55da5b37f4fca69947d4c8697a40872,skateboard,ShapeNet,97f85bc59f09a9f455c660e6cd8e92b,skateboard,ShapeNet,False,skateboard/ShapeNet/97f85bc59f09a9f455c660e6cd8e92b,skateboard/ShapeNet/55da5b37f4fca69947d4c8697a40872,False,skateboard,skateboard,2,"['the', 'deck', ""'s"", 'lip', 'is', 'thick', '-er']",7,the deck 's lip is thick -er,train,train,train,train,"[1, 10, 1281, 12, 125, 7, 54, 9, 2, 0, 0, 0, 0, 0, 0, 0, 0, 0]",deck
271364,user_203,It does not have pipes mounted on the deck.,31JLPPHS2WNR98HAQUVMIYIWP1Q3O0,103.0,54b9d9a3565820e17f267bbeffb219aa,skateboard,ShapeNet,11abd8b2227a9031e65449686a784d77,skateboard,ShapeNet,False,skateboard/ShapeNet/11abd8b2227a9031e65449686a784d77,skateboard/ShapeNet/54b9d9a3565820e17f267bbeffb219aa,True,skateboard,skateboard,2,"['it', 'does', 'not', 'have', 'pipes', 'mounted', 'on', 'the', 'deck']",9,it does not have pipes mounted on the deck,train,train,train,train,"[1, 23, 39, 40, 84, 496, 82, 20, 10, 1281, 2, 0, 0, 0, 0, 0, 0, 0]",deck
271365,user_1024,The wheels are smaller.,3K5TEWLKGX41PV8QC9ONHWET4CFVIP,61.0,54b9d9a3565820e17f267bbeffb219aa,skateboard,ShapeNet,11abd8b2227a9031e65449686a784d77,skateboard,ShapeNet,False,skateboard/ShapeNet/11abd8b2227a9031e65449686a784d77,skateboard/ShapeNet/54b9d9a3565820e17f267bbeffb219aa,True,skateboard,skateboard,2,"['the', 'wheels', 'are', 'small', '-er']",5,the wheels are small -er,train,train,train,train,"[1, 10, 1013, 16, 111, 9, 2, 0, 0, 0, 0, 0, 0, 0, 0, 0, 0, 0]",wheel
271366,user_1633,The target's deck is thinner.,3L70J4KAZIF0PWP690WGUCK3RXAAD5,23.0,54b9d9a3565820e17f267bbeffb219aa,skateboard,ShapeNet,11abd8b2227a9031e65449686a784d77,skateboard,ShapeNet,False,skateboard/ShapeNet/11abd8b2227a9031e65449686a784d77,skateboard/ShapeNet/54b9d9a3565820e17f267bbeffb219aa,True,skateboard,skateboard,2,"['the', 'target', ""'s"", 'deck', 'is', 'thin', '-er']",7,the target 's deck is thin -er,train,train,train,train,"[1, 10, 11, 12, 1281, 7, 60, 9, 2, 0, 0, 0, 0, 0, 0, 0, 0, 0]",deck
271367,user_203,The deck is not as wide.,3JV9LGBJWV7S3KTYL9261S75T6VOGT,56.0,87115860707b0208813c2f803c03ef9f,skateboard,ShapeNet,ee1e75f67edf37707f29c61065b4dc5a,skateboard,ShapeNet,False,skateboard/ShapeNet/ee1e75f67edf37707f29c61065b4dc5a,skateboard/ShapeNet/87115860707b0208813c2f803c03ef9f,True,skateboard,skateboard,2,"['the', 'deck', 'is', 'not', 'as', 'wide']",6,the deck is not as wide,train,train,train,train,"[1, 10, 1281, 7, 40, 52, 83, 2, 0, 0, 0, 0, 0, 0, 0, 0, 0, 0]",deck
271368,user_1298,The target wheels are larger.,3TK8OJTYM3ET6HVUP4E7QTF5QQFVP6,52.0,87115860707b0208813c2f803c03ef9f,skateboard,ShapeNet,ee1e75f67edf37707f29c61065b4dc5a,skateboard,ShapeNet,False,skateboard/ShapeNet/ee1e75f67edf37707f29c61065b4dc5a,skateboard/ShapeNet/87115860707b0208813c2f803c03ef9f,True,skateboard,skateboard,2,"['the', 'target', 'wheels', 'are', 'large', '-er']",6,the target wheels are large -er,train,train,train,train,"[1, 10, 11, 1013, 16, 94, 9, 2, 0, 0, 0, 0, 0, 0, 0, 0, 0, 0]",wheel
271369,user_1633,The target's truck axle is thinner.,3B4YI393VBPARHUINQDWAB09E6OSSA,31.0,87115860707b0208813c2f803c03ef9f,skateboard,ShapeNet,ee1e75f67edf37707f29c61065b4dc5a,skateboard,ShapeNet,False,skateboard/ShapeNet/ee1e75f67edf37707f29c61065b4dc5a,skateboard/ShapeNet/87115860707b0208813c2f803c03ef9f,True,skateboard,skateboard,2,"['the', 'target', ""'s"", 'truck', 'axle', 'is', 'thin', '-er']",8,the target 's truck axle is thin -er,train,train,train,train,"[1, 10, 11, 12, 1606, 1613, 7, 60, 9, 2, 0, 0, 0, 0, 0, 0, 0, 0]",truck
271370,user_45,wheels are smaller,32UTUBMZ7IPR2NUK6ZW6V9AG9M0BV1,78.0,570fae86bb5e1843d587b281fa5e7b27,skateboard,ShapeNet,f9752bb556ab1e20681083250d6ef1,skateboard,ShapeNet,False,skateboard/ShapeNet/f9752bb556ab1e20681083250d6ef1,skateboard/ShapeNet/570fae86bb5e1843d587b281fa5e7b27,True,skateboard,skateboard,2,"['wheels', 'are', 'small', '-er']",4,wheels are small -er,train,train,train,train,"[1, 1013, 16, 111, 9, 2, 0, 0, 0, 0, 0, 0, 0, 0, 0, 0, 0, 0]",wheel
271372,user_1161,The target wheels are smaller in diameter,3NKQQ8O390YK4534F5D7UDWXY02UD1,100.0,570fae86bb5e1843d587b281fa5e7b27,skateboard,ShapeNet,f9752bb556ab1e20681083250d6ef1,skateboard,ShapeNet,False,skateboard/ShapeNet/f9752bb556ab1e20681083250d6ef1,skateboard/ShapeNet/570fae86bb5e1843d587b281fa5e7b27,True,skateboard,skateboard,2,"['the', 'target', 'wheels', 'are', 'small', '-er', 'in', 'diameter']",8,the target wheels are small -er in diameter,train,train,train,train,"[1, 10, 11, 1013, 16, 111, 9, 90, 268, 2, 0, 0, 0, 0, 0, 0, 0, 0]",wheel
271373,user_567,The board width is slightly larger.,3LUY3GC631TRVRUY76BRKFZ24887PQ,94.0,55da5b37f4fca69947d4c8697a40872,skateboard,ShapeNet,c190e478faaca09baaf812076502792,skateboard,ShapeNet,False,skateboard/ShapeNet/c190e478faaca09baaf812076502792,skateboard/ShapeNet/55da5b37f4fca69947d4c8697a40872,True,skateboard,skateboard,2,"['the', 'board', 'width', 'is', 'slightly', 'large', '-er']",7,the board width is slightly large -er,train,train,train,train,"[1, 10, 948, 358, 7, 174, 94, 9, 2, 0, 0, 0, 0, 0, 0, 0, 0, 0]",deck
271374,user_1205,Its board is not as wide,3DPNQGW4LN8M2YUAQCEBB3OBI1Q46V,53.0,55da5b37f4fca69947d4c8697a40872,skateboard,ShapeNet,c190e478faaca09baaf812076502792,skateboard,ShapeNet,False,skateboard/ShapeNet/c190e478faaca09baaf812076502792,skateboard/ShapeNet/55da5b37f4fca69947d4c8697a40872,True,skateboard,skateboard,2,"['its', 'board', 'is', 'not', 'as', 'wide']",6,its board is not as wide,train,train,train,train,"[1, 5, 948, 7, 40, 52, 83, 2, 0, 0, 0, 0, 0, 0, 0, 0, 0, 0]",deck
271375,user_1392,The board is wider.,3VELCLL3GMC1TSQ24NYD7BULZGM1FL,23.0,55da5b37f4fca69947d4c8697a40872,skateboard,ShapeNet,c190e478faaca09baaf812076502792,skateboard,ShapeNet,False,skateboard/ShapeNet/c190e478faaca09baaf812076502792,skateboard/ShapeNet/55da5b37f4fca69947d4c8697a40872,True,skateboard,skateboard,2,"['the', 'board', 'is', 'wide', '-er']",5,the board is wide -er,train,train,train,train,"[1, 10, 948, 7, 83, 9, 2, 0, 0, 0, 0, 0, 0, 0, 0, 0, 0, 0]",deck
271376,user_567,The front of the board has a much more rounded edge.,3HMIGG0U4NZP4JRI8YZGB6O9JXC8Y3,521.0,af4343c5b78b70b11082f2ea630bf69e,skateboard,ShapeNet,e421c23a2c02cac61082f2ea630bf69e,skateboard,ShapeNet,False,skateboard/ShapeNet/e421c23a2c02cac61082f2ea630bf69e,skateboard/ShapeNet/af4343c5b78b70b11082f2ea630bf69e,True,skateboard,skateboard,2,"['the', 'front', 'of', 'the', 'board', 'has', 'a', 'much', 'more', 'rounded', 'edge']",11,the front of the board has a much more rounded edge,test,train,test,train,"[1, 10, 37, 38, 10, 948, 24, 26, 59, 34, 48, 631, 2, 0, 0, 0, 0, 0]",deck
271377,user_1644,the tail of the board is smaller and more rounded,386PBUZZXHQUO1G2GN7H6OVRQTMLJS,171.0,af4343c5b78b70b11082f2ea630bf69e,skateboard,ShapeNet,e421c23a2c02cac61082f2ea630bf69e,skateboard,ShapeNet,False,skateboard/ShapeNet/e421c23a2c02cac61082f2ea630bf69e,skateboard/ShapeNet/af4343c5b78b70b11082f2ea630bf69e,True,skateboard,skateboard,2,"['the', 'tail', 'of', 'the', 'board', 'is', 'small', '-er', 'and', 'more', 'rounded']",11,the tail of the board is small -er and more rounded,test,train,test,train,"[1, 10, 1594, 38, 10, 948, 7, 111, 9, 47, 34, 48, 2, 0, 0, 0, 0, 0]",deck
271379,user_1246,The deck is less in length,3RSDURM96CF6DK19L1LG3GKVU0DYEV,46.0,ea25b5f1fc8d76a36a1b26eff73443ff,skateboard,ShapeNet,571dd1b4d09773c5bbe43d356df0e955,skateboard,ShapeNet,False,skateboard/ShapeNet/571dd1b4d09773c5bbe43d356df0e955,skateboard/ShapeNet/ea25b5f1fc8d76a36a1b26eff73443ff,False,skateboard,skateboard,2,"['the', 'deck', 'is', 'less', 'in', 'length']",6,the deck is less in length,train,train,train,train,"[1, 10, 1281, 7, 229, 90, 155, 2, 0, 0, 0, 0, 0, 0, 0, 0, 0, 0]",deck
271380,user_1357,The deck is taller in height,36AHBNMV1T51LEN9P6AWXY2AUOJYD9,63.0,ea25b5f1fc8d76a36a1b26eff73443ff,skateboard,ShapeNet,571dd1b4d09773c5bbe43d356df0e955,skateboard,ShapeNet,False,skateboard/ShapeNet/571dd1b4d09773c5bbe43d356df0e955,skateboard/ShapeNet/ea25b5f1fc8d76a36a1b26eff73443ff,False,skateboard,skateboard,2,"['the', 'deck', 'is', 'tall', '-er', 'in', 'height']",7,the deck is tall -er in height,train,train,train,train,"[1, 10, 1281, 7, 53, 9, 90, 117, 2, 0, 0, 0, 0, 0, 0, 0, 0, 0]",deck
271381,user_1815,The trucks are taller,304SM51WA5XBAVDGC4R1KMQ9AK4BSY,230.0,ea25b5f1fc8d76a36a1b26eff73443ff,skateboard,ShapeNet,571dd1b4d09773c5bbe43d356df0e955,skateboard,ShapeNet,False,skateboard/ShapeNet/571dd1b4d09773c5bbe43d356df0e955,skateboard/ShapeNet/ea25b5f1fc8d76a36a1b26eff73443ff,False,skateboard,skateboard,2,"['the', 'trucks', 'are', 'tall', '-er']",5,the trucks are tall -er,train,train,train,train,"[1, 10, 1595, 16, 53, 9, 2, 0, 0, 0, 0, 0, 0, 0, 0, 0, 0, 0]",truck
271385,user_1298,The wheels are smaller.,37ZHEEHM6YFKO2PB98EK7CW1ZCH37B,22.0,792953b4101753c6ed3696d854eee1ec,skateboard,ShapeNet,52ffc103719ae88ef0f40fbf85e100a,skateboard,ShapeNet,False,skateboard/ShapeNet/52ffc103719ae88ef0f40fbf85e100a,skateboard/ShapeNet/792953b4101753c6ed3696d854eee1ec,True,skateboard,skateboard,2,"['the', 'wheels', 'are', 'small', '-er']",5,the wheels are small -er,test,train,test,train,"[1, 10, 1013, 16, 111, 9, 2, 0, 0, 0, 0, 0, 0, 0, 0, 0, 0, 0]",wheel
271386,user_1815,Wheels are plain cylinders,3HHRAGRYXAYDOA6Q73WW9BLIPV1O97,103.0,792953b4101753c6ed3696d854eee1ec,skateboard,ShapeNet,52ffc103719ae88ef0f40fbf85e100a,skateboard,ShapeNet,False,skateboard/ShapeNet/52ffc103719ae88ef0f40fbf85e100a,skateboard/ShapeNet/792953b4101753c6ed3696d854eee1ec,True,skateboard,skateboard,2,"['wheels', 'are', 'plain', 'cylinders']",4,wheels are plain cylinders,test,train,test,train,"[1, 1013, 16, 559, 402, 2, 0, 0, 0, 0, 0, 0, 0, 0, 0, 0, 0, 0]",wheel
271387,user_2044,The wheels are thicker depth-wise.,3JMSRU9HQKNP9Q64GQYWWHG1CLEVEQ,68.0,792953b4101753c6ed3696d854eee1ec,skateboard,ShapeNet,52ffc103719ae88ef0f40fbf85e100a,skateboard,ShapeNet,False,skateboard/ShapeNet/52ffc103719ae88ef0f40fbf85e100a,skateboard/ShapeNet/792953b4101753c6ed3696d854eee1ec,True,skateboard,skateboard,2,"['the', 'wheels', 'are', 'thick', '-er', 'depth', 'wise']",7,the wheels are thick -er depth wise,test,train,test,train,"[1, 10, 1013, 16, 54, 9, 607, 359, 2, 0, 0, 0, 0, 0, 0, 0, 0, 0]",wheel
271389,user_468,There are visible hardware holes on the top of the deck,3DOCMVPBTP7GVRA87YFOCNGX48ANNJ,36.0,ac2b6924a60a7a87aa4f69d519551495,skateboard,ShapeNet,393ca71bd734f3071082f2ea630bf69e,skateboard,ShapeNet,False,skateboard/ShapeNet/393ca71bd734f3071082f2ea630bf69e,skateboard/ShapeNet/ac2b6924a60a7a87aa4f69d519551495,False,skateboard,skateboard,2,"['there', 'are', 'visible', 'hardware', 'holes', 'on', 'the', 'top', 'of', 'the', 'deck']",11,there are visible hardware holes on the top of the deck,train,train,train,train,"[1, 15, 16, 185, 1602, 234, 20, 10, 99, 38, 10, 1281, 2, 0, 0, 0, 0, 0]",deck
271390,user_1796,The deck has hardware.,3ZAK8W07I67Q5L2A3TPCF6CE4BT0UE,51.0,ac2b6924a60a7a87aa4f69d519551495,skateboard,ShapeNet,393ca71bd734f3071082f2ea630bf69e,skateboard,ShapeNet,False,skateboard/ShapeNet/393ca71bd734f3071082f2ea630bf69e,skateboard/ShapeNet/ac2b6924a60a7a87aa4f69d519551495,False,skateboard,skateboard,2,"['the', 'deck', 'has', 'hardware']",4,the deck has hardware,train,train,train,train,"[1, 10, 1281, 24, 1602, 2, 0, 0, 0, 0, 0, 0, 0, 0, 0, 0, 0, 0]",deck
271391,user_42,The wheels are smaller,3L2IS5HSFCBTQHUH4ZRAQI8RC50NUA,63.0,f5d7698b5a57d61226e0640b67de606,skateboard,ShapeNet,776eaffd7cbe7bc6b9e8bdc9c4a49aa2,skateboard,ShapeNet,False,skateboard/ShapeNet/776eaffd7cbe7bc6b9e8bdc9c4a49aa2,skateboard/ShapeNet/f5d7698b5a57d61226e0640b67de606,False,skateboard,skateboard,2,"['the', 'wheels', 'are', 'small', '-er']",5,the wheels are small -er,train,train,train,train,"[1, 10, 1013, 16, 111, 9, 2, 0, 0, 0, 0, 0, 0, 0, 0, 0, 0, 0]",wheel
271392,user_468,The deck is wider,39GXDJN2OV780PWD3NCW47KF1GD8VX,112.0,f5d7698b5a57d61226e0640b67de606,skateboard,ShapeNet,776eaffd7cbe7bc6b9e8bdc9c4a49aa2,skateboard,ShapeNet,False,skateboard/ShapeNet/776eaffd7cbe7bc6b9e8bdc9c4a49aa2,skateboard/ShapeNet/f5d7698b5a57d61226e0640b67de606,False,skateboard,skateboard,2,"['the', 'deck', 'is', 'wide', '-er']",5,the deck is wide -er,train,train,train,train,"[1, 10, 1281, 7, 83, 9, 2, 0, 0, 0, 0, 0, 0, 0, 0, 0, 0, 0]",deck
271393,user_571,The deck is shorter.,3R2PKQ87NY1IZ8EHYHNWU0VGDLQIMM,49.0,f5d7698b5a57d61226e0640b67de606,skateboard,ShapeNet,776eaffd7cbe7bc6b9e8bdc9c4a49aa2,skateboard,ShapeNet,False,skateboard/ShapeNet/776eaffd7cbe7bc6b9e8bdc9c4a49aa2,skateboard/ShapeNet/f5d7698b5a57d61226e0640b67de606,False,skateboard,skateboard,2,"['the', 'deck', 'is', 'short', '-er']",5,the deck is short -er,train,train,train,train,"[1, 10, 1281, 7, 8, 9, 2, 0, 0, 0, 0, 0, 0, 0, 0, 0, 0, 0]",deck
271395,user_1205,Its board has more width from the sides,3DH6GAKTY0I4OFS5HOZTOQLDI8PZY9,46.0,db4c8bf323465e4c537d393009a79347,skateboard,ShapeNet,1c8d5e05c3faa05861be5ced44bc18ac,skateboard,ShapeNet,False,skateboard/ShapeNet/1c8d5e05c3faa05861be5ced44bc18ac,skateboard/ShapeNet/db4c8bf323465e4c537d393009a79347,False,skateboard,skateboard,2,"['its', 'board', 'has', 'more', 'width', 'from', 'the', 'sides']",8,its board has more width from the sides,test,train,test,train,"[1, 5, 948, 24, 34, 358, 113, 10, 360, 2, 0, 0, 0, 0, 0, 0, 0, 0]",deck
271399,user_1644,the trucks are bigger,3IXEICO794C6JJ905DFJJB03Y086TU,91.0,8f78a26403f09b708b3b3a08d28a7d7c,skateboard,ShapeNet,36755d38d12e80c0702c58bc53d1e55f,skateboard,ShapeNet,False,skateboard/ShapeNet/36755d38d12e80c0702c58bc53d1e55f,skateboard/ShapeNet/8f78a26403f09b708b3b3a08d28a7d7c,True,skateboard,skateboard,2,"['the', 'trucks', 'are', 'big', '-er']",5,the trucks are big -er,train,train,train,train,"[1, 10, 1595, 16, 320, 9, 2, 0, 0, 0, 0, 0, 0, 0, 0, 0, 0, 0]",truck
271400,user_1246,More width in deck,3HMIGG0U4NZP4JRI8YZGB6O9JXG8Y7,47.0,1ad8d7573dc57ebc247a956ed3779e34,skateboard,ShapeNet,55da5b37f4fca69947d4c8697a40872,skateboard,ShapeNet,False,skateboard/ShapeNet/55da5b37f4fca69947d4c8697a40872,skateboard/ShapeNet/1ad8d7573dc57ebc247a956ed3779e34,True,skateboard,skateboard,2,"['more', 'width', 'in', 'deck']",4,more width in deck,train,train,train,train,"[1, 34, 358, 90, 1281, 2, 0, 0, 0, 0, 0, 0, 0, 0, 0, 0, 0, 0]",deck
271401,user_1298,The wood of the deck is thicker.,37C0GNLMHHWZ2UD3JNF4E7IHVEM6DD,40.0,1ad8d7573dc57ebc247a956ed3779e34,skateboard,ShapeNet,55da5b37f4fca69947d4c8697a40872,skateboard,ShapeNet,False,skateboard/ShapeNet/55da5b37f4fca69947d4c8697a40872,skateboard/ShapeNet/1ad8d7573dc57ebc247a956ed3779e34,True,skateboard,skateboard,2,"['the', 'wood', 'of', 'the', 'deck', 'is', 'thick', '-er']",8,the wood of the deck is thick -er,train,train,train,train,"[1, 10, 2545, 38, 10, 1281, 7, 54, 9, 2, 0, 0, 0, 0, 0, 0, 0, 0]",deck
271402,user_567,The overall board length is smaller in size.,30BUDKLTXFO8BWRPAZGJSJM2ZVB5EO,180.0,a19d80304e26099e7394c987e5e211f0,skateboard,ShapeNet,f9efb1b00b79c035c1cb365152372fc5,skateboard,ShapeNet,False,skateboard/ShapeNet/f9efb1b00b79c035c1cb365152372fc5,skateboard/ShapeNet/a19d80304e26099e7394c987e5e211f0,True,skateboard,skateboard,2,"['the', 'overall', 'board', 'length', 'is', 'small', '-er', 'in', 'size']",9,the overall board length is small -er in size,train,train,train,train,"[1, 10, 201, 948, 155, 7, 111, 9, 90, 377, 2, 0, 0, 0, 0, 0, 0, 0]",deck
271403,user_1246,The width of the deck is less,3LS2AMNW5HJJG9NCO57IV6B7ZT2QOO,48.0,a19d80304e26099e7394c987e5e211f0,skateboard,ShapeNet,f9efb1b00b79c035c1cb365152372fc5,skateboard,ShapeNet,False,skateboard/ShapeNet/f9efb1b00b79c035c1cb365152372fc5,skateboard/ShapeNet/a19d80304e26099e7394c987e5e211f0,True,skateboard,skateboard,2,"['the', 'width', 'of', 'the', 'deck', 'is', 'less']",7,the width of the deck is less,train,train,train,train,"[1, 10, 358, 38, 10, 1281, 7, 229, 2, 0, 0, 0, 0, 0, 0, 0, 0, 0]",deck
271404,user_1298,The truck axle is straight.,3SUWZRL0M064U0R3FIQOKP02VQNE6E,55.0,a19d80304e26099e7394c987e5e211f0,skateboard,ShapeNet,f9efb1b00b79c035c1cb365152372fc5,skateboard,ShapeNet,False,skateboard/ShapeNet/f9efb1b00b79c035c1cb365152372fc5,skateboard/ShapeNet/a19d80304e26099e7394c987e5e211f0,True,skateboard,skateboard,2,"['the', 'truck', 'axle', 'is', 'straight']",5,the truck axle is straight,train,train,train,train,"[1, 10, 1606, 1613, 7, 114, 2, 0, 0, 0, 0, 0, 0, 0, 0, 0, 0, 0]",truck
271405,user_468,The wheels have visible axel nuts,3H7Z272LX90QACJ0B0C13KH3ZSBLPB,37.0,732270ac7e23d610e62bec48c266b5c6,skateboard,ShapeNet,58ab8327f188e0a063381d3d7e871939,skateboard,ShapeNet,False,skateboard/ShapeNet/58ab8327f188e0a063381d3d7e871939,skateboard/ShapeNet/732270ac7e23d610e62bec48c266b5c6,False,skateboard,skateboard,2,"['the', 'wheels', 'have', 'visible', 'axel', 'nuts']",6,the wheels have visible axel nuts,train,train,train,train,"[1, 10, 1013, 84, 185, 1637, 1638, 2, 0, 0, 0, 0, 0, 0, 0, 0, 0, 0]",wheel
271406,user_1633,The target's deck is slightly narrower.,3Z3ZLGNNSKNUUKUQ57NQ73DW425Q3S,31.0,732270ac7e23d610e62bec48c266b5c6,skateboard,ShapeNet,58ab8327f188e0a063381d3d7e871939,skateboard,ShapeNet,False,skateboard/ShapeNet/58ab8327f188e0a063381d3d7e871939,skateboard/ShapeNet/732270ac7e23d610e62bec48c266b5c6,False,skateboard,skateboard,2,"['the', 'target', ""'s"", 'deck', 'is', 'slightly', 'narrow', '-er']",8,the target 's deck is slightly narrow -er,train,train,train,train,"[1, 10, 11, 12, 1281, 7, 174, 210, 9, 2, 0, 0, 0, 0, 0, 0, 0, 0]",deck
271407,user_1685,The deck itself is a lot thinner and more squared off.,3JAOYWH7VKX5IP3TUBG4HUHOUOS9L3,103.0,732270ac7e23d610e62bec48c266b5c6,skateboard,ShapeNet,58ab8327f188e0a063381d3d7e871939,skateboard,ShapeNet,False,skateboard/ShapeNet/58ab8327f188e0a063381d3d7e871939,skateboard/ShapeNet/732270ac7e23d610e62bec48c266b5c6,False,skateboard,skateboard,2,"['the', 'deck', 'itself', 'is', 'a', 'lot', 'thin', '-er', 'and', 'more', 'squared', 'off']",12,the deck itself is a lot thin -er and more squared off,train,train,train,train,"[1, 10, 1281, 1133, 7, 26, 110, 60, 9, 47, 34, 427, 57, 2, 0, 0, 0, 0]",deck
271409,user_915,The bolt holes for the trucks,3F6KKYWMNDU79FJVI41LGI43Q47ND0,57.0,99130967461623c37ca71234c2ec5470,skateboard,ShapeNet,24e46e195f4907887a70e5e6aa241c88,skateboard,ShapeNet,False,skateboard/ShapeNet/24e46e195f4907887a70e5e6aa241c88,skateboard/ShapeNet/99130967461623c37ca71234c2ec5470,True,skateboard,skateboard,2,"['the', 'bolt', 'holes', 'for', 'the', 'trucks']",6,the bolt holes for the trucks,train,train,train,train,"[1, 10, 1518, 234, 259, 10, 1595, 2, 0, 0, 0, 0, 0, 0, 0, 0, 0, 0]",truck
271410,user_1033,The wheels look more woody,31QTRG6Q2V6AABQZUF1RXSJZ87GPY8,228.0,99130967461623c37ca71234c2ec5470,skateboard,ShapeNet,24e46e195f4907887a70e5e6aa241c88,skateboard,ShapeNet,False,skateboard/ShapeNet/24e46e195f4907887a70e5e6aa241c88,skateboard/ShapeNet/99130967461623c37ca71234c2ec5470,True,skateboard,skateboard,2,"['the', 'wheels', 'look', 'more', 'woody']",5,the wheels look more woody,train,train,train,train,"[1, 10, 1013, 186, 34, 3, 2, 0, 0, 0, 0, 0, 0, 0, 0, 0, 0, 0]",wheel
271411,user_203,The deck is not as long.,3KXIR214I69YKXB93A28LQ7Z2WQ42G,58.0,9eb11450fa872445ad8005b08617c09,skateboard,ShapeNet,36aaae334d636ec28043db94fbc8c982,skateboard,ShapeNet,False,skateboard/ShapeNet/36aaae334d636ec28043db94fbc8c982,skateboard/ShapeNet/9eb11450fa872445ad8005b08617c09,True,skateboard,skateboard,2,"['the', 'deck', 'is', 'not', 'as', 'long']",6,the deck is not as long,train,train,train,train,"[1, 10, 1281, 7, 40, 52, 32, 2, 0, 0, 0, 0, 0, 0, 0, 0, 0, 0]",deck
271412,user_468,The wheels are larger in diameter,3L4D84MIL1LS25XCP2SJEW2K9CYJH4,39.0,9eb11450fa872445ad8005b08617c09,skateboard,ShapeNet,36aaae334d636ec28043db94fbc8c982,skateboard,ShapeNet,False,skateboard/ShapeNet/36aaae334d636ec28043db94fbc8c982,skateboard/ShapeNet/9eb11450fa872445ad8005b08617c09,True,skateboard,skateboard,2,"['the', 'wheels', 'are', 'large', '-er', 'in', 'diameter']",7,the wheels are large -er in diameter,train,train,train,train,"[1, 10, 1013, 16, 94, 9, 90, 268, 2, 0, 0, 0, 0, 0, 0, 0, 0, 0]",wheel
271413,user_1124,Target has thicker wheels.,3UNH76FOCUY4P8TM2Z9ZGOP4326MYA,361.0,9eb11450fa872445ad8005b08617c09,skateboard,ShapeNet,36aaae334d636ec28043db94fbc8c982,skateboard,ShapeNet,True,skateboard/ShapeNet/36aaae334d636ec28043db94fbc8c982,skateboard/ShapeNet/9eb11450fa872445ad8005b08617c09,True,skateboard,skateboard,2,"['target', 'has', 'thick', '-er', 'wheels']",5,target has thick -er wheels,train,train,train,train,"[1, 11, 24, 54, 9, 1013, 2, 0, 0, 0, 0, 0, 0, 0, 0, 0, 0, 0]",wheel
271419,user_1298,The wheels are smaller.,3EFVCAY5L52Z9UWJMYYD1J9L6T98JF,25.0,dcb9a62d5ef76f389da15808191f1405,skateboard,ShapeNet,c4b7db8e09375b4d6830ad3775f4cffc,skateboard,ShapeNet,False,skateboard/ShapeNet/c4b7db8e09375b4d6830ad3775f4cffc,skateboard/ShapeNet/dcb9a62d5ef76f389da15808191f1405,False,skateboard,skateboard,2,"['the', 'wheels', 'are', 'small', '-er']",5,the wheels are small -er,train,train,train,train,"[1, 10, 1013, 16, 111, 9, 2, 0, 0, 0, 0, 0, 0, 0, 0, 0, 0, 0]",wheel
271421,user_1815,Has thin truck axle,3OWEPKL08B5RS6ILRRYZGQU74V8N7F,51.0,d3ff56062272f3e6346e65609be6d72f,skateboard,ShapeNet,ee1e75f67edf37707f29c61065b4dc5a,skateboard,ShapeNet,False,skateboard/ShapeNet/ee1e75f67edf37707f29c61065b4dc5a,skateboard/ShapeNet/d3ff56062272f3e6346e65609be6d72f,False,skateboard,skateboard,2,"['has', 'thin', 'truck', 'axle']",4,has thin truck axle,train,train,train,train,"[1, 24, 60, 1606, 1613, 2, 0, 0, 0, 0, 0, 0, 0, 0, 0, 0, 0, 0]",truck
271422,user_2044,The truck axle is much thinner.,3YOH7BII0B0SVQYECC9ZUCT6WIAVKA,33.0,d3ff56062272f3e6346e65609be6d72f,skateboard,ShapeNet,ee1e75f67edf37707f29c61065b4dc5a,skateboard,ShapeNet,False,skateboard/ShapeNet/ee1e75f67edf37707f29c61065b4dc5a,skateboard/ShapeNet/d3ff56062272f3e6346e65609be6d72f,False,skateboard,skateboard,2,"['the', 'truck', 'axle', 'is', 'much', 'thin', '-er']",7,the truck axle is much thin -er,train,train,train,train,"[1, 10, 1606, 1613, 7, 59, 60, 9, 2, 0, 0, 0, 0, 0, 0, 0, 0, 0]",truck
271424,user_549,Wheels are smaller with less room around the bearing.,39RP059MEJM8C00BS7VF8DR3IYZBM5,54.0,c7482cb7a8db514921cafafd7e7949c7,skateboard,ShapeNet,344e9402d06bd94031145076011658c5,skateboard,ShapeNet,False,skateboard/ShapeNet/344e9402d06bd94031145076011658c5,skateboard/ShapeNet/c7482cb7a8db514921cafafd7e7949c7,True,skateboard,skateboard,2,"['wheels', 'are', 'small', '-er', 'with', 'less', 'room', 'around', 'the', 'bearing']",10,wheels are small -er with less room around the bearing,train,train,train,train,"[1, 1013, 16, 111, 9, 121, 229, 1021, 239, 10, 4722, 2, 0, 0, 0, 0, 0, 0]",wheel
271428,user_615,the trucks almost not seen from the side view,3UOUJI6MTF7Y2B8L65EJOKZPEIFXU7,243.0,710467261256490ce1bed90743417b0c,skateboard,ShapeNet,7fc2cddac7ad57a2aa4eefa8f42b566e,skateboard,ShapeNet,False,skateboard/ShapeNet/7fc2cddac7ad57a2aa4eefa8f42b566e,skateboard/ShapeNet/710467261256490ce1bed90743417b0c,True,skateboard,skateboard,2,"['the', 'trucks', 'almost', 'not', 'seen', 'from', 'the', 'side', 'view']",9,the trucks almost not seen from the side view,train,train,train,train,"[1, 10, 1595, 505, 40, 874, 113, 10, 22, 1375, 2, 0, 0, 0, 0, 0, 0, 0]",truck
271432,user_1572,There are raised circles on the deck above the axels.,3GS6S824SSQ6ILJMZZ6B86TOXKGNWC,54.0,710467261256490ce1bed90743417b0c,skateboard,ShapeNet,ae28ad55a38200ff1c5f9eddd7cde6be,skateboard,ShapeNet,False,skateboard/ShapeNet/ae28ad55a38200ff1c5f9eddd7cde6be,skateboard/ShapeNet/710467261256490ce1bed90743417b0c,False,skateboard,skateboard,2,"['there', 'are', 'raised', 'circles', 'on', 'the', 'deck', 'above', 'the', 'axels']",10,there are raised circles on the deck above the axels,train,train,train,train,"[1, 15, 16, 681, 452, 20, 10, 1281, 346, 10, 1649, 2, 0, 0, 0, 0, 0, 0]",deck
271439,user_1815,Deck appears shorter and wider,32ZKVD547HG7QES1MPQ0CEIXI493B2,93.0,1ad8d7573dc57ebc247a956ed3779e34,skateboard,ShapeNet,254feab290d4b460d4e77499b42cadd3,skateboard,ShapeNet,False,skateboard/ShapeNet/254feab290d4b460d4e77499b42cadd3,skateboard/ShapeNet/1ad8d7573dc57ebc247a956ed3779e34,True,skateboard,skateboard,2,"['deck', 'appears', 'short', '-er', 'and', 'wide', '-er']",7,deck appears short -er and wide -er,train,train,train,train,"[1, 1281, 411, 8, 9, 47, 83, 9, 2, 0, 0, 0, 0, 0, 0, 0, 0, 0]",deck
271441,user_1633,The target does not have visible wheels.,3YDGXNSEO1N96CDYJRB9VHK2OWF48G,26.0,aa2c5469590761793c497dcbf6659611,skateboard,ShapeNet,11aaf89382b3a4de983ec12a2b33f18b,skateboard,ShapeNet,False,skateboard/ShapeNet/11aaf89382b3a4de983ec12a2b33f18b,skateboard/ShapeNet/aa2c5469590761793c497dcbf6659611,True,skateboard,skateboard,2,"['the', 'target', 'does', 'not', 'have', 'visible', 'wheels']",7,the target does not have visible wheels,train,train,train,train,"[1, 10, 11, 39, 40, 84, 185, 1013, 2, 0, 0, 0, 0, 0, 0, 0, 0, 0]",wheel
271442,user_1815,The deck is on the ground,3TY7ZAOG5HDC2PXY9FLA9J3G2MW0KM,83.0,aa2c5469590761793c497dcbf6659611,skateboard,ShapeNet,11aaf89382b3a4de983ec12a2b33f18b,skateboard,ShapeNet,False,skateboard/ShapeNet/11aaf89382b3a4de983ec12a2b33f18b,skateboard/ShapeNet/aa2c5469590761793c497dcbf6659611,True,skateboard,skateboard,2,"['the', 'deck', 'is', 'on', 'the', 'ground']",6,the deck is on the ground,train,train,train,train,"[1, 10, 1281, 7, 20, 10, 299, 2, 0, 0, 0, 0, 0, 0, 0, 0, 0, 0]",deck
271443,user_2044,It does not have wheels.,3VNXK88KKEB8EUFN8FIA43FQLOYV9G,48.0,aa2c5469590761793c497dcbf6659611,skateboard,ShapeNet,11aaf89382b3a4de983ec12a2b33f18b,skateboard,ShapeNet,False,skateboard/ShapeNet/11aaf89382b3a4de983ec12a2b33f18b,skateboard/ShapeNet/aa2c5469590761793c497dcbf6659611,True,skateboard,skateboard,2,"['it', 'does', 'not', 'have', 'wheels']",5,it does not have wheels,train,train,train,train,"[1, 23, 39, 40, 84, 1013, 2, 0, 0, 0, 0, 0, 0, 0, 0, 0, 0, 0]",wheel
271446,user_1644,the truck is larger,3X08E93BHXB0HLYO907Q818PESX66J,97.0,d9b0de3b3aecfffb1fabf3cbd0fc77bc,skateboard,ShapeNet,f5643778dbcd653655a834a7aafb0236,skateboard,ShapeNet,False,skateboard/ShapeNet/f5643778dbcd653655a834a7aafb0236,skateboard/ShapeNet/d9b0de3b3aecfffb1fabf3cbd0fc77bc,False,skateboard,skateboard,2,"['the', 'truck', 'is', 'large', '-er']",5,the truck is large -er,train,train,train,train,"[1, 10, 1606, 7, 94, 9, 2, 0, 0, 0, 0, 0, 0, 0, 0, 0, 0, 0]",truck
271447,user_962,It's deck is not curved,3RRCEFRB7O5S8AB5M3VJMJA3W33B4R,92.0,48f26ddc704fec2f379c6a1d59ef7283,skateboard,ShapeNet,94fc692e0518c0b0537d393009a79347,skateboard,ShapeNet,False,skateboard/ShapeNet/94fc692e0518c0b0537d393009a79347,skateboard/ShapeNet/48f26ddc704fec2f379c6a1d59ef7283,False,skateboard,skateboard,2,"['it', 'is', 'deck', 'is', 'not', 'curved']",6,it is deck is not curved,train,train,train,train,"[1, 23, 7, 1281, 7, 40, 51, 2, 0, 0, 0, 0, 0, 0, 0, 0, 0, 0]",deck
271448,user_1298,The trucks are smaller.,3IAEQB9FMGDXW9S9A5S8C1HUJGEDWK,73.0,48f26ddc704fec2f379c6a1d59ef7283,skateboard,ShapeNet,94fc692e0518c0b0537d393009a79347,skateboard,ShapeNet,False,skateboard/ShapeNet/94fc692e0518c0b0537d393009a79347,skateboard/ShapeNet/48f26ddc704fec2f379c6a1d59ef7283,False,skateboard,skateboard,2,"['the', 'trucks', 'are', 'small', '-er']",5,the trucks are small -er,train,train,train,train,"[1, 10, 1595, 16, 111, 9, 2, 0, 0, 0, 0, 0, 0, 0, 0, 0, 0, 0]",truck
271449,user_1644,the board is more symmetrical,37WLF8U1WRJ7G0JDB41RIKD7FNWK6H,93.0,48f26ddc704fec2f379c6a1d59ef7283,skateboard,ShapeNet,94fc692e0518c0b0537d393009a79347,skateboard,ShapeNet,False,skateboard/ShapeNet/94fc692e0518c0b0537d393009a79347,skateboard/ShapeNet/48f26ddc704fec2f379c6a1d59ef7283,False,skateboard,skateboard,2,"['the', 'board', 'is', 'more', 'symmetrical']",5,the board is more symmetrical,train,train,train,train,"[1, 10, 948, 7, 34, 489, 2, 0, 0, 0, 0, 0, 0, 0, 0, 0, 0, 0]",deck
271450,user_1205,its wheels are flat from the outside,30ZX6P7VFAOONFUU6HPCRSWIKVHJ2R,42.0,a19d80304e26099e7394c987e5e211f0,skateboard,ShapeNet,8f78a26403f09b708b3b3a08d28a7d7c,skateboard,ShapeNet,False,skateboard/ShapeNet/8f78a26403f09b708b3b3a08d28a7d7c,skateboard/ShapeNet/a19d80304e26099e7394c987e5e211f0,True,skateboard,skateboard,2,"['its', 'wheels', 'are', 'flat', 'from', 'the', 'outside']",7,its wheels are flat from the outside,train,train,train,train,"[1, 5, 1013, 16, 129, 113, 10, 1636, 2, 0, 0, 0, 0, 0, 0, 0, 0, 0]",wheel
271452,user_2092,Target is a bit wider in the deck.,39O5D9O87VLQ0JK70PMVNYOF0N53C1,74.0,a19d80304e26099e7394c987e5e211f0,skateboard,ShapeNet,8f78a26403f09b708b3b3a08d28a7d7c,skateboard,ShapeNet,False,skateboard/ShapeNet/8f78a26403f09b708b3b3a08d28a7d7c,skateboard/ShapeNet/a19d80304e26099e7394c987e5e211f0,True,skateboard,skateboard,2,"['target', 'is', 'a', 'bit', 'wide', '-er', 'in', 'the', 'deck']",9,target is a bit wide -er in the deck,train,train,train,train,"[1, 11, 7, 26, 592, 83, 9, 90, 10, 1281, 2, 0, 0, 0, 0, 0, 0, 0]",deck
271462,user_1124,Target has a wide deck,3V0Z7YWSI0TXEAUON63VUG7CFH4V22,804.0,8f78a26403f09b708b3b3a08d28a7d7c,skateboard,ShapeNet,d4c492d7076b1e6160eeb9e113ae7397,skateboard,ShapeNet,False,skateboard/ShapeNet/d4c492d7076b1e6160eeb9e113ae7397,skateboard/ShapeNet/8f78a26403f09b708b3b3a08d28a7d7c,False,skateboard,skateboard,2,"['target', 'has', 'a', 'wide', 'deck']",5,target has a wide deck,train,train,train,train,"[1, 11, 24, 26, 83, 1281, 2, 0, 0, 0, 0, 0, 0, 0, 0, 0, 0, 0]",deck
271464,user_1392,The deck is wider.,3VP0C6EFSIP26OJGWGE7XX5B4SE6MV,21.0,8f78a26403f09b708b3b3a08d28a7d7c,skateboard,ShapeNet,d4c492d7076b1e6160eeb9e113ae7397,skateboard,ShapeNet,False,skateboard/ShapeNet/d4c492d7076b1e6160eeb9e113ae7397,skateboard/ShapeNet/8f78a26403f09b708b3b3a08d28a7d7c,False,skateboard,skateboard,2,"['the', 'deck', 'is', 'wide', '-er']",5,the deck is wide -er,train,train,train,train,"[1, 10, 1281, 7, 83, 9, 2, 0, 0, 0, 0, 0, 0, 0, 0, 0, 0, 0]",deck
271465,user_156,Its deck does not have indentations where it curves upwards.,3GU1KF0O4KUEX3XOKNN7PHLYNZYPBV,78.0,a1d36f02d20d18db6a2979228046d9f9,skateboard,ShapeNet,e06b51f45c1aa29a98c63cb68f11df34,skateboard,ShapeNet,False,skateboard/ShapeNet/e06b51f45c1aa29a98c63cb68f11df34,skateboard/ShapeNet/a1d36f02d20d18db6a2979228046d9f9,False,skateboard,skateboard,2,"['its', 'deck', 'does', 'not', 'have', 'indentations', 'where', 'it', 'curves', 'upwards']",10,its deck does not have indentations where it curves upwards,train,train,train,train,"[1, 5, 1281, 39, 40, 84, 1065, 409, 23, 156, 209, 2, 0, 0, 0, 0, 0, 0]",deck
271467,user_1644,there are fixing bolts on the deck,30ZX6P7VFAOONFUU6HPCRSWIKUX2JO,43.0,a1d36f02d20d18db6a2979228046d9f9,skateboard,ShapeNet,e06b51f45c1aa29a98c63cb68f11df34,skateboard,ShapeNet,False,skateboard/ShapeNet/e06b51f45c1aa29a98c63cb68f11df34,skateboard/ShapeNet/a1d36f02d20d18db6a2979228046d9f9,False,skateboard,skateboard,2,"['there', 'are', 'fixing', 'bolts', 'on', 'the', 'deck']",7,there are fixing bolts on the deck,train,train,train,train,"[1, 15, 16, 1610, 1611, 20, 10, 1281, 2, 0, 0, 0, 0, 0, 0, 0, 0, 0]",deck
271470,user_1796,The truck hanger is thick.,33PPUNGG3AYVREGJ3T7ZGUSGFJ8RZT,139.0,ae28ad55a38200ff1c5f9eddd7cde6be,skateboard,ShapeNet,abdc4a823b1f78c397f47f3057557cbe,skateboard,ShapeNet,False,skateboard/ShapeNet/abdc4a823b1f78c397f47f3057557cbe,skateboard/ShapeNet/ae28ad55a38200ff1c5f9eddd7cde6be,False,skateboard,skateboard,2,"['the', 'truck', 'hanger', 'is', 'thick']",5,the truck hanger is thick,train,train,train,train,"[1, 10, 1606, 1654, 7, 54, 2, 0, 0, 0, 0, 0, 0, 0, 0, 0, 0, 0]",truck
271474,user_1246,Wheels are larger in width,3A0EX8ZRNAH86HPPBAJQ28EAR30YBV,31.0,b2dc96e7d45797f69a58f604ee2cbadf,skateboard,ShapeNet,fff0431e712a1887ac7a821ba28adc14,skateboard,ShapeNet,False,skateboard/ShapeNet/fff0431e712a1887ac7a821ba28adc14,skateboard/ShapeNet/b2dc96e7d45797f69a58f604ee2cbadf,False,skateboard,skateboard,2,"['wheels', 'are', 'large', '-er', 'in', 'width']",6,wheels are large -er in width,train,train,train,train,"[1, 1013, 16, 94, 9, 90, 358, 2, 0, 0, 0, 0, 0, 0, 0, 0, 0, 0]",wheel
271475,user_1633,The target has larger wheels.,31N2WW6R9TJX3V4HRRCWV49IX0VF3M,30.0,b2dc96e7d45797f69a58f604ee2cbadf,skateboard,ShapeNet,fff0431e712a1887ac7a821ba28adc14,skateboard,ShapeNet,False,skateboard/ShapeNet/fff0431e712a1887ac7a821ba28adc14,skateboard/ShapeNet/b2dc96e7d45797f69a58f604ee2cbadf,False,skateboard,skateboard,2,"['the', 'target', 'has', 'large', '-er', 'wheels']",6,the target has large -er wheels,train,train,train,train,"[1, 10, 11, 24, 94, 9, 1013, 2, 0, 0, 0, 0, 0, 0, 0, 0, 0, 0]",wheel
271478,user_1246,There's wider wheels,3DH6GAKTY0I4OFS5HOZTOQLDI6MYZ1,40.0,7a8b7d5d288742546fee3d712d650ac2,skateboard,ShapeNet,141616a00df67c351082f2ea630bf69e,skateboard,ShapeNet,False,skateboard/ShapeNet/141616a00df67c351082f2ea630bf69e,skateboard/ShapeNet/7a8b7d5d288742546fee3d712d650ac2,True,skateboard,skateboard,2,"['there', 'is', 'wide', '-er', 'wheels']",5,there is wide -er wheels,train,train,train,train,"[1, 15, 7, 83, 9, 1013, 2, 0, 0, 0, 0, 0, 0, 0, 0, 0, 0, 0]",wheel
271479,user_1633,The target's edges of the deck are curved upwards.,3Z7EFSHGNB72GHRLKETJUEDJ7I7CXB,35.0,7a8b7d5d288742546fee3d712d650ac2,skateboard,ShapeNet,141616a00df67c351082f2ea630bf69e,skateboard,ShapeNet,False,skateboard/ShapeNet/141616a00df67c351082f2ea630bf69e,skateboard/ShapeNet/7a8b7d5d288742546fee3d712d650ac2,True,skateboard,skateboard,2,"['the', 'target', ""'s"", 'edges', 'of', 'the', 'deck', 'are', 'curved', 'upwards']",10,the target 's edges of the deck are curved upwards,train,train,train,train,"[1, 10, 11, 12, 325, 38, 10, 1281, 16, 51, 209, 2, 0, 0, 0, 0, 0, 0]",deck
271481,user_1246,The deck looks shorter,3K9FOBBF2JCQ7R7NVLZ9ZVC8ZDALNF,30.0,6867832e7b9d3654aacda7f1c4fd3ea7,skateboard,ShapeNet,b2dc96e7d45797f69a58f604ee2cbadf,skateboard,ShapeNet,False,skateboard/ShapeNet/b2dc96e7d45797f69a58f604ee2cbadf,skateboard/ShapeNet/6867832e7b9d3654aacda7f1c4fd3ea7,False,skateboard,skateboard,2,"['the', 'deck', 'looks', 'short', '-er']",5,the deck looks short -er,train,train,train,train,"[1, 10, 1281, 33, 8, 9, 2, 0, 0, 0, 0, 0, 0, 0, 0, 0, 0, 0]",deck
271482,user_1934,The truck hangers are thicker.,39L1G8WVWSK6DGA9KSXB625OWQF13A,135.0,6867832e7b9d3654aacda7f1c4fd3ea7,skateboard,ShapeNet,b2dc96e7d45797f69a58f604ee2cbadf,skateboard,ShapeNet,False,skateboard/ShapeNet/b2dc96e7d45797f69a58f604ee2cbadf,skateboard/ShapeNet/6867832e7b9d3654aacda7f1c4fd3ea7,False,skateboard,skateboard,2,"['the', 'truck', 'hangers', 'are', 'thick', '-er']",6,the truck hangers are thick -er,train,train,train,train,"[1, 10, 1606, 1607, 16, 54, 9, 2, 0, 0, 0, 0, 0, 0, 0, 0, 0, 0]",truck
271492,user_1601,Its' axles are much slimmer than the wheels.,31Z0PCVWUM8PNJN5ONKBPP0ZTBST7G,123.0,97f85bc59f09a9f455c660e6cd8e92b,skateboard,ShapeNet,591971ce679ca4b93ad38b993d9e745f,skateboard,ShapeNet,False,skateboard/ShapeNet/591971ce679ca4b93ad38b993d9e745f,skateboard/ShapeNet/97f85bc59f09a9f455c660e6cd8e92b,True,skateboard,skateboard,2,"['its', ""'"", 'axles', 'are', 'much', 'slim', '-er', 'than', 'the', 'wheels']",10,its ' axles are much slim -er than the wheels,train,train,train,train,"[1, 5, 587, 1605, 16, 59, 829, 9, 131, 10, 1013, 2, 0, 0, 0, 0, 0, 0]",wheel
271493,user_1815,Deck appears slightly narrower,35BLDD71I8QNKLX0CDC9HRHJ0RNZV0,76.0,97f85bc59f09a9f455c660e6cd8e92b,skateboard,ShapeNet,591971ce679ca4b93ad38b993d9e745f,skateboard,ShapeNet,False,skateboard/ShapeNet/591971ce679ca4b93ad38b993d9e745f,skateboard/ShapeNet/97f85bc59f09a9f455c660e6cd8e92b,True,skateboard,skateboard,2,"['deck', 'appears', 'slightly', 'narrow', '-er']",5,deck appears slightly narrow -er,train,train,train,train,"[1, 1281, 411, 174, 210, 9, 2, 0, 0, 0, 0, 0, 0, 0, 0, 0, 0, 0]",deck
271494,user_2044,The deck is not as thick height-wise.,369J354OFF32EENULDGCKSLE882G61,36.0,97f85bc59f09a9f455c660e6cd8e92b,skateboard,ShapeNet,591971ce679ca4b93ad38b993d9e745f,skateboard,ShapeNet,False,skateboard/ShapeNet/591971ce679ca4b93ad38b993d9e745f,skateboard/ShapeNet/97f85bc59f09a9f455c660e6cd8e92b,True,skateboard,skateboard,2,"['the', 'deck', 'is', 'not', 'as', 'thick', 'height', 'wise']",8,the deck is not as thick height wise,train,train,train,train,"[1, 10, 1281, 7, 40, 52, 54, 117, 359, 2, 0, 0, 0, 0, 0, 0, 0, 0]",deck
271495,user_505,Target has more defined wheels,34X6J5FLPVR5FYWF8SFDNAUL0ZPQJ2,48.0,a19d80304e26099e7394c987e5e211f0,skateboard,ShapeNet,234b2d3aae0b3c44b17369c768229699,skateboard,ShapeNet,False,skateboard/ShapeNet/234b2d3aae0b3c44b17369c768229699,skateboard/ShapeNet/a19d80304e26099e7394c987e5e211f0,True,skateboard,skateboard,2,"['target', 'has', 'more', 'defined', 'wheels']",5,target has more defined wheels,train,train,train,train,"[1, 11, 24, 34, 643, 1013, 2, 0, 0, 0, 0, 0, 0, 0, 0, 0, 0, 0]",wheel
271496,user_948,The wheels are bigger,3PJ71Z61R6VSSIZP11YLXF8AWIQ19S,44.0,a19d80304e26099e7394c987e5e211f0,skateboard,ShapeNet,234b2d3aae0b3c44b17369c768229699,skateboard,ShapeNet,False,skateboard/ShapeNet/234b2d3aae0b3c44b17369c768229699,skateboard/ShapeNet/a19d80304e26099e7394c987e5e211f0,True,skateboard,skateboard,2,"['the', 'wheels', 'are', 'big', '-er']",5,the wheels are big -er,train,train,train,train,"[1, 10, 1013, 16, 320, 9, 2, 0, 0, 0, 0, 0, 0, 0, 0, 0, 0, 0]",wheel
271497,user_1796,The truck hanger is skinnier.,3AWETUDC94LIYFD0D6DQ22RPSNOZIW,40.0,a19d80304e26099e7394c987e5e211f0,skateboard,ShapeNet,234b2d3aae0b3c44b17369c768229699,skateboard,ShapeNet,False,skateboard/ShapeNet/234b2d3aae0b3c44b17369c768229699,skateboard/ShapeNet/a19d80304e26099e7394c987e5e211f0,True,skateboard,skateboard,2,"['the', 'truck', 'hanger', 'is', 'skinny', '-er']",6,the truck hanger is skinny -er,train,train,train,train,"[1, 10, 1606, 1654, 7, 282, 9, 2, 0, 0, 0, 0, 0, 0, 0, 0, 0, 0]",truck
271501,user_1298,The wheels are thinner.,3X1FV8S5JZKNT42VMLOKWK1DPZSVG2,25.0,484a49065ab1430624256fd51423318f,skateboard,ShapeNet,56c6e4dcf52c32fc1768eb6cdf70bfe,skateboard,ShapeNet,False,skateboard/ShapeNet/56c6e4dcf52c32fc1768eb6cdf70bfe,skateboard/ShapeNet/484a49065ab1430624256fd51423318f,True,skateboard,skateboard,2,"['the', 'wheels', 'are', 'thin', '-er']",5,the wheels are thin -er,train,train,train,train,"[1, 10, 1013, 16, 60, 9, 2, 0, 0, 0, 0, 0, 0, 0, 0, 0, 0, 0]",wheel
271503,user_1644,the trucks are bigger,3DY4FPOOA3HEIUB92WIWVOFKR83RVU,64.0,484a49065ab1430624256fd51423318f,skateboard,ShapeNet,56c6e4dcf52c32fc1768eb6cdf70bfe,skateboard,ShapeNet,False,skateboard/ShapeNet/56c6e4dcf52c32fc1768eb6cdf70bfe,skateboard/ShapeNet/484a49065ab1430624256fd51423318f,True,skateboard,skateboard,2,"['the', 'trucks', 'are', 'big', '-er']",5,the trucks are big -er,train,train,train,train,"[1, 10, 1595, 16, 320, 9, 2, 0, 0, 0, 0, 0, 0, 0, 0, 0, 0, 0]",truck
271504,user_468,The deck is shorter in length,33CID57106MJ3NEDD2FUQHE2UWM3LK,27.0,776eaffd7cbe7bc6b9e8bdc9c4a49aa2,skateboard,ShapeNet,f52d56b5f81f1258c70ae17ca06472e1,skateboard,ShapeNet,False,skateboard/ShapeNet/f52d56b5f81f1258c70ae17ca06472e1,skateboard/ShapeNet/776eaffd7cbe7bc6b9e8bdc9c4a49aa2,True,skateboard,skateboard,2,"['the', 'deck', 'is', 'short', '-er', 'in', 'length']",7,the deck is short -er in length,train,train,train,train,"[1, 10, 1281, 7, 8, 9, 90, 155, 2, 0, 0, 0, 0, 0, 0, 0, 0, 0]",deck
271506,user_1298,The wheels are larger.,3BV8HQ2ZZYU14NARZDO2O6ABABQ6AC,40.0,776eaffd7cbe7bc6b9e8bdc9c4a49aa2,skateboard,ShapeNet,f52d56b5f81f1258c70ae17ca06472e1,skateboard,ShapeNet,False,skateboard/ShapeNet/f52d56b5f81f1258c70ae17ca06472e1,skateboard/ShapeNet/776eaffd7cbe7bc6b9e8bdc9c4a49aa2,True,skateboard,skateboard,2,"['the', 'wheels', 'are', 'large', '-er']",5,the wheels are large -er,train,train,train,train,"[1, 10, 1013, 16, 94, 9, 2, 0, 0, 0, 0, 0, 0, 0, 0, 0, 0, 0]",wheel
271508,user_1357,The deck is flatter,3RKNTXVS3ORNP06DGPVNR8QXELD4AK,31.0,d7045c95ab319b711082f2ea630bf69e,skateboard,ShapeNet,97f85bc59f09a9f455c660e6cd8e92b,skateboard,ShapeNet,False,skateboard/ShapeNet/97f85bc59f09a9f455c660e6cd8e92b,skateboard/ShapeNet/d7045c95ab319b711082f2ea630bf69e,True,skateboard,skateboard,2,"['the', 'deck', 'is', 'flat', '-er']",5,the deck is flat -er,train,train,train,train,"[1, 10, 1281, 7, 129, 9, 2, 0, 0, 0, 0, 0, 0, 0, 0, 0, 0, 0]",deck
271509,user_1644,there are two raised circles in the center of the board,3TXD01ZLD6A749KBMUCER92RLNA4UZ,101.0,d7045c95ab319b711082f2ea630bf69e,skateboard,ShapeNet,97f85bc59f09a9f455c660e6cd8e92b,skateboard,ShapeNet,False,skateboard/ShapeNet/97f85bc59f09a9f455c660e6cd8e92b,skateboard/ShapeNet/d7045c95ab319b711082f2ea630bf69e,True,skateboard,skateboard,2,"['there', 'are', 'two', 'raised', 'circles', 'in', 'the', 'center', 'of', 'the', 'board']",11,there are two raised circles in the center of the board,train,train,train,train,"[1, 15, 16, 17, 681, 452, 90, 10, 165, 38, 10, 948, 2, 0, 0, 0, 0, 0]",deck
271510,user_1246,The deck is longer in width,3Z3ZLGNNSKNUUKUQ57NQ73DW4283Q8,34.0,48bf45bffab55d7cf14c37b285d25cdf,skateboard,ShapeNet,d4c492d7076b1e6160eeb9e113ae7397,skateboard,ShapeNet,False,skateboard/ShapeNet/d4c492d7076b1e6160eeb9e113ae7397,skateboard/ShapeNet/48bf45bffab55d7cf14c37b285d25cdf,True,skateboard,skateboard,2,"['the', 'deck', 'is', 'long', '-er', 'in', 'width']",7,the deck is long -er in width,train,train,train,train,"[1, 10, 1281, 7, 32, 9, 90, 358, 2, 0, 0, 0, 0, 0, 0, 0, 0, 0]",deck
271511,user_1392,The deck is wider.,36U2A8VAG3S9ZKTJHNWJ1BX0EXBYKH,16.0,48bf45bffab55d7cf14c37b285d25cdf,skateboard,ShapeNet,d4c492d7076b1e6160eeb9e113ae7397,skateboard,ShapeNet,False,skateboard/ShapeNet/d4c492d7076b1e6160eeb9e113ae7397,skateboard/ShapeNet/48bf45bffab55d7cf14c37b285d25cdf,True,skateboard,skateboard,2,"['the', 'deck', 'is', 'wide', '-er']",5,the deck is wide -er,train,train,train,train,"[1, 10, 1281, 7, 83, 9, 2, 0, 0, 0, 0, 0, 0, 0, 0, 0, 0, 0]",deck
271512,user_1815,The wheelbase is wider,3LRLIPTPES2832VG1HI3YPFTB89AKO,82.0,48bf45bffab55d7cf14c37b285d25cdf,skateboard,ShapeNet,d4c492d7076b1e6160eeb9e113ae7397,skateboard,ShapeNet,False,skateboard/ShapeNet/d4c492d7076b1e6160eeb9e113ae7397,skateboard/ShapeNet/48bf45bffab55d7cf14c37b285d25cdf,True,skateboard,skateboard,2,"['the', 'wheelbase', 'is', 'wide', '-er']",5,the wheelbase is wide -er,train,train,train,train,"[1, 10, 4721, 7, 83, 9, 2, 0, 0, 0, 0, 0, 0, 0, 0, 0, 0, 0]",wheel
271513,user_156,"Its truck hangers are squared, not rounded.",39GXDJN2OV780PWD3NCW47KF1HF8V1,40.0,d31aaca67fd8ef1827d17dabad15093,skateboard,ShapeNet,f5643778dbcd653655a834a7aafb0236,skateboard,ShapeNet,False,skateboard/ShapeNet/f5643778dbcd653655a834a7aafb0236,skateboard/ShapeNet/d31aaca67fd8ef1827d17dabad15093,True,skateboard,skateboard,2,"['its', 'truck', 'hangers', 'are', 'squared', 'not', 'rounded']",7,its truck hangers are squared not rounded,train,train,train,train,"[1, 5, 1606, 1607, 16, 427, 40, 48, 2, 0, 0, 0, 0, 0, 0, 0, 0, 0]",truck
271520,user_1644,the head of the board does not curve up as much as the tail,3OXV7EAXLGJ1K2B6QY9S1YW541W63E,97.0,fc5c4986b2661d848fc8944fc8bfc667,skateboard,ShapeNet,4473c1e89500747b5cc36f190f62c41,skateboard,ShapeNet,False,skateboard/ShapeNet/4473c1e89500747b5cc36f190f62c41,skateboard/ShapeNet/fc5c4986b2661d848fc8944fc8bfc667,True,skateboard,skateboard,2,"['the', 'head', 'of', 'the', 'board', 'does', 'not', 'curve', 'up', 'as', 'much', 'as', 'the', 'tail']",14,the head of the board does not curve up as much as the tail,val,train,val,train,"[1, 10, 107, 38, 10, 948, 39, 40, 43, 269, 52, 59, 52, 10, 1594, 2, 0, 0]",deck
271521,user_1796,the deck's lip is skinnier.,3YDTZAI2WZ9RVCTDK62UG7XUAQB41Y,43.0,fc5c4986b2661d848fc8944fc8bfc667,skateboard,ShapeNet,4473c1e89500747b5cc36f190f62c41,skateboard,ShapeNet,False,skateboard/ShapeNet/4473c1e89500747b5cc36f190f62c41,skateboard/ShapeNet/fc5c4986b2661d848fc8944fc8bfc667,True,skateboard,skateboard,2,"['the', 'deck', ""'s"", 'lip', 'is', 'skinny', '-er']",7,the deck 's lip is skinny -er,val,train,val,train,"[1, 10, 1281, 12, 125, 7, 282, 9, 2, 0, 0, 0, 0, 0, 0, 0, 0, 0]",deck
271522,user_42,The board is thicker in the height of the board itself.,3Z4AIRP3C86ITEHN4H4ZDIUS3MCX14,85.0,5aec8d7745acbca498c63cb68f11df34,skateboard,ShapeNet,994dc9307a0f228e30eaaf40a8a562c1,skateboard,ShapeNet,False,skateboard/ShapeNet/994dc9307a0f228e30eaaf40a8a562c1,skateboard/ShapeNet/5aec8d7745acbca498c63cb68f11df34,True,skateboard,skateboard,2,"['the', 'board', 'is', 'thick', '-er', 'in', 'the', 'height', 'of', 'the', 'board', 'itself']",12,the board is thick -er in the height of the board itself,train,train,train,train,"[1, 10, 948, 7, 54, 9, 90, 10, 117, 38, 10, 948, 1133, 2, 0, 0, 0, 0]",deck
271524,user_156,No concavities can be seen on its wheels.,3A4NIXBJ78SKP9MNJKK9MGN8UO1LMI,36.0,5aec8d7745acbca498c63cb68f11df34,skateboard,ShapeNet,994dc9307a0f228e30eaaf40a8a562c1,skateboard,ShapeNet,False,skateboard/ShapeNet/994dc9307a0f228e30eaaf40a8a562c1,skateboard/ShapeNet/5aec8d7745acbca498c63cb68f11df34,True,skateboard,skateboard,2,"['no', 'concavities', 'can', 'be', 'seen', 'on', 'its', 'wheels']",8,no concavities can be seen on its wheels,train,train,train,train,"[1, 123, 3, 1168, 204, 874, 20, 5, 1013, 2, 0, 0, 0, 0, 0, 0, 0, 0]",wheel
271527,user_1633,The target's deck is longer.,3L4D84MIL1LS25XCP2SJEW2K9CYHJ2,24.0,aa2c5469590761793c497dcbf6659611,skateboard,ShapeNet,5c55e6b6708f730d758f6def7204bd6b,skateboard,ShapeNet,False,skateboard/ShapeNet/5c55e6b6708f730d758f6def7204bd6b,skateboard/ShapeNet/aa2c5469590761793c497dcbf6659611,False,skateboard,skateboard,2,"['the', 'target', ""'s"", 'deck', 'is', 'long', '-er']",7,the target 's deck is long -er,train,train,train,train,"[1, 10, 11, 12, 1281, 7, 32, 9, 2, 0, 0, 0, 0, 0, 0, 0, 0, 0]",deck
271528,user_156,It has a raised segment at either end of its deck.,3PEIJLRY6VMBUFXQ15TK68KMZZSWX9,64.0,9ac2d972bedd083342535d908ea693ac,skateboard,ShapeNet,39c8a4798087be3e20d56eaf7c8da531,skateboard,ShapeNet,False,skateboard/ShapeNet/39c8a4798087be3e20d56eaf7c8da531,skateboard/ShapeNet/9ac2d972bedd083342535d908ea693ac,True,skateboard,skateboard,2,"['it', 'has', 'a', 'raised', 'segment', 'at', 'either', 'end', 'of', 'its', 'deck']",11,it has a raised segment at either end of its deck,train,train,train,train,"[1, 23, 24, 26, 681, 1283, 98, 332, 74, 38, 5, 1281, 2, 0, 0, 0, 0, 0]",deck
271531,user_323,The target deck is much longer,3KIBXJ1WD7NX56PHB0NLZKZY0NCOKW,53.0,e314be67e02df59c520f00c860557591,skateboard,ShapeNet,58ade10f7f87edc6e860048d7ced02e3,skateboard,ShapeNet,False,skateboard/ShapeNet/58ade10f7f87edc6e860048d7ced02e3,skateboard/ShapeNet/e314be67e02df59c520f00c860557591,True,skateboard,skateboard,2,"['the', 'target', 'deck', 'is', 'much', 'long', '-er']",7,the target deck is much long -er,train,train,train,train,"[1, 10, 11, 1281, 7, 59, 32, 9, 2, 0, 0, 0, 0, 0, 0, 0, 0, 0]",deck
271532,user_1030,Less visible trucks,34YB12FSQ0H43H8M8TNT9OI0Y6FGM5,30.0,e314be67e02df59c520f00c860557591,skateboard,ShapeNet,58ade10f7f87edc6e860048d7ced02e3,skateboard,ShapeNet,False,skateboard/ShapeNet/58ade10f7f87edc6e860048d7ced02e3,skateboard/ShapeNet/e314be67e02df59c520f00c860557591,True,skateboard,skateboard,2,"['less', 'visible', 'trucks']",3,less visible trucks,train,train,train,train,"[1, 229, 185, 1595, 2, 0, 0, 0, 0, 0, 0, 0, 0, 0, 0, 0, 0, 0]",truck
271533,user_1246,The width of the deck is less,3W92K5RLWWAPD7DB5P5TSNAOZQCV5I,25.0,e314be67e02df59c520f00c860557591,skateboard,ShapeNet,58ade10f7f87edc6e860048d7ced02e3,skateboard,ShapeNet,False,skateboard/ShapeNet/58ade10f7f87edc6e860048d7ced02e3,skateboard/ShapeNet/e314be67e02df59c520f00c860557591,True,skateboard,skateboard,2,"['the', 'width', 'of', 'the', 'deck', 'is', 'less']",7,the width of the deck is less,train,train,train,train,"[1, 10, 358, 38, 10, 1281, 7, 229, 2, 0, 0, 0, 0, 0, 0, 0, 0, 0]",deck
271535,user_1601,Its' truck axles are narrower.,3RSDURM96CF6DK19L1LG3GKVU0EEYC,252.0,ac2b6924a60a7a87aa4f69d519551495,skateboard,ShapeNet,11abd8b2227a9031e65449686a784d77,skateboard,ShapeNet,False,skateboard/ShapeNet/11abd8b2227a9031e65449686a784d77,skateboard/ShapeNet/ac2b6924a60a7a87aa4f69d519551495,False,skateboard,skateboard,2,"['its', ""'"", 'truck', 'axles', 'are', 'narrow', '-er']",7,its ' truck axles are narrow -er,train,train,train,train,"[1, 5, 587, 1606, 1605, 16, 210, 9, 2, 0, 0, 0, 0, 0, 0, 0, 0, 0]",truck
271536,user_1644,the board is symmetrical,358010RM5GMYFQXLBVOOK618SQ4XVE,50.0,ac2b6924a60a7a87aa4f69d519551495,skateboard,ShapeNet,11abd8b2227a9031e65449686a784d77,skateboard,ShapeNet,False,skateboard/ShapeNet/11abd8b2227a9031e65449686a784d77,skateboard/ShapeNet/ac2b6924a60a7a87aa4f69d519551495,False,skateboard,skateboard,2,"['the', 'board', 'is', 'symmetrical']",4,the board is symmetrical,train,train,train,train,"[1, 10, 948, 7, 489, 2, 0, 0, 0, 0, 0, 0, 0, 0, 0, 0, 0, 0]",deck
271537,user_203,The deck is not as long.,3E13VNJ1NPOL3JSS5V4YA87DF9NI14,44.0,48bf45bffab55d7cf14c37b285d25cdf,skateboard,ShapeNet,11aaf89382b3a4de983ec12a2b33f18b,skateboard,ShapeNet,False,skateboard/ShapeNet/11aaf89382b3a4de983ec12a2b33f18b,skateboard/ShapeNet/48bf45bffab55d7cf14c37b285d25cdf,False,skateboard,skateboard,2,"['the', 'deck', 'is', 'not', 'as', 'long']",6,the deck is not as long,train,train,train,train,"[1, 10, 1281, 7, 40, 52, 32, 2, 0, 0, 0, 0, 0, 0, 0, 0, 0, 0]",deck
271539,user_1633,The target does not have visible wheels.,3RSDURM96CF6DK19L1LG3GKVU0BEY9,29.0,48bf45bffab55d7cf14c37b285d25cdf,skateboard,ShapeNet,11aaf89382b3a4de983ec12a2b33f18b,skateboard,ShapeNet,False,skateboard/ShapeNet/11aaf89382b3a4de983ec12a2b33f18b,skateboard/ShapeNet/48bf45bffab55d7cf14c37b285d25cdf,False,skateboard,skateboard,2,"['the', 'target', 'does', 'not', 'have', 'visible', 'wheels']",7,the target does not have visible wheels,train,train,train,train,"[1, 10, 11, 39, 40, 84, 185, 1013, 2, 0, 0, 0, 0, 0, 0, 0, 0, 0]",wheel
271543,user_1298,The deck is larger.,3C5W7UE9CHJFP33CX3NXXAIV1WCXMF,41.0,79288e2c98c7be7c6e72f8cfa29d3672,skateboard,ShapeNet,55da5b37f4fca69947d4c8697a40872,skateboard,ShapeNet,False,skateboard/ShapeNet/55da5b37f4fca69947d4c8697a40872,skateboard/ShapeNet/79288e2c98c7be7c6e72f8cfa29d3672,False,skateboard,skateboard,2,"['the', 'deck', 'is', 'large', '-er']",5,the deck is large -er,train,train,train,train,"[1, 10, 1281, 7, 94, 9, 2, 0, 0, 0, 0, 0, 0, 0, 0, 0, 0, 0]",deck
271544,user_1601,Its' deck-board is slightly wider.,3WS1NTTKE051M35K84UDT6BBUOF0FG,142.0,79288e2c98c7be7c6e72f8cfa29d3672,skateboard,ShapeNet,55da5b37f4fca69947d4c8697a40872,skateboard,ShapeNet,False,skateboard/ShapeNet/55da5b37f4fca69947d4c8697a40872,skateboard/ShapeNet/79288e2c98c7be7c6e72f8cfa29d3672,False,skateboard,skateboard,2,"['its', ""'"", 'deck', 'board', 'is', 'slightly', 'wide', '-er']",8,its ' deck board is slightly wide -er,train,train,train,train,"[1, 5, 587, 1281, 948, 7, 174, 83, 9, 2, 0, 0, 0, 0, 0, 0, 0, 0]",deck
271546,user_156,Its deck is thinner in width.,35USIKEBNT98O64G8HT7ACUB9J0N6Q,46.0,732270ac7e23d610e62bec48c266b5c6,skateboard,ShapeNet,f74a5dfc0094e2d5561dce3fe08634b7,skateboard,ShapeNet,False,skateboard/ShapeNet/f74a5dfc0094e2d5561dce3fe08634b7,skateboard/ShapeNet/732270ac7e23d610e62bec48c266b5c6,False,skateboard,skateboard,2,"['its', 'deck', 'is', 'thin', '-er', 'in', 'width']",7,its deck is thin -er in width,train,train,train,train,"[1, 5, 1281, 7, 60, 9, 90, 358, 2, 0, 0, 0, 0, 0, 0, 0, 0, 0]",deck
271547,user_1357,The deck is thinner,374TNBHA8DOVANREUSGGXX99D4YQYY,44.0,732270ac7e23d610e62bec48c266b5c6,skateboard,ShapeNet,f74a5dfc0094e2d5561dce3fe08634b7,skateboard,ShapeNet,False,skateboard/ShapeNet/f74a5dfc0094e2d5561dce3fe08634b7,skateboard/ShapeNet/732270ac7e23d610e62bec48c266b5c6,False,skateboard,skateboard,2,"['the', 'deck', 'is', 'thin', '-er']",5,the deck is thin -er,train,train,train,train,"[1, 10, 1281, 7, 60, 9, 2, 0, 0, 0, 0, 0, 0, 0, 0, 0, 0, 0]",deck
271551,user_1934,The wheels are wider.,3MYYFCXHJ50OZRJG2PNXNU10CFQ4GU,215.0,2085eac3fc071dd47292d1029e5a9853,skateboard,ShapeNet,47bb28c62a245621ad3e04762b7c31c,skateboard,ShapeNet,False,skateboard/ShapeNet/47bb28c62a245621ad3e04762b7c31c,skateboard/ShapeNet/2085eac3fc071dd47292d1029e5a9853,False,skateboard,skateboard,2,"['the', 'wheels', 'are', 'wide', '-er']",5,the wheels are wide -er,train,train,train,train,"[1, 10, 1013, 16, 83, 9, 2, 0, 0, 0, 0, 0, 0, 0, 0, 0, 0, 0]",wheel
271558,user_1644,the deck is wider,35BLDD71I8QNKLX0CDC9HRHJ0PLVZQ,252.0,58ae991bd0350810b9ac379f661f5c75,skateboard,ShapeNet,a6d79366eefbfa6df9034ea5f524d56a,skateboard,ShapeNet,False,skateboard/ShapeNet/a6d79366eefbfa6df9034ea5f524d56a,skateboard/ShapeNet/58ae991bd0350810b9ac379f661f5c75,False,skateboard,skateboard,2,"['the', 'deck', 'is', 'wide', '-er']",5,the deck is wide -er,train,train,train,train,"[1, 10, 1281, 7, 83, 9, 2, 0, 0, 0, 0, 0, 0, 0, 0, 0, 0, 0]",deck
271559,user_1934,The deck is thinner.,384PI804XUUAQ8A6EOUC05UQJE50SV,153.0,58ae991bd0350810b9ac379f661f5c75,skateboard,ShapeNet,a6d79366eefbfa6df9034ea5f524d56a,skateboard,ShapeNet,False,skateboard/ShapeNet/a6d79366eefbfa6df9034ea5f524d56a,skateboard/ShapeNet/58ae991bd0350810b9ac379f661f5c75,False,skateboard,skateboard,2,"['the', 'deck', 'is', 'thin', '-er']",5,the deck is thin -er,train,train,train,train,"[1, 10, 1281, 7, 60, 9, 2, 0, 0, 0, 0, 0, 0, 0, 0, 0, 0, 0]",deck
271560,user_152,the trucks are larger,3IQ1VMJRYVDOM6CPXKRE8G1D0CV9AN,45.0,48bf45bffab55d7cf14c37b285d25cdf,skateboard,ShapeNet,484a49065ab1430624256fd51423318f,skateboard,ShapeNet,False,skateboard/ShapeNet/484a49065ab1430624256fd51423318f,skateboard/ShapeNet/48bf45bffab55d7cf14c37b285d25cdf,False,skateboard,skateboard,2,"['the', 'trucks', 'are', 'large', '-er']",5,the trucks are large -er,train,train,train,train,"[1, 10, 1595, 16, 94, 9, 2, 0, 0, 0, 0, 0, 0, 0, 0, 0, 0, 0]",truck
271561,user_984,The wheels are larger in size and further apart from each other horizontally.,3MH9DQ757Y5NGPDVHVEF0YZUBSIGUX,94.0,48bf45bffab55d7cf14c37b285d25cdf,skateboard,ShapeNet,484a49065ab1430624256fd51423318f,skateboard,ShapeNet,False,skateboard/ShapeNet/484a49065ab1430624256fd51423318f,skateboard/ShapeNet/48bf45bffab55d7cf14c37b285d25cdf,False,skateboard,skateboard,2,"['the', 'wheels', 'are', 'large', '-er', 'in', 'size', 'and', 'far', '-er', 'apart', 'from', 'each', 'other', 'horizontally']",15,the wheels are large -er in size and far -er apart from each other horizontally,train,train,train,train,"[1, 10, 1013, 16, 94, 9, 90, 377, 47, 78, 9, 575, 113, 21, 396, 315, 2, 0]",wheel
271562,user_1644,the board is shorter,3JZQSN0I3S3YX7G5M6JGEYYR154FGY,80.0,48bf45bffab55d7cf14c37b285d25cdf,skateboard,ShapeNet,484a49065ab1430624256fd51423318f,skateboard,ShapeNet,False,skateboard/ShapeNet/484a49065ab1430624256fd51423318f,skateboard/ShapeNet/48bf45bffab55d7cf14c37b285d25cdf,False,skateboard,skateboard,2,"['the', 'board', 'is', 'short', '-er']",5,the board is short -er,train,train,train,train,"[1, 10, 948, 7, 8, 9, 2, 0, 0, 0, 0, 0, 0, 0, 0, 0, 0, 0]",deck
271563,user_549,The exterior of the wheels is notably more rounded.,3TR2532VIRNC5GDVTJ1FH5DU03TJ6O,97.0,24e46e195f4907887a70e5e6aa241c88,skateboard,ShapeNet,99130967461623c37ca71234c2ec5470,skateboard,ShapeNet,False,skateboard/ShapeNet/99130967461623c37ca71234c2ec5470,skateboard/ShapeNet/24e46e195f4907887a70e5e6aa241c88,True,skateboard,skateboard,2,"['the', 'exterior', 'of', 'the', 'wheels', 'is', 'notably', 'more', 'rounded']",9,the exterior of the wheels is notably more rounded,train,train,train,train,"[1, 10, 1718, 38, 10, 1013, 7, 4293, 34, 48, 2, 0, 0, 0, 0, 0, 0, 0]",wheel
271566,user_156,Its wheel hangers are much thinner in width.,34V1S5K3GUUNZ40M77A2SBZR4U669X,61.0,56c6e4dcf52c32fc1768eb6cdf70bfe,skateboard,ShapeNet,ab76bf4b966e3fb5b10029f76a5ab54a,skateboard,ShapeNet,False,skateboard/ShapeNet/ab76bf4b966e3fb5b10029f76a5ab54a,skateboard/ShapeNet/56c6e4dcf52c32fc1768eb6cdf70bfe,True,skateboard,skateboard,2,"['its', 'wheel', 'hangers', 'are', 'much', 'thin', '-er', 'in', 'width']",9,its wheel hangers are much thin -er in width,val,train,val,train,"[1, 5, 544, 1607, 16, 59, 60, 9, 90, 358, 2, 0, 0, 0, 0, 0, 0, 0]",wheel
271569,user_527,The overall skateboard is shorter.,3TUI152ZZDGYKHGBI397JAYZ6IT1QD,51.0,7a00dee660ee94f5dfa6594bd6ded322,skateboard,ShapeNet,1510427efa80c92b11c7049de48f3618,skateboard,ShapeNet,False,skateboard/ShapeNet/1510427efa80c92b11c7049de48f3618,skateboard/ShapeNet/7a00dee660ee94f5dfa6594bd6ded322,False,skateboard,skateboard,2,"['the', 'overall', 'skateboard', 'is', 'short', '-er']",6,the overall skateboard is short -er,val,train,val,train,"[1, 10, 201, 1616, 7, 8, 9, 2, 0, 0, 0, 0, 0, 0, 0, 0, 0, 0]",deck
271570,user_1633,The target has larger wheels.,31QTRG6Q2V6AABQZUF1RXSJZ87DPY5,24.0,7a00dee660ee94f5dfa6594bd6ded322,skateboard,ShapeNet,1510427efa80c92b11c7049de48f3618,skateboard,ShapeNet,False,skateboard/ShapeNet/1510427efa80c92b11c7049de48f3618,skateboard/ShapeNet/7a00dee660ee94f5dfa6594bd6ded322,False,skateboard,skateboard,2,"['the', 'target', 'has', 'large', '-er', 'wheels']",6,the target has large -er wheels,val,train,val,train,"[1, 10, 11, 24, 94, 9, 1013, 2, 0, 0, 0, 0, 0, 0, 0, 0, 0, 0]",wheel
271571,user_1644,the deck is thicker,34PGFRQONQ4AZVS1K1EJFZC7O0AWJG,87.0,7a00dee660ee94f5dfa6594bd6ded322,skateboard,ShapeNet,1510427efa80c92b11c7049de48f3618,skateboard,ShapeNet,False,skateboard/ShapeNet/1510427efa80c92b11c7049de48f3618,skateboard/ShapeNet/7a00dee660ee94f5dfa6594bd6ded322,False,skateboard,skateboard,2,"['the', 'deck', 'is', 'thick', '-er']",5,the deck is thick -er,val,train,val,train,"[1, 10, 1281, 7, 54, 9, 2, 0, 0, 0, 0, 0, 0, 0, 0, 0, 0, 0]",deck
271573,user_1024,The trucks are bulkier.,30LSNF239WOSS4AOOZ4CFRHI7EN2IP,63.0,755dc44dae7791761082f2ea630bf69e,skateboard,ShapeNet,d4abd88611997d2cc4647061c0a60dc9,skateboard,ShapeNet,False,skateboard/ShapeNet/d4abd88611997d2cc4647061c0a60dc9,skateboard/ShapeNet/755dc44dae7791761082f2ea630bf69e,False,skateboard,skateboard,2,"['the', 'trucks', 'are', 'bulky', '-er']",5,the trucks are bulky -er,train,train,train,train,"[1, 10, 1595, 16, 483, 9, 2, 0, 0, 0, 0, 0, 0, 0, 0, 0, 0, 0]",truck
271574,user_1392,The wheels are shorter.,3SBEHTYCWPWITP3VHKB7OVINMTMYI6,22.0,755dc44dae7791761082f2ea630bf69e,skateboard,ShapeNet,d4abd88611997d2cc4647061c0a60dc9,skateboard,ShapeNet,True,skateboard/ShapeNet/d4abd88611997d2cc4647061c0a60dc9,skateboard/ShapeNet/755dc44dae7791761082f2ea630bf69e,False,skateboard,skateboard,2,"['the', 'wheels', 'are', 'short', '-er']",5,the wheels are short -er,train,train,train,train,"[1, 10, 1013, 16, 8, 9, 2, 0, 0, 0, 0, 0, 0, 0, 0, 0, 0, 0]",wheel
271575,user_468,The deck curves up at the nose and tail,3X73LLYYQ37OLVOX40KB73J1IW1NHA,61.0,ac2b6924a60a7a87aa4f69d519551495,skateboard,ShapeNet,571dd1b4d09773c5bbe43d356df0e955,skateboard,ShapeNet,False,skateboard/ShapeNet/571dd1b4d09773c5bbe43d356df0e955,skateboard/ShapeNet/ac2b6924a60a7a87aa4f69d519551495,True,skateboard,skateboard,2,"['the', 'deck', 'curves', 'up', 'at', 'the', 'nose', 'and', 'tail']",9,the deck curves up at the nose and tail,train,train,train,train,"[1, 10, 1281, 156, 269, 98, 10, 1593, 47, 1594, 2, 0, 0, 0, 0, 0, 0, 0]",deck
271576,user_915,The detail in the wheels,3TOK3KHVJVB9ARIXS6YCVFUCU39O7N,81.0,ac2b6924a60a7a87aa4f69d519551495,skateboard,ShapeNet,571dd1b4d09773c5bbe43d356df0e955,skateboard,ShapeNet,False,skateboard/ShapeNet/571dd1b4d09773c5bbe43d356df0e955,skateboard/ShapeNet/ac2b6924a60a7a87aa4f69d519551495,True,skateboard,skateboard,2,"['the', 'detail', 'in', 'the', 'wheels']",5,the detail in the wheels,train,train,train,train,"[1, 10, 1276, 90, 10, 1013, 2, 0, 0, 0, 0, 0, 0, 0, 0, 0, 0, 0]",wheel
271577,user_1992,Both ends of the deck are round,3OLQQLKKNUIGIV6AZ1KDTT57HW5EJI,54.0,ac2b6924a60a7a87aa4f69d519551495,skateboard,ShapeNet,571dd1b4d09773c5bbe43d356df0e955,skateboard,ShapeNet,False,skateboard/ShapeNet/571dd1b4d09773c5bbe43d356df0e955,skateboard/ShapeNet/ac2b6924a60a7a87aa4f69d519551495,True,skateboard,skateboard,2,"['both', 'ends', 'of', 'the', 'deck', 'are', 'round']",7,both ends of the deck are round,train,train,train,train,"[1, 470, 247, 38, 10, 1281, 16, 134, 2, 0, 0, 0, 0, 0, 0, 0, 0, 0]",deck
271582,user_915,The design of the trucks,3X3OR7WPZ1T54KKJPJAQHYMDAIAL8Q,94.0,113783f51974426b92ba7d308c045fd8,skateboard,ShapeNet,c7482cb7a8db514921cafafd7e7949c7,skateboard,ShapeNet,False,skateboard/ShapeNet/c7482cb7a8db514921cafafd7e7949c7,skateboard/ShapeNet/113783f51974426b92ba7d308c045fd8,False,skateboard,skateboard,2,"['the', 'design', 'of', 'the', 'trucks']",5,the design of the trucks,train,train,train,train,"[1, 10, 192, 38, 10, 1595, 2, 0, 0, 0, 0, 0, 0, 0, 0, 0, 0, 0]",truck
271583,user_1633,The target's deck is wider.,3OUYGIZWR9RDDGUEM7QI50PFWU00PH,26.0,113783f51974426b92ba7d308c045fd8,skateboard,ShapeNet,c7482cb7a8db514921cafafd7e7949c7,skateboard,ShapeNet,False,skateboard/ShapeNet/c7482cb7a8db514921cafafd7e7949c7,skateboard/ShapeNet/113783f51974426b92ba7d308c045fd8,False,skateboard,skateboard,2,"['the', 'target', ""'s"", 'deck', 'is', 'wide', '-er']",7,the target 's deck is wide -er,train,train,train,train,"[1, 10, 11, 12, 1281, 7, 83, 9, 2, 0, 0, 0, 0, 0, 0, 0, 0, 0]",deck
271584,user_156,Its deck has a raised lip on both its front and back ends.,3P4MQ7TPPZ5CT9WE1I56UXG96VKBBX,311.0,563569e15313d7eb89e13811ad04f53f,skateboard,ShapeNet,6e76a333d9fc9a2972e15b580d9a5b3,skateboard,ShapeNet,False,skateboard/ShapeNet/6e76a333d9fc9a2972e15b580d9a5b3,skateboard/ShapeNet/563569e15313d7eb89e13811ad04f53f,False,skateboard,skateboard,2,"['its', 'deck', 'has', 'a', 'raised', 'lip', 'on', 'both', 'its', 'front', 'and', 'back', 'ends']",13,its deck has a raised lip on both its front and back ends,test,train,test,train,"[1, 5, 1281, 24, 26, 681, 125, 20, 470, 5, 37, 47, 183, 247, 2, 0, 0, 0]",deck
271585,user_1307,the deck has a ridge at the back which can be used to grip the board,3FTYUGLFSWE3JQDPE45ZM14HZJA5DV,176.0,563569e15313d7eb89e13811ad04f53f,skateboard,ShapeNet,6e76a333d9fc9a2972e15b580d9a5b3,skateboard,ShapeNet,False,skateboard/ShapeNet/6e76a333d9fc9a2972e15b580d9a5b3,skateboard/ShapeNet/563569e15313d7eb89e13811ad04f53f,False,skateboard,skateboard,2,"['the', 'deck', 'has', 'a', 'ridge', 'at', 'the', 'back', 'which', 'can', 'be', 'used', 'to', 'grip', 'the', 'board']",16,the deck has a ridge at the back which can be used to grip the board,test,train,test,train,"[1, 10, 1281, 24, 26, 1275, 98, 10, 183, 422, 1168, 204, 502, 58, 1400, 10, 948, 2]",deck
271587,user_1633,The target does not have visible wheels.,3RXPCZQMQR477SMXF74VPWUX0VI1GG,27.0,710467261256490ce1bed90743417b0c,skateboard,ShapeNet,35c281c44b5ee115f62521393bb9c2f6,skateboard,ShapeNet,False,skateboard/ShapeNet/35c281c44b5ee115f62521393bb9c2f6,skateboard/ShapeNet/710467261256490ce1bed90743417b0c,False,skateboard,skateboard,2,"['the', 'target', 'does', 'not', 'have', 'visible', 'wheels']",7,the target does not have visible wheels,train,train,train,train,"[1, 10, 11, 39, 40, 84, 185, 1013, 2, 0, 0, 0, 0, 0, 0, 0, 0, 0]",wheel
271588,user_1644,the wheels are smaller,35K3O9HUAD60DTKEGBTSEVDFOPPEFG,52.0,710467261256490ce1bed90743417b0c,skateboard,ShapeNet,35c281c44b5ee115f62521393bb9c2f6,skateboard,ShapeNet,False,skateboard/ShapeNet/35c281c44b5ee115f62521393bb9c2f6,skateboard/ShapeNet/710467261256490ce1bed90743417b0c,False,skateboard,skateboard,2,"['the', 'wheels', 'are', 'small', '-er']",5,the wheels are small -er,train,train,train,train,"[1, 10, 1013, 16, 111, 9, 2, 0, 0, 0, 0, 0, 0, 0, 0, 0, 0, 0]",wheel
271589,user_1796,Smaller truck hanger.,3GD6L00D3UQ7Z2IJQA2Q21EUWHW1MQ,56.0,710467261256490ce1bed90743417b0c,skateboard,ShapeNet,35c281c44b5ee115f62521393bb9c2f6,skateboard,ShapeNet,False,skateboard/ShapeNet/35c281c44b5ee115f62521393bb9c2f6,skateboard/ShapeNet/710467261256490ce1bed90743417b0c,False,skateboard,skateboard,2,"['small', '-er', 'truck', 'hanger']",4,small -er truck hanger,train,train,train,train,"[1, 111, 9, 1606, 1654, 2, 0, 0, 0, 0, 0, 0, 0, 0, 0, 0, 0, 0]",truck
271592,user_1933,The Target’s wheels have a difference design,3AZHRG4CU6D66RPRO9TBSXMERY6306,170.0,87115860707b0208813c2f803c03ef9f,skateboard,ShapeNet,792953b4101753c6ed3696d854eee1ec,skateboard,ShapeNet,False,skateboard/ShapeNet/792953b4101753c6ed3696d854eee1ec,skateboard/ShapeNet/87115860707b0208813c2f803c03ef9f,True,skateboard,skateboard,2,"['the', 'target', '’', 's', 'wheels', 'have', 'a', 'difference', 'design']",9,the target ’ s wheels have a difference design,train,train,train,train,"[1, 10, 11, 449, 450, 1013, 84, 26, 1313, 192, 2, 0, 0, 0, 0, 0, 0, 0]",wheel
271593,user_42,The nose of the board is pointier.,3DL65MZB8F8TAH04P93R6PSCRDFCEN,43.0,16edf6f6574568723f7198a00163bb6,skateboard,ShapeNet,4473c1e89500747b5cc36f190f62c41,skateboard,ShapeNet,False,skateboard/ShapeNet/4473c1e89500747b5cc36f190f62c41,skateboard/ShapeNet/16edf6f6574568723f7198a00163bb6,False,skateboard,skateboard,2,"['the', 'nose', 'of', 'the', 'board', 'is', 'pointy', '-er']",8,the nose of the board is pointy -er,val,train,val,train,"[1, 10, 1593, 38, 10, 948, 7, 397, 9, 2, 0, 0, 0, 0, 0, 0, 0, 0]",deck
271594,user_571,The deck has a hole in it,32VNZTT0A9XFOHSUI0H9MYF7EPCR4Q,47.0,16edf6f6574568723f7198a00163bb6,skateboard,ShapeNet,4473c1e89500747b5cc36f190f62c41,skateboard,ShapeNet,False,skateboard/ShapeNet/4473c1e89500747b5cc36f190f62c41,skateboard/ShapeNet/16edf6f6574568723f7198a00163bb6,False,skateboard,skateboard,2,"['the', 'deck', 'has', 'a', 'hole', 'in', 'it']",7,the deck has a hole in it,val,train,val,train,"[1, 10, 1281, 24, 26, 81, 90, 23, 2, 0, 0, 0, 0, 0, 0, 0, 0, 0]",deck
271595,user_2027,The deck is much higher.,3I02618YA2ZTT26UKE42U7DMCJ1UPB,230.0,16edf6f6574568723f7198a00163bb6,skateboard,ShapeNet,4473c1e89500747b5cc36f190f62c41,skateboard,ShapeNet,False,skateboard/ShapeNet/4473c1e89500747b5cc36f190f62c41,skateboard/ShapeNet/16edf6f6574568723f7198a00163bb6,False,skateboard,skateboard,2,"['the', 'deck', 'is', 'much', 'high', '-er']",6,the deck is much high -er,val,train,val,train,"[1, 10, 1281, 7, 59, 49, 9, 2, 0, 0, 0, 0, 0, 0, 0, 0, 0, 0]",deck
271596,user_468,There are visible hardware holes on the top of the deck,32VNZTT0A9XFOHSUI0H9MYF7EO64RV,31.0,488b9ae283b800b282ec895e014b9eb3,skateboard,ShapeNet,d7045c95ab319b711082f2ea630bf69e,skateboard,ShapeNet,False,skateboard/ShapeNet/d7045c95ab319b711082f2ea630bf69e,skateboard/ShapeNet/488b9ae283b800b282ec895e014b9eb3,False,skateboard,skateboard,2,"['there', 'are', 'visible', 'hardware', 'holes', 'on', 'the', 'top', 'of', 'the', 'deck']",11,there are visible hardware holes on the top of the deck,train,train,train,train,"[1, 15, 16, 185, 1602, 234, 20, 10, 99, 38, 10, 1281, 2, 0, 0, 0, 0, 0]",deck
271597,user_549,The wheels are much larger.,34V1S5K3GUUNZ40M77A2SBZR4YH96J,102.0,488b9ae283b800b282ec895e014b9eb3,skateboard,ShapeNet,d7045c95ab319b711082f2ea630bf69e,skateboard,ShapeNet,False,skateboard/ShapeNet/d7045c95ab319b711082f2ea630bf69e,skateboard/ShapeNet/488b9ae283b800b282ec895e014b9eb3,False,skateboard,skateboard,2,"['the', 'wheels', 'are', 'much', 'large', '-er']",6,the wheels are much large -er,train,train,train,train,"[1, 10, 1013, 16, 59, 94, 9, 2, 0, 0, 0, 0, 0, 0, 0, 0, 0, 0]",wheel
271598,user_883,the front only has a slight upwards deckboard,3YW4XOSQKSEQCANSZCTCTBVO93VU17,317.0,488b9ae283b800b282ec895e014b9eb3,skateboard,ShapeNet,d7045c95ab319b711082f2ea630bf69e,skateboard,ShapeNet,False,skateboard/ShapeNet/d7045c95ab319b711082f2ea630bf69e,skateboard/ShapeNet/488b9ae283b800b282ec895e014b9eb3,False,skateboard,skateboard,2,"['the', 'front', 'only', 'has', 'a', 'slight', 'upwards', 'backboard']",8,the front only has a slight upwards backboard,train,train,train,train,"[1, 10, 37, 133, 24, 26, 160, 209, 1105, 2, 0, 0, 0, 0, 0, 0, 0, 0]",deck
271603,user_468,The truck axel and hanger are visible,3CTOC39K39JV9GR0CT67NJDQV90J70,54.0,99130967461623c37ca71234c2ec5470,skateboard,ShapeNet,871516a54b6c8689615c01c6c616fbc8,skateboard,ShapeNet,False,skateboard/ShapeNet/871516a54b6c8689615c01c6c616fbc8,skateboard/ShapeNet/99130967461623c37ca71234c2ec5470,False,skateboard,skateboard,2,"['the', 'truck', 'axel', 'and', 'hanger', 'are', 'visible']",7,the truck axel and hanger are visible,train,train,train,train,"[1, 10, 1606, 1637, 47, 1654, 16, 185, 2, 0, 0, 0, 0, 0, 0, 0, 0, 0]",truck
271604,user_1644,the deck curves upwards,34J10VATJHR9KNC9QAUDB9FLNK4QIU,67.0,99130967461623c37ca71234c2ec5470,skateboard,ShapeNet,871516a54b6c8689615c01c6c616fbc8,skateboard,ShapeNet,False,skateboard/ShapeNet/871516a54b6c8689615c01c6c616fbc8,skateboard/ShapeNet/99130967461623c37ca71234c2ec5470,False,skateboard,skateboard,2,"['the', 'deck', 'curves', 'upwards']",4,the deck curves upwards,train,train,train,train,"[1, 10, 1281, 156, 209, 2, 0, 0, 0, 0, 0, 0, 0, 0, 0, 0, 0, 0]",deck
271605,user_156,Its deck curves upwards at both ends.,3EQHHY4HQUL6VANGGU67SM7ECDQG5K,28.0,ac2b6924a60a7a87aa4f69d519551495,skateboard,ShapeNet,b140249e4615f0db6d8b6ba513969afe,skateboard,ShapeNet,False,skateboard/ShapeNet/b140249e4615f0db6d8b6ba513969afe,skateboard/ShapeNet/ac2b6924a60a7a87aa4f69d519551495,False,skateboard,skateboard,2,"['its', 'deck', 'curves', 'upwards', 'at', 'both', 'ends']",7,its deck curves upwards at both ends,train,train,train,train,"[1, 5, 1281, 156, 209, 98, 470, 247, 2, 0, 0, 0, 0, 0, 0, 0, 0, 0]",deck
271607,user_948,The wheels are smaller,3HMIGG0U4NZP4JRI8YZGB6O9JXHY8Y,23.0,ac2b6924a60a7a87aa4f69d519551495,skateboard,ShapeNet,b140249e4615f0db6d8b6ba513969afe,skateboard,ShapeNet,False,skateboard/ShapeNet/b140249e4615f0db6d8b6ba513969afe,skateboard/ShapeNet/ac2b6924a60a7a87aa4f69d519551495,False,skateboard,skateboard,2,"['the', 'wheels', 'are', 'small', '-er']",5,the wheels are small -er,train,train,train,train,"[1, 10, 1013, 16, 111, 9, 2, 0, 0, 0, 0, 0, 0, 0, 0, 0, 0, 0]",wheel
271608,user_156,Its deck doesn't curve upwards at the ends.,34X6J5FLPVR5FYWF8SFDNAUL00UQJ9,41.0,994dc9307a0f228e30eaaf40a8a562c1,skateboard,ShapeNet,234b2d3aae0b3c44b17369c768229699,skateboard,ShapeNet,False,skateboard/ShapeNet/234b2d3aae0b3c44b17369c768229699,skateboard/ShapeNet/994dc9307a0f228e30eaaf40a8a562c1,False,skateboard,skateboard,2,"['its', 'deck', 'does', 'not', 'curve', 'upwards', 'at', 'the', 'ends']",9,its deck does not curve upwards at the ends,train,train,train,train,"[1, 5, 1281, 39, 40, 43, 209, 98, 10, 247, 2, 0, 0, 0, 0, 0, 0, 0]",deck
271609,user_527,The wheels have an axle nut on them.,33C7UALJVNRSEDGFW9S7XJDZCC7182,82.0,994dc9307a0f228e30eaaf40a8a562c1,skateboard,ShapeNet,234b2d3aae0b3c44b17369c768229699,skateboard,ShapeNet,True,skateboard/ShapeNet/234b2d3aae0b3c44b17369c768229699,skateboard/ShapeNet/994dc9307a0f228e30eaaf40a8a562c1,False,skateboard,skateboard,2,"['the', 'wheels', 'have', 'an', 'axle', 'nut', 'on', 'them']",8,the wheels have an axle nut on them,train,train,train,train,"[1, 10, 1013, 84, 72, 1613, 1640, 20, 1163, 2, 0, 0, 0, 0, 0, 0, 0, 0]",wheel
271610,user_1796,Has a thinner deck lip.,3HWRJOOET7V9HYP0MVTRLUWUDFHSEB,130.0,994dc9307a0f228e30eaaf40a8a562c1,skateboard,ShapeNet,234b2d3aae0b3c44b17369c768229699,skateboard,ShapeNet,False,skateboard/ShapeNet/234b2d3aae0b3c44b17369c768229699,skateboard/ShapeNet/994dc9307a0f228e30eaaf40a8a562c1,False,skateboard,skateboard,2,"['has', 'a', 'thin', '-er', 'deck', 'lip']",6,has a thin -er deck lip,train,train,train,train,"[1, 24, 26, 60, 9, 1281, 125, 2, 0, 0, 0, 0, 0, 0, 0, 0, 0, 0]",deck
271611,user_491,The deck of the target does not have 8 hardware holes.,3H7XDTSHKEK08T20CVTGIMKRW8SWGB,114.0,99130967461623c37ca71234c2ec5470,skateboard,ShapeNet,ab76bf4b966e3fb5b10029f76a5ab54a,skateboard,ShapeNet,False,skateboard/ShapeNet/ab76bf4b966e3fb5b10029f76a5ab54a,skateboard/ShapeNet/99130967461623c37ca71234c2ec5470,False,skateboard,skateboard,2,"['the', 'deck', 'of', 'the', 'target', 'does', 'not', 'have', 'eight', 'hardware', 'holes']",11,the deck of the target does not have eight hardware holes,val,train,val,train,"[1, 10, 1281, 38, 10, 11, 39, 40, 84, 871, 1602, 234, 2, 0, 0, 0, 0, 0]",deck
271612,user_696,The target has much bigger wheels.,3DIP6YHAPELRYEAR8XNM43WT1LBE8Y,100.0,99130967461623c37ca71234c2ec5470,skateboard,ShapeNet,ab76bf4b966e3fb5b10029f76a5ab54a,skateboard,ShapeNet,False,skateboard/ShapeNet/ab76bf4b966e3fb5b10029f76a5ab54a,skateboard/ShapeNet/99130967461623c37ca71234c2ec5470,False,skateboard,skateboard,2,"['the', 'target', 'has', 'much', 'big', '-er', 'wheels']",7,the target has much big -er wheels,val,train,val,train,"[1, 10, 11, 24, 59, 320, 9, 1013, 2, 0, 0, 0, 0, 0, 0, 0, 0, 0]",wheel
271613,user_1246,The trucks are much wider,33CID57106MJ3NEDD2FUQHE2UWL3LJ,43.0,99130967461623c37ca71234c2ec5470,skateboard,ShapeNet,ab76bf4b966e3fb5b10029f76a5ab54a,skateboard,ShapeNet,False,skateboard/ShapeNet/ab76bf4b966e3fb5b10029f76a5ab54a,skateboard/ShapeNet/99130967461623c37ca71234c2ec5470,False,skateboard,skateboard,2,"['the', 'trucks', 'are', 'much', 'wide', '-er']",6,the trucks are much wide -er,val,train,val,train,"[1, 10, 1595, 16, 59, 83, 9, 2, 0, 0, 0, 0, 0, 0, 0, 0, 0, 0]",truck
271614,user_848,Target has smaller wheels.,3U8YCDAGXR9YDSVTMK5755FP1QO0QA,62.0,c4b7db8e09375b4d6830ad3775f4cffc,skateboard,ShapeNet,48bf45bffab55d7cf14c37b285d25cdf,skateboard,ShapeNet,False,skateboard/ShapeNet/48bf45bffab55d7cf14c37b285d25cdf,skateboard/ShapeNet/c4b7db8e09375b4d6830ad3775f4cffc,True,skateboard,skateboard,2,"['target', 'has', 'small', '-er', 'wheels']",5,target has small -er wheels,train,train,train,train,"[1, 11, 24, 111, 9, 1013, 2, 0, 0, 0, 0, 0, 0, 0, 0, 0, 0, 0]",wheel
271615,user_1392,The wheels aren't as far out.,3CCZ6YKWR9CRG0082O0X05LR8YW95J,30.0,c4b7db8e09375b4d6830ad3775f4cffc,skateboard,ShapeNet,48bf45bffab55d7cf14c37b285d25cdf,skateboard,ShapeNet,False,skateboard/ShapeNet/48bf45bffab55d7cf14c37b285d25cdf,skateboard/ShapeNet/c4b7db8e09375b4d6830ad3775f4cffc,True,skateboard,skateboard,2,"['the', 'wheels', 'are', 'not', 'as', 'far', 'out']",7,the wheels are not as far out,train,train,train,train,"[1, 10, 1013, 16, 40, 52, 78, 89, 2, 0, 0, 0, 0, 0, 0, 0, 0, 0]",wheel
271616,user_1796,The truck's hanger is smaller.,3KXIR214I69YKXB93A28LQ7Z211421,93.0,c4b7db8e09375b4d6830ad3775f4cffc,skateboard,ShapeNet,48bf45bffab55d7cf14c37b285d25cdf,skateboard,ShapeNet,False,skateboard/ShapeNet/48bf45bffab55d7cf14c37b285d25cdf,skateboard/ShapeNet/c4b7db8e09375b4d6830ad3775f4cffc,True,skateboard,skateboard,2,"['the', 'truck', ""'s"", 'hanger', 'is', 'small', '-er']",7,the truck 's hanger is small -er,train,train,train,train,"[1, 10, 1606, 12, 1654, 7, 111, 9, 2, 0, 0, 0, 0, 0, 0, 0, 0, 0]",truck
271617,user_1392,It does not have exposed screws on the deck,3GA6AFUKOQHHHRVNMH0WYPLVDFD3HD,32.0,f9752bb556ab1e20681083250d6ef1,skateboard,ShapeNet,a19d80304e26099e7394c987e5e211f0,skateboard,ShapeNet,False,skateboard/ShapeNet/a19d80304e26099e7394c987e5e211f0,skateboard/ShapeNet/f9752bb556ab1e20681083250d6ef1,True,skateboard,skateboard,2,"['it', 'does', 'not', 'have', 'exposed', 'screws', 'on', 'the', 'deck']",9,it does not have exposed screws on the deck,train,train,train,train,"[1, 23, 39, 40, 84, 361, 1910, 20, 10, 1281, 2, 0, 0, 0, 0, 0, 0, 0]",deck
271618,user_1992,The deck is thinner,37Q970SNZG1AXXVOA7YCEAD0O6E1S2,43.0,f9752bb556ab1e20681083250d6ef1,skateboard,ShapeNet,a19d80304e26099e7394c987e5e211f0,skateboard,ShapeNet,False,skateboard/ShapeNet/a19d80304e26099e7394c987e5e211f0,skateboard/ShapeNet/f9752bb556ab1e20681083250d6ef1,True,skateboard,skateboard,2,"['the', 'deck', 'is', 'thin', '-er']",5,the deck is thin -er,train,train,train,train,"[1, 10, 1281, 7, 60, 9, 2, 0, 0, 0, 0, 0, 0, 0, 0, 0, 0, 0]",deck
271620,user_156,Its deck curves to more extreme angles at both ends.,3EFE17QCREYL18G2CW1X6XT75WOSH8,45.0,344e9402d06bd94031145076011658c5,skateboard,ShapeNet,710467261256490ce1bed90743417b0c,skateboard,ShapeNet,False,skateboard/ShapeNet/710467261256490ce1bed90743417b0c,skateboard/ShapeNet/344e9402d06bd94031145076011658c5,True,skateboard,skateboard,2,"['its', 'deck', 'curves', 'to', 'more', 'extreme', 'angles', 'at', 'both', 'ends']",10,its deck curves to more extreme angles at both ends,train,train,train,train,"[1, 5, 1281, 156, 58, 34, 3916, 340, 98, 470, 247, 2, 0, 0, 0, 0, 0, 0]",deck
271621,user_1644,the deck has eight pieces are hardware,3JBT3HLQFAVAF104Q13ABZS1E1JZP8,147.0,344e9402d06bd94031145076011658c5,skateboard,ShapeNet,710467261256490ce1bed90743417b0c,skateboard,ShapeNet,False,skateboard/ShapeNet/710467261256490ce1bed90743417b0c,skateboard/ShapeNet/344e9402d06bd94031145076011658c5,True,skateboard,skateboard,2,"['the', 'deck', 'has', 'eight', 'pieces', 'are', 'hardware']",7,the deck has eight pieces are hardware,train,train,train,train,"[1, 10, 1281, 24, 871, 447, 16, 1602, 2, 0, 0, 0, 0, 0, 0, 0, 0, 0]",deck
271622,user_1992,The deck lifts up more at the ends.,3YGXWBAF72ABIF3B03REX3GLEN24CO,38.0,344e9402d06bd94031145076011658c5,skateboard,ShapeNet,710467261256490ce1bed90743417b0c,skateboard,ShapeNet,False,skateboard/ShapeNet/710467261256490ce1bed90743417b0c,skateboard/ShapeNet/344e9402d06bd94031145076011658c5,True,skateboard,skateboard,2,"['the', 'deck', 'lifts', 'up', 'more', 'at', 'the', 'ends']",8,the deck lifts up more at the ends,train,train,train,train,"[1, 10, 1281, 3173, 269, 34, 98, 10, 247, 2, 0, 0, 0, 0, 0, 0, 0, 0]",deck
271623,user_549,There are upward curves at both ends of the deck.,3PXX5PX6LZR7AZRMV45AZMW3OHABAL,50.0,aa2c5469590761793c497dcbf6659611,skateboard,ShapeNet,36221454034311a4fcaae723fa352fe6,skateboard,ShapeNet,False,skateboard/ShapeNet/36221454034311a4fcaae723fa352fe6,skateboard/ShapeNet/aa2c5469590761793c497dcbf6659611,False,skateboard,skateboard,2,"['there', 'are', 'upward', 'curves', 'at', 'both', 'ends', 'of', 'the', 'deck']",10,there are upward curves at both ends of the deck,train,train,train,train,"[1, 15, 16, 79, 156, 98, 470, 247, 38, 10, 1281, 2, 0, 0, 0, 0, 0, 0]",deck
271624,user_948,The trucks are flatter,338JKRMM28SH1CU8VWF6LXZ1JP3HAL,42.0,aa2c5469590761793c497dcbf6659611,skateboard,ShapeNet,36221454034311a4fcaae723fa352fe6,skateboard,ShapeNet,False,skateboard/ShapeNet/36221454034311a4fcaae723fa352fe6,skateboard/ShapeNet/aa2c5469590761793c497dcbf6659611,False,skateboard,skateboard,2,"['the', 'trucks', 'are', 'flat', '-er']",5,the trucks are flat -er,train,train,train,train,"[1, 10, 1595, 16, 129, 9, 2, 0, 0, 0, 0, 0, 0, 0, 0, 0, 0, 0]",truck
271625,user_1992,The wheel is smaller.,3EJPLAJKEO925VIZB5415Z1KJWTZ62,36.0,aa2c5469590761793c497dcbf6659611,skateboard,ShapeNet,36221454034311a4fcaae723fa352fe6,skateboard,ShapeNet,False,skateboard/ShapeNet/36221454034311a4fcaae723fa352fe6,skateboard/ShapeNet/aa2c5469590761793c497dcbf6659611,False,skateboard,skateboard,2,"['the', 'wheel', 'is', 'small', '-er']",5,the wheel is small -er,train,train,train,train,"[1, 10, 544, 7, 111, 9, 2, 0, 0, 0, 0, 0, 0, 0, 0, 0, 0, 0]",wheel
271629,user_743,the target board looks more symmetrical,3ATPCQ38JA33N7KX5WJU7XU49LHYA2,306.0,e06b51f45c1aa29a98c63cb68f11df34,skateboard,ShapeNet,980af78085bffb43d790b0d3f0ce898d,skateboard,ShapeNet,False,skateboard/ShapeNet/980af78085bffb43d790b0d3f0ce898d,skateboard/ShapeNet/e06b51f45c1aa29a98c63cb68f11df34,True,skateboard,skateboard,2,"['the', 'target', 'board', 'looks', 'more', 'symmetrical']",6,the target board looks more symmetrical,train,train,train,train,"[1, 10, 11, 948, 33, 34, 489, 2, 0, 0, 0, 0, 0, 0, 0, 0, 0, 0]",deck
271631,user_1395,the deck/board is longer,3A9AA95ATYFC8NGFJDWUMVL6D2E5PA,67.0,e06b51f45c1aa29a98c63cb68f11df34,skateboard,ShapeNet,980af78085bffb43d790b0d3f0ce898d,skateboard,ShapeNet,False,skateboard/ShapeNet/980af78085bffb43d790b0d3f0ce898d,skateboard/ShapeNet/e06b51f45c1aa29a98c63cb68f11df34,True,skateboard,skateboard,2,"['the', 'deck', 'board', 'is', 'long', '-er']",6,the deck board is long -er,train,train,train,train,"[1, 10, 1281, 948, 7, 32, 9, 2, 0, 0, 0, 0, 0, 0, 0, 0, 0, 0]",deck
271633,user_1815,The axle/wheel base is wider,373ERPL3YQ1Z527KX1IHU6RZUPNTRK,148.0,ea25b5f1fc8d76a36a1b26eff73443ff,skateboard,ShapeNet,2026cbe0ebbe1153d975109d955e6652,skateboard,ShapeNet,False,skateboard/ShapeNet/2026cbe0ebbe1153d975109d955e6652,skateboard/ShapeNet/ea25b5f1fc8d76a36a1b26eff73443ff,True,skateboard,skateboard,2,"['the', 'axle', 'wheel', 'base', 'is', 'wide', '-er']",7,the axle wheel base is wide -er,train,train,train,train,"[1, 10, 1613, 544, 103, 7, 83, 9, 2, 0, 0, 0, 0, 0, 0, 0, 0, 0]",wheel
271636,user_1298,The wheels are smaller.,3MMN5BL1W1X395WYDEG9QUTRU1BM34,32.0,94fc692e0518c0b0537d393009a79347,skateboard,ShapeNet,7a00dee660ee94f5dfa6594bd6ded322,skateboard,ShapeNet,False,skateboard/ShapeNet/7a00dee660ee94f5dfa6594bd6ded322,skateboard/ShapeNet/94fc692e0518c0b0537d393009a79347,True,skateboard,skateboard,2,"['the', 'wheels', 'are', 'small', '-er']",5,the wheels are small -er,train,train,train,train,"[1, 10, 1013, 16, 111, 9, 2, 0, 0, 0, 0, 0, 0, 0, 0, 0, 0, 0]",wheel
271637,user_2044,The board is thicker depth-wise.,3HVVDCPGTGL823J6BWAB22KWXC3YTS,25.0,94fc692e0518c0b0537d393009a79347,skateboard,ShapeNet,7a00dee660ee94f5dfa6594bd6ded322,skateboard,ShapeNet,False,skateboard/ShapeNet/7a00dee660ee94f5dfa6594bd6ded322,skateboard/ShapeNet/94fc692e0518c0b0537d393009a79347,True,skateboard,skateboard,2,"['the', 'board', 'is', 'thick', '-er', 'depth', 'wise']",7,the board is thick -er depth wise,train,train,train,train,"[1, 10, 948, 7, 54, 9, 607, 359, 2, 0, 0, 0, 0, 0, 0, 0, 0, 0]",deck
271638,user_468,The wheels are large in diameter,3OS4RQUCRB826Q8U6KR2DN7ULSBBFC,42.0,792953b4101753c6ed3696d854eee1ec,skateboard,ShapeNet,36aaae334d636ec28043db94fbc8c982,skateboard,ShapeNet,False,skateboard/ShapeNet/36aaae334d636ec28043db94fbc8c982,skateboard/ShapeNet/792953b4101753c6ed3696d854eee1ec,False,skateboard,skateboard,2,"['the', 'wheels', 'are', 'large', 'in', 'diameter']",6,the wheels are large in diameter,train,train,train,train,"[1, 10, 1013, 16, 94, 90, 268, 2, 0, 0, 0, 0, 0, 0, 0, 0, 0, 0]",wheel
271640,user_1633,The target has two decorative logos on the deck.,3VA45EW49PGVZ53V3QH3U53ZRH91O3,28.0,792953b4101753c6ed3696d854eee1ec,skateboard,ShapeNet,36aaae334d636ec28043db94fbc8c982,skateboard,ShapeNet,False,skateboard/ShapeNet/36aaae334d636ec28043db94fbc8c982,skateboard/ShapeNet/792953b4101753c6ed3696d854eee1ec,False,skateboard,skateboard,2,"['the', 'target', 'has', 'two', 'decorative', 'logos', 'on', 'the', 'deck']",9,the target has two decorative logos on the deck,train,train,train,train,"[1, 10, 11, 24, 17, 216, 5469, 20, 10, 1281, 2, 0, 0, 0, 0, 0, 0, 0]",deck
271641,user_476,Wheels on target are small.,3SLE99ER0P68B7ZU7WL9GFNCXX6BZ1,131.0,58ab8327f188e0a063381d3d7e871939,skateboard,ShapeNet,ac5b849680f5e3791bb7158ebaf7e1c8,skateboard,ShapeNet,False,skateboard/ShapeNet/ac5b849680f5e3791bb7158ebaf7e1c8,skateboard/ShapeNet/58ab8327f188e0a063381d3d7e871939,False,skateboard,skateboard,2,"['wheels', 'on', 'target', 'are', 'small']",5,wheels on target are small,train,train,train,train,"[1, 1013, 20, 11, 16, 111, 2, 0, 0, 0, 0, 0, 0, 0, 0, 0, 0, 0]",wheel
271642,user_948,The trucks are not visible,3ZV9H2YQQF0ZEHQCHGMWZSVIS3OW34,42.0,58ab8327f188e0a063381d3d7e871939,skateboard,ShapeNet,ac5b849680f5e3791bb7158ebaf7e1c8,skateboard,ShapeNet,False,skateboard/ShapeNet/ac5b849680f5e3791bb7158ebaf7e1c8,skateboard/ShapeNet/58ab8327f188e0a063381d3d7e871939,False,skateboard,skateboard,2,"['the', 'trucks', 'are', 'not', 'visible']",5,the trucks are not visible,train,train,train,train,"[1, 10, 1595, 16, 40, 185, 2, 0, 0, 0, 0, 0, 0, 0, 0, 0, 0, 0]",truck
271643,user_1644,the board is wider,3UN61F00HYIXK0WUW50JRQLLEKBR5X,36.0,58ab8327f188e0a063381d3d7e871939,skateboard,ShapeNet,ac5b849680f5e3791bb7158ebaf7e1c8,skateboard,ShapeNet,False,skateboard/ShapeNet/ac5b849680f5e3791bb7158ebaf7e1c8,skateboard/ShapeNet/58ab8327f188e0a063381d3d7e871939,False,skateboard,skateboard,2,"['the', 'board', 'is', 'wide', '-er']",5,the board is wide -er,train,train,train,train,"[1, 10, 948, 7, 83, 9, 2, 0, 0, 0, 0, 0, 0, 0, 0, 0, 0, 0]",deck
271650,user_156,Its deck only curves upward at the back.,30X31N5D65J6RL8O6QR5PB63S1ISAH,119.0,570fae86bb5e1843d587b281fa5e7b27,skateboard,ShapeNet,619b49bae27807fb1082f2ea630bf69e,skateboard,ShapeNet,False,skateboard/ShapeNet/619b49bae27807fb1082f2ea630bf69e,skateboard/ShapeNet/570fae86bb5e1843d587b281fa5e7b27,True,skateboard,skateboard,2,"['its', 'deck', 'only', 'curves', 'upward', 'at', 'the', 'back']",8,its deck only curves upward at the back,train,train,train,train,"[1, 5, 1281, 133, 156, 79, 98, 10, 183, 2, 0, 0, 0, 0, 0, 0, 0, 0]",deck
271654,user_848,Target has a taller truck.,3300DTYQT4AX4IANUR4MQUHTVRXQEL,60.0,f9752bb556ab1e20681083250d6ef1,skateboard,ShapeNet,aa2c5469590761793c497dcbf6659611,skateboard,ShapeNet,False,skateboard/ShapeNet/aa2c5469590761793c497dcbf6659611,skateboard/ShapeNet/f9752bb556ab1e20681083250d6ef1,True,skateboard,skateboard,2,"['target', 'has', 'a', 'tall', '-er', 'truck']",6,target has a tall -er truck,train,train,train,train,"[1, 11, 24, 26, 53, 9, 1606, 2, 0, 0, 0, 0, 0, 0, 0, 0, 0, 0]",truck
271660,user_1205,Front of board is thinner,3SKEMFQBZ5YUKE214JYP2Y9YLIH8KM,64.0,141616a00df67c351082f2ea630bf69e,skateboard,ShapeNet,393ca71bd734f3071082f2ea630bf69e,skateboard,ShapeNet,False,skateboard/ShapeNet/393ca71bd734f3071082f2ea630bf69e,skateboard/ShapeNet/141616a00df67c351082f2ea630bf69e,True,skateboard,skateboard,2,"['front', 'of', 'board', 'is', 'thin', '-er']",6,front of board is thin -er,train,train,train,train,"[1, 37, 38, 948, 7, 60, 9, 2, 0, 0, 0, 0, 0, 0, 0, 0, 0, 0]",deck
271661,user_156,Its wheels do not have any indentations in them.,3W8CV64QJ4S3WTK33Q16P2OHD9OH9D,59.0,8310154df085baf3e3cfaa4e6977fab6,skateboard,ShapeNet,87115860707b0208813c2f803c03ef9f,skateboard,ShapeNet,False,skateboard/ShapeNet/87115860707b0208813c2f803c03ef9f,skateboard/ShapeNet/8310154df085baf3e3cfaa4e6977fab6,False,skateboard,skateboard,2,"['its', 'wheels', 'do', 'not', 'have', 'any', 'indentations', 'in', 'them']",9,its wheels do not have any indentations in them,train,train,train,train,"[1, 5, 1013, 338, 40, 84, 278, 1065, 90, 1163, 2, 0, 0, 0, 0, 0, 0, 0]",wheel
271668,user_1644,the trucks are thinner,3XUHV3NRVMRKV6IR00OPDMJFRB3H5G,85.0,d4abd88611997d2cc4647061c0a60dc9,skateboard,ShapeNet,488b9ae283b800b282ec895e014b9eb3,skateboard,ShapeNet,False,skateboard/ShapeNet/488b9ae283b800b282ec895e014b9eb3,skateboard/ShapeNet/d4abd88611997d2cc4647061c0a60dc9,False,skateboard,skateboard,2,"['the', 'trucks', 'are', 'thin', '-er']",5,the trucks are thin -er,train,train,train,train,"[1, 10, 1595, 16, 60, 9, 2, 0, 0, 0, 0, 0, 0, 0, 0, 0, 0, 0]",truck
271669,user_2044,The neck and tail are closer more shallow in depth compared to the deck.,33M4IA01QIU6MJG42BJEJ9C57LBXR7,160.0,d4abd88611997d2cc4647061c0a60dc9,skateboard,ShapeNet,488b9ae283b800b282ec895e014b9eb3,skateboard,ShapeNet,False,skateboard/ShapeNet/488b9ae283b800b282ec895e014b9eb3,skateboard/ShapeNet/d4abd88611997d2cc4647061c0a60dc9,False,skateboard,skateboard,2,"['the', 'neck', 'and', 'tail', 'are', 'close', '-er', 'more', 'shallow', 'in', 'depth', 'compared', 'to', 'the', 'deck']",15,the neck and tail are close -er more shallow in depth compared to the deck,train,train,train,train,"[1, 10, 509, 47, 1594, 16, 1025, 9, 34, 713, 90, 607, 868, 58, 10, 1281, 2, 0]",deck
271673,user_1024,The trucks are bigger.,33NF62TLXLVJ4VYKVNVGROIC1TXKJ4,60.0,16edf6f6574568723f7198a00163bb6,skateboard,ShapeNet,ac2b6924a60a7a87aa4f69d519551495,skateboard,ShapeNet,False,skateboard/ShapeNet/ac2b6924a60a7a87aa4f69d519551495,skateboard/ShapeNet/16edf6f6574568723f7198a00163bb6,False,skateboard,skateboard,2,"['the', 'trucks', 'are', 'big', '-er']",5,the trucks are big -er,train,train,train,train,"[1, 10, 1595, 16, 320, 9, 2, 0, 0, 0, 0, 0, 0, 0, 0, 0, 0, 0]",truck
271674,user_1357,The trucks are more visible,3P529IW9K0EEJZU6XXGWRQ3ZXNHFLX,35.0,16edf6f6574568723f7198a00163bb6,skateboard,ShapeNet,ac2b6924a60a7a87aa4f69d519551495,skateboard,ShapeNet,False,skateboard/ShapeNet/ac2b6924a60a7a87aa4f69d519551495,skateboard/ShapeNet/16edf6f6574568723f7198a00163bb6,False,skateboard,skateboard,2,"['the', 'trucks', 'are', 'more', 'visible']",5,the trucks are more visible,train,train,train,train,"[1, 10, 1595, 16, 34, 185, 2, 0, 0, 0, 0, 0, 0, 0, 0, 0, 0, 0]",truck
271675,user_1392,The board is flat.,30LB5CDZNE37RKWK9GOKWYRT6TCZ06,22.0,16edf6f6574568723f7198a00163bb6,skateboard,ShapeNet,ac2b6924a60a7a87aa4f69d519551495,skateboard,ShapeNet,False,skateboard/ShapeNet/ac2b6924a60a7a87aa4f69d519551495,skateboard/ShapeNet/16edf6f6574568723f7198a00163bb6,False,skateboard,skateboard,2,"['the', 'board', 'is', 'flat']",4,the board is flat,train,train,train,train,"[1, 10, 948, 7, 129, 2, 0, 0, 0, 0, 0, 0, 0, 0, 0, 0, 0, 0]",deck
271676,user_203,The deck is not as long.,36W0OB37HY7I2K2G7OV52QQASABHZN,49.0,732270ac7e23d610e62bec48c266b5c6,skateboard,ShapeNet,aa886bed91a13113d5498a74ca9ca78b,skateboard,ShapeNet,False,skateboard/ShapeNet/aa886bed91a13113d5498a74ca9ca78b,skateboard/ShapeNet/732270ac7e23d610e62bec48c266b5c6,True,skateboard,skateboard,2,"['the', 'deck', 'is', 'not', 'as', 'long']",6,the deck is not as long,train,train,train,train,"[1, 10, 1281, 7, 40, 52, 32, 2, 0, 0, 0, 0, 0, 0, 0, 0, 0, 0]",deck
271678,user_1796,The deck is thicker.,3L6L49WXW2QQJUUWLT46JXABM6G45G,52.0,732270ac7e23d610e62bec48c266b5c6,skateboard,ShapeNet,aa886bed91a13113d5498a74ca9ca78b,skateboard,ShapeNet,False,skateboard/ShapeNet/aa886bed91a13113d5498a74ca9ca78b,skateboard/ShapeNet/732270ac7e23d610e62bec48c266b5c6,True,skateboard,skateboard,2,"['the', 'deck', 'is', 'thick', '-er']",5,the deck is thick -er,train,train,train,train,"[1, 10, 1281, 7, 54, 9, 2, 0, 0, 0, 0, 0, 0, 0, 0, 0, 0, 0]",deck
271679,user_1644,the wheels are a little wider,31QTRG6Q2V6AABQZUF1RXSJZ87HPY9,95.0,bebaf2c5077b901e92ba7d308c045fd8,skateboard,ShapeNet,30c835f06a930d356e6c9ebd9b889ec2,skateboard,ShapeNet,False,skateboard/ShapeNet/30c835f06a930d356e6c9ebd9b889ec2,skateboard/ShapeNet/bebaf2c5077b901e92ba7d308c045fd8,True,skateboard,skateboard,2,"['the', 'wheels', 'are', 'a', 'little', 'wide', '-er']",7,the wheels are a little wide -er,train,train,train,train,"[1, 10, 1013, 16, 26, 907, 83, 9, 2, 0, 0, 0, 0, 0, 0, 0, 0, 0]",wheel
271681,user_1815,Deck appears to sit on axle,3ZQIG0FLQG9JQQSV1QS2INN1JPJWV7,106.0,bebaf2c5077b901e92ba7d308c045fd8,skateboard,ShapeNet,30c835f06a930d356e6c9ebd9b889ec2,skateboard,ShapeNet,False,skateboard/ShapeNet/30c835f06a930d356e6c9ebd9b889ec2,skateboard/ShapeNet/bebaf2c5077b901e92ba7d308c045fd8,True,skateboard,skateboard,2,"['deck', 'appears', 'to', 'sit', 'on', 'axle']",6,deck appears to sit on axle,train,train,train,train,"[1, 1281, 411, 58, 1229, 20, 1613, 2, 0, 0, 0, 0, 0, 0, 0, 0, 0, 0]",deck
271682,user_256,The deck is skinnier in width,3IOEN3P9S9C5AZXR3UV9D5H86MT162,326.0,58ae991bd0350810b9ac379f661f5c75,skateboard,ShapeNet,a19d80304e26099e7394c987e5e211f0,skateboard,ShapeNet,False,skateboard/ShapeNet/a19d80304e26099e7394c987e5e211f0,skateboard/ShapeNet/58ae991bd0350810b9ac379f661f5c75,False,skateboard,skateboard,2,"['the', 'deck', 'is', 'skinny', '-er', 'in', 'width']",7,the deck is skinny -er in width,train,train,train,train,"[1, 10, 1281, 7, 282, 9, 90, 358, 2, 0, 0, 0, 0, 0, 0, 0, 0, 0]",deck
271683,user_1357,The wheels are smoother,3IXQG4FA2VRT5GHH3YRA3RLJIVD9BH,26.0,58ae991bd0350810b9ac379f661f5c75,skateboard,ShapeNet,a19d80304e26099e7394c987e5e211f0,skateboard,ShapeNet,False,skateboard/ShapeNet/a19d80304e26099e7394c987e5e211f0,skateboard/ShapeNet/58ae991bd0350810b9ac379f661f5c75,False,skateboard,skateboard,2,"['the', 'wheels', 'are', 'smooth', '-er']",5,the wheels are smooth -er,train,train,train,train,"[1, 10, 1013, 16, 379, 9, 2, 0, 0, 0, 0, 0, 0, 0, 0, 0, 0, 0]",wheel
271684,user_1644,the wheels are larger,36WLNQG7813A0C8YB97WV5MU9RWEBX,101.0,58ae991bd0350810b9ac379f661f5c75,skateboard,ShapeNet,a19d80304e26099e7394c987e5e211f0,skateboard,ShapeNet,False,skateboard/ShapeNet/a19d80304e26099e7394c987e5e211f0,skateboard/ShapeNet/58ae991bd0350810b9ac379f661f5c75,False,skateboard,skateboard,2,"['the', 'wheels', 'are', 'large', '-er']",5,the wheels are large -er,train,train,train,train,"[1, 10, 1013, 16, 94, 9, 2, 0, 0, 0, 0, 0, 0, 0, 0, 0, 0, 0]",wheel
271685,user_948,The deck is ridged,3634BBTX0QNCTYM0CUJJZAB7GIVFIP,56.0,c8aed131dd905c6e1082f2ea630bf69e,skateboard,ShapeNet,ff04077cb675226a1082f2ea630bf69e,skateboard,ShapeNet,False,skateboard/ShapeNet/ff04077cb675226a1082f2ea630bf69e,skateboard/ShapeNet/c8aed131dd905c6e1082f2ea630bf69e,True,skateboard,skateboard,2,"['the', 'deck', 'is', 'ridged']",4,the deck is ridged,train,train,train,train,"[1, 10, 1281, 7, 896, 2, 0, 0, 0, 0, 0, 0, 0, 0, 0, 0, 0, 0]",deck
271686,user_1757,The target board has more width overall,3X4MXAO0BIHRXJBES6NSHQYYYH3WR7,94.0,c8aed131dd905c6e1082f2ea630bf69e,skateboard,ShapeNet,ff04077cb675226a1082f2ea630bf69e,skateboard,ShapeNet,False,skateboard/ShapeNet/ff04077cb675226a1082f2ea630bf69e,skateboard/ShapeNet/c8aed131dd905c6e1082f2ea630bf69e,True,skateboard,skateboard,2,"['the', 'target', 'board', 'has', 'more', 'width', 'overall']",7,the target board has more width overall,train,train,train,train,"[1, 10, 11, 948, 24, 34, 358, 201, 2, 0, 0, 0, 0, 0, 0, 0, 0, 0]",deck
271688,user_156,Two of its wheels are entirely visible.,33SA9F9TRZN2OF69603SIJZFJTDEWE,127.0,ac5b849680f5e3791bb7158ebaf7e1c8,skateboard,ShapeNet,937c41b3d0d3a87fad1f278e1513f3b7,skateboard,ShapeNet,False,skateboard/ShapeNet/937c41b3d0d3a87fad1f278e1513f3b7,skateboard/ShapeNet/ac5b849680f5e3791bb7158ebaf7e1c8,False,skateboard,skateboard,2,"['two', 'of', 'its', 'wheels', 'are', 'entirely', 'visible']",7,two of its wheels are entirely visible,test,train,test,train,"[1, 17, 38, 5, 1013, 16, 1212, 185, 2, 0, 0, 0, 0, 0, 0, 0, 0, 0]",wheel
271690,user_1246,There's holes on the deck,3TMFV4NEPA7LFEWITXHSQ93T8PG8W8,34.0,ac5b849680f5e3791bb7158ebaf7e1c8,skateboard,ShapeNet,937c41b3d0d3a87fad1f278e1513f3b7,skateboard,ShapeNet,False,skateboard/ShapeNet/937c41b3d0d3a87fad1f278e1513f3b7,skateboard/ShapeNet/ac5b849680f5e3791bb7158ebaf7e1c8,False,skateboard,skateboard,2,"['there', 'is', 'holes', 'on', 'the', 'deck']",6,there is holes on the deck,test,train,test,train,"[1, 15, 7, 234, 20, 10, 1281, 2, 0, 0, 0, 0, 0, 0, 0, 0, 0, 0]",deck
271695,user_1392,The board has a block on the end.,32Q90QCQ1UEBTFCSHMKPU85KWL7EKJ,30.0,fb1ad690d8befb5a74bfd4c8606b795,skateboard,ShapeNet,6e76a333d9fc9a2972e15b580d9a5b3,skateboard,ShapeNet,False,skateboard/ShapeNet/6e76a333d9fc9a2972e15b580d9a5b3,skateboard/ShapeNet/fb1ad690d8befb5a74bfd4c8606b795,True,skateboard,skateboard,2,"['the', 'board', 'has', 'a', 'block', 'on', 'the', 'end']",8,the board has a block on the end,test,train,test,train,"[1, 10, 948, 24, 26, 885, 20, 10, 74, 2, 0, 0, 0, 0, 0, 0, 0, 0]",deck
271696,user_1644,the tail of the board is pointed and the nose is not,3A0EX8ZRNAH86HPPBAJQ28EAR32BYA,163.0,fb1ad690d8befb5a74bfd4c8606b795,skateboard,ShapeNet,6e76a333d9fc9a2972e15b580d9a5b3,skateboard,ShapeNet,False,skateboard/ShapeNet/6e76a333d9fc9a2972e15b580d9a5b3,skateboard/ShapeNet/fb1ad690d8befb5a74bfd4c8606b795,True,skateboard,skateboard,2,"['the', 'tail', 'of', 'the', 'board', 'is', 'pointed', 'and', 'the', 'nose', 'is', 'not']",12,the tail of the board is pointed and the nose is not,test,train,test,train,"[1, 10, 1594, 38, 10, 948, 7, 387, 47, 10, 1593, 7, 40, 2, 0, 0, 0, 0]",deck
271697,user_156,Three of its wheels are visible.,3FIUS151DXV4B7C0XQPYWJY32LHGGD,38.0,776eaffd7cbe7bc6b9e8bdc9c4a49aa2,skateboard,ShapeNet,344e9402d06bd94031145076011658c5,skateboard,ShapeNet,False,skateboard/ShapeNet/344e9402d06bd94031145076011658c5,skateboard/ShapeNet/776eaffd7cbe7bc6b9e8bdc9c4a49aa2,False,skateboard,skateboard,2,"['three', 'of', 'its', 'wheels', 'are', 'visible']",6,three of its wheels are visible,train,train,train,train,"[1, 80, 38, 5, 1013, 16, 185, 2, 0, 0, 0, 0, 0, 0, 0, 0, 0, 0]",wheel
271700,user_948,The deck is thicker,386CSBG1O1FTR3H8O9LOE6PGEYLQ6M,24.0,f5d7698b5a57d61226e0640b67de606,skateboard,ShapeNet,591971ce679ca4b93ad38b993d9e745f,skateboard,ShapeNet,False,skateboard/ShapeNet/591971ce679ca4b93ad38b993d9e745f,skateboard/ShapeNet/f5d7698b5a57d61226e0640b67de606,False,skateboard,skateboard,2,"['the', 'deck', 'is', 'thick', '-er']",5,the deck is thick -er,train,train,train,train,"[1, 10, 1281, 7, 54, 9, 2, 0, 0, 0, 0, 0, 0, 0, 0, 0, 0, 0]",deck
271702,user_1644,there are trucks attached,3DY46V3X3RB8FDYWZYNGOPGPM2C55N,50.0,f5d7698b5a57d61226e0640b67de606,skateboard,ShapeNet,591971ce679ca4b93ad38b993d9e745f,skateboard,ShapeNet,False,skateboard/ShapeNet/591971ce679ca4b93ad38b993d9e745f,skateboard/ShapeNet/f5d7698b5a57d61226e0640b67de606,False,skateboard,skateboard,2,"['there', 'are', 'trucks', 'attached']",4,there are trucks attached,train,train,train,train,"[1, 15, 16, 1595, 115, 2, 0, 0, 0, 0, 0, 0, 0, 0, 0, 0, 0, 0]",truck
271705,user_1796,The board is not as wide.,3FTF2T8WLTBLTJFSYPN6Q5Y4SVXW9K,52.0,ac2b6924a60a7a87aa4f69d519551495,skateboard,ShapeNet,abdc4a823b1f78c397f47f3057557cbe,skateboard,ShapeNet,False,skateboard/ShapeNet/abdc4a823b1f78c397f47f3057557cbe,skateboard/ShapeNet/ac2b6924a60a7a87aa4f69d519551495,True,skateboard,skateboard,2,"['the', 'board', 'is', 'not', 'as', 'wide']",6,the board is not as wide,train,train,train,train,"[1, 10, 948, 7, 40, 52, 83, 2, 0, 0, 0, 0, 0, 0, 0, 0, 0, 0]",deck
271706,user_1633,The target has larger wheels.,32M8BPYGAVFI7YIVNEP1HVBJHXSIGO,20.0,7a00dee660ee94f5dfa6594bd6ded322,skateboard,ShapeNet,e314be67e02df59c520f00c860557591,skateboard,ShapeNet,False,skateboard/ShapeNet/e314be67e02df59c520f00c860557591,skateboard/ShapeNet/7a00dee660ee94f5dfa6594bd6ded322,False,skateboard,skateboard,2,"['the', 'target', 'has', 'large', '-er', 'wheels']",6,the target has large -er wheels,train,train,train,train,"[1, 10, 11, 24, 94, 9, 1013, 2, 0, 0, 0, 0, 0, 0, 0, 0, 0, 0]",wheel
271708,user_1815,The wheels are larger,3MYYFCXHJ50OZRJG2PNXNU10CHW4G4,35.0,7a00dee660ee94f5dfa6594bd6ded322,skateboard,ShapeNet,e314be67e02df59c520f00c860557591,skateboard,ShapeNet,False,skateboard/ShapeNet/e314be67e02df59c520f00c860557591,skateboard/ShapeNet/7a00dee660ee94f5dfa6594bd6ded322,False,skateboard,skateboard,2,"['the', 'wheels', 'are', 'large', '-er']",5,the wheels are large -er,train,train,train,train,"[1, 10, 1013, 16, 94, 9, 2, 0, 0, 0, 0, 0, 0, 0, 0, 0, 0, 0]",wheel
271709,user_1572,"The wheels have more detail to them, rather than just being a flat circular shape.",3XM0HYN6NMSC4698UEPXQPRJQVBEPI,151.0,f5d7698b5a57d61226e0640b67de606,skateboard,ShapeNet,d303055e96cd59949da15808191f1405,skateboard,ShapeNet,False,skateboard/ShapeNet/d303055e96cd59949da15808191f1405,skateboard/ShapeNet/f5d7698b5a57d61226e0640b67de606,False,skateboard,skateboard,2,"['the', 'wheels', 'have', 'more', 'detail', 'to', 'them', 'rather', 'than', 'just', 'being', 'a', 'flat', 'circular', 'shape']",15,the wheels have more detail to them rather than just being a flat circular shape,test,train,test,train,"[1, 10, 1013, 84, 34, 1276, 58, 1163, 466, 131, 406, 1282, 26, 129, 102, 93, 2, 0]",wheel
271710,user_1644,there is additional hardware/decoration on top of the deck,3YDGXNSEO1N96CDYJRB9VHK2OXZ846,58.0,f5d7698b5a57d61226e0640b67de606,skateboard,ShapeNet,d303055e96cd59949da15808191f1405,skateboard,ShapeNet,False,skateboard/ShapeNet/d303055e96cd59949da15808191f1405,skateboard/ShapeNet/f5d7698b5a57d61226e0640b67de606,False,skateboard,skateboard,2,"['there', 'is', 'additional', 'hardware', 'decoration', 'on', 'top', 'of', 'the', 'deck']",10,there is additional hardware decoration on top of the deck,test,train,test,train,"[1, 15, 7, 2420, 1602, 639, 20, 99, 38, 10, 1281, 2, 0, 0, 0, 0, 0, 0]",deck
271711,user_1796,Has a curved deck board at the ends.,3QRYMNZ7F0AEQ4FS4U10LMMPTQWNTK,55.0,f5d7698b5a57d61226e0640b67de606,skateboard,ShapeNet,d303055e96cd59949da15808191f1405,skateboard,ShapeNet,False,skateboard/ShapeNet/d303055e96cd59949da15808191f1405,skateboard/ShapeNet/f5d7698b5a57d61226e0640b67de606,False,skateboard,skateboard,2,"['has', 'a', 'curved', 'deck', 'board', 'at', 'the', 'ends']",8,has a curved deck board at the ends,test,train,test,train,"[1, 24, 26, 51, 1281, 948, 98, 10, 247, 2, 0, 0, 0, 0, 0, 0, 0, 0]",deck
271715,user_156,Its deck does not bow upwards at the middle.,39U1BHVTDNK7M0MIMBHLC8OJOA7T3E,217.0,871516a54b6c8689615c01c6c616fbc8,skateboard,ShapeNet,ff04077cb675226a1082f2ea630bf69e,skateboard,ShapeNet,False,skateboard/ShapeNet/ff04077cb675226a1082f2ea630bf69e,skateboard/ShapeNet/871516a54b6c8689615c01c6c616fbc8,False,skateboard,skateboard,2,"['its', 'deck', 'does', 'not', 'bow', 'upwards', 'at', 'the', 'middle']",9,its deck does not bow upwards at the middle,train,train,train,train,"[1, 5, 1281, 39, 40, 1402, 209, 98, 10, 232, 2, 0, 0, 0, 0, 0, 0, 0]",deck
271717,user_1030,Rounder front on deck,3TE22NPXPD58NBQW7OLWE54XMAL44B,52.0,871516a54b6c8689615c01c6c616fbc8,skateboard,ShapeNet,ff04077cb675226a1082f2ea630bf69e,skateboard,ShapeNet,False,skateboard/ShapeNet/ff04077cb675226a1082f2ea630bf69e,skateboard/ShapeNet/871516a54b6c8689615c01c6c616fbc8,False,skateboard,skateboard,2,"['round', '-er', 'front', 'on', 'deck']",5,round -er front on deck,train,train,train,train,"[1, 134, 9, 37, 20, 1281, 2, 0, 0, 0, 0, 0, 0, 0, 0, 0, 0, 0]",deck
271721,user_323,the wheels on the target are more narrow and look sturdier,3W92K5RLWWAPD7DB5P5TSNAOZVOV54,64.0,871516a54b6c8689615c01c6c616fbc8,skateboard,ShapeNet,d041334fe322ed211082f2ea630bf69e,skateboard,ShapeNet,False,skateboard/ShapeNet/d041334fe322ed211082f2ea630bf69e,skateboard/ShapeNet/871516a54b6c8689615c01c6c616fbc8,False,skateboard,skateboard,2,"['the', 'wheels', 'on', 'the', 'target', 'are', 'more', 'narrow', 'and', 'look', 'sturdy', '-er']",12,the wheels on the target are more narrow and look sturdy -er,train,train,train,train,"[1, 10, 1013, 20, 10, 11, 16, 34, 210, 47, 186, 2384, 9, 2, 0, 0, 0, 0]",wheel
271723,user_696,Target has smaller wheels.,3U8YCDAGXR9YDSVTMK5755FP1QNQ0Z,77.0,871516a54b6c8689615c01c6c616fbc8,skateboard,ShapeNet,d041334fe322ed211082f2ea630bf69e,skateboard,ShapeNet,False,skateboard/ShapeNet/d041334fe322ed211082f2ea630bf69e,skateboard/ShapeNet/871516a54b6c8689615c01c6c616fbc8,False,skateboard,skateboard,2,"['target', 'has', 'small', '-er', 'wheels']",5,target has small -er wheels,train,train,train,train,"[1, 11, 24, 111, 9, 1013, 2, 0, 0, 0, 0, 0, 0, 0, 0, 0, 0, 0]",wheel
271724,user_410,The truck hangers are bigger.,3VZLGYJEYN3FOA2VCSDR5CE4G1QXZU,88.0,7a00dee660ee94f5dfa6594bd6ded322,skateboard,ShapeNet,792953b4101753c6ed3696d854eee1ec,skateboard,ShapeNet,False,skateboard/ShapeNet/792953b4101753c6ed3696d854eee1ec,skateboard/ShapeNet/7a00dee660ee94f5dfa6594bd6ded322,False,skateboard,skateboard,2,"['the', 'truck', 'hangers', 'are', 'big', '-er']",6,the truck hangers are big -er,train,train,train,train,"[1, 10, 1606, 1607, 16, 320, 9, 2, 0, 0, 0, 0, 0, 0, 0, 0, 0, 0]",truck
271725,user_468,The truck hanger has visible bushing hardware,3U5JL4WY5M2ZLDE6RZN1BG1VF5S4XS,71.0,7a00dee660ee94f5dfa6594bd6ded322,skateboard,ShapeNet,792953b4101753c6ed3696d854eee1ec,skateboard,ShapeNet,False,skateboard/ShapeNet/792953b4101753c6ed3696d854eee1ec,skateboard/ShapeNet/7a00dee660ee94f5dfa6594bd6ded322,False,skateboard,skateboard,2,"['the', 'truck', 'hanger', 'has', 'visible', 'bushing', 'hardware']",7,the truck hanger has visible bushing hardware,train,train,train,train,"[1, 10, 1606, 1654, 24, 185, 4716, 1602, 2, 0, 0, 0, 0, 0, 0, 0, 0, 0]",truck
271726,user_1124,Tarhet has thicker wheels,3IKZ72A5B6947ZXR9AWB4I7O2I7FNP,422.0,7a00dee660ee94f5dfa6594bd6ded322,skateboard,ShapeNet,792953b4101753c6ed3696d854eee1ec,skateboard,ShapeNet,False,skateboard/ShapeNet/792953b4101753c6ed3696d854eee1ec,skateboard/ShapeNet/7a00dee660ee94f5dfa6594bd6ded322,False,skateboard,skateboard,2,"['target', 'has', 'thick', '-er', 'wheels']",5,target has thick -er wheels,train,train,train,train,"[1, 11, 24, 54, 9, 1013, 2, 0, 0, 0, 0, 0, 0, 0, 0, 0, 0, 0]",wheel
271730,user_203,The deck is deeper.,352YTHGROX62ZNERMV5F8UD1RF74HX,40.0,9ac2d972bedd083342535d908ea693ac,skateboard,ShapeNet,1e5fd1de723cc66cbb1ed6d4d8526a19,skateboard,ShapeNet,False,skateboard/ShapeNet/1e5fd1de723cc66cbb1ed6d4d8526a19,skateboard/ShapeNet/9ac2d972bedd083342535d908ea693ac,False,skateboard,skateboard,2,"['the', 'deck', 'is', 'deep', '-er']",5,the deck is deep -er,train,train,train,train,"[1, 10, 1281, 7, 573, 9, 2, 0, 0, 0, 0, 0, 0, 0, 0, 0, 0, 0]",deck
271733,user_203,The section of the deck which bends up is not fully curved.,3NLZY2D53RIBAOKFBDRQ3P7D4OWLQ1,922.0,ee1e75f67edf37707f29c61065b4dc5a,skateboard,ShapeNet,b2dc96e7d45797f69a58f604ee2cbadf,skateboard,ShapeNet,False,skateboard/ShapeNet/b2dc96e7d45797f69a58f604ee2cbadf,skateboard/ShapeNet/ee1e75f67edf37707f29c61065b4dc5a,True,skateboard,skateboard,2,"['the', 'section', 'of', 'the', 'deck', 'which', 'bends', 'up', 'is', 'not', 'fully', 'curved']",12,the section of the deck which bends up is not fully curved,train,train,train,train,"[1, 10, 354, 38, 10, 1281, 422, 193, 269, 7, 40, 1117, 51, 2, 0, 0, 0, 0]",deck
271735,user_1644,the deck is wider,3KWTYT0872WMH21HRL3N5ECM8SC5LB,119.0,ee1e75f67edf37707f29c61065b4dc5a,skateboard,ShapeNet,b2dc96e7d45797f69a58f604ee2cbadf,skateboard,ShapeNet,False,skateboard/ShapeNet/b2dc96e7d45797f69a58f604ee2cbadf,skateboard/ShapeNet/ee1e75f67edf37707f29c61065b4dc5a,True,skateboard,skateboard,2,"['the', 'deck', 'is', 'wide', '-er']",5,the deck is wide -er,train,train,train,train,"[1, 10, 1281, 7, 83, 9, 2, 0, 0, 0, 0, 0, 0, 0, 0, 0, 0, 0]",deck
271736,user_948,The deck is curved,3CCZ6YKWR9CRG0082O0X05LR8YU95H,36.0,9ac2d972bedd083342535d908ea693ac,skateboard,ShapeNet,98222a1e5f59f2098745e78dbc45802e,skateboard,ShapeNet,False,skateboard/ShapeNet/98222a1e5f59f2098745e78dbc45802e,skateboard/ShapeNet/9ac2d972bedd083342535d908ea693ac,True,skateboard,skateboard,2,"['the', 'deck', 'is', 'curved']",4,the deck is curved,val,train,val,train,"[1, 10, 1281, 7, 51, 2, 0, 0, 0, 0, 0, 0, 0, 0, 0, 0, 0, 0]",deck
271737,user_1246,The deck is less in length,33CID57106MJ3NEDD2FUQHE2UWK3LI,39.0,9ac2d972bedd083342535d908ea693ac,skateboard,ShapeNet,98222a1e5f59f2098745e78dbc45802e,skateboard,ShapeNet,False,skateboard/ShapeNet/98222a1e5f59f2098745e78dbc45802e,skateboard/ShapeNet/9ac2d972bedd083342535d908ea693ac,True,skateboard,skateboard,2,"['the', 'deck', 'is', 'less', 'in', 'length']",6,the deck is less in length,val,train,val,train,"[1, 10, 1281, 7, 229, 90, 155, 2, 0, 0, 0, 0, 0, 0, 0, 0, 0, 0]",deck
271738,user_2102,"It has a wider, almost pear shaped, body between the two wheels.",34J10VATJHR9KNC9QAUDB9FLNK4IQM,91.0,9ac2d972bedd083342535d908ea693ac,skateboard,ShapeNet,98222a1e5f59f2098745e78dbc45802e,skateboard,ShapeNet,False,skateboard/ShapeNet/98222a1e5f59f2098745e78dbc45802e,skateboard/ShapeNet/9ac2d972bedd083342535d908ea693ac,True,skateboard,skateboard,2,"['it', 'has', 'a', 'wide', '-er', 'almost', 'pear', 'shaped', 'body', 'between', 'the', 'two', 'wheels']",13,it has a wide -er almost pear shaped body between the two wheels,val,train,val,train,"[1, 23, 24, 26, 83, 9, 505, 1813, 14, 45, 657, 10, 17, 1013, 2, 0, 0, 0]",wheel
271740,user_468,The board is more flat along the middle and doesn't have edges that curl up,34X6J5FLPVR5FYWF8SFDNAUL0ZUJQ0,49.0,8310154df085baf3e3cfaa4e6977fab6,skateboard,ShapeNet,5fba47ad66c45cd113314092564c13fd,skateboard,ShapeNet,False,skateboard/ShapeNet/5fba47ad66c45cd113314092564c13fd,skateboard/ShapeNet/8310154df085baf3e3cfaa4e6977fab6,True,skateboard,skateboard,2,"['the', 'board', 'is', 'more', 'flat', 'along', 'the', 'middle', 'and', 'does', 'not', 'have', 'edges', 'that', 'curl', 'up']",16,the board is more flat along the middle and does not have edges that curl up,train,train,train,train,"[1, 10, 948, 7, 34, 129, 480, 10, 232, 47, 39, 40, 84, 325, 172, 498, 269, 2]",deck
271742,user_203,The edge of the deck is higher.,3YDTZAI2WZ9RVCTDK62UG7XUAQB14V,71.0,b6074c8d74b58d31ef566954f332b813,skateboard,ShapeNet,efdc98987203bafb183fac288c6ded1a,skateboard,ShapeNet,False,skateboard/ShapeNet/efdc98987203bafb183fac288c6ded1a,skateboard/ShapeNet/b6074c8d74b58d31ef566954f332b813,True,skateboard,skateboard,2,"['the', 'edge', 'of', 'the', 'deck', 'is', 'high', '-er']",8,the edge of the deck is high -er,val,train,val,train,"[1, 10, 631, 38, 10, 1281, 7, 49, 9, 2, 0, 0, 0, 0, 0, 0, 0, 0]",deck
271743,user_883,The shape of the board on both ends is curved.,3D4CH1LGECMPWXPSJKJO42CGY799G0,71.0,b6074c8d74b58d31ef566954f332b813,skateboard,ShapeNet,efdc98987203bafb183fac288c6ded1a,skateboard,ShapeNet,False,skateboard/ShapeNet/efdc98987203bafb183fac288c6ded1a,skateboard/ShapeNet/b6074c8d74b58d31ef566954f332b813,True,skateboard,skateboard,2,"['the', 'shape', 'of', 'the', 'board', 'on', 'both', 'ends', 'is', 'curved']",10,the shape of the board on both ends is curved,val,train,val,train,"[1, 10, 93, 38, 10, 948, 20, 470, 247, 7, 51, 2, 0, 0, 0, 0, 0, 0]",deck
271744,user_915,The trucks arent visible,3WRFBPLXRCH9RNHYPFV939IRZRIN32,59.0,b6074c8d74b58d31ef566954f332b813,skateboard,ShapeNet,efdc98987203bafb183fac288c6ded1a,skateboard,ShapeNet,False,skateboard/ShapeNet/efdc98987203bafb183fac288c6ded1a,skateboard/ShapeNet/b6074c8d74b58d31ef566954f332b813,True,skateboard,skateboard,2,"['the', 'trucks', 'are', 'not', 'visible']",5,the trucks are not visible,val,train,val,train,"[1, 10, 1595, 16, 40, 185, 2, 0, 0, 0, 0, 0, 0, 0, 0, 0, 0, 0]",truck
271745,user_1205,Its wheels are bigger,3QJOXOW4XLK6J3CV2YX59LXOLQZEML,45.0,710467261256490ce1bed90743417b0c,skateboard,ShapeNet,95c69877104059fd1389cf37af584e4b,skateboard,ShapeNet,False,skateboard/ShapeNet/95c69877104059fd1389cf37af584e4b,skateboard/ShapeNet/710467261256490ce1bed90743417b0c,True,skateboard,skateboard,2,"['its', 'wheels', 'are', 'big', '-er']",5,its wheels are big -er,train,train,train,train,"[1, 5, 1013, 16, 320, 9, 2, 0, 0, 0, 0, 0, 0, 0, 0, 0, 0, 0]",wheel
271753,user_1246,The trucks are thinner and edgier,31N2WW6R9TJX3V4HRRCWV49IX0Y3FD,36.0,d4abd88611997d2cc4647061c0a60dc9,skateboard,ShapeNet,79288e2c98c7be7c6e72f8cfa29d3672,skateboard,ShapeNet,True,skateboard/ShapeNet/79288e2c98c7be7c6e72f8cfa29d3672,skateboard/ShapeNet/d4abd88611997d2cc4647061c0a60dc9,True,skateboard,skateboard,2,"['the', 'trucks', 'are', 'thin', '-er', 'and', 'edgier']",7,the trucks are thin -er and edgier,train,train,train,train,"[1, 10, 1595, 16, 60, 9, 47, 1614, 2, 0, 0, 0, 0, 0, 0, 0, 0, 0]",truck
271754,user_468,The truck axel is smaller in diameter and girth,358UUM7WR1WC74ADKYFGPAZH5QVR71,57.0,b2dc96e7d45797f69a58f604ee2cbadf,skateboard,ShapeNet,2085eac3fc071dd47292d1029e5a9853,skateboard,ShapeNet,False,skateboard/ShapeNet/2085eac3fc071dd47292d1029e5a9853,skateboard/ShapeNet/b2dc96e7d45797f69a58f604ee2cbadf,False,skateboard,skateboard,2,"['the', 'truck', 'axel', 'is', 'small', '-er', 'in', 'diameter', 'and', 'girth']",10,the truck axel is small -er in diameter and girth,train,train,train,train,"[1, 10, 1606, 1637, 7, 111, 9, 90, 268, 47, 4332, 2, 0, 0, 0, 0, 0, 0]",truck
271756,user_1030,Truck is more drop down,3PDJHANYK79GEAI55JYU5SXFN6D6HK,70.0,b2dc96e7d45797f69a58f604ee2cbadf,skateboard,ShapeNet,2085eac3fc071dd47292d1029e5a9853,skateboard,ShapeNet,False,skateboard/ShapeNet/2085eac3fc071dd47292d1029e5a9853,skateboard/ShapeNet/b2dc96e7d45797f69a58f604ee2cbadf,False,skateboard,skateboard,2,"['truck', 'is', 'more', 'drop', 'down']",5,truck is more drop down,train,train,train,train,"[1, 1606, 7, 34, 373, 44, 2, 0, 0, 0, 0, 0, 0, 0, 0, 0, 0, 0]",truck
271757,user_948,The deck is thinner,3GS6S824SSQ6ILJMZZ6B86TOXKFNWB,41.0,f74a5dfc0094e2d5561dce3fe08634b7,skateboard,ShapeNet,94fc692e0518c0b0537d393009a79347,skateboard,ShapeNet,False,skateboard/ShapeNet/94fc692e0518c0b0537d393009a79347,skateboard/ShapeNet/f74a5dfc0094e2d5561dce3fe08634b7,True,skateboard,skateboard,2,"['the', 'deck', 'is', 'thin', '-er']",5,the deck is thin -er,train,train,train,train,"[1, 10, 1281, 7, 60, 9, 2, 0, 0, 0, 0, 0, 0, 0, 0, 0, 0, 0]",deck
271758,user_1161,The wheels have a bearings cap,3KYQYYSHYX0PR0J7JJ1YV748GEEODI,317.0,f74a5dfc0094e2d5561dce3fe08634b7,skateboard,ShapeNet,94fc692e0518c0b0537d393009a79347,skateboard,ShapeNet,False,skateboard/ShapeNet/94fc692e0518c0b0537d393009a79347,skateboard/ShapeNet/f74a5dfc0094e2d5561dce3fe08634b7,True,skateboard,skateboard,2,"['the', 'wheels', 'have', 'a', 'bearings', 'cap']",6,the wheels have a bearings cap,train,train,train,train,"[1, 10, 1013, 84, 26, 1639, 435, 2, 0, 0, 0, 0, 0, 0, 0, 0, 0, 0]",wheel
271759,user_1298,The wheels are rounder.,3R2UR8A0IC93P6OOAJ2APE70WWROXL,28.0,f74a5dfc0094e2d5561dce3fe08634b7,skateboard,ShapeNet,94fc692e0518c0b0537d393009a79347,skateboard,ShapeNet,False,skateboard/ShapeNet/94fc692e0518c0b0537d393009a79347,skateboard/ShapeNet/f74a5dfc0094e2d5561dce3fe08634b7,True,skateboard,skateboard,2,"['the', 'wheels', 'are', 'round', '-er']",5,the wheels are round -er,train,train,train,train,"[1, 10, 1013, 16, 134, 9, 2, 0, 0, 0, 0, 0, 0, 0, 0, 0, 0, 0]",wheel
271761,user_426,"The wheels are larger in diameter, and are not connected by axles between them",30MVJZJNHO6ZNZFTRQ4R1F4WQZQJ9E,110.0,ff04077cb675226a1082f2ea630bf69e,skateboard,ShapeNet,dcb9a62d5ef76f389da15808191f1405,skateboard,ShapeNet,False,skateboard/ShapeNet/dcb9a62d5ef76f389da15808191f1405,skateboard/ShapeNet/ff04077cb675226a1082f2ea630bf69e,True,skateboard,skateboard,2,"['the', 'wheels', 'are', 'large', '-er', 'in', 'diameter', 'and', 'are', 'not', 'connected', 'by', 'axles', 'between', 'them']",15,the wheels are large -er in diameter and are not connected by axles between them,train,train,train,train,"[1, 10, 1013, 16, 94, 9, 90, 268, 47, 16, 40, 127, 248, 1605, 657, 1163, 2, 0]",wheel
271762,user_1246,There's grills on the deck,3R3YRB5GRHWM6Y0SVVM54CORDX4AUE,30.0,ff04077cb675226a1082f2ea630bf69e,skateboard,ShapeNet,dcb9a62d5ef76f389da15808191f1405,skateboard,ShapeNet,False,skateboard/ShapeNet/dcb9a62d5ef76f389da15808191f1405,skateboard/ShapeNet/ff04077cb675226a1082f2ea630bf69e,True,skateboard,skateboard,2,"['there', 'is', 'grills', 'on', 'the', 'deck']",6,there is grills on the deck,train,train,train,train,"[1, 15, 7, 5035, 20, 10, 1281, 2, 0, 0, 0, 0, 0, 0, 0, 0, 0, 0]",deck
271764,user_1633,The target's deck is shorter.,3U5NZHP4LTVOOG0AKFX3BSOWIB4HP2,23.0,234b2d3aae0b3c44b17369c768229699,skateboard,ShapeNet,c171d90db4c4ba56cdb1768065dafd0c,skateboard,ShapeNet,False,skateboard/ShapeNet/c171d90db4c4ba56cdb1768065dafd0c,skateboard/ShapeNet/234b2d3aae0b3c44b17369c768229699,False,skateboard,skateboard,2,"['the', 'target', ""'s"", 'deck', 'is', 'short', '-er']",7,the target 's deck is short -er,train,train,train,train,"[1, 10, 11, 12, 1281, 7, 8, 9, 2, 0, 0, 0, 0, 0, 0, 0, 0, 0]",deck
271765,user_1644,the nose of the board is flat and the tail flips up,3FIUS151DXV4B7C0XQPYWJY32K3GGX,27.0,234b2d3aae0b3c44b17369c768229699,skateboard,ShapeNet,c171d90db4c4ba56cdb1768065dafd0c,skateboard,ShapeNet,False,skateboard/ShapeNet/c171d90db4c4ba56cdb1768065dafd0c,skateboard/ShapeNet/234b2d3aae0b3c44b17369c768229699,False,skateboard,skateboard,2,"['the', 'nose', 'of', 'the', 'board', 'is', 'flat', 'and', 'the', 'tail', 'flips', 'up']",12,the nose of the board is flat and the tail flips up,train,train,train,train,"[1, 10, 1593, 38, 10, 948, 7, 129, 47, 10, 1594, 1601, 269, 2, 0, 0, 0, 0]",deck
271767,user_1298,The board is lower to the ground.,3XCC1ODXDN4MDMFSGXOMP1GCAGORQ0,68.0,871516a54b6c8689615c01c6c616fbc8,skateboard,ShapeNet,bebaf2c5077b901e92ba7d308c045fd8,skateboard,ShapeNet,False,skateboard/ShapeNet/bebaf2c5077b901e92ba7d308c045fd8,skateboard/ShapeNet/871516a54b6c8689615c01c6c616fbc8,True,skateboard,skateboard,2,"['the', 'board', 'is', 'low', '-er', 'to', 'the', 'ground']",8,the board is low -er to the ground,train,train,train,train,"[1, 10, 948, 7, 345, 9, 58, 10, 299, 2, 0, 0, 0, 0, 0, 0, 0, 0]",deck
271768,user_1815,Deck is flat at one end and curved at the other,33LKR6A5KGDBCX83Z732OF9MQRV1TY,88.0,871516a54b6c8689615c01c6c616fbc8,skateboard,ShapeNet,bebaf2c5077b901e92ba7d308c045fd8,skateboard,ShapeNet,False,skateboard/ShapeNet/bebaf2c5077b901e92ba7d308c045fd8,skateboard/ShapeNet/871516a54b6c8689615c01c6c616fbc8,True,skateboard,skateboard,2,"['deck', 'is', 'flat', 'at', 'one', 'end', 'and', 'curved', 'at', 'the', 'other']",11,deck is flat at one end and curved at the other,train,train,train,train,"[1, 1281, 7, 129, 98, 19, 74, 47, 51, 98, 10, 396, 2, 0, 0, 0, 0, 0]",deck
271769,user_719,The wheels are larger.,3R6BYFZZP959JTBVBGJK2KYM4YHXFV,189.0,94fc692e0518c0b0537d393009a79347,skateboard,ShapeNet,70c8f82bf6a6fef2db8b0e67801ff73a,skateboard,ShapeNet,False,skateboard/ShapeNet/70c8f82bf6a6fef2db8b0e67801ff73a,skateboard/ShapeNet/94fc692e0518c0b0537d393009a79347,True,skateboard,skateboard,2,"['the', 'wheels', 'are', 'large', '-er']",5,the wheels are large -er,train,train,train,train,"[1, 10, 1013, 16, 94, 9, 2, 0, 0, 0, 0, 0, 0, 0, 0, 0, 0, 0]",wheel
271770,user_1815,"Axles are thicker, wheels smaller",3OVHNO1VE8U1Q4XELSCFB5BC0KKDZG,54.0,94fc692e0518c0b0537d393009a79347,skateboard,ShapeNet,70c8f82bf6a6fef2db8b0e67801ff73a,skateboard,ShapeNet,False,skateboard/ShapeNet/70c8f82bf6a6fef2db8b0e67801ff73a,skateboard/ShapeNet/94fc692e0518c0b0537d393009a79347,True,skateboard,skateboard,2,"['axles', 'are', 'thick', '-er', 'wheels', 'small', '-er']",7,axles are thick -er wheels small -er,train,train,train,train,"[1, 1605, 16, 54, 9, 1013, 111, 9, 2, 0, 0, 0, 0, 0, 0, 0, 0, 0]",wheel
271772,user_156,Its deck is thicker in height.,30OG32W0SW4C1LXVEZC5M0MOQHDENR,37.0,7fc2cddac7ad57a2aa4eefa8f42b566e,skateboard,ShapeNet,58ade10f7f87edc6e860048d7ced02e3,skateboard,ShapeNet,False,skateboard/ShapeNet/58ade10f7f87edc6e860048d7ced02e3,skateboard/ShapeNet/7fc2cddac7ad57a2aa4eefa8f42b566e,False,skateboard,skateboard,2,"['its', 'deck', 'is', 'thick', '-er', 'in', 'height']",7,its deck is thick -er in height,train,train,train,train,"[1, 5, 1281, 7, 54, 9, 90, 117, 2, 0, 0, 0, 0, 0, 0, 0, 0, 0]",deck
271773,user_1815,Wheels have no visible axle nut,3MHW492WW26NLEYHXOMF9PLALN5VMF,71.0,7fc2cddac7ad57a2aa4eefa8f42b566e,skateboard,ShapeNet,58ade10f7f87edc6e860048d7ced02e3,skateboard,ShapeNet,False,skateboard/ShapeNet/58ade10f7f87edc6e860048d7ced02e3,skateboard/ShapeNet/7fc2cddac7ad57a2aa4eefa8f42b566e,False,skateboard,skateboard,2,"['wheels', 'have', 'no', 'visible', 'axle', 'nut']",6,wheels have no visible axle nut,train,train,train,train,"[1, 1013, 84, 123, 185, 1613, 1640, 2, 0, 0, 0, 0, 0, 0, 0, 0, 0, 0]",wheel
271774,user_203,The edge of the deck is higher.,38F71OA9GVPYPHCRX9HBR3IOXRGMFD,70.0,732270ac7e23d610e62bec48c266b5c6,skateboard,ShapeNet,1510427efa80c92b11c7049de48f3618,skateboard,ShapeNet,False,skateboard/ShapeNet/1510427efa80c92b11c7049de48f3618,skateboard/ShapeNet/732270ac7e23d610e62bec48c266b5c6,True,skateboard,skateboard,2,"['the', 'edge', 'of', 'the', 'deck', 'is', 'high', '-er']",8,the edge of the deck is high -er,val,train,val,train,"[1, 10, 631, 38, 10, 1281, 7, 49, 9, 2, 0, 0, 0, 0, 0, 0, 0, 0]",deck
271777,user_42,The board is flatter at the nose and tail.,3PMBY0YE29WCFL9NHYN5EBR10GD9CO,44.0,c7482cb7a8db514921cafafd7e7949c7,skateboard,ShapeNet,2085eac3fc071dd47292d1029e5a9853,skateboard,ShapeNet,False,skateboard/ShapeNet/2085eac3fc071dd47292d1029e5a9853,skateboard/ShapeNet/c7482cb7a8db514921cafafd7e7949c7,True,skateboard,skateboard,2,"['the', 'board', 'is', 'flat', '-er', 'at', 'the', 'nose', 'and', 'tail']",10,the board is flat -er at the nose and tail,train,train,train,train,"[1, 10, 948, 7, 129, 9, 98, 10, 1593, 47, 1594, 2, 0, 0, 0, 0, 0, 0]",deck
271784,user_468,The truck axels are not present,3TDXMTX3CDNGA5TPB1GF54YUNJRI6O,42.0,484a49065ab1430624256fd51423318f,skateboard,ShapeNet,d9b0de3b3aecfffb1fabf3cbd0fc77bc,skateboard,ShapeNet,False,skateboard/ShapeNet/d9b0de3b3aecfffb1fabf3cbd0fc77bc,skateboard/ShapeNet/484a49065ab1430624256fd51423318f,False,skateboard,skateboard,2,"['the', 'truck', 'axels', 'are', 'not', 'present']",6,the truck axels are not present,train,train,train,train,"[1, 10, 1606, 1649, 16, 40, 1708, 2, 0, 0, 0, 0, 0, 0, 0, 0, 0, 0]",truck
271785,user_1633,You cannot see the target's truck.,36TFCYNS463TXP21667K55AZKA9HXM,46.0,484a49065ab1430624256fd51423318f,skateboard,ShapeNet,d9b0de3b3aecfffb1fabf3cbd0fc77bc,skateboard,ShapeNet,False,skateboard/ShapeNet/d9b0de3b3aecfffb1fabf3cbd0fc77bc,skateboard/ShapeNet/484a49065ab1430624256fd51423318f,False,skateboard,skateboard,2,"['you', 'can', 'not', 'see', 'the', 'target', ""'s"", 'truck']",8,you can not see the target 's truck,train,train,train,train,"[1, 1620, 1168, 40, 1621, 10, 11, 12, 1606, 2, 0, 0, 0, 0, 0, 0, 0, 0]",truck
271786,user_1205,Its board isn't curved,3B2X28YI3Y86NXFJ5ROYJHUHSTAB6B,47.0,a1d36f02d20d18db6a2979228046d9f9,skateboard,ShapeNet,732270ac7e23d610e62bec48c266b5c6,skateboard,ShapeNet,False,skateboard/ShapeNet/732270ac7e23d610e62bec48c266b5c6,skateboard/ShapeNet/a1d36f02d20d18db6a2979228046d9f9,False,skateboard,skateboard,2,"['its', 'board', 'is', 'not', 'curved']",5,its board is not curved,train,train,train,train,"[1, 5, 948, 7, 40, 51, 2, 0, 0, 0, 0, 0, 0, 0, 0, 0, 0, 0]",deck
271787,user_1392,The deck is wider.,3GU1KF0O4KUEX3XOKNN7PHLYNY0BPH,20.0,a1d36f02d20d18db6a2979228046d9f9,skateboard,ShapeNet,732270ac7e23d610e62bec48c266b5c6,skateboard,ShapeNet,False,skateboard/ShapeNet/732270ac7e23d610e62bec48c266b5c6,skateboard/ShapeNet/a1d36f02d20d18db6a2979228046d9f9,False,skateboard,skateboard,2,"['the', 'deck', 'is', 'wide', '-er']",5,the deck is wide -er,train,train,train,train,"[1, 10, 1281, 7, 83, 9, 2, 0, 0, 0, 0, 0, 0, 0, 0, 0, 0, 0]",deck
271790,user_468,The truck axel and hanger are visible,3H0W84IWBMVXGJPN76TMVKRYRDYREM,38.0,fb1ad690d8befb5a74bfd4c8606b795,skateboard,ShapeNet,e7a5dd6f6ac650977cbfdb97d3d9f05,skateboard,ShapeNet,False,skateboard/ShapeNet/e7a5dd6f6ac650977cbfdb97d3d9f05,skateboard/ShapeNet/fb1ad690d8befb5a74bfd4c8606b795,False,skateboard,skateboard,2,"['the', 'truck', 'axel', 'and', 'hanger', 'are', 'visible']",7,the truck axel and hanger are visible,test,train,test,train,"[1, 10, 1606, 1637, 47, 1654, 16, 185, 2, 0, 0, 0, 0, 0, 0, 0, 0, 0]",truck
271795,user_468,The board is shorter in length,3483FV8BEGCCZKFNMYVNIORDYNW26Z,39.0,a6d560508fb2fe2858dda0079c7c30f2,skateboard,ShapeNet,58ae991bd0350810b9ac379f661f5c75,skateboard,ShapeNet,False,skateboard/ShapeNet/58ae991bd0350810b9ac379f661f5c75,skateboard/ShapeNet/a6d560508fb2fe2858dda0079c7c30f2,False,skateboard,skateboard,2,"['the', 'board', 'is', 'short', '-er', 'in', 'length']",7,the board is short -er in length,train,train,train,train,"[1, 10, 948, 7, 8, 9, 90, 155, 2, 0, 0, 0, 0, 0, 0, 0, 0, 0]",deck
271796,user_696,Target is a thicker board.,3F6HPJW4JFTATZUTDG8RGIQQMPP2W0,40.0,a6d560508fb2fe2858dda0079c7c30f2,skateboard,ShapeNet,58ae991bd0350810b9ac379f661f5c75,skateboard,ShapeNet,False,skateboard/ShapeNet/58ae991bd0350810b9ac379f661f5c75,skateboard/ShapeNet/a6d560508fb2fe2858dda0079c7c30f2,False,skateboard,skateboard,2,"['target', 'is', 'a', 'thick', '-er', 'board']",6,target is a thick -er board,train,train,train,train,"[1, 11, 7, 26, 54, 9, 948, 2, 0, 0, 0, 0, 0, 0, 0, 0, 0, 0]",deck
271798,user_1246,There's less diameter in the wheels,39L1G8WVWSK6DGA9KSXB625OWQG13B,44.0,c4b7db8e09375b4d6830ad3775f4cffc,skateboard,ShapeNet,d4c042d11f29dffa1082f2ea630bf69e,skateboard,ShapeNet,False,skateboard/ShapeNet/d4c042d11f29dffa1082f2ea630bf69e,skateboard/ShapeNet/c4b7db8e09375b4d6830ad3775f4cffc,True,skateboard,skateboard,2,"['there', 'is', 'less', 'diameter', 'in', 'the', 'wheels']",7,there is less diameter in the wheels,train,train,train,train,"[1, 15, 7, 229, 268, 90, 10, 1013, 2, 0, 0, 0, 0, 0, 0, 0, 0, 0]",wheel
271800,user_571,The deck looks less symmetric,36ZN444YTTR6ZBZTBX29M4KL8L3OI5,30.0,463434d2fcf567d56a93dc68b4021dbb,skateboard,ShapeNet,755dc44dae7791761082f2ea630bf69e,skateboard,ShapeNet,False,skateboard/ShapeNet/755dc44dae7791761082f2ea630bf69e,skateboard/ShapeNet/463434d2fcf567d56a93dc68b4021dbb,False,skateboard,skateboard,2,"['the', 'deck', 'looks', 'less', 'symmetric']",5,the deck looks less symmetric,train,train,train,train,"[1, 10, 1281, 33, 229, 788, 2, 0, 0, 0, 0, 0, 0, 0, 0, 0, 0, 0]",deck
271804,user_1601,Its' truck is sturdier.,3PPTZCWALSDVFD1JQEIZB4IBJX5ZQZ,211.0,87115860707b0208813c2f803c03ef9f,skateboard,ShapeNet,732270ac7e23d610e62bec48c266b5c6,skateboard,ShapeNet,False,skateboard/ShapeNet/732270ac7e23d610e62bec48c266b5c6,skateboard/ShapeNet/87115860707b0208813c2f803c03ef9f,True,skateboard,skateboard,2,"['its', ""'"", 'truck', 'is', 'sturdy', '-er']",6,its ' truck is sturdy -er,train,train,train,train,"[1, 5, 587, 1606, 7, 2384, 9, 2, 0, 0, 0, 0, 0, 0, 0, 0, 0, 0]",truck
271805,user_1633,The target's deck is shorter.,3FTOP5WARHHHR5RGRULY8433NVU0JH,19.0,87115860707b0208813c2f803c03ef9f,skateboard,ShapeNet,732270ac7e23d610e62bec48c266b5c6,skateboard,ShapeNet,False,skateboard/ShapeNet/732270ac7e23d610e62bec48c266b5c6,skateboard/ShapeNet/87115860707b0208813c2f803c03ef9f,True,skateboard,skateboard,2,"['the', 'target', ""'s"", 'deck', 'is', 'short', '-er']",7,the target 's deck is short -er,train,train,train,train,"[1, 10, 11, 12, 1281, 7, 8, 9, 2, 0, 0, 0, 0, 0, 0, 0, 0, 0]",deck
271806,user_61,The fixing bolt holes are visible on the target board.,36W0OB37HY7I2K2G7OV52QQASADZH7,138.0,7a8b7d5d288742546fee3d712d650ac2,skateboard,ShapeNet,af4343c5b78b70b11082f2ea630bf69e,skateboard,ShapeNet,False,skateboard/ShapeNet/af4343c5b78b70b11082f2ea630bf69e,skateboard/ShapeNet/7a8b7d5d288742546fee3d712d650ac2,True,skateboard,skateboard,2,"['the', 'fixing', 'bolt', 'holes', 'are', 'visible', 'on', 'the', 'target', 'board']",10,the fixing bolt holes are visible on the target board,train,train,train,train,"[1, 10, 1610, 1518, 234, 16, 185, 20, 10, 11, 948, 2, 0, 0, 0, 0, 0, 0]",deck
271807,user_549,There are two groupings of fixing bolts on the deck of the board.,3KOPY89HMAVD8XQDAH3HA21AQCRJ3I,74.0,7a8b7d5d288742546fee3d712d650ac2,skateboard,ShapeNet,af4343c5b78b70b11082f2ea630bf69e,skateboard,ShapeNet,False,skateboard/ShapeNet/af4343c5b78b70b11082f2ea630bf69e,skateboard/ShapeNet/7a8b7d5d288742546fee3d712d650ac2,True,skateboard,skateboard,2,"['there', 'are', 'two', 'groupings', 'of', 'fixing', 'bolts', 'on', 'the', 'deck', 'of', 'the', 'board']",13,there are two groupings of fixing bolts on the deck of the board,train,train,train,train,"[1, 15, 16, 17, 3, 38, 1610, 1611, 20, 10, 1281, 38, 10, 948, 2, 0, 0, 0]",deck
271814,user_2044,The board is slimmer depth-wise.,34S6N1K2ZXCYXVLCSN4WUBFCD34LHD,156.0,99130967461623c37ca71234c2ec5470,skateboard,ShapeNet,937c41b3d0d3a87fad1f278e1513f3b7,skateboard,ShapeNet,False,skateboard/ShapeNet/937c41b3d0d3a87fad1f278e1513f3b7,skateboard/ShapeNet/99130967461623c37ca71234c2ec5470,True,skateboard,skateboard,2,"['the', 'board', 'is', 'slim', '-er', 'depth', 'wise']",7,the board is slim -er depth wise,test,train,test,train,"[1, 10, 948, 7, 829, 9, 607, 359, 2, 0, 0, 0, 0, 0, 0, 0, 0, 0]",deck
271819,user_948,The wheels are smaller,308Q0PEVBA63SOVN98JRPEPWDK0I90,30.0,abdc4a823b1f78c397f47f3057557cbe,skateboard,ShapeNet,af4343c5b78b70b11082f2ea630bf69e,skateboard,ShapeNet,False,skateboard/ShapeNet/af4343c5b78b70b11082f2ea630bf69e,skateboard/ShapeNet/abdc4a823b1f78c397f47f3057557cbe,False,skateboard,skateboard,2,"['the', 'wheels', 'are', 'small', '-er']",5,the wheels are small -er,train,train,train,train,"[1, 10, 1013, 16, 111, 9, 2, 0, 0, 0, 0, 0, 0, 0, 0, 0, 0, 0]",wheel
271820,user_2044,The wheels are not as big.,3I0BTBYZAZE7MUMFDUM1IRIR0170YJ,34.0,abdc4a823b1f78c397f47f3057557cbe,skateboard,ShapeNet,af4343c5b78b70b11082f2ea630bf69e,skateboard,ShapeNet,False,skateboard/ShapeNet/af4343c5b78b70b11082f2ea630bf69e,skateboard/ShapeNet/abdc4a823b1f78c397f47f3057557cbe,False,skateboard,skateboard,2,"['the', 'wheels', 'are', 'not', 'as', 'big']",6,the wheels are not as big,train,train,train,train,"[1, 10, 1013, 16, 40, 52, 320, 2, 0, 0, 0, 0, 0, 0, 0, 0, 0, 0]",wheel
271823,user_1644,the nose and tail are smaller than the rest of the deck,3T111IHZ5GJGLNY6ZVD036QN0GK9RW,65.0,a1d36f02d20d18db6a2979228046d9f9,skateboard,ShapeNet,9ac2d972bedd083342535d908ea693ac,skateboard,ShapeNet,False,skateboard/ShapeNet/9ac2d972bedd083342535d908ea693ac,skateboard/ShapeNet/a1d36f02d20d18db6a2979228046d9f9,False,skateboard,skateboard,2,"['the', 'nose', 'and', 'tail', 'are', 'small', '-er', 'than', 'the', 'rest', 'of', 'the', 'deck']",13,the nose and tail are small -er than the rest of the deck,train,train,train,train,"[1, 10, 1593, 47, 1594, 16, 111, 9, 131, 10, 1154, 38, 10, 1281, 2, 0, 0, 0]",deck
271824,user_152,the deck is thicker,3ZV9H2YQQF0ZEHQCHGMWZSVIS3NW33,94.0,bebaf2c5077b901e92ba7d308c045fd8,skateboard,ShapeNet,9d79847df77172f5ee8f98672c31bd1,skateboard,ShapeNet,False,skateboard/ShapeNet/9d79847df77172f5ee8f98672c31bd1,skateboard/ShapeNet/bebaf2c5077b901e92ba7d308c045fd8,False,skateboard,skateboard,2,"['the', 'deck', 'is', 'thick', '-er']",5,the deck is thick -er,train,train,train,train,"[1, 10, 1281, 7, 54, 9, 2, 0, 0, 0, 0, 0, 0, 0, 0, 0, 0, 0]",deck
271825,user_948,The deck is wider,3H0W84IWBMVXGJPN76TMVKRYRD0REO,36.0,bebaf2c5077b901e92ba7d308c045fd8,skateboard,ShapeNet,9d79847df77172f5ee8f98672c31bd1,skateboard,ShapeNet,False,skateboard/ShapeNet/9d79847df77172f5ee8f98672c31bd1,skateboard/ShapeNet/bebaf2c5077b901e92ba7d308c045fd8,False,skateboard,skateboard,2,"['the', 'deck', 'is', 'wide', '-er']",5,the deck is wide -er,train,train,train,train,"[1, 10, 1281, 7, 83, 9, 2, 0, 0, 0, 0, 0, 0, 0, 0, 0, 0, 0]",deck
271827,user_1298,The wheels are smaller.,3IJXV6UZ1ZC9WOR93PJDGZPQJ67RIX,29.0,619b49bae27807fb1082f2ea630bf69e,skateboard,ShapeNet,710467261256490ce1bed90743417b0c,skateboard,ShapeNet,False,skateboard/ShapeNet/710467261256490ce1bed90743417b0c,skateboard/ShapeNet/619b49bae27807fb1082f2ea630bf69e,False,skateboard,skateboard,2,"['the', 'wheels', 'are', 'small', '-er']",5,the wheels are small -er,train,train,train,train,"[1, 10, 1013, 16, 111, 9, 2, 0, 0, 0, 0, 0, 0, 0, 0, 0, 0, 0]",wheel
271829,user_1644,the board is more symmetrical,32SCWG5HIJX8RRGTOW6ZE1Z69XO6PQ,59.0,619b49bae27807fb1082f2ea630bf69e,skateboard,ShapeNet,710467261256490ce1bed90743417b0c,skateboard,ShapeNet,False,skateboard/ShapeNet/710467261256490ce1bed90743417b0c,skateboard/ShapeNet/619b49bae27807fb1082f2ea630bf69e,False,skateboard,skateboard,2,"['the', 'board', 'is', 'more', 'symmetrical']",5,the board is more symmetrical,train,train,train,train,"[1, 10, 948, 7, 34, 489, 2, 0, 0, 0, 0, 0, 0, 0, 0, 0, 0, 0]",deck
271833,user_203,The wheel is not as wide.,3IXQG4FA2VRT5GHH3YRA3RLJIUH9BJ,116.0,8f78a26403f09b708b3b3a08d28a7d7c,skateboard,ShapeNet,f5d7698b5a57d61226e0640b67de606,skateboard,ShapeNet,False,skateboard/ShapeNet/f5d7698b5a57d61226e0640b67de606,skateboard/ShapeNet/8f78a26403f09b708b3b3a08d28a7d7c,False,skateboard,skateboard,2,"['the', 'wheel', 'is', 'not', 'as', 'wide']",6,the wheel is not as wide,train,train,train,train,"[1, 10, 544, 7, 40, 52, 83, 2, 0, 0, 0, 0, 0, 0, 0, 0, 0, 0]",wheel
271834,user_505,Target has only two visible wheels,3ZAZR5XV03BRLCR0LWH4RZTUFI1CZ4,59.0,8f78a26403f09b708b3b3a08d28a7d7c,skateboard,ShapeNet,f5d7698b5a57d61226e0640b67de606,skateboard,ShapeNet,False,skateboard/ShapeNet/f5d7698b5a57d61226e0640b67de606,skateboard/ShapeNet/8f78a26403f09b708b3b3a08d28a7d7c,False,skateboard,skateboard,2,"['target', 'has', 'only', 'two', 'visible', 'wheels']",6,target has only two visible wheels,train,train,train,train,"[1, 11, 24, 133, 17, 185, 1013, 2, 0, 0, 0, 0, 0, 0, 0, 0, 0, 0]",wheel
271836,user_1218,The truck hanger is smaller.,3KAKFY4PGWVHDM67SZIHY1MADSMI3F,180.0,792953b4101753c6ed3696d854eee1ec,skateboard,ShapeNet,9d79847df77172f5ee8f98672c31bd1,skateboard,ShapeNet,False,skateboard/ShapeNet/9d79847df77172f5ee8f98672c31bd1,skateboard/ShapeNet/792953b4101753c6ed3696d854eee1ec,True,skateboard,skateboard,2,"['the', 'truck', 'hanger', 'is', 'small', '-er']",6,the truck hanger is small -er,train,train,train,train,"[1, 10, 1606, 1654, 7, 111, 9, 2, 0, 0, 0, 0, 0, 0, 0, 0, 0, 0]",truck
271838,user_1685,Wheels are larger and thicker,3SKRO2GZ73KC9EIG5YPANOMQ7CZ1KJ,86.0,792953b4101753c6ed3696d854eee1ec,skateboard,ShapeNet,9d79847df77172f5ee8f98672c31bd1,skateboard,ShapeNet,False,skateboard/ShapeNet/9d79847df77172f5ee8f98672c31bd1,skateboard/ShapeNet/792953b4101753c6ed3696d854eee1ec,True,skateboard,skateboard,2,"['wheels', 'are', 'large', '-er', 'and', 'thick', '-er']",7,wheels are large -er and thick -er,train,train,train,train,"[1, 1013, 16, 94, 9, 47, 54, 9, 2, 0, 0, 0, 0, 0, 0, 0, 0, 0]",wheel
271840,user_549,The wheels are larger.,3N8OEVH1FTJGVXAW9SFE61G7KXXOO1,50.0,f9752bb556ab1e20681083250d6ef1,skateboard,ShapeNet,47bb28c62a245621ad3e04762b7c31c,skateboard,ShapeNet,False,skateboard/ShapeNet/47bb28c62a245621ad3e04762b7c31c,skateboard/ShapeNet/f9752bb556ab1e20681083250d6ef1,True,skateboard,skateboard,2,"['the', 'wheels', 'are', 'large', '-er']",5,the wheels are large -er,train,train,train,train,"[1, 10, 1013, 16, 94, 9, 2, 0, 0, 0, 0, 0, 0, 0, 0, 0, 0, 0]",wheel
271841,user_2101,The wheels are larger in diameter,3ERET4BTVO2UYJLB9B432U495OQK9E,133.0,f9752bb556ab1e20681083250d6ef1,skateboard,ShapeNet,47bb28c62a245621ad3e04762b7c31c,skateboard,ShapeNet,False,skateboard/ShapeNet/47bb28c62a245621ad3e04762b7c31c,skateboard/ShapeNet/f9752bb556ab1e20681083250d6ef1,True,skateboard,skateboard,2,"['the', 'wheels', 'are', 'large', '-er', 'in', 'diameter']",7,the wheels are large -er in diameter,train,train,train,train,"[1, 10, 1013, 16, 94, 9, 90, 268, 2, 0, 0, 0, 0, 0, 0, 0, 0, 0]",wheel
271842,user_1297,The top of the deck is not concaved.,3PJUZCGDJ89A3IJA0M70CPVIAOX98L,177.0,5aec8d7745acbca498c63cb68f11df34,skateboard,ShapeNet,c0280aaad5473e8398c63cb68f11df34,skateboard,ShapeNet,False,skateboard/ShapeNet/c0280aaad5473e8398c63cb68f11df34,skateboard/ShapeNet/5aec8d7745acbca498c63cb68f11df34,False,skateboard,skateboard,2,"['the', 'top', 'of', 'the', 'deck', 'is', 'not', 'concave']",8,the top of the deck is not concave,train,train,train,train,"[1, 10, 99, 38, 10, 1281, 7, 40, 390, 2, 0, 0, 0, 0, 0, 0, 0, 0]",deck
271843,user_1298,The deck is less angled.,3WAKVUDHUY94NW2UOSALULM1CP0U79,38.0,5aec8d7745acbca498c63cb68f11df34,skateboard,ShapeNet,c0280aaad5473e8398c63cb68f11df34,skateboard,ShapeNet,False,skateboard/ShapeNet/c0280aaad5473e8398c63cb68f11df34,skateboard/ShapeNet/5aec8d7745acbca498c63cb68f11df34,False,skateboard,skateboard,2,"['the', 'deck', 'is', 'less', 'angled']",5,the deck is less angled,train,train,train,train,"[1, 10, 1281, 7, 229, 168, 2, 0, 0, 0, 0, 0, 0, 0, 0, 0, 0, 0]",deck
271844,user_2020,board is wider,3YT88D1N0AR8JHWVS23TBH1N5WC3KC,61.0,5aec8d7745acbca498c63cb68f11df34,skateboard,ShapeNet,c0280aaad5473e8398c63cb68f11df34,skateboard,ShapeNet,True,skateboard/ShapeNet/c0280aaad5473e8398c63cb68f11df34,skateboard/ShapeNet/5aec8d7745acbca498c63cb68f11df34,False,skateboard,skateboard,2,"['board', 'is', 'wide', '-er']",4,board is wide -er,train,train,train,train,"[1, 948, 7, 83, 9, 2, 0, 0, 0, 0, 0, 0, 0, 0, 0, 0, 0, 0]",deck
271845,user_152,the wheels are smaller,30OG32W0SW4C1LXVEZC5M0MOQGAENM,29.0,7c009b2a37ad02a9a72f80277e176a2f,skateboard,ShapeNet,ea25b5f1fc8d76a36a1b26eff73443ff,skateboard,ShapeNet,False,skateboard/ShapeNet/ea25b5f1fc8d76a36a1b26eff73443ff,skateboard/ShapeNet/7c009b2a37ad02a9a72f80277e176a2f,False,skateboard,skateboard,2,"['the', 'wheels', 'are', 'small', '-er']",5,the wheels are small -er,train,train,train,train,"[1, 10, 1013, 16, 111, 9, 2, 0, 0, 0, 0, 0, 0, 0, 0, 0, 0, 0]",wheel
271846,user_948,You cannot see the trucks,31N2WW6R9TJX3V4HRRCWV49IX0YF3P,38.0,7c009b2a37ad02a9a72f80277e176a2f,skateboard,ShapeNet,ea25b5f1fc8d76a36a1b26eff73443ff,skateboard,ShapeNet,False,skateboard/ShapeNet/ea25b5f1fc8d76a36a1b26eff73443ff,skateboard/ShapeNet/7c009b2a37ad02a9a72f80277e176a2f,False,skateboard,skateboard,2,"['you', 'can', 'not', 'see', 'the', 'trucks']",6,you can not see the trucks,train,train,train,train,"[1, 1620, 1168, 40, 1621, 10, 1595, 2, 0, 0, 0, 0, 0, 0, 0, 0, 0, 0]",truck
271849,user_1298,The wheels are larger.,37M28K1J0S6DSIPYJWIRXAFGWH8JAT,54.0,f74a5dfc0094e2d5561dce3fe08634b7,skateboard,ShapeNet,212e0563473156e255483301a044235,skateboard,ShapeNet,False,skateboard/ShapeNet/212e0563473156e255483301a044235,skateboard/ShapeNet/f74a5dfc0094e2d5561dce3fe08634b7,False,skateboard,skateboard,2,"['the', 'wheels', 'are', 'large', '-er']",5,the wheels are large -er,train,train,train,train,"[1, 10, 1013, 16, 94, 9, 2, 0, 0, 0, 0, 0, 0, 0, 0, 0, 0, 0]",wheel
271851,user_1037,The tail is straight making the board look like an ironing board.,3B837J3LDQPYQ2U581DRK1VDS44RSK,118.0,e7c330f4c4421dbb24e49a3e82c3d033,skateboard,ShapeNet,d3ff56062272f3e6346e65609be6d72f,skateboard,ShapeNet,False,skateboard/ShapeNet/d3ff56062272f3e6346e65609be6d72f,skateboard/ShapeNet/e7c330f4c4421dbb24e49a3e82c3d033,False,skateboard,skateboard,2,"['the', 'tail', 'is', 'straight', 'making', 'the', 'board', 'look', 'like', 'an', 'ironing', 'board']",12,the tail is straight making the board look like an ironing board,train,train,train,train,"[1, 10, 1594, 7, 114, 1278, 10, 948, 186, 35, 72, 2446, 948, 2, 0, 0, 0, 0]",deck
271852,user_1205,its board has a different shape on the ends,3AMW0RGHOFVGYCMLNDSGGCLS4NBPNH,35.0,e7c330f4c4421dbb24e49a3e82c3d033,skateboard,ShapeNet,d3ff56062272f3e6346e65609be6d72f,skateboard,ShapeNet,False,skateboard/ShapeNet/d3ff56062272f3e6346e65609be6d72f,skateboard/ShapeNet/e7c330f4c4421dbb24e49a3e82c3d033,False,skateboard,skateboard,2,"['its', 'board', 'has', 'a', 'different', 'shape', 'on', 'the', 'ends']",9,its board has a different shape on the ends,train,train,train,train,"[1, 5, 948, 24, 26, 306, 93, 20, 10, 247, 2, 0, 0, 0, 0, 0, 0, 0]",deck
271853,user_1633,The target has wheels.,3BV8HQ2ZZYU14NARZDO2O6ABABNA6D,23.0,e7c330f4c4421dbb24e49a3e82c3d033,skateboard,ShapeNet,d3ff56062272f3e6346e65609be6d72f,skateboard,ShapeNet,False,skateboard/ShapeNet/d3ff56062272f3e6346e65609be6d72f,skateboard/ShapeNet/e7c330f4c4421dbb24e49a3e82c3d033,False,skateboard,skateboard,2,"['the', 'target', 'has', 'wheels']",4,the target has wheels,train,train,train,train,"[1, 10, 11, 24, 1013, 2, 0, 0, 0, 0, 0, 0, 0, 0, 0, 0, 0, 0]",wheel
271856,user_1644,the trucks are thinner,34J10VATJHR9KNC9QAUDB9FLNLLQID,28.0,99aef9f6486d3d90b267718342f3f316,skateboard,ShapeNet,9ac2d972bedd083342535d908ea693ac,skateboard,ShapeNet,False,skateboard/ShapeNet/9ac2d972bedd083342535d908ea693ac,skateboard/ShapeNet/99aef9f6486d3d90b267718342f3f316,True,skateboard,skateboard,2,"['the', 'trucks', 'are', 'thin', '-er']",5,the trucks are thin -er,train,train,train,train,"[1, 10, 1595, 16, 60, 9, 2, 0, 0, 0, 0, 0, 0, 0, 0, 0, 0, 0]",truck
271857,user_527,The wheels have different sizes.,37U1UTWH9XFG7IFWU37M3AVCGA0R8N,124.0,48bf45bffab55d7cf14c37b285d25cdf,skateboard,ShapeNet,f5d7698b5a57d61226e0640b67de606,skateboard,ShapeNet,True,skateboard/ShapeNet/f5d7698b5a57d61226e0640b67de606,skateboard/ShapeNet/48bf45bffab55d7cf14c37b285d25cdf,True,skateboard,skateboard,2,"['the', 'wheels', 'have', 'different', 'sizes']",5,the wheels have different sizes,train,train,train,train,"[1, 10, 1013, 84, 306, 1102, 2, 0, 0, 0, 0, 0, 0, 0, 0, 0, 0, 0]",wheel
271859,user_1734,The wheels are thin and with no visible axel nuts,3DY4FPOOA3HEIUB92WIWVOFKR9LRVE,340.0,48bf45bffab55d7cf14c37b285d25cdf,skateboard,ShapeNet,f5d7698b5a57d61226e0640b67de606,skateboard,ShapeNet,False,skateboard/ShapeNet/f5d7698b5a57d61226e0640b67de606,skateboard/ShapeNet/48bf45bffab55d7cf14c37b285d25cdf,True,skateboard,skateboard,2,"['the', 'wheels', 'are', 'thin', 'and', 'with', 'no', 'visible', 'axel', 'nuts']",10,the wheels are thin and with no visible axel nuts,train,train,train,train,"[1, 10, 1013, 16, 60, 47, 121, 123, 185, 1637, 1638, 2, 0, 0, 0, 0, 0, 0]",wheel
271860,user_468,"It is not a complete skateboard, but just a deck",3QY5DC2MXTDH2PH06B8XIDZIADHUFB,49.0,16edf6f6574568723f7198a00163bb6,skateboard,ShapeNet,a6d560508fb2fe2858dda0079c7c30f2,skateboard,ShapeNet,False,skateboard/ShapeNet/a6d560508fb2fe2858dda0079c7c30f2,skateboard/ShapeNet/16edf6f6574568723f7198a00163bb6,True,skateboard,skateboard,2,"['it', 'is', 'not', 'a', 'complete', 'skateboard', 'but', 'just', 'a', 'deck']",10,it is not a complete skateboard but just a deck,train,train,train,train,"[1, 23, 7, 40, 26, 2435, 1616, 207, 406, 26, 1281, 2, 0, 0, 0, 0, 0, 0]",deck
271863,user_760,Target wheels are are curvier and indented.,38YMOXR4MWSYB0DU0IKU6V722VDW6Z,197.0,484a49065ab1430624256fd51423318f,skateboard,ShapeNet,d7045c95ab319b711082f2ea630bf69e,skateboard,ShapeNet,False,skateboard/ShapeNet/d7045c95ab319b711082f2ea630bf69e,skateboard/ShapeNet/484a49065ab1430624256fd51423318f,True,skateboard,skateboard,2,"['target', 'wheels', 'are', 'are', 'curvy', '-er', 'and', 'indented']",8,target wheels are are curvy -er and indented,train,train,train,train,"[1, 11, 1013, 16, 16, 179, 9, 47, 633, 2, 0, 0, 0, 0, 0, 0, 0, 0]",wheel
271864,user_962,It has street style truck hangers,3I0BTBYZAZE7MUMFDUM1IRIR0050YF,122.0,484a49065ab1430624256fd51423318f,skateboard,ShapeNet,d7045c95ab319b711082f2ea630bf69e,skateboard,ShapeNet,False,skateboard/ShapeNet/d7045c95ab319b711082f2ea630bf69e,skateboard/ShapeNet/484a49065ab1430624256fd51423318f,True,skateboard,skateboard,2,"['it', 'has', 'street', 'style', 'truck', 'hangers']",6,it has street style truck hangers,train,train,train,train,"[1, 23, 24, 4273, 250, 1606, 1607, 2, 0, 0, 0, 0, 0, 0, 0, 0, 0, 0]",truck
271867,user_1357,The deck is curvier,3II4UPYCOL0SCCWNYWT2KCZ8VF4DQN,41.0,97a1800db9a625bc28044fe9244db50a,skateboard,ShapeNet,55f0e38a64ba2c2d813b65629a36678,skateboard,ShapeNet,False,skateboard/ShapeNet/55f0e38a64ba2c2d813b65629a36678,skateboard/ShapeNet/97a1800db9a625bc28044fe9244db50a,False,skateboard,skateboard,2,"['the', 'deck', 'is', 'curvy', '-er']",5,the deck is curvy -er,test,train,test,train,"[1, 10, 1281, 7, 179, 9, 2, 0, 0, 0, 0, 0, 0, 0, 0, 0, 0, 0]",deck
271869,user_468,The wheels are larger in diameter,3EFVCAY5L52Z9UWJMYYD1J9L6T78JD,62.0,570fae86bb5e1843d587b281fa5e7b27,skateboard,ShapeNet,c8aed131dd905c6e1082f2ea630bf69e,skateboard,ShapeNet,False,skateboard/ShapeNet/c8aed131dd905c6e1082f2ea630bf69e,skateboard/ShapeNet/570fae86bb5e1843d587b281fa5e7b27,True,skateboard,skateboard,2,"['the', 'wheels', 'are', 'large', '-er', 'in', 'diameter']",7,the wheels are large -er in diameter,train,train,train,train,"[1, 10, 1013, 16, 94, 9, 90, 268, 2, 0, 0, 0, 0, 0, 0, 0, 0, 0]",wheel
271871,user_1644,the deck is flatter,3WQ3B2KGEA9BGBEMZLCHOL30KISB1B,224.0,570fae86bb5e1843d587b281fa5e7b27,skateboard,ShapeNet,c8aed131dd905c6e1082f2ea630bf69e,skateboard,ShapeNet,True,skateboard/ShapeNet/c8aed131dd905c6e1082f2ea630bf69e,skateboard/ShapeNet/570fae86bb5e1843d587b281fa5e7b27,True,skateboard,skateboard,2,"['the', 'deck', 'is', 'flat', '-er']",5,the deck is flat -er,train,train,train,train,"[1, 10, 1281, 7, 129, 9, 2, 0, 0, 0, 0, 0, 0, 0, 0, 0, 0, 0]",deck
271878,user_61,The deck of the target board has a crosshatch pattern.,3TE3O8573215L3D7EMYLTJI9UAE2R1,68.0,f5d7698b5a57d61226e0640b67de606,skateboard,ShapeNet,dcb9a62d5ef76f389da15808191f1405,skateboard,ShapeNet,False,skateboard/ShapeNet/dcb9a62d5ef76f389da15808191f1405,skateboard/ShapeNet/f5d7698b5a57d61226e0640b67de606,False,skateboard,skateboard,2,"['the', 'deck', 'of', 'the', 'target', 'board', 'has', 'a', 'crosshatch', 'pattern']",10,the deck of the target board has a crosshatch pattern,train,train,train,train,"[1, 10, 1281, 38, 10, 11, 948, 24, 26, 1658, 1337, 2, 0, 0, 0, 0, 0, 0]",deck
271879,user_468,The deck is wider,3UJ1CZ6IZJI9LFW7BU0OH0QH0MJ5SO,64.0,f5d7698b5a57d61226e0640b67de606,skateboard,ShapeNet,dcb9a62d5ef76f389da15808191f1405,skateboard,ShapeNet,False,skateboard/ShapeNet/dcb9a62d5ef76f389da15808191f1405,skateboard/ShapeNet/f5d7698b5a57d61226e0640b67de606,False,skateboard,skateboard,2,"['the', 'deck', 'is', 'wide', '-er']",5,the deck is wide -er,train,train,train,train,"[1, 10, 1281, 7, 83, 9, 2, 0, 0, 0, 0, 0, 0, 0, 0, 0, 0, 0]",deck
271882,user_468,The deck is wider,3NVC2EB65SS33MLCWH4KKPGY3BP3YB,31.0,79288e2c98c7be7c6e72f8cfa29d3672,skateboard,ShapeNet,1d527bbed4d12817fa3bb91f4e3cd35f,skateboard,ShapeNet,False,skateboard/ShapeNet/1d527bbed4d12817fa3bb91f4e3cd35f,skateboard/ShapeNet/79288e2c98c7be7c6e72f8cfa29d3672,False,skateboard,skateboard,2,"['the', 'deck', 'is', 'wide', '-er']",5,the deck is wide -er,train,train,train,train,"[1, 10, 1281, 7, 83, 9, 2, 0, 0, 0, 0, 0, 0, 0, 0, 0, 0, 0]",deck
271883,user_1633,The target's deck is wider.,3PS7W85Z81VT12BY3KIV3LR5O1G9T8,29.0,79288e2c98c7be7c6e72f8cfa29d3672,skateboard,ShapeNet,1d527bbed4d12817fa3bb91f4e3cd35f,skateboard,ShapeNet,False,skateboard/ShapeNet/1d527bbed4d12817fa3bb91f4e3cd35f,skateboard/ShapeNet/79288e2c98c7be7c6e72f8cfa29d3672,False,skateboard,skateboard,2,"['the', 'target', ""'s"", 'deck', 'is', 'wide', '-er']",7,the target 's deck is wide -er,train,train,train,train,"[1, 10, 11, 12, 1281, 7, 83, 9, 2, 0, 0, 0, 0, 0, 0, 0, 0, 0]",deck
271885,user_1357,The deck is skinnier,3LJ7UR74RJ6U9J02PT0SDEAXDSD4N5,31.0,254feab290d4b460d4e77499b42cadd3,skateboard,ShapeNet,5c55e6b6708f730d758f6def7204bd6b,skateboard,ShapeNet,False,skateboard/ShapeNet/5c55e6b6708f730d758f6def7204bd6b,skateboard/ShapeNet/254feab290d4b460d4e77499b42cadd3,True,skateboard,skateboard,2,"['the', 'deck', 'is', 'skinny', '-er']",5,the deck is skinny -er,train,train,train,train,"[1, 10, 1281, 7, 282, 9, 2, 0, 0, 0, 0, 0, 0, 0, 0, 0, 0, 0]",deck
271886,user_1644,there are no trucks,3SUWZRL0M064U0R3FIQOKP02VQLE6C,102.0,254feab290d4b460d4e77499b42cadd3,skateboard,ShapeNet,5c55e6b6708f730d758f6def7204bd6b,skateboard,ShapeNet,False,skateboard/ShapeNet/5c55e6b6708f730d758f6def7204bd6b,skateboard/ShapeNet/254feab290d4b460d4e77499b42cadd3,True,skateboard,skateboard,2,"['there', 'are', 'no', 'trucks']",4,there are no trucks,train,train,train,train,"[1, 15, 16, 123, 1595, 2, 0, 0, 0, 0, 0, 0, 0, 0, 0, 0, 0, 0]",truck
271887,user_203,The deck does not have a lip.,3P4MQ7TPPZ5CT9WE1I56UXG96UKBBV,150.0,bebaf2c5077b901e92ba7d308c045fd8,skateboard,ShapeNet,fff0431e712a1887ac7a821ba28adc14,skateboard,ShapeNet,False,skateboard/ShapeNet/fff0431e712a1887ac7a821ba28adc14,skateboard/ShapeNet/bebaf2c5077b901e92ba7d308c045fd8,True,skateboard,skateboard,2,"['the', 'deck', 'does', 'not', 'have', 'a', 'lip']",7,the deck does not have a lip,train,train,train,train,"[1, 10, 1281, 39, 40, 84, 26, 125, 2, 0, 0, 0, 0, 0, 0, 0, 0, 0]",deck
271889,user_948,The deck is wider,31HQ4X3T3U3NN4ZS3HGVYPMEMCJLSS,44.0,bebaf2c5077b901e92ba7d308c045fd8,skateboard,ShapeNet,fff0431e712a1887ac7a821ba28adc14,skateboard,ShapeNet,False,skateboard/ShapeNet/fff0431e712a1887ac7a821ba28adc14,skateboard/ShapeNet/bebaf2c5077b901e92ba7d308c045fd8,True,skateboard,skateboard,2,"['the', 'deck', 'is', 'wide', '-er']",5,the deck is wide -er,train,train,train,train,"[1, 10, 1281, 7, 83, 9, 2, 0, 0, 0, 0, 0, 0, 0, 0, 0, 0, 0]",deck
271890,user_1205,its board has more depth from the side,3HL8HNGX47UJIXTX80D6MHC4XS7F95,52.0,463434d2fcf567d56a93dc68b4021dbb,skateboard,ShapeNet,97a1800db9a625bc28044fe9244db50a,skateboard,ShapeNet,False,skateboard/ShapeNet/97a1800db9a625bc28044fe9244db50a,skateboard/ShapeNet/463434d2fcf567d56a93dc68b4021dbb,True,skateboard,skateboard,2,"['its', 'board', 'has', 'more', 'depth', 'from', 'the', 'side']",8,its board has more depth from the side,train,train,train,train,"[1, 5, 948, 24, 34, 607, 113, 10, 22, 2, 0, 0, 0, 0, 0, 0, 0, 0]",deck
271891,user_1297,The wheels are smaller on one end.,37Z929RLGB1B6H7XCQIMKGWVGP6TS4,334.0,463434d2fcf567d56a93dc68b4021dbb,skateboard,ShapeNet,97a1800db9a625bc28044fe9244db50a,skateboard,ShapeNet,False,skateboard/ShapeNet/97a1800db9a625bc28044fe9244db50a,skateboard/ShapeNet/463434d2fcf567d56a93dc68b4021dbb,True,skateboard,skateboard,2,"['the', 'wheels', 'are', 'small', '-er', 'on', 'one', 'end']",8,the wheels are small -er on one end,train,train,train,train,"[1, 10, 1013, 16, 111, 9, 20, 19, 74, 2, 0, 0, 0, 0, 0, 0, 0, 0]",wheel
271892,user_1644,one set of wheels is larger than the other,39PAAFCODOTRY9O16LNRV3G2FTZVTA,61.0,463434d2fcf567d56a93dc68b4021dbb,skateboard,ShapeNet,97a1800db9a625bc28044fe9244db50a,skateboard,ShapeNet,False,skateboard/ShapeNet/97a1800db9a625bc28044fe9244db50a,skateboard/ShapeNet/463434d2fcf567d56a93dc68b4021dbb,True,skateboard,skateboard,2,"['one', 'set', 'of', 'wheels', 'is', 'large', '-er', 'than', 'the', 'other']",10,one set of wheels is large -er than the other,train,train,train,train,"[1, 19, 1603, 38, 1013, 7, 94, 9, 131, 10, 396, 2, 0, 0, 0, 0, 0, 0]",wheel
271893,user_156,Its wheels are thicker in diameter.,37M28K1J0S6DSIPYJWIRXAFGWI8AJM,52.0,7fc2cddac7ad57a2aa4eefa8f42b566e,skateboard,ShapeNet,58ab8327f188e0a063381d3d7e871939,skateboard,ShapeNet,False,skateboard/ShapeNet/58ab8327f188e0a063381d3d7e871939,skateboard/ShapeNet/7fc2cddac7ad57a2aa4eefa8f42b566e,True,skateboard,skateboard,2,"['its', 'wheels', 'are', 'thick', '-er', 'in', 'diameter']",7,its wheels are thick -er in diameter,train,train,train,train,"[1, 5, 1013, 16, 54, 9, 90, 268, 2, 0, 0, 0, 0, 0, 0, 0, 0, 0]",wheel
271895,user_2044,Its wheels are larger.,31T4R4OBOU9812LU21PL0F0V5RUC7M,31.0,7fc2cddac7ad57a2aa4eefa8f42b566e,skateboard,ShapeNet,58ab8327f188e0a063381d3d7e871939,skateboard,ShapeNet,False,skateboard/ShapeNet/58ab8327f188e0a063381d3d7e871939,skateboard/ShapeNet/7fc2cddac7ad57a2aa4eefa8f42b566e,True,skateboard,skateboard,2,"['its', 'wheels', 'are', 'large', '-er']",5,its wheels are large -er,train,train,train,train,"[1, 5, 1013, 16, 94, 9, 2, 0, 0, 0, 0, 0, 0, 0, 0, 0, 0, 0]",wheel
271897,user_468,The wheels are bigger,36AHBNMV1T51LEN9P6AWXY2AUODDYI,50.0,7fc2cddac7ad57a2aa4eefa8f42b566e,skateboard,ShapeNet,c8aed131dd905c6e1082f2ea630bf69e,skateboard,ShapeNet,False,skateboard/ShapeNet/c8aed131dd905c6e1082f2ea630bf69e,skateboard/ShapeNet/7fc2cddac7ad57a2aa4eefa8f42b566e,False,skateboard,skateboard,2,"['the', 'wheels', 'are', 'big', '-er']",5,the wheels are big -er,train,train,train,train,"[1, 10, 1013, 16, 320, 9, 2, 0, 0, 0, 0, 0, 0, 0, 0, 0, 0, 0]",wheel
271898,user_1796,The deck is straight.,3X87C8JFV84YE1F5VMORFBL8WI5QSL,77.0,7fc2cddac7ad57a2aa4eefa8f42b566e,skateboard,ShapeNet,c8aed131dd905c6e1082f2ea630bf69e,skateboard,ShapeNet,False,skateboard/ShapeNet/c8aed131dd905c6e1082f2ea630bf69e,skateboard/ShapeNet/7fc2cddac7ad57a2aa4eefa8f42b566e,False,skateboard,skateboard,2,"['the', 'deck', 'is', 'straight']",4,the deck is straight,train,train,train,train,"[1, 10, 1281, 7, 114, 2, 0, 0, 0, 0, 0, 0, 0, 0, 0, 0, 0, 0]",deck
271899,user_156,Its deck does not have four circles upon its center.,39DD6S19JR46IABEHNNZHNTX0VKZES,51.0,573daccbcfdc94a3cbd54f2dfaecbd51,skateboard,ShapeNet,bebaf2c5077b901e92ba7d308c045fd8,skateboard,ShapeNet,False,skateboard/ShapeNet/bebaf2c5077b901e92ba7d308c045fd8,skateboard/ShapeNet/573daccbcfdc94a3cbd54f2dfaecbd51,False,skateboard,skateboard,2,"['its', 'deck', 'does', 'not', 'have', 'four', 'circles', 'upon', 'its', 'center']",10,its deck does not have four circles upon its center,train,train,train,train,"[1, 5, 1281, 39, 40, 84, 322, 452, 499, 5, 165, 2, 0, 0, 0, 0, 0, 0]",deck
271900,user_203,The deck has a lip.,374TNBHA8DOVANREUSGGXX99D33QY1,61.0,573daccbcfdc94a3cbd54f2dfaecbd51,skateboard,ShapeNet,bebaf2c5077b901e92ba7d308c045fd8,skateboard,ShapeNet,False,skateboard/ShapeNet/bebaf2c5077b901e92ba7d308c045fd8,skateboard/ShapeNet/573daccbcfdc94a3cbd54f2dfaecbd51,False,skateboard,skateboard,2,"['the', 'deck', 'has', 'a', 'lip']",5,the deck has a lip,train,train,train,train,"[1, 10, 1281, 24, 26, 125, 2, 0, 0, 0, 0, 0, 0, 0, 0, 0, 0, 0]",deck
271902,user_440,it is a narrower board,3KRVW3HTZPE7TMHD3THAY213MH9SM1,77.0,b6074c8d74b58d31ef566954f332b813,skateboard,ShapeNet,7a00dee660ee94f5dfa6594bd6ded322,skateboard,ShapeNet,False,skateboard/ShapeNet/7a00dee660ee94f5dfa6594bd6ded322,skateboard/ShapeNet/b6074c8d74b58d31ef566954f332b813,False,skateboard,skateboard,2,"['it', 'is', 'a', 'narrow', '-er', 'board']",6,it is a narrow -er board,train,train,train,train,"[1, 23, 7, 26, 210, 9, 948, 2, 0, 0, 0, 0, 0, 0, 0, 0, 0, 0]",deck
271905,user_615,the trucks are much thicker,3OUYGIZWR9RDDGUEM7QI50PFWU30PK,120.0,aa2c5469590761793c497dcbf6659611,skateboard,ShapeNet,ffea27596947c29cc983a1dbe02fac40,skateboard,ShapeNet,False,skateboard/ShapeNet/ffea27596947c29cc983a1dbe02fac40,skateboard/ShapeNet/aa2c5469590761793c497dcbf6659611,True,skateboard,skateboard,2,"['the', 'trucks', 'are', 'much', 'thick', '-er']",6,the trucks are much thick -er,val,train,val,train,"[1, 10, 1595, 16, 59, 54, 9, 2, 0, 0, 0, 0, 0, 0, 0, 0, 0, 0]",truck
271907,user_1357,The trucks are visible,3L70J4KAZIF0PWP690WGUCK3RYADAA,36.0,f5d7698b5a57d61226e0640b67de606,skateboard,ShapeNet,d31aaca67fd8ef1827d17dabad15093,skateboard,ShapeNet,False,skateboard/ShapeNet/d31aaca67fd8ef1827d17dabad15093,skateboard/ShapeNet/f5d7698b5a57d61226e0640b67de606,False,skateboard,skateboard,2,"['the', 'trucks', 'are', 'visible']",4,the trucks are visible,train,train,train,train,"[1, 10, 1595, 16, 185, 2, 0, 0, 0, 0, 0, 0, 0, 0, 0, 0, 0, 0]",truck
271909,user_1796,The truck hanger is longer.,37XITHEISY2IJL59BFNR5WRV66YRCG,64.0,f5d7698b5a57d61226e0640b67de606,skateboard,ShapeNet,d31aaca67fd8ef1827d17dabad15093,skateboard,ShapeNet,False,skateboard/ShapeNet/d31aaca67fd8ef1827d17dabad15093,skateboard/ShapeNet/f5d7698b5a57d61226e0640b67de606,False,skateboard,skateboard,2,"['the', 'truck', 'hanger', 'is', 'long', '-er']",6,the truck hanger is long -er,train,train,train,train,"[1, 10, 1606, 1654, 7, 32, 9, 2, 0, 0, 0, 0, 0, 0, 0, 0, 0, 0]",truck
271912,user_948,The trucks are flatter,39RP059MEJM8C00BS7VF8DR3ITNBMJ,33.0,94fc692e0518c0b0537d393009a79347,skateboard,ShapeNet,8ae2871e13786052f42b80606c2f3752,skateboard,ShapeNet,False,skateboard/ShapeNet/8ae2871e13786052f42b80606c2f3752,skateboard/ShapeNet/94fc692e0518c0b0537d393009a79347,True,skateboard,skateboard,2,"['the', 'trucks', 'are', 'flat', '-er']",5,the trucks are flat -er,train,train,train,train,"[1, 10, 1595, 16, 129, 9, 2, 0, 0, 0, 0, 0, 0, 0, 0, 0, 0, 0]",truck
271916,user_152,the wheels are much larger,358010RM5GMYFQXLBVOOK618SPMVXS,98.0,99130967461623c37ca71234c2ec5470,skateboard,ShapeNet,48f26ddc704fec2f379c6a1d59ef7283,skateboard,ShapeNet,False,skateboard/ShapeNet/48f26ddc704fec2f379c6a1d59ef7283,skateboard/ShapeNet/99130967461623c37ca71234c2ec5470,True,skateboard,skateboard,2,"['the', 'wheels', 'are', 'much', 'large', '-er']",6,the wheels are much large -er,train,train,train,train,"[1, 10, 1013, 16, 59, 94, 9, 2, 0, 0, 0, 0, 0, 0, 0, 0, 0, 0]",wheel
271922,user_42,The center of the board is thinner in proportion to the tail and nose.,3KV0LJBBH4EVS7H0O4H58SW70GMMR5,72.0,5c55e6b6708f730d758f6def7204bd6b,skateboard,ShapeNet,55f0e38a64ba2c2d813b65629a36678,skateboard,ShapeNet,False,skateboard/ShapeNet/55f0e38a64ba2c2d813b65629a36678,skateboard/ShapeNet/5c55e6b6708f730d758f6def7204bd6b,True,skateboard,skateboard,2,"['the', 'center', 'of', 'the', 'board', 'is', 'thin', '-er', 'in', 'proportion', 'to', 'the', 'tail', 'and', 'nose']",15,the center of the board is thin -er in proportion to the tail and nose,test,train,test,train,"[1, 10, 165, 38, 10, 948, 7, 60, 9, 90, 3665, 58, 10, 1594, 47, 1593, 2, 0]",deck
271923,user_61,"The target board has a tapered nose but a wider, squarer tail.",3B2X28YI3Y86NXFJ5ROYJHUHSTEB6F,63.0,5c55e6b6708f730d758f6def7204bd6b,skateboard,ShapeNet,55f0e38a64ba2c2d813b65629a36678,skateboard,ShapeNet,False,skateboard/ShapeNet/55f0e38a64ba2c2d813b65629a36678,skateboard/ShapeNet/5c55e6b6708f730d758f6def7204bd6b,True,skateboard,skateboard,2,"['the', 'target', 'board', 'has', 'a', 'tapered', 'nose', 'but', 'a', 'wide', '-er', 'square', '-er', 'tail']",14,the target board has a tapered nose but a wide -er square -er tail,test,train,test,train,"[1, 10, 11, 948, 24, 26, 352, 1593, 207, 26, 83, 9, 50, 9, 1594, 2, 0, 0]",deck
271927,user_1298,The trucks are larger.,37UQDCYH6ZO40BRUTIKQQ7OKQW9V7Z,67.0,9d79847df77172f5ee8f98672c31bd1,skateboard,ShapeNet,484a49065ab1430624256fd51423318f,skateboard,ShapeNet,False,skateboard/ShapeNet/484a49065ab1430624256fd51423318f,skateboard/ShapeNet/9d79847df77172f5ee8f98672c31bd1,True,skateboard,skateboard,2,"['the', 'trucks', 'are', 'large', '-er']",5,the trucks are large -er,train,train,train,train,"[1, 10, 1595, 16, 94, 9, 2, 0, 0, 0, 0, 0, 0, 0, 0, 0, 0, 0]",truck
271928,user_962,It's wheels are smaller and lack bearings,3NVC2EB65SS33MLCWH4KKPGY3COY37,96.0,7a8b7d5d288742546fee3d712d650ac2,skateboard,ShapeNet,563569e15313d7eb89e13811ad04f53f,skateboard,ShapeNet,False,skateboard/ShapeNet/563569e15313d7eb89e13811ad04f53f,skateboard/ShapeNet/7a8b7d5d288742546fee3d712d650ac2,False,skateboard,skateboard,2,"['it', 'is', 'wheels', 'are', 'small', '-er', 'and', 'lack', 'bearings']",9,it is wheels are small -er and lack bearings,train,train,train,train,"[1, 23, 7, 1013, 16, 111, 9, 47, 3697, 1639, 2, 0, 0, 0, 0, 0, 0, 0]",wheel
271929,user_1357,The trucks are less visible,3MX2NQ3YCBNHHWI6546BG879F2L5XY,34.0,7a8b7d5d288742546fee3d712d650ac2,skateboard,ShapeNet,563569e15313d7eb89e13811ad04f53f,skateboard,ShapeNet,False,skateboard/ShapeNet/563569e15313d7eb89e13811ad04f53f,skateboard/ShapeNet/7a8b7d5d288742546fee3d712d650ac2,False,skateboard,skateboard,2,"['the', 'trucks', 'are', 'less', 'visible']",5,the trucks are less visible,train,train,train,train,"[1, 10, 1595, 16, 229, 185, 2, 0, 0, 0, 0, 0, 0, 0, 0, 0, 0, 0]",truck
271930,user_1633,The target's deck is shorter.,3NOKK93PR3187FKIL09MWDSFCO7EEV,28.0,7a8b7d5d288742546fee3d712d650ac2,skateboard,ShapeNet,563569e15313d7eb89e13811ad04f53f,skateboard,ShapeNet,False,skateboard/ShapeNet/563569e15313d7eb89e13811ad04f53f,skateboard/ShapeNet/7a8b7d5d288742546fee3d712d650ac2,False,skateboard,skateboard,2,"['the', 'target', ""'s"", 'deck', 'is', 'short', '-er']",7,the target 's deck is short -er,train,train,train,train,"[1, 10, 11, 12, 1281, 7, 8, 9, 2, 0, 0, 0, 0, 0, 0, 0, 0, 0]",deck
271934,user_1392,It has more basic trucks,3U0SRXB7CFY1AP2005W5L7L7551RND,101.0,113783f51974426b92ba7d308c045fd8,skateboard,ShapeNet,90210ee9fd29275dcadc0bfc31415370,skateboard,ShapeNet,False,skateboard/ShapeNet/90210ee9fd29275dcadc0bfc31415370,skateboard/ShapeNet/113783f51974426b92ba7d308c045fd8,False,skateboard,skateboard,2,"['it', 'has', 'more', 'basic', 'trucks']",5,it has more basic trucks,train,train,train,train,"[1, 23, 24, 34, 2120, 1595, 2, 0, 0, 0, 0, 0, 0, 0, 0, 0, 0, 0]",truck
271935,user_1633,The target has smaller wheels.,3I7DHKZYGPT0HARL5A0PA172BWQ5F6,40.0,113783f51974426b92ba7d308c045fd8,skateboard,ShapeNet,90210ee9fd29275dcadc0bfc31415370,skateboard,ShapeNet,False,skateboard/ShapeNet/90210ee9fd29275dcadc0bfc31415370,skateboard/ShapeNet/113783f51974426b92ba7d308c045fd8,False,skateboard,skateboard,2,"['the', 'target', 'has', 'small', '-er', 'wheels']",6,the target has small -er wheels,train,train,train,train,"[1, 10, 11, 24, 111, 9, 1013, 2, 0, 0, 0, 0, 0, 0, 0, 0, 0, 0]",wheel
271941,user_1644,the trucks are thinner,3LOTDFNYA9SUUT651BNY01KFVT4WFO,54.0,99aef9f6486d3d90b267718342f3f316,skateboard,ShapeNet,e60f8e703bf6b7e8b267718342f3f316,skateboard,ShapeNet,False,skateboard/ShapeNet/e60f8e703bf6b7e8b267718342f3f316,skateboard/ShapeNet/99aef9f6486d3d90b267718342f3f316,True,skateboard,skateboard,2,"['the', 'trucks', 'are', 'thin', '-er']",5,the trucks are thin -er,val,train,val,train,"[1, 10, 1595, 16, 60, 9, 2, 0, 0, 0, 0, 0, 0, 0, 0, 0, 0, 0]",truck
271949,user_203,The front wheel has a smaller diameter.,3QHK8ZVMIOBO6IIQSVU080CEIOYLBS,192.0,303555f1c5f4cb0a1082f2ea630bf69e,skateboard,ShapeNet,7a8b7d5d288742546fee3d712d650ac2,skateboard,ShapeNet,False,skateboard/ShapeNet/7a8b7d5d288742546fee3d712d650ac2,skateboard/ShapeNet/303555f1c5f4cb0a1082f2ea630bf69e,True,skateboard,skateboard,2,"['the', 'front', 'wheel', 'has', 'a', 'small', '-er', 'diameter']",8,the front wheel has a small -er diameter,train,train,train,train,"[1, 10, 37, 544, 24, 26, 111, 9, 268, 2, 0, 0, 0, 0, 0, 0, 0, 0]",wheel
271951,user_962,It has street style wheels,31JLPPHS2WNR98HAQUVMIYIWP2Q3O2,133.0,303555f1c5f4cb0a1082f2ea630bf69e,skateboard,ShapeNet,7a8b7d5d288742546fee3d712d650ac2,skateboard,ShapeNet,False,skateboard/ShapeNet/7a8b7d5d288742546fee3d712d650ac2,skateboard/ShapeNet/303555f1c5f4cb0a1082f2ea630bf69e,True,skateboard,skateboard,2,"['it', 'has', 'street', 'style', 'wheels']",5,it has street style wheels,train,train,train,train,"[1, 23, 24, 4273, 250, 1013, 2, 0, 0, 0, 0, 0, 0, 0, 0, 0, 0, 0]",wheel
271957,user_1796,The wheels are smaller.,3TVSS0C0E3T4DYO6WVSNH5ZGM20TWH,48.0,8ae2871e13786052f42b80606c2f3752,skateboard,ShapeNet,db4c8bf323465e4c537d393009a79347,skateboard,ShapeNet,False,skateboard/ShapeNet/db4c8bf323465e4c537d393009a79347,skateboard/ShapeNet/8ae2871e13786052f42b80606c2f3752,True,skateboard,skateboard,2,"['the', 'wheels', 'are', 'small', '-er']",5,the wheels are small -er,train,train,train,train,"[1, 10, 1013, 16, 111, 9, 2, 0, 0, 0, 0, 0, 0, 0, 0, 0, 0, 0]",wheel
271968,user_1298,The deck has a more oval shape.,3HL8HNGX47UJIXTX80D6MHC4XSA9F2,30.0,99130967461623c37ca71234c2ec5470,skateboard,ShapeNet,52ffc103719ae88ef0f40fbf85e100a,skateboard,ShapeNet,False,skateboard/ShapeNet/52ffc103719ae88ef0f40fbf85e100a,skateboard/ShapeNet/99130967461623c37ca71234c2ec5470,False,skateboard,skateboard,2,"['the', 'deck', 'has', 'a', 'more', 'oval', 'shape']",7,the deck has a more oval shape,test,train,test,train,"[1, 10, 1281, 24, 26, 34, 130, 93, 2, 0, 0, 0, 0, 0, 0, 0, 0, 0]",deck
271974,user_1357,The deck is more raised,3UOUJI6MTF7Y2B8L65EJOKZPEINUXC,39.0,792953b4101753c6ed3696d854eee1ec,skateboard,ShapeNet,36221454034311a4fcaae723fa352fe6,skateboard,ShapeNet,False,skateboard/ShapeNet/36221454034311a4fcaae723fa352fe6,skateboard/ShapeNet/792953b4101753c6ed3696d854eee1ec,True,skateboard,skateboard,2,"['the', 'deck', 'is', 'more', 'raised']",5,the deck is more raised,train,train,train,train,"[1, 10, 1281, 7, 34, 681, 2, 0, 0, 0, 0, 0, 0, 0, 0, 0, 0, 0]",deck
271975,user_1644,the wheels are wider,36H9ULYP64N8O966UC4JBBQ7TXKJF5,414.0,792953b4101753c6ed3696d854eee1ec,skateboard,ShapeNet,36221454034311a4fcaae723fa352fe6,skateboard,ShapeNet,False,skateboard/ShapeNet/36221454034311a4fcaae723fa352fe6,skateboard/ShapeNet/792953b4101753c6ed3696d854eee1ec,True,skateboard,skateboard,2,"['the', 'wheels', 'are', 'wide', '-er']",5,the wheels are wide -er,train,train,train,train,"[1, 10, 1013, 16, 83, 9, 2, 0, 0, 0, 0, 0, 0, 0, 0, 0, 0, 0]",wheel
271979,user_152,it has deck hardware,37FMASSAYEKMGHAK7SXNGKKM1K3BI3,37.0,e7c330f4c4421dbb24e49a3e82c3d033,skateboard,ShapeNet,4f409f31b182075511b6d7dda2bf041e,skateboard,ShapeNet,False,skateboard/ShapeNet/4f409f31b182075511b6d7dda2bf041e,skateboard/ShapeNet/e7c330f4c4421dbb24e49a3e82c3d033,False,skateboard,skateboard,2,"['it', 'has', 'deck', 'hardware']",4,it has deck hardware,test,train,test,train,"[1, 23, 24, 1281, 1602, 2, 0, 0, 0, 0, 0, 0, 0, 0, 0, 0, 0, 0]",deck
271980,user_1433,it has truck hanger,3SKRO2GZ73KC9EIG5YPANOMQ7CX1KH,459.0,e7c330f4c4421dbb24e49a3e82c3d033,skateboard,ShapeNet,4f409f31b182075511b6d7dda2bf041e,skateboard,ShapeNet,False,skateboard/ShapeNet/4f409f31b182075511b6d7dda2bf041e,skateboard/ShapeNet/e7c330f4c4421dbb24e49a3e82c3d033,False,skateboard,skateboard,2,"['it', 'has', 'truck', 'hanger']",4,it has truck hanger,test,train,test,train,"[1, 23, 24, 1606, 1654, 2, 0, 0, 0, 0, 0, 0, 0, 0, 0, 0, 0, 0]",truck
271981,user_1644,there are fixing bolts on the board,3YWRV122CUS8NA7DYX2R8LIWN968UA,82.0,e7c330f4c4421dbb24e49a3e82c3d033,skateboard,ShapeNet,4f409f31b182075511b6d7dda2bf041e,skateboard,ShapeNet,False,skateboard/ShapeNet/4f409f31b182075511b6d7dda2bf041e,skateboard/ShapeNet/e7c330f4c4421dbb24e49a3e82c3d033,False,skateboard,skateboard,2,"['there', 'are', 'fixing', 'bolts', 'on', 'the', 'board']",7,there are fixing bolts on the board,test,train,test,train,"[1, 15, 16, 1610, 1611, 20, 10, 948, 2, 0, 0, 0, 0, 0, 0, 0, 0, 0]",deck
271982,user_156,Its deck is symmetrical.,3Q5ZZ9ZEVQ8R2VHYXWUJ09QGOUF58V,50.0,af4343c5b78b70b11082f2ea630bf69e,skateboard,ShapeNet,54b9d9a3565820e17f267bbeffb219aa,skateboard,ShapeNet,False,skateboard/ShapeNet/54b9d9a3565820e17f267bbeffb219aa,skateboard/ShapeNet/af4343c5b78b70b11082f2ea630bf69e,False,skateboard,skateboard,2,"['its', 'deck', 'is', 'symmetrical']",4,its deck is symmetrical,train,train,train,train,"[1, 5, 1281, 7, 489, 2, 0, 0, 0, 0, 0, 0, 0, 0, 0, 0, 0, 0]",deck
271983,user_203,The wheels are not as wide.,3R8YZBNQ9JBCV3VD7JQGKKPC953Q7B,53.0,af4343c5b78b70b11082f2ea630bf69e,skateboard,ShapeNet,54b9d9a3565820e17f267bbeffb219aa,skateboard,ShapeNet,False,skateboard/ShapeNet/54b9d9a3565820e17f267bbeffb219aa,skateboard/ShapeNet/af4343c5b78b70b11082f2ea630bf69e,False,skateboard,skateboard,2,"['the', 'wheels', 'are', 'not', 'as', 'wide']",6,the wheels are not as wide,train,train,train,train,"[1, 10, 1013, 16, 40, 52, 83, 2, 0, 0, 0, 0, 0, 0, 0, 0, 0, 0]",wheel
271984,user_1815,"Flat, rounded deck",3KAKFY4PGWVHDM67SZIHY1MADUT3IB,141.0,af4343c5b78b70b11082f2ea630bf69e,skateboard,ShapeNet,54b9d9a3565820e17f267bbeffb219aa,skateboard,ShapeNet,False,skateboard/ShapeNet/54b9d9a3565820e17f267bbeffb219aa,skateboard/ShapeNet/af4343c5b78b70b11082f2ea630bf69e,False,skateboard,skateboard,2,"['flat', 'rounded', 'deck']",3,flat rounded deck,train,train,train,train,"[1, 129, 48, 1281, 2, 0, 0, 0, 0, 0, 0, 0, 0, 0, 0, 0, 0, 0]",deck
271985,user_203,The wheel diameter is greater.,33CID57106MJ3NEDD2FUQHE2UWKL30,70.0,d7045c95ab319b711082f2ea630bf69e,skateboard,ShapeNet,ae28ad55a38200ff1c5f9eddd7cde6be,skateboard,ShapeNet,False,skateboard/ShapeNet/ae28ad55a38200ff1c5f9eddd7cde6be,skateboard/ShapeNet/d7045c95ab319b711082f2ea630bf69e,True,skateboard,skateboard,2,"['the', 'wheel', 'diameter', 'is', 'great', '-er']",6,the wheel diameter is great -er,train,train,train,train,"[1, 10, 544, 268, 7, 188, 9, 2, 0, 0, 0, 0, 0, 0, 0, 0, 0, 0]",wheel
271986,user_1644,there are two circles on top of the deck,3EF8EXOTT3OHYUCYNDPYM9MDSNBJ1E,129.0,d7045c95ab319b711082f2ea630bf69e,skateboard,ShapeNet,ae28ad55a38200ff1c5f9eddd7cde6be,skateboard,ShapeNet,False,skateboard/ShapeNet/ae28ad55a38200ff1c5f9eddd7cde6be,skateboard/ShapeNet/d7045c95ab319b711082f2ea630bf69e,True,skateboard,skateboard,2,"['there', 'are', 'two', 'circles', 'on', 'top', 'of', 'the', 'deck']",9,there are two circles on top of the deck,train,train,train,train,"[1, 15, 16, 17, 452, 20, 99, 38, 10, 1281, 2, 0, 0, 0, 0, 0, 0, 0]",deck
271987,user_1796,The board is flat.,31Q0U3WYDR8OEZBWM401JJH41S171L,45.0,d7045c95ab319b711082f2ea630bf69e,skateboard,ShapeNet,ae28ad55a38200ff1c5f9eddd7cde6be,skateboard,ShapeNet,False,skateboard/ShapeNet/ae28ad55a38200ff1c5f9eddd7cde6be,skateboard/ShapeNet/d7045c95ab319b711082f2ea630bf69e,True,skateboard,skateboard,2,"['the', 'board', 'is', 'flat']",4,the board is flat,train,train,train,train,"[1, 10, 948, 7, 129, 2, 0, 0, 0, 0, 0, 0, 0, 0, 0, 0, 0, 0]",deck
271993,user_1572,The wheels are a more standard rounded disc shape.,3VA45EW49PGVZ53V3QH3U53ZRHCO1T,81.0,ae28ad55a38200ff1c5f9eddd7cde6be,skateboard,ShapeNet,5aec8d7745acbca498c63cb68f11df34,skateboard,ShapeNet,False,skateboard/ShapeNet/5aec8d7745acbca498c63cb68f11df34,skateboard/ShapeNet/ae28ad55a38200ff1c5f9eddd7cde6be,False,skateboard,skateboard,2,"['the', 'wheels', 'are', 'a', 'more', 'standard', 'rounded', 'disc', 'shape']",9,the wheels are a more standard rounded disc shape,train,train,train,train,"[1, 10, 1013, 16, 26, 34, 365, 48, 500, 93, 2, 0, 0, 0, 0, 0, 0, 0]",wheel
271995,user_1633,The target has lettering on the underside of the deck.,3JMSRU9HQKNP9Q64GQYWWHG1CJDEV4,30.0,573daccbcfdc94a3cbd54f2dfaecbd51,skateboard,ShapeNet,bdfa2c97ef7089d6b267718342f3f316,skateboard,ShapeNet,False,skateboard/ShapeNet/bdfa2c97ef7089d6b267718342f3f316,skateboard/ShapeNet/573daccbcfdc94a3cbd54f2dfaecbd51,True,skateboard,skateboard,2,"['the', 'target', 'has', 'lettering', 'on', 'the', 'underside', 'of', 'the', 'deck']",10,the target has lettering on the underside of the deck,train,train,train,train,"[1, 10, 11, 24, 651, 20, 10, 2841, 38, 10, 1281, 2, 0, 0, 0, 0, 0, 0]",deck
271996,user_1934,The wheels have an axle nut.,3C8HJ7UOP9N4UY3RYLBIUVY69W5ZM9,226.0,573daccbcfdc94a3cbd54f2dfaecbd51,skateboard,ShapeNet,bdfa2c97ef7089d6b267718342f3f316,skateboard,ShapeNet,False,skateboard/ShapeNet/bdfa2c97ef7089d6b267718342f3f316,skateboard/ShapeNet/573daccbcfdc94a3cbd54f2dfaecbd51,True,skateboard,skateboard,2,"['the', 'wheels', 'have', 'an', 'axle', 'nut']",6,the wheels have an axle nut,train,train,train,train,"[1, 10, 1013, 84, 72, 1613, 1640, 2, 0, 0, 0, 0, 0, 0, 0, 0, 0, 0]",wheel
271997,user_203,Thw wheels are not as wide.,3WI0P0II63LSODBNBBI2P29DR1ZDRH,46.0,aa2c5469590761793c497dcbf6659611,skateboard,ShapeNet,99130967461623c37ca71234c2ec5470,skateboard,ShapeNet,False,skateboard/ShapeNet/99130967461623c37ca71234c2ec5470,skateboard/ShapeNet/aa2c5469590761793c497dcbf6659611,False,skateboard,skateboard,2,"['thw', 'wheels', 'are', 'not', 'as', 'wide']",6,thw wheels are not as wide,train,train,train,train,"[1, 3397, 1013, 16, 40, 52, 83, 2, 0, 0, 0, 0, 0, 0, 0, 0, 0, 0]",wheel
272000,user_567,The trucks are much wider in length.,3NS0A6KXC6142O75NIDNHQE9DATZG1,96.0,36aaae334d636ec28043db94fbc8c982,skateboard,ShapeNet,99aef9f6486d3d90b267718342f3f316,skateboard,ShapeNet,False,skateboard/ShapeNet/99aef9f6486d3d90b267718342f3f316,skateboard/ShapeNet/36aaae334d636ec28043db94fbc8c982,True,skateboard,skateboard,2,"['the', 'trucks', 'are', 'much', 'wide', '-er', 'in', 'length']",8,the trucks are much wide -er in length,train,train,train,train,"[1, 10, 1595, 16, 59, 83, 9, 90, 155, 2, 0, 0, 0, 0, 0, 0, 0, 0]",truck
272002,user_1796,The deck has hardware.,3WOKGM4L739VSGID77D3G0KPMP50O1,105.0,36aaae334d636ec28043db94fbc8c982,skateboard,ShapeNet,99aef9f6486d3d90b267718342f3f316,skateboard,ShapeNet,False,skateboard/ShapeNet/99aef9f6486d3d90b267718342f3f316,skateboard/ShapeNet/36aaae334d636ec28043db94fbc8c982,True,skateboard,skateboard,2,"['the', 'deck', 'has', 'hardware']",4,the deck has hardware,train,train,train,train,"[1, 10, 1281, 24, 1602, 2, 0, 0, 0, 0, 0, 0, 0, 0, 0, 0, 0, 0]",deck
272007,user_1246,The deck is shorter in length,3OVHNO1VE8U1Q4XELSCFB5BC0IGZDU,44.0,a6d560508fb2fe2858dda0079c7c30f2,skateboard,ShapeNet,1ad8d7573dc57ebc247a956ed3779e34,skateboard,ShapeNet,False,skateboard/ShapeNet/1ad8d7573dc57ebc247a956ed3779e34,skateboard/ShapeNet/a6d560508fb2fe2858dda0079c7c30f2,True,skateboard,skateboard,2,"['the', 'deck', 'is', 'short', '-er', 'in', 'length']",7,the deck is short -er in length,train,train,train,train,"[1, 10, 1281, 7, 8, 9, 90, 155, 2, 0, 0, 0, 0, 0, 0, 0, 0, 0]",deck
272008,user_1298,The deck is longer.,3UN61F00HYIXK0WUW50JRQLLEK1R5N,29.0,a6d560508fb2fe2858dda0079c7c30f2,skateboard,ShapeNet,1ad8d7573dc57ebc247a956ed3779e34,skateboard,ShapeNet,False,skateboard/ShapeNet/1ad8d7573dc57ebc247a956ed3779e34,skateboard/ShapeNet/a6d560508fb2fe2858dda0079c7c30f2,True,skateboard,skateboard,2,"['the', 'deck', 'is', 'long', '-er']",5,the deck is long -er,train,train,train,train,"[1, 10, 1281, 7, 32, 9, 2, 0, 0, 0, 0, 0, 0, 0, 0, 0, 0, 0]",deck
272012,user_1572,The wheels are much smaller.,3634BBTX0QNCTYM0CUJJZAB7GIWIFT,81.0,b2dc96e7d45797f69a58f604ee2cbadf,skateboard,ShapeNet,16edf6f6574568723f7198a00163bb6,skateboard,ShapeNet,False,skateboard/ShapeNet/16edf6f6574568723f7198a00163bb6,skateboard/ShapeNet/b2dc96e7d45797f69a58f604ee2cbadf,False,skateboard,skateboard,2,"['the', 'wheels', 'are', 'much', 'small', '-er']",6,the wheels are much small -er,train,train,train,train,"[1, 10, 1013, 16, 59, 111, 9, 2, 0, 0, 0, 0, 0, 0, 0, 0, 0, 0]",wheel
272013,user_1644,the trucks are not visible,31QNSG6A5TM6PZVHLP9GYT4CFZP87Q,52.0,b2dc96e7d45797f69a58f604ee2cbadf,skateboard,ShapeNet,16edf6f6574568723f7198a00163bb6,skateboard,ShapeNet,False,skateboard/ShapeNet/16edf6f6574568723f7198a00163bb6,skateboard/ShapeNet/b2dc96e7d45797f69a58f604ee2cbadf,False,skateboard,skateboard,2,"['the', 'trucks', 'are', 'not', 'visible']",5,the trucks are not visible,train,train,train,train,"[1, 10, 1595, 16, 40, 185, 2, 0, 0, 0, 0, 0, 0, 0, 0, 0, 0, 0]",truck
272015,user_848,"Target has a thicker, taller deck.",3UWN2HHPU0YDB42DFUWABHQ3R7JSN1,111.0,58ae991bd0350810b9ac379f661f5c75,skateboard,ShapeNet,2785d91a40cd41a659c9250a427b57f,skateboard,ShapeNet,False,skateboard/ShapeNet/2785d91a40cd41a659c9250a427b57f,skateboard/ShapeNet/58ae991bd0350810b9ac379f661f5c75,True,skateboard,skateboard,2,"['target', 'has', 'a', 'thick', '-er', 'tall', '-er', 'deck']",8,target has a thick -er tall -er deck,train,train,train,train,"[1, 11, 24, 26, 54, 9, 53, 9, 1281, 2, 0, 0, 0, 0, 0, 0, 0, 0]",deck
272016,user_948,The trucks are nit visible,3OF2M9AATIH94A3OD9Y2FI62KREKZT,45.0,58ae991bd0350810b9ac379f661f5c75,skateboard,ShapeNet,2785d91a40cd41a659c9250a427b57f,skateboard,ShapeNet,False,skateboard/ShapeNet/2785d91a40cd41a659c9250a427b57f,skateboard/ShapeNet/58ae991bd0350810b9ac379f661f5c75,True,skateboard,skateboard,2,"['the', 'trucks', 'are', 'nit', 'visible']",5,the trucks are nit visible,train,train,train,train,"[1, 10, 1595, 16, 3952, 185, 2, 0, 0, 0, 0, 0, 0, 0, 0, 0, 0, 0]",truck
272018,user_505,Target has only two visible wheels,3DBQWDE4Y8RC52423YJ2I6GBDN7N5Q,168.0,48bf45bffab55d7cf14c37b285d25cdf,skateboard,ShapeNet,10b81426bea7f98b5e38a8a610bb08f5,skateboard,ShapeNet,False,skateboard/ShapeNet/10b81426bea7f98b5e38a8a610bb08f5,skateboard/ShapeNet/48bf45bffab55d7cf14c37b285d25cdf,True,skateboard,skateboard,2,"['target', 'has', 'only', 'two', 'visible', 'wheels']",6,target has only two visible wheels,val,train,val,train,"[1, 11, 24, 133, 17, 185, 1013, 2, 0, 0, 0, 0, 0, 0, 0, 0, 0, 0]",wheel
272021,user_1815,Deck is wider and shorter,3P529IW9K0EEJZU6XXGWRQ3ZXORLFF,74.0,d7045c95ab319b711082f2ea630bf69e,skateboard,ShapeNet,90dbe261a4d56dcf1082f2ea630bf69e,skateboard,ShapeNet,False,skateboard/ShapeNet/90dbe261a4d56dcf1082f2ea630bf69e,skateboard/ShapeNet/d7045c95ab319b711082f2ea630bf69e,True,skateboard,skateboard,2,"['deck', 'is', 'wide', '-er', 'and', 'short', '-er']",7,deck is wide -er and short -er,test,train,test,train,"[1, 1281, 7, 83, 9, 47, 8, 9, 2, 0, 0, 0, 0, 0, 0, 0, 0, 0]",deck
272023,user_948,The trucks are lower to the ground,32RIADZISUXRPWS7XPHEC8K30QP4SJ,50.0,5fba47ad66c45cd113314092564c13fd,skateboard,ShapeNet,a1d36f02d20d18db6a2979228046d9f9,skateboard,ShapeNet,False,skateboard/ShapeNet/a1d36f02d20d18db6a2979228046d9f9,skateboard/ShapeNet/5fba47ad66c45cd113314092564c13fd,True,skateboard,skateboard,2,"['the', 'trucks', 'are', 'low', '-er', 'to', 'the', 'ground']",8,the trucks are low -er to the ground,train,train,train,train,"[1, 10, 1595, 16, 345, 9, 58, 10, 299, 2, 0, 0, 0, 0, 0, 0, 0, 0]",truck
272024,user_1218,The board is flatter in the center.,3YOH7BII0B0SVQYECC9ZUCT6WG4KVP,48.0,5fba47ad66c45cd113314092564c13fd,skateboard,ShapeNet,a1d36f02d20d18db6a2979228046d9f9,skateboard,ShapeNet,False,skateboard/ShapeNet/a1d36f02d20d18db6a2979228046d9f9,skateboard/ShapeNet/5fba47ad66c45cd113314092564c13fd,True,skateboard,skateboard,2,"['the', 'board', 'is', 'flat', '-er', 'in', 'the', 'center']",8,the board is flat -er in the center,train,train,train,train,"[1, 10, 948, 7, 129, 9, 90, 10, 165, 2, 0, 0, 0, 0, 0, 0, 0, 0]",deck
272025,user_1246,The wheels are wider in width,3DY4FPOOA3HEIUB92WIWVOFKR81VRW,49.0,5fba47ad66c45cd113314092564c13fd,skateboard,ShapeNet,a1d36f02d20d18db6a2979228046d9f9,skateboard,ShapeNet,False,skateboard/ShapeNet/a1d36f02d20d18db6a2979228046d9f9,skateboard/ShapeNet/5fba47ad66c45cd113314092564c13fd,True,skateboard,skateboard,2,"['the', 'wheels', 'are', 'wide', '-er', 'in', 'width']",7,the wheels are wide -er in width,train,train,train,train,"[1, 10, 1013, 16, 83, 9, 90, 358, 2, 0, 0, 0, 0, 0, 0, 0, 0, 0]",wheel
272026,user_152,the deck is shorter,3GFK2QRXXBA2SWDGVZAPEPT26ZEW5T,76.0,16edf6f6574568723f7198a00163bb6,skateboard,ShapeNet,1e5fd1de723cc66cbb1ed6d4d8526a19,skateboard,ShapeNet,False,skateboard/ShapeNet/1e5fd1de723cc66cbb1ed6d4d8526a19,skateboard/ShapeNet/16edf6f6574568723f7198a00163bb6,True,skateboard,skateboard,2,"['the', 'deck', 'is', 'short', '-er']",5,the deck is short -er,train,train,train,train,"[1, 10, 1281, 7, 8, 9, 2, 0, 0, 0, 0, 0, 0, 0, 0, 0, 0, 0]",deck
272027,user_1298,The deck is shorter.,3TVSS0C0E3T4DYO6WVSNH5ZGM22TWJ,26.0,16edf6f6574568723f7198a00163bb6,skateboard,ShapeNet,1e5fd1de723cc66cbb1ed6d4d8526a19,skateboard,ShapeNet,False,skateboard/ShapeNet/1e5fd1de723cc66cbb1ed6d4d8526a19,skateboard/ShapeNet/16edf6f6574568723f7198a00163bb6,True,skateboard,skateboard,2,"['the', 'deck', 'is', 'short', '-er']",5,the deck is short -er,train,train,train,train,"[1, 10, 1281, 7, 8, 9, 2, 0, 0, 0, 0, 0, 0, 0, 0, 0, 0, 0]",deck
272030,user_1644,there are fixing bolts on the board,3CFJTT4SXVJZE57UUBL7BIYQIUDI7P,59.0,7a00dee660ee94f5dfa6594bd6ded322,skateboard,ShapeNet,141616a00df67c351082f2ea630bf69e,skateboard,ShapeNet,False,skateboard/ShapeNet/141616a00df67c351082f2ea630bf69e,skateboard/ShapeNet/7a00dee660ee94f5dfa6594bd6ded322,False,skateboard,skateboard,2,"['there', 'are', 'fixing', 'bolts', 'on', 'the', 'board']",7,there are fixing bolts on the board,train,train,train,train,"[1, 15, 16, 1610, 1611, 20, 10, 948, 2, 0, 0, 0, 0, 0, 0, 0, 0, 0]",deck
272031,user_1796,The board has a tail.,3E1QT0TDFR23EJCD4GDDPIULTEI8I1,85.0,7a00dee660ee94f5dfa6594bd6ded322,skateboard,ShapeNet,141616a00df67c351082f2ea630bf69e,skateboard,ShapeNet,False,skateboard/ShapeNet/141616a00df67c351082f2ea630bf69e,skateboard/ShapeNet/7a00dee660ee94f5dfa6594bd6ded322,False,skateboard,skateboard,2,"['the', 'board', 'has', 'a', 'tail']",5,the board has a tail,train,train,train,train,"[1, 10, 948, 24, 26, 1594, 2, 0, 0, 0, 0, 0, 0, 0, 0, 0, 0, 0]",deck
272037,user_1644,one set of wheels is larger than the other,3SB4CE2TJXOEN2UN00XSOJNV7FXAXI,45.0,7c009b2a37ad02a9a72f80277e176a2f,skateboard,ShapeNet,97a1800db9a625bc28044fe9244db50a,skateboard,ShapeNet,False,skateboard/ShapeNet/97a1800db9a625bc28044fe9244db50a,skateboard/ShapeNet/7c009b2a37ad02a9a72f80277e176a2f,False,skateboard,skateboard,2,"['one', 'set', 'of', 'wheels', 'is', 'large', '-er', 'than', 'the', 'other']",10,one set of wheels is large -er than the other,train,train,train,train,"[1, 19, 1603, 38, 1013, 7, 94, 9, 131, 10, 396, 2, 0, 0, 0, 0, 0, 0]",wheel
272038,user_185,Wheels are much smaller and not as wide,3BEFOD78W8MOR1F2DSLS0ZLX817M4P,268.0,d7045c95ab319b711082f2ea630bf69e,skateboard,ShapeNet,5aec8d7745acbca498c63cb68f11df34,skateboard,ShapeNet,False,skateboard/ShapeNet/5aec8d7745acbca498c63cb68f11df34,skateboard/ShapeNet/d7045c95ab319b711082f2ea630bf69e,True,skateboard,skateboard,2,"['wheels', 'are', 'much', 'small', '-er', 'and', 'not', 'as', 'wide']",9,wheels are much small -er and not as wide,train,train,train,train,"[1, 1013, 16, 59, 111, 9, 47, 40, 52, 83, 2, 0, 0, 0, 0, 0, 0, 0]",wheel
272039,user_1992,The wheels are smaller and thinner.,3IO1LGZLKBQNLZHC2F4OSF4GKNN685,90.0,d7045c95ab319b711082f2ea630bf69e,skateboard,ShapeNet,5aec8d7745acbca498c63cb68f11df34,skateboard,ShapeNet,False,skateboard/ShapeNet/5aec8d7745acbca498c63cb68f11df34,skateboard/ShapeNet/d7045c95ab319b711082f2ea630bf69e,True,skateboard,skateboard,2,"['the', 'wheels', 'are', 'small', '-er', 'and', 'thin', '-er']",8,the wheels are small -er and thin -er,train,train,train,train,"[1, 10, 1013, 16, 111, 9, 47, 60, 9, 2, 0, 0, 0, 0, 0, 0, 0, 0]",wheel
272040,user_156,Its deck is much thicker in height.,37ZHEEHM6YFKO2PB98EK7CW1ZDG37C,31.0,f5d7698b5a57d61226e0640b67de606,skateboard,ShapeNet,994dc9307a0f228e30eaaf40a8a562c1,skateboard,ShapeNet,False,skateboard/ShapeNet/994dc9307a0f228e30eaaf40a8a562c1,skateboard/ShapeNet/f5d7698b5a57d61226e0640b67de606,False,skateboard,skateboard,2,"['its', 'deck', 'is', 'much', 'thick', '-er', 'in', 'height']",8,its deck is much thick -er in height,train,train,train,train,"[1, 5, 1281, 7, 59, 54, 9, 90, 117, 2, 0, 0, 0, 0, 0, 0, 0, 0]",deck
272041,user_468,The truck axel is visible,338JKRMM28SH1CU8VWF6LXZ1JP2AHD,42.0,f5d7698b5a57d61226e0640b67de606,skateboard,ShapeNet,994dc9307a0f228e30eaaf40a8a562c1,skateboard,ShapeNet,False,skateboard/ShapeNet/994dc9307a0f228e30eaaf40a8a562c1,skateboard/ShapeNet/f5d7698b5a57d61226e0640b67de606,False,skateboard,skateboard,2,"['the', 'truck', 'axel', 'is', 'visible']",5,the truck axel is visible,train,train,train,train,"[1, 10, 1606, 1637, 7, 185, 2, 0, 0, 0, 0, 0, 0, 0, 0, 0, 0, 0]",truck
272042,user_1298,The deck is wider.,39KFRKBFIPOSPBEYFFOC8SE9Y2LOYR,24.0,f5d7698b5a57d61226e0640b67de606,skateboard,ShapeNet,994dc9307a0f228e30eaaf40a8a562c1,skateboard,ShapeNet,False,skateboard/ShapeNet/994dc9307a0f228e30eaaf40a8a562c1,skateboard/ShapeNet/f5d7698b5a57d61226e0640b67de606,False,skateboard,skateboard,2,"['the', 'deck', 'is', 'wide', '-er']",5,the deck is wide -er,train,train,train,train,"[1, 10, 1281, 7, 83, 9, 2, 0, 0, 0, 0, 0, 0, 0, 0, 0, 0, 0]",deck
272043,user_42,The edges of the deck are more raised between the nose and the tail.,3EFE17QCREYL18G2CW1X6XT75WTHS2,72.0,eb6246b73afb6383b77008f97c3030c,skateboard,ShapeNet,c0280aaad5473e8398c63cb68f11df34,skateboard,ShapeNet,False,skateboard/ShapeNet/c0280aaad5473e8398c63cb68f11df34,skateboard/ShapeNet/eb6246b73afb6383b77008f97c3030c,True,skateboard,skateboard,2,"['the', 'edges', 'of', 'the', 'deck', 'are', 'more', 'raised', 'between', 'the', 'nose', 'and', 'the', 'tail']",14,the edges of the deck are more raised between the nose and the tail,train,train,train,train,"[1, 10, 325, 38, 10, 1281, 16, 34, 681, 657, 10, 1593, 47, 10, 1594, 2, 0, 0]",deck
272045,user_948,The deck is thinner,3HVVDCPGTGL823J6BWAB22KWXA1YTM,35.0,eb6246b73afb6383b77008f97c3030c,skateboard,ShapeNet,c0280aaad5473e8398c63cb68f11df34,skateboard,ShapeNet,False,skateboard/ShapeNet/c0280aaad5473e8398c63cb68f11df34,skateboard/ShapeNet/eb6246b73afb6383b77008f97c3030c,True,skateboard,skateboard,2,"['the', 'deck', 'is', 'thin', '-er']",5,the deck is thin -er,train,train,train,train,"[1, 10, 1281, 7, 60, 9, 2, 0, 0, 0, 0, 0, 0, 0, 0, 0, 0, 0]",deck
272052,user_948,The deck is longer,3P529IW9K0EEJZU6XXGWRQ3ZXMPLF9,29.0,c4b7db8e09375b4d6830ad3775f4cffc,skateboard,ShapeNet,87115860707b0208813c2f803c03ef9f,skateboard,ShapeNet,False,skateboard/ShapeNet/87115860707b0208813c2f803c03ef9f,skateboard/ShapeNet/c4b7db8e09375b4d6830ad3775f4cffc,True,skateboard,skateboard,2,"['the', 'deck', 'is', 'long', '-er']",5,the deck is long -er,train,train,train,train,"[1, 10, 1281, 7, 32, 9, 2, 0, 0, 0, 0, 0, 0, 0, 0, 0, 0, 0]",deck
272055,user_1246,The trucks are more close,3W92K5RLWWAPD7DB5P5TSNAOZQE5VU,95.0,c7482cb7a8db514921cafafd7e7949c7,skateboard,ShapeNet,cf04a6f4312be2c0d6f39b72607d85d7,skateboard,ShapeNet,False,skateboard/ShapeNet/cf04a6f4312be2c0d6f39b72607d85d7,skateboard/ShapeNet/c7482cb7a8db514921cafafd7e7949c7,True,skateboard,skateboard,2,"['the', 'trucks', 'are', 'more', 'close']",5,the trucks are more close,test,train,test,train,"[1, 10, 1595, 16, 34, 1025, 2, 0, 0, 0, 0, 0, 0, 0, 0, 0, 0, 0]",truck
272060,user_1815,Wavey deck design makes it appear slightly shorter,3WS1NTTKE051M35K84UDT6BBUQH0FM,154.0,484a49065ab1430624256fd51423318f,skateboard,ShapeNet,570fae86bb5e1843d587b281fa5e7b27,skateboard,ShapeNet,False,skateboard/ShapeNet/570fae86bb5e1843d587b281fa5e7b27,skateboard/ShapeNet/484a49065ab1430624256fd51423318f,True,skateboard,skateboard,2,"['wavey', 'deck', 'design', 'makes', 'it', 'appear', 'slightly', 'short', '-er']",9,wavey deck design makes it appear slightly short -er,train,train,train,train,"[1, 1679, 1281, 192, 2047, 23, 891, 174, 8, 9, 2, 0, 0, 0, 0, 0, 0, 0]",deck
272061,user_203,The deck edge is higher.,3SKRO2GZ73KC9EIG5YPANOMQ7C2K15,45.0,f52d56b5f81f1258c70ae17ca06472e1,skateboard,ShapeNet,776eaffd7cbe7bc6b9e8bdc9c4a49aa2,skateboard,ShapeNet,False,skateboard/ShapeNet/776eaffd7cbe7bc6b9e8bdc9c4a49aa2,skateboard/ShapeNet/f52d56b5f81f1258c70ae17ca06472e1,True,skateboard,skateboard,2,"['the', 'deck', 'edge', 'is', 'high', '-er']",6,the deck edge is high -er,train,train,train,train,"[1, 10, 1281, 631, 7, 49, 9, 2, 0, 0, 0, 0, 0, 0, 0, 0, 0, 0]",deck
272062,user_1246,The deck is longer,3U0SRXB7CFY1AP2005W5L7L755ZNR7,43.0,f52d56b5f81f1258c70ae17ca06472e1,skateboard,ShapeNet,776eaffd7cbe7bc6b9e8bdc9c4a49aa2,skateboard,ShapeNet,False,skateboard/ShapeNet/776eaffd7cbe7bc6b9e8bdc9c4a49aa2,skateboard/ShapeNet/f52d56b5f81f1258c70ae17ca06472e1,True,skateboard,skateboard,2,"['the', 'deck', 'is', 'long', '-er']",5,the deck is long -er,train,train,train,train,"[1, 10, 1281, 7, 32, 9, 2, 0, 0, 0, 0, 0, 0, 0, 0, 0, 0, 0]",deck
272064,user_203,The deck is not as long.,3YJ6NA41JD9KFMV08F0ON54BV38PJF,105.0,97a1800db9a625bc28044fe9244db50a,skateboard,ShapeNet,ccc91585d5d614a3ad3e04762b7c31c,skateboard,ShapeNet,False,skateboard/ShapeNet/ccc91585d5d614a3ad3e04762b7c31c,skateboard/ShapeNet/97a1800db9a625bc28044fe9244db50a,True,skateboard,skateboard,2,"['the', 'deck', 'is', 'not', 'as', 'long']",6,the deck is not as long,train,train,train,train,"[1, 10, 1281, 7, 40, 52, 32, 2, 0, 0, 0, 0, 0, 0, 0, 0, 0, 0]",deck
272070,user_468,The nose of the deck is flat,3E47SOBEYSP5QM2QLSTIR4Q4J52ICG,26.0,f52d56b5f81f1258c70ae17ca06472e1,skateboard,ShapeNet,26cd3bfcef1e254f82b02baba7166175,skateboard,ShapeNet,False,skateboard/ShapeNet/26cd3bfcef1e254f82b02baba7166175,skateboard/ShapeNet/f52d56b5f81f1258c70ae17ca06472e1,False,skateboard,skateboard,2,"['the', 'nose', 'of', 'the', 'deck', 'is', 'flat']",7,the nose of the deck is flat,test,train,test,train,"[1, 10, 1593, 38, 10, 1281, 7, 129, 2, 0, 0, 0, 0, 0, 0, 0, 0, 0]",deck
272072,user_1796,The deck's lip is thicker.,3WZ36BJEV59CPVQV14WRURMVC1JBTK,46.0,f52d56b5f81f1258c70ae17ca06472e1,skateboard,ShapeNet,26cd3bfcef1e254f82b02baba7166175,skateboard,ShapeNet,False,skateboard/ShapeNet/26cd3bfcef1e254f82b02baba7166175,skateboard/ShapeNet/f52d56b5f81f1258c70ae17ca06472e1,False,skateboard,skateboard,2,"['the', 'deck', ""'s"", 'lip', 'is', 'thick', '-er']",7,the deck 's lip is thick -er,test,train,test,train,"[1, 10, 1281, 12, 125, 7, 54, 9, 2, 0, 0, 0, 0, 0, 0, 0, 0, 0]",deck
272074,user_1633,The target does not have conventional wheels.,3XCC1ODXDN4MDMFSGXOMP1GCAGKQRV,26.0,dcb9a62d5ef76f389da15808191f1405,skateboard,ShapeNet,79288e2c98c7be7c6e72f8cfa29d3672,skateboard,ShapeNet,False,skateboard/ShapeNet/79288e2c98c7be7c6e72f8cfa29d3672,skateboard/ShapeNet/dcb9a62d5ef76f389da15808191f1405,False,skateboard,skateboard,2,"['the', 'target', 'does', 'not', 'have', 'conventional', 'wheels']",7,the target does not have conventional wheels,train,train,train,train,"[1, 10, 11, 39, 40, 84, 1314, 1013, 2, 0, 0, 0, 0, 0, 0, 0, 0, 0]",wheel
272075,user_1796,There are no real wheels.,3NS0A6KXC6142O75NIDNHQE9DAXGZM,82.0,dcb9a62d5ef76f389da15808191f1405,skateboard,ShapeNet,79288e2c98c7be7c6e72f8cfa29d3672,skateboard,ShapeNet,False,skateboard/ShapeNet/79288e2c98c7be7c6e72f8cfa29d3672,skateboard/ShapeNet/dcb9a62d5ef76f389da15808191f1405,False,skateboard,skateboard,2,"['there', 'are', 'no', 'real', 'wheels']",5,there are no real wheels,train,train,train,train,"[1, 15, 16, 123, 972, 1013, 2, 0, 0, 0, 0, 0, 0, 0, 0, 0, 0, 0]",wheel
272077,user_1392,The board has more angles to it.,3ND9UOO81MVGULG1NMQWVEPZSPJWLM,24.0,c190e478faaca09baaf812076502792,skateboard,ShapeNet,98222a1e5f59f2098745e78dbc45802e,skateboard,ShapeNet,False,skateboard/ShapeNet/98222a1e5f59f2098745e78dbc45802e,skateboard/ShapeNet/c190e478faaca09baaf812076502792,False,skateboard,skateboard,2,"['the', 'board', 'has', 'more', 'angles', 'to', 'it']",7,the board has more angles to it,val,train,val,train,"[1, 10, 948, 24, 34, 340, 58, 23, 2, 0, 0, 0, 0, 0, 0, 0, 0, 0]",deck
272079,user_87,there are no trucks on the target,3RJSC4XJ12N9K6CV2SH47UKY5W4054,85.0,2026cbe0ebbe1153d975109d955e6652,skateboard,ShapeNet,fd3627deb2476b0f1f942c57ac0e8959,skateboard,ShapeNet,False,skateboard/ShapeNet/fd3627deb2476b0f1f942c57ac0e8959,skateboard/ShapeNet/2026cbe0ebbe1153d975109d955e6652,True,skateboard,skateboard,2,"['there', 'are', 'no', 'trucks', 'on', 'the', 'target']",7,there are no trucks on the target,test,train,test,train,"[1, 15, 16, 123, 1595, 20, 10, 11, 2, 0, 0, 0, 0, 0, 0, 0, 0, 0]",truck
272083,user_1357,The deck is more square,3IAS3U3I0H9I5WWIIPCVT4D5CP52BK,37.0,16edf6f6574568723f7198a00163bb6,skateboard,ShapeNet,515f3fab6bee0c40de82f1e4605731da,skateboard,ShapeNet,False,skateboard/ShapeNet/515f3fab6bee0c40de82f1e4605731da,skateboard/ShapeNet/16edf6f6574568723f7198a00163bb6,True,skateboard,skateboard,2,"['the', 'deck', 'is', 'more', 'square']",5,the deck is more square,test,train,test,train,"[1, 10, 1281, 7, 34, 50, 2, 0, 0, 0, 0, 0, 0, 0, 0, 0, 0, 0]",deck
272084,user_468,There are visible truck hangers and axels,3FFJ6VRIL3HLWU7A9C0YW3O3AG5I0N,40.0,dcb9a62d5ef76f389da15808191f1405,skateboard,ShapeNet,8310154df085baf3e3cfaa4e6977fab6,skateboard,ShapeNet,False,skateboard/ShapeNet/8310154df085baf3e3cfaa4e6977fab6,skateboard/ShapeNet/dcb9a62d5ef76f389da15808191f1405,False,skateboard,skateboard,2,"['there', 'are', 'visible', 'truck', 'hangers', 'and', 'axels']",7,there are visible truck hangers and axels,train,train,train,train,"[1, 15, 16, 185, 1606, 1607, 47, 1649, 2, 0, 0, 0, 0, 0, 0, 0, 0, 0]",truck
272086,user_1796,The wheels are smaller.,3570Y55XZRC4XYX0RWB43J577GSYGC,94.0,dcb9a62d5ef76f389da15808191f1405,skateboard,ShapeNet,8310154df085baf3e3cfaa4e6977fab6,skateboard,ShapeNet,False,skateboard/ShapeNet/8310154df085baf3e3cfaa4e6977fab6,skateboard/ShapeNet/dcb9a62d5ef76f389da15808191f1405,False,skateboard,skateboard,2,"['the', 'wheels', 'are', 'small', '-er']",5,the wheels are small -er,train,train,train,train,"[1, 10, 1013, 16, 111, 9, 2, 0, 0, 0, 0, 0, 0, 0, 0, 0, 0, 0]",wheel
272087,user_883,Piece of truck is visible.,3570Y55XZRC4XYX0RWB43J577HTYGF,327.0,5aec8d7745acbca498c63cb68f11df34,skateboard,ShapeNet,488b9ae283b800b282ec895e014b9eb3,skateboard,ShapeNet,False,skateboard/ShapeNet/488b9ae283b800b282ec895e014b9eb3,skateboard/ShapeNet/5aec8d7745acbca498c63cb68f11df34,True,skateboard,skateboard,2,"['piece', 'of', 'truck', 'is', 'visible']",5,piece of truck is visible,train,train,train,train,"[1, 65, 38, 1606, 7, 185, 2, 0, 0, 0, 0, 0, 0, 0, 0, 0, 0, 0]",truck
272088,user_1298,The ends of the deck are less angled.,379J5II41Q9MDLUA2MWQ98IZLLCLET,37.0,5aec8d7745acbca498c63cb68f11df34,skateboard,ShapeNet,488b9ae283b800b282ec895e014b9eb3,skateboard,ShapeNet,False,skateboard/ShapeNet/488b9ae283b800b282ec895e014b9eb3,skateboard/ShapeNet/5aec8d7745acbca498c63cb68f11df34,True,skateboard,skateboard,2,"['the', 'ends', 'of', 'the', 'deck', 'are', 'less', 'angled']",8,the ends of the deck are less angled,train,train,train,train,"[1, 10, 247, 38, 10, 1281, 16, 229, 168, 2, 0, 0, 0, 0, 0, 0, 0, 0]",deck
272090,user_203,The deck edge is not as high.,3NL0RFNU0HGT1DFZSG8CLMTTJWCK4I,155.0,ccc91585d5d614a3ad3e04762b7c31c,skateboard,ShapeNet,113783f51974426b92ba7d308c045fd8,skateboard,ShapeNet,False,skateboard/ShapeNet/113783f51974426b92ba7d308c045fd8,skateboard/ShapeNet/ccc91585d5d614a3ad3e04762b7c31c,True,skateboard,skateboard,2,"['the', 'deck', 'edge', 'is', 'not', 'as', 'high']",7,the deck edge is not as high,train,train,train,train,"[1, 10, 1281, 631, 7, 40, 52, 49, 2, 0, 0, 0, 0, 0, 0, 0, 0, 0]",deck
272091,user_323,The deck on the target is way thinner and seems less sturdy.,3OWEPKL08B5RS6ILRRYZGQU74T77NU,134.0,ccc91585d5d614a3ad3e04762b7c31c,skateboard,ShapeNet,113783f51974426b92ba7d308c045fd8,skateboard,ShapeNet,False,skateboard/ShapeNet/113783f51974426b92ba7d308c045fd8,skateboard/ShapeNet/ccc91585d5d614a3ad3e04762b7c31c,True,skateboard,skateboard,2,"['the', 'deck', 'on', 'the', 'target', 'is', 'way', 'thin', '-er', 'and', 'seems', 'less', 'sturdy']",13,the deck on the target is way thin -er and seems less sturdy,train,train,train,train,"[1, 10, 1281, 20, 10, 11, 7, 471, 60, 9, 47, 1238, 229, 2384, 2, 0, 0, 0]",deck
272093,user_156,It deck is wider in width.,3OS4RQUCRB826Q8U6KR2DN7ULTEBFH,25.0,5aec8d7745acbca498c63cb68f11df34,skateboard,ShapeNet,a6d560508fb2fe2858dda0079c7c30f2,skateboard,ShapeNet,False,skateboard/ShapeNet/a6d560508fb2fe2858dda0079c7c30f2,skateboard/ShapeNet/5aec8d7745acbca498c63cb68f11df34,False,skateboard,skateboard,2,"['it', 'deck', 'is', 'wide', '-er', 'in', 'width']",7,it deck is wide -er in width,train,train,train,train,"[1, 23, 1281, 7, 83, 9, 90, 358, 2, 0, 0, 0, 0, 0, 0, 0, 0, 0]",deck
272095,user_1298,There are no wheels.,3YOH7BII0B0SVQYECC9ZUCT6WG9VK5,17.0,5aec8d7745acbca498c63cb68f11df34,skateboard,ShapeNet,a6d560508fb2fe2858dda0079c7c30f2,skateboard,ShapeNet,False,skateboard/ShapeNet/a6d560508fb2fe2858dda0079c7c30f2,skateboard/ShapeNet/5aec8d7745acbca498c63cb68f11df34,False,skateboard,skateboard,2,"['there', 'are', 'no', 'wheels']",4,there are no wheels,train,train,train,train,"[1, 15, 16, 123, 1013, 2, 0, 0, 0, 0, 0, 0, 0, 0, 0, 0, 0, 0]",wheel
272096,user_203,The end of the deck is not curved upward.,3W92K5RLWWAPD7DB5P5TSNAOZQBV5H,156.0,6867832e7b9d3654aacda7f1c4fd3ea7,skateboard,ShapeNet,ffea27596947c29cc983a1dbe02fac40,skateboard,ShapeNet,False,skateboard/ShapeNet/ffea27596947c29cc983a1dbe02fac40,skateboard/ShapeNet/6867832e7b9d3654aacda7f1c4fd3ea7,False,skateboard,skateboard,2,"['the', 'end', 'of', 'the', 'deck', 'is', 'not', 'curved', 'upward']",9,the end of the deck is not curved upward,val,train,val,train,"[1, 10, 74, 38, 10, 1281, 7, 40, 51, 79, 2, 0, 0, 0, 0, 0, 0, 0]",deck
272097,user_1392,The wheels are a larger,33CKWXB73LDA3DWUXOJSI9QRY6311K,29.0,6867832e7b9d3654aacda7f1c4fd3ea7,skateboard,ShapeNet,ffea27596947c29cc983a1dbe02fac40,skateboard,ShapeNet,True,skateboard/ShapeNet/ffea27596947c29cc983a1dbe02fac40,skateboard/ShapeNet/6867832e7b9d3654aacda7f1c4fd3ea7,False,skateboard,skateboard,2,"['the', 'wheels', 'are', 'a', 'large', '-er']",6,the wheels are a large -er,val,train,val,train,"[1, 10, 1013, 16, 26, 94, 9, 2, 0, 0, 0, 0, 0, 0, 0, 0, 0, 0]",wheel
272098,user_1796,The truck hanger is larger.,31Z0PCVWUM8PNJN5ONKBPP0ZTBS7TU,66.0,6867832e7b9d3654aacda7f1c4fd3ea7,skateboard,ShapeNet,ffea27596947c29cc983a1dbe02fac40,skateboard,ShapeNet,False,skateboard/ShapeNet/ffea27596947c29cc983a1dbe02fac40,skateboard/ShapeNet/6867832e7b9d3654aacda7f1c4fd3ea7,False,skateboard,skateboard,2,"['the', 'truck', 'hanger', 'is', 'large', '-er']",6,the truck hanger is large -er,val,train,val,train,"[1, 10, 1606, 1654, 7, 94, 9, 2, 0, 0, 0, 0, 0, 0, 0, 0, 0, 0]",truck
272099,user_468,The wheels lack visible axel nuts,3E47SOBEYSP5QM2QLSTIR4Q4J52CIA,94.0,a6d79366eefbfa6df9034ea5f524d56a,skateboard,ShapeNet,ac2b6924a60a7a87aa4f69d519551495,skateboard,ShapeNet,False,skateboard/ShapeNet/ac2b6924a60a7a87aa4f69d519551495,skateboard/ShapeNet/a6d79366eefbfa6df9034ea5f524d56a,True,skateboard,skateboard,2,"['the', 'wheels', 'lack', 'visible', 'axel', 'nuts']",6,the wheels lack visible axel nuts,train,train,train,train,"[1, 10, 1013, 3697, 185, 1637, 1638, 2, 0, 0, 0, 0, 0, 0, 0, 0, 0, 0]",wheel
272100,user_1357,The deck is curvier,32Z9ZLUT1ND63GO95FKOMSJ687ZOHL,38.0,a6d79366eefbfa6df9034ea5f524d56a,skateboard,ShapeNet,ac2b6924a60a7a87aa4f69d519551495,skateboard,ShapeNet,False,skateboard/ShapeNet/ac2b6924a60a7a87aa4f69d519551495,skateboard/ShapeNet/a6d79366eefbfa6df9034ea5f524d56a,True,skateboard,skateboard,2,"['the', 'deck', 'is', 'curvy', '-er']",5,the deck is curvy -er,train,train,train,train,"[1, 10, 1281, 7, 179, 9, 2, 0, 0, 0, 0, 0, 0, 0, 0, 0, 0, 0]",deck
272102,user_203,The deck has more depth.,3F1567XTNYYG9MJ6MGO0YGGI4UH9QU,306.0,463434d2fcf567d56a93dc68b4021dbb,skateboard,ShapeNet,e421c23a2c02cac61082f2ea630bf69e,skateboard,ShapeNet,False,skateboard/ShapeNet/e421c23a2c02cac61082f2ea630bf69e,skateboard/ShapeNet/463434d2fcf567d56a93dc68b4021dbb,False,skateboard,skateboard,2,"['the', 'deck', 'has', 'more', 'depth']",5,the deck has more depth,test,train,test,train,"[1, 10, 1281, 24, 34, 607, 2, 0, 0, 0, 0, 0, 0, 0, 0, 0, 0, 0]",deck
272104,user_1246,The deck gets wider in the front,358UUM7WR1WC74ADKYFGPAZH5QUR70,45.0,463434d2fcf567d56a93dc68b4021dbb,skateboard,ShapeNet,e421c23a2c02cac61082f2ea630bf69e,skateboard,ShapeNet,False,skateboard/ShapeNet/e421c23a2c02cac61082f2ea630bf69e,skateboard/ShapeNet/463434d2fcf567d56a93dc68b4021dbb,False,skateboard,skateboard,2,"['the', 'deck', 'gets', 'wide', '-er', 'in', 'the', 'front']",8,the deck gets wide -er in the front,test,train,test,train,"[1, 10, 1281, 481, 83, 9, 90, 10, 37, 2, 0, 0, 0, 0, 0, 0, 0, 0]",deck
272106,user_1205,Its board has a bigger width,3WI0P0II63LSODBNBBI2P29DR3ZRDZ,46.0,16edf6f6574568723f7198a00163bb6,skateboard,ShapeNet,58ae991bd0350810b9ac379f661f5c75,skateboard,ShapeNet,False,skateboard/ShapeNet/58ae991bd0350810b9ac379f661f5c75,skateboard/ShapeNet/16edf6f6574568723f7198a00163bb6,True,skateboard,skateboard,2,"['its', 'board', 'has', 'a', 'big', '-er', 'width']",7,its board has a big -er width,train,train,train,train,"[1, 5, 948, 24, 26, 320, 9, 358, 2, 0, 0, 0, 0, 0, 0, 0, 0, 0]",deck
272107,user_1644,the deck is wider,3AWETUDC94LIYFD0D6DQ22RPSNPZIX,42.0,16edf6f6574568723f7198a00163bb6,skateboard,ShapeNet,58ae991bd0350810b9ac379f661f5c75,skateboard,ShapeNet,False,skateboard/ShapeNet/58ae991bd0350810b9ac379f661f5c75,skateboard/ShapeNet/16edf6f6574568723f7198a00163bb6,True,skateboard,skateboard,2,"['the', 'deck', 'is', 'wide', '-er']",5,the deck is wide -er,train,train,train,train,"[1, 10, 1281, 7, 83, 9, 2, 0, 0, 0, 0, 0, 0, 0, 0, 0, 0, 0]",deck
272108,user_156,Its deck has a raised lip along its two longest sides.,3X4MXAO0BIHRXJBES6NSHQYYYJ7RWA,76.0,c8aed131dd905c6e1082f2ea630bf69e,skateboard,ShapeNet,8310154df085baf3e3cfaa4e6977fab6,skateboard,ShapeNet,False,skateboard/ShapeNet/8310154df085baf3e3cfaa4e6977fab6,skateboard/ShapeNet/c8aed131dd905c6e1082f2ea630bf69e,True,skateboard,skateboard,2,"['its', 'deck', 'has', 'a', 'raised', 'lip', 'along', 'its', 'two', 'long', '-est', 'sides']",12,its deck has a raised lip along its two long -est sides,train,train,train,train,"[1, 5, 1281, 24, 26, 681, 125, 480, 5, 17, 32, 531, 360, 2, 0, 0, 0, 0]",deck
272109,user_1815,Deck is two-toned.,3L4PIM1GQV9VMO6E775G2NJE9R6YRF,90.0,c8aed131dd905c6e1082f2ea630bf69e,skateboard,ShapeNet,8310154df085baf3e3cfaa4e6977fab6,skateboard,ShapeNet,False,skateboard/ShapeNet/8310154df085baf3e3cfaa4e6977fab6,skateboard/ShapeNet/c8aed131dd905c6e1082f2ea630bf69e,True,skateboard,skateboard,2,"['deck', 'is', 'two', 'toned']",4,deck is two toned,train,train,train,train,"[1, 1281, 7, 17, 5471, 2, 0, 0, 0, 0, 0, 0, 0, 0, 0, 0, 0, 0]",deck
