,workerid,utterance,assignmentid,worktimeinseconds,source_model_name,source_object_class,source_dataset,target_model_name,target_object_class,target_dataset,is_patched,target_uid,source_uid,hard_context,target_original_object_class,source_original_object_class,saliency,tokens,tokens_len,utterance_spelled,target_unary_split,source_unary_split,listening_split,changeit_split,tokens_encoded,part_keywords
2564,user_1633,The target does not have as wide of a brim.,3WS1NTTKE051M35K84UDT6BBUHOF0Q,37.0,5eb9ab53213f5fff4e09ebaf49b0cb2f,cap,ShapeNet,f3e5ec75a719c3efb5f4a9188bfa0ef6,cap,PartNet,False,cap/PartNet/f3e5ec75a719c3efb5f4a9188bfa0ef6,cap/ShapeNet/5eb9ab53213f5fff4e09ebaf49b0cb2f,False,hat,cap,0,"['the', 'target', 'does', 'not', 'have', 'as', 'wide', 'of', 'a', 'brim']",10,the target does not have as wide of a brim,train,train,train,train,"[1, 10, 11, 39, 40, 84, 52, 83, 38, 26, 601, 2, 0, 0, 0, 0, 0, 0]",brim
2565,user_1644,It is a top hat.,3WR9XG3T65456Y8F9MJ3HHO7D5P47V,24.0,5eb9ab53213f5fff4e09ebaf49b0cb2f,cap,ShapeNet,f3e5ec75a719c3efb5f4a9188bfa0ef6,cap,PartNet,False,cap/PartNet/f3e5ec75a719c3efb5f4a9188bfa0ef6,cap/ShapeNet/5eb9ab53213f5fff4e09ebaf49b0cb2f,False,hat,cap,0,"['it', 'is', 'a', 'top', 'hat']",5,it is a top hat,train,train,train,train,"[1, 23, 7, 26, 99, 602, 2, 0, 0, 0, 0, 0, 0, 0, 0, 0, 0, 0]",crown
2566,user_90,The bill is flatter,32AT8R96GN2Q6UMMCV8WPCIXZWMSUP,87.0,40f0c6599f0be25fce01c07526cf2aa4,cap,ShapeNet,3dec0d851cba045fbf444790f25ea3db,cap,ShapeNet,False,cap/ShapeNet/3dec0d851cba045fbf444790f25ea3db,cap/ShapeNet/40f0c6599f0be25fce01c07526cf2aa4,True,cap,cap,0,"['the', 'bill', 'is', 'flat', '-er']",5,the bill is flat -er,train,train,train,train,"[1, 10, 603, 7, 129, 9, 2, 0, 0, 0, 0, 0, 0, 0, 0, 0, 0, 0]",brim
2569,user_786,Its crown's diameter is less,3TDXMTX3CDNGA5TPB1GF54YUNDA6IJ,39.0,9634ac7cd209cc7e230a4d129580843a,cap,PartNet,463013adc207ca16eb5d382c7eb13b28,cap,PartNet,False,cap/PartNet/463013adc207ca16eb5d382c7eb13b28,cap/PartNet/9634ac7cd209cc7e230a4d129580843a,True,hat,hat,0,"['its', 'crown', ""'s"", 'diameter', 'is', 'less']",6,its crown 's diameter is less,train,train,train,train,"[1, 5, 606, 12, 268, 7, 229, 2, 0, 0, 0, 0, 0, 0, 0, 0, 0, 0]",crown
2570,user_1633,"The target has a brim, not a visor.",3C2NJ6JBKCAK65LFLFH4KZDZT6U2N4,29.0,9634ac7cd209cc7e230a4d129580843a,cap,PartNet,463013adc207ca16eb5d382c7eb13b28,cap,PartNet,False,cap/PartNet/463013adc207ca16eb5d382c7eb13b28,cap/PartNet/9634ac7cd209cc7e230a4d129580843a,True,hat,hat,0,"['the', 'target', 'has', 'a', 'brim', 'not', 'a', 'visor']",8,the target has a brim not a visor,train,train,train,train,"[1, 10, 11, 24, 26, 601, 40, 26, 605, 2, 0, 0, 0, 0, 0, 0, 0, 0]",brim
2573,user_1644,The crown is shorter.,35H6S234SCT4YHYA4HXLGVUPIQX650,36.0,c49d544f3743bc08d23279d7571c8868,cap,PartNet,77f97b18d27a8905afd2bc3942374579,cap,PartNet,False,cap/PartNet/77f97b18d27a8905afd2bc3942374579,cap/PartNet/c49d544f3743bc08d23279d7571c8868,True,hat,hat,0,"['the', 'crown', 'is', 'short', '-er']",5,the crown is short -er,train,train,train,train,"[1, 10, 606, 7, 8, 9, 2, 0, 0, 0, 0, 0, 0, 0, 0, 0, 0, 0]",crown
2574,user_2105,target has shorter crown,3BQU611VFRDAHN2K5EDECLQTUOF99Y,54.0,c49d544f3743bc08d23279d7571c8868,cap,PartNet,77f97b18d27a8905afd2bc3942374579,cap,PartNet,False,cap/PartNet/77f97b18d27a8905afd2bc3942374579,cap/PartNet/c49d544f3743bc08d23279d7571c8868,True,hat,hat,0,"['target', 'has', 'short', '-er', 'crown']",5,target has short -er crown,train,train,train,train,"[1, 11, 24, 8, 9, 606, 2, 0, 0, 0, 0, 0, 0, 0, 0, 0, 0, 0]",crown
2575,user_786,Its crown diameter is larger,3LOTDFNYA9SUUT651BNY01KFVNAWFI,75.0,484d95c416ee10a74ce8c4cc4cdde9b4,cap,PartNet,87c240c20a772f51e6e812c94ac516eb,cap,PartNet,False,cap/PartNet/87c240c20a772f51e6e812c94ac516eb,cap/PartNet/484d95c416ee10a74ce8c4cc4cdde9b4,True,hat,hat,0,"['its', 'crown', 'diameter', 'is', 'large', '-er']",6,its crown diameter is large -er,train,train,train,train,"[1, 5, 606, 268, 7, 94, 9, 2, 0, 0, 0, 0, 0, 0, 0, 0, 0, 0]",crown
2576,user_1644,The crown is taller.,32RIADZISUXRPWS7XPHEC8K30JYS42,46.0,484d95c416ee10a74ce8c4cc4cdde9b4,cap,PartNet,87c240c20a772f51e6e812c94ac516eb,cap,PartNet,False,cap/PartNet/87c240c20a772f51e6e812c94ac516eb,cap/PartNet/484d95c416ee10a74ce8c4cc4cdde9b4,True,hat,hat,0,"['the', 'crown', 'is', 'tall', '-er']",5,the crown is tall -er,train,train,train,train,"[1, 10, 606, 7, 53, 9, 2, 0, 0, 0, 0, 0, 0, 0, 0, 0, 0, 0]",crown
2577,user_2105,target has smaller brim depth,3ITXP059PYCHSEBS0W4IIA9MIHFSJM,35.0,484d95c416ee10a74ce8c4cc4cdde9b4,cap,PartNet,87c240c20a772f51e6e812c94ac516eb,cap,PartNet,False,cap/PartNet/87c240c20a772f51e6e812c94ac516eb,cap/PartNet/484d95c416ee10a74ce8c4cc4cdde9b4,True,hat,hat,0,"['target', 'has', 'small', '-er', 'brim', 'depth']",6,target has small -er brim depth,train,train,train,train,"[1, 11, 24, 111, 9, 601, 607, 2, 0, 0, 0, 0, 0, 0, 0, 0, 0, 0]",brim
2579,user_1644,It has a brim.,386CSBG1O1FTR3H8O9LOE6PGEMJQ6W,54.0,5dbe1341bec2f70cf0d11ae402ef940e,cap,PartNet,f84abb697315dd7784c54dff812f6abb,cap,PartNet,False,cap/PartNet/f84abb697315dd7784c54dff812f6abb,cap/PartNet/5dbe1341bec2f70cf0d11ae402ef940e,True,hat,hat,0,"['it', 'has', 'a', 'brim']",4,it has a brim,train,train,train,train,"[1, 23, 24, 26, 601, 2, 0, 0, 0, 0, 0, 0, 0, 0, 0, 0, 0, 0]",brim
2580,user_2105,target looks like top hat,3R8YZBNQ9JBCV3VD7JQGKKPC9YUQ7O,30.0,5dbe1341bec2f70cf0d11ae402ef940e,cap,PartNet,f84abb697315dd7784c54dff812f6abb,cap,PartNet,False,cap/PartNet/f84abb697315dd7784c54dff812f6abb,cap/PartNet/5dbe1341bec2f70cf0d11ae402ef940e,True,hat,hat,0,"['target', 'looks', 'like', 'top', 'hat']",5,target looks like top hat,train,train,train,train,"[1, 11, 33, 35, 99, 602, 2, 0, 0, 0, 0, 0, 0, 0, 0, 0, 0, 0]",crown
2581,user_1143,The target has around brim around the bottom,3FE7TXL1LKG592Y7179LOT84YHIQ2G,64.0,889204300c03ae7dc8687ff9b0b4e4ac,cap,PartNet,b0bdecad995dca22f316a08d4796320f,cap,PartNet,False,cap/PartNet/b0bdecad995dca22f316a08d4796320f,cap/PartNet/889204300c03ae7dc8687ff9b0b4e4ac,True,hat,hat,0,"['the', 'target', 'has', 'around', 'brim', 'around', 'the', 'bottom']",8,the target has around brim around the bottom,test,train,test,train,"[1, 10, 11, 24, 239, 601, 239, 10, 76, 2, 0, 0, 0, 0, 0, 0, 0, 0]",brim
2582,user_1644,The crown is shorter.,39O5D9O87VLQ0JK70PMVNYOF0GHC38,30.0,889204300c03ae7dc8687ff9b0b4e4ac,cap,PartNet,b0bdecad995dca22f316a08d4796320f,cap,PartNet,False,cap/PartNet/b0bdecad995dca22f316a08d4796320f,cap/PartNet/889204300c03ae7dc8687ff9b0b4e4ac,True,hat,hat,0,"['the', 'crown', 'is', 'short', '-er']",5,the crown is short -er,test,train,test,train,"[1, 10, 606, 7, 8, 9, 2, 0, 0, 0, 0, 0, 0, 0, 0, 0, 0, 0]",crown
2584,user_786,Its crown is a slightly larger hemisphere,3P529IW9K0EEJZU6XXGWRQ3ZXFZLF5,79.0,c721e05c676faf20a9aa61915b4add2d,cap,PartNet,b08d714d0617f5d5305be49cf697a665,cap,PartNet,False,cap/PartNet/b08d714d0617f5d5305be49cf697a665,cap/PartNet/c721e05c676faf20a9aa61915b4add2d,True,hat,hat,0,"['its', 'crown', 'is', 'a', 'slightly', 'large', '-er', 'hemisphere']",8,its crown is a slightly large -er hemisphere,val,train,val,train,"[1, 5, 606, 7, 26, 174, 94, 9, 689, 2, 0, 0, 0, 0, 0, 0, 0, 0]",crown
2585,user_1529,The brim goes straight across in the front.,3UXUOQ9OKGQK8NOWINTUUKA75GCA75,65.0,c721e05c676faf20a9aa61915b4add2d,cap,PartNet,b08d714d0617f5d5305be49cf697a665,cap,PartNet,False,cap/PartNet/b08d714d0617f5d5305be49cf697a665,cap/PartNet/c721e05c676faf20a9aa61915b4add2d,True,hat,hat,0,"['the', 'brim', 'goes', 'straight', 'across', 'in', 'the', 'front']",8,the brim goes straight across in the front,val,train,val,train,"[1, 10, 601, 394, 114, 702, 90, 10, 37, 2, 0, 0, 0, 0, 0, 0, 0, 0]",brim
2586,user_2105,target has longer length crown,3JNQLM5FT6FUI5IU921P779AOCLL2E,39.0,c721e05c676faf20a9aa61915b4add2d,cap,PartNet,b08d714d0617f5d5305be49cf697a665,cap,PartNet,False,cap/PartNet/b08d714d0617f5d5305be49cf697a665,cap/PartNet/c721e05c676faf20a9aa61915b4add2d,True,hat,hat,0,"['target', 'has', 'long', '-er', 'length', 'crown']",6,target has long -er length crown,val,train,val,train,"[1, 11, 24, 32, 9, 155, 606, 2, 0, 0, 0, 0, 0, 0, 0, 0, 0, 0]",crown
2588,user_1644,The crown is pointed.,3DY46V3X3RB8FDYWZYNGOPGPMVM55J,18.0,a444fff8c769de616a10eb60523df1e9,cap,ShapeNet,60153b9c1dc500a93d8dd242efdcdeb,cap,PartNet,False,cap/PartNet/60153b9c1dc500a93d8dd242efdcdeb,cap/ShapeNet/a444fff8c769de616a10eb60523df1e9,False,hat,cap,0,"['the', 'crown', 'is', 'pointed']",4,the crown is pointed,train,train,train,train,"[1, 10, 606, 7, 387, 2, 0, 0, 0, 0, 0, 0, 0, 0, 0, 0, 0, 0]",crown
2589,user_2105,target has triangle shaped crown,3IO1LGZLKBQNLZHC2F4OSF4GKHQ86Y,31.0,a444fff8c769de616a10eb60523df1e9,cap,ShapeNet,60153b9c1dc500a93d8dd242efdcdeb,cap,PartNet,False,cap/PartNet/60153b9c1dc500a93d8dd242efdcdeb,cap/ShapeNet/a444fff8c769de616a10eb60523df1e9,False,hat,cap,0,"['target', 'has', 'triangle', 'shaped', 'crown']",5,target has triangle shaped crown,train,train,train,train,"[1, 11, 24, 608, 14, 606, 2, 0, 0, 0, 0, 0, 0, 0, 0, 0, 0, 0]",crown
2590,user_456,The target has an irregular circle on top.,3NC5L260MQFMPKX3APWOJ77TSL2OFP,91.0,26239157c6539065895d3362333efa72,cap,PartNet,d196cee1204df9027bd9558057bfa0b3,cap,PartNet,False,cap/PartNet/d196cee1204df9027bd9558057bfa0b3,cap/PartNet/26239157c6539065895d3362333efa72,True,hat,hat,0,"['the', 'target', 'has', 'an', 'irregular', 'circle', 'on', 'top']",8,the target has an irregular circle on top,train,train,train,train,"[1, 10, 11, 24, 72, 609, 149, 20, 99, 2, 0, 0, 0, 0, 0, 0, 0, 0]",crown
2591,user_786,"Its crown's overall shape is cylindrical, NOT conical",3IO1LGZLKBQNLZHC2F4OSF4GKH668C,62.0,26239157c6539065895d3362333efa72,cap,PartNet,d196cee1204df9027bd9558057bfa0b3,cap,PartNet,False,cap/PartNet/d196cee1204df9027bd9558057bfa0b3,cap/PartNet/26239157c6539065895d3362333efa72,True,hat,hat,0,"['its', 'crown', ""'s"", 'overall', 'shape', 'is', 'cylindrical', 'not', 'conical']",9,its crown 's overall shape is cylindrical not conical,train,train,train,train,"[1, 5, 606, 12, 201, 93, 7, 176, 40, 399, 2, 0, 0, 0, 0, 0, 0, 0]",crown
2592,user_1644,The crown is shorter.,3WOKGM4L739VSGID77D3G0KPMKAO0K,22.0,26239157c6539065895d3362333efa72,cap,PartNet,d196cee1204df9027bd9558057bfa0b3,cap,PartNet,False,cap/PartNet/d196cee1204df9027bd9558057bfa0b3,cap/PartNet/26239157c6539065895d3362333efa72,True,hat,hat,0,"['the', 'crown', 'is', 'short', '-er']",5,the crown is short -er,train,train,train,train,"[1, 10, 606, 7, 8, 9, 2, 0, 0, 0, 0, 0, 0, 0, 0, 0, 0, 0]",crown
2593,user_203,The brim is not circular.,34V1S5K3GUUNZ40M77A2SBZR4NO691,57.0,b0b7e7e0e34b4f79487003545673a337,cap,PartNet,ed352b53b17b6119e762cf5917cef4ef,cap,ShapeNet,False,cap/ShapeNet/ed352b53b17b6119e762cf5917cef4ef,cap/PartNet/b0b7e7e0e34b4f79487003545673a337,True,cap,hat,0,"['the', 'brim', 'is', 'not', 'circular']",5,the brim is not circular,train,train,train,train,"[1, 10, 601, 7, 40, 102, 2, 0, 0, 0, 0, 0, 0, 0, 0, 0, 0, 0]",brim
2599,user_786,"Its crown is cylindrical, NOT conical",3DY46V3X3RB8FDYWZYNGOPGPMW7556,28.0,26ded18f7b1ad4c83a444f07ecb8c124,cap,PartNet,233a6e7c31de58a33d4bab39ff8346fd,cap,PartNet,False,cap/PartNet/233a6e7c31de58a33d4bab39ff8346fd,cap/PartNet/26ded18f7b1ad4c83a444f07ecb8c124,False,hat,hat,0,"['its', 'crown', 'is', 'cylindrical', 'not', 'conical']",6,its crown is cylindrical not conical,train,train,train,train,"[1, 5, 606, 7, 176, 40, 399, 2, 0, 0, 0, 0, 0, 0, 0, 0, 0, 0]",crown
2600,user_1633,The target is flat on top.,3CPLWGV3MQSV6P6E6OWJUMLDZC49N3,19.0,26ded18f7b1ad4c83a444f07ecb8c124,cap,PartNet,233a6e7c31de58a33d4bab39ff8346fd,cap,PartNet,False,cap/PartNet/233a6e7c31de58a33d4bab39ff8346fd,cap/PartNet/26ded18f7b1ad4c83a444f07ecb8c124,False,hat,hat,0,"['the', 'target', 'is', 'flat', 'on', 'top']",6,the target is flat on top,train,train,train,train,"[1, 10, 11, 7, 129, 20, 99, 2, 0, 0, 0, 0, 0, 0, 0, 0, 0, 0]",crown
2601,user_1644,It is a top hat.,3E13VNJ1NPOL3JSS5V4YA87DF27I1A,20.0,26ded18f7b1ad4c83a444f07ecb8c124,cap,PartNet,233a6e7c31de58a33d4bab39ff8346fd,cap,PartNet,False,cap/PartNet/233a6e7c31de58a33d4bab39ff8346fd,cap/PartNet/26ded18f7b1ad4c83a444f07ecb8c124,False,hat,hat,0,"['it', 'is', 'a', 'top', 'hat']",5,it is a top hat,train,train,train,train,"[1, 23, 7, 26, 99, 602, 2, 0, 0, 0, 0, 0, 0, 0, 0, 0, 0, 0]",crown
2602,user_203,The crown is taller.,39GHHAVOMHKYQT9HAV80K7TG40R4J4,62.0,47d8ea8d4f14119048908f59408795,cap,PartNet,715964d98402b5c691f70edfed6ef8d,cap,PartNet,False,cap/PartNet/715964d98402b5c691f70edfed6ef8d,cap/PartNet/47d8ea8d4f14119048908f59408795,True,hat,hat,0,"['the', 'crown', 'is', 'tall', '-er']",5,the crown is tall -er,test,train,test,train,"[1, 10, 606, 7, 53, 9, 2, 0, 0, 0, 0, 0, 0, 0, 0, 0, 0, 0]",crown
2603,user_1644,The crown is taller.,3ZQIG0FLQG9JQQSV1QS2INN1JGRWVX,56.0,47d8ea8d4f14119048908f59408795,cap,PartNet,715964d98402b5c691f70edfed6ef8d,cap,PartNet,False,cap/PartNet/715964d98402b5c691f70edfed6ef8d,cap/PartNet/47d8ea8d4f14119048908f59408795,True,hat,hat,0,"['the', 'crown', 'is', 'tall', '-er']",5,the crown is tall -er,test,train,test,train,"[1, 10, 606, 7, 53, 9, 2, 0, 0, 0, 0, 0, 0, 0, 0, 0, 0, 0]",crown
2604,user_1964,the brim is thinner,339ANSOTR7VN9KEED5AGFN3CO7MIKQ,48.0,47d8ea8d4f14119048908f59408795,cap,PartNet,715964d98402b5c691f70edfed6ef8d,cap,PartNet,False,cap/PartNet/715964d98402b5c691f70edfed6ef8d,cap/PartNet/47d8ea8d4f14119048908f59408795,True,hat,hat,0,"['the', 'brim', 'is', 'thin', '-er']",5,the brim is thin -er,test,train,test,train,"[1, 10, 601, 7, 60, 9, 2, 0, 0, 0, 0, 0, 0, 0, 0, 0, 0, 0]",brim
2607,user_2105,target has taller crown,3570Y55XZRC4XYX0RWB43J577ABYGJ,53.0,b5a6c597fefeaa0598095901ddb7e8e7,cap,PartNet,4c818a2a478b13db1e4e75745130e652,cap,PartNet,False,cap/PartNet/4c818a2a478b13db1e4e75745130e652,cap/PartNet/b5a6c597fefeaa0598095901ddb7e8e7,True,hat,hat,0,"['target', 'has', 'tall', '-er', 'crown']",5,target has tall -er crown,train,train,train,train,"[1, 11, 24, 53, 9, 606, 2, 0, 0, 0, 0, 0, 0, 0, 0, 0, 0, 0]",crown
2608,user_203,The brim edge is not as tall.,3R2UR8A0IC93P6OOAJ2APE70WQ9OXR,80.0,d0919880bdf7eec8fe5dfc44db6ed8eb,cap,PartNet,4bd0b6df02772d8f59c9250a427b57f,cap,ShapeNet,False,cap/ShapeNet/4bd0b6df02772d8f59c9250a427b57f,cap/PartNet/d0919880bdf7eec8fe5dfc44db6ed8eb,True,cap,hat,0,"['the', 'brim', 'edge', 'is', 'not', 'as', 'tall']",7,the brim edge is not as tall,test,train,test,train,"[1, 10, 601, 631, 7, 40, 52, 53, 2, 0, 0, 0, 0, 0, 0, 0, 0, 0]",brim
2609,user_786,Its crown is taller,3YMU66OBIP1IB37BHW7GHJA4HECHGH,65.0,d0919880bdf7eec8fe5dfc44db6ed8eb,cap,PartNet,4bd0b6df02772d8f59c9250a427b57f,cap,ShapeNet,False,cap/ShapeNet/4bd0b6df02772d8f59c9250a427b57f,cap/PartNet/d0919880bdf7eec8fe5dfc44db6ed8eb,True,cap,hat,0,"['its', 'crown', 'is', 'tall', '-er']",5,its crown is tall -er,test,train,test,train,"[1, 5, 606, 7, 53, 9, 2, 0, 0, 0, 0, 0, 0, 0, 0, 0, 0, 0]",crown
2610,user_1644,The crown is taller.,34V1S5K3GUUNZ40M77A2SBZR4MG96U,45.0,d0919880bdf7eec8fe5dfc44db6ed8eb,cap,PartNet,4bd0b6df02772d8f59c9250a427b57f,cap,ShapeNet,False,cap/ShapeNet/4bd0b6df02772d8f59c9250a427b57f,cap/PartNet/d0919880bdf7eec8fe5dfc44db6ed8eb,True,cap,hat,0,"['the', 'crown', 'is', 'tall', '-er']",5,the crown is tall -er,test,train,test,train,"[1, 10, 606, 7, 53, 9, 2, 0, 0, 0, 0, 0, 0, 0, 0, 0, 0, 0]",crown
2611,user_1143,The target has a wider brim,3Y4W8Q93L1DKHKS4KVNCQZYGC0MDV6,38.0,17507563e90313433f19716eab42752,cap,PartNet,b3ccfa337100028088f5610828331858,cap,PartNet,False,cap/PartNet/b3ccfa337100028088f5610828331858,cap/PartNet/17507563e90313433f19716eab42752,True,hat,hat,0,"['the', 'target', 'has', 'a', 'wide', '-er', 'brim']",7,the target has a wide -er brim,train,train,train,train,"[1, 10, 11, 24, 26, 83, 9, 601, 2, 0, 0, 0, 0, 0, 0, 0, 0, 0]",brim
2612,user_1633,The target has a wider brim.,31LVTDXBL93BMPZFOSGQ8FHI039RL5,29.0,17507563e90313433f19716eab42752,cap,PartNet,b3ccfa337100028088f5610828331858,cap,PartNet,False,cap/PartNet/b3ccfa337100028088f5610828331858,cap/PartNet/17507563e90313433f19716eab42752,True,hat,hat,0,"['the', 'target', 'has', 'a', 'wide', '-er', 'brim']",7,the target has a wide -er brim,train,train,train,train,"[1, 10, 11, 24, 26, 83, 9, 601, 2, 0, 0, 0, 0, 0, 0, 0, 0, 0]",brim
2613,user_1644,The crown is taller.,3ERET4BTVO2UYJLB9B432U495H3K9D,32.0,17507563e90313433f19716eab42752,cap,PartNet,b3ccfa337100028088f5610828331858,cap,PartNet,False,cap/PartNet/b3ccfa337100028088f5610828331858,cap/PartNet/17507563e90313433f19716eab42752,True,hat,hat,0,"['the', 'crown', 'is', 'tall', '-er']",5,the crown is tall -er,train,train,train,train,"[1, 10, 606, 7, 53, 9, 2, 0, 0, 0, 0, 0, 0, 0, 0, 0, 0, 0]",crown
2615,user_1689,"The target has a flat top, rather than creases.",3NPFYT4IZEXFXT7QM0P2K5YY538GXK,277.0,c1e8ad86328cefba1032b754478d4b36,cap,PartNet,f1a3280859c83c2ebfabbbce99807de9,cap,PartNet,False,cap/PartNet/f1a3280859c83c2ebfabbbce99807de9,cap/PartNet/c1e8ad86328cefba1032b754478d4b36,False,hat,hat,0,"['the', 'target', 'has', 'a', 'flat', 'top', 'rather', 'than', 'creases']",9,the target has a flat top rather than creases,train,train,train,train,"[1, 10, 11, 24, 26, 129, 99, 466, 131, 613, 2, 0, 0, 0, 0, 0, 0, 0]",crown
2617,user_920,The target ha a design on top.,3ZAZR5XV03BRLCR0LWH4RZTUFBGCZ5,56.0,b9be3ecb04284bebdde3c649189c2dd4,cap,PartNet,8b2951e32e0906bb5f6cb4951755315c,cap,ShapeNet,False,cap/ShapeNet/8b2951e32e0906bb5f6cb4951755315c,cap/PartNet/b9be3ecb04284bebdde3c649189c2dd4,False,cap,hat,0,"['the', 'target', 'ha', 'a', 'design', 'on', 'top']",7,the target ha a design on top,train,train,train,train,"[1, 10, 11, 614, 26, 192, 20, 99, 2, 0, 0, 0, 0, 0, 0, 0, 0, 0]",crown
2623,user_786,Its crown height is less,3KGTPGBS6ZEX1V5OIGTQYU5T12N2UW,47.0,bf120175fed89392954cc04e9b526b85,cap,PartNet,c5d20fc28adf769b1802624b30ec569e,cap,PartNet,False,cap/PartNet/c5d20fc28adf769b1802624b30ec569e,cap/PartNet/bf120175fed89392954cc04e9b526b85,True,hat,hat,0,"['its', 'crown', 'height', 'is', 'less']",5,its crown height is less,train,train,train,train,"[1, 5, 606, 117, 7, 229, 2, 0, 0, 0, 0, 0, 0, 0, 0, 0, 0, 0]",crown
2625,user_1633,The target has a wider brim.,3PPTZCWALSDVFD1JQEIZB4IBJQFZQV,43.0,bf120175fed89392954cc04e9b526b85,cap,PartNet,c5d20fc28adf769b1802624b30ec569e,cap,PartNet,False,cap/PartNet/c5d20fc28adf769b1802624b30ec569e,cap/PartNet/bf120175fed89392954cc04e9b526b85,True,hat,hat,0,"['the', 'target', 'has', 'a', 'wide', '-er', 'brim']",7,the target has a wide -er brim,train,train,train,train,"[1, 10, 11, 24, 26, 83, 9, 601, 2, 0, 0, 0, 0, 0, 0, 0, 0, 0]",brim
2632,user_1529,The top of the hat comes to a point.,3HUTX6F6VWG2OQLRMUHHZOD4JH02OM,58.0,a0ab4dc115f1b4f3b26ac8618c0d5a9,cap,PartNet,13b825962a6217ff4691bd87e7b046b1,cap,PartNet,False,cap/PartNet/13b825962a6217ff4691bd87e7b046b1,cap/PartNet/a0ab4dc115f1b4f3b26ac8618c0d5a9,True,hat,hat,0,"['the', 'top', 'of', 'the', 'hat', 'comes', 'to', 'a', 'point']",9,the top of the hat comes to a point,train,train,train,train,"[1, 10, 99, 38, 10, 602, 88, 58, 26, 412, 2, 0, 0, 0, 0, 0, 0, 0]",crown
2633,user_1644,The crown is taller.,3C6FJU71TSMN2GYVB10L7Y6YGHIYU9,18.0,a0ab4dc115f1b4f3b26ac8618c0d5a9,cap,PartNet,13b825962a6217ff4691bd87e7b046b1,cap,PartNet,False,cap/PartNet/13b825962a6217ff4691bd87e7b046b1,cap/PartNet/a0ab4dc115f1b4f3b26ac8618c0d5a9,True,hat,hat,0,"['the', 'crown', 'is', 'tall', '-er']",5,the crown is tall -er,train,train,train,train,"[1, 10, 606, 7, 53, 9, 2, 0, 0, 0, 0, 0, 0, 0, 0, 0, 0, 0]",crown
2636,user_1633,"The target has a brim, not a visor.",3OONKJ5DKECWC3LN5NAS0HG8DMCBOU,23.0,6cfb76b40fc41da2a6e67635b9d1cee5,cap,ShapeNet,26239157c6539065895d3362333efa72,cap,PartNet,False,cap/PartNet/26239157c6539065895d3362333efa72,cap/ShapeNet/6cfb76b40fc41da2a6e67635b9d1cee5,False,hat,cap,0,"['the', 'target', 'has', 'a', 'brim', 'not', 'a', 'visor']",8,the target has a brim not a visor,train,train,train,train,"[1, 10, 11, 24, 26, 601, 40, 26, 605, 2, 0, 0, 0, 0, 0, 0, 0, 0]",brim
2638,user_920,The target's crown is rounded.,30BXRYBRP6QE8PXBW1BY3MWSB1HHWT,69.0,87c240c20a772f51e6e812c94ac516eb,cap,PartNet,a8ddbd8c9cdb3088d2eebe596133133e,cap,PartNet,False,cap/PartNet/a8ddbd8c9cdb3088d2eebe596133133e,cap/PartNet/87c240c20a772f51e6e812c94ac516eb,False,hat,hat,0,"['the', 'target', ""'s"", 'crown', 'is', 'rounded']",6,the target 's crown is rounded,val,train,val,train,"[1, 10, 11, 12, 606, 7, 48, 2, 0, 0, 0, 0, 0, 0, 0, 0, 0, 0]",crown
2639,user_1143,The target has a rounded top,3X65QVEQI2G7GNAW6VQVJKIW028LCV,56.0,87c240c20a772f51e6e812c94ac516eb,cap,PartNet,a8ddbd8c9cdb3088d2eebe596133133e,cap,PartNet,False,cap/PartNet/a8ddbd8c9cdb3088d2eebe596133133e,cap/PartNet/87c240c20a772f51e6e812c94ac516eb,False,hat,hat,0,"['the', 'target', 'has', 'a', 'rounded', 'top']",6,the target has a rounded top,val,train,val,train,"[1, 10, 11, 24, 26, 48, 99, 2, 0, 0, 0, 0, 0, 0, 0, 0, 0, 0]",crown
2640,user_1644,The crown is shorter.,3LPW2N6LKVVP0SOB0ZVOW185LDXU5A,67.0,87c240c20a772f51e6e812c94ac516eb,cap,PartNet,a8ddbd8c9cdb3088d2eebe596133133e,cap,PartNet,False,cap/PartNet/a8ddbd8c9cdb3088d2eebe596133133e,cap/PartNet/87c240c20a772f51e6e812c94ac516eb,False,hat,hat,0,"['the', 'crown', 'is', 'short', '-er']",5,the crown is short -er,val,train,val,train,"[1, 10, 606, 7, 8, 9, 2, 0, 0, 0, 0, 0, 0, 0, 0, 0, 0, 0]",crown
2641,user_786,Its crown is shaped like a dome,3A4TN5196MB5URR6FABXRSPPJLYHCJ,54.0,824e0bb9c53a50d27c010a074193cb9e,cap,PartNet,d18c3ce1f186c16976bb31db0358e9c6,cap,ShapeNet,False,cap/ShapeNet/d18c3ce1f186c16976bb31db0358e9c6,cap/PartNet/824e0bb9c53a50d27c010a074193cb9e,False,cap,hat,0,"['its', 'crown', 'is', 'shaped', 'like', 'a', 'dome']",7,its crown is shaped like a dome,train,train,train,train,"[1, 5, 606, 7, 14, 35, 26, 159, 2, 0, 0, 0, 0, 0, 0, 0, 0, 0]",crown
2647,user_920,The target's crown is taller.,3KIBXJ1WD7NX56PHB0NLZKZY0GMKOO,40.0,484d95c416ee10a74ce8c4cc4cdde9b4,cap,PartNet,fc4bf4203c69da43b5c87aa520cf194f,cap,PartNet,False,cap/PartNet/fc4bf4203c69da43b5c87aa520cf194f,cap/PartNet/484d95c416ee10a74ce8c4cc4cdde9b4,True,hat,hat,0,"['the', 'target', ""'s"", 'crown', 'is', 'tall', '-er']",7,the target 's crown is tall -er,train,train,train,train,"[1, 10, 11, 12, 606, 7, 53, 9, 2, 0, 0, 0, 0, 0, 0, 0, 0, 0]",crown
2649,user_1644,It is a top hat.,33CID57106MJ3NEDD2FUQHE2UPUL3W,20.0,484d95c416ee10a74ce8c4cc4cdde9b4,cap,PartNet,fc4bf4203c69da43b5c87aa520cf194f,cap,PartNet,False,cap/PartNet/fc4bf4203c69da43b5c87aa520cf194f,cap/PartNet/484d95c416ee10a74ce8c4cc4cdde9b4,True,hat,hat,0,"['it', 'is', 'a', 'top', 'hat']",5,it is a top hat,train,train,train,train,"[1, 23, 7, 26, 99, 602, 2, 0, 0, 0, 0, 0, 0, 0, 0, 0, 0, 0]",crown
2657,user_1633,"The target has a visor, not a brim.",3MHW492WW26NLEYHXOMF9PLALEEMVX,33.0,ed352b53b17b6119e762cf5917cef4ef,cap,ShapeNet,60104a0945f83b063f30fadefd6911f2,cap,ShapeNet,False,cap/ShapeNet/60104a0945f83b063f30fadefd6911f2,cap/ShapeNet/ed352b53b17b6119e762cf5917cef4ef,False,cap,cap,0,"['the', 'target', 'has', 'a', 'visor', 'not', 'a', 'brim']",8,the target has a visor not a brim,train,train,train,train,"[1, 10, 11, 24, 26, 605, 40, 26, 601, 2, 0, 0, 0, 0, 0, 0, 0, 0]",brim
2658,user_1689,The target has a dome top.,3LWJHTCVCEFPAWAJP2OS8C2T7MUFQY,45.0,ed352b53b17b6119e762cf5917cef4ef,cap,ShapeNet,60104a0945f83b063f30fadefd6911f2,cap,ShapeNet,False,cap/ShapeNet/60104a0945f83b063f30fadefd6911f2,cap/ShapeNet/ed352b53b17b6119e762cf5917cef4ef,False,cap,cap,0,"['the', 'target', 'has', 'a', 'dome', 'top']",6,the target has a dome top,train,train,train,train,"[1, 10, 11, 24, 26, 159, 99, 2, 0, 0, 0, 0, 0, 0, 0, 0, 0, 0]",crown
2667,user_1644,It is not a top hat.,33NF62TLXLVJ4VYKVNVGROIC1MBKJ4,15.0,f1a3280859c83c2ebfabbbce99807de9,cap,PartNet,620b921e3f1a504258a12735d0a1edc9,cap,PartNet,False,cap/PartNet/620b921e3f1a504258a12735d0a1edc9,cap/PartNet/f1a3280859c83c2ebfabbbce99807de9,False,hat,hat,0,"['it', 'is', 'not', 'a', 'top', 'hat']",6,it is not a top hat,train,train,train,train,"[1, 23, 7, 40, 26, 99, 602, 2, 0, 0, 0, 0, 0, 0, 0, 0, 0, 0]",crown
2668,user_203,The crown is not as tall.,3KV0LJBBH4EVS7H0O4H58SW7085RMD,72.0,5c4122d7fa08f514796410d3fd165433,cap,PartNet,d243dfb497b2a51bf784e4a55df53109,cap,PartNet,False,cap/PartNet/d243dfb497b2a51bf784e4a55df53109,cap/PartNet/5c4122d7fa08f514796410d3fd165433,True,hat,hat,0,"['the', 'crown', 'is', 'not', 'as', 'tall']",6,the crown is not as tall,train,train,train,train,"[1, 10, 606, 7, 40, 52, 53, 2, 0, 0, 0, 0, 0, 0, 0, 0, 0, 0]",crown
2669,user_786,Its crown diameter is larger,3D4CH1LGECMPWXPSJKJO42CGY1P9G4,71.0,5c4122d7fa08f514796410d3fd165433,cap,PartNet,d243dfb497b2a51bf784e4a55df53109,cap,PartNet,False,cap/PartNet/d243dfb497b2a51bf784e4a55df53109,cap/PartNet/5c4122d7fa08f514796410d3fd165433,True,hat,hat,0,"['its', 'crown', 'diameter', 'is', 'large', '-er']",6,its crown diameter is large -er,train,train,train,train,"[1, 5, 606, 268, 7, 94, 9, 2, 0, 0, 0, 0, 0, 0, 0, 0, 0, 0]",crown
2671,user_90,The crown is smaller,3B1NLC6UG1PAOK5Z09FLQSCV378GPB,51.0,56bb0a2e6f729993fa5b6212657ae4a4,cap,PartNet,2b1a1d63bd7e931c12a8043ef6529707,cap,PartNet,False,cap/PartNet/2b1a1d63bd7e931c12a8043ef6529707,cap/PartNet/56bb0a2e6f729993fa5b6212657ae4a4,True,hat,hat,0,"['the', 'crown', 'is', 'small', '-er']",5,the crown is small -er,train,train,train,train,"[1, 10, 606, 7, 111, 9, 2, 0, 0, 0, 0, 0, 0, 0, 0, 0, 0, 0]",crown
2672,user_456,The target has a wide brim.,3I7DHKZYGPT0HARL5A0PA172BQY5F2,94.0,56bb0a2e6f729993fa5b6212657ae4a4,cap,PartNet,2b1a1d63bd7e931c12a8043ef6529707,cap,PartNet,False,cap/PartNet/2b1a1d63bd7e931c12a8043ef6529707,cap/PartNet/56bb0a2e6f729993fa5b6212657ae4a4,True,hat,hat,0,"['the', 'target', 'has', 'a', 'wide', 'brim']",6,the target has a wide brim,train,train,train,train,"[1, 10, 11, 24, 26, 83, 601, 2, 0, 0, 0, 0, 0, 0, 0, 0, 0, 0]",brim
2673,user_1644,The crown is shorter.,3IQ1VMJRYVDOM6CPXKRE8G1D0569AK,64.0,56bb0a2e6f729993fa5b6212657ae4a4,cap,PartNet,2b1a1d63bd7e931c12a8043ef6529707,cap,PartNet,False,cap/PartNet/2b1a1d63bd7e931c12a8043ef6529707,cap/PartNet/56bb0a2e6f729993fa5b6212657ae4a4,True,hat,hat,0,"['the', 'crown', 'is', 'short', '-er']",5,the crown is short -er,train,train,train,train,"[1, 10, 606, 7, 8, 9, 2, 0, 0, 0, 0, 0, 0, 0, 0, 0, 0, 0]",crown
2677,user_156,Its crown is conical.,3WAKVUDHUY94NW2UOSALULM1CIA7UI,54.0,2854677f4c733bcc606dbe05096195ae,cap,PartNet,e4c27195b931d006e80ec0e940065c4c,cap,PartNet,False,cap/PartNet/e4c27195b931d006e80ec0e940065c4c,cap/PartNet/2854677f4c733bcc606dbe05096195ae,False,hat,hat,0,"['its', 'crown', 'is', 'conical']",4,its crown is conical,train,train,train,train,"[1, 5, 606, 7, 399, 2, 0, 0, 0, 0, 0, 0, 0, 0, 0, 0, 0, 0]",crown
2678,user_1633,The target has a large brim.,3U84XHCDIE6OQ8ELSHBM81H6NYY4ZJ,23.0,2854677f4c733bcc606dbe05096195ae,cap,PartNet,e4c27195b931d006e80ec0e940065c4c,cap,PartNet,False,cap/PartNet/e4c27195b931d006e80ec0e940065c4c,cap/PartNet/2854677f4c733bcc606dbe05096195ae,False,hat,hat,0,"['the', 'target', 'has', 'a', 'large', 'brim']",6,the target has a large brim,train,train,train,train,"[1, 10, 11, 24, 26, 94, 601, 2, 0, 0, 0, 0, 0, 0, 0, 0, 0, 0]",brim
2679,user_1644,The crown is taller and pointed.,34Z02EIMIU6B58NL3OZ2AAQCLQX0TK,43.0,2854677f4c733bcc606dbe05096195ae,cap,PartNet,e4c27195b931d006e80ec0e940065c4c,cap,PartNet,False,cap/PartNet/e4c27195b931d006e80ec0e940065c4c,cap/PartNet/2854677f4c733bcc606dbe05096195ae,False,hat,hat,0,"['the', 'crown', 'is', 'tall', '-er', 'and', 'pointed']",7,the crown is tall -er and pointed,train,train,train,train,"[1, 10, 606, 7, 53, 9, 47, 387, 2, 0, 0, 0, 0, 0, 0, 0, 0, 0]",crown
2680,user_786,Its crown has a smaller diameter,3ZV9H2YQQF0ZEHQCHGMWZSVISWYW30,128.0,3b0a1a20ef0ce1a34c90f2ddc14dc59b,cap,ShapeNet,bdfd9d3790158d2545b2d64b440991ad,cap,PartNet,False,cap/PartNet/bdfd9d3790158d2545b2d64b440991ad,cap/ShapeNet/3b0a1a20ef0ce1a34c90f2ddc14dc59b,True,hat,cap,0,"['its', 'crown', 'has', 'a', 'small', '-er', 'diameter']",7,its crown has a small -er diameter,test,train,test,train,"[1, 5, 606, 24, 26, 111, 9, 268, 2, 0, 0, 0, 0, 0, 0, 0, 0, 0]",crown
2682,user_1644,The crown is taller.,3YMTUJH0DU9S4W5MMPM4MDGP22D4T4,30.0,3b0a1a20ef0ce1a34c90f2ddc14dc59b,cap,ShapeNet,bdfd9d3790158d2545b2d64b440991ad,cap,PartNet,False,cap/PartNet/bdfd9d3790158d2545b2d64b440991ad,cap/ShapeNet/3b0a1a20ef0ce1a34c90f2ddc14dc59b,True,hat,cap,0,"['the', 'crown', 'is', 'tall', '-er']",5,the crown is tall -er,test,train,test,train,"[1, 10, 606, 7, 53, 9, 2, 0, 0, 0, 0, 0, 0, 0, 0, 0, 0, 0]",crown
2683,user_1143,The target has a pointed top,3TU5ZICBRFUGVH0WHOIMYKL7KHA8Q1,66.0,3c75213433a0ad3cc039d45addffe3d3,cap,PartNet,72877ec0bb0b921fb10e410f6c99c299,cap,PartNet,False,cap/PartNet/72877ec0bb0b921fb10e410f6c99c299,cap/PartNet/3c75213433a0ad3cc039d45addffe3d3,True,hat,hat,0,"['the', 'target', 'has', 'a', 'pointed', 'top']",6,the target has a pointed top,train,train,train,train,"[1, 10, 11, 24, 26, 387, 99, 2, 0, 0, 0, 0, 0, 0, 0, 0, 0, 0]",crown
2684,user_1644,It is more pointed at the top.,3YZ8UPK3VVFAZDXQF9IWA7EFDT0UCX,151.0,3c75213433a0ad3cc039d45addffe3d3,cap,PartNet,72877ec0bb0b921fb10e410f6c99c299,cap,PartNet,False,cap/PartNet/72877ec0bb0b921fb10e410f6c99c299,cap/PartNet/3c75213433a0ad3cc039d45addffe3d3,True,hat,hat,0,"['it', 'is', 'more', 'pointed', 'at', 'the', 'top']",7,it is more pointed at the top,train,train,train,train,"[1, 23, 7, 34, 387, 98, 10, 99, 2, 0, 0, 0, 0, 0, 0, 0, 0, 0]",crown
2689,user_456,The target is a top hat.,3TUI152ZZDGYKHGBI397JAYZ6C2Q1Z,67.0,c1e8ad86328cefba1032b754478d4b36,cap,PartNet,580042201e78dd85c17bd3d919c94388,cap,PartNet,False,cap/PartNet/580042201e78dd85c17bd3d919c94388,cap/PartNet/c1e8ad86328cefba1032b754478d4b36,False,hat,hat,0,"['the', 'target', 'is', 'a', 'top', 'hat']",6,the target is a top hat,train,train,train,train,"[1, 10, 11, 7, 26, 99, 602, 2, 0, 0, 0, 0, 0, 0, 0, 0, 0, 0]",crown
2692,user_203,"It has a brim, not a visor.",338JKRMM28SH1CU8VWF6LXZ1JIIHAM,176.0,5dbe1341bec2f70cf0d11ae402ef940e,cap,PartNet,befe908292dd78d92ef65425c21143ca,cap,PartNet,False,cap/PartNet/befe908292dd78d92ef65425c21143ca,cap/PartNet/5dbe1341bec2f70cf0d11ae402ef940e,True,hat,hat,0,"['it', 'has', 'a', 'brim', 'not', 'a', 'visor']",7,it has a brim not a visor,train,train,train,train,"[1, 23, 24, 26, 601, 40, 26, 605, 2, 0, 0, 0, 0, 0, 0, 0, 0, 0]",brim
2694,user_1689,The target has a lower crown.,31T4R4OBOU9812LU21PL0F0V5I7C7H,76.0,5dbe1341bec2f70cf0d11ae402ef940e,cap,PartNet,befe908292dd78d92ef65425c21143ca,cap,PartNet,False,cap/PartNet/befe908292dd78d92ef65425c21143ca,cap/PartNet/5dbe1341bec2f70cf0d11ae402ef940e,True,hat,hat,0,"['the', 'target', 'has', 'a', 'low', '-er', 'crown']",7,the target has a low -er crown,train,train,train,train,"[1, 10, 11, 24, 26, 345, 9, 606, 2, 0, 0, 0, 0, 0, 0, 0, 0, 0]",crown
2695,user_203,It has a taller crown.,3X0H8UUIT3H3YYBR7VNX703UKD5WS2,51.0,484d95c416ee10a74ce8c4cc4cdde9b4,cap,PartNet,6e11cfa7d75ed04a4835c09e4900b4a9,cap,PartNet,False,cap/PartNet/6e11cfa7d75ed04a4835c09e4900b4a9,cap/PartNet/484d95c416ee10a74ce8c4cc4cdde9b4,True,hat,hat,0,"['it', 'has', 'a', 'tall', '-er', 'crown']",6,it has a tall -er crown,train,train,train,train,"[1, 23, 24, 26, 53, 9, 606, 2, 0, 0, 0, 0, 0, 0, 0, 0, 0, 0]",crown
2696,user_1644,It is a top hat.,38JBBYETQQ3QFDNPWUX9NRGOZTYE4Y,19.0,484d95c416ee10a74ce8c4cc4cdde9b4,cap,PartNet,6e11cfa7d75ed04a4835c09e4900b4a9,cap,PartNet,False,cap/PartNet/6e11cfa7d75ed04a4835c09e4900b4a9,cap/PartNet/484d95c416ee10a74ce8c4cc4cdde9b4,True,hat,hat,0,"['it', 'is', 'a', 'top', 'hat']",5,it is a top hat,train,train,train,train,"[1, 23, 7, 26, 99, 602, 2, 0, 0, 0, 0, 0, 0, 0, 0, 0, 0, 0]",crown
2697,user_2105,target is a top hat,3Y4W8Q93L1DKHKS4KVNCQZYGC1CDVY,26.0,484d95c416ee10a74ce8c4cc4cdde9b4,cap,PartNet,6e11cfa7d75ed04a4835c09e4900b4a9,cap,PartNet,False,cap/PartNet/6e11cfa7d75ed04a4835c09e4900b4a9,cap/PartNet/484d95c416ee10a74ce8c4cc4cdde9b4,True,hat,hat,0,"['target', 'is', 'a', 'top', 'hat']",5,target is a top hat,train,train,train,train,"[1, 11, 7, 26, 99, 602, 2, 0, 0, 0, 0, 0, 0, 0, 0, 0, 0, 0]",crown
2698,user_203,It has a brim.,3VZLGYJEYN3FOA2VCSDR5CE4GT8XZW,79.0,d0919880bdf7eec8fe5dfc44db6ed8eb,cap,PartNet,647864ea6669f539379c6a1d59ef7283,cap,PartNet,False,cap/PartNet/647864ea6669f539379c6a1d59ef7283,cap/PartNet/d0919880bdf7eec8fe5dfc44db6ed8eb,True,hat,hat,0,"['it', 'has', 'a', 'brim']",4,it has a brim,train,train,train,train,"[1, 23, 24, 26, 601, 2, 0, 0, 0, 0, 0, 0, 0, 0, 0, 0, 0, 0]",brim
2702,user_920,The target's top crown edge is not as rounded or thick.,37ZHEEHM6YFKO2PB98EK7CW1Z5Q376,39.0,3e5bdecbe9ed004ed65de3ff29a73cde,cap,PartNet,579cb458787e385af0d11ae402ef940e,cap,PartNet,False,cap/PartNet/579cb458787e385af0d11ae402ef940e,cap/PartNet/3e5bdecbe9ed004ed65de3ff29a73cde,True,hat,hat,0,"['the', 'target', ""'s"", 'top', 'crown', 'edge', 'is', 'not', 'as', 'rounded', 'or', 'thick']",12,the target 's top crown edge is not as rounded or thick,train,train,train,train,"[1, 10, 11, 12, 99, 606, 631, 7, 40, 52, 48, 124, 54, 2, 0, 0, 0, 0]",crown
2705,user_1633,The target has a thinner brim.,3TPWUS5F8BUNRHMVA9XXSVZCY9BCWE,29.0,21449a5560e5482d12fcd71c55eb9d74,cap,PartNet,bf120175fed89392954cc04e9b526b85,cap,PartNet,False,cap/PartNet/bf120175fed89392954cc04e9b526b85,cap/PartNet/21449a5560e5482d12fcd71c55eb9d74,True,hat,hat,0,"['the', 'target', 'has', 'a', 'thin', '-er', 'brim']",7,the target has a thin -er brim,train,train,train,train,"[1, 10, 11, 24, 26, 60, 9, 601, 2, 0, 0, 0, 0, 0, 0, 0, 0, 0]",brim
2706,user_1644,The crown is pointed.,32KTQ2V7RF8PO7LEUNHJH7WDUNE9MP,23.0,21449a5560e5482d12fcd71c55eb9d74,cap,PartNet,bf120175fed89392954cc04e9b526b85,cap,PartNet,False,cap/PartNet/bf120175fed89392954cc04e9b526b85,cap/PartNet/21449a5560e5482d12fcd71c55eb9d74,True,hat,hat,0,"['the', 'crown', 'is', 'pointed']",4,the crown is pointed,train,train,train,train,"[1, 10, 606, 7, 387, 2, 0, 0, 0, 0, 0, 0, 0, 0, 0, 0, 0, 0]",crown
2711,user_1633,"The target has a visor, not a brim.",3XUHV3NRVMRKV6IR00OPDMJFR4GH5F,28.0,26239157c6539065895d3362333efa72,cap,PartNet,90c6bffdc81cedbeb80102c6e0a7618a,cap,ShapeNet,False,cap/ShapeNet/90c6bffdc81cedbeb80102c6e0a7618a,cap/PartNet/26239157c6539065895d3362333efa72,False,cap,hat,0,"['the', 'target', 'has', 'a', 'visor', 'not', 'a', 'brim']",8,the target has a visor not a brim,train,train,train,train,"[1, 10, 11, 24, 26, 605, 40, 26, 601, 2, 0, 0, 0, 0, 0, 0, 0, 0]",brim
2716,user_203,The bill is deeper.,3UNH76FOCUY4P8TM2Z9ZGOP43WOMYG,168.0,579cb458787e385af0d11ae402ef940e,cap,PartNet,e823673c1edd73fb97c426435543a860,cap,ShapeNet,False,cap/ShapeNet/e823673c1edd73fb97c426435543a860,cap/PartNet/579cb458787e385af0d11ae402ef940e,False,cap,hat,0,"['the', 'bill', 'is', 'deep', '-er']",5,the bill is deep -er,train,train,train,train,"[1, 10, 603, 7, 573, 9, 2, 0, 0, 0, 0, 0, 0, 0, 0, 0, 0, 0]",brim
2720,user_1644,It is not a top hat.,3P59JYT76NDI1IQZIB3GTYJRIOG2T5,35.0,d874bb309edb91e04e5a22e049c207b1,cap,PartNet,2854677f4c733bcc606dbe05096195ae,cap,PartNet,False,cap/PartNet/2854677f4c733bcc606dbe05096195ae,cap/PartNet/d874bb309edb91e04e5a22e049c207b1,False,hat,hat,0,"['it', 'is', 'not', 'a', 'top', 'hat']",6,it is not a top hat,train,train,train,train,"[1, 23, 7, 40, 26, 99, 602, 2, 0, 0, 0, 0, 0, 0, 0, 0, 0, 0]",crown
2721,user_1689,The target's top is of a dome shape.,3F0BG9B9MRGL45MZYT7AX6SE87RY7F,84.0,d874bb309edb91e04e5a22e049c207b1,cap,PartNet,2854677f4c733bcc606dbe05096195ae,cap,PartNet,False,cap/PartNet/2854677f4c733bcc606dbe05096195ae,cap/PartNet/d874bb309edb91e04e5a22e049c207b1,False,hat,hat,0,"['the', 'target', ""'s"", 'top', 'is', 'of', 'a', 'dome', 'shape']",9,the target 's top is of a dome shape,train,train,train,train,"[1, 10, 11, 12, 99, 7, 38, 26, 159, 93, 2, 0, 0, 0, 0, 0, 0, 0]",crown
2723,user_1644,The crown is more pointed.,3LOTDFNYA9SUUT651BNY01KFVM3WF9,25.0,2935eced813475ffcd89d8aa7fd7b92c,cap,PartNet,13b825962a6217ff4691bd87e7b046b1,cap,PartNet,False,cap/PartNet/13b825962a6217ff4691bd87e7b046b1,cap/PartNet/2935eced813475ffcd89d8aa7fd7b92c,False,hat,hat,0,"['the', 'crown', 'is', 'more', 'pointed']",5,the crown is more pointed,train,train,train,train,"[1, 10, 606, 7, 34, 387, 2, 0, 0, 0, 0, 0, 0, 0, 0, 0, 0, 0]",crown
2727,user_1644,It has a logo on the crown.,3JNQLM5FT6FUI5IU921P779AOBYL2P,78.0,3957332e2d23ff61ce2704286124606b,cap,ShapeNet,ffa613d91ac07e38284432ce2f42f498,cap,PartNet,False,cap/PartNet/ffa613d91ac07e38284432ce2f42f498,cap/ShapeNet/3957332e2d23ff61ce2704286124606b,True,hat,cap,0,"['it', 'has', 'a', 'logo', 'on', 'the', 'crown']",7,it has a logo on the crown,train,train,train,train,"[1, 23, 24, 26, 604, 20, 10, 606, 2, 0, 0, 0, 0, 0, 0, 0, 0, 0]",crown
2728,user_456,The target has an indented top.,36TFCYNS463TXP21667K55AZK4LHXM,66.0,14103d87f108ab847cb2a55fa21392b7,cap,PartNet,ce9fbdd20598b670548ef619bebf2d75,cap,PartNet,False,cap/PartNet/ce9fbdd20598b670548ef619bebf2d75,cap/PartNet/14103d87f108ab847cb2a55fa21392b7,True,hat,hat,0,"['the', 'target', 'has', 'an', 'indented', 'top']",6,the target has an indented top,train,train,train,train,"[1, 10, 11, 24, 72, 633, 99, 2, 0, 0, 0, 0, 0, 0, 0, 0, 0, 0]",crown
2729,user_1529,The top of the hat is mostly flat.,33SA9F9TRZN2OF69603SIJZFJMHWEM,127.0,14103d87f108ab847cb2a55fa21392b7,cap,PartNet,ce9fbdd20598b670548ef619bebf2d75,cap,PartNet,False,cap/PartNet/ce9fbdd20598b670548ef619bebf2d75,cap/PartNet/14103d87f108ab847cb2a55fa21392b7,True,hat,hat,0,"['the', 'top', 'of', 'the', 'hat', 'is', 'mostly', 'flat']",8,the top of the hat is mostly flat,train,train,train,train,"[1, 10, 99, 38, 10, 602, 7, 634, 129, 2, 0, 0, 0, 0, 0, 0, 0, 0]",crown
2734,user_1143,The target has a shorter top,3TOK3KHVJVB9ARIXS6YCVFUCUWMO7M,40.0,f649b3afc815fff1e657bffb92fd93ce,cap,PartNet,bc05db27de8de6354bd07bcd9e7e0abf,cap,PartNet,False,cap/PartNet/bc05db27de8de6354bd07bcd9e7e0abf,cap/PartNet/f649b3afc815fff1e657bffb92fd93ce,True,hat,hat,0,"['the', 'target', 'has', 'a', 'short', '-er', 'top']",7,the target has a short -er top,train,train,train,train,"[1, 10, 11, 24, 26, 8, 9, 99, 2, 0, 0, 0, 0, 0, 0, 0, 0, 0]",crown
2735,user_1644,The crown is shorter.,37WLF8U1WRJ7G0JDB41RIKD7FHC6K7,30.0,f649b3afc815fff1e657bffb92fd93ce,cap,PartNet,bc05db27de8de6354bd07bcd9e7e0abf,cap,PartNet,False,cap/PartNet/bc05db27de8de6354bd07bcd9e7e0abf,cap/PartNet/f649b3afc815fff1e657bffb92fd93ce,True,hat,hat,0,"['the', 'crown', 'is', 'short', '-er']",5,the crown is short -er,train,train,train,train,"[1, 10, 606, 7, 8, 9, 2, 0, 0, 0, 0, 0, 0, 0, 0, 0, 0, 0]",crown
2736,user_2105,target has shorter height crown,36V4Q8R5ZMTVG620BPS532M24NPQMZ,32.0,f649b3afc815fff1e657bffb92fd93ce,cap,PartNet,bc05db27de8de6354bd07bcd9e7e0abf,cap,PartNet,False,cap/PartNet/bc05db27de8de6354bd07bcd9e7e0abf,cap/PartNet/f649b3afc815fff1e657bffb92fd93ce,True,hat,hat,0,"['target', 'has', 'short', '-er', 'height', 'crown']",6,target has short -er height crown,train,train,train,train,"[1, 11, 24, 8, 9, 117, 606, 2, 0, 0, 0, 0, 0, 0, 0, 0, 0, 0]",crown
2738,user_1633,The target is flat on top.,3PH3VY7DJNQ0ZAX52NH53T0X7RWZWZ,20.0,3c75213433a0ad3cc039d45addffe3d3,cap,PartNet,1045ec5dd315bb09b3efe792e5724933,cap,PartNet,False,cap/PartNet/1045ec5dd315bb09b3efe792e5724933,cap/PartNet/3c75213433a0ad3cc039d45addffe3d3,False,hat,hat,0,"['the', 'target', 'is', 'flat', 'on', 'top']",6,the target is flat on top,train,train,train,train,"[1, 10, 11, 7, 129, 20, 99, 2, 0, 0, 0, 0, 0, 0, 0, 0, 0, 0]",crown
2739,user_1644,It is a top hat.,3WMINLGALDWQK4JS9415A62L6RHCAE,22.0,3c75213433a0ad3cc039d45addffe3d3,cap,PartNet,1045ec5dd315bb09b3efe792e5724933,cap,PartNet,False,cap/PartNet/1045ec5dd315bb09b3efe792e5724933,cap/PartNet/3c75213433a0ad3cc039d45addffe3d3,False,hat,hat,0,"['it', 'is', 'a', 'top', 'hat']",5,it is a top hat,train,train,train,train,"[1, 23, 7, 26, 99, 602, 2, 0, 0, 0, 0, 0, 0, 0, 0, 0, 0, 0]",crown
2740,user_203,The crown has an ornate decoration on top of it.,3K4J6M3CXGM31GZXBQXO0XN04JOGA7,91.0,3c2a6e6704d24b71325036f2a8f48b04,cap,PartNet,1655aeff6e4ec121bfedd927d2c565df,cap,PartNet,False,cap/PartNet/1655aeff6e4ec121bfedd927d2c565df,cap/PartNet/3c2a6e6704d24b71325036f2a8f48b04,True,hat,hat,0,"['the', 'crown', 'has', 'an', 'ornate', 'decoration', 'on', 'top', 'of', 'it']",10,the crown has an ornate decoration on top of it,train,train,train,train,"[1, 10, 606, 24, 72, 191, 639, 20, 99, 38, 23, 2, 0, 0, 0, 0, 0, 0]",crown
2741,user_1529,There are spikes on the top.,3NLZY2D53RIBAOKFBDRQ3P7D4I1LQU,47.0,3c2a6e6704d24b71325036f2a8f48b04,cap,PartNet,1655aeff6e4ec121bfedd927d2c565df,cap,PartNet,False,cap/PartNet/1655aeff6e4ec121bfedd927d2c565df,cap/PartNet/3c2a6e6704d24b71325036f2a8f48b04,True,hat,hat,0,"['there', 'are', 'spikes', 'on', 'the', 'top']",6,there are spikes on the top,train,train,train,train,"[1, 15, 16, 640, 20, 10, 99, 2, 0, 0, 0, 0, 0, 0, 0, 0, 0, 0]",crown
2747,user_1964,"The button on top is not as defined, it melds more into the top",3SBEHTYCWPWITP3VHKB7OVINMOLIYF,66.0,6cfb76b40fc41da2a6e67635b9d1cee5,cap,ShapeNet,fe319939c7dc4a6ff691355a196da5f,cap,PartNet,False,cap/PartNet/fe319939c7dc4a6ff691355a196da5f,cap/ShapeNet/6cfb76b40fc41da2a6e67635b9d1cee5,True,hat,cap,0,"['the', 'button', 'on', 'top', 'is', 'not', 'as', 'defined', 'it', 'melds', 'more', 'into', 'the', 'top']",14,the button on top is not as defined it melds more into the top,train,train,train,train,"[1, 10, 596, 20, 99, 7, 40, 52, 643, 23, 3, 34, 148, 10, 99, 2, 0, 0]",crown
2748,user_2105,target has no button on top of crown,3X4JMASXCO2B9MT4328HAGKQFK60B5,58.0,6cfb76b40fc41da2a6e67635b9d1cee5,cap,ShapeNet,fe319939c7dc4a6ff691355a196da5f,cap,PartNet,False,cap/PartNet/fe319939c7dc4a6ff691355a196da5f,cap/ShapeNet/6cfb76b40fc41da2a6e67635b9d1cee5,True,hat,cap,0,"['target', 'has', 'no', 'button', 'on', 'top', 'of', 'crown']",8,target has no button on top of crown,train,train,train,train,"[1, 11, 24, 123, 596, 20, 99, 38, 606, 2, 0, 0, 0, 0, 0, 0, 0, 0]",crown
2753,user_786,"Its is shaped like a king's crown (a vertical ring), NOT a flying saurcer",3Y54SXRO1NERLUZ11VDMZHEJ1F0TUF,109.0,35bbeb0e828835a757c2f3d4234affb,cap,PartNet,23d52d07b2bd7973cbb1d488e5017b1e,cap,PartNet,False,cap/PartNet/23d52d07b2bd7973cbb1d488e5017b1e,cap/PartNet/35bbeb0e828835a757c2f3d4234affb,False,hat,hat,0,"['its', 'is', 'shaped', 'like', 'a', 'king', ""'s"", 'crown', 'a', 'vertical', 'ring', 'not', 'a', 'flying', 'saucer']",15,its is shaped like a king 's crown a vertical ring not a flying saucer,train,train,train,train,"[1, 5, 7, 14, 35, 26, 644, 12, 606, 26, 283, 557, 40, 26, 645, 646, 2, 0]",crown
2754,user_1633,The target is more a crown than a hat.,3Z7VU45IP0A7Y9H25ZSKA3A3BEO1Z3,36.0,35bbeb0e828835a757c2f3d4234affb,cap,PartNet,23d52d07b2bd7973cbb1d488e5017b1e,cap,PartNet,False,cap/PartNet/23d52d07b2bd7973cbb1d488e5017b1e,cap/PartNet/35bbeb0e828835a757c2f3d4234affb,False,hat,hat,0,"['the', 'target', 'is', 'more', 'a', 'crown', 'than', 'a', 'hat']",9,the target is more a crown than a hat,train,train,train,train,"[1, 10, 11, 7, 34, 26, 606, 131, 26, 602, 2, 0, 0, 0, 0, 0, 0, 0]",crown
2761,user_1633,The target has a thinner brim.,3M81GAB8A2CZXFY3K02WPMB8SNUQBH,46.0,d0313cadc2b4b2cc1372a4afda9e2f07,cap,PartNet,7b168dc388c25bcc9dbdf196435b6c26,cap,PartNet,False,cap/PartNet/7b168dc388c25bcc9dbdf196435b6c26,cap/PartNet/d0313cadc2b4b2cc1372a4afda9e2f07,True,hat,hat,0,"['the', 'target', 'has', 'a', 'thin', '-er', 'brim']",7,the target has a thin -er brim,val,train,val,train,"[1, 10, 11, 24, 26, 60, 9, 601, 2, 0, 0, 0, 0, 0, 0, 0, 0, 0]",brim
2762,user_1644,The crown is shorter.,32SCWG5HIJX8RRGTOW6ZE1Z69QXP64,20.0,d0313cadc2b4b2cc1372a4afda9e2f07,cap,PartNet,7b168dc388c25bcc9dbdf196435b6c26,cap,PartNet,False,cap/PartNet/7b168dc388c25bcc9dbdf196435b6c26,cap/PartNet/d0313cadc2b4b2cc1372a4afda9e2f07,True,hat,hat,0,"['the', 'crown', 'is', 'short', '-er']",5,the crown is short -er,val,train,val,train,"[1, 10, 606, 7, 8, 9, 2, 0, 0, 0, 0, 0, 0, 0, 0, 0, 0, 0]",crown
2763,user_1964,the brim is much shorter vertically,3FTOP5WARHHHR5RGRULY8433NO5J0X,41.0,d0313cadc2b4b2cc1372a4afda9e2f07,cap,PartNet,7b168dc388c25bcc9dbdf196435b6c26,cap,PartNet,False,cap/PartNet/7b168dc388c25bcc9dbdf196435b6c26,cap/PartNet/d0313cadc2b4b2cc1372a4afda9e2f07,True,hat,hat,0,"['the', 'brim', 'is', 'much', 'short', '-er', 'vertically']",7,the brim is much short -er vertically,val,train,val,train,"[1, 10, 601, 7, 59, 8, 9, 385, 2, 0, 0, 0, 0, 0, 0, 0, 0, 0]",brim
2764,user_156,It has a conical crown.,358UUM7WR1WC74ADKYFGPAZH5J67RE,32.0,14df58bdedfbb41141edb96d309c9a23,cap,ShapeNet,21449a5560e5482d12fcd71c55eb9d74,cap,PartNet,False,cap/PartNet/21449a5560e5482d12fcd71c55eb9d74,cap/ShapeNet/14df58bdedfbb41141edb96d309c9a23,False,hat,cap,0,"['it', 'has', 'a', 'conical', 'crown']",5,it has a conical crown,train,train,train,train,"[1, 23, 24, 26, 399, 606, 2, 0, 0, 0, 0, 0, 0, 0, 0, 0, 0, 0]",crown
2765,user_786,Its crown looks like a cone witht he top 1/3 truncated,3SLE99ER0P68B7ZU7WL9GFNCXQEZBJ,153.0,14df58bdedfbb41141edb96d309c9a23,cap,ShapeNet,21449a5560e5482d12fcd71c55eb9d74,cap,PartNet,False,cap/PartNet/21449a5560e5482d12fcd71c55eb9d74,cap/ShapeNet/14df58bdedfbb41141edb96d309c9a23,False,hat,cap,0,"['its', 'crown', 'looks', 'like', 'a', 'cone', 'with', 'he', 'top', 'one', 'three', 'truncated']",12,its crown looks like a cone with he top one three truncated,train,train,train,train,"[1, 5, 606, 33, 35, 26, 143, 121, 648, 99, 19, 80, 649, 2, 0, 0, 0, 0]",crown
2768,user_786,Its crown is taller,3ERMJ6L4D0LLAOXLFQJZ3B57ZXFM7F,26.0,c2cf2cf35d08662945c5fa74440a4519,cap,PartNet,34dfb5af71b1f327e21800cd80ebb26f,cap,PartNet,False,cap/PartNet/34dfb5af71b1f327e21800cd80ebb26f,cap/PartNet/c2cf2cf35d08662945c5fa74440a4519,False,hat,hat,0,"['its', 'crown', 'is', 'tall', '-er']",5,its crown is tall -er,train,train,train,train,"[1, 5, 606, 7, 53, 9, 2, 0, 0, 0, 0, 0, 0, 0, 0, 0, 0, 0]",crown
2769,user_1143,The target has a bobble on top,3I2PTA7R3VN0QI2XQDFPOPUYFH4QK2,47.0,c2cf2cf35d08662945c5fa74440a4519,cap,PartNet,34dfb5af71b1f327e21800cd80ebb26f,cap,PartNet,False,cap/PartNet/34dfb5af71b1f327e21800cd80ebb26f,cap/PartNet/c2cf2cf35d08662945c5fa74440a4519,False,hat,hat,0,"['the', 'target', 'has', 'a', 'bobble', 'on', 'top']",7,the target has a bobble on top,train,train,train,train,"[1, 10, 11, 24, 26, 3, 20, 99, 2, 0, 0, 0, 0, 0, 0, 0, 0, 0]",crown
2771,user_1964,"The button on top is more clearly defined, it does not melt into the hat",3T3IWE1XG8GZT1SKKMTHPGHUYWKTQ4,46.0,fa8124cce25881004fcdbc2114c724fa,cap,PartNet,3957332e2d23ff61ce2704286124606b,cap,ShapeNet,False,cap/ShapeNet/3957332e2d23ff61ce2704286124606b,cap/PartNet/fa8124cce25881004fcdbc2114c724fa,True,cap,hat,0,"['the', 'button', 'on', 'top', 'is', 'more', 'clearly', 'defined', 'it', 'does', 'not', 'melt', 'into', 'the', 'hat']",15,the button on top is more clearly defined it does not melt into the hat,train,train,train,train,"[1, 10, 596, 20, 99, 7, 34, 650, 643, 23, 39, 40, 3, 148, 10, 602, 2, 0]",crown
2772,user_2105,target has button on top of crown,34MAJL3QP6GN5F7S7AGD40CR84S34G,66.0,fa8124cce25881004fcdbc2114c724fa,cap,PartNet,3957332e2d23ff61ce2704286124606b,cap,ShapeNet,False,cap/ShapeNet/3957332e2d23ff61ce2704286124606b,cap/PartNet/fa8124cce25881004fcdbc2114c724fa,True,cap,hat,0,"['target', 'has', 'button', 'on', 'top', 'of', 'crown']",7,target has button on top of crown,train,train,train,train,"[1, 11, 24, 596, 20, 99, 38, 606, 2, 0, 0, 0, 0, 0, 0, 0, 0, 0]",crown
2774,user_786,Its crowns top has a small indentation,3WSELTNVR5V76LL3VQWVZG2PUC8TA3,40.0,6f93656d083e985465bae2cb33eb4baa,cap,ShapeNet,d95c45cbf4d197157f0aed56a80b2a7c,cap,PartNet,False,cap/PartNet/d95c45cbf4d197157f0aed56a80b2a7c,cap/ShapeNet/6f93656d083e985465bae2cb33eb4baa,True,hat,cap,0,"['its', 'crowns', 'top', 'has', 'a', 'small', 'indentation']",7,its crowns top has a small indentation,train,train,train,train,"[1, 5, 652, 99, 24, 26, 111, 653, 2, 0, 0, 0, 0, 0, 0, 0, 0, 0]",crown
2779,user_456,The target is a top hat.,3YZ8UPK3VVFAZDXQF9IWA7EFDU1UC0,61.0,d0919880bdf7eec8fe5dfc44db6ed8eb,cap,PartNet,5c4122d7fa08f514796410d3fd165433,cap,PartNet,False,cap/PartNet/5c4122d7fa08f514796410d3fd165433,cap/PartNet/d0919880bdf7eec8fe5dfc44db6ed8eb,False,hat,hat,0,"['the', 'target', 'is', 'a', 'top', 'hat']",6,the target is a top hat,train,train,train,train,"[1, 10, 11, 7, 26, 99, 602, 2, 0, 0, 0, 0, 0, 0, 0, 0, 0, 0]",crown
2780,user_1644,It is a top hat.,3JAOYWH7VKX5IP3TUBG4HUHOUIP9LO,15.0,d0919880bdf7eec8fe5dfc44db6ed8eb,cap,PartNet,5c4122d7fa08f514796410d3fd165433,cap,PartNet,False,cap/PartNet/5c4122d7fa08f514796410d3fd165433,cap/PartNet/d0919880bdf7eec8fe5dfc44db6ed8eb,False,hat,hat,0,"['it', 'is', 'a', 'top', 'hat']",5,it is a top hat,train,train,train,train,"[1, 23, 7, 26, 99, 602, 2, 0, 0, 0, 0, 0, 0, 0, 0, 0, 0, 0]",crown
2781,user_2105,target is top hat,3M81GAB8A2CZXFY3K02WPMB8SONQBC,23.0,d0919880bdf7eec8fe5dfc44db6ed8eb,cap,PartNet,5c4122d7fa08f514796410d3fd165433,cap,PartNet,False,cap/PartNet/5c4122d7fa08f514796410d3fd165433,cap/PartNet/d0919880bdf7eec8fe5dfc44db6ed8eb,False,hat,hat,0,"['target', 'is', 'top', 'hat']",4,target is top hat,train,train,train,train,"[1, 11, 7, 99, 602, 2, 0, 0, 0, 0, 0, 0, 0, 0, 0, 0, 0, 0]",crown
2782,user_1633,The target is flat on top.,3180JW2OT65GMCDHO0RAPZZU4WG5J4,21.0,620b921e3f1a504258a12735d0a1edc9,cap,PartNet,fc4bf4203c69da43b5c87aa520cf194f,cap,PartNet,False,cap/PartNet/fc4bf4203c69da43b5c87aa520cf194f,cap/PartNet/620b921e3f1a504258a12735d0a1edc9,False,hat,hat,0,"['the', 'target', 'is', 'flat', 'on', 'top']",6,the target is flat on top,train,train,train,train,"[1, 10, 11, 7, 129, 20, 99, 2, 0, 0, 0, 0, 0, 0, 0, 0, 0, 0]",crown
2783,user_1644,It is a top hot.,39OWYR0EPMKYJY15GC5MLY5V6U3YFA,22.0,620b921e3f1a504258a12735d0a1edc9,cap,PartNet,fc4bf4203c69da43b5c87aa520cf194f,cap,PartNet,False,cap/PartNet/fc4bf4203c69da43b5c87aa520cf194f,cap/PartNet/620b921e3f1a504258a12735d0a1edc9,False,hat,hat,0,"['it', 'is', 'a', 'top', 'hot']",5,it is a top hot,train,train,train,train,"[1, 23, 7, 26, 99, 254, 2, 0, 0, 0, 0, 0, 0, 0, 0, 0, 0, 0]",crown
2784,user_2105,target is a top hat,3RU7GD8VPQMDEPEQV992F6VYRG2SP3,28.0,620b921e3f1a504258a12735d0a1edc9,cap,PartNet,fc4bf4203c69da43b5c87aa520cf194f,cap,PartNet,False,cap/PartNet/fc4bf4203c69da43b5c87aa520cf194f,cap/PartNet/620b921e3f1a504258a12735d0a1edc9,False,hat,hat,0,"['target', 'is', 'a', 'top', 'hat']",5,target is a top hat,train,train,train,train,"[1, 11, 7, 26, 99, 602, 2, 0, 0, 0, 0, 0, 0, 0, 0, 0, 0, 0]",crown
2791,user_203,The crown is not tapered.,3P4RDNWND7ZSY08WVKA4E83Z9JUJI2,86.0,b968eb697fbce2d76bb31db0358e9c6,cap,PartNet,e255ff4ea19d21c06fc9a18d280b1515,cap,PartNet,False,cap/PartNet/e255ff4ea19d21c06fc9a18d280b1515,cap/PartNet/b968eb697fbce2d76bb31db0358e9c6,True,hat,hat,0,"['the', 'crown', 'is', 'not', 'tapered']",5,the crown is not tapered,test,train,test,train,"[1, 10, 606, 7, 40, 352, 2, 0, 0, 0, 0, 0, 0, 0, 0, 0, 0, 0]",crown
2792,user_677,The target's crown is flatter on top.,373ERPL3YQ1Z527KX1IHU6RZUH4RTJ,89.0,b968eb697fbce2d76bb31db0358e9c6,cap,PartNet,e255ff4ea19d21c06fc9a18d280b1515,cap,PartNet,False,cap/PartNet/e255ff4ea19d21c06fc9a18d280b1515,cap/PartNet/b968eb697fbce2d76bb31db0358e9c6,True,hat,hat,0,"['the', 'target', ""'s"", 'crown', 'is', 'flat', '-er', 'on', 'top']",9,the target 's crown is flat -er on top,test,train,test,train,"[1, 10, 11, 12, 606, 7, 129, 9, 20, 99, 2, 0, 0, 0, 0, 0, 0, 0]",crown
2793,user_1644,The crown is taller.,3TESA3PJ3334VR48JWLOMT2XUMMMM2,22.0,b968eb697fbce2d76bb31db0358e9c6,cap,PartNet,e255ff4ea19d21c06fc9a18d280b1515,cap,PartNet,False,cap/PartNet/e255ff4ea19d21c06fc9a18d280b1515,cap/PartNet/b968eb697fbce2d76bb31db0358e9c6,True,hat,hat,0,"['the', 'crown', 'is', 'tall', '-er']",5,the crown is tall -er,test,train,test,train,"[1, 10, 606, 7, 53, 9, 2, 0, 0, 0, 0, 0, 0, 0, 0, 0, 0, 0]",crown
2794,user_786,Its crown is taller,3JV9LGBJWV7S3KTYL9261S75TZ4GOG,59.0,3d8381bbd02ff8e23a579c3371197382,cap,PartNet,a4ad860de76ad2b52a2d94519249662c,cap,PartNet,False,cap/PartNet/a4ad860de76ad2b52a2d94519249662c,cap/PartNet/3d8381bbd02ff8e23a579c3371197382,True,hat,hat,0,"['its', 'crown', 'is', 'tall', '-er']",5,its crown is tall -er,train,train,train,train,"[1, 5, 606, 7, 53, 9, 2, 0, 0, 0, 0, 0, 0, 0, 0, 0, 0, 0]",crown
2796,user_1644,It is a top hat.,3LS2AMNW5HJJG9NCO57IV6B7ZMDOQJ,27.0,3d8381bbd02ff8e23a579c3371197382,cap,PartNet,a4ad860de76ad2b52a2d94519249662c,cap,PartNet,False,cap/PartNet/a4ad860de76ad2b52a2d94519249662c,cap/PartNet/3d8381bbd02ff8e23a579c3371197382,True,hat,hat,0,"['it', 'is', 'a', 'top', 'hat']",5,it is a top hat,train,train,train,train,"[1, 23, 7, 26, 99, 602, 2, 0, 0, 0, 0, 0, 0, 0, 0, 0, 0, 0]",crown
2803,user_920,The target is flat on top.,33JKGHPFYENAD9P8VX0OZ8RXZBCNMH,28.0,77e819e803f1fa8b616c08e4715af963,cap,PartNet,f0e597e2061f61c8e55ab527568c9127,cap,PartNet,False,cap/PartNet/f0e597e2061f61c8e55ab527568c9127,cap/PartNet/77e819e803f1fa8b616c08e4715af963,True,hat,hat,0,"['the', 'target', 'is', 'flat', 'on', 'top']",6,the target is flat on top,train,train,train,train,"[1, 10, 11, 7, 129, 20, 99, 2, 0, 0, 0, 0, 0, 0, 0, 0, 0, 0]",crown
2804,user_1143,The target has a flat top,3UOUJI6MTF7Y2B8L65EJOKZPEBPXU3,35.0,77e819e803f1fa8b616c08e4715af963,cap,PartNet,f0e597e2061f61c8e55ab527568c9127,cap,PartNet,False,cap/PartNet/f0e597e2061f61c8e55ab527568c9127,cap/PartNet/77e819e803f1fa8b616c08e4715af963,True,hat,hat,0,"['the', 'target', 'has', 'a', 'flat', 'top']",6,the target has a flat top,train,train,train,train,"[1, 10, 11, 24, 26, 129, 99, 2, 0, 0, 0, 0, 0, 0, 0, 0, 0, 0]",crown
2805,user_1644,The brim is wider.,3S06PH7KSTX4V8C6DH3NJBR0NWI1D8,20.0,77e819e803f1fa8b616c08e4715af963,cap,PartNet,f0e597e2061f61c8e55ab527568c9127,cap,PartNet,False,cap/PartNet/f0e597e2061f61c8e55ab527568c9127,cap/PartNet/77e819e803f1fa8b616c08e4715af963,True,hat,hat,0,"['the', 'brim', 'is', 'wide', '-er']",5,the brim is wide -er,train,train,train,train,"[1, 10, 601, 7, 83, 9, 2, 0, 0, 0, 0, 0, 0, 0, 0, 0, 0, 0]",brim
2807,user_203,The crown is taller.,3DI28L7YXC79NEQ69CE7PT9LN9ZE1W,62.0,dc06523b3413d01d3ead562a41d49338,cap,PartNet,60104a0945f83b063f30fadefd6911f2,cap,ShapeNet,False,cap/ShapeNet/60104a0945f83b063f30fadefd6911f2,cap/PartNet/dc06523b3413d01d3ead562a41d49338,True,cap,hat,0,"['the', 'crown', 'is', 'tall', '-er']",5,the crown is tall -er,train,train,train,train,"[1, 10, 606, 7, 53, 9, 2, 0, 0, 0, 0, 0, 0, 0, 0, 0, 0, 0]",crown
2808,user_1644,The crown is taller.,37W3JXSD6810UKN061FMPMRV1XTWY6,48.0,dc06523b3413d01d3ead562a41d49338,cap,PartNet,60104a0945f83b063f30fadefd6911f2,cap,ShapeNet,False,cap/ShapeNet/60104a0945f83b063f30fadefd6911f2,cap/PartNet/dc06523b3413d01d3ead562a41d49338,True,cap,hat,0,"['the', 'crown', 'is', 'tall', '-er']",5,the crown is tall -er,train,train,train,train,"[1, 10, 606, 7, 53, 9, 2, 0, 0, 0, 0, 0, 0, 0, 0, 0, 0, 0]",crown
2812,user_203,It has a brim instead of a bill or visor.,3K5TEWLKGX41PV8QC9ONHWET460VIY,45.0,9634ac7cd209cc7e230a4d129580843a,cap,PartNet,7f1665745d2690d38217993582015a9c,cap,PartNet,False,cap/PartNet/7f1665745d2690d38217993582015a9c,cap/PartNet/9634ac7cd209cc7e230a4d129580843a,True,hat,hat,0,"['it', 'has', 'a', 'brim', 'instead', 'of', 'a', 'bill', 'or', 'visor']",10,it has a brim instead of a bill or visor,train,train,train,train,"[1, 23, 24, 26, 601, 97, 38, 26, 603, 124, 605, 2, 0, 0, 0, 0, 0, 0]",brim
2813,user_786,Its crown is smaller and less tall,3SNVL38CI6LWWHSELVEU4K5HB3ACKS,125.0,9634ac7cd209cc7e230a4d129580843a,cap,PartNet,7f1665745d2690d38217993582015a9c,cap,PartNet,False,cap/PartNet/7f1665745d2690d38217993582015a9c,cap/PartNet/9634ac7cd209cc7e230a4d129580843a,True,hat,hat,0,"['its', 'crown', 'is', 'small', '-er', 'and', 'less', 'tall']",8,its crown is small -er and less tall,train,train,train,train,"[1, 5, 606, 7, 111, 9, 47, 229, 53, 2, 0, 0, 0, 0, 0, 0, 0, 0]",crown
2815,user_786,"Its crown's top half is hemispherical, NOT upside-down conical",374TNBHA8DOVANREUSGGXX99DWCQYW,62.0,a0fc32a763b57b85f0d11ae402ef940e,cap,ShapeNet,7f9ddfff396634f17790cd6f6e8952aa,cap,ShapeNet,False,cap/ShapeNet/7f9ddfff396634f17790cd6f6e8952aa,cap/ShapeNet/a0fc32a763b57b85f0d11ae402ef940e,False,cap,cap,0,"['its', 'crown', ""'s"", 'top', 'half', 'is', 'hemispherical', 'not', 'upside', 'down', 'conical']",11,its crown 's top half is hemispherical not upside down conical,test,train,test,train,"[1, 5, 606, 12, 99, 158, 7, 680, 40, 91, 44, 399, 2, 0, 0, 0, 0, 0]",crown
2819,user_1489,It has a brim all the way around,3KMS4QQVK4J3ZTCOCX4VCQQK8G5KFE,157.0,ed52d2c2a9c1b606cf9bbc203a5cff99,cap,ShapeNet,a8ddbd8c9cdb3088d2eebe596133133e,cap,PartNet,False,cap/PartNet/a8ddbd8c9cdb3088d2eebe596133133e,cap/ShapeNet/ed52d2c2a9c1b606cf9bbc203a5cff99,True,hat,cap,0,"['it', 'has', 'a', 'brim', 'all', 'the', 'way', 'around']",8,it has a brim all the way around,val,train,val,train,"[1, 23, 24, 26, 601, 367, 10, 471, 239, 2, 0, 0, 0, 0, 0, 0, 0, 0]",brim
2820,user_1644,It has an asymmetrical brim.,3BV8HQ2ZZYU14NARZDO2O6ABA5HA6V,24.0,ed52d2c2a9c1b606cf9bbc203a5cff99,cap,ShapeNet,a8ddbd8c9cdb3088d2eebe596133133e,cap,PartNet,False,cap/PartNet/a8ddbd8c9cdb3088d2eebe596133133e,cap/ShapeNet/ed52d2c2a9c1b606cf9bbc203a5cff99,True,hat,cap,0,"['it', 'has', 'an', 'asymmetrical', 'brim']",5,it has an asymmetrical brim,val,train,val,train,"[1, 23, 24, 72, 1101, 601, 2, 0, 0, 0, 0, 0, 0, 0, 0, 0, 0, 0]",brim
2821,user_786,Its crown is taller,3OUYGIZWR9RDDGUEM7QI50PFWNC0PF,37.0,f567a4a2bc30d0ca18a6353ea60f11b6,cap,PartNet,1045ec5dd315bb09b3efe792e5724933,cap,PartNet,False,cap/PartNet/1045ec5dd315bb09b3efe792e5724933,cap/PartNet/f567a4a2bc30d0ca18a6353ea60f11b6,True,hat,hat,0,"['its', 'crown', 'is', 'tall', '-er']",5,its crown is tall -er,train,train,train,train,"[1, 5, 606, 7, 53, 9, 2, 0, 0, 0, 0, 0, 0, 0, 0, 0, 0, 0]",crown
2823,user_1644,The crown is taller.,3YJ6NA41JD9KFMV08F0ON54BVWHJP4,18.0,f567a4a2bc30d0ca18a6353ea60f11b6,cap,PartNet,1045ec5dd315bb09b3efe792e5724933,cap,PartNet,False,cap/PartNet/1045ec5dd315bb09b3efe792e5724933,cap/PartNet/f567a4a2bc30d0ca18a6353ea60f11b6,True,hat,hat,0,"['the', 'crown', 'is', 'tall', '-er']",5,the crown is tall -er,train,train,train,train,"[1, 10, 606, 7, 53, 9, 2, 0, 0, 0, 0, 0, 0, 0, 0, 0, 0, 0]",crown
2824,user_786,"It looks like a construction hard hat, NOT a top hat",3STRJBFXOYKDIYUP7H9KTU5LZO2TKI,78.0,98698fc854d6a919a163a814bd04d6,cap,PartNet,d3c12600578e3f57a8963fe61f2bc75f,cap,PartNet,False,cap/PartNet/d3c12600578e3f57a8963fe61f2bc75f,cap/PartNet/98698fc854d6a919a163a814bd04d6,False,hat,hat,0,"['it', 'looks', 'like', 'a', 'construction', 'hard', 'hat', 'not', 'a', 'top', 'hat']",11,it looks like a construction hard hat not a top hat,test,train,test,train,"[1, 23, 33, 35, 26, 310, 629, 602, 40, 26, 99, 602, 2, 0, 0, 0, 0, 0]",crown
2827,user_1135,The target hat has a wider more circular crown.,32UTUBMZ7IPR2NUK6ZW6V9AG9G1BVQ,65.0,b968eb697fbce2d76bb31db0358e9c6,cap,PartNet,87c240c20a772f51e6e812c94ac516eb,cap,PartNet,False,cap/PartNet/87c240c20a772f51e6e812c94ac516eb,cap/PartNet/b968eb697fbce2d76bb31db0358e9c6,False,hat,hat,0,"['the', 'target', 'hat', 'has', 'a', 'wide', '-er', 'more', 'circular', 'crown']",10,the target hat has a wide -er more circular crown,train,train,train,train,"[1, 10, 11, 602, 24, 26, 83, 9, 34, 102, 606, 2, 0, 0, 0, 0, 0, 0]",crown
2828,user_1143,The target has a smaller brim,3RU7GD8VPQMDEPEQV992F6VYRFVPSR,76.0,b968eb697fbce2d76bb31db0358e9c6,cap,PartNet,87c240c20a772f51e6e812c94ac516eb,cap,PartNet,False,cap/PartNet/87c240c20a772f51e6e812c94ac516eb,cap/PartNet/b968eb697fbce2d76bb31db0358e9c6,False,hat,hat,0,"['the', 'target', 'has', 'a', 'small', '-er', 'brim']",7,the target has a small -er brim,train,train,train,train,"[1, 10, 11, 24, 26, 111, 9, 601, 2, 0, 0, 0, 0, 0, 0, 0, 0, 0]",brim
2829,user_1644,It is a top hat.,3TXMY6UCAGHI7KQ9Y0YR06HQA9ECQW,30.0,b968eb697fbce2d76bb31db0358e9c6,cap,PartNet,87c240c20a772f51e6e812c94ac516eb,cap,PartNet,False,cap/PartNet/87c240c20a772f51e6e812c94ac516eb,cap/PartNet/b968eb697fbce2d76bb31db0358e9c6,False,hat,hat,0,"['it', 'is', 'a', 'top', 'hat']",5,it is a top hat,train,train,train,train,"[1, 23, 7, 26, 99, 602, 2, 0, 0, 0, 0, 0, 0, 0, 0, 0, 0, 0]",crown
2831,user_786,Its crown's bottom half is asymmetric between the left and right sides,3QAPZX2QN66HL9T8K9F69NHMLDJ20T,123.0,3c2a6e6704d24b71325036f2a8f48b04,cap,PartNet,3b0f81cd74875acbb196d563c325e416,cap,PartNet,False,cap/PartNet/3b0f81cd74875acbb196d563c325e416,cap/PartNet/3c2a6e6704d24b71325036f2a8f48b04,True,hat,hat,0,"['its', 'crown', ""'s"", 'bottom', 'half', 'is', 'asymmetric', 'between', 'the', 'left', 'and', 'right', 'sides']",13,its crown 's bottom half is asymmetric between the left and right sides,train,train,train,train,"[1, 5, 606, 12, 76, 158, 7, 656, 657, 10, 187, 47, 118, 360, 2, 0, 0, 0]",crown
2832,user_1644,It does not have a wide brim.,3LWJHTCVCEFPAWAJP2OS8C2T7LMFQO,24.0,3c2a6e6704d24b71325036f2a8f48b04,cap,PartNet,3b0f81cd74875acbb196d563c325e416,cap,PartNet,False,cap/PartNet/3b0f81cd74875acbb196d563c325e416,cap/PartNet/3c2a6e6704d24b71325036f2a8f48b04,True,hat,hat,0,"['it', 'does', 'not', 'have', 'a', 'wide', 'brim']",7,it does not have a wide brim,train,train,train,train,"[1, 23, 39, 40, 84, 26, 83, 601, 2, 0, 0, 0, 0, 0, 0, 0, 0, 0]",brim
2833,user_1529,The crown is much wider.,3B837J3LDQPYQ2U581DRK1VDSYBSRG,156.0,98698fc854d6a919a163a814bd04d6,cap,PartNet,b88c6b7e33b1a7346c9866e8b1b4fc12,cap,PartNet,False,cap/PartNet/b88c6b7e33b1a7346c9866e8b1b4fc12,cap/PartNet/98698fc854d6a919a163a814bd04d6,True,hat,hat,0,"['the', 'crown', 'is', 'much', 'wide', '-er']",6,the crown is much wide -er,val,train,val,train,"[1, 10, 606, 7, 59, 83, 9, 2, 0, 0, 0, 0, 0, 0, 0, 0, 0, 0]",crown
2834,user_1644,The crown is taller.,3TS1AR6UQS7F4E54T3FM8LLY2WE7F4,60.0,98698fc854d6a919a163a814bd04d6,cap,PartNet,b88c6b7e33b1a7346c9866e8b1b4fc12,cap,PartNet,False,cap/PartNet/b88c6b7e33b1a7346c9866e8b1b4fc12,cap/PartNet/98698fc854d6a919a163a814bd04d6,True,hat,hat,0,"['the', 'crown', 'is', 'tall', '-er']",5,the crown is tall -er,val,train,val,train,"[1, 10, 606, 7, 53, 9, 2, 0, 0, 0, 0, 0, 0, 0, 0, 0, 0, 0]",crown
2835,user_2105,target has crease in crown,3WQQ9FUS6CNTRBY7Y6LW3VQ8YI18BJ,42.0,98698fc854d6a919a163a814bd04d6,cap,PartNet,b88c6b7e33b1a7346c9866e8b1b4fc12,cap,PartNet,False,cap/PartNet/b88c6b7e33b1a7346c9866e8b1b4fc12,cap/PartNet/98698fc854d6a919a163a814bd04d6,True,hat,hat,0,"['target', 'has', 'crease', 'in', 'crown']",5,target has crease in crown,val,train,val,train,"[1, 11, 24, 766, 90, 606, 2, 0, 0, 0, 0, 0, 0, 0, 0, 0, 0, 0]",crown
2837,user_786,"Its crown's top profile is egg-shaped, NOT circular",3EICBYG646P1LXMW3AEI3554WEAJC0,53.0,61437489633f5d167c35d3c5d3b1fcf7,cap,ShapeNet,62d4f8a7a8a1dc619ba80f08c401fbed,cap,PartNet,False,cap/PartNet/62d4f8a7a8a1dc619ba80f08c401fbed,cap/ShapeNet/61437489633f5d167c35d3c5d3b1fcf7,True,hat,cap,0,"['its', 'crown', ""'s"", 'top', 'profile', 'is', 'egg', 'shaped', 'not', 'circular']",10,its crown 's top profile is egg shaped not circular,train,train,train,train,"[1, 5, 606, 12, 99, 658, 7, 659, 14, 40, 102, 2, 0, 0, 0, 0, 0, 0]",crown
2838,user_1529,There is a band that goes around the bottom of the crown.,3MTMREQS4XBZY2PXQV16M09OY6PAW9,459.0,61437489633f5d167c35d3c5d3b1fcf7,cap,ShapeNet,62d4f8a7a8a1dc619ba80f08c401fbed,cap,PartNet,False,cap/PartNet/62d4f8a7a8a1dc619ba80f08c401fbed,cap/ShapeNet/61437489633f5d167c35d3c5d3b1fcf7,True,hat,cap,0,"['there', 'is', 'a', 'band', 'that', 'goes', 'around', 'the', 'bottom', 'of', 'the', 'crown']",12,there is a band that goes around the bottom of the crown,train,train,train,train,"[1, 15, 7, 26, 347, 172, 394, 239, 10, 76, 38, 10, 606, 2, 0, 0, 0, 0]",crown
2839,user_203,The crown is tapered.,3MTMREQS4XBZY2PXQV16M09OY7ZWA7,62.0,f1a3280859c83c2ebfabbbce99807de9,cap,PartNet,169bcc70358af368858829ea6212ee1a,cap,PartNet,False,cap/PartNet/169bcc70358af368858829ea6212ee1a,cap/PartNet/f1a3280859c83c2ebfabbbce99807de9,False,hat,hat,0,"['the', 'crown', 'is', 'tapered']",4,the crown is tapered,train,train,train,train,"[1, 10, 606, 7, 352, 2, 0, 0, 0, 0, 0, 0, 0, 0, 0, 0, 0, 0]",crown
2840,user_1143,The target has a pointed top,3OUYGIZWR9RDDGUEM7QI50PFWND0PG,29.0,f1a3280859c83c2ebfabbbce99807de9,cap,PartNet,169bcc70358af368858829ea6212ee1a,cap,PartNet,False,cap/PartNet/169bcc70358af368858829ea6212ee1a,cap/PartNet/f1a3280859c83c2ebfabbbce99807de9,False,hat,hat,0,"['the', 'target', 'has', 'a', 'pointed', 'top']",6,the target has a pointed top,train,train,train,train,"[1, 10, 11, 24, 26, 387, 99, 2, 0, 0, 0, 0, 0, 0, 0, 0, 0, 0]",crown
2841,user_1633,The target has a wavy brim.,3TDXMTX3CDNGA5TPB1GF54YUNC26I9,22.0,f1a3280859c83c2ebfabbbce99807de9,cap,PartNet,169bcc70358af368858829ea6212ee1a,cap,PartNet,False,cap/PartNet/169bcc70358af368858829ea6212ee1a,cap/PartNet/f1a3280859c83c2ebfabbbce99807de9,False,hat,hat,0,"['the', 'target', 'has', 'a', 'wavy', 'brim']",6,the target has a wavy brim,train,train,train,train,"[1, 10, 11, 24, 26, 660, 601, 2, 0, 0, 0, 0, 0, 0, 0, 0, 0, 0]",brim
2848,user_786,Its crown looks like a cylinder with a flat top,34T446B1C27UJRLAH24CL0Q8X4WC0C,53.0,d15cf31f7ec69e948f5635ac8b18fdb9,cap,PartNet,77f97b18d27a8905afd2bc3942374579,cap,PartNet,False,cap/PartNet/77f97b18d27a8905afd2bc3942374579,cap/PartNet/d15cf31f7ec69e948f5635ac8b18fdb9,False,hat,hat,0,"['its', 'crown', 'looks', 'like', 'a', 'cylinder', 'with', 'a', 'flat', 'top']",10,its crown looks like a cylinder with a flat top,train,train,train,train,"[1, 5, 606, 33, 35, 26, 66, 121, 26, 129, 99, 2, 0, 0, 0, 0, 0, 0]",crown
2849,user_1633,The target is flat on top.,3OLQQLKKNUIGIV6AZ1KDTT57HPFEJE,21.0,d15cf31f7ec69e948f5635ac8b18fdb9,cap,PartNet,77f97b18d27a8905afd2bc3942374579,cap,PartNet,False,cap/PartNet/77f97b18d27a8905afd2bc3942374579,cap/PartNet/d15cf31f7ec69e948f5635ac8b18fdb9,False,hat,hat,0,"['the', 'target', 'is', 'flat', 'on', 'top']",6,the target is flat on top,train,train,train,train,"[1, 10, 11, 7, 129, 20, 99, 2, 0, 0, 0, 0, 0, 0, 0, 0, 0, 0]",crown
2852,user_786,"Its crown is a hexagonal cylinder, NOT an irregular polygonal cylinder",3R0T90IZ1U5RUVWVV4TF6SDO4LOGCM,75.0,288e11d15d927943068951f59ff267e,cap,PartNet,6a0080b5908b06f93d73b22cbe25cea9,cap,PartNet,False,cap/PartNet/6a0080b5908b06f93d73b22cbe25cea9,cap/PartNet/288e11d15d927943068951f59ff267e,True,hat,hat,0,"['its', 'crown', 'is', 'a', 'hexagonal', 'cylinder', 'not', 'an', 'irregular', 'polygonal', 'cylinder']",11,its crown is a hexagonal cylinder not an irregular polygonal cylinder,train,train,train,train,"[1, 5, 606, 7, 26, 642, 66, 40, 72, 609, 663, 66, 2, 0, 0, 0, 0, 0]",crown
2853,user_1644,The crown is shaped like a hexagon.,3SLE99ER0P68B7ZU7WL9GFNCXROZBV,29.0,288e11d15d927943068951f59ff267e,cap,PartNet,6a0080b5908b06f93d73b22cbe25cea9,cap,PartNet,False,cap/PartNet/6a0080b5908b06f93d73b22cbe25cea9,cap/PartNet/288e11d15d927943068951f59ff267e,True,hat,hat,0,"['the', 'crown', 'is', 'shaped', 'like', 'a', 'hexagon']",7,the crown is shaped like a hexagon,train,train,train,train,"[1, 10, 606, 7, 14, 35, 26, 246, 2, 0, 0, 0, 0, 0, 0, 0, 0, 0]",crown
2854,user_920,The target has what resembles a mini golf ball on a tee on the top.,3R3YRB5GRHWM6Y0SVVM54CORDQGAUC,66.0,61437489633f5d167c35d3c5d3b1fcf7,cap,ShapeNet,34dfb5af71b1f327e21800cd80ebb26f,cap,PartNet,False,cap/PartNet/34dfb5af71b1f327e21800cd80ebb26f,cap/ShapeNet/61437489633f5d167c35d3c5d3b1fcf7,True,hat,cap,0,"['the', 'target', 'has', 'what', 'resembles', 'a', 'mini', 'golf', 'ball', 'on', 'a', 'tee', 'on', 'the', 'top']",15,the target has what resembles a mini golf ball on a tee on the top,train,train,train,train,"[1, 10, 11, 24, 664, 665, 26, 666, 667, 668, 20, 26, 669, 20, 10, 99, 2, 0]",crown
2857,user_1633,The target has a flat brim.,3PJUZCGDJ89A3IJA0M70CPVIAH589E,29.0,88adc86cf9004a01ed43c5a21cb8b385,cap,PartNet,bf120175fed89392954cc04e9b526b85,cap,PartNet,False,cap/PartNet/bf120175fed89392954cc04e9b526b85,cap/PartNet/88adc86cf9004a01ed43c5a21cb8b385,False,hat,hat,0,"['the', 'target', 'has', 'a', 'flat', 'brim']",6,the target has a flat brim,train,train,train,train,"[1, 10, 11, 24, 26, 129, 601, 2, 0, 0, 0, 0, 0, 0, 0, 0, 0, 0]",brim
2858,user_1644,The crown is pointed.,3GA6AFUKOQHHHRVNMH0WYPLVD96H38,58.0,88adc86cf9004a01ed43c5a21cb8b385,cap,PartNet,bf120175fed89392954cc04e9b526b85,cap,PartNet,False,cap/PartNet/bf120175fed89392954cc04e9b526b85,cap/PartNet/88adc86cf9004a01ed43c5a21cb8b385,False,hat,hat,0,"['the', 'crown', 'is', 'pointed']",4,the crown is pointed,train,train,train,train,"[1, 10, 606, 7, 387, 2, 0, 0, 0, 0, 0, 0, 0, 0, 0, 0, 0, 0]",crown
2859,user_1964,the brim is much shorter vertically,340UGXU9D0U6YM3Q6QD10Z24Y0GVUX,33.0,88adc86cf9004a01ed43c5a21cb8b385,cap,PartNet,bf120175fed89392954cc04e9b526b85,cap,PartNet,False,cap/PartNet/bf120175fed89392954cc04e9b526b85,cap/PartNet/88adc86cf9004a01ed43c5a21cb8b385,False,hat,hat,0,"['the', 'brim', 'is', 'much', 'short', '-er', 'vertically']",7,the brim is much short -er vertically,train,train,train,train,"[1, 10, 601, 7, 59, 8, 9, 385, 2, 0, 0, 0, 0, 0, 0, 0, 0, 0]",brim
2867,user_1529,The band between the crown and the viser is much skinnier.,32RIADZISUXRPWS7XPHEC8K30JXS41,102.0,8b2951e32e0906bb5f6cb4951755315c,cap,ShapeNet,f40b47fcbf83b962f0d11ae402ef940e,cap,ShapeNet,False,cap/ShapeNet/f40b47fcbf83b962f0d11ae402ef940e,cap/ShapeNet/8b2951e32e0906bb5f6cb4951755315c,True,cap,cap,0,"['the', 'band', 'between', 'the', 'crown', 'and', 'the', 'viser', 'is', 'much', 'skinny', '-er']",12,the band between the crown and the viser is much skinny -er,train,train,train,train,"[1, 10, 347, 657, 10, 606, 47, 10, 3, 7, 59, 282, 9, 2, 0, 0, 0, 0]",crown
2869,user_491,The target has a flat rectangular top.,3DHE4R9OCY4EWD4TYB49UF42SU82GW,120.0,576d5a4b1d688680bed7e3eef8315549,cap,PartNet,373d717709b3e181bbda4bd2b976d8f7,cap,ShapeNet,False,cap/ShapeNet/373d717709b3e181bbda4bd2b976d8f7,cap/PartNet/576d5a4b1d688680bed7e3eef8315549,True,cap,hat,0,"['the', 'target', 'has', 'a', 'flat', 'rectangular', 'top']",7,the target has a flat rectangular top,train,train,train,train,"[1, 10, 11, 24, 26, 129, 128, 99, 2, 0, 0, 0, 0, 0, 0, 0, 0, 0]",crown
2873,user_1633,The target is pointed at the top.,3X66WABAJYB3HV0C2BIEDP9UY88G3L,24.0,a444fff8c769de616a10eb60523df1e9,cap,ShapeNet,a57904de1983cae924631548b4ffd8b4,cap,PartNet,False,cap/PartNet/a57904de1983cae924631548b4ffd8b4,cap/ShapeNet/a444fff8c769de616a10eb60523df1e9,False,hat,cap,0,"['the', 'target', 'is', 'pointed', 'at', 'the', 'top']",7,the target is pointed at the top,train,train,train,train,"[1, 10, 11, 7, 387, 98, 10, 99, 2, 0, 0, 0, 0, 0, 0, 0, 0, 0]",crown
2874,user_1644,The crown is pointed.,3JRJSWSMQJE5XH4LWGSQDMOILSX3EV,15.0,a444fff8c769de616a10eb60523df1e9,cap,ShapeNet,a57904de1983cae924631548b4ffd8b4,cap,PartNet,False,cap/PartNet/a57904de1983cae924631548b4ffd8b4,cap/ShapeNet/a444fff8c769de616a10eb60523df1e9,False,hat,cap,0,"['the', 'crown', 'is', 'pointed']",4,the crown is pointed,train,train,train,train,"[1, 10, 606, 7, 387, 2, 0, 0, 0, 0, 0, 0, 0, 0, 0, 0, 0, 0]",crown
2875,user_203,The crown is hexagonal.,3NPI0JQDAQYETPR5K9ESPBRKTZQTP3,67.0,17507563e90313433f19716eab42752,cap,PartNet,d12f1b6c7df969f39fd67caf3bf15730,cap,PartNet,False,cap/PartNet/d12f1b6c7df969f39fd67caf3bf15730,cap/PartNet/17507563e90313433f19716eab42752,False,hat,hat,0,"['the', 'crown', 'is', 'hexagonal']",4,the crown is hexagonal,train,train,train,train,"[1, 10, 606, 7, 642, 2, 0, 0, 0, 0, 0, 0, 0, 0, 0, 0, 0, 0]",crown
2876,user_786,"Its crown is a hexagonal cylinder, NOT a cone",34S9DKFK75IA7QEME0OZT3E48LPYNH,35.0,17507563e90313433f19716eab42752,cap,PartNet,d12f1b6c7df969f39fd67caf3bf15730,cap,PartNet,False,cap/PartNet/d12f1b6c7df969f39fd67caf3bf15730,cap/PartNet/17507563e90313433f19716eab42752,False,hat,hat,0,"['its', 'crown', 'is', 'a', 'hexagonal', 'cylinder', 'not', 'a', 'cone']",9,its crown is a hexagonal cylinder not a cone,train,train,train,train,"[1, 5, 606, 7, 26, 642, 66, 40, 26, 143, 2, 0, 0, 0, 0, 0, 0, 0]",crown
2882,user_1644,The crown is taller.,3PJ71Z61R6VSSIZP11YLXF8AWB319R,61.0,9634ac7cd209cc7e230a4d129580843a,cap,PartNet,d18c3ce1f186c16976bb31db0358e9c6,cap,ShapeNet,False,cap/ShapeNet/d18c3ce1f186c16976bb31db0358e9c6,cap/PartNet/9634ac7cd209cc7e230a4d129580843a,True,cap,hat,0,"['the', 'crown', 'is', 'tall', '-er']",5,the crown is tall -er,train,train,train,train,"[1, 10, 606, 7, 53, 9, 2, 0, 0, 0, 0, 0, 0, 0, 0, 0, 0, 0]",crown
2885,user_1633,"The target has a visor, not a brim.",3W8CV64QJ4S3WTK33Q16P2OHD0VH92,28.0,d196cee1204df9027bd9558057bfa0b3,cap,PartNet,c0e8723dcc5f948890f80ab08ae6ce2,cap,PartNet,False,cap/PartNet/c0e8723dcc5f948890f80ab08ae6ce2,cap/PartNet/d196cee1204df9027bd9558057bfa0b3,False,hat,hat,0,"['the', 'target', 'has', 'a', 'visor', 'not', 'a', 'brim']",8,the target has a visor not a brim,train,train,train,train,"[1, 10, 11, 24, 26, 605, 40, 26, 601, 2, 0, 0, 0, 0, 0, 0, 0, 0]",brim
2887,user_90,It has a rounded crown,3N8OEVH1FTJGVXAW9SFE61G7KMHOOZ,86.0,b9be3ecb04284bebdde3c649189c2dd4,cap,PartNet,56bb0a2e6f729993fa5b6212657ae4a4,cap,PartNet,False,cap/PartNet/56bb0a2e6f729993fa5b6212657ae4a4,cap/PartNet/b9be3ecb04284bebdde3c649189c2dd4,False,hat,hat,0,"['it', 'has', 'a', 'rounded', 'crown']",5,it has a rounded crown,train,train,train,train,"[1, 23, 24, 26, 48, 606, 2, 0, 0, 0, 0, 0, 0, 0, 0, 0, 0, 0]",crown
2889,user_2105,target is not a top hat,3PEIJLRY6VMBUFXQ15TK68KMZS8XWC,44.0,b9be3ecb04284bebdde3c649189c2dd4,cap,PartNet,56bb0a2e6f729993fa5b6212657ae4a4,cap,PartNet,False,cap/PartNet/56bb0a2e6f729993fa5b6212657ae4a4,cap/PartNet/b9be3ecb04284bebdde3c649189c2dd4,False,hat,hat,0,"['target', 'is', 'not', 'a', 'top', 'hat']",6,target is not a top hat,train,train,train,train,"[1, 11, 7, 40, 26, 99, 602, 2, 0, 0, 0, 0, 0, 0, 0, 0, 0, 0]",crown
2891,user_1644,The crown is pointed.,3E4GGUZ1TAKJYZ0CO2POS7WVZBQK2I,18.0,a3d8771740fd7630afd6b353b2d4958f,cap,ShapeNet,889204300c03ae7dc8687ff9b0b4e4ac,cap,PartNet,False,cap/PartNet/889204300c03ae7dc8687ff9b0b4e4ac,cap/ShapeNet/a3d8771740fd7630afd6b353b2d4958f,False,hat,cap,0,"['the', 'crown', 'is', 'pointed']",4,the crown is pointed,train,train,train,train,"[1, 10, 606, 7, 387, 2, 0, 0, 0, 0, 0, 0, 0, 0, 0, 0, 0, 0]",crown
2896,user_1529,There is no team insignia on the crown.,3Z9WI9EOZ1HNDP3U7NSVFB2XOU6KHY,32.0,a1494210f6774b87b3e0e60b857dde8f,cap,ShapeNet,3d8381bbd02ff8e23a579c3371197382,cap,PartNet,False,cap/PartNet/3d8381bbd02ff8e23a579c3371197382,cap/ShapeNet/a1494210f6774b87b3e0e60b857dde8f,False,hat,cap,0,"['there', 'is', 'no', 'team', 'insignia', 'on', 'the', 'crown']",8,there is no team insignia on the crown,train,train,train,train,"[1, 15, 7, 123, 679, 632, 20, 10, 606, 2, 0, 0, 0, 0, 0, 0, 0, 0]",crown
2897,user_1633,"The target has a brim, not a visor.",3GLB5JMZFZO1ZN29V0OQQYV6PLXDGG,24.0,a1494210f6774b87b3e0e60b857dde8f,cap,ShapeNet,3d8381bbd02ff8e23a579c3371197382,cap,PartNet,False,cap/PartNet/3d8381bbd02ff8e23a579c3371197382,cap/ShapeNet/a1494210f6774b87b3e0e60b857dde8f,False,hat,cap,0,"['the', 'target', 'has', 'a', 'brim', 'not', 'a', 'visor']",8,the target has a brim not a visor,train,train,train,train,"[1, 10, 11, 24, 26, 601, 40, 26, 605, 2, 0, 0, 0, 0, 0, 0, 0, 0]",brim
2899,user_786,"Its crown is hemispherical, NOT cylindrical",3U4J9857OG4PRXTOO1TQPVUDNY1B75,59.0,ce9fbdd20598b670548ef619bebf2d75,cap,PartNet,3f712e64c37ee460e4b30fdd654658ce,cap,PartNet,False,cap/PartNet/3f712e64c37ee460e4b30fdd654658ce,cap/PartNet/ce9fbdd20598b670548ef619bebf2d75,True,hat,hat,0,"['its', 'crown', 'is', 'hemispherical', 'not', 'cylindrical']",6,its crown is hemispherical not cylindrical,train,train,train,train,"[1, 5, 606, 7, 680, 40, 176, 2, 0, 0, 0, 0, 0, 0, 0, 0, 0, 0]",crown
2900,user_1529,The top of the hat is rounded.,3LRKMWOKB7AENUZYO3SYFMK83L32ZO,104.0,ce9fbdd20598b670548ef619bebf2d75,cap,PartNet,3f712e64c37ee460e4b30fdd654658ce,cap,PartNet,False,cap/PartNet/3f712e64c37ee460e4b30fdd654658ce,cap/PartNet/ce9fbdd20598b670548ef619bebf2d75,True,hat,hat,0,"['the', 'top', 'of', 'the', 'hat', 'is', 'rounded']",7,the top of the hat is rounded,train,train,train,train,"[1, 10, 99, 38, 10, 602, 7, 48, 2, 0, 0, 0, 0, 0, 0, 0, 0, 0]",crown
2901,user_2105,target has taller height crown,3FFJ6VRIL3HLWU7A9C0YW3O3AA70IV,96.0,ce9fbdd20598b670548ef619bebf2d75,cap,PartNet,3f712e64c37ee460e4b30fdd654658ce,cap,PartNet,False,cap/PartNet/3f712e64c37ee460e4b30fdd654658ce,cap/PartNet/ce9fbdd20598b670548ef619bebf2d75,True,hat,hat,0,"['target', 'has', 'tall', '-er', 'height', 'crown']",6,target has tall -er height crown,train,train,train,train,"[1, 11, 24, 53, 9, 117, 606, 2, 0, 0, 0, 0, 0, 0, 0, 0, 0, 0]",crown
2905,user_786,Its crown's front has a raised logo,37U1UTWH9XFG7IFWU37M3AVCG4K8RC,44.0,fa8124cce25881004fcdbc2114c724fa,cap,PartNet,3b0a1a20ef0ce1a34c90f2ddc14dc59b,cap,ShapeNet,False,cap/ShapeNet/3b0a1a20ef0ce1a34c90f2ddc14dc59b,cap/PartNet/fa8124cce25881004fcdbc2114c724fa,True,cap,hat,0,"['its', 'crown', ""'s"", 'front', 'has', 'a', 'raised', 'logo']",8,its crown 's front has a raised logo,train,train,train,train,"[1, 5, 606, 12, 37, 24, 26, 681, 604, 2, 0, 0, 0, 0, 0, 0, 0, 0]",crown
2906,user_1644,It has a logo on the crown.,3R08VXYT7EOHF0RZJSPMC97YXZTW7G,80.0,fa8124cce25881004fcdbc2114c724fa,cap,PartNet,3b0a1a20ef0ce1a34c90f2ddc14dc59b,cap,ShapeNet,False,cap/ShapeNet/3b0a1a20ef0ce1a34c90f2ddc14dc59b,cap/PartNet/fa8124cce25881004fcdbc2114c724fa,True,cap,hat,0,"['it', 'has', 'a', 'logo', 'on', 'the', 'crown']",7,it has a logo on the crown,train,train,train,train,"[1, 23, 24, 26, 604, 20, 10, 606, 2, 0, 0, 0, 0, 0, 0, 0, 0, 0]",crown
2907,user_2105,target has button on top of crown,3II4UPYCOL0SCCWNYWT2KCZ8V9XDQ4,35.0,fa8124cce25881004fcdbc2114c724fa,cap,PartNet,3b0a1a20ef0ce1a34c90f2ddc14dc59b,cap,ShapeNet,False,cap/ShapeNet/3b0a1a20ef0ce1a34c90f2ddc14dc59b,cap/PartNet/fa8124cce25881004fcdbc2114c724fa,True,cap,hat,0,"['target', 'has', 'button', 'on', 'top', 'of', 'crown']",7,target has button on top of crown,train,train,train,train,"[1, 11, 24, 596, 20, 99, 38, 606, 2, 0, 0, 0, 0, 0, 0, 0, 0, 0]",crown
2908,user_786,Its crown height is less,3TE22NPXPD58NBQW7OLWE54XM4444I,41.0,d243dfb497b2a51bf784e4a55df53109,cap,PartNet,56ca2cc23b627f65fdac1e69603928f,cap,PartNet,False,cap/PartNet/56ca2cc23b627f65fdac1e69603928f,cap/PartNet/d243dfb497b2a51bf784e4a55df53109,True,hat,hat,0,"['its', 'crown', 'height', 'is', 'less']",5,its crown height is less,val,train,val,train,"[1, 5, 606, 117, 7, 229, 2, 0, 0, 0, 0, 0, 0, 0, 0, 0, 0, 0]",crown
2909,user_1633,The target has a wider brim.,3STRJBFXOYKDIYUP7H9KTU5LZO1TKH,31.0,d243dfb497b2a51bf784e4a55df53109,cap,PartNet,56ca2cc23b627f65fdac1e69603928f,cap,PartNet,False,cap/PartNet/56ca2cc23b627f65fdac1e69603928f,cap/PartNet/d243dfb497b2a51bf784e4a55df53109,True,hat,hat,0,"['the', 'target', 'has', 'a', 'wide', '-er', 'brim']",7,the target has a wide -er brim,val,train,val,train,"[1, 10, 11, 24, 26, 83, 9, 601, 2, 0, 0, 0, 0, 0, 0, 0, 0, 0]",brim
2917,user_203,The crown is not cylindrical.,3L0KT67Y8G97N36RMW5LSXOAVLLSYD,78.0,d874bb309edb91e04e5a22e049c207b1,cap,PartNet,14103d87f108ab847cb2a55fa21392b7,cap,PartNet,False,cap/PartNet/14103d87f108ab847cb2a55fa21392b7,cap/PartNet/d874bb309edb91e04e5a22e049c207b1,False,hat,hat,0,"['the', 'crown', 'is', 'not', 'cylindrical']",5,the crown is not cylindrical,train,train,train,train,"[1, 10, 606, 7, 40, 176, 2, 0, 0, 0, 0, 0, 0, 0, 0, 0, 0, 0]",crown
2919,user_2105,target is not a top hat,3TXMY6UCAGHI7KQ9Y0YR06HQA9LQCH,42.0,d874bb309edb91e04e5a22e049c207b1,cap,PartNet,14103d87f108ab847cb2a55fa21392b7,cap,PartNet,False,cap/PartNet/14103d87f108ab847cb2a55fa21392b7,cap/PartNet/d874bb309edb91e04e5a22e049c207b1,False,hat,hat,0,"['target', 'is', 'not', 'a', 'top', 'hat']",6,target is not a top hat,train,train,train,train,"[1, 11, 7, 40, 26, 99, 602, 2, 0, 0, 0, 0, 0, 0, 0, 0, 0, 0]",crown
2920,user_203,The brim is not as high.,354GIDR5ZDZAPZQU5MBSQZO7OG700H,48.0,14103d87f108ab847cb2a55fa21392b7,cap,PartNet,484d95c416ee10a74ce8c4cc4cdde9b4,cap,PartNet,False,cap/PartNet/484d95c416ee10a74ce8c4cc4cdde9b4,cap/PartNet/14103d87f108ab847cb2a55fa21392b7,False,hat,hat,0,"['the', 'brim', 'is', 'not', 'as', 'high']",6,the brim is not as high,train,train,train,train,"[1, 10, 601, 7, 40, 52, 49, 2, 0, 0, 0, 0, 0, 0, 0, 0, 0, 0]",brim
2921,user_677,The target's top is flat.,39RP059MEJM8C00BS7VF8DR3IN6BMQ,62.0,14103d87f108ab847cb2a55fa21392b7,cap,PartNet,484d95c416ee10a74ce8c4cc4cdde9b4,cap,PartNet,False,cap/PartNet/484d95c416ee10a74ce8c4cc4cdde9b4,cap/PartNet/14103d87f108ab847cb2a55fa21392b7,False,hat,hat,0,"['the', 'target', ""'s"", 'top', 'is', 'flat']",6,the target 's top is flat,train,train,train,train,"[1, 10, 11, 12, 99, 7, 129, 2, 0, 0, 0, 0, 0, 0, 0, 0, 0, 0]",crown
2924,user_786,Its crown has a larger maximum diameter,3PXX5PX6LZR7AZRMV45AZMW3O6GBA5,91.0,6795f4e6300d5606e639776fc2bb6cca,cap,PartNet,b9c7e3530d7128abf0d11ae402ef940e,cap,PartNet,False,cap/PartNet/b9c7e3530d7128abf0d11ae402ef940e,cap/PartNet/6795f4e6300d5606e639776fc2bb6cca,False,hat,hat,0,"['its', 'crown', 'has', 'a', 'large', '-er', 'maximum', 'diameter']",8,its crown has a large -er maximum diameter,train,train,train,train,"[1, 5, 606, 24, 26, 94, 9, 684, 268, 2, 0, 0, 0, 0, 0, 0, 0, 0]",crown
2926,user_786,"Its brim's side surfaces are slanted down, NOT curved up",3IRIK4HM3CDPX27PJRKTU10ZA8R6CI,63.0,2f347d95d4a2dae3e762cf5917cef4ef,cap,ShapeNet,35450ea3b3158ed6eefb4d7820758668,cap,PartNet,False,cap/PartNet/35450ea3b3158ed6eefb4d7820758668,cap/ShapeNet/2f347d95d4a2dae3e762cf5917cef4ef,True,hat,cap,0,"['its', 'brim', ""'s"", 'side', 'surfaces', 'are', 'slanted', 'down', 'not', 'curved', 'up']",11,its brim 's side surfaces are slanted down not curved up,train,train,train,train,"[1, 5, 601, 12, 22, 685, 16, 674, 44, 40, 51, 269, 2, 0, 0, 0, 0, 0]",brim
2927,user_1644,The crown is taller.,3P4RDNWND7ZSY08WVKA4E83Z9JVJI3,30.0,2f347d95d4a2dae3e762cf5917cef4ef,cap,ShapeNet,35450ea3b3158ed6eefb4d7820758668,cap,PartNet,False,cap/PartNet/35450ea3b3158ed6eefb4d7820758668,cap/ShapeNet/2f347d95d4a2dae3e762cf5917cef4ef,True,hat,cap,0,"['the', 'crown', 'is', 'tall', '-er']",5,the crown is tall -er,train,train,train,train,"[1, 10, 606, 7, 53, 9, 2, 0, 0, 0, 0, 0, 0, 0, 0, 0, 0, 0]",crown
2932,user_203,The crown tapers to a point.,3KJYX6QCMB4XK6SWUR9NTXTTHL6VJR,72.0,61437489633f5d167c35d3c5d3b1fcf7,cap,ShapeNet,c5d20fc28adf769b1802624b30ec569e,cap,PartNet,False,cap/PartNet/c5d20fc28adf769b1802624b30ec569e,cap/ShapeNet/61437489633f5d167c35d3c5d3b1fcf7,False,hat,cap,0,"['the', 'crown', 'tapers', 'to', 'a', 'point']",6,the crown tapers to a point,train,train,train,train,"[1, 10, 606, 566, 58, 26, 412, 2, 0, 0, 0, 0, 0, 0, 0, 0, 0, 0]",crown
2933,user_1644,The crown is pointed.,351SEKWQS2A1RXYV63ML33F3L8IMD8,15.0,61437489633f5d167c35d3c5d3b1fcf7,cap,ShapeNet,c5d20fc28adf769b1802624b30ec569e,cap,PartNet,False,cap/PartNet/c5d20fc28adf769b1802624b30ec569e,cap/ShapeNet/61437489633f5d167c35d3c5d3b1fcf7,False,hat,cap,0,"['the', 'crown', 'is', 'pointed']",4,the crown is pointed,train,train,train,train,"[1, 10, 606, 7, 387, 2, 0, 0, 0, 0, 0, 0, 0, 0, 0, 0, 0, 0]",crown
2938,user_786,"Its crown is almost a perfect hemisphere, NOT a squarish hemisphere",37WLF8U1WRJ7G0JDB41RIKD7FHQ6KL,79.0,e8a97a1fd97c1a75a52821bf1aa3b19a,cap,ShapeNet,2b1a1d63bd7e931c12a8043ef6529707,cap,PartNet,False,cap/PartNet/2b1a1d63bd7e931c12a8043ef6529707,cap/ShapeNet/e8a97a1fd97c1a75a52821bf1aa3b19a,False,hat,cap,0,"['its', 'crown', 'is', 'almost', 'a', 'perfect', 'hemisphere', 'not', 'a', 'squarish', 'hemisphere']",11,its crown is almost a perfect hemisphere not a squarish hemisphere,train,train,train,train,"[1, 5, 606, 7, 505, 26, 688, 689, 40, 26, 510, 689, 2, 0, 0, 0, 0, 0]",crown
2941,user_491,The target has a flat brim.,3GM6G9ZBKPQ88MUSSTM087XPOTXTMN,187.0,3a666502c0432522a3340564b56a7f70,cap,ShapeNet,f567a4a2bc30d0ca18a6353ea60f11b6,cap,PartNet,False,cap/PartNet/f567a4a2bc30d0ca18a6353ea60f11b6,cap/ShapeNet/3a666502c0432522a3340564b56a7f70,False,hat,cap,0,"['the', 'target', 'has', 'a', 'flat', 'brim']",6,the target has a flat brim,train,train,train,train,"[1, 10, 11, 24, 26, 129, 601, 2, 0, 0, 0, 0, 0, 0, 0, 0, 0, 0]",brim
2942,user_1644,It has a wide brim.,39N5ACM9HGGV9AIRM39BYBQ8ZR69P0,25.0,3a666502c0432522a3340564b56a7f70,cap,ShapeNet,f567a4a2bc30d0ca18a6353ea60f11b6,cap,PartNet,False,cap/PartNet/f567a4a2bc30d0ca18a6353ea60f11b6,cap/ShapeNet/3a666502c0432522a3340564b56a7f70,False,hat,cap,0,"['it', 'has', 'a', 'wide', 'brim']",5,it has a wide brim,train,train,train,train,"[1, 23, 24, 26, 83, 601, 2, 0, 0, 0, 0, 0, 0, 0, 0, 0, 0, 0]",brim
2943,user_2105,target has top hat style,3137ONMDKIY6RTG9RVZAWGDRPYQEG4,35.0,3a666502c0432522a3340564b56a7f70,cap,ShapeNet,f567a4a2bc30d0ca18a6353ea60f11b6,cap,PartNet,False,cap/PartNet/f567a4a2bc30d0ca18a6353ea60f11b6,cap/ShapeNet/3a666502c0432522a3340564b56a7f70,False,hat,cap,0,"['target', 'has', 'top', 'hat', 'style']",5,target has top hat style,train,train,train,train,"[1, 11, 24, 99, 602, 250, 2, 0, 0, 0, 0, 0, 0, 0, 0, 0, 0, 0]",crown
2944,user_786,Its crown is hemispherical with another vertically sliced half hemisphere stacked on top,3Z3ZLGNNSKNUUKUQ57NQ73DW4VHQ3Q,63.0,f3e5ec75a719c3efb5f4a9188bfa0ef6,cap,PartNet,47d13a0b345864a7f72b7502ead7387b,cap,PartNet,False,cap/PartNet/47d13a0b345864a7f72b7502ead7387b,cap/PartNet/f3e5ec75a719c3efb5f4a9188bfa0ef6,False,hat,hat,0,"['its', 'crown', 'is', 'hemispherical', 'with', 'another', 'vertically', 'sliced', 'half', 'hemisphere', 'stacked', 'on', 'top']",13,its crown is hemispherical with another vertically sliced half hemisphere stacked on top,train,train,train,train,"[1, 5, 606, 7, 680, 121, 518, 385, 690, 158, 689, 691, 20, 99, 2, 0, 0, 0]",crown
2946,user_2105,target is not a top hat,31UV0MXWNS5KR1TB6I6ADYKURIJ5IM,44.0,f3e5ec75a719c3efb5f4a9188bfa0ef6,cap,PartNet,47d13a0b345864a7f72b7502ead7387b,cap,PartNet,False,cap/PartNet/47d13a0b345864a7f72b7502ead7387b,cap/PartNet/f3e5ec75a719c3efb5f4a9188bfa0ef6,False,hat,hat,0,"['target', 'is', 'not', 'a', 'top', 'hat']",6,target is not a top hat,train,train,train,train,"[1, 11, 7, 40, 26, 99, 602, 2, 0, 0, 0, 0, 0, 0, 0, 0, 0, 0]",crown
2949,user_2105,target has brim,3LWJHTCVCEFPAWAJP2OS8C2T7MDQFS,40.0,6f93656d083e985465bae2cb33eb4baa,cap,ShapeNet,c68d509f6d2db0bab581cc9c4410f841,cap,PartNet,False,cap/PartNet/c68d509f6d2db0bab581cc9c4410f841,cap/ShapeNet/6f93656d083e985465bae2cb33eb4baa,False,hat,cap,0,"['target', 'has', 'brim']",3,target has brim,train,train,train,train,"[1, 11, 24, 601, 2, 0, 0, 0, 0, 0, 0, 0, 0, 0, 0, 0, 0, 0]",brim
2953,user_1633,The target has a round top.,3FQ5JJ512NHFNLP5ALN8KVZTA6HKN9,22.0,373d717709b3e181bbda4bd2b976d8f7,cap,ShapeNet,6c607b6b3d6fc1cdf0d11ae402ef940e,cap,ShapeNet,False,cap/ShapeNet/6c607b6b3d6fc1cdf0d11ae402ef940e,cap/ShapeNet/373d717709b3e181bbda4bd2b976d8f7,True,cap,cap,0,"['the', 'target', 'has', 'a', 'round', 'top']",6,the target has a round top,test,train,test,train,"[1, 10, 11, 24, 26, 134, 99, 2, 0, 0, 0, 0, 0, 0, 0, 0, 0, 0]",crown
2957,user_1644,It is not a top hat.,304SM51WA5XBAVDGC4R1KMQ9ACZBSD,17.0,d4910649489fc279dac5e8b93371e38a,cap,PartNet,750d92eefed5179676bb31db0358e9c6,cap,PartNet,False,cap/PartNet/750d92eefed5179676bb31db0358e9c6,cap/PartNet/d4910649489fc279dac5e8b93371e38a,False,hat,hat,0,"['it', 'is', 'not', 'a', 'top', 'hat']",6,it is not a top hat,train,train,train,train,"[1, 23, 7, 40, 26, 99, 602, 2, 0, 0, 0, 0, 0, 0, 0, 0, 0, 0]",crown
2968,user_786,"Its crown is hemispherical, NOT conical",3HL8HNGX47UJIXTX80D6MHC4XMQF9C,45.0,f257051157caf99f9a2840934f7f84bc,cap,PartNet,6f93656d083e985465bae2cb33eb4baa,cap,ShapeNet,False,cap/ShapeNet/6f93656d083e985465bae2cb33eb4baa,cap/PartNet/f257051157caf99f9a2840934f7f84bc,False,cap,hat,0,"['its', 'crown', 'is', 'hemispherical', 'not', 'conical']",6,its crown is hemispherical not conical,train,train,train,train,"[1, 5, 606, 7, 680, 40, 399, 2, 0, 0, 0, 0, 0, 0, 0, 0, 0, 0]",crown
2969,user_1633,The target does not have a brim.,352YTHGROX62ZNERMV5F8UD1R8HH46,22.0,f257051157caf99f9a2840934f7f84bc,cap,PartNet,6f93656d083e985465bae2cb33eb4baa,cap,ShapeNet,False,cap/ShapeNet/6f93656d083e985465bae2cb33eb4baa,cap/PartNet/f257051157caf99f9a2840934f7f84bc,False,cap,hat,0,"['the', 'target', 'does', 'not', 'have', 'a', 'brim']",7,the target does not have a brim,train,train,train,train,"[1, 10, 11, 39, 40, 84, 26, 601, 2, 0, 0, 0, 0, 0, 0, 0, 0, 0]",brim
2970,user_1644,It does not have a pointed crown.,3LRLIPTPES2832VG1HI3YPFTBZHAKE,39.0,f257051157caf99f9a2840934f7f84bc,cap,PartNet,6f93656d083e985465bae2cb33eb4baa,cap,ShapeNet,False,cap/ShapeNet/6f93656d083e985465bae2cb33eb4baa,cap/PartNet/f257051157caf99f9a2840934f7f84bc,False,cap,hat,0,"['it', 'does', 'not', 'have', 'a', 'pointed', 'crown']",7,it does not have a pointed crown,train,train,train,train,"[1, 23, 39, 40, 84, 26, 387, 606, 2, 0, 0, 0, 0, 0, 0, 0, 0, 0]",crown
2972,user_1143,The target has a pointed top,3H7Z272LX90QACJ0B0C13KH3ZLNLP9,35.0,3e5bdecbe9ed004ed65de3ff29a73cde,cap,PartNet,a88cf7029a1e6e353c91c1204c720f19,cap,PartNet,False,cap/PartNet/a88cf7029a1e6e353c91c1204c720f19,cap/PartNet/3e5bdecbe9ed004ed65de3ff29a73cde,False,hat,hat,0,"['the', 'target', 'has', 'a', 'pointed', 'top']",6,the target has a pointed top,val,train,val,train,"[1, 10, 11, 24, 26, 387, 99, 2, 0, 0, 0, 0, 0, 0, 0, 0, 0, 0]",crown
2978,user_1143,The target has a ribbon on top,3ATPCQ38JA33N7KX5WJU7XU49ERAYA,102.0,da5e5ec4c486d6c03baa6271927f050e,cap,ShapeNet,bfe8019efc5bbb902c1963cd0990e978,cap,PartNet,False,cap/PartNet/bfe8019efc5bbb902c1963cd0990e978,cap/ShapeNet/da5e5ec4c486d6c03baa6271927f050e,True,hat,cap,0,"['the', 'target', 'has', 'a', 'ribbon', 'on', 'top']",7,the target has a ribbon on top,train,train,train,train,"[1, 10, 11, 24, 26, 465, 20, 99, 2, 0, 0, 0, 0, 0, 0, 0, 0, 0]",crown
2979,user_1529,The top has a tassle bar going across the radius of the top.,33CID57106MJ3NEDD2FUQHE2UPTL3V,505.0,da5e5ec4c486d6c03baa6271927f050e,cap,ShapeNet,bfe8019efc5bbb902c1963cd0990e978,cap,PartNet,False,cap/PartNet/bfe8019efc5bbb902c1963cd0990e978,cap/ShapeNet/da5e5ec4c486d6c03baa6271927f050e,True,hat,cap,0,"['the', 'top', 'has', 'a', 'hassle', 'bar', 'going', 'across', 'the', 'radius', 'of', 'the', 'top']",13,the top has a hassle bar going across the radius of the top,train,train,train,train,"[1, 10, 99, 24, 26, 699, 700, 701, 702, 10, 703, 38, 10, 99, 2, 0, 0, 0]",crown
2980,user_1529,There is no brim that goes all the way around.,3EF8EXOTT3OHYUCYNDPYM9MDSHAJ11,91.0,e43656f7922bb7573d73b22cbe25cea9,cap,PartNet,7cf439aa8382299047765668cf4023ed,cap,ShapeNet,False,cap/ShapeNet/7cf439aa8382299047765668cf4023ed,cap/PartNet/e43656f7922bb7573d73b22cbe25cea9,False,cap,hat,0,"['there', 'is', 'no', 'brim', 'that', 'goes', 'all', 'the', 'way', 'around']",10,there is no brim that goes all the way around,train,train,train,train,"[1, 15, 7, 123, 601, 172, 394, 367, 10, 471, 239, 2, 0, 0, 0, 0, 0, 0]",brim
2988,user_2105,target has no brim,34X6J5FLPVR5FYWF8SFDNAUL0TUQJV,158.0,35bbeb0e828835a757c2f3d4234affb,cap,PartNet,373d717709b3e181bbda4bd2b976d8f7,cap,ShapeNet,False,cap/ShapeNet/373d717709b3e181bbda4bd2b976d8f7,cap/PartNet/35bbeb0e828835a757c2f3d4234affb,False,cap,hat,0,"['target', 'has', 'no', 'brim']",4,target has no brim,train,train,train,train,"[1, 11, 24, 123, 601, 2, 0, 0, 0, 0, 0, 0, 0, 0, 0, 0, 0, 0]",brim
2991,user_2105,target has longer length crown,37Z929RLGB1B6H7XCQIMKGWVGJ6STR,40.0,dc3e5c0457defe87a52821bf1aa3b19a,cap,ShapeNet,dc06523b3413d01d3ead562a41d49338,cap,PartNet,False,cap/PartNet/dc06523b3413d01d3ead562a41d49338,cap/ShapeNet/dc3e5c0457defe87a52821bf1aa3b19a,False,hat,cap,0,"['target', 'has', 'long', '-er', 'length', 'crown']",6,target has long -er length crown,train,train,train,train,"[1, 11, 24, 32, 9, 155, 606, 2, 0, 0, 0, 0, 0, 0, 0, 0, 0, 0]",crown
2992,user_786,Its crown's top edge is at a sharper angle,3NVC2EB65SS33MLCWH4KKPGY34YY31,84.0,3e5bdecbe9ed004ed65de3ff29a73cde,cap,PartNet,576d5a4b1d688680bed7e3eef8315549,cap,PartNet,False,cap/PartNet/576d5a4b1d688680bed7e3eef8315549,cap/PartNet/3e5bdecbe9ed004ed65de3ff29a73cde,True,hat,hat,0,"['its', 'crown', ""'s"", 'top', 'edge', 'is', 'at', 'a', 'sharp', '-er', 'angle']",11,its crown 's top edge is at a sharp -er angle,train,train,train,train,"[1, 5, 606, 12, 99, 631, 7, 98, 26, 206, 9, 106, 2, 0, 0, 0, 0, 0]",crown
2994,user_2105,target has thinner top edge of crown,3RU7GD8VPQMDEPEQV992F6VYRGLPSJ,37.0,3e5bdecbe9ed004ed65de3ff29a73cde,cap,PartNet,576d5a4b1d688680bed7e3eef8315549,cap,PartNet,False,cap/PartNet/576d5a4b1d688680bed7e3eef8315549,cap/PartNet/3e5bdecbe9ed004ed65de3ff29a73cde,True,hat,hat,0,"['target', 'has', 'thin', '-er', 'top', 'edge', 'of', 'crown']",8,target has thin -er top edge of crown,train,train,train,train,"[1, 11, 24, 60, 9, 99, 631, 38, 606, 2, 0, 0, 0, 0, 0, 0, 0, 0]",crown
2995,user_203,The crown is not as tall.,3NPI0JQDAQYETPR5K9ESPBRKTZGTPT,48.0,87c240c20a772f51e6e812c94ac516eb,cap,PartNet,96d3549ca3a889d2c09b66406189a9cb,cap,PartNet,False,cap/PartNet/96d3549ca3a889d2c09b66406189a9cb,cap/PartNet/87c240c20a772f51e6e812c94ac516eb,True,hat,hat,0,"['the', 'crown', 'is', 'not', 'as', 'tall']",6,the crown is not as tall,val,train,val,train,"[1, 10, 606, 7, 40, 52, 53, 2, 0, 0, 0, 0, 0, 0, 0, 0, 0, 0]",crown
2997,user_786,Its crown's height is lower,3A0EX8ZRNAH86HPPBAJQ28EARWBBY5,28.0,87c240c20a772f51e6e812c94ac516eb,cap,PartNet,96d3549ca3a889d2c09b66406189a9cb,cap,PartNet,False,cap/PartNet/96d3549ca3a889d2c09b66406189a9cb,cap/PartNet/87c240c20a772f51e6e812c94ac516eb,True,hat,hat,0,"['its', 'crown', ""'s"", 'height', 'is', 'low', '-er']",7,its crown 's height is low -er,val,train,val,train,"[1, 5, 606, 12, 117, 7, 345, 9, 2, 0, 0, 0, 0, 0, 0, 0, 0, 0]",crown
2998,user_203,It has an opening in the crown.,3TVSS0C0E3T4DYO6WVSNH5ZGMWKWTS,118.0,620b921e3f1a504258a12735d0a1edc9,cap,PartNet,c1e8ad86328cefba1032b754478d4b36,cap,PartNet,False,cap/PartNet/c1e8ad86328cefba1032b754478d4b36,cap/PartNet/620b921e3f1a504258a12735d0a1edc9,True,hat,hat,0,"['it', 'has', 'an', 'opening', 'in', 'the', 'crown']",7,it has an opening in the crown,train,train,train,train,"[1, 23, 24, 72, 197, 90, 10, 606, 2, 0, 0, 0, 0, 0, 0, 0, 0, 0]",crown
3001,user_786,"Its crown is cylindrical, NOT spherical",3X87C8JFV84YE1F5VMORFBL8WBGQSI,52.0,7f1665745d2690d38217993582015a9c,cap,PartNet,5549d6cf8c5c7f1e886d6fb5acc5844b,cap,PartNet,False,cap/PartNet/5549d6cf8c5c7f1e886d6fb5acc5844b,cap/PartNet/7f1665745d2690d38217993582015a9c,False,hat,hat,0,"['its', 'crown', 'is', 'cylindrical', 'not', 'spherical']",6,its crown is cylindrical not spherical,train,train,train,train,"[1, 5, 606, 7, 176, 40, 293, 2, 0, 0, 0, 0, 0, 0, 0, 0, 0, 0]",crown
3002,user_1644,The crown is taller.,3180JW2OT65GMCDHO0RAPZZU4WGJ5I,35.0,7f1665745d2690d38217993582015a9c,cap,PartNet,5549d6cf8c5c7f1e886d6fb5acc5844b,cap,PartNet,False,cap/PartNet/5549d6cf8c5c7f1e886d6fb5acc5844b,cap/PartNet/7f1665745d2690d38217993582015a9c,False,hat,hat,0,"['the', 'crown', 'is', 'tall', '-er']",5,the crown is tall -er,train,train,train,train,"[1, 10, 606, 7, 53, 9, 2, 0, 0, 0, 0, 0, 0, 0, 0, 0, 0, 0]",crown
3003,user_1964,the brim is taller vertically,3EJJQNKU9TY90TGPX71SGNOBJM2RH0,30.0,7f1665745d2690d38217993582015a9c,cap,PartNet,5549d6cf8c5c7f1e886d6fb5acc5844b,cap,PartNet,False,cap/PartNet/5549d6cf8c5c7f1e886d6fb5acc5844b,cap/PartNet/7f1665745d2690d38217993582015a9c,False,hat,hat,0,"['the', 'brim', 'is', 'tall', '-er', 'vertically']",6,the brim is tall -er vertically,train,train,train,train,"[1, 10, 601, 7, 53, 9, 385, 2, 0, 0, 0, 0, 0, 0, 0, 0, 0, 0]",brim
3004,user_1633,The target's brim is smaller.,3XUHV3NRVMRKV6IR00OPDMJFR4CH5B,33.0,a1194f613435ee2d8ffc94a6ce28be5e,cap,PartNet,d874bb309edb91e04e5a22e049c207b1,cap,PartNet,False,cap/PartNet/d874bb309edb91e04e5a22e049c207b1,cap/PartNet/a1194f613435ee2d8ffc94a6ce28be5e,True,hat,hat,0,"['the', 'target', ""'s"", 'brim', 'is', 'small', '-er']",7,the target 's brim is small -er,train,train,train,train,"[1, 10, 11, 12, 601, 7, 111, 9, 2, 0, 0, 0, 0, 0, 0, 0, 0, 0]",brim
3005,user_1644,The crown is taller.,3JAOYWH7VKX5IP3TUBG4HUHOUH59L2,22.0,a1194f613435ee2d8ffc94a6ce28be5e,cap,PartNet,d874bb309edb91e04e5a22e049c207b1,cap,PartNet,False,cap/PartNet/d874bb309edb91e04e5a22e049c207b1,cap/PartNet/a1194f613435ee2d8ffc94a6ce28be5e,True,hat,hat,0,"['the', 'crown', 'is', 'tall', '-er']",5,the crown is tall -er,train,train,train,train,"[1, 10, 606, 7, 53, 9, 2, 0, 0, 0, 0, 0, 0, 0, 0, 0, 0, 0]",crown
3006,user_1689,The target has a wider crown.,3W2LOLRXLD802JHX3S4PTF43B4DKR6,33.0,a1194f613435ee2d8ffc94a6ce28be5e,cap,PartNet,d874bb309edb91e04e5a22e049c207b1,cap,PartNet,False,cap/PartNet/d874bb309edb91e04e5a22e049c207b1,cap/PartNet/a1194f613435ee2d8ffc94a6ce28be5e,True,hat,hat,0,"['the', 'target', 'has', 'a', 'wide', '-er', 'crown']",7,the target has a wide -er crown,train,train,train,train,"[1, 10, 11, 24, 26, 83, 9, 606, 2, 0, 0, 0, 0, 0, 0, 0, 0, 0]",crown
3007,user_203,The brim has a greater diameter.,3VD82FOHKSHFM8DTJN6NB1MQV8KOCO,374.0,bc05db27de8de6354bd07bcd9e7e0abf,cap,PartNet,e43656f7922bb7573d73b22cbe25cea9,cap,PartNet,False,cap/PartNet/e43656f7922bb7573d73b22cbe25cea9,cap/PartNet/bc05db27de8de6354bd07bcd9e7e0abf,True,hat,hat,0,"['the', 'brim', 'has', 'a', 'great', '-er', 'diameter']",7,the brim has a great -er diameter,train,train,train,train,"[1, 10, 601, 24, 26, 188, 9, 268, 2, 0, 0, 0, 0, 0, 0, 0, 0, 0]",brim
3008,user_1644,The crown is shorter.,3Z3ZLGNNSKNUUKUQ57NQ73DW4VI3Q4,19.0,bc05db27de8de6354bd07bcd9e7e0abf,cap,PartNet,e43656f7922bb7573d73b22cbe25cea9,cap,PartNet,False,cap/PartNet/e43656f7922bb7573d73b22cbe25cea9,cap/PartNet/bc05db27de8de6354bd07bcd9e7e0abf,True,hat,hat,0,"['the', 'crown', 'is', 'short', '-er']",5,the crown is short -er,train,train,train,train,"[1, 10, 606, 7, 8, 9, 2, 0, 0, 0, 0, 0, 0, 0, 0, 0, 0, 0]",crown
3009,user_2105,target has shorter height crown,3LRLIPTPES2832VG1HI3YPFTB0RAKQ,28.0,bc05db27de8de6354bd07bcd9e7e0abf,cap,PartNet,e43656f7922bb7573d73b22cbe25cea9,cap,PartNet,False,cap/PartNet/e43656f7922bb7573d73b22cbe25cea9,cap/PartNet/bc05db27de8de6354bd07bcd9e7e0abf,True,hat,hat,0,"['target', 'has', 'short', '-er', 'height', 'crown']",6,target has short -er height crown,train,train,train,train,"[1, 11, 24, 8, 9, 117, 606, 2, 0, 0, 0, 0, 0, 0, 0, 0, 0, 0]",crown
3016,user_203,The crown is not dome shaped.,3JC6VJ2SADC5LJADUUEXW0WBEAUA53,443.0,3f712e64c37ee460e4b30fdd654658ce,cap,PartNet,6e11cfa7d75ed04a4835c09e4900b4a9,cap,PartNet,False,cap/PartNet/6e11cfa7d75ed04a4835c09e4900b4a9,cap/PartNet/3f712e64c37ee460e4b30fdd654658ce,False,hat,hat,0,"['the', 'crown', 'is', 'not', 'dome', 'shaped']",6,the crown is not dome shaped,train,train,train,train,"[1, 10, 606, 7, 40, 159, 14, 2, 0, 0, 0, 0, 0, 0, 0, 0, 0, 0]",crown
3017,user_1489,It looks more like a top hat,3BXQMRHWK1RN8Z9HSYCAD3JR78EUMR,55.0,3f712e64c37ee460e4b30fdd654658ce,cap,PartNet,6e11cfa7d75ed04a4835c09e4900b4a9,cap,PartNet,False,cap/PartNet/6e11cfa7d75ed04a4835c09e4900b4a9,cap/PartNet/3f712e64c37ee460e4b30fdd654658ce,False,hat,hat,0,"['it', 'looks', 'more', 'like', 'a', 'top', 'hat']",7,it looks more like a top hat,train,train,train,train,"[1, 23, 33, 34, 35, 26, 99, 602, 2, 0, 0, 0, 0, 0, 0, 0, 0, 0]",crown
3018,user_1644,It is a top hat.,3R6P78PK7M48GCY6HQO5V2DSS8UTGQ,64.0,3f712e64c37ee460e4b30fdd654658ce,cap,PartNet,6e11cfa7d75ed04a4835c09e4900b4a9,cap,PartNet,False,cap/PartNet/6e11cfa7d75ed04a4835c09e4900b4a9,cap/PartNet/3f712e64c37ee460e4b30fdd654658ce,False,hat,hat,0,"['it', 'is', 'a', 'top', 'hat']",5,it is a top hat,train,train,train,train,"[1, 23, 7, 26, 99, 602, 2, 0, 0, 0, 0, 0, 0, 0, 0, 0, 0, 0]",crown
3019,user_1529,The top doesn't completely fold over.,323Q6SJS8K9CX3BG6C1YZYASGZJHFP,119.0,8670ef4375bbb95568b8a8e5babef621,cap,PartNet,3c2a6e6704d24b71325036f2a8f48b04,cap,PartNet,False,cap/PartNet/3c2a6e6704d24b71325036f2a8f48b04,cap/PartNet/8670ef4375bbb95568b8a8e5babef621,True,hat,hat,0,"['the', 'top', 'does', 'not', 'completely', 'fold', 'over']",7,the top does not completely fold over,train,train,train,train,"[1, 10, 99, 39, 40, 169, 705, 267, 2, 0, 0, 0, 0, 0, 0, 0, 0, 0]",crown
3020,user_1644,The brim is thinner.,3EWIJTFFVQ09GP5ODTA7BOQBIG9E07,35.0,8670ef4375bbb95568b8a8e5babef621,cap,PartNet,3c2a6e6704d24b71325036f2a8f48b04,cap,PartNet,False,cap/PartNet/3c2a6e6704d24b71325036f2a8f48b04,cap/PartNet/8670ef4375bbb95568b8a8e5babef621,True,hat,hat,0,"['the', 'brim', 'is', 'thin', '-er']",5,the brim is thin -er,train,train,train,train,"[1, 10, 601, 7, 60, 9, 2, 0, 0, 0, 0, 0, 0, 0, 0, 0, 0, 0]",brim
3021,user_2105,target has a thinner brim,3Q5ZZ9ZEVQ8R2VHYXWUJ09QGOMD85G,36.0,8670ef4375bbb95568b8a8e5babef621,cap,PartNet,3c2a6e6704d24b71325036f2a8f48b04,cap,PartNet,False,cap/PartNet/3c2a6e6704d24b71325036f2a8f48b04,cap/PartNet/8670ef4375bbb95568b8a8e5babef621,True,hat,hat,0,"['target', 'has', 'a', 'thin', '-er', 'brim']",6,target has a thin -er brim,train,train,train,train,"[1, 11, 24, 26, 60, 9, 601, 2, 0, 0, 0, 0, 0, 0, 0, 0, 0, 0]",brim
3022,user_203,The crown tapers to a point.,3HUTX6F6VWG2OQLRMUHHZOD4JH72OT,131.0,d874bb309edb91e04e5a22e049c207b1,cap,PartNet,b0bdecad995dca22f316a08d4796320f,cap,PartNet,False,cap/PartNet/b0bdecad995dca22f316a08d4796320f,cap/PartNet/d874bb309edb91e04e5a22e049c207b1,False,hat,hat,0,"['the', 'crown', 'tapers', 'to', 'a', 'point']",6,the crown tapers to a point,test,train,test,train,"[1, 10, 606, 566, 58, 26, 412, 2, 0, 0, 0, 0, 0, 0, 0, 0, 0, 0]",crown
3024,user_1644,The crown is pointed.,3ZR9AIQJUD2RON8VONYU22EK5RG04O,14.0,d874bb309edb91e04e5a22e049c207b1,cap,PartNet,b0bdecad995dca22f316a08d4796320f,cap,PartNet,False,cap/PartNet/b0bdecad995dca22f316a08d4796320f,cap/PartNet/d874bb309edb91e04e5a22e049c207b1,False,hat,hat,0,"['the', 'crown', 'is', 'pointed']",4,the crown is pointed,test,train,test,train,"[1, 10, 606, 7, 387, 2, 0, 0, 0, 0, 0, 0, 0, 0, 0, 0, 0, 0]",crown
3025,user_1577,Is a taller hat with a larger crown height,3FDJT1UU761BXWJZ6LRMQEZ7JLFK5H,126.0,484d95c416ee10a74ce8c4cc4cdde9b4,cap,PartNet,f649b3afc815fff1e657bffb92fd93ce,cap,PartNet,False,cap/PartNet/f649b3afc815fff1e657bffb92fd93ce,cap/PartNet/484d95c416ee10a74ce8c4cc4cdde9b4,True,hat,hat,0,"['is', 'a', 'tall', '-er', 'hat', 'with', 'a', 'large', '-er', 'crown', 'height']",11,is a tall -er hat with a large -er crown height,train,train,train,train,"[1, 7, 26, 53, 9, 602, 121, 26, 94, 9, 606, 117, 2, 0, 0, 0, 0, 0]",crown
3026,user_1633,The target's brim is not as wide.,3WAKVUDHUY94NW2UOSALULM1CI97UH,23.0,484d95c416ee10a74ce8c4cc4cdde9b4,cap,PartNet,f649b3afc815fff1e657bffb92fd93ce,cap,PartNet,False,cap/PartNet/f649b3afc815fff1e657bffb92fd93ce,cap/PartNet/484d95c416ee10a74ce8c4cc4cdde9b4,True,hat,hat,0,"['the', 'target', ""'s"", 'brim', 'is', 'not', 'as', 'wide']",8,the target 's brim is not as wide,train,train,train,train,"[1, 10, 11, 12, 601, 7, 40, 52, 83, 2, 0, 0, 0, 0, 0, 0, 0, 0]",brim
3027,user_1644,It is a top hat.,3TE22NPXPD58NBQW7OLWE54XM3W448,16.0,484d95c416ee10a74ce8c4cc4cdde9b4,cap,PartNet,f649b3afc815fff1e657bffb92fd93ce,cap,PartNet,False,cap/PartNet/f649b3afc815fff1e657bffb92fd93ce,cap/PartNet/484d95c416ee10a74ce8c4cc4cdde9b4,True,hat,hat,0,"['it', 'is', 'a', 'top', 'hat']",5,it is a top hat,train,train,train,train,"[1, 23, 7, 26, 99, 602, 2, 0, 0, 0, 0, 0, 0, 0, 0, 0, 0, 0]",crown
3028,user_203,The crown is taller.,3C2NJ6JBKCAK65LFLFH4KZDZT732NF,194.0,bc05db27de8de6354bd07bcd9e7e0abf,cap,PartNet,569bfc3e920022e5561c6ec5086cfea5,cap,PartNet,False,cap/PartNet/569bfc3e920022e5561c6ec5086cfea5,cap/PartNet/bc05db27de8de6354bd07bcd9e7e0abf,True,hat,hat,0,"['the', 'crown', 'is', 'tall', '-er']",5,the crown is tall -er,train,train,train,train,"[1, 10, 606, 7, 53, 9, 2, 0, 0, 0, 0, 0, 0, 0, 0, 0, 0, 0]",crown
3030,user_1633,The target has a larger brim.,3ZWFC4W1UW0PMXPJ2HDSD2CY37PFRQ,23.0,bc05db27de8de6354bd07bcd9e7e0abf,cap,PartNet,569bfc3e920022e5561c6ec5086cfea5,cap,PartNet,False,cap/PartNet/569bfc3e920022e5561c6ec5086cfea5,cap/PartNet/bc05db27de8de6354bd07bcd9e7e0abf,True,hat,hat,0,"['the', 'target', 'has', 'a', 'large', '-er', 'brim']",7,the target has a large -er brim,train,train,train,train,"[1, 10, 11, 24, 26, 94, 9, 601, 2, 0, 0, 0, 0, 0, 0, 0, 0, 0]",brim
3032,user_786,Its crown's front center does NOT have a raised logo,30IQTZXKAMZIMPW58Y0ZZDBIYNRX08,119.0,3b0a1a20ef0ce1a34c90f2ddc14dc59b,cap,ShapeNet,357c2a333ffefc3e90f80ab08ae6ce2,cap,ShapeNet,False,cap/ShapeNet/357c2a333ffefc3e90f80ab08ae6ce2,cap/ShapeNet/3b0a1a20ef0ce1a34c90f2ddc14dc59b,True,cap,cap,0,"['its', 'crown', ""'s"", 'front', 'center', 'does', 'not', 'have', 'a', 'raised', 'logo']",11,its crown 's front center does not have a raised logo,test,train,test,train,"[1, 5, 606, 12, 37, 165, 39, 40, 84, 26, 681, 604, 2, 0, 0, 0, 0, 0]",crown
3034,user_203,The crown is symmetrical.,3A7Y0R2P2QHPOVXRU6A5HIQEXWYJX2,276.0,bf120175fed89392954cc04e9b526b85,cap,PartNet,61aae9be231d6c263dc5b29818b9b22e,cap,PartNet,False,cap/PartNet/61aae9be231d6c263dc5b29818b9b22e,cap/PartNet/bf120175fed89392954cc04e9b526b85,True,hat,hat,0,"['the', 'crown', 'is', 'symmetrical']",4,the crown is symmetrical,train,train,train,train,"[1, 10, 606, 7, 489, 2, 0, 0, 0, 0, 0, 0, 0, 0, 0, 0, 0, 0]",crown
3035,user_1644,It has a wider brim.,3KJYX6QCMB4XK6SWUR9NTXTTHKIJVP,43.0,bf120175fed89392954cc04e9b526b85,cap,PartNet,61aae9be231d6c263dc5b29818b9b22e,cap,PartNet,False,cap/PartNet/61aae9be231d6c263dc5b29818b9b22e,cap/PartNet/bf120175fed89392954cc04e9b526b85,True,hat,hat,0,"['it', 'has', 'a', 'wide', '-er', 'brim']",6,it has a wide -er brim,train,train,train,train,"[1, 23, 24, 26, 83, 9, 601, 2, 0, 0, 0, 0, 0, 0, 0, 0, 0, 0]",brim
3036,user_1964,the brim is thinner,3YMU66OBIP1IB37BHW7GHJA4HDQGHS,55.0,bf120175fed89392954cc04e9b526b85,cap,PartNet,61aae9be231d6c263dc5b29818b9b22e,cap,PartNet,False,cap/PartNet/61aae9be231d6c263dc5b29818b9b22e,cap/PartNet/bf120175fed89392954cc04e9b526b85,True,hat,hat,0,"['the', 'brim', 'is', 'thin', '-er']",5,the brim is thin -er,train,train,train,train,"[1, 10, 601, 7, 60, 9, 2, 0, 0, 0, 0, 0, 0, 0, 0, 0, 0, 0]",brim
3037,user_786,Its crown's top flat circular area has a larger diameter,39RP059MEJM8C00BS7VF8DR3IN5BMP,50.0,60153b9c1dc500a93d8dd242efdcdeb,cap,PartNet,26239157c6539065895d3362333efa72,cap,PartNet,False,cap/PartNet/26239157c6539065895d3362333efa72,cap/PartNet/60153b9c1dc500a93d8dd242efdcdeb,True,hat,hat,0,"['its', 'crown', ""'s"", 'top', 'flat', 'circular', 'area', 'has', 'a', 'large', '-er', 'diameter']",12,its crown 's top flat circular area has a large -er diameter,train,train,train,train,"[1, 5, 606, 12, 99, 129, 102, 590, 24, 26, 94, 9, 268, 2, 0, 0, 0, 0]",crown
3038,user_1143,The target has a flat top,3A1COHJ8NLO3IO1TYYVSP6T6TUE8H5,36.0,60153b9c1dc500a93d8dd242efdcdeb,cap,PartNet,26239157c6539065895d3362333efa72,cap,PartNet,False,cap/PartNet/26239157c6539065895d3362333efa72,cap/PartNet/60153b9c1dc500a93d8dd242efdcdeb,True,hat,hat,0,"['the', 'target', 'has', 'a', 'flat', 'top']",6,the target has a flat top,train,train,train,train,"[1, 10, 11, 24, 26, 129, 99, 2, 0, 0, 0, 0, 0, 0, 0, 0, 0, 0]",crown
3039,user_1644,The crown is shorter.,3TPZPLC3M259U8TB5U817YNMZZW3PD,31.0,60153b9c1dc500a93d8dd242efdcdeb,cap,PartNet,26239157c6539065895d3362333efa72,cap,PartNet,False,cap/PartNet/26239157c6539065895d3362333efa72,cap/PartNet/60153b9c1dc500a93d8dd242efdcdeb,True,hat,hat,0,"['the', 'crown', 'is', 'short', '-er']",5,the crown is short -er,train,train,train,train,"[1, 10, 606, 7, 8, 9, 2, 0, 0, 0, 0, 0, 0, 0, 0, 0, 0, 0]",crown
3044,user_1633,The target's brim is not as wide.,3JPSL1DZ5US9B8GJYUAJQHWX5UMANJ,32.0,b3ccfa337100028088f5610828331858,cap,PartNet,a1194f613435ee2d8ffc94a6ce28be5e,cap,PartNet,False,cap/PartNet/a1194f613435ee2d8ffc94a6ce28be5e,cap/PartNet/b3ccfa337100028088f5610828331858,False,hat,hat,0,"['the', 'target', ""'s"", 'brim', 'is', 'not', 'as', 'wide']",8,the target 's brim is not as wide,train,train,train,train,"[1, 10, 11, 12, 601, 7, 40, 52, 83, 2, 0, 0, 0, 0, 0, 0, 0, 0]",brim
3045,user_1644,The crown is shorter.,37XITHEISY2IJL59BFNR5WRV6U0CRF,16.0,b3ccfa337100028088f5610828331858,cap,PartNet,a1194f613435ee2d8ffc94a6ce28be5e,cap,PartNet,False,cap/PartNet/a1194f613435ee2d8ffc94a6ce28be5e,cap/PartNet/b3ccfa337100028088f5610828331858,False,hat,hat,0,"['the', 'crown', 'is', 'short', '-er']",5,the crown is short -er,train,train,train,train,"[1, 10, 606, 7, 8, 9, 2, 0, 0, 0, 0, 0, 0, 0, 0, 0, 0, 0]",crown
3046,user_1633,"The target has a flat, wide brim.",3ZPPDN2SLXPRCJT1DPT04ZR4LK39EE,25.0,d5cdba69afacdbf19393051c3324a45f,cap,PartNet,17507563e90313433f19716eab42752,cap,PartNet,False,cap/PartNet/17507563e90313433f19716eab42752,cap/PartNet/d5cdba69afacdbf19393051c3324a45f,True,hat,hat,0,"['the', 'target', 'has', 'a', 'flat', 'wide', 'brim']",7,the target has a flat wide brim,train,train,train,train,"[1, 10, 11, 24, 26, 129, 83, 601, 2, 0, 0, 0, 0, 0, 0, 0, 0, 0]",brim
3047,user_1644,The brim is wider.,3VAR3R6G1RUDA5NG2BQI9FQ75GR8OS,39.0,d5cdba69afacdbf19393051c3324a45f,cap,PartNet,17507563e90313433f19716eab42752,cap,PartNet,False,cap/PartNet/17507563e90313433f19716eab42752,cap/PartNet/d5cdba69afacdbf19393051c3324a45f,True,hat,hat,0,"['the', 'brim', 'is', 'wide', '-er']",5,the brim is wide -er,train,train,train,train,"[1, 10, 601, 7, 83, 9, 2, 0, 0, 0, 0, 0, 0, 0, 0, 0, 0, 0]",brim
3048,user_1964,the top comes to a point,3SNVL38CI6LWWHSELVEU4K5HB23CKJ,37.0,d5cdba69afacdbf19393051c3324a45f,cap,PartNet,17507563e90313433f19716eab42752,cap,PartNet,False,cap/PartNet/17507563e90313433f19716eab42752,cap/PartNet/d5cdba69afacdbf19393051c3324a45f,True,hat,hat,0,"['the', 'top', 'comes', 'to', 'a', 'point']",6,the top comes to a point,train,train,train,train,"[1, 10, 99, 88, 58, 26, 412, 2, 0, 0, 0, 0, 0, 0, 0, 0, 0, 0]",crown
3049,user_1529,There is no team insignia on the crown.,3PH3VY7DJNQ0ZAX52NH53T0X7RWWZW,294.0,3b0a1a20ef0ce1a34c90f2ddc14dc59b,cap,ShapeNet,d243dfb497b2a51bf784e4a55df53109,cap,PartNet,False,cap/PartNet/d243dfb497b2a51bf784e4a55df53109,cap/ShapeNet/3b0a1a20ef0ce1a34c90f2ddc14dc59b,False,hat,cap,0,"['there', 'is', 'no', 'team', 'insignia', 'on', 'the', 'crown']",8,there is no team insignia on the crown,train,train,train,train,"[1, 15, 7, 123, 679, 632, 20, 10, 606, 2, 0, 0, 0, 0, 0, 0, 0, 0]",crown
3050,user_1644,It is a top hat.,3EJPLAJKEO925VIZB5415Z1KJP56Z7,18.0,3b0a1a20ef0ce1a34c90f2ddc14dc59b,cap,ShapeNet,d243dfb497b2a51bf784e4a55df53109,cap,PartNet,False,cap/PartNet/d243dfb497b2a51bf784e4a55df53109,cap/ShapeNet/3b0a1a20ef0ce1a34c90f2ddc14dc59b,False,hat,cap,0,"['it', 'is', 'a', 'top', 'hat']",5,it is a top hat,train,train,train,train,"[1, 23, 7, 26, 99, 602, 2, 0, 0, 0, 0, 0, 0, 0, 0, 0, 0, 0]",crown
3051,user_2105,target is a top hat,3WS1NTTKE051M35K84UDT6BBUIF0F4,33.0,3b0a1a20ef0ce1a34c90f2ddc14dc59b,cap,ShapeNet,d243dfb497b2a51bf784e4a55df53109,cap,PartNet,False,cap/PartNet/d243dfb497b2a51bf784e4a55df53109,cap/ShapeNet/3b0a1a20ef0ce1a34c90f2ddc14dc59b,False,hat,cap,0,"['target', 'is', 'a', 'top', 'hat']",5,target is a top hat,train,train,train,train,"[1, 11, 7, 26, 99, 602, 2, 0, 0, 0, 0, 0, 0, 0, 0, 0, 0, 0]",crown
3052,user_786,"Its crown is shaped like a hemisphere, NOT a cylinder with a soft cone on top",3TPZPLC3M259U8TB5U817YNMZ0HP3M,49.0,8670ef4375bbb95568b8a8e5babef621,cap,PartNet,d0919880bdf7eec8fe5dfc44db6ed8eb,cap,PartNet,False,cap/PartNet/d0919880bdf7eec8fe5dfc44db6ed8eb,cap/PartNet/8670ef4375bbb95568b8a8e5babef621,False,hat,hat,0,"['its', 'crown', 'is', 'shaped', 'like', 'a', 'hemisphere', 'not', 'a', 'cylinder', 'with', 'a', 'soft', 'cone', 'on', 'top']",16,its crown is shaped like a hemisphere not a cylinder with a soft cone on top,train,train,train,train,"[1, 5, 606, 7, 14, 35, 26, 689, 40, 26, 66, 121, 26, 706, 143, 20, 99, 2]",crown
3056,user_1529,The top of the hat isn't pointy.,37UQDCYH6ZO40BRUTIKQQ7OKQPH7V5,38.0,31253a0f8eaa2c5c785f06f424b9d06,cap,PartNet,78ffdd0f1440161ca7591d4119c4254f,cap,PartNet,False,cap/PartNet/78ffdd0f1440161ca7591d4119c4254f,cap/PartNet/31253a0f8eaa2c5c785f06f424b9d06,False,hat,hat,0,"['the', 'top', 'of', 'the', 'hat', 'is', 'not', 'pointy']",8,the top of the hat is not pointy,val,train,val,train,"[1, 10, 99, 38, 10, 602, 7, 40, 397, 2, 0, 0, 0, 0, 0, 0, 0, 0]",crown
3057,user_1644,The crown is not pointed.,3WYGZ5XF3Y8C3YHAIH4UJP9ZX5OKSK,45.0,31253a0f8eaa2c5c785f06f424b9d06,cap,PartNet,78ffdd0f1440161ca7591d4119c4254f,cap,PartNet,False,cap/PartNet/78ffdd0f1440161ca7591d4119c4254f,cap/PartNet/31253a0f8eaa2c5c785f06f424b9d06,False,hat,hat,0,"['the', 'crown', 'is', 'not', 'pointed']",5,the crown is not pointed,val,train,val,train,"[1, 10, 606, 7, 40, 387, 2, 0, 0, 0, 0, 0, 0, 0, 0, 0, 0, 0]",crown
3058,user_786,"Its has a front-only visor, NOT a tube like brim with a small gap",3L0KT67Y8G97N36RMW5LSXOAVKXYST,115.0,8156dab09860124627526d19de7c3249,cap,PartNet,5dbe1341bec2f70cf0d11ae402ef940e,cap,PartNet,False,cap/PartNet/5dbe1341bec2f70cf0d11ae402ef940e,cap/PartNet/8156dab09860124627526d19de7c3249,True,hat,hat,0,"['its', 'has', 'a', 'front', 'only', 'visor', 'not', 'a', 'tube', 'like', 'brim', 'with', 'a', 'small', 'gap']",15,its has a front only visor not a tube like brim with a small gap,train,train,train,train,"[1, 5, 24, 26, 37, 133, 605, 40, 26, 218, 35, 601, 121, 26, 111, 707, 2, 0]",brim
3062,user_1633,The target does not have a square top.,3R0T90IZ1U5RUVWVV4TF6SDO4LMCGG,22.0,373d717709b3e181bbda4bd2b976d8f7,cap,ShapeNet,a3d8771740fd7630afd6b353b2d4958f,cap,ShapeNet,False,cap/ShapeNet/a3d8771740fd7630afd6b353b2d4958f,cap/ShapeNet/373d717709b3e181bbda4bd2b976d8f7,False,cap,cap,0,"['the', 'target', 'does', 'not', 'have', 'a', 'square', 'top']",8,the target does not have a square top,train,train,train,train,"[1, 10, 11, 39, 40, 84, 26, 50, 99, 2, 0, 0, 0, 0, 0, 0, 0, 0]",crown
3064,user_786,Its crown is taller,3J4Q2Z4UT0WRLIWEFRYSC0OT2PJQW6,171.0,5a5c976be7015447f0d11ae402ef940e,cap,PartNet,dbed24c9057ad64ce8ce7d162fedd5be,cap,PartNet,False,cap/PartNet/dbed24c9057ad64ce8ce7d162fedd5be,cap/PartNet/5a5c976be7015447f0d11ae402ef940e,True,hat,hat,0,"['its', 'crown', 'is', 'tall', '-er']",5,its crown is tall -er,train,train,train,train,"[1, 5, 606, 7, 53, 9, 2, 0, 0, 0, 0, 0, 0, 0, 0, 0, 0, 0]",crown
3065,user_1644,It is a top hat.,3K4J6M3CXGM31GZXBQXO0XN04I0GAH,36.0,5a5c976be7015447f0d11ae402ef940e,cap,PartNet,dbed24c9057ad64ce8ce7d162fedd5be,cap,PartNet,False,cap/PartNet/dbed24c9057ad64ce8ce7d162fedd5be,cap/PartNet/5a5c976be7015447f0d11ae402ef940e,True,hat,hat,0,"['it', 'is', 'a', 'top', 'hat']",5,it is a top hat,train,train,train,train,"[1, 23, 7, 26, 99, 602, 2, 0, 0, 0, 0, 0, 0, 0, 0, 0, 0, 0]",crown
3066,user_1964,the crown is taller vertically,3KJYX6QCMB4XK6SWUR9NTXTTHKIVJ1,45.0,5a5c976be7015447f0d11ae402ef940e,cap,PartNet,dbed24c9057ad64ce8ce7d162fedd5be,cap,PartNet,False,cap/PartNet/dbed24c9057ad64ce8ce7d162fedd5be,cap/PartNet/5a5c976be7015447f0d11ae402ef940e,True,hat,hat,0,"['the', 'crown', 'is', 'tall', '-er', 'vertically']",6,the crown is tall -er vertically,train,train,train,train,"[1, 10, 606, 7, 53, 9, 385, 2, 0, 0, 0, 0, 0, 0, 0, 0, 0, 0]",crown
3068,user_1644,It has a wide brim.,39JEC7537WUACSMQKZS16TGYR09CV4,36.0,a4f94067b0ec9608e762cf5917cef4ef,cap,ShapeNet,7f1665745d2690d38217993582015a9c,cap,PartNet,False,cap/PartNet/7f1665745d2690d38217993582015a9c,cap/ShapeNet/a4f94067b0ec9608e762cf5917cef4ef,False,hat,cap,0,"['it', 'has', 'a', 'wide', 'brim']",5,it has a wide brim,train,train,train,train,"[1, 23, 24, 26, 83, 601, 2, 0, 0, 0, 0, 0, 0, 0, 0, 0, 0, 0]",brim
3070,user_786,Its crown's top is more rounded,3TXWC2NHN1JSM2YJEKD5TGVJMCK9SP,107.0,233a6e7c31de58a33d4bab39ff8346fd,cap,PartNet,b968eb697fbce2d76bb31db0358e9c6,cap,PartNet,False,cap/PartNet/b968eb697fbce2d76bb31db0358e9c6,cap/PartNet/233a6e7c31de58a33d4bab39ff8346fd,True,hat,hat,0,"['its', 'crown', ""'s"", 'top', 'is', 'more', 'rounded']",7,its crown 's top is more rounded,train,train,train,train,"[1, 5, 606, 12, 99, 7, 34, 48, 2, 0, 0, 0, 0, 0, 0, 0, 0, 0]",crown
3071,user_1644,It is not a top hat.,3K2755HG5UWVLN6EKGI88DVUO61DFL,19.0,233a6e7c31de58a33d4bab39ff8346fd,cap,PartNet,b968eb697fbce2d76bb31db0358e9c6,cap,PartNet,False,cap/PartNet/b968eb697fbce2d76bb31db0358e9c6,cap/PartNet/233a6e7c31de58a33d4bab39ff8346fd,True,hat,hat,0,"['it', 'is', 'not', 'a', 'top', 'hat']",6,it is not a top hat,train,train,train,train,"[1, 23, 7, 40, 26, 99, 602, 2, 0, 0, 0, 0, 0, 0, 0, 0, 0, 0]",crown
3072,user_1964,the brim is thinner vertically,30OG32W0SW4C1LXVEZC5M0MOQ9LNES,34.0,233a6e7c31de58a33d4bab39ff8346fd,cap,PartNet,b968eb697fbce2d76bb31db0358e9c6,cap,PartNet,False,cap/PartNet/b968eb697fbce2d76bb31db0358e9c6,cap/PartNet/233a6e7c31de58a33d4bab39ff8346fd,True,hat,hat,0,"['the', 'brim', 'is', 'thin', '-er', 'vertically']",6,the brim is thin -er vertically,train,train,train,train,"[1, 10, 601, 7, 60, 9, 385, 2, 0, 0, 0, 0, 0, 0, 0, 0, 0, 0]",brim
3073,user_786,Its crown diameter is larger,39ZSFO5CAAPX7R3WP1ZIXBRA3D8UJA,77.0,cdaccc660448206b108354aa2159bc1e,cap,PartNet,bdfd9d3790158d2545b2d64b440991ad,cap,PartNet,False,cap/PartNet/bdfd9d3790158d2545b2d64b440991ad,cap/PartNet/cdaccc660448206b108354aa2159bc1e,False,hat,hat,0,"['its', 'crown', 'diameter', 'is', 'large', '-er']",6,its crown diameter is large -er,test,train,test,train,"[1, 5, 606, 268, 7, 94, 9, 2, 0, 0, 0, 0, 0, 0, 0, 0, 0, 0]",crown
3074,user_1143,The target has a rounded top,30ZX6P7VFAOONFUU6HPCRSWIKMQJ2I,39.0,cdaccc660448206b108354aa2159bc1e,cap,PartNet,bdfd9d3790158d2545b2d64b440991ad,cap,PartNet,False,cap/PartNet/bdfd9d3790158d2545b2d64b440991ad,cap/PartNet/cdaccc660448206b108354aa2159bc1e,False,hat,hat,0,"['the', 'target', 'has', 'a', 'rounded', 'top']",6,the target has a rounded top,test,train,test,train,"[1, 10, 11, 24, 26, 48, 99, 2, 0, 0, 0, 0, 0, 0, 0, 0, 0, 0]",crown
3076,user_203,The crown is taller.,326O153BMKR3F96IP5Y2QVAUC6REDB,53.0,8173b6a303d2888671b99e20c1071f6c,cap,PartNet,569bfc3e920022e5561c6ec5086cfea5,cap,PartNet,False,cap/PartNet/569bfc3e920022e5561c6ec5086cfea5,cap/PartNet/8173b6a303d2888671b99e20c1071f6c,False,hat,hat,0,"['the', 'crown', 'is', 'tall', '-er']",5,the crown is tall -er,train,train,train,train,"[1, 10, 606, 7, 53, 9, 2, 0, 0, 0, 0, 0, 0, 0, 0, 0, 0, 0]",crown
3077,user_1529,The crown has a much smaller diameter.,339ANSOTR7VN9KEED5AGFN3CO7LKIR,36.0,8173b6a303d2888671b99e20c1071f6c,cap,PartNet,569bfc3e920022e5561c6ec5086cfea5,cap,PartNet,False,cap/PartNet/569bfc3e920022e5561c6ec5086cfea5,cap/PartNet/8173b6a303d2888671b99e20c1071f6c,False,hat,hat,0,"['the', 'crown', 'has', 'a', 'much', 'small', '-er', 'diameter']",8,the crown has a much small -er diameter,train,train,train,train,"[1, 10, 606, 24, 26, 59, 111, 9, 268, 2, 0, 0, 0, 0, 0, 0, 0, 0]",crown
3078,user_1644,It is a top hat.,39O5D9O87VLQ0JK70PMVNYOF0GK3C2,15.0,8173b6a303d2888671b99e20c1071f6c,cap,PartNet,569bfc3e920022e5561c6ec5086cfea5,cap,PartNet,False,cap/PartNet/569bfc3e920022e5561c6ec5086cfea5,cap/PartNet/8173b6a303d2888671b99e20c1071f6c,False,hat,hat,0,"['it', 'is', 'a', 'top', 'hat']",5,it is a top hat,train,train,train,train,"[1, 23, 7, 26, 99, 602, 2, 0, 0, 0, 0, 0, 0, 0, 0, 0, 0, 0]",crown
3080,user_1644,The crown is shorter.,324G5B4FB51O7AQEQLW15EYUWT670F,28.0,5dbe1341bec2f70cf0d11ae402ef940e,cap,PartNet,8173b6a303d2888671b99e20c1071f6c,cap,PartNet,False,cap/PartNet/8173b6a303d2888671b99e20c1071f6c,cap/PartNet/5dbe1341bec2f70cf0d11ae402ef940e,True,hat,hat,0,"['the', 'crown', 'is', 'short', '-er']",5,the crown is short -er,train,train,train,train,"[1, 10, 606, 7, 8, 9, 2, 0, 0, 0, 0, 0, 0, 0, 0, 0, 0, 0]",crown
3082,user_1143,The target is not a top hat,3SBEHTYCWPWITP3VHKB7OVINMMWIYM,35.0,1045ec5dd315bb09b3efe792e5724933,cap,PartNet,591262ba071ebd196c8bf2a864894125,cap,PartNet,False,cap/PartNet/591262ba071ebd196c8bf2a864894125,cap/PartNet/1045ec5dd315bb09b3efe792e5724933,False,hat,hat,0,"['the', 'target', 'is', 'not', 'a', 'top', 'hat']",7,the target is not a top hat,train,train,train,train,"[1, 10, 11, 7, 40, 26, 99, 602, 2, 0, 0, 0, 0, 0, 0, 0, 0, 0]",crown
3086,user_1689,The target has a larger crown.,3E47SOBEYSP5QM2QLSTIR4Q4JYCICC,37.0,579cb458787e385af0d11ae402ef940e,cap,PartNet,3e5bdecbe9ed004ed65de3ff29a73cde,cap,PartNet,False,cap/PartNet/3e5bdecbe9ed004ed65de3ff29a73cde,cap/PartNet/579cb458787e385af0d11ae402ef940e,True,hat,hat,0,"['the', 'target', 'has', 'a', 'large', '-er', 'crown']",7,the target has a large -er crown,train,train,train,train,"[1, 10, 11, 24, 26, 94, 9, 606, 2, 0, 0, 0, 0, 0, 0, 0, 0, 0]",crown
3094,user_1143,The target has a shallower brim,3DUZQ9U6SOHQJ9BMHLI1LYKGD3WVSI,42.0,484d95c416ee10a74ce8c4cc4cdde9b4,cap,PartNet,47d8ea8d4f14119048908f59408795,cap,PartNet,False,cap/PartNet/47d8ea8d4f14119048908f59408795,cap/PartNet/484d95c416ee10a74ce8c4cc4cdde9b4,True,hat,hat,0,"['the', 'target', 'has', 'a', 'shallow', '-er', 'brim']",7,the target has a shallow -er brim,train,train,train,train,"[1, 10, 11, 24, 26, 713, 9, 601, 2, 0, 0, 0, 0, 0, 0, 0, 0, 0]",brim
3095,user_1644,The crown is taller.,3IHR8NYAM9UUC4CF58DKH3FSDZS4PZ,41.0,484d95c416ee10a74ce8c4cc4cdde9b4,cap,PartNet,47d8ea8d4f14119048908f59408795,cap,PartNet,False,cap/PartNet/47d8ea8d4f14119048908f59408795,cap/PartNet/484d95c416ee10a74ce8c4cc4cdde9b4,True,hat,hat,0,"['the', 'crown', 'is', 'tall', '-er']",5,the crown is tall -er,train,train,train,train,"[1, 10, 606, 7, 53, 9, 2, 0, 0, 0, 0, 0, 0, 0, 0, 0, 0, 0]",crown
3096,user_2105,target has shorter length brim,3II4UPYCOL0SCCWNYWT2KCZ8V9XQDH,40.0,484d95c416ee10a74ce8c4cc4cdde9b4,cap,PartNet,47d8ea8d4f14119048908f59408795,cap,PartNet,False,cap/PartNet/47d8ea8d4f14119048908f59408795,cap/PartNet/484d95c416ee10a74ce8c4cc4cdde9b4,True,hat,hat,0,"['target', 'has', 'short', '-er', 'length', 'brim']",6,target has short -er length brim,train,train,train,train,"[1, 11, 24, 8, 9, 155, 601, 2, 0, 0, 0, 0, 0, 0, 0, 0, 0, 0]",brim
3097,user_203,It has a crown that is shaped like a pyramid.,38JBBYETQQ3QFDNPWUX9NRGOZTDE4D,110.0,320573ba807dc5578c26f7b0dfd20a86,cap,PartNet,eec8c8ff8efdda0f86b5dc4d3f7cea94,cap,PartNet,False,cap/PartNet/eec8c8ff8efdda0f86b5dc4d3f7cea94,cap/PartNet/320573ba807dc5578c26f7b0dfd20a86,False,hat,hat,0,"['it', 'has', 'a', 'crown', 'that', 'is', 'shaped', 'like', 'a', 'pyramid']",10,it has a crown that is shaped like a pyramid,test,train,test,train,"[1, 23, 24, 26, 606, 172, 7, 14, 35, 26, 711, 2, 0, 0, 0, 0, 0, 0]",crown
3100,user_786,"Its crown's top section looks like a cylinder, NOT the base of an inverted cone",3J4Q2Z4UT0WRLIWEFRYSC0OT2PKQW7,80.0,a0fc32a763b57b85f0d11ae402ef940e,cap,ShapeNet,cfdd264126abf98d920db8ca8825dcda,cap,PartNet,False,cap/PartNet/cfdd264126abf98d920db8ca8825dcda,cap/ShapeNet/a0fc32a763b57b85f0d11ae402ef940e,True,hat,cap,0,"['its', 'crown', ""'s"", 'top', 'section', 'looks', 'like', 'a', 'cylinder', 'not', 'the', 'base', 'of', 'an', 'inverted', 'cone']",16,its crown 's top section looks like a cylinder not the base of an inverted cone,train,train,train,train,"[1, 5, 606, 12, 99, 354, 33, 35, 26, 66, 40, 10, 103, 38, 72, 443, 143, 2]",crown
3101,user_1644,The crown is flatter.,3N1FSUEFL7TLN79P0ZMPH9Y3ZGOD4T,110.0,a0fc32a763b57b85f0d11ae402ef940e,cap,ShapeNet,cfdd264126abf98d920db8ca8825dcda,cap,PartNet,False,cap/PartNet/cfdd264126abf98d920db8ca8825dcda,cap/ShapeNet/a0fc32a763b57b85f0d11ae402ef940e,True,hat,cap,0,"['the', 'crown', 'is', 'flat', '-er']",5,the crown is flat -er,train,train,train,train,"[1, 10, 606, 7, 129, 9, 2, 0, 0, 0, 0, 0, 0, 0, 0, 0, 0, 0]",crown
3106,user_1529,There is no brim on the hat.,3R3YRB5GRHWM6Y0SVVM54CORDQEAUA,72.0,60153b9c1dc500a93d8dd242efdcdeb,cap,PartNet,f6cdd30dec4cb8e71621c7edb823fc53,cap,PartNet,False,cap/PartNet/f6cdd30dec4cb8e71621c7edb823fc53,cap/PartNet/60153b9c1dc500a93d8dd242efdcdeb,True,hat,hat,0,"['there', 'is', 'no', 'brim', 'on', 'the', 'hat']",7,there is no brim on the hat,test,train,test,train,"[1, 15, 7, 123, 601, 20, 10, 602, 2, 0, 0, 0, 0, 0, 0, 0, 0, 0]",brim
3107,user_1644,The crown is taller.,3Z4XG4ZF4AK04E1832DESSH0HKX8XY,67.0,60153b9c1dc500a93d8dd242efdcdeb,cap,PartNet,f6cdd30dec4cb8e71621c7edb823fc53,cap,PartNet,False,cap/PartNet/f6cdd30dec4cb8e71621c7edb823fc53,cap/PartNet/60153b9c1dc500a93d8dd242efdcdeb,True,hat,hat,0,"['the', 'crown', 'is', 'tall', '-er']",5,the crown is tall -er,test,train,test,train,"[1, 10, 606, 7, 53, 9, 2, 0, 0, 0, 0, 0, 0, 0, 0, 0, 0, 0]",crown
3108,user_2105,target is has a taller crown,3EWIJTFFVQ09GP5ODTA7BOQBIHH0E3,77.0,60153b9c1dc500a93d8dd242efdcdeb,cap,PartNet,f6cdd30dec4cb8e71621c7edb823fc53,cap,PartNet,False,cap/PartNet/f6cdd30dec4cb8e71621c7edb823fc53,cap/PartNet/60153b9c1dc500a93d8dd242efdcdeb,True,hat,hat,0,"['target', 'is', 'has', 'a', 'tall', '-er', 'crown']",7,target is has a tall -er crown,test,train,test,train,"[1, 11, 7, 24, 26, 53, 9, 606, 2, 0, 0, 0, 0, 0, 0, 0, 0, 0]",crown
3115,user_786,It has two ear flaps that extend down from the crown's sides,3ZSY5X72NZ4JSA2C1KWI0WLCV8IORN,62.0,bfdcb0d592aa35698b3247ca9bcd5b10,cap,PartNet,9bd54e0123d3cd70a52821bf1aa3b19a,cap,ShapeNet,False,cap/ShapeNet/9bd54e0123d3cd70a52821bf1aa3b19a,cap/PartNet/bfdcb0d592aa35698b3247ca9bcd5b10,False,cap,hat,0,"['it', 'has', 'two', 'ear', 'flaps', 'that', 'extend', 'down', 'from', 'the', 'crown', ""'s"", 'sides']",13,it has two ear flaps that extend down from the crown 's sides,train,train,train,train,"[1, 23, 24, 17, 672, 673, 172, 467, 44, 113, 10, 606, 12, 360, 2, 0, 0, 0]",crown
3121,user_203,The crown is not as tall.,3PB5A5BD0XZLIE1Z4NL4Q6LA3B47GT,48.0,1045ec5dd315bb09b3efe792e5724933,cap,PartNet,a14ab9b478087ce6b56d92c5d7b06038,cap,PartNet,False,cap/PartNet/a14ab9b478087ce6b56d92c5d7b06038,cap/PartNet/1045ec5dd315bb09b3efe792e5724933,True,hat,hat,0,"['the', 'crown', 'is', 'not', 'as', 'tall']",6,the crown is not as tall,train,train,train,train,"[1, 10, 606, 7, 40, 52, 53, 2, 0, 0, 0, 0, 0, 0, 0, 0, 0, 0]",crown
3122,user_786,Its crown diameter is larger,3GM6G9ZBKPQ88MUSSTM087XPOU6MTR,30.0,1045ec5dd315bb09b3efe792e5724933,cap,PartNet,a14ab9b478087ce6b56d92c5d7b06038,cap,PartNet,False,cap/PartNet/a14ab9b478087ce6b56d92c5d7b06038,cap/PartNet/1045ec5dd315bb09b3efe792e5724933,True,hat,hat,0,"['its', 'crown', 'diameter', 'is', 'large', '-er']",6,its crown diameter is large -er,train,train,train,train,"[1, 5, 606, 268, 7, 94, 9, 2, 0, 0, 0, 0, 0, 0, 0, 0, 0, 0]",crown
3123,user_865,Target is not a top hat design,3C6FJU71TSMN2GYVB10L7Y6YGHOYUF,671.0,1045ec5dd315bb09b3efe792e5724933,cap,PartNet,a14ab9b478087ce6b56d92c5d7b06038,cap,PartNet,False,cap/PartNet/a14ab9b478087ce6b56d92c5d7b06038,cap/PartNet/1045ec5dd315bb09b3efe792e5724933,True,hat,hat,0,"['target', 'is', 'not', 'a', 'top', 'hat', 'design']",7,target is not a top hat design,train,train,train,train,"[1, 11, 7, 40, 26, 99, 602, 192, 2, 0, 0, 0, 0, 0, 0, 0, 0, 0]",crown
3125,user_1740,Its top is less pinted.,326O153BMKR3F96IP5Y2QVAUC5JED1,50.0,889204300c03ae7dc8687ff9b0b4e4ac,cap,PartNet,3c75213433a0ad3cc039d45addffe3d3,cap,PartNet,False,cap/PartNet/3c75213433a0ad3cc039d45addffe3d3,cap/PartNet/889204300c03ae7dc8687ff9b0b4e4ac,True,hat,hat,0,"['its', 'top', 'is', 'less', 'printed']",5,its top is less printed,train,train,train,train,"[1, 5, 99, 7, 229, 718, 2, 0, 0, 0, 0, 0, 0, 0, 0, 0, 0, 0]",crown
3132,user_1964,"there is a visor, not a brim all the way around",33C7UALJVNRSEDGFW9S7XJDZC5J180,33.0,d874bb309edb91e04e5a22e049c207b1,cap,PartNet,df0dad9aa5876de3af81f84c1d08b8a2,cap,PartNet,False,cap/PartNet/df0dad9aa5876de3af81f84c1d08b8a2,cap/PartNet/d874bb309edb91e04e5a22e049c207b1,False,hat,hat,0,"['there', 'is', 'a', 'visor', 'not', 'a', 'brim', 'all', 'the', 'way', 'around']",11,there is a visor not a brim all the way around,val,train,val,train,"[1, 15, 7, 26, 605, 40, 26, 601, 367, 10, 471, 239, 2, 0, 0, 0, 0, 0]",brim
3133,user_156,Its crown is dome-shaped.,3RUIQRXJBDH0JR42J8JUM38JUC9LL0,26.0,49aa515f266763ceb2cbe98e0430a055,cap,PartNet,c721e05c676faf20a9aa61915b4add2d,cap,PartNet,False,cap/PartNet/c721e05c676faf20a9aa61915b4add2d,cap/PartNet/49aa515f266763ceb2cbe98e0430a055,False,hat,hat,0,"['its', 'crown', 'is', 'dome', 'shaped']",5,its crown is dome shaped,train,train,train,train,"[1, 5, 606, 7, 159, 14, 2, 0, 0, 0, 0, 0, 0, 0, 0, 0, 0, 0]",crown
3134,user_203,It has a visor or bill.,3JAOYWH7VKX5IP3TUBG4HUHOUIDL9O,74.0,49aa515f266763ceb2cbe98e0430a055,cap,PartNet,c721e05c676faf20a9aa61915b4add2d,cap,PartNet,False,cap/PartNet/c721e05c676faf20a9aa61915b4add2d,cap/PartNet/49aa515f266763ceb2cbe98e0430a055,False,hat,hat,0,"['it', 'has', 'a', 'visor', 'or', 'bill']",6,it has a visor or bill,train,train,train,train,"[1, 23, 24, 26, 605, 124, 603, 2, 0, 0, 0, 0, 0, 0, 0, 0, 0, 0]",brim
3136,user_1529,The top comes to a point.,3B2X28YI3Y86NXFJ5ROYJHUHSNB6BV,292.0,56bb0a2e6f729993fa5b6212657ae4a4,cap,PartNet,169bcc70358af368858829ea6212ee1a,cap,PartNet,False,cap/PartNet/169bcc70358af368858829ea6212ee1a,cap/PartNet/56bb0a2e6f729993fa5b6212657ae4a4,True,hat,hat,0,"['the', 'top', 'comes', 'to', 'a', 'point']",6,the top comes to a point,train,train,train,train,"[1, 10, 99, 88, 58, 26, 412, 2, 0, 0, 0, 0, 0, 0, 0, 0, 0, 0]",crown
3137,user_1644,The crown is taller.,3F1567XTNYYG9MJ6MGO0YGGI4NR9QQ,86.0,56bb0a2e6f729993fa5b6212657ae4a4,cap,PartNet,169bcc70358af368858829ea6212ee1a,cap,PartNet,False,cap/PartNet/169bcc70358af368858829ea6212ee1a,cap/PartNet/56bb0a2e6f729993fa5b6212657ae4a4,True,hat,hat,0,"['the', 'crown', 'is', 'tall', '-er']",5,the crown is tall -er,train,train,train,train,"[1, 10, 606, 7, 53, 9, 2, 0, 0, 0, 0, 0, 0, 0, 0, 0, 0, 0]",crown
3138,user_2105,target has cone shaped crown,33FOTY3KEOEUQG6SDL8CZ59I2XU1CY,38.0,56bb0a2e6f729993fa5b6212657ae4a4,cap,PartNet,169bcc70358af368858829ea6212ee1a,cap,PartNet,False,cap/PartNet/169bcc70358af368858829ea6212ee1a,cap/PartNet/56bb0a2e6f729993fa5b6212657ae4a4,True,hat,hat,0,"['target', 'has', 'cone', 'shaped', 'crown']",5,target has cone shaped crown,train,train,train,train,"[1, 11, 24, 143, 14, 606, 2, 0, 0, 0, 0, 0, 0, 0, 0, 0, 0, 0]",crown
3139,user_786,Its crown has a smaller diameter,3I0BTBYZAZE7MUMFDUM1IRIR0SEY06,46.0,47d8ea8d4f14119048908f59408795,cap,PartNet,aa9fa261b2643eec750b99f712bb1b4,cap,PartNet,False,cap/PartNet/aa9fa261b2643eec750b99f712bb1b4,cap/PartNet/47d8ea8d4f14119048908f59408795,True,hat,hat,0,"['its', 'crown', 'has', 'a', 'small', '-er', 'diameter']",7,its crown has a small -er diameter,train,train,train,train,"[1, 5, 606, 24, 26, 111, 9, 268, 2, 0, 0, 0, 0, 0, 0, 0, 0, 0]",crown
3140,user_920,The target's brim is flat.,3YDGXNSEO1N96CDYJRB9VHK2OPS84J,33.0,47d8ea8d4f14119048908f59408795,cap,PartNet,aa9fa261b2643eec750b99f712bb1b4,cap,PartNet,False,cap/PartNet/aa9fa261b2643eec750b99f712bb1b4,cap/PartNet/47d8ea8d4f14119048908f59408795,True,hat,hat,0,"['the', 'target', ""'s"", 'brim', 'is', 'flat']",6,the target 's brim is flat,train,train,train,train,"[1, 10, 11, 12, 601, 7, 129, 2, 0, 0, 0, 0, 0, 0, 0, 0, 0, 0]",brim
3142,user_1633,The target has a thicker brim.,3FE7TXL1LKG592Y7179LOT84YHLQ2J,24.0,fc4bf4203c69da43b5c87aa520cf194f,cap,PartNet,f1a3280859c83c2ebfabbbce99807de9,cap,PartNet,False,cap/PartNet/f1a3280859c83c2ebfabbbce99807de9,cap/PartNet/fc4bf4203c69da43b5c87aa520cf194f,True,hat,hat,0,"['the', 'target', 'has', 'a', 'thick', '-er', 'brim']",7,the target has a thick -er brim,train,train,train,train,"[1, 10, 11, 24, 26, 54, 9, 601, 2, 0, 0, 0, 0, 0, 0, 0, 0, 0]",brim
3143,user_1644,The crown is shorter.,3VSOLARPKD2O2LD4O5C4L8N7UWX393,21.0,fc4bf4203c69da43b5c87aa520cf194f,cap,PartNet,f1a3280859c83c2ebfabbbce99807de9,cap,PartNet,False,cap/PartNet/f1a3280859c83c2ebfabbbce99807de9,cap/PartNet/fc4bf4203c69da43b5c87aa520cf194f,True,hat,hat,0,"['the', 'crown', 'is', 'short', '-er']",5,the crown is short -er,train,train,train,train,"[1, 10, 606, 7, 8, 9, 2, 0, 0, 0, 0, 0, 0, 0, 0, 0, 0, 0]",crown
3144,user_1689,The target has a lower crown.,3SNVL38CI6LWWHSELVEU4K5HB27CKN,51.0,fc4bf4203c69da43b5c87aa520cf194f,cap,PartNet,f1a3280859c83c2ebfabbbce99807de9,cap,PartNet,False,cap/PartNet/f1a3280859c83c2ebfabbbce99807de9,cap/PartNet/fc4bf4203c69da43b5c87aa520cf194f,True,hat,hat,0,"['the', 'target', 'has', 'a', 'low', '-er', 'crown']",7,the target has a low -er crown,train,train,train,train,"[1, 10, 11, 24, 26, 345, 9, 606, 2, 0, 0, 0, 0, 0, 0, 0, 0, 0]",crown
3145,user_786,Its crown's front has a raised logo,34FNN24DCO26H18GA0SDZMEIH1Y5Y9,55.0,3f712e64c37ee460e4b30fdd654658ce,cap,PartNet,3b0a1a20ef0ce1a34c90f2ddc14dc59b,cap,ShapeNet,False,cap/ShapeNet/3b0a1a20ef0ce1a34c90f2ddc14dc59b,cap/PartNet/3f712e64c37ee460e4b30fdd654658ce,False,cap,hat,0,"['its', 'crown', ""'s"", 'front', 'has', 'a', 'raised', 'logo']",8,its crown 's front has a raised logo,train,train,train,train,"[1, 5, 606, 12, 37, 24, 26, 681, 604, 2, 0, 0, 0, 0, 0, 0, 0, 0]",crown
3149,user_1644,The crown is taller.,3OHYZ19UGEYRTTGVZ9AW56W2V4ROAC,99.0,2b1a1d63bd7e931c12a8043ef6529707,cap,PartNet,64802051170909e71fabf3cbd0fc77bc,cap,PartNet,False,cap/PartNet/64802051170909e71fabf3cbd0fc77bc,cap/PartNet/2b1a1d63bd7e931c12a8043ef6529707,False,hat,hat,0,"['the', 'crown', 'is', 'tall', '-er']",5,the crown is tall -er,train,train,train,train,"[1, 10, 606, 7, 53, 9, 2, 0, 0, 0, 0, 0, 0, 0, 0, 0, 0, 0]",crown
3152,user_1644,It has a button at the top.,3TDXMTX3CDNGA5TPB1GF54YUNC66ID,30.0,3a666502c0432522a3340564b56a7f70,cap,ShapeNet,9634ac7cd209cc7e230a4d129580843a,cap,PartNet,False,cap/PartNet/9634ac7cd209cc7e230a4d129580843a,cap/ShapeNet/3a666502c0432522a3340564b56a7f70,False,hat,cap,0,"['it', 'has', 'a', 'button', 'at', 'the', 'top']",7,it has a button at the top,train,train,train,train,"[1, 23, 24, 26, 596, 98, 10, 99, 2, 0, 0, 0, 0, 0, 0, 0, 0, 0]",crown
3153,user_1964,there is a button on top,3SUWZRL0M064U0R3FIQOKP02VJVE68,53.0,3a666502c0432522a3340564b56a7f70,cap,ShapeNet,9634ac7cd209cc7e230a4d129580843a,cap,PartNet,False,cap/PartNet/9634ac7cd209cc7e230a4d129580843a,cap/ShapeNet/3a666502c0432522a3340564b56a7f70,False,hat,cap,0,"['there', 'is', 'a', 'button', 'on', 'top']",6,there is a button on top,train,train,train,train,"[1, 15, 7, 26, 596, 20, 99, 2, 0, 0, 0, 0, 0, 0, 0, 0, 0, 0]",crown
3154,user_786,Its crown has a smaller diameter,3FE7TXL1LKG592Y7179LOT84YHHQ2F,25.0,5549d6cf8c5c7f1e886d6fb5acc5844b,cap,PartNet,3d8715e132379fc04ec272da715766dd,cap,PartNet,False,cap/PartNet/3d8715e132379fc04ec272da715766dd,cap/PartNet/5549d6cf8c5c7f1e886d6fb5acc5844b,True,hat,hat,0,"['its', 'crown', 'has', 'a', 'small', '-er', 'diameter']",7,its crown has a small -er diameter,test,train,test,train,"[1, 5, 606, 24, 26, 111, 9, 268, 2, 0, 0, 0, 0, 0, 0, 0, 0, 0]",crown
3156,user_1633,The target has a wider brim.,3C8HJ7UOP9N4UY3RYLBIUVY69PKMZX,19.0,5549d6cf8c5c7f1e886d6fb5acc5844b,cap,PartNet,3d8715e132379fc04ec272da715766dd,cap,PartNet,False,cap/PartNet/3d8715e132379fc04ec272da715766dd,cap/PartNet/5549d6cf8c5c7f1e886d6fb5acc5844b,True,hat,hat,0,"['the', 'target', 'has', 'a', 'wide', '-er', 'brim']",7,the target has a wide -er brim,test,train,test,train,"[1, 10, 11, 24, 26, 83, 9, 601, 2, 0, 0, 0, 0, 0, 0, 0, 0, 0]",brim
3157,user_615,hat has a brim,3EJPLAJKEO925VIZB5415Z1KJQCZ69,90.0,d5cdba69afacdbf19393051c3324a45f,cap,PartNet,3a666502c0432522a3340564b56a7f70,cap,ShapeNet,False,cap/ShapeNet/3a666502c0432522a3340564b56a7f70,cap/PartNet/d5cdba69afacdbf19393051c3324a45f,False,cap,hat,0,"['hat', 'has', 'a', 'brim']",4,hat has a brim,train,train,train,train,"[1, 602, 24, 26, 601, 2, 0, 0, 0, 0, 0, 0, 0, 0, 0, 0, 0, 0]",brim
3161,user_1644,The crown is taller.,32KTQ2V7RF8PO7LEUNHJH7WDUN39ME,29.0,34dfb5af71b1f327e21800cd80ebb26f,cap,PartNet,b3ccfa337100028088f5610828331858,cap,PartNet,False,cap/PartNet/b3ccfa337100028088f5610828331858,cap/PartNet/34dfb5af71b1f327e21800cd80ebb26f,False,hat,hat,0,"['the', 'crown', 'is', 'tall', '-er']",5,the crown is tall -er,train,train,train,train,"[1, 10, 606, 7, 53, 9, 2, 0, 0, 0, 0, 0, 0, 0, 0, 0, 0, 0]",crown
3163,user_203,The bill is taller.,3AAPLD8UCEAMG8TH1W6NG2PT787THP,70.0,a826c25abe5d1e4b6c57e21624dd9952,cap,PartNet,dd2d95b294a7a8b4fa5b6212657ae4a4,cap,ShapeNet,False,cap/ShapeNet/dd2d95b294a7a8b4fa5b6212657ae4a4,cap/PartNet/a826c25abe5d1e4b6c57e21624dd9952,False,cap,hat,0,"['the', 'bill', 'is', 'tall', '-er']",5,the bill is tall -er,val,train,val,train,"[1, 10, 603, 7, 53, 9, 2, 0, 0, 0, 0, 0, 0, 0, 0, 0, 0, 0]",brim
3167,user_1489,The brim is not as flat,33F859I5686MKMZ01AF2G8J712TBH5,73.0,bf120175fed89392954cc04e9b526b85,cap,PartNet,f257051157caf99f9a2840934f7f84bc,cap,PartNet,False,cap/PartNet/f257051157caf99f9a2840934f7f84bc,cap/PartNet/bf120175fed89392954cc04e9b526b85,True,hat,hat,0,"['the', 'brim', 'is', 'not', 'as', 'flat']",6,the brim is not as flat,train,train,train,train,"[1, 10, 601, 7, 40, 52, 129, 2, 0, 0, 0, 0, 0, 0, 0, 0, 0, 0]",brim
3168,user_1644,The brim is wider.,34J10VATJHR9KNC9QAUDB9FLNDEIQI,40.0,bf120175fed89392954cc04e9b526b85,cap,PartNet,f257051157caf99f9a2840934f7f84bc,cap,PartNet,False,cap/PartNet/f257051157caf99f9a2840934f7f84bc,cap/PartNet/bf120175fed89392954cc04e9b526b85,True,hat,hat,0,"['the', 'brim', 'is', 'wide', '-er']",5,the brim is wide -er,train,train,train,train,"[1, 10, 601, 7, 83, 9, 2, 0, 0, 0, 0, 0, 0, 0, 0, 0, 0, 0]",brim
3169,user_203,The diameter of the brim is greater.,39RP059MEJM8C00BS7VF8DR3IN4MBZ,62.0,b9be3ecb04284bebdde3c649189c2dd4,cap,PartNet,d0313cadc2b4b2cc1372a4afda9e2f07,cap,PartNet,False,cap/PartNet/d0313cadc2b4b2cc1372a4afda9e2f07,cap/PartNet/b9be3ecb04284bebdde3c649189c2dd4,True,hat,hat,0,"['the', 'diameter', 'of', 'the', 'brim', 'is', 'great', '-er']",8,the diameter of the brim is great -er,train,train,train,train,"[1, 10, 268, 38, 10, 601, 7, 188, 9, 2, 0, 0, 0, 0, 0, 0, 0, 0]",brim
3170,user_456,The target is a top hat.,3J2UYBXQQN553AC97BR9Z0YY1KY06P,87.0,b9be3ecb04284bebdde3c649189c2dd4,cap,PartNet,d0313cadc2b4b2cc1372a4afda9e2f07,cap,PartNet,False,cap/PartNet/d0313cadc2b4b2cc1372a4afda9e2f07,cap/PartNet/b9be3ecb04284bebdde3c649189c2dd4,True,hat,hat,0,"['the', 'target', 'is', 'a', 'top', 'hat']",6,the target is a top hat,train,train,train,train,"[1, 10, 11, 7, 26, 99, 602, 2, 0, 0, 0, 0, 0, 0, 0, 0, 0, 0]",crown
3178,user_677,The top of the target is flat.,3N1FSUEFL7TLN79P0ZMPH9Y3ZHX4DV,65.0,8670ef4375bbb95568b8a8e5babef621,cap,PartNet,b5a6c597fefeaa0598095901ddb7e8e7,cap,PartNet,False,cap/PartNet/b5a6c597fefeaa0598095901ddb7e8e7,cap/PartNet/8670ef4375bbb95568b8a8e5babef621,False,hat,hat,0,"['the', 'top', 'of', 'the', 'target', 'is', 'flat']",7,the top of the target is flat,train,train,train,train,"[1, 10, 99, 38, 10, 11, 7, 129, 2, 0, 0, 0, 0, 0, 0, 0, 0, 0]",crown
3179,user_1633,The target has a flat top.,3LRKMWOKB7AENUZYO3SYFMK83K32ZM,19.0,8670ef4375bbb95568b8a8e5babef621,cap,PartNet,b5a6c597fefeaa0598095901ddb7e8e7,cap,PartNet,False,cap/PartNet/b5a6c597fefeaa0598095901ddb7e8e7,cap/PartNet/8670ef4375bbb95568b8a8e5babef621,False,hat,hat,0,"['the', 'target', 'has', 'a', 'flat', 'top']",6,the target has a flat top,train,train,train,train,"[1, 10, 11, 24, 26, 129, 99, 2, 0, 0, 0, 0, 0, 0, 0, 0, 0, 0]",crown
3180,user_1644,It is a top hat.,3RJSC4XJ12N9K6CV2SH47UKY5NB50Y,30.0,8670ef4375bbb95568b8a8e5babef621,cap,PartNet,b5a6c597fefeaa0598095901ddb7e8e7,cap,PartNet,False,cap/PartNet/b5a6c597fefeaa0598095901ddb7e8e7,cap/PartNet/8670ef4375bbb95568b8a8e5babef621,False,hat,hat,0,"['it', 'is', 'a', 'top', 'hat']",5,it is a top hat,train,train,train,train,"[1, 23, 7, 26, 99, 602, 2, 0, 0, 0, 0, 0, 0, 0, 0, 0, 0, 0]",crown
3181,user_865,"Target has tall, narrow, top hat appearance",3Z7EFSHGNB72GHRLKETJUEDJ7BNXCY,563.0,87c240c20a772f51e6e812c94ac516eb,cap,PartNet,2c67d217a62c320ce4b96e37c6ed18f3,cap,PartNet,False,cap/PartNet/2c67d217a62c320ce4b96e37c6ed18f3,cap/PartNet/87c240c20a772f51e6e812c94ac516eb,False,hat,hat,0,"['target', 'has', 'tall', 'narrow', 'top', 'hat', 'appearance']",7,target has tall narrow top hat appearance,test,train,test,train,"[1, 11, 24, 53, 210, 99, 602, 729, 2, 0, 0, 0, 0, 0, 0, 0, 0, 0]",crown
3182,user_1633,The target has a wider brim.,326O153BMKR3F96IP5Y2QVAUC5IED0,29.0,87c240c20a772f51e6e812c94ac516eb,cap,PartNet,2c67d217a62c320ce4b96e37c6ed18f3,cap,PartNet,False,cap/PartNet/2c67d217a62c320ce4b96e37c6ed18f3,cap/PartNet/87c240c20a772f51e6e812c94ac516eb,False,hat,hat,0,"['the', 'target', 'has', 'a', 'wide', '-er', 'brim']",7,the target has a wide -er brim,test,train,test,train,"[1, 10, 11, 24, 26, 83, 9, 601, 2, 0, 0, 0, 0, 0, 0, 0, 0, 0]",brim
3183,user_1644,The crown is taller.,36AHBNMV1T51LEN9P6AWXY2AUHNDYE,22.0,87c240c20a772f51e6e812c94ac516eb,cap,PartNet,2c67d217a62c320ce4b96e37c6ed18f3,cap,PartNet,False,cap/PartNet/2c67d217a62c320ce4b96e37c6ed18f3,cap/PartNet/87c240c20a772f51e6e812c94ac516eb,False,hat,hat,0,"['the', 'crown', 'is', 'tall', '-er']",5,the crown is tall -er,test,train,test,train,"[1, 10, 606, 7, 53, 9, 2, 0, 0, 0, 0, 0, 0, 0, 0, 0, 0, 0]",crown
3185,user_1644,The crown is square shaped.,3YDGXNSEO1N96CDYJRB9VHK2OPV48I,22.0,587e59afe62ea145f0d11ae402ef940e,cap,PartNet,deb19c41bc1e4ba5c8727b27ee96a4b7,cap,PartNet,False,cap/PartNet/deb19c41bc1e4ba5c8727b27ee96a4b7,cap/PartNet/587e59afe62ea145f0d11ae402ef940e,True,hat,hat,0,"['the', 'crown', 'is', 'square', 'shaped']",5,the crown is square shaped,train,train,train,train,"[1, 10, 606, 7, 50, 14, 2, 0, 0, 0, 0, 0, 0, 0, 0, 0, 0, 0]",crown
3186,user_1964,the top is a square,3T111IHZ5GJGLNY6ZVD036QN09TR99,31.0,587e59afe62ea145f0d11ae402ef940e,cap,PartNet,deb19c41bc1e4ba5c8727b27ee96a4b7,cap,PartNet,False,cap/PartNet/deb19c41bc1e4ba5c8727b27ee96a4b7,cap/PartNet/587e59afe62ea145f0d11ae402ef940e,True,hat,hat,0,"['the', 'top', 'is', 'a', 'square']",5,the top is a square,train,train,train,train,"[1, 10, 99, 7, 26, 50, 2, 0, 0, 0, 0, 0, 0, 0, 0, 0, 0, 0]",crown
3188,user_1644,The crown is shorter.,3ZV9H2YQQF0ZEHQCHGMWZSVISWZ3W8,56.0,6cfb76b40fc41da2a6e67635b9d1cee5,cap,ShapeNet,3a666502c0432522a3340564b56a7f70,cap,ShapeNet,False,cap/ShapeNet/3a666502c0432522a3340564b56a7f70,cap/ShapeNet/6cfb76b40fc41da2a6e67635b9d1cee5,True,cap,cap,0,"['the', 'crown', 'is', 'short', '-er']",5,the crown is short -er,train,train,train,train,"[1, 10, 606, 7, 8, 9, 2, 0, 0, 0, 0, 0, 0, 0, 0, 0, 0, 0]",crown
3190,user_786,It has a narrow cylindrical band between the crown and the visor,320DUZ38G9FE29215WA1TWQJU61JG9,130.0,e1c16d76fa8d0289bcbb5732017b0d93,cap,PartNet,750d92eefed5179676bb31db0358e9c6,cap,PartNet,False,cap/PartNet/750d92eefed5179676bb31db0358e9c6,cap/PartNet/e1c16d76fa8d0289bcbb5732017b0d93,True,hat,hat,0,"['it', 'has', 'a', 'narrow', 'cylindrical', 'band', 'between', 'the', 'crown', 'and', 'the', 'visor']",12,it has a narrow cylindrical band between the crown and the visor,train,train,train,train,"[1, 23, 24, 26, 210, 176, 347, 657, 10, 606, 47, 10, 605, 2, 0, 0, 0, 0]",crown
3193,user_1633,The target has a smaller brim.,3Z2R0DQ0JJ7GCZ82SGELUCJQFET2EF,27.0,fc4bf4203c69da43b5c87aa520cf194f,cap,PartNet,a826c25abe5d1e4b6c57e21624dd9952,cap,PartNet,False,cap/PartNet/a826c25abe5d1e4b6c57e21624dd9952,cap/PartNet/fc4bf4203c69da43b5c87aa520cf194f,True,hat,hat,0,"['the', 'target', 'has', 'a', 'small', '-er', 'brim']",7,the target has a small -er brim,train,train,train,train,"[1, 10, 11, 24, 26, 111, 9, 601, 2, 0, 0, 0, 0, 0, 0, 0, 0, 0]",brim
3194,user_1644,The crown is shorter.,3GNCZX450KG9ETSWE9NBU61S5A7PAG,29.0,fc4bf4203c69da43b5c87aa520cf194f,cap,PartNet,a826c25abe5d1e4b6c57e21624dd9952,cap,PartNet,False,cap/PartNet/a826c25abe5d1e4b6c57e21624dd9952,cap/PartNet/fc4bf4203c69da43b5c87aa520cf194f,True,hat,hat,0,"['the', 'crown', 'is', 'short', '-er']",5,the crown is short -er,train,train,train,train,"[1, 10, 606, 7, 8, 9, 2, 0, 0, 0, 0, 0, 0, 0, 0, 0, 0, 0]",crown
3195,user_2105,target has shorter crown height,3I02618YA2ZTT26UKE42U7DMCD8PU1,29.0,fc4bf4203c69da43b5c87aa520cf194f,cap,PartNet,a826c25abe5d1e4b6c57e21624dd9952,cap,PartNet,False,cap/PartNet/a826c25abe5d1e4b6c57e21624dd9952,cap/PartNet/fc4bf4203c69da43b5c87aa520cf194f,True,hat,hat,0,"['target', 'has', 'short', '-er', 'crown', 'height']",6,target has short -er crown height,train,train,train,train,"[1, 11, 24, 8, 9, 606, 117, 2, 0, 0, 0, 0, 0, 0, 0, 0, 0, 0]",crown
3200,user_1689,The target has no brim.,3EFE17QCREYL18G2CW1X6XT75OJHSC,192.0,8338e10954ae6c5296b84415a3f1393b,cap,ShapeNet,1e749b3d20c65ef25c2a2c970803cfe2,cap,PartNet,False,cap/PartNet/1e749b3d20c65ef25c2a2c970803cfe2,cap/ShapeNet/8338e10954ae6c5296b84415a3f1393b,True,hat,cap,0,"['the', 'target', 'has', 'no', 'brim']",5,the target has no brim,train,train,train,train,"[1, 10, 11, 24, 123, 601, 2, 0, 0, 0, 0, 0, 0, 0, 0, 0, 0, 0]",brim
3203,user_1644,It has a logo on the crown.,3R5F3LQFV4DSU1O3B1QVMZNB4QIZOA,20.0,9634ac7cd209cc7e230a4d129580843a,cap,PartNet,fd63218d927ae58cbf444790f25ea3db,cap,ShapeNet,False,cap/ShapeNet/fd63218d927ae58cbf444790f25ea3db,cap/PartNet/9634ac7cd209cc7e230a4d129580843a,True,cap,hat,0,"['it', 'has', 'a', 'logo', 'on', 'the', 'crown']",7,it has a logo on the crown,train,train,train,train,"[1, 23, 24, 26, 604, 20, 10, 606, 2, 0, 0, 0, 0, 0, 0, 0, 0, 0]",crown
3208,user_1633,The target does not have a wide brim.,3DY46V3X3RB8FDYWZYNGOPGPMVL55I,25.0,e43656f7922bb7573d73b22cbe25cea9,cap,PartNet,c2cf2cf35d08662945c5fa74440a4519,cap,PartNet,False,cap/PartNet/c2cf2cf35d08662945c5fa74440a4519,cap/PartNet/e43656f7922bb7573d73b22cbe25cea9,False,hat,hat,0,"['the', 'target', 'does', 'not', 'have', 'a', 'wide', 'brim']",8,the target does not have a wide brim,train,train,train,train,"[1, 10, 11, 39, 40, 84, 26, 83, 601, 2, 0, 0, 0, 0, 0, 0, 0, 0]",brim
3209,user_1644,It does not have a brim.,3MB8LZR5BHMPZLMKY87T73V45BGLK7,31.0,e43656f7922bb7573d73b22cbe25cea9,cap,PartNet,c2cf2cf35d08662945c5fa74440a4519,cap,PartNet,False,cap/PartNet/c2cf2cf35d08662945c5fa74440a4519,cap/PartNet/e43656f7922bb7573d73b22cbe25cea9,False,hat,hat,0,"['it', 'does', 'not', 'have', 'a', 'brim']",6,it does not have a brim,train,train,train,train,"[1, 23, 39, 40, 84, 26, 601, 2, 0, 0, 0, 0, 0, 0, 0, 0, 0, 0]",brim
3210,user_2105,target does not have brim,3EQHHY4HQUL6VANGGU67SM7EC5R5GU,33.0,e43656f7922bb7573d73b22cbe25cea9,cap,PartNet,c2cf2cf35d08662945c5fa74440a4519,cap,PartNet,False,cap/PartNet/c2cf2cf35d08662945c5fa74440a4519,cap/PartNet/e43656f7922bb7573d73b22cbe25cea9,False,hat,hat,0,"['target', 'does', 'not', 'have', 'brim']",5,target does not have brim,train,train,train,train,"[1, 11, 39, 40, 84, 601, 2, 0, 0, 0, 0, 0, 0, 0, 0, 0, 0, 0]",brim
3212,user_1644,The crown is shorter.,3U4J9857OG4PRXTOO1TQPVUDNX67B4,50.0,9bd54e0123d3cd70a52821bf1aa3b19a,cap,ShapeNet,b968eb697fbce2d76bb31db0358e9c6,cap,PartNet,False,cap/PartNet/b968eb697fbce2d76bb31db0358e9c6,cap/ShapeNet/9bd54e0123d3cd70a52821bf1aa3b19a,False,hat,cap,0,"['the', 'crown', 'is', 'short', '-er']",5,the crown is short -er,train,train,train,train,"[1, 10, 606, 7, 8, 9, 2, 0, 0, 0, 0, 0, 0, 0, 0, 0, 0, 0]",crown
3215,user_1644,The crown is taller.,3KJYX6QCMB4XK6SWUR9NTXTTHL3JVC,22.0,e1c16d76fa8d0289bcbb5732017b0d93,cap,PartNet,5dbe1341bec2f70cf0d11ae402ef940e,cap,PartNet,False,cap/PartNet/5dbe1341bec2f70cf0d11ae402ef940e,cap/PartNet/e1c16d76fa8d0289bcbb5732017b0d93,False,hat,hat,0,"['the', 'crown', 'is', 'tall', '-er']",5,the crown is tall -er,train,train,train,train,"[1, 10, 606, 7, 53, 9, 2, 0, 0, 0, 0, 0, 0, 0, 0, 0, 0, 0]",crown
3219,user_2105,target has no brim,39OWYR0EPMKYJY15GC5MLY5V6VUYF3,39.0,e43656f7922bb7573d73b22cbe25cea9,cap,PartNet,8947e6433332d6a7ae642d04749e35b4,cap,PartNet,False,cap/PartNet/8947e6433332d6a7ae642d04749e35b4,cap/PartNet/e43656f7922bb7573d73b22cbe25cea9,True,hat,hat,0,"['target', 'has', 'no', 'brim']",4,target has no brim,train,train,train,train,"[1, 11, 24, 123, 601, 2, 0, 0, 0, 0, 0, 0, 0, 0, 0, 0, 0, 0]",brim
3220,user_1529,There is no triangular crown.,3QBD8R3Z23CCR40EQ805S3A23VOO4W,128.0,88adc86cf9004a01ed43c5a21cb8b385,cap,PartNet,8947e6433332d6a7ae642d04749e35b4,cap,PartNet,False,cap/PartNet/8947e6433332d6a7ae642d04749e35b4,cap/PartNet/88adc86cf9004a01ed43c5a21cb8b385,False,hat,hat,0,"['there', 'is', 'no', 'triangular', 'crown']",5,there is no triangular crown,train,train,train,train,"[1, 15, 7, 123, 564, 606, 2, 0, 0, 0, 0, 0, 0, 0, 0, 0, 0, 0]",crown
3221,user_1633,The target is flat on top.,3ZAK8W07I67Q5L2A3TPCF6CE442U03,28.0,88adc86cf9004a01ed43c5a21cb8b385,cap,PartNet,8947e6433332d6a7ae642d04749e35b4,cap,PartNet,False,cap/PartNet/8947e6433332d6a7ae642d04749e35b4,cap/PartNet/88adc86cf9004a01ed43c5a21cb8b385,False,hat,hat,0,"['the', 'target', 'is', 'flat', 'on', 'top']",6,the target is flat on top,train,train,train,train,"[1, 10, 11, 7, 129, 20, 99, 2, 0, 0, 0, 0, 0, 0, 0, 0, 0, 0]",crown
3222,user_2105,target does not have triangular shaped crown,3JAOYWH7VKX5IP3TUBG4HUHOUIXL98,44.0,88adc86cf9004a01ed43c5a21cb8b385,cap,PartNet,8947e6433332d6a7ae642d04749e35b4,cap,PartNet,False,cap/PartNet/8947e6433332d6a7ae642d04749e35b4,cap/PartNet/88adc86cf9004a01ed43c5a21cb8b385,False,hat,hat,0,"['target', 'does', 'not', 'have', 'triangular', 'shaped', 'crown']",7,target does not have triangular shaped crown,train,train,train,train,"[1, 11, 39, 40, 84, 564, 14, 606, 2, 0, 0, 0, 0, 0, 0, 0, 0, 0]",crown
3223,user_90,It has a flat top,3VNXK88KKEB8EUFN8FIA43FQLGXV9Z,61.0,c5d20fc28adf769b1802624b30ec569e,cap,PartNet,21449a5560e5482d12fcd71c55eb9d74,cap,PartNet,False,cap/PartNet/21449a5560e5482d12fcd71c55eb9d74,cap/PartNet/c5d20fc28adf769b1802624b30ec569e,True,hat,hat,0,"['it', 'has', 'a', 'flat', 'top']",5,it has a flat top,train,train,train,train,"[1, 23, 24, 26, 129, 99, 2, 0, 0, 0, 0, 0, 0, 0, 0, 0, 0, 0]",crown
3224,user_786,"Its crown has a flat top, NOT pointy",3S06PH7KSTX4V8C6DH3NJBR0NXND1R,61.0,c5d20fc28adf769b1802624b30ec569e,cap,PartNet,21449a5560e5482d12fcd71c55eb9d74,cap,PartNet,False,cap/PartNet/21449a5560e5482d12fcd71c55eb9d74,cap/PartNet/c5d20fc28adf769b1802624b30ec569e,True,hat,hat,0,"['its', 'crown', 'has', 'a', 'flat', 'top', 'not', 'pointy']",8,its crown has a flat top not pointy,train,train,train,train,"[1, 5, 606, 24, 26, 129, 99, 40, 397, 2, 0, 0, 0, 0, 0, 0, 0, 0]",crown
3225,user_1644,The crown is not pointed.,33LK57MYLVY7STGWII7464XC1E1ZSL,32.0,c5d20fc28adf769b1802624b30ec569e,cap,PartNet,21449a5560e5482d12fcd71c55eb9d74,cap,PartNet,False,cap/PartNet/21449a5560e5482d12fcd71c55eb9d74,cap/PartNet/c5d20fc28adf769b1802624b30ec569e,True,hat,hat,0,"['the', 'crown', 'is', 'not', 'pointed']",5,the crown is not pointed,train,train,train,train,"[1, 10, 606, 7, 40, 387, 2, 0, 0, 0, 0, 0, 0, 0, 0, 0, 0, 0]",crown
3230,user_920,The target's crown is taller.,3Y9N9SS8L0405BQL0LH6746XLGTD39,36.0,2b1a1d63bd7e931c12a8043ef6529707,cap,PartNet,7b168dc388c25bcc9dbdf196435b6c26,cap,PartNet,False,cap/PartNet/7b168dc388c25bcc9dbdf196435b6c26,cap/PartNet/2b1a1d63bd7e931c12a8043ef6529707,False,hat,hat,0,"['the', 'target', ""'s"", 'crown', 'is', 'tall', '-er']",7,the target 's crown is tall -er,val,train,val,train,"[1, 10, 11, 12, 606, 7, 53, 9, 2, 0, 0, 0, 0, 0, 0, 0, 0, 0]",crown
3231,user_1644,It is a top hat.,31QNSG6A5TM6PZVHLP9GYT4CFRL876,18.0,2b1a1d63bd7e931c12a8043ef6529707,cap,PartNet,7b168dc388c25bcc9dbdf196435b6c26,cap,PartNet,False,cap/PartNet/7b168dc388c25bcc9dbdf196435b6c26,cap/PartNet/2b1a1d63bd7e931c12a8043ef6529707,False,hat,hat,0,"['it', 'is', 'a', 'top', 'hat']",5,it is a top hat,val,train,val,train,"[1, 23, 7, 26, 99, 602, 2, 0, 0, 0, 0, 0, 0, 0, 0, 0, 0, 0]",crown
3232,user_203,The brim is not circular.,3QHK8ZVMIOBO6IIQSVU080CEIIVLBD,47.0,d0313cadc2b4b2cc1372a4afda9e2f07,cap,PartNet,35450ea3b3158ed6eefb4d7820758668,cap,PartNet,False,cap/PartNet/35450ea3b3158ed6eefb4d7820758668,cap/PartNet/d0313cadc2b4b2cc1372a4afda9e2f07,False,hat,hat,0,"['the', 'brim', 'is', 'not', 'circular']",5,the brim is not circular,train,train,train,train,"[1, 10, 601, 7, 40, 102, 2, 0, 0, 0, 0, 0, 0, 0, 0, 0, 0, 0]",brim
3234,user_1644,It is not a top hat.,3R3YRB5GRHWM6Y0SVVM54CORDQFUAV,29.0,d0313cadc2b4b2cc1372a4afda9e2f07,cap,PartNet,35450ea3b3158ed6eefb4d7820758668,cap,PartNet,False,cap/PartNet/35450ea3b3158ed6eefb4d7820758668,cap/PartNet/d0313cadc2b4b2cc1372a4afda9e2f07,False,hat,hat,0,"['it', 'is', 'not', 'a', 'top', 'hat']",6,it is not a top hat,train,train,train,train,"[1, 23, 7, 40, 26, 99, 602, 2, 0, 0, 0, 0, 0, 0, 0, 0, 0, 0]",crown
3238,user_456,The target has an indented crown.,3KXIR214I69YKXB93A28LQ7Z2QT245,103.0,89717260f663fe13a9d8b37b5c73935c,cap,ShapeNet,61437489633f5d167c35d3c5d3b1fcf7,cap,ShapeNet,False,cap/ShapeNet/61437489633f5d167c35d3c5d3b1fcf7,cap/ShapeNet/89717260f663fe13a9d8b37b5c73935c,True,cap,cap,0,"['the', 'target', 'has', 'an', 'indented', 'crown']",6,the target has an indented crown,train,train,train,train,"[1, 10, 11, 24, 72, 633, 606, 2, 0, 0, 0, 0, 0, 0, 0, 0, 0, 0]",crown
3241,user_786,Its crown is dome-shaped,3PB5A5BD0XZLIE1Z4NL4Q6LA3BF7G4,61.0,c68d509f6d2db0bab581cc9c4410f841,cap,PartNet,d95c45cbf4d197157f0aed56a80b2a7c,cap,PartNet,False,cap/PartNet/d95c45cbf4d197157f0aed56a80b2a7c,cap/PartNet/c68d509f6d2db0bab581cc9c4410f841,False,hat,hat,0,"['its', 'crown', 'is', 'dome', 'shaped']",5,its crown is dome shaped,train,train,train,train,"[1, 5, 606, 7, 159, 14, 2, 0, 0, 0, 0, 0, 0, 0, 0, 0, 0, 0]",crown
3242,user_1529,There is no feather on the crown.,3DQQ64TANIE6L6VZFEJ3CVYJXSPWPB,112.0,c68d509f6d2db0bab581cc9c4410f841,cap,PartNet,d95c45cbf4d197157f0aed56a80b2a7c,cap,PartNet,False,cap/PartNet/d95c45cbf4d197157f0aed56a80b2a7c,cap/PartNet/c68d509f6d2db0bab581cc9c4410f841,False,hat,hat,0,"['there', 'is', 'no', 'feather', 'on', 'the', 'crown']",7,there is no feather on the crown,train,train,train,train,"[1, 15, 7, 123, 600, 20, 10, 606, 2, 0, 0, 0, 0, 0, 0, 0, 0, 0]",crown
3244,user_1529,The crown comes to a point at the top.,3NL0RFNU0HGT1DFZSG8CLMTTJQF4KT,400.0,a0ab4dc115f1b4f3b26ac8618c0d5a9,cap,PartNet,f257051157caf99f9a2840934f7f84bc,cap,PartNet,False,cap/PartNet/f257051157caf99f9a2840934f7f84bc,cap/PartNet/a0ab4dc115f1b4f3b26ac8618c0d5a9,False,hat,hat,0,"['the', 'crown', 'comes', 'to', 'a', 'point', 'at', 'the', 'top']",9,the crown comes to a point at the top,train,train,train,train,"[1, 10, 606, 88, 58, 26, 412, 98, 10, 99, 2, 0, 0, 0, 0, 0, 0, 0]",crown
3245,user_1644,The crown is pointed.,3Q5C1WP23OU9RVXDYBL4LZ38AFH511,20.0,a0ab4dc115f1b4f3b26ac8618c0d5a9,cap,PartNet,f257051157caf99f9a2840934f7f84bc,cap,PartNet,False,cap/PartNet/f257051157caf99f9a2840934f7f84bc,cap/PartNet/a0ab4dc115f1b4f3b26ac8618c0d5a9,False,hat,hat,0,"['the', 'crown', 'is', 'pointed']",4,the crown is pointed,train,train,train,train,"[1, 10, 606, 7, 387, 2, 0, 0, 0, 0, 0, 0, 0, 0, 0, 0, 0, 0]",crown
3251,user_1644,The crown is taller.,3K772S5NPA4KRPBKB1HSHGPS4YWEHW,25.0,6795f4e6300d5606e639776fc2bb6cca,cap,PartNet,c49d544f3743bc08d23279d7571c8868,cap,PartNet,False,cap/PartNet/c49d544f3743bc08d23279d7571c8868,cap/PartNet/6795f4e6300d5606e639776fc2bb6cca,True,hat,hat,0,"['the', 'crown', 'is', 'tall', '-er']",5,the crown is tall -er,train,train,train,train,"[1, 10, 606, 7, 53, 9, 2, 0, 0, 0, 0, 0, 0, 0, 0, 0, 0, 0]",crown
3252,user_2105,target has taller crown,3KYQYYSHYX0PR0J7JJ1YV748G8FOD7,28.0,6795f4e6300d5606e639776fc2bb6cca,cap,PartNet,c49d544f3743bc08d23279d7571c8868,cap,PartNet,False,cap/PartNet/c49d544f3743bc08d23279d7571c8868,cap/PartNet/6795f4e6300d5606e639776fc2bb6cca,True,hat,hat,0,"['target', 'has', 'tall', '-er', 'crown']",5,target has tall -er crown,train,train,train,train,"[1, 11, 24, 53, 9, 606, 2, 0, 0, 0, 0, 0, 0, 0, 0, 0, 0, 0]",crown
3253,user_1529,There is a slight bump that comes up in the middle of the top.,3BXQMRHWK1RN8Z9HSYCAD3JR78XMU2,100.0,dc06523b3413d01d3ead562a41d49338,cap,PartNet,d15cf31f7ec69e948f5635ac8b18fdb9,cap,PartNet,False,cap/PartNet/d15cf31f7ec69e948f5635ac8b18fdb9,cap/PartNet/dc06523b3413d01d3ead562a41d49338,True,hat,hat,0,"['there', 'is', 'a', 'slight', 'bump', 'that', 'comes', 'up', 'in', 'the', 'middle', 'of', 'the', 'top']",14,there is a slight bump that comes up in the middle of the top,train,train,train,train,"[1, 15, 7, 26, 160, 732, 172, 88, 269, 90, 10, 232, 38, 10, 99, 2, 0, 0]",crown
3254,user_1577,hat has a bump on top,3Z7EFSHGNB72GHRLKETJUEDJ7BFXCQ,74.0,dc06523b3413d01d3ead562a41d49338,cap,PartNet,d15cf31f7ec69e948f5635ac8b18fdb9,cap,PartNet,False,cap/PartNet/d15cf31f7ec69e948f5635ac8b18fdb9,cap/PartNet/dc06523b3413d01d3ead562a41d49338,True,hat,hat,0,"['hat', 'has', 'a', 'bump', 'on', 'top']",6,hat has a bump on top,train,train,train,train,"[1, 602, 24, 26, 732, 20, 99, 2, 0, 0, 0, 0, 0, 0, 0, 0, 0, 0]",crown
3255,user_2105,target has taller crown,3DYGAII7PN1119ZD35KXK6GX9SIPQC,51.0,dc06523b3413d01d3ead562a41d49338,cap,PartNet,d15cf31f7ec69e948f5635ac8b18fdb9,cap,PartNet,False,cap/PartNet/d15cf31f7ec69e948f5635ac8b18fdb9,cap/PartNet/dc06523b3413d01d3ead562a41d49338,True,hat,hat,0,"['target', 'has', 'tall', '-er', 'crown']",5,target has tall -er crown,train,train,train,train,"[1, 11, 24, 53, 9, 606, 2, 0, 0, 0, 0, 0, 0, 0, 0, 0, 0, 0]",crown
3262,user_156,Its crown is dome shaped.,3TVRFO09GM8VJLLRXRMIXX361KXLXY,33.0,b0b7e7e0e34b4f79487003545673a337,cap,PartNet,50a2b464627bdf9d47bc52f33b4b7312,cap,PartNet,False,cap/PartNet/50a2b464627bdf9d47bc52f33b4b7312,cap/PartNet/b0b7e7e0e34b4f79487003545673a337,False,hat,hat,0,"['its', 'crown', 'is', 'dome', 'shaped']",5,its crown is dome shaped,test,train,test,train,"[1, 5, 606, 7, 159, 14, 2, 0, 0, 0, 0, 0, 0, 0, 0, 0, 0, 0]",crown
3264,user_1633,"The target has a visor, not a brim.",3C6FJU71TSMN2GYVB10L7Y6YGHIUY5,24.0,b0b7e7e0e34b4f79487003545673a337,cap,PartNet,50a2b464627bdf9d47bc52f33b4b7312,cap,PartNet,False,cap/PartNet/50a2b464627bdf9d47bc52f33b4b7312,cap/PartNet/b0b7e7e0e34b4f79487003545673a337,False,hat,hat,0,"['the', 'target', 'has', 'a', 'visor', 'not', 'a', 'brim']",8,the target has a visor not a brim,test,train,test,train,"[1, 10, 11, 24, 26, 605, 40, 26, 601, 2, 0, 0, 0, 0, 0, 0, 0, 0]",brim
3265,user_90,It has a flat top,3DPNQGW4LN8M2YUAQCEBB3OBIVO46H,81.0,8670ef4375bbb95568b8a8e5babef621,cap,PartNet,2a46cf234503f21b3c91c1204c720f19,cap,PartNet,False,cap/PartNet/2a46cf234503f21b3c91c1204c720f19,cap/PartNet/8670ef4375bbb95568b8a8e5babef621,False,hat,hat,0,"['it', 'has', 'a', 'flat', 'top']",5,it has a flat top,test,train,test,train,"[1, 23, 24, 26, 129, 99, 2, 0, 0, 0, 0, 0, 0, 0, 0, 0, 0, 0]",crown
3268,user_203,The edge of the brim is not as tall.,3L4PIM1GQV9VMO6E775G2NJE9JHYRA,80.0,14103d87f108ab847cb2a55fa21392b7,cap,PartNet,647864ea6669f539379c6a1d59ef7283,cap,PartNet,False,cap/PartNet/647864ea6669f539379c6a1d59ef7283,cap/PartNet/14103d87f108ab847cb2a55fa21392b7,False,hat,hat,0,"['the', 'edge', 'of', 'the', 'brim', 'is', 'not', 'as', 'tall']",9,the edge of the brim is not as tall,train,train,train,train,"[1, 10, 631, 38, 10, 601, 7, 40, 52, 53, 2, 0, 0, 0, 0, 0, 0, 0]",brim
3269,user_456,The target has a rolled brim all around.,32SVAV9L3H2274N9GBQ4H3YR0EVA35,99.0,14103d87f108ab847cb2a55fa21392b7,cap,PartNet,647864ea6669f539379c6a1d59ef7283,cap,PartNet,False,cap/PartNet/647864ea6669f539379c6a1d59ef7283,cap/PartNet/14103d87f108ab847cb2a55fa21392b7,False,hat,hat,0,"['the', 'target', 'has', 'a', 'rolled', 'brim', 'all', 'around']",8,the target has a rolled brim all around,train,train,train,train,"[1, 10, 11, 24, 26, 733, 601, 367, 239, 2, 0, 0, 0, 0, 0, 0, 0, 0]",brim
3270,user_2105,target has taller crown,3COPXFW7XD5FQ61IQ000OK4OAMQPKK,54.0,14103d87f108ab847cb2a55fa21392b7,cap,PartNet,647864ea6669f539379c6a1d59ef7283,cap,PartNet,False,cap/PartNet/647864ea6669f539379c6a1d59ef7283,cap/PartNet/14103d87f108ab847cb2a55fa21392b7,False,hat,hat,0,"['target', 'has', 'tall', '-er', 'crown']",5,target has tall -er crown,train,train,train,train,"[1, 11, 24, 53, 9, 606, 2, 0, 0, 0, 0, 0, 0, 0, 0, 0, 0, 0]",crown
3271,user_1529,The top of the hat is flat.,3JPSL1DZ5US9B8GJYUAJQHWX5ULNAV,61.0,64802051170909e71fabf3cbd0fc77bc,cap,PartNet,6795f4e6300d5606e639776fc2bb6cca,cap,PartNet,False,cap/PartNet/6795f4e6300d5606e639776fc2bb6cca,cap/PartNet/64802051170909e71fabf3cbd0fc77bc,False,hat,hat,0,"['the', 'top', 'of', 'the', 'hat', 'is', 'flat']",7,the top of the hat is flat,train,train,train,train,"[1, 10, 99, 38, 10, 602, 7, 129, 2, 0, 0, 0, 0, 0, 0, 0, 0, 0]",crown
3272,user_1633,The target is a top hat.,37UEWGM5HV1YWIVBVIY7O0842X51RA,24.0,64802051170909e71fabf3cbd0fc77bc,cap,PartNet,6795f4e6300d5606e639776fc2bb6cca,cap,PartNet,False,cap/PartNet/6795f4e6300d5606e639776fc2bb6cca,cap/PartNet/64802051170909e71fabf3cbd0fc77bc,False,hat,hat,0,"['the', 'target', 'is', 'a', 'top', 'hat']",6,the target is a top hat,train,train,train,train,"[1, 10, 11, 7, 26, 99, 602, 2, 0, 0, 0, 0, 0, 0, 0, 0, 0, 0]",crown
3273,user_1644,It is a top hat.,3AAJC4I4FILETQX6VOYQE36P5VPJZQ,29.0,64802051170909e71fabf3cbd0fc77bc,cap,PartNet,6795f4e6300d5606e639776fc2bb6cca,cap,PartNet,False,cap/PartNet/6795f4e6300d5606e639776fc2bb6cca,cap/PartNet/64802051170909e71fabf3cbd0fc77bc,False,hat,hat,0,"['it', 'is', 'a', 'top', 'hat']",5,it is a top hat,train,train,train,train,"[1, 23, 7, 26, 99, 602, 2, 0, 0, 0, 0, 0, 0, 0, 0, 0, 0, 0]",crown
3274,user_786,Its crown is less tall,3NLZY2D53RIBAOKFBDRQ3P7D4HBLQ2,81.0,60153b9c1dc500a93d8dd242efdcdeb,cap,PartNet,320573ba807dc5578c26f7b0dfd20a86,cap,PartNet,False,cap/PartNet/320573ba807dc5578c26f7b0dfd20a86,cap/PartNet/60153b9c1dc500a93d8dd242efdcdeb,True,hat,hat,0,"['its', 'crown', 'is', 'less', 'tall']",5,its crown is less tall,train,train,train,train,"[1, 5, 606, 7, 229, 53, 2, 0, 0, 0, 0, 0, 0, 0, 0, 0, 0, 0]",crown
3277,user_677,The target's top button is larger,3OJSZ2ATDUPN2HCFNR2DM9ULD2P75A,156.0,3957332e2d23ff61ce2704286124606b,cap,ShapeNet,fa8124cce25881004fcdbc2114c724fa,cap,PartNet,False,cap/PartNet/fa8124cce25881004fcdbc2114c724fa,cap/ShapeNet/3957332e2d23ff61ce2704286124606b,True,hat,cap,0,"['the', 'target', ""'s"", 'top', 'button', 'is', 'large', '-er']",8,the target 's top button is large -er,train,train,train,train,"[1, 10, 11, 12, 99, 596, 7, 94, 9, 2, 0, 0, 0, 0, 0, 0, 0, 0]",crown
3279,user_2105,target has no button on crown,3OHYZ19UGEYRTTGVZ9AW56W2V5KAOT,52.0,3957332e2d23ff61ce2704286124606b,cap,ShapeNet,fa8124cce25881004fcdbc2114c724fa,cap,PartNet,False,cap/PartNet/fa8124cce25881004fcdbc2114c724fa,cap/ShapeNet/3957332e2d23ff61ce2704286124606b,True,hat,cap,0,"['target', 'has', 'no', 'button', 'on', 'crown']",6,target has no button on crown,train,train,train,train,"[1, 11, 24, 123, 596, 20, 606, 2, 0, 0, 0, 0, 0, 0, 0, 0, 0, 0]",crown
3286,user_203,The crown is tapered.,3AWETUDC94LIYFD0D6DQ22RPSH8IZN,145.0,2b1a1d63bd7e931c12a8043ef6529707,cap,PartNet,26ded18f7b1ad4c83a444f07ecb8c124,cap,PartNet,False,cap/PartNet/26ded18f7b1ad4c83a444f07ecb8c124,cap/PartNet/2b1a1d63bd7e931c12a8043ef6529707,True,hat,hat,0,"['the', 'crown', 'is', 'tapered']",4,the crown is tapered,train,train,train,train,"[1, 10, 606, 7, 352, 2, 0, 0, 0, 0, 0, 0, 0, 0, 0, 0, 0, 0]",crown
3287,user_1644,The brim is wider.,3A4NIXBJ78SKP9MNJKK9MGN8UGBLMC,24.0,2b1a1d63bd7e931c12a8043ef6529707,cap,PartNet,26ded18f7b1ad4c83a444f07ecb8c124,cap,PartNet,False,cap/PartNet/26ded18f7b1ad4c83a444f07ecb8c124,cap/PartNet/2b1a1d63bd7e931c12a8043ef6529707,True,hat,hat,0,"['the', 'brim', 'is', 'wide', '-er']",5,the brim is wide -er,train,train,train,train,"[1, 10, 601, 7, 83, 9, 2, 0, 0, 0, 0, 0, 0, 0, 0, 0, 0, 0]",brim
3288,user_2105,target has triangular shaped crown,32M8BPYGAVFI7YIVNEP1HVBJHRYIGI,32.0,2b1a1d63bd7e931c12a8043ef6529707,cap,PartNet,26ded18f7b1ad4c83a444f07ecb8c124,cap,PartNet,False,cap/PartNet/26ded18f7b1ad4c83a444f07ecb8c124,cap/PartNet/2b1a1d63bd7e931c12a8043ef6529707,True,hat,hat,0,"['target', 'has', 'triangular', 'shaped', 'crown']",5,target has triangular shaped crown,train,train,train,train,"[1, 11, 24, 564, 14, 606, 2, 0, 0, 0, 0, 0, 0, 0, 0, 0, 0, 0]",crown
3291,user_1644,It has a label on its crown.,3907X2AHF2YK9QXS1UUWOOIUTMGP2A,141.0,fa8124cce25881004fcdbc2114c724fa,cap,PartNet,14df58bdedfbb41141edb96d309c9a23,cap,ShapeNet,False,cap/ShapeNet/14df58bdedfbb41141edb96d309c9a23,cap/PartNet/fa8124cce25881004fcdbc2114c724fa,True,cap,hat,0,"['it', 'has', 'a', 'label', 'on', 'its', 'crown']",7,it has a label on its crown,train,train,train,train,"[1, 23, 24, 26, 734, 20, 5, 606, 2, 0, 0, 0, 0, 0, 0, 0, 0, 0]",crown
3299,user_1689,The target has a front brim.,3G5W44VEU9B9DT8JNHADUBQW9UTKGZ,68.0,ce9fbdd20598b670548ef619bebf2d75,cap,PartNet,18387b36aa7b2d4af0d11ae402ef940e,cap,ShapeNet,False,cap/ShapeNet/18387b36aa7b2d4af0d11ae402ef940e,cap/PartNet/ce9fbdd20598b670548ef619bebf2d75,True,cap,hat,0,"['the', 'target', 'has', 'a', 'front', 'brim']",6,the target has a front brim,train,train,train,train,"[1, 10, 11, 24, 26, 37, 601, 2, 0, 0, 0, 0, 0, 0, 0, 0, 0, 0]",brim
3304,user_786,"Its crown shape is generally cylindrical, NOT conical",3K9FOBBF2JCQ7R7NVLZ9ZVC8Z7UNLP,59.0,5f988e8af9ac5b873d1423abb84263f3,cap,PartNet,bc05db27de8de6354bd07bcd9e7e0abf,cap,PartNet,False,cap/PartNet/bc05db27de8de6354bd07bcd9e7e0abf,cap/PartNet/5f988e8af9ac5b873d1423abb84263f3,False,hat,hat,0,"['its', 'crown', 'shape', 'is', 'generally', 'cylindrical', 'not', 'conical']",8,its crown shape is generally cylindrical not conical,train,train,train,train,"[1, 5, 606, 93, 7, 737, 176, 40, 399, 2, 0, 0, 0, 0, 0, 0, 0, 0]",crown
3313,user_203,The crown is taller.,36V4Q8R5ZMTVG620BPS532M24M3MQ7,104.0,5c4122d7fa08f514796410d3fd165433,cap,PartNet,b5a6c597fefeaa0598095901ddb7e8e7,cap,PartNet,False,cap/PartNet/b5a6c597fefeaa0598095901ddb7e8e7,cap/PartNet/5c4122d7fa08f514796410d3fd165433,True,hat,hat,0,"['the', 'crown', 'is', 'tall', '-er']",5,the crown is tall -er,train,train,train,train,"[1, 10, 606, 7, 53, 9, 2, 0, 0, 0, 0, 0, 0, 0, 0, 0, 0, 0]",crown
3314,user_1644,The crown is taller.,3WI0P0II63LSODBNBBI2P29DRVHDRN,29.0,5c4122d7fa08f514796410d3fd165433,cap,PartNet,b5a6c597fefeaa0598095901ddb7e8e7,cap,PartNet,False,cap/PartNet/b5a6c597fefeaa0598095901ddb7e8e7,cap/PartNet/5c4122d7fa08f514796410d3fd165433,True,hat,hat,0,"['the', 'crown', 'is', 'tall', '-er']",5,the crown is tall -er,train,train,train,train,"[1, 10, 606, 7, 53, 9, 2, 0, 0, 0, 0, 0, 0, 0, 0, 0, 0, 0]",crown
3315,user_2105,target has taller height crown,3DYGAII7PN1119ZD35KXK6GX9S0PQU,48.0,5c4122d7fa08f514796410d3fd165433,cap,PartNet,b5a6c597fefeaa0598095901ddb7e8e7,cap,PartNet,False,cap/PartNet/b5a6c597fefeaa0598095901ddb7e8e7,cap/PartNet/5c4122d7fa08f514796410d3fd165433,True,hat,hat,0,"['target', 'has', 'tall', '-er', 'height', 'crown']",6,target has tall -er height crown,train,train,train,train,"[1, 11, 24, 53, 9, 117, 606, 2, 0, 0, 0, 0, 0, 0, 0, 0, 0, 0]",crown
3316,user_1143,The target has a flat top,3LYA37P8ISGDMC087VIZT0ZZTH3BKB,40.0,56bb0a2e6f729993fa5b6212657ae4a4,cap,PartNet,5eb9ab53213f5fff4e09ebaf49b0cb2f,cap,ShapeNet,False,cap/ShapeNet/5eb9ab53213f5fff4e09ebaf49b0cb2f,cap/PartNet/56bb0a2e6f729993fa5b6212657ae4a4,True,cap,hat,0,"['the', 'target', 'has', 'a', 'flat', 'top']",6,the target has a flat top,train,train,train,train,"[1, 10, 11, 24, 26, 129, 99, 2, 0, 0, 0, 0, 0, 0, 0, 0, 0, 0]",crown
3317,user_1577,hat has a dimple in the top,3GNA64GUZGXX8ZHUJQBJM0BGIR8Q5G,149.0,56bb0a2e6f729993fa5b6212657ae4a4,cap,PartNet,5eb9ab53213f5fff4e09ebaf49b0cb2f,cap,ShapeNet,False,cap/ShapeNet/5eb9ab53213f5fff4e09ebaf49b0cb2f,cap/PartNet/56bb0a2e6f729993fa5b6212657ae4a4,True,cap,hat,0,"['hat', 'has', 'a', 'dimple', 'in', 'the', 'top']",7,hat has a dimple in the top,train,train,train,train,"[1, 602, 24, 26, 739, 90, 10, 99, 2, 0, 0, 0, 0, 0, 0, 0, 0, 0]",crown
3322,user_156,Its brim surrounds its entire edge.,36TFCYNS463TXP21667K55AZK3NHXM,26.0,2854677f4c733bcc606dbe05096195ae,cap,PartNet,befe908292dd78d92ef65425c21143ca,cap,PartNet,False,cap/PartNet/befe908292dd78d92ef65425c21143ca,cap/PartNet/2854677f4c733bcc606dbe05096195ae,False,hat,hat,0,"['its', 'brim', 'surrounds', 'its', 'entire', 'edge']",6,its brim surrounds its entire edge,train,train,train,train,"[1, 5, 601, 740, 5, 516, 631, 2, 0, 0, 0, 0, 0, 0, 0, 0, 0, 0]",brim
3323,user_1633,"The target has a brim, not a visor.",3FTYUGLFSWE3JQDPE45ZM14HZCJ5DQ,21.0,2854677f4c733bcc606dbe05096195ae,cap,PartNet,befe908292dd78d92ef65425c21143ca,cap,PartNet,False,cap/PartNet/befe908292dd78d92ef65425c21143ca,cap/PartNet/2854677f4c733bcc606dbe05096195ae,False,hat,hat,0,"['the', 'target', 'has', 'a', 'brim', 'not', 'a', 'visor']",8,the target has a brim not a visor,train,train,train,train,"[1, 10, 11, 24, 26, 601, 40, 26, 605, 2, 0, 0, 0, 0, 0, 0, 0, 0]",brim
3324,user_1689,The target has a flat top.,3WETL7AQWV151YBSLFZN9SI5802532,73.0,2854677f4c733bcc606dbe05096195ae,cap,PartNet,befe908292dd78d92ef65425c21143ca,cap,PartNet,False,cap/PartNet/befe908292dd78d92ef65425c21143ca,cap/PartNet/2854677f4c733bcc606dbe05096195ae,False,hat,hat,0,"['the', 'target', 'has', 'a', 'flat', 'top']",6,the target has a flat top,train,train,train,train,"[1, 10, 11, 24, 26, 129, 99, 2, 0, 0, 0, 0, 0, 0, 0, 0, 0, 0]",crown
3325,user_1143,The target is not a top hat,3HHRAGRYXAYDOA6Q73WW9BLIPMAO9Y,46.0,d4910649489fc279dac5e8b93371e38a,cap,PartNet,8173b6a303d2888671b99e20c1071f6c,cap,PartNet,False,cap/PartNet/8173b6a303d2888671b99e20c1071f6c,cap/PartNet/d4910649489fc279dac5e8b93371e38a,False,hat,hat,0,"['the', 'target', 'is', 'not', 'a', 'top', 'hat']",7,the target is not a top hat,train,train,train,train,"[1, 10, 11, 7, 40, 26, 99, 602, 2, 0, 0, 0, 0, 0, 0, 0, 0, 0]",crown
3326,user_1489,It is not a top hat,3JPSL1DZ5US9B8GJYUAJQHWX5VWNA8,72.0,d4910649489fc279dac5e8b93371e38a,cap,PartNet,8173b6a303d2888671b99e20c1071f6c,cap,PartNet,False,cap/PartNet/8173b6a303d2888671b99e20c1071f6c,cap/PartNet/d4910649489fc279dac5e8b93371e38a,False,hat,hat,0,"['it', 'is', 'not', 'a', 'top', 'hat']",6,it is not a top hat,train,train,train,train,"[1, 23, 7, 40, 26, 99, 602, 2, 0, 0, 0, 0, 0, 0, 0, 0, 0, 0]",crown
3327,user_1644,It is not a top hat.,30LB5CDZNE37RKWK9GOKWYRT6MJ0Z0,31.0,d4910649489fc279dac5e8b93371e38a,cap,PartNet,8173b6a303d2888671b99e20c1071f6c,cap,PartNet,False,cap/PartNet/8173b6a303d2888671b99e20c1071f6c,cap/PartNet/d4910649489fc279dac5e8b93371e38a,False,hat,hat,0,"['it', 'is', 'not', 'a', 'top', 'hat']",6,it is not a top hat,train,train,train,train,"[1, 23, 7, 40, 26, 99, 602, 2, 0, 0, 0, 0, 0, 0, 0, 0, 0, 0]",crown
3332,user_1644,It is not a top hat.,3CFJTT4SXVJZE57UUBL7BIYQINQ7ID,25.0,a14ab9b478087ce6b56d92c5d7b06038,cap,PartNet,5a5c976be7015447f0d11ae402ef940e,cap,PartNet,False,cap/PartNet/5a5c976be7015447f0d11ae402ef940e,cap/PartNet/a14ab9b478087ce6b56d92c5d7b06038,False,hat,hat,0,"['it', 'is', 'not', 'a', 'top', 'hat']",6,it is not a top hat,train,train,train,train,"[1, 23, 7, 40, 26, 99, 602, 2, 0, 0, 0, 0, 0, 0, 0, 0, 0, 0]",crown
3333,user_1964,"there is a visor, the brim does not go all the way around",3PJ71Z61R6VSSIZP11YLXF8AWB119P,39.0,a14ab9b478087ce6b56d92c5d7b06038,cap,PartNet,5a5c976be7015447f0d11ae402ef940e,cap,PartNet,False,cap/PartNet/5a5c976be7015447f0d11ae402ef940e,cap/PartNet/a14ab9b478087ce6b56d92c5d7b06038,False,hat,hat,0,"['there', 'is', 'a', 'visor', 'the', 'brim', 'does', 'not', 'go', 'all', 'the', 'way', 'around']",13,there is a visor the brim does not go all the way around,train,train,train,train,"[1, 15, 7, 26, 605, 10, 601, 39, 40, 741, 367, 10, 471, 239, 2, 0, 0, 0]",brim
3335,user_1644,The crown is shorter.,3WJEQKOXAAV6X19UT7CLTAJU2U2A1Y,15.0,4c818a2a478b13db1e4e75745130e652,cap,PartNet,f84abb697315dd7784c54dff812f6abb,cap,PartNet,False,cap/PartNet/f84abb697315dd7784c54dff812f6abb,cap/PartNet/4c818a2a478b13db1e4e75745130e652,False,hat,hat,0,"['the', 'crown', 'is', 'short', '-er']",5,the crown is short -er,train,train,train,train,"[1, 10, 606, 7, 8, 9, 2, 0, 0, 0, 0, 0, 0, 0, 0, 0, 0, 0]",crown
3336,user_2105,target has shorter height crown,3FTYUGLFSWE3JQDPE45ZM14HZDAD5R,37.0,4c818a2a478b13db1e4e75745130e652,cap,PartNet,f84abb697315dd7784c54dff812f6abb,cap,PartNet,False,cap/PartNet/f84abb697315dd7784c54dff812f6abb,cap/PartNet/4c818a2a478b13db1e4e75745130e652,False,hat,hat,0,"['target', 'has', 'short', '-er', 'height', 'crown']",6,target has short -er height crown,train,train,train,train,"[1, 11, 24, 8, 9, 117, 606, 2, 0, 0, 0, 0, 0, 0, 0, 0, 0, 0]",crown
3337,user_865,Target is wide brim,33CUSNVVNP5APD00VU1MCT07QBT88V,948.0,56bb0a2e6f729993fa5b6212657ae4a4,cap,PartNet,56ca2cc23b627f65fdac1e69603928f,cap,PartNet,False,cap/PartNet/56ca2cc23b627f65fdac1e69603928f,cap/PartNet/56bb0a2e6f729993fa5b6212657ae4a4,False,hat,hat,0,"['target', 'is', 'wide', 'brim']",4,target is wide brim,val,train,val,train,"[1, 11, 7, 83, 601, 2, 0, 0, 0, 0, 0, 0, 0, 0, 0, 0, 0, 0]",brim
3338,user_1644,The brim is wider.,3OLQQLKKNUIGIV6AZ1KDTT57HPGEJF,20.0,56bb0a2e6f729993fa5b6212657ae4a4,cap,PartNet,56ca2cc23b627f65fdac1e69603928f,cap,PartNet,False,cap/PartNet/56ca2cc23b627f65fdac1e69603928f,cap/PartNet/56bb0a2e6f729993fa5b6212657ae4a4,False,hat,hat,0,"['the', 'brim', 'is', 'wide', '-er']",5,the brim is wide -er,val,train,val,train,"[1, 10, 601, 7, 83, 9, 2, 0, 0, 0, 0, 0, 0, 0, 0, 0, 0, 0]",brim
3339,user_2105,target has shorter height crown,3VFJCI1K41SV0XLED1JAVNCA4NFRGT,49.0,56bb0a2e6f729993fa5b6212657ae4a4,cap,PartNet,56ca2cc23b627f65fdac1e69603928f,cap,PartNet,False,cap/PartNet/56ca2cc23b627f65fdac1e69603928f,cap/PartNet/56bb0a2e6f729993fa5b6212657ae4a4,False,hat,hat,0,"['target', 'has', 'short', '-er', 'height', 'crown']",6,target has short -er height crown,val,train,val,train,"[1, 11, 24, 8, 9, 117, 606, 2, 0, 0, 0, 0, 0, 0, 0, 0, 0, 0]",crown
3343,user_1633,"The target has a brim, not a visor.",32N49TQG3IBMJDPS0LWA0YQARXOAV0,28.0,a1494210f6774b87b3e0e60b857dde8f,cap,ShapeNet,3d94467032aad372d2287f45c788597d,cap,PartNet,False,cap/PartNet/3d94467032aad372d2287f45c788597d,cap/ShapeNet/a1494210f6774b87b3e0e60b857dde8f,False,hat,cap,0,"['the', 'target', 'has', 'a', 'brim', 'not', 'a', 'visor']",8,the target has a brim not a visor,train,train,train,train,"[1, 10, 11, 24, 26, 601, 40, 26, 605, 2, 0, 0, 0, 0, 0, 0, 0, 0]",brim
3347,user_1644,The crown is taller.,36H9ULYP64N8O966UC4JBBQ7TQUJF1,18.0,8338e10954ae6c5296b84415a3f1393b,cap,ShapeNet,3c75213433a0ad3cc039d45addffe3d3,cap,PartNet,False,cap/PartNet/3c75213433a0ad3cc039d45addffe3d3,cap/ShapeNet/8338e10954ae6c5296b84415a3f1393b,False,hat,cap,0,"['the', 'crown', 'is', 'tall', '-er']",5,the crown is tall -er,train,train,train,train,"[1, 10, 606, 7, 53, 9, 2, 0, 0, 0, 0, 0, 0, 0, 0, 0, 0, 0]",crown
3355,user_615,there is no round button on top of the crown,3SLE99ER0P68B7ZU7WL9GFNCXRNZBU,87.0,d5cdba69afacdbf19393051c3324a45f,cap,PartNet,31253a0f8eaa2c5c785f06f424b9d06,cap,PartNet,False,cap/PartNet/31253a0f8eaa2c5c785f06f424b9d06,cap/PartNet/d5cdba69afacdbf19393051c3324a45f,True,hat,hat,0,"['there', 'is', 'no', 'round', 'button', 'on', 'top', 'of', 'the', 'crown']",10,there is no round button on top of the crown,train,train,train,train,"[1, 15, 7, 123, 134, 596, 20, 99, 38, 10, 606, 2, 0, 0, 0, 0, 0, 0]",crown
3356,user_1143,The target has no ball on top,3LQ8PUHQFNLW7UD67K7J2VNKWQJIHN,47.0,d5cdba69afacdbf19393051c3324a45f,cap,PartNet,31253a0f8eaa2c5c785f06f424b9d06,cap,PartNet,False,cap/PartNet/31253a0f8eaa2c5c785f06f424b9d06,cap/PartNet/d5cdba69afacdbf19393051c3324a45f,True,hat,hat,0,"['the', 'target', 'has', 'no', 'ball', 'on', 'top']",7,the target has no ball on top,train,train,train,train,"[1, 10, 11, 24, 123, 668, 20, 99, 2, 0, 0, 0, 0, 0, 0, 0, 0, 0]",crown
3357,user_2089,The crown does not have a ball on it.,35H6S234SCT4YHYA4HXLGVUPIR656A,176.0,d5cdba69afacdbf19393051c3324a45f,cap,PartNet,31253a0f8eaa2c5c785f06f424b9d06,cap,PartNet,False,cap/PartNet/31253a0f8eaa2c5c785f06f424b9d06,cap/PartNet/d5cdba69afacdbf19393051c3324a45f,True,hat,hat,0,"['the', 'crown', 'does', 'not', 'have', 'a', 'ball', 'on', 'it']",9,the crown does not have a ball on it,train,train,train,train,"[1, 10, 606, 39, 40, 84, 26, 668, 20, 23, 2, 0, 0, 0, 0, 0, 0, 0]",crown
3361,user_786,Its crown's top has a larger flat surface,3E13VNJ1NPOL3JSS5V4YA87DF2W1II,85.0,60153b9c1dc500a93d8dd242efdcdeb,cap,PartNet,c998a0afe9bcbe89bc4ac3caf16ef65,cap,PartNet,False,cap/PartNet/c998a0afe9bcbe89bc4ac3caf16ef65,cap/PartNet/60153b9c1dc500a93d8dd242efdcdeb,True,hat,hat,0,"['its', 'crown', ""'s"", 'top', 'has', 'a', 'large', '-er', 'flat', 'surface']",10,its crown 's top has a large -er flat surface,test,train,test,train,"[1, 5, 606, 12, 99, 24, 26, 94, 9, 129, 334, 2, 0, 0, 0, 0, 0, 0]",crown
3362,user_1633,The target is flat on top.,3BV8HQ2ZZYU14NARZDO2O6ABA4X6A5,22.0,60153b9c1dc500a93d8dd242efdcdeb,cap,PartNet,c998a0afe9bcbe89bc4ac3caf16ef65,cap,PartNet,False,cap/PartNet/c998a0afe9bcbe89bc4ac3caf16ef65,cap/PartNet/60153b9c1dc500a93d8dd242efdcdeb,True,hat,hat,0,"['the', 'target', 'is', 'flat', 'on', 'top']",6,the target is flat on top,test,train,test,train,"[1, 10, 11, 7, 129, 20, 99, 2, 0, 0, 0, 0, 0, 0, 0, 0, 0, 0]",crown
3363,user_1644,The crown is shorter.,3TGOYF991ZF6L7EQ103W4D0LKT7UU7,17.0,60153b9c1dc500a93d8dd242efdcdeb,cap,PartNet,c998a0afe9bcbe89bc4ac3caf16ef65,cap,PartNet,False,cap/PartNet/c998a0afe9bcbe89bc4ac3caf16ef65,cap/PartNet/60153b9c1dc500a93d8dd242efdcdeb,True,hat,hat,0,"['the', 'crown', 'is', 'short', '-er']",5,the crown is short -er,test,train,test,train,"[1, 10, 606, 7, 8, 9, 2, 0, 0, 0, 0, 0, 0, 0, 0, 0, 0, 0]",crown
3365,user_1529,The top of the hat is completely flat.,36AHBNMV1T51LEN9P6AWXY2AUHMDYD,176.0,fa8124cce25881004fcdbc2114c724fa,cap,PartNet,3d8715e132379fc04ec272da715766dd,cap,PartNet,False,cap/PartNet/3d8715e132379fc04ec272da715766dd,cap/PartNet/fa8124cce25881004fcdbc2114c724fa,False,hat,hat,0,"['the', 'top', 'of', 'the', 'hat', 'is', 'completely', 'flat']",8,the top of the hat is completely flat,test,train,test,train,"[1, 10, 99, 38, 10, 602, 7, 169, 129, 2, 0, 0, 0, 0, 0, 0, 0, 0]",crown
3366,user_1644,It is a top hat.,3LKC68YZ3CWO06JY0E6ONVTTNNUOWN,20.0,fa8124cce25881004fcdbc2114c724fa,cap,PartNet,3d8715e132379fc04ec272da715766dd,cap,PartNet,False,cap/PartNet/3d8715e132379fc04ec272da715766dd,cap/PartNet/fa8124cce25881004fcdbc2114c724fa,False,hat,hat,0,"['it', 'is', 'a', 'top', 'hat']",5,it is a top hat,test,train,test,train,"[1, 23, 7, 26, 99, 602, 2, 0, 0, 0, 0, 0, 0, 0, 0, 0, 0, 0]",crown
3370,user_203,The crown is not as tall.,3VELCLL3GMC1TSQ24NYD7BULZADF1E,49.0,98698fc854d6a919a163a814bd04d6,cap,PartNet,62d4f8a7a8a1dc619ba80f08c401fbed,cap,PartNet,False,cap/PartNet/62d4f8a7a8a1dc619ba80f08c401fbed,cap/PartNet/98698fc854d6a919a163a814bd04d6,False,hat,hat,0,"['the', 'crown', 'is', 'not', 'as', 'tall']",6,the crown is not as tall,train,train,train,train,"[1, 10, 606, 7, 40, 52, 53, 2, 0, 0, 0, 0, 0, 0, 0, 0, 0, 0]",crown
3371,user_1644,The crown is more pointed.,3V0Z7YWSI0TXEAUON63VUG7CF9ZV2H,20.0,98698fc854d6a919a163a814bd04d6,cap,PartNet,62d4f8a7a8a1dc619ba80f08c401fbed,cap,PartNet,False,cap/PartNet/62d4f8a7a8a1dc619ba80f08c401fbed,cap/PartNet/98698fc854d6a919a163a814bd04d6,False,hat,hat,0,"['the', 'crown', 'is', 'more', 'pointed']",5,the crown is more pointed,train,train,train,train,"[1, 10, 606, 7, 34, 387, 2, 0, 0, 0, 0, 0, 0, 0, 0, 0, 0, 0]",crown
3372,user_2105,target is not top hat,3DHE4R9OCY4EWD4TYB49UF42SV02GQ,29.0,98698fc854d6a919a163a814bd04d6,cap,PartNet,62d4f8a7a8a1dc619ba80f08c401fbed,cap,PartNet,False,cap/PartNet/62d4f8a7a8a1dc619ba80f08c401fbed,cap/PartNet/98698fc854d6a919a163a814bd04d6,False,hat,hat,0,"['target', 'is', 'not', 'top', 'hat']",5,target is not top hat,train,train,train,train,"[1, 11, 7, 40, 99, 602, 2, 0, 0, 0, 0, 0, 0, 0, 0, 0, 0, 0]",crown
3373,user_1633,The target is pointed at the top.,3YWRV122CUS8NA7DYX2R8LIWN2EU8Q,21.0,6e11cfa7d75ed04a4835c09e4900b4a9,cap,PartNet,72877ec0bb0b921fb10e410f6c99c299,cap,PartNet,False,cap/PartNet/72877ec0bb0b921fb10e410f6c99c299,cap/PartNet/6e11cfa7d75ed04a4835c09e4900b4a9,False,hat,hat,0,"['the', 'target', 'is', 'pointed', 'at', 'the', 'top']",7,the target is pointed at the top,train,train,train,train,"[1, 10, 11, 7, 387, 98, 10, 99, 2, 0, 0, 0, 0, 0, 0, 0, 0, 0]",crown
3374,user_1644,The crown is pointed.,3IJXV6UZ1ZC9WOR93PJDGZPQJZGIRJ,27.0,6e11cfa7d75ed04a4835c09e4900b4a9,cap,PartNet,72877ec0bb0b921fb10e410f6c99c299,cap,PartNet,False,cap/PartNet/72877ec0bb0b921fb10e410f6c99c299,cap/PartNet/6e11cfa7d75ed04a4835c09e4900b4a9,False,hat,hat,0,"['the', 'crown', 'is', 'pointed']",4,the crown is pointed,train,train,train,train,"[1, 10, 606, 7, 387, 2, 0, 0, 0, 0, 0, 0, 0, 0, 0, 0, 0, 0]",crown
3375,user_2105,target is an alpine hat not top hat,3FFJ6VRIL3HLWU7A9C0YW3O3AAOI0U,68.0,6e11cfa7d75ed04a4835c09e4900b4a9,cap,PartNet,72877ec0bb0b921fb10e410f6c99c299,cap,PartNet,False,cap/PartNet/72877ec0bb0b921fb10e410f6c99c299,cap/PartNet/6e11cfa7d75ed04a4835c09e4900b4a9,False,hat,hat,0,"['target', 'is', 'an', 'alpine', 'hat', 'not', 'top', 'hat']",8,target is an alpine hat not top hat,train,train,train,train,"[1, 11, 7, 72, 3, 602, 40, 99, 602, 2, 0, 0, 0, 0, 0, 0, 0, 0]",crown
3376,user_786,Its crown has a smaller diameter,37WLF8U1WRJ7G0JDB41RIKD7FGR6KK,69.0,d4910649489fc279dac5e8b93371e38a,cap,PartNet,2c67d217a62c320ce4b96e37c6ed18f3,cap,PartNet,False,cap/PartNet/2c67d217a62c320ce4b96e37c6ed18f3,cap/PartNet/d4910649489fc279dac5e8b93371e38a,True,hat,hat,0,"['its', 'crown', 'has', 'a', 'small', '-er', 'diameter']",7,its crown has a small -er diameter,test,train,test,train,"[1, 5, 606, 24, 26, 111, 9, 268, 2, 0, 0, 0, 0, 0, 0, 0, 0, 0]",crown
3377,user_1529,The diameter of the top is much smaller.,3WYP994K19K2058UFJ2IRSSIDV06YF,92.0,d4910649489fc279dac5e8b93371e38a,cap,PartNet,2c67d217a62c320ce4b96e37c6ed18f3,cap,PartNet,False,cap/PartNet/2c67d217a62c320ce4b96e37c6ed18f3,cap/PartNet/d4910649489fc279dac5e8b93371e38a,True,hat,hat,0,"['the', 'diameter', 'of', 'the', 'top', 'is', 'much', 'small', '-er']",9,the diameter of the top is much small -er,test,train,test,train,"[1, 10, 268, 38, 10, 99, 7, 59, 111, 9, 2, 0, 0, 0, 0, 0, 0, 0]",crown
3378,user_1644,The crown is thinner.,345LHZDEDZLMMD17MG7VH4AL7GO3U9,19.0,d4910649489fc279dac5e8b93371e38a,cap,PartNet,2c67d217a62c320ce4b96e37c6ed18f3,cap,PartNet,False,cap/PartNet/2c67d217a62c320ce4b96e37c6ed18f3,cap/PartNet/d4910649489fc279dac5e8b93371e38a,True,hat,hat,0,"['the', 'crown', 'is', 'thin', '-er']",5,the crown is thin -er,test,train,test,train,"[1, 10, 606, 7, 60, 9, 2, 0, 0, 0, 0, 0, 0, 0, 0, 0, 0, 0]",crown
3379,user_786,Its crown is more spherical,32KTQ2V7RF8PO7LEUNHJH7WDUN1M9P,101.0,fe319939c7dc4a6ff691355a196da5f,cap,PartNet,c721e05c676faf20a9aa61915b4add2d,cap,PartNet,False,cap/PartNet/c721e05c676faf20a9aa61915b4add2d,cap/PartNet/fe319939c7dc4a6ff691355a196da5f,True,hat,hat,0,"['its', 'crown', 'is', 'more', 'spherical']",5,its crown is more spherical,train,train,train,train,"[1, 5, 606, 7, 34, 293, 2, 0, 0, 0, 0, 0, 0, 0, 0, 0, 0, 0]",crown
3381,user_1644,The crown is shorter.,3TS1AR6UQS7F4E54T3FM8LLY2VYF7U,32.0,fe319939c7dc4a6ff691355a196da5f,cap,PartNet,c721e05c676faf20a9aa61915b4add2d,cap,PartNet,False,cap/PartNet/c721e05c676faf20a9aa61915b4add2d,cap/PartNet/fe319939c7dc4a6ff691355a196da5f,True,hat,hat,0,"['the', 'crown', 'is', 'short', '-er']",5,the crown is short -er,train,train,train,train,"[1, 10, 606, 7, 8, 9, 2, 0, 0, 0, 0, 0, 0, 0, 0, 0, 0, 0]",crown
3383,user_1529,The brim has a steeper curve in it.,3SNLUL3WO6G32HRWSMBVDQ42737LUZ,52.0,40f0c6599f0be25fce01c07526cf2aa4,cap,ShapeNet,e823673c1edd73fb97c426435543a860,cap,ShapeNet,False,cap/ShapeNet/e823673c1edd73fb97c426435543a860,cap/ShapeNet/40f0c6599f0be25fce01c07526cf2aa4,True,cap,cap,0,"['the', 'brim', 'has', 'a', 'steep', '-er', 'curve', 'in', 'it']",9,the brim has a steep -er curve in it,train,train,train,train,"[1, 10, 601, 24, 26, 742, 9, 43, 90, 23, 2, 0, 0, 0, 0, 0, 0, 0]",brim
3385,user_1633,The target has a ball on top.,3JNQLM5FT6FUI5IU921P779AOBV2L3,27.0,8670ef4375bbb95568b8a8e5babef621,cap,PartNet,5f988e8af9ac5b873d1423abb84263f3,cap,PartNet,False,cap/PartNet/5f988e8af9ac5b873d1423abb84263f3,cap/PartNet/8670ef4375bbb95568b8a8e5babef621,True,hat,hat,0,"['the', 'target', 'has', 'a', 'ball', 'on', 'top']",7,the target has a ball on top,train,train,train,train,"[1, 10, 11, 24, 26, 668, 20, 99, 2, 0, 0, 0, 0, 0, 0, 0, 0, 0]",crown
3387,user_2105,target has ball on top of crown,3YW4XOSQKSEQCANSZCTCTBVO9XJ1UQ,46.0,8670ef4375bbb95568b8a8e5babef621,cap,PartNet,5f988e8af9ac5b873d1423abb84263f3,cap,PartNet,False,cap/PartNet/5f988e8af9ac5b873d1423abb84263f3,cap/PartNet/8670ef4375bbb95568b8a8e5babef621,True,hat,hat,0,"['target', 'has', 'ball', 'on', 'top', 'of', 'crown']",7,target has ball on top of crown,train,train,train,train,"[1, 11, 24, 668, 20, 99, 38, 606, 2, 0, 0, 0, 0, 0, 0, 0, 0, 0]",crown
3391,user_786,"Its crown is a soft collapsed cone, NOT an asymmetric polygonal cylinder",3U088ZLJVMM3XPRFYT4DXUXBPKHW08,248.0,c68d509f6d2db0bab581cc9c4410f841,cap,PartNet,88adc86cf9004a01ed43c5a21cb8b385,cap,PartNet,False,cap/PartNet/88adc86cf9004a01ed43c5a21cb8b385,cap/PartNet/c68d509f6d2db0bab581cc9c4410f841,True,hat,hat,0,"['its', 'crown', 'is', 'a', 'soft', 'collapsed', 'cone', 'not', 'an', 'asymmetric', 'polygonal', 'cylinder']",12,its crown is a soft collapsed cone not an asymmetric polygonal cylinder,train,train,train,train,"[1, 5, 606, 7, 26, 706, 743, 143, 40, 72, 656, 663, 66, 2, 0, 0, 0, 0]",crown
3392,user_1644,The crown is taller and triangular.,3TEM0PF1Q7Q4OJROHYZN568QI48D0D,46.0,c68d509f6d2db0bab581cc9c4410f841,cap,PartNet,88adc86cf9004a01ed43c5a21cb8b385,cap,PartNet,False,cap/PartNet/88adc86cf9004a01ed43c5a21cb8b385,cap/PartNet/c68d509f6d2db0bab581cc9c4410f841,True,hat,hat,0,"['the', 'crown', 'is', 'tall', '-er', 'and', 'triangular']",7,the crown is tall -er and triangular,train,train,train,train,"[1, 10, 606, 7, 53, 9, 47, 564, 2, 0, 0, 0, 0, 0, 0, 0, 0, 0]",crown
3393,user_2105,target has no flat brim,3ERET4BTVO2UYJLB9B432U495IQK92,49.0,c68d509f6d2db0bab581cc9c4410f841,cap,PartNet,88adc86cf9004a01ed43c5a21cb8b385,cap,PartNet,False,cap/PartNet/88adc86cf9004a01ed43c5a21cb8b385,cap/PartNet/c68d509f6d2db0bab581cc9c4410f841,True,hat,hat,0,"['target', 'has', 'no', 'flat', 'brim']",5,target has no flat brim,train,train,train,train,"[1, 11, 24, 123, 129, 601, 2, 0, 0, 0, 0, 0, 0, 0, 0, 0, 0, 0]",brim
3397,user_1143,The target has a flat top,3P529IW9K0EEJZU6XXGWRQ3ZXF0LF6,32.0,c0e8723dcc5f948890f80ab08ae6ce2,cap,PartNet,47d8ea8d4f14119048908f59408795,cap,PartNet,False,cap/PartNet/47d8ea8d4f14119048908f59408795,cap/PartNet/c0e8723dcc5f948890f80ab08ae6ce2,False,hat,hat,0,"['the', 'target', 'has', 'a', 'flat', 'top']",6,the target has a flat top,train,train,train,train,"[1, 10, 11, 24, 26, 129, 99, 2, 0, 0, 0, 0, 0, 0, 0, 0, 0, 0]",crown
3398,user_1633,"The target has a brim, not a visor.",30OG32W0SW4C1LXVEZC5M0MOQ9KENI,19.0,c0e8723dcc5f948890f80ab08ae6ce2,cap,PartNet,47d8ea8d4f14119048908f59408795,cap,PartNet,False,cap/PartNet/47d8ea8d4f14119048908f59408795,cap/PartNet/c0e8723dcc5f948890f80ab08ae6ce2,False,hat,hat,0,"['the', 'target', 'has', 'a', 'brim', 'not', 'a', 'visor']",8,the target has a brim not a visor,train,train,train,train,"[1, 10, 11, 24, 26, 601, 40, 26, 605, 2, 0, 0, 0, 0, 0, 0, 0, 0]",brim
3400,user_1489,It looks more like a top hat,3X4MXAO0BIHRXJBES6NSHQYYYBORWB,85.0,ed352b53b17b6119e762cf5917cef4ef,cap,ShapeNet,715964d98402b5c691f70edfed6ef8d,cap,PartNet,False,cap/PartNet/715964d98402b5c691f70edfed6ef8d,cap/ShapeNet/ed352b53b17b6119e762cf5917cef4ef,False,hat,cap,0,"['it', 'looks', 'more', 'like', 'a', 'top', 'hat']",7,it looks more like a top hat,test,train,test,train,"[1, 23, 33, 34, 35, 26, 99, 602, 2, 0, 0, 0, 0, 0, 0, 0, 0, 0]",crown
3401,user_1644,It is a top hat.,34T446B1C27UJRLAH24CL0Q8X4XC0D,18.0,ed352b53b17b6119e762cf5917cef4ef,cap,ShapeNet,715964d98402b5c691f70edfed6ef8d,cap,PartNet,False,cap/PartNet/715964d98402b5c691f70edfed6ef8d,cap/ShapeNet/ed352b53b17b6119e762cf5917cef4ef,False,hat,cap,0,"['it', 'is', 'a', 'top', 'hat']",5,it is a top hat,test,train,test,train,"[1, 23, 7, 26, 99, 602, 2, 0, 0, 0, 0, 0, 0, 0, 0, 0, 0, 0]",crown
3402,user_2105,target is a top hat,3OF2M9AATIH94A3OD9Y2FI62KLWZKE,35.0,ed352b53b17b6119e762cf5917cef4ef,cap,ShapeNet,715964d98402b5c691f70edfed6ef8d,cap,PartNet,False,cap/PartNet/715964d98402b5c691f70edfed6ef8d,cap/ShapeNet/ed352b53b17b6119e762cf5917cef4ef,False,hat,cap,0,"['target', 'is', 'a', 'top', 'hat']",5,target is a top hat,test,train,test,train,"[1, 11, 7, 26, 99, 602, 2, 0, 0, 0, 0, 0, 0, 0, 0, 0, 0, 0]",crown
3404,user_1689,The target has a front brim only.,35L9RVQFCQB1GL8611WXLYBVQL9UHA,98.0,aa9fa261b2643eec750b99f712bb1b4,cap,PartNet,6cfb76b40fc41da2a6e67635b9d1cee5,cap,ShapeNet,False,cap/ShapeNet/6cfb76b40fc41da2a6e67635b9d1cee5,cap/PartNet/aa9fa261b2643eec750b99f712bb1b4,False,cap,hat,0,"['the', 'target', 'has', 'a', 'front', 'brim', 'only']",7,the target has a front brim only,train,train,train,train,"[1, 10, 11, 24, 26, 37, 601, 133, 2, 0, 0, 0, 0, 0, 0, 0, 0, 0]",brim
3410,user_1529,The brim faces downward.,3SKRO2GZ73KC9EIG5YPANOMQ7651KD,110.0,89717260f663fe13a9d8b37b5c73935c,cap,ShapeNet,a4f94067b0ec9608e762cf5917cef4ef,cap,ShapeNet,False,cap/ShapeNet/a4f94067b0ec9608e762cf5917cef4ef,cap/ShapeNet/89717260f663fe13a9d8b37b5c73935c,True,cap,cap,0,"['the', 'brim', 'faces', 'downward']",4,the brim faces downward,train,train,train,train,"[1, 10, 601, 75, 42, 2, 0, 0, 0, 0, 0, 0, 0, 0, 0, 0, 0, 0]",brim
3413,user_1529,There is a ball on the top of the crown.,3K772S5NPA4KRPBKB1HSHGPS4XBEH9,31.0,a0ab4dc115f1b4f3b26ac8618c0d5a9,cap,PartNet,bfdcb0d592aa35698b3247ca9bcd5b10,cap,PartNet,False,cap/PartNet/bfdcb0d592aa35698b3247ca9bcd5b10,cap/PartNet/a0ab4dc115f1b4f3b26ac8618c0d5a9,True,hat,hat,0,"['there', 'is', 'a', 'ball', 'on', 'the', 'top', 'of', 'the', 'crown']",10,there is a ball on the top of the crown,train,train,train,train,"[1, 15, 7, 26, 668, 20, 10, 99, 38, 10, 606, 2, 0, 0, 0, 0, 0, 0]",crown
3414,user_2105,target has cone shaped crown,3P59JYT76NDI1IQZIB3GTYJRIPP2TG,54.0,a0ab4dc115f1b4f3b26ac8618c0d5a9,cap,PartNet,bfdcb0d592aa35698b3247ca9bcd5b10,cap,PartNet,False,cap/PartNet/bfdcb0d592aa35698b3247ca9bcd5b10,cap/PartNet/a0ab4dc115f1b4f3b26ac8618c0d5a9,True,hat,hat,0,"['target', 'has', 'cone', 'shaped', 'crown']",5,target has cone shaped crown,train,train,train,train,"[1, 11, 24, 143, 14, 606, 2, 0, 0, 0, 0, 0, 0, 0, 0, 0, 0, 0]",crown
3415,user_920,The target has a ball on top.,3PJUZCGDJ89A3IJA0M70CPVIAH689F,33.0,2854677f4c733bcc606dbe05096195ae,cap,PartNet,d5cdba69afacdbf19393051c3324a45f,cap,PartNet,False,cap/PartNet/d5cdba69afacdbf19393051c3324a45f,cap/PartNet/2854677f4c733bcc606dbe05096195ae,False,hat,hat,0,"['the', 'target', 'has', 'a', 'ball', 'on', 'top']",7,the target has a ball on top,train,train,train,train,"[1, 10, 11, 24, 26, 668, 20, 99, 2, 0, 0, 0, 0, 0, 0, 0, 0, 0]",crown
3417,user_2105,target has cone shaped crown,33CID57106MJ3NEDD2FUQHE2UQLL3P,37.0,2854677f4c733bcc606dbe05096195ae,cap,PartNet,d5cdba69afacdbf19393051c3324a45f,cap,PartNet,False,cap/PartNet/d5cdba69afacdbf19393051c3324a45f,cap/PartNet/2854677f4c733bcc606dbe05096195ae,False,hat,hat,0,"['target', 'has', 'cone', 'shaped', 'crown']",5,target has cone shaped crown,train,train,train,train,"[1, 11, 24, 143, 14, 606, 2, 0, 0, 0, 0, 0, 0, 0, 0, 0, 0, 0]",crown
3419,user_1644,It is not a top hat.,30BXRYBRP6QE8PXBW1BY3MWSB21HWF,22.0,6795f4e6300d5606e639776fc2bb6cca,cap,PartNet,40f0c6599f0be25fce01c07526cf2aa4,cap,ShapeNet,False,cap/ShapeNet/40f0c6599f0be25fce01c07526cf2aa4,cap/PartNet/6795f4e6300d5606e639776fc2bb6cca,False,cap,hat,0,"['it', 'is', 'not', 'a', 'top', 'hat']",6,it is not a top hat,train,train,train,train,"[1, 23, 7, 40, 26, 99, 602, 2, 0, 0, 0, 0, 0, 0, 0, 0, 0, 0]",crown
3422,user_786,It has a larger crown diameter,33IZTU6J83UINYGHH0JJ9JH1TE3SXH,32.0,7b62c58f5911d1061737058619bcd307,cap,PartNet,5549d6cf8c5c7f1e886d6fb5acc5844b,cap,PartNet,False,cap/PartNet/5549d6cf8c5c7f1e886d6fb5acc5844b,cap/PartNet/7b62c58f5911d1061737058619bcd307,True,hat,hat,0,"['it', 'has', 'a', 'large', '-er', 'crown', 'diameter']",7,it has a large -er crown diameter,train,train,train,train,"[1, 23, 24, 26, 94, 9, 606, 268, 2, 0, 0, 0, 0, 0, 0, 0, 0, 0]",crown
3423,user_1644,The crown is shorter.,3LRLIPTPES2832VG1HI3YPFTBZLKAS,38.0,7b62c58f5911d1061737058619bcd307,cap,PartNet,5549d6cf8c5c7f1e886d6fb5acc5844b,cap,PartNet,False,cap/PartNet/5549d6cf8c5c7f1e886d6fb5acc5844b,cap/PartNet/7b62c58f5911d1061737058619bcd307,True,hat,hat,0,"['the', 'crown', 'is', 'short', '-er']",5,the crown is short -er,train,train,train,train,"[1, 10, 606, 7, 8, 9, 2, 0, 0, 0, 0, 0, 0, 0, 0, 0, 0, 0]",crown
3425,user_920,The target's top is pointed/spiked.,3OHYZ19UGEYRTTGVZ9AW56W2V4SAOZ,53.0,89717260f663fe13a9d8b37b5c73935c,cap,ShapeNet,1655aeff6e4ec121bfedd927d2c565df,cap,PartNet,False,cap/PartNet/1655aeff6e4ec121bfedd927d2c565df,cap/ShapeNet/89717260f663fe13a9d8b37b5c73935c,False,hat,cap,0,"['the', 'target', ""'s"", 'top', 'is', 'pointed', 'spiked']",7,the target 's top is pointed spiked,train,train,train,train,"[1, 10, 11, 12, 99, 7, 387, 745, 2, 0, 0, 0, 0, 0, 0, 0, 0, 0]",crown
3431,user_786,Its crown is a non-spherical dome with a number of large triangular facets,3MHW492WW26NLEYHXOMF9PLALFMMV7,83.0,e823673c1edd73fb97c426435543a860,cap,ShapeNet,be6604a272cf945bf691615c36cac509,cap,ShapeNet,False,cap/ShapeNet/be6604a272cf945bf691615c36cac509,cap/ShapeNet/e823673c1edd73fb97c426435543a860,True,cap,cap,0,"['its', 'crown', 'is', 'a', 'non', 'spherical', 'dome', 'with', 'a', 'number', 'of', 'large', 'triangular', 'facets']",14,its crown is a non spherical dome with a number of large triangular facets,train,train,train,train,"[1, 5, 606, 7, 26, 455, 293, 159, 121, 26, 746, 38, 94, 564, 747, 2, 0, 0]",crown
3433,user_786,"It has a brim around the circumference, NOT a front-only visor.",3BEFOD78W8MOR1F2DSLS0ZLX8UGM4K,104.0,9634ac7cd209cc7e230a4d129580843a,cap,PartNet,56bb0a2e6f729993fa5b6212657ae4a4,cap,PartNet,False,cap/PartNet/56bb0a2e6f729993fa5b6212657ae4a4,cap/PartNet/9634ac7cd209cc7e230a4d129580843a,True,hat,hat,0,"['it', 'has', 'a', 'brim', 'around', 'the', 'circumference', 'not', 'a', 'front', 'only', 'visor']",12,it has a brim around the circumference not a front only visor,train,train,train,train,"[1, 23, 24, 26, 601, 239, 10, 180, 40, 26, 37, 133, 605, 2, 0, 0, 0, 0]",brim
3435,user_1689,The target has a smaller crown.,3PWWM24LHURZ3YYBFDSL22N44BU82L,38.0,9634ac7cd209cc7e230a4d129580843a,cap,PartNet,56bb0a2e6f729993fa5b6212657ae4a4,cap,PartNet,False,cap/PartNet/56bb0a2e6f729993fa5b6212657ae4a4,cap/PartNet/9634ac7cd209cc7e230a4d129580843a,True,hat,hat,0,"['the', 'target', 'has', 'a', 'small', '-er', 'crown']",7,the target has a small -er crown,train,train,train,train,"[1, 10, 11, 24, 26, 111, 9, 606, 2, 0, 0, 0, 0, 0, 0, 0, 0, 0]",crown
3436,user_1143,The target has no brim,3ZPBJO59KRUFZJXKF668BY774LBDHG,73.0,c5d20fc28adf769b1802624b30ec569e,cap,PartNet,824e0bb9c53a50d27c010a074193cb9e,cap,PartNet,False,cap/PartNet/824e0bb9c53a50d27c010a074193cb9e,cap/PartNet/c5d20fc28adf769b1802624b30ec569e,True,hat,hat,0,"['the', 'target', 'has', 'no', 'brim']",5,the target has no brim,train,train,train,train,"[1, 10, 11, 24, 123, 601, 2, 0, 0, 0, 0, 0, 0, 0, 0, 0, 0, 0]",brim
3437,user_1644,It does not have a brim.,3HMVI3QICLL7TJ7X9DQ1WW115KKY19,61.0,c5d20fc28adf769b1802624b30ec569e,cap,PartNet,824e0bb9c53a50d27c010a074193cb9e,cap,PartNet,False,cap/PartNet/824e0bb9c53a50d27c010a074193cb9e,cap/PartNet/c5d20fc28adf769b1802624b30ec569e,True,hat,hat,0,"['it', 'does', 'not', 'have', 'a', 'brim']",6,it does not have a brim,train,train,train,train,"[1, 23, 39, 40, 84, 26, 601, 2, 0, 0, 0, 0, 0, 0, 0, 0, 0, 0]",brim
3438,user_2105,target has no brim,3SB5N7Y3O5X7031FJO0VBRBNVXF0G3,66.0,c5d20fc28adf769b1802624b30ec569e,cap,PartNet,824e0bb9c53a50d27c010a074193cb9e,cap,PartNet,False,cap/PartNet/824e0bb9c53a50d27c010a074193cb9e,cap/PartNet/c5d20fc28adf769b1802624b30ec569e,True,hat,hat,0,"['target', 'has', 'no', 'brim']",4,target has no brim,train,train,train,train,"[1, 11, 24, 123, 601, 2, 0, 0, 0, 0, 0, 0, 0, 0, 0, 0, 0, 0]",brim
3439,user_1143,The target has a brim,3GDTJDAPVW4PA224PVB5HB12AGD8ME,33.0,89717260f663fe13a9d8b37b5c73935c,cap,ShapeNet,77e819e803f1fa8b616c08e4715af963,cap,PartNet,False,cap/PartNet/77e819e803f1fa8b616c08e4715af963,cap/ShapeNet/89717260f663fe13a9d8b37b5c73935c,True,hat,cap,0,"['the', 'target', 'has', 'a', 'brim']",5,the target has a brim,train,train,train,train,"[1, 10, 11, 24, 26, 601, 2, 0, 0, 0, 0, 0, 0, 0, 0, 0, 0, 0]",brim
3442,user_786,Its brim is extends out and is more squarish at the front,35USIKEBNT98O64G8HT7ACUB9BW6NP,89.0,13341d1c3636717e4773d7a183337d9,cap,PartNet,81d58b65303dc155a8963fe61f2bc75f,cap,PartNet,False,cap/PartNet/81d58b65303dc155a8963fe61f2bc75f,cap/PartNet/13341d1c3636717e4773d7a183337d9,True,hat,hat,0,"['its', 'brim', 'is', 'extends', 'out', 'and', 'is', 'more', 'squarish', 'at', 'the', 'front']",12,its brim is extends out and is more squarish at the front,train,train,train,train,"[1, 5, 601, 7, 77, 89, 47, 7, 34, 510, 98, 10, 37, 2, 0, 0, 0, 0]",brim
3444,user_2105,target has visor not brim,3NKQQ8O390YK4534F5D7UDWXYU3UDQ,38.0,13341d1c3636717e4773d7a183337d9,cap,PartNet,81d58b65303dc155a8963fe61f2bc75f,cap,PartNet,False,cap/PartNet/81d58b65303dc155a8963fe61f2bc75f,cap/PartNet/13341d1c3636717e4773d7a183337d9,True,hat,hat,0,"['target', 'has', 'visor', 'not', 'brim']",5,target has visor not brim,train,train,train,train,"[1, 11, 24, 605, 40, 601, 2, 0, 0, 0, 0, 0, 0, 0, 0, 0, 0, 0]",brim
3445,user_203,The crown is not as tall.,384PI804XUUAQ8A6EOUC05UQJ7NS0R,164.0,bf120175fed89392954cc04e9b526b85,cap,PartNet,cdaccc660448206b108354aa2159bc1e,cap,PartNet,False,cap/PartNet/cdaccc660448206b108354aa2159bc1e,cap/PartNet/bf120175fed89392954cc04e9b526b85,True,hat,hat,0,"['the', 'crown', 'is', 'not', 'as', 'tall']",6,the crown is not as tall,train,train,train,train,"[1, 10, 606, 7, 40, 52, 53, 2, 0, 0, 0, 0, 0, 0, 0, 0, 0, 0]",crown
3446,user_1633,The target has a wider brim.,308Q0PEVBA63SOVN98JRPEPWDDA9IN,30.0,bf120175fed89392954cc04e9b526b85,cap,PartNet,cdaccc660448206b108354aa2159bc1e,cap,PartNet,False,cap/PartNet/cdaccc660448206b108354aa2159bc1e,cap/PartNet/bf120175fed89392954cc04e9b526b85,True,hat,hat,0,"['the', 'target', 'has', 'a', 'wide', '-er', 'brim']",7,the target has a wide -er brim,train,train,train,train,"[1, 10, 11, 24, 26, 83, 9, 601, 2, 0, 0, 0, 0, 0, 0, 0, 0, 0]",brim
3447,user_1964,the brim is much larger in surface area,3ATTHHXXWCHTTKDLCOP55HBEKG1IXF,46.0,bf120175fed89392954cc04e9b526b85,cap,PartNet,cdaccc660448206b108354aa2159bc1e,cap,PartNet,False,cap/PartNet/cdaccc660448206b108354aa2159bc1e,cap/PartNet/bf120175fed89392954cc04e9b526b85,True,hat,hat,0,"['the', 'brim', 'is', 'much', 'large', '-er', 'in', 'surface', 'area']",9,the brim is much large -er in surface area,train,train,train,train,"[1, 10, 601, 7, 59, 94, 9, 90, 334, 590, 2, 0, 0, 0, 0, 0, 0, 0]",brim
3451,user_615,the hat brim is much wider than the head hole,3U5JL4WY5M2ZLDE6RZN1BG1VFZ94XX,81.0,a4ad860de76ad2b52a2d94519249662c,cap,PartNet,61aae9be231d6c263dc5b29818b9b22e,cap,PartNet,False,cap/PartNet/61aae9be231d6c263dc5b29818b9b22e,cap/PartNet/a4ad860de76ad2b52a2d94519249662c,False,hat,hat,0,"['the', 'hat', 'brim', 'is', 'much', 'wide', '-er', 'than', 'the', 'head', 'hole']",11,the hat brim is much wide -er than the head hole,train,train,train,train,"[1, 10, 602, 601, 7, 59, 83, 9, 131, 10, 107, 81, 2, 0, 0, 0, 0, 0]",brim
3452,user_1644,The crown is pointed.,3R5F3LQFV4DSU1O3B1QVMZNB4PYOZD,27.0,a4ad860de76ad2b52a2d94519249662c,cap,PartNet,61aae9be231d6c263dc5b29818b9b22e,cap,PartNet,False,cap/PartNet/61aae9be231d6c263dc5b29818b9b22e,cap/PartNet/a4ad860de76ad2b52a2d94519249662c,False,hat,hat,0,"['the', 'crown', 'is', 'pointed']",4,the crown is pointed,train,train,train,train,"[1, 10, 606, 7, 387, 2, 0, 0, 0, 0, 0, 0, 0, 0, 0, 0, 0, 0]",crown
3454,user_786,"Its crown is circular hemispherical, NOT egg-shaped hemispherical",3JCG6DTRV5JM1L0S3IZMKB67EO3QQ3,150.0,62d4f8a7a8a1dc619ba80f08c401fbed,cap,PartNet,6e983d20e0bf80296829cd4082fbdbdf,cap,ShapeNet,False,cap/ShapeNet/6e983d20e0bf80296829cd4082fbdbdf,cap/PartNet/62d4f8a7a8a1dc619ba80f08c401fbed,True,cap,hat,0,"['its', 'crown', 'is', 'circular', 'hemispherical', 'not', 'egg', 'shaped', 'hemispherical']",9,its crown is circular hemispherical not egg shaped hemispherical,train,train,train,train,"[1, 5, 606, 7, 102, 680, 40, 659, 14, 680, 2, 0, 0, 0, 0, 0, 0, 0]",crown
3455,user_1529,There is a raised nub on the top of the hat.,3UNH76FOCUY4P8TM2Z9ZGOP43WAYME,66.0,62d4f8a7a8a1dc619ba80f08c401fbed,cap,PartNet,6e983d20e0bf80296829cd4082fbdbdf,cap,ShapeNet,False,cap/ShapeNet/6e983d20e0bf80296829cd4082fbdbdf,cap/PartNet/62d4f8a7a8a1dc619ba80f08c401fbed,True,cap,hat,0,"['there', 'is', 'a', 'raised', 'nub', 'on', 'the', 'top', 'of', 'the', 'hat']",11,there is a raised nub on the top of the hat,train,train,train,train,"[1, 15, 7, 26, 681, 748, 20, 10, 99, 38, 10, 602, 2, 0, 0, 0, 0, 0]",crown
3456,user_2105,target has button on top of crown,3HWRJOOET7V9HYP0MVTRLUWUD90SEI,252.0,62d4f8a7a8a1dc619ba80f08c401fbed,cap,PartNet,6e983d20e0bf80296829cd4082fbdbdf,cap,ShapeNet,False,cap/ShapeNet/6e983d20e0bf80296829cd4082fbdbdf,cap/PartNet/62d4f8a7a8a1dc619ba80f08c401fbed,True,cap,hat,0,"['target', 'has', 'button', 'on', 'top', 'of', 'crown']",7,target has button on top of crown,train,train,train,train,"[1, 11, 24, 596, 20, 99, 38, 606, 2, 0, 0, 0, 0, 0, 0, 0, 0, 0]",crown
3457,user_156,It has a conical crown.,3PMBY0YE29WCFL9NHYN5EBR108RC9P,42.0,deb19c41bc1e4ba5c8727b27ee96a4b7,cap,PartNet,8670ef4375bbb95568b8a8e5babef621,cap,PartNet,False,cap/PartNet/8670ef4375bbb95568b8a8e5babef621,cap/PartNet/deb19c41bc1e4ba5c8727b27ee96a4b7,False,hat,hat,0,"['it', 'has', 'a', 'conical', 'crown']",5,it has a conical crown,train,train,train,train,"[1, 23, 24, 26, 399, 606, 2, 0, 0, 0, 0, 0, 0, 0, 0, 0, 0, 0]",crown
3458,user_1644,The top of the crown is pointed.,39LNWE0K4WP1CGJQ7JEILACAQZ4IU9,64.0,deb19c41bc1e4ba5c8727b27ee96a4b7,cap,PartNet,8670ef4375bbb95568b8a8e5babef621,cap,PartNet,False,cap/PartNet/8670ef4375bbb95568b8a8e5babef621,cap/PartNet/deb19c41bc1e4ba5c8727b27ee96a4b7,False,hat,hat,0,"['the', 'top', 'of', 'the', 'crown', 'is', 'pointed']",7,the top of the crown is pointed,train,train,train,train,"[1, 10, 99, 38, 10, 606, 7, 387, 2, 0, 0, 0, 0, 0, 0, 0, 0, 0]",crown
3459,user_2105,target does not have rectangle on top,3F1567XTNYYG9MJ6MGO0YGGI4OZ9Q0,142.0,deb19c41bc1e4ba5c8727b27ee96a4b7,cap,PartNet,8670ef4375bbb95568b8a8e5babef621,cap,PartNet,False,cap/PartNet/8670ef4375bbb95568b8a8e5babef621,cap/PartNet/deb19c41bc1e4ba5c8727b27ee96a4b7,False,hat,hat,0,"['target', 'does', 'not', 'have', 'rectangle', 'on', 'top']",7,target does not have rectangle on top,train,train,train,train,"[1, 11, 39, 40, 84, 425, 20, 99, 2, 0, 0, 0, 0, 0, 0, 0, 0, 0]",crown
3460,user_786,Its crown has a smaller diameter,3FDJT1UU761BXWJZ6LRMQEZ7JLG5K3,33.0,5a5c976be7015447f0d11ae402ef940e,cap,PartNet,e255ff4ea19d21c06fc9a18d280b1515,cap,PartNet,False,cap/PartNet/e255ff4ea19d21c06fc9a18d280b1515,cap/PartNet/5a5c976be7015447f0d11ae402ef940e,False,hat,hat,0,"['its', 'crown', 'has', 'a', 'small', '-er', 'diameter']",7,its crown has a small -er diameter,test,train,test,train,"[1, 5, 606, 24, 26, 111, 9, 268, 2, 0, 0, 0, 0, 0, 0, 0, 0, 0]",crown
3462,user_1644,It is a top hat.,3AAJC4I4FILETQX6VOYQE36P5W8JZB,19.0,5a5c976be7015447f0d11ae402ef940e,cap,PartNet,e255ff4ea19d21c06fc9a18d280b1515,cap,PartNet,False,cap/PartNet/e255ff4ea19d21c06fc9a18d280b1515,cap/PartNet/5a5c976be7015447f0d11ae402ef940e,False,hat,hat,0,"['it', 'is', 'a', 'top', 'hat']",5,it is a top hat,test,train,test,train,"[1, 23, 7, 26, 99, 602, 2, 0, 0, 0, 0, 0, 0, 0, 0, 0, 0, 0]",crown
3466,user_786,"Its crown is cylindrical, not hemispherical",3WLEIWSYHQASW9Z4IHMRFFG37VSH2J,109.0,fe319939c7dc4a6ff691355a196da5f,cap,PartNet,4c818a2a478b13db1e4e75745130e652,cap,PartNet,False,cap/PartNet/4c818a2a478b13db1e4e75745130e652,cap/PartNet/fe319939c7dc4a6ff691355a196da5f,False,hat,hat,0,"['its', 'crown', 'is', 'cylindrical', 'not', 'hemispherical']",6,its crown is cylindrical not hemispherical,train,train,train,train,"[1, 5, 606, 7, 176, 40, 680, 2, 0, 0, 0, 0, 0, 0, 0, 0, 0, 0]",crown
3467,user_1644,It is a top hat.,3OF2M9AATIH94A3OD9Y2FI62KKSKZT,20.0,fe319939c7dc4a6ff691355a196da5f,cap,PartNet,4c818a2a478b13db1e4e75745130e652,cap,PartNet,False,cap/PartNet/4c818a2a478b13db1e4e75745130e652,cap/PartNet/fe319939c7dc4a6ff691355a196da5f,False,hat,hat,0,"['it', 'is', 'a', 'top', 'hat']",5,it is a top hat,train,train,train,train,"[1, 23, 7, 26, 99, 602, 2, 0, 0, 0, 0, 0, 0, 0, 0, 0, 0, 0]",crown
3468,user_1689,The diameter of the top of the target is smaller.,3SB5N7Y3O5X7031FJO0VBRBNVWNG0P,181.0,fe319939c7dc4a6ff691355a196da5f,cap,PartNet,4c818a2a478b13db1e4e75745130e652,cap,PartNet,False,cap/PartNet/4c818a2a478b13db1e4e75745130e652,cap/PartNet/fe319939c7dc4a6ff691355a196da5f,False,hat,hat,0,"['the', 'diameter', 'of', 'the', 'top', 'of', 'the', 'target', 'is', 'small', '-er']",11,the diameter of the top of the target is small -er,train,train,train,train,"[1, 10, 268, 38, 10, 99, 38, 10, 11, 7, 111, 9, 2, 0, 0, 0, 0, 0]",crown
3469,user_203,It has a visor or bill.,3VNL7UK1XHC22C2B66INDHDGRTUTFR,61.0,1655aeff6e4ec121bfedd927d2c565df,cap,PartNet,288e11d15d927943068951f59ff267e,cap,PartNet,False,cap/PartNet/288e11d15d927943068951f59ff267e,cap/PartNet/1655aeff6e4ec121bfedd927d2c565df,False,hat,hat,0,"['it', 'has', 'a', 'visor', 'or', 'bill']",6,it has a visor or bill,train,train,train,train,"[1, 23, 24, 26, 605, 124, 603, 2, 0, 0, 0, 0, 0, 0, 0, 0, 0, 0]",brim
3471,user_1689,The target has a flat top.,3VE8AYVF8OQJ4SAN387SMLHTDFZF8C,187.0,1655aeff6e4ec121bfedd927d2c565df,cap,PartNet,288e11d15d927943068951f59ff267e,cap,PartNet,False,cap/PartNet/288e11d15d927943068951f59ff267e,cap/PartNet/1655aeff6e4ec121bfedd927d2c565df,False,hat,hat,0,"['the', 'target', 'has', 'a', 'flat', 'top']",6,the target has a flat top,train,train,train,train,"[1, 10, 11, 24, 26, 129, 99, 2, 0, 0, 0, 0, 0, 0, 0, 0, 0, 0]",crown
3473,user_1633,The target has a round top.,3V26SBZTBF74T52ADA1C2XUFOT0ZZP,25.0,373d717709b3e181bbda4bd2b976d8f7,cap,ShapeNet,202fd00196d296a745b2d64b440991ad,cap,PartNet,False,cap/PartNet/202fd00196d296a745b2d64b440991ad,cap/ShapeNet/373d717709b3e181bbda4bd2b976d8f7,True,hat,cap,0,"['the', 'target', 'has', 'a', 'round', 'top']",6,the target has a round top,test,train,test,train,"[1, 10, 11, 24, 26, 134, 99, 2, 0, 0, 0, 0, 0, 0, 0, 0, 0, 0]",crown
3478,user_786,Its heimspherical crown has a larger radius of curvature,3IUZPWIU1Q05AFYJ2MEVGECK3JRWKK,124.0,40f0c6599f0be25fce01c07526cf2aa4,cap,ShapeNet,dc06523b3413d01d3ead562a41d49338,cap,PartNet,False,cap/PartNet/dc06523b3413d01d3ead562a41d49338,cap/ShapeNet/40f0c6599f0be25fce01c07526cf2aa4,True,hat,cap,0,"['its', 'hemispherical', 'crown', 'has', 'a', 'large', '-er', 'radius', 'of', 'curvature']",10,its hemispherical crown has a large -er radius of curvature,train,train,train,train,"[1, 5, 680, 606, 24, 26, 94, 9, 703, 38, 749, 2, 0, 0, 0, 0, 0, 0]",crown
3484,user_677,The top of the target is larger in diameter.,3CN4LGXD5ZHOLI4GWV93UU84H534Y3,218.0,b9be3ecb04284bebdde3c649189c2dd4,cap,PartNet,223e336d3f1490e4ecaafbe064b13083,cap,PartNet,False,cap/PartNet/223e336d3f1490e4ecaafbe064b13083,cap/PartNet/b9be3ecb04284bebdde3c649189c2dd4,True,hat,hat,0,"['the', 'top', 'of', 'the', 'target', 'is', 'large', '-er', 'in', 'diameter']",10,the top of the target is large -er in diameter,test,train,test,train,"[1, 10, 99, 38, 10, 11, 7, 94, 9, 90, 268, 2, 0, 0, 0, 0, 0, 0]",crown
3485,user_1644,The crown is taller.,3NJM2BJS4YZX78PUYNJ201RG5C8PCW,57.0,b9be3ecb04284bebdde3c649189c2dd4,cap,PartNet,223e336d3f1490e4ecaafbe064b13083,cap,PartNet,False,cap/PartNet/223e336d3f1490e4ecaafbe064b13083,cap/PartNet/b9be3ecb04284bebdde3c649189c2dd4,True,hat,hat,0,"['the', 'crown', 'is', 'tall', '-er']",5,the crown is tall -er,test,train,test,train,"[1, 10, 606, 7, 53, 9, 2, 0, 0, 0, 0, 0, 0, 0, 0, 0, 0, 0]",crown
3486,user_2105,target has longer height crown,33IZTU6J83UINYGHH0JJ9JH1TFCXSX,59.0,b9be3ecb04284bebdde3c649189c2dd4,cap,PartNet,223e336d3f1490e4ecaafbe064b13083,cap,PartNet,False,cap/PartNet/223e336d3f1490e4ecaafbe064b13083,cap/PartNet/b9be3ecb04284bebdde3c649189c2dd4,True,hat,hat,0,"['target', 'has', 'long', '-er', 'height', 'crown']",6,target has long -er height crown,test,train,test,train,"[1, 11, 24, 32, 9, 117, 606, 2, 0, 0, 0, 0, 0, 0, 0, 0, 0, 0]",crown
3490,user_1633,The target does not have a flat top.,39LOEL67OUYOOGUUJD6QLCSWAPV83X,29.0,f649b3afc815fff1e657bffb92fd93ce,cap,PartNet,4bd0b6df02772d8f59c9250a427b57f,cap,ShapeNet,False,cap/ShapeNet/4bd0b6df02772d8f59c9250a427b57f,cap/PartNet/f649b3afc815fff1e657bffb92fd93ce,False,cap,hat,0,"['the', 'target', 'does', 'not', 'have', 'a', 'flat', 'top']",8,the target does not have a flat top,test,train,test,train,"[1, 10, 11, 39, 40, 84, 26, 129, 99, 2, 0, 0, 0, 0, 0, 0, 0, 0]",crown
3494,user_786,"Its crown's top is a flat, tilted disc",3AMYWKA6YDFQ6R4S9WTKP1UGZM9O6W,67.0,8338e10954ae6c5296b84415a3f1393b,cap,ShapeNet,f40b47fcbf83b962f0d11ae402ef940e,cap,ShapeNet,False,cap/ShapeNet/f40b47fcbf83b962f0d11ae402ef940e,cap/ShapeNet/8338e10954ae6c5296b84415a3f1393b,False,cap,cap,0,"['its', 'crown', ""'s"", 'top', 'is', 'a', 'flat', 'tilted', 'disc']",9,its crown 's top is a flat tilted disc,train,train,train,train,"[1, 5, 606, 12, 99, 7, 26, 129, 308, 500, 2, 0, 0, 0, 0, 0, 0, 0]",crown
3496,user_920,The target's top extends over the sides.,378XPAWRUE6HX75S1EXRL90GJVTIAC,39.0,5a5c976be7015447f0d11ae402ef940e,cap,PartNet,9673c2be589c2b9df0d11ae402ef940e,cap,ShapeNet,False,cap/ShapeNet/9673c2be589c2b9df0d11ae402ef940e,cap/PartNet/5a5c976be7015447f0d11ae402ef940e,True,cap,hat,0,"['the', 'target', ""'s"", 'top', 'extends', 'over', 'the', 'sides']",8,the target 's top extends over the sides,test,train,test,train,"[1, 10, 11, 12, 99, 77, 267, 10, 360, 2, 0, 0, 0, 0, 0, 0, 0, 0]",crown
3499,user_1633,"The target is a baseball cap, not a top hat.",3Q8GYXHFERVTEY7BE8AO2VMZEC7C5X,30.0,d0313cadc2b4b2cc1372a4afda9e2f07,cap,PartNet,3957332e2d23ff61ce2704286124606b,cap,ShapeNet,False,cap/ShapeNet/3957332e2d23ff61ce2704286124606b,cap/PartNet/d0313cadc2b4b2cc1372a4afda9e2f07,False,cap,hat,0,"['the', 'target', 'is', 'a', 'baseball', 'cap', 'not', 'a', 'top', 'hat']",10,the target is a baseball cap not a top hat,train,train,train,train,"[1, 10, 11, 7, 26, 599, 435, 40, 26, 99, 602, 2, 0, 0, 0, 0, 0, 0]",crown
3502,user_1633,The target has a completely flat top.,3VSOLARPKD2O2LD4O5C4L8N7UVD93N,20.0,c68d509f6d2db0bab581cc9c4410f841,cap,PartNet,576d5a4b1d688680bed7e3eef8315549,cap,PartNet,False,cap/PartNet/576d5a4b1d688680bed7e3eef8315549,cap/PartNet/c68d509f6d2db0bab581cc9c4410f841,False,hat,hat,0,"['the', 'target', 'has', 'a', 'completely', 'flat', 'top']",7,the target has a completely flat top,train,train,train,train,"[1, 10, 11, 24, 26, 169, 129, 99, 2, 0, 0, 0, 0, 0, 0, 0, 0, 0]",crown
3504,user_1964,"There is only a visor, not a brim",3XCC1ODXDN4MDMFSGXOMP1GCA9XQRU,55.0,c68d509f6d2db0bab581cc9c4410f841,cap,PartNet,576d5a4b1d688680bed7e3eef8315549,cap,PartNet,False,cap/PartNet/576d5a4b1d688680bed7e3eef8315549,cap/PartNet/c68d509f6d2db0bab581cc9c4410f841,False,hat,hat,0,"['there', 'is', 'only', 'a', 'visor', 'not', 'a', 'brim']",8,there is only a visor not a brim,train,train,train,train,"[1, 15, 7, 133, 26, 605, 40, 26, 601, 2, 0, 0, 0, 0, 0, 0, 0, 0]",brim
3505,user_203,It is not a top hat.,3IXEICO794C6JJ905DFJJB03YU6T63,41.0,d0313cadc2b4b2cc1372a4afda9e2f07,cap,PartNet,b08d714d0617f5d5305be49cf697a665,cap,PartNet,False,cap/PartNet/b08d714d0617f5d5305be49cf697a665,cap/PartNet/d0313cadc2b4b2cc1372a4afda9e2f07,False,hat,hat,0,"['it', 'is', 'not', 'a', 'top', 'hat']",6,it is not a top hat,val,train,val,train,"[1, 23, 7, 40, 26, 99, 602, 2, 0, 0, 0, 0, 0, 0, 0, 0, 0, 0]",crown
3506,user_1644,It is not a top hat.,3MYYFCXHJ50OZRJG2PNXNU10C854GV,18.0,d0313cadc2b4b2cc1372a4afda9e2f07,cap,PartNet,b08d714d0617f5d5305be49cf697a665,cap,PartNet,False,cap/PartNet/b08d714d0617f5d5305be49cf697a665,cap/PartNet/d0313cadc2b4b2cc1372a4afda9e2f07,False,hat,hat,0,"['it', 'is', 'not', 'a', 'top', 'hat']",6,it is not a top hat,val,train,val,train,"[1, 23, 7, 40, 26, 99, 602, 2, 0, 0, 0, 0, 0, 0, 0, 0, 0, 0]",crown
3511,user_786,Its crown's top flat circle is more slanted,33CID57106MJ3NEDD2FUQHE2UQ33LP,83.0,cfdd264126abf98d920db8ca8825dcda,cap,PartNet,afa620df377ea0cb84c9f423db9b48d7,cap,PartNet,False,cap/PartNet/afa620df377ea0cb84c9f423db9b48d7,cap/PartNet/cfdd264126abf98d920db8ca8825dcda,True,hat,hat,0,"['its', 'crown', ""'s"", 'top', 'flat', 'circle', 'is', 'more', 'slanted']",9,its crown 's top flat circle is more slanted,train,train,train,train,"[1, 5, 606, 12, 99, 129, 149, 7, 34, 674, 2, 0, 0, 0, 0, 0, 0, 0]",crown
3512,user_1529,The top does not have straight sides - they taper.,3L70J4KAZIF0PWP690WGUCK3RQJDA3,92.0,cfdd264126abf98d920db8ca8825dcda,cap,PartNet,afa620df377ea0cb84c9f423db9b48d7,cap,PartNet,False,cap/PartNet/afa620df377ea0cb84c9f423db9b48d7,cap/PartNet/cfdd264126abf98d920db8ca8825dcda,True,hat,hat,0,"['the', 'top', 'does', 'not', 'have', 'straight', 'sides', 'they', 'taper']",9,the top does not have straight sides they taper,train,train,train,train,"[1, 10, 99, 39, 40, 84, 114, 360, 752, 753, 2, 0, 0, 0, 0, 0, 0, 0]",crown
3513,user_2105,target has bowl shape on top service cap,39LOEL67OUYOOGUUJD6QLCSWAQ3382,147.0,cfdd264126abf98d920db8ca8825dcda,cap,PartNet,afa620df377ea0cb84c9f423db9b48d7,cap,PartNet,False,cap/PartNet/afa620df377ea0cb84c9f423db9b48d7,cap/PartNet/cfdd264126abf98d920db8ca8825dcda,True,hat,hat,0,"['target', 'has', 'bowl', 'shape', 'on', 'top', 'service', 'cap']",8,target has bowl shape on top service cap,train,train,train,train,"[1, 11, 24, 178, 93, 20, 99, 611, 435, 2, 0, 0, 0, 0, 0, 0, 0, 0]",crown
3515,user_786,Its crown's top disk is more slanted,3U0SRXB7CFY1AP2005W5L7L75ZJRNJ,45.0,cfdd264126abf98d920db8ca8825dcda,cap,PartNet,2a46cf234503f21b3c91c1204c720f19,cap,PartNet,False,cap/PartNet/2a46cf234503f21b3c91c1204c720f19,cap/PartNet/cfdd264126abf98d920db8ca8825dcda,True,hat,hat,0,"['its', 'crown', ""'s"", 'top', 'disk', 'is', 'more', 'slanted']",8,its crown 's top disk is more slanted,test,train,test,train,"[1, 5, 606, 12, 99, 647, 7, 34, 674, 2, 0, 0, 0, 0, 0, 0, 0, 0]",crown
3516,user_2105,target has thinner edge on top of crown,3K3R2QNK8DW81FQN3P858HD779OU99,49.0,cfdd264126abf98d920db8ca8825dcda,cap,PartNet,2a46cf234503f21b3c91c1204c720f19,cap,PartNet,False,cap/PartNet/2a46cf234503f21b3c91c1204c720f19,cap/PartNet/cfdd264126abf98d920db8ca8825dcda,True,hat,hat,0,"['target', 'has', 'thin', '-er', 'edge', 'on', 'top', 'of', 'crown']",9,target has thin -er edge on top of crown,test,train,test,train,"[1, 11, 24, 60, 9, 631, 20, 99, 38, 606, 2, 0, 0, 0, 0, 0, 0, 0]",crown
3517,user_786,It does NOT have > 10 curved narrow cylindrical tubs stick out from the crown's midpoint,3GM6G9ZBKPQ88MUSSTM087XPOTXMTG,172.0,5f988e8af9ac5b873d1423abb84263f3,cap,PartNet,2935eced813475ffcd89d8aa7fd7b92c,cap,PartNet,False,cap/PartNet/2935eced813475ffcd89d8aa7fd7b92c,cap/PartNet/5f988e8af9ac5b873d1423abb84263f3,True,hat,hat,0,"['it', 'does', 'not', 'have', 'ten', 'curved', 'narrow', 'cylindrical', 'tubs', 'stick', 'out', 'from', 'the', 'crown', ""'s"", 'midpoint']",16,it does not have ten curved narrow cylindrical tubs stick out from the crown 's midpoint,train,train,train,train,"[1, 23, 39, 40, 84, 754, 51, 210, 176, 755, 339, 89, 113, 10, 606, 12, 756, 2]",crown
3518,user_1633,The target has a flat top.,30LSNF239WOSS4AOOZ4CFRHI7702IO,25.0,5f988e8af9ac5b873d1423abb84263f3,cap,PartNet,2935eced813475ffcd89d8aa7fd7b92c,cap,PartNet,False,cap/PartNet/2935eced813475ffcd89d8aa7fd7b92c,cap/PartNet/5f988e8af9ac5b873d1423abb84263f3,True,hat,hat,0,"['the', 'target', 'has', 'a', 'flat', 'top']",6,the target has a flat top,train,train,train,train,"[1, 10, 11, 24, 26, 129, 99, 2, 0, 0, 0, 0, 0, 0, 0, 0, 0, 0]",crown
3520,user_786,Its crown is less tall,3A4TN5196MB5URR6FABXRSPPJM5HCS,137.0,6f93656d083e985465bae2cb33eb4baa,cap,ShapeNet,591262ba071ebd196c8bf2a864894125,cap,PartNet,False,cap/PartNet/591262ba071ebd196c8bf2a864894125,cap/ShapeNet/6f93656d083e985465bae2cb33eb4baa,True,hat,cap,0,"['its', 'crown', 'is', 'less', 'tall']",5,its crown is less tall,train,train,train,train,"[1, 5, 606, 7, 229, 53, 2, 0, 0, 0, 0, 0, 0, 0, 0, 0, 0, 0]",crown
3524,user_1143,The target has a flat top,3WT783CTPDAV3EOKFI115HMRO8UBCY,42.0,1655aeff6e4ec121bfedd927d2c565df,cap,PartNet,ce9fbdd20598b670548ef619bebf2d75,cap,PartNet,False,cap/PartNet/ce9fbdd20598b670548ef619bebf2d75,cap/PartNet/1655aeff6e4ec121bfedd927d2c565df,False,hat,hat,0,"['the', 'target', 'has', 'a', 'flat', 'top']",6,the target has a flat top,train,train,train,train,"[1, 10, 11, 24, 26, 129, 99, 2, 0, 0, 0, 0, 0, 0, 0, 0, 0, 0]",crown
3526,user_677,The target's crown is taller in height.,3PJ71Z61R6VSSIZP11YLXF8AWC819Y,70.0,233a6e7c31de58a33d4bab39ff8346fd,cap,PartNet,7b62c58f5911d1061737058619bcd307,cap,PartNet,False,cap/PartNet/7b62c58f5911d1061737058619bcd307,cap/PartNet/233a6e7c31de58a33d4bab39ff8346fd,True,hat,hat,0,"['the', 'target', ""'s"", 'crown', 'is', 'tall', '-er', 'in', 'height']",9,the target 's crown is tall -er in height,train,train,train,train,"[1, 10, 11, 12, 606, 7, 53, 9, 90, 117, 2, 0, 0, 0, 0, 0, 0, 0]",crown
3527,user_1633,The target has a taller crown.,3JBT3HLQFAVAF104Q13ABZS1EUYPZZ,22.0,233a6e7c31de58a33d4bab39ff8346fd,cap,PartNet,7b62c58f5911d1061737058619bcd307,cap,PartNet,False,cap/PartNet/7b62c58f5911d1061737058619bcd307,cap/PartNet/233a6e7c31de58a33d4bab39ff8346fd,True,hat,hat,0,"['the', 'target', 'has', 'a', 'tall', '-er', 'crown']",7,the target has a tall -er crown,train,train,train,train,"[1, 10, 11, 24, 26, 53, 9, 606, 2, 0, 0, 0, 0, 0, 0, 0, 0, 0]",crown
3528,user_1644,The crown is taller.,3E4GGUZ1TAKJYZ0CO2POS7WVZBT2K3,28.0,233a6e7c31de58a33d4bab39ff8346fd,cap,PartNet,7b62c58f5911d1061737058619bcd307,cap,PartNet,False,cap/PartNet/7b62c58f5911d1061737058619bcd307,cap/PartNet/233a6e7c31de58a33d4bab39ff8346fd,True,hat,hat,0,"['the', 'crown', 'is', 'tall', '-er']",5,the crown is tall -er,train,train,train,train,"[1, 10, 606, 7, 53, 9, 2, 0, 0, 0, 0, 0, 0, 0, 0, 0, 0, 0]",crown
3535,user_90,It has a shorter crown,3JW0YLFXRV9W5FS0R0XY4P6FQQFWWV,90.0,77f97b18d27a8905afd2bc3942374579,cap,PartNet,8156dab09860124627526d19de7c3249,cap,PartNet,False,cap/PartNet/8156dab09860124627526d19de7c3249,cap/PartNet/77f97b18d27a8905afd2bc3942374579,True,hat,hat,0,"['it', 'has', 'a', 'short', '-er', 'crown']",6,it has a short -er crown,train,train,train,train,"[1, 23, 24, 26, 8, 9, 606, 2, 0, 0, 0, 0, 0, 0, 0, 0, 0, 0]",crown
3537,user_2105,target has shorter crown height,36V4Q8R5ZMTVG620BPS532M24NPMQV,54.0,77f97b18d27a8905afd2bc3942374579,cap,PartNet,8156dab09860124627526d19de7c3249,cap,PartNet,False,cap/PartNet/8156dab09860124627526d19de7c3249,cap/PartNet/77f97b18d27a8905afd2bc3942374579,True,hat,hat,0,"['target', 'has', 'short', '-er', 'crown', 'height']",6,target has short -er crown height,train,train,train,train,"[1, 11, 24, 8, 9, 606, 117, 2, 0, 0, 0, 0, 0, 0, 0, 0, 0, 0]",crown
3541,user_1529,The crown isn't round.,3U4J9857OG4PRXTOO1TQPVUDNYVB7Z,157.0,f84abb697315dd7784c54dff812f6abb,cap,PartNet,6a0080b5908b06f93d73b22cbe25cea9,cap,PartNet,False,cap/PartNet/6a0080b5908b06f93d73b22cbe25cea9,cap/PartNet/f84abb697315dd7784c54dff812f6abb,False,hat,hat,0,"['the', 'crown', 'is', 'not', 'round']",5,the crown is not round,train,train,train,train,"[1, 10, 606, 7, 40, 134, 2, 0, 0, 0, 0, 0, 0, 0, 0, 0, 0, 0]",crown
3542,user_1644,The crown is shaped like a hexagon.,3Z4GS9HPNX32PLQYBKHAKT8H47F77I,39.0,f84abb697315dd7784c54dff812f6abb,cap,PartNet,6a0080b5908b06f93d73b22cbe25cea9,cap,PartNet,False,cap/PartNet/6a0080b5908b06f93d73b22cbe25cea9,cap/PartNet/f84abb697315dd7784c54dff812f6abb,False,hat,hat,0,"['the', 'crown', 'is', 'shaped', 'like', 'a', 'hexagon']",7,the crown is shaped like a hexagon,train,train,train,train,"[1, 10, 606, 7, 14, 35, 26, 246, 2, 0, 0, 0, 0, 0, 0, 0, 0, 0]",crown
3543,user_2105,target has hexagon shaped brim,31Z0PCVWUM8PNJN5ONKBPP0ZT5B7T1,66.0,f84abb697315dd7784c54dff812f6abb,cap,PartNet,6a0080b5908b06f93d73b22cbe25cea9,cap,PartNet,False,cap/PartNet/6a0080b5908b06f93d73b22cbe25cea9,cap/PartNet/f84abb697315dd7784c54dff812f6abb,False,hat,hat,0,"['target', 'has', 'hexagon', 'shaped', 'brim']",5,target has hexagon shaped brim,train,train,train,train,"[1, 11, 24, 246, 14, 601, 2, 0, 0, 0, 0, 0, 0, 0, 0, 0, 0, 0]",brim
3544,user_1143,The target has a brim the whole way around,3YMU66OBIP1IB37BHW7GHJA4HDRGHT,75.0,14df58bdedfbb41141edb96d309c9a23,cap,ShapeNet,ed352b53b17b6119e762cf5917cef4ef,cap,ShapeNet,False,cap/ShapeNet/ed352b53b17b6119e762cf5917cef4ef,cap/ShapeNet/14df58bdedfbb41141edb96d309c9a23,False,cap,cap,0,"['the', 'target', 'has', 'a', 'brim', 'the', 'whole', 'way', 'around']",9,the target has a brim the whole way around,train,train,train,train,"[1, 10, 11, 24, 26, 601, 10, 472, 471, 239, 2, 0, 0, 0, 0, 0, 0, 0]",brim
3545,user_1633,"The target has a brim, not a visor.",35L9RVQFCQB1GL8611WXLYBVQL4UH5,36.0,14df58bdedfbb41141edb96d309c9a23,cap,ShapeNet,ed352b53b17b6119e762cf5917cef4ef,cap,ShapeNet,False,cap/ShapeNet/ed352b53b17b6119e762cf5917cef4ef,cap/ShapeNet/14df58bdedfbb41141edb96d309c9a23,False,cap,cap,0,"['the', 'target', 'has', 'a', 'brim', 'not', 'a', 'visor']",8,the target has a brim not a visor,train,train,train,train,"[1, 10, 11, 24, 26, 601, 40, 26, 605, 2, 0, 0, 0, 0, 0, 0, 0, 0]",brim
3547,user_203,The crown is shaped like a pyramid.,3X66WABAJYB3HV0C2BIEDP9UY9HG3W,107.0,3f712e64c37ee460e4b30fdd654658ce,cap,PartNet,eec8c8ff8efdda0f86b5dc4d3f7cea94,cap,PartNet,False,cap/PartNet/eec8c8ff8efdda0f86b5dc4d3f7cea94,cap/PartNet/3f712e64c37ee460e4b30fdd654658ce,True,hat,hat,0,"['the', 'crown', 'is', 'shaped', 'like', 'a', 'pyramid']",7,the crown is shaped like a pyramid,test,train,test,train,"[1, 10, 606, 7, 14, 35, 26, 711, 2, 0, 0, 0, 0, 0, 0, 0, 0, 0]",crown
3548,user_456,The target has a pyramid on top.,3QFUFYSY908ILRNLR5HF591OBU24FV,81.0,3f712e64c37ee460e4b30fdd654658ce,cap,PartNet,eec8c8ff8efdda0f86b5dc4d3f7cea94,cap,PartNet,False,cap/PartNet/eec8c8ff8efdda0f86b5dc4d3f7cea94,cap/PartNet/3f712e64c37ee460e4b30fdd654658ce,True,hat,hat,0,"['the', 'target', 'has', 'a', 'pyramid', 'on', 'top']",7,the target has a pyramid on top,test,train,test,train,"[1, 10, 11, 24, 26, 711, 20, 99, 2, 0, 0, 0, 0, 0, 0, 0, 0, 0]",crown
3549,user_2105,target has triangular crown,3R3YRB5GRHWM6Y0SVVM54CORDR6AU4,34.0,3f712e64c37ee460e4b30fdd654658ce,cap,PartNet,eec8c8ff8efdda0f86b5dc4d3f7cea94,cap,PartNet,False,cap/PartNet/eec8c8ff8efdda0f86b5dc4d3f7cea94,cap/PartNet/3f712e64c37ee460e4b30fdd654658ce,True,hat,hat,0,"['target', 'has', 'triangular', 'crown']",4,target has triangular crown,test,train,test,train,"[1, 11, 24, 564, 606, 2, 0, 0, 0, 0, 0, 0, 0, 0, 0, 0, 0, 0]",crown
3550,user_1529,The hat is a crown shape.,33LKR6A5KGDBCX83Z732OF9MQI21TN,89.0,a444fff8c769de616a10eb60523df1e9,cap,ShapeNet,23d52d07b2bd7973cbb1d488e5017b1e,cap,PartNet,False,cap/PartNet/23d52d07b2bd7973cbb1d488e5017b1e,cap/ShapeNet/a444fff8c769de616a10eb60523df1e9,True,hat,cap,0,"['the', 'hat', 'is', 'a', 'crown', 'shape']",6,the hat is a crown shape,train,train,train,train,"[1, 10, 602, 7, 26, 606, 93, 2, 0, 0, 0, 0, 0, 0, 0, 0, 0, 0]",crown
3552,user_1964,this is a crown,338JKRMM28SH1CU8VWF6LXZ1JIEAHB,23.0,a444fff8c769de616a10eb60523df1e9,cap,ShapeNet,23d52d07b2bd7973cbb1d488e5017b1e,cap,PartNet,False,cap/PartNet/23d52d07b2bd7973cbb1d488e5017b1e,cap/ShapeNet/a444fff8c769de616a10eb60523df1e9,True,hat,cap,0,"['this', 'is', 'a', 'crown']",4,this is a crown,train,train,train,train,"[1, 301, 7, 26, 606, 2, 0, 0, 0, 0, 0, 0, 0, 0, 0, 0, 0, 0]",crown
3553,user_786,It does NOT have a propellor above the crown,3HPZF4IVNOMRGMHVPAFLDSKS9HBCYD,91.0,ad672c08a646c7419cd3f9e8648111d1,cap,PartNet,463013adc207ca16eb5d382c7eb13b28,cap,PartNet,False,cap/PartNet/463013adc207ca16eb5d382c7eb13b28,cap/PartNet/ad672c08a646c7419cd3f9e8648111d1,False,hat,hat,0,"['it', 'does', 'not', 'have', 'a', 'propellor', 'above', 'the', 'crown']",9,it does not have a propellor above the crown,train,train,train,train,"[1, 23, 39, 40, 84, 26, 759, 346, 10, 606, 2, 0, 0, 0, 0, 0, 0, 0]",crown
3555,user_2105,Target has a brim and not a visor,3PWWM24LHURZ3YYBFDSL22N44CM289,59.0,ad672c08a646c7419cd3f9e8648111d1,cap,PartNet,463013adc207ca16eb5d382c7eb13b28,cap,PartNet,False,cap/PartNet/463013adc207ca16eb5d382c7eb13b28,cap/PartNet/ad672c08a646c7419cd3f9e8648111d1,False,hat,hat,0,"['target', 'has', 'a', 'brim', 'and', 'not', 'a', 'visor']",8,target has a brim and not a visor,train,train,train,train,"[1, 11, 24, 26, 601, 47, 40, 26, 605, 2, 0, 0, 0, 0, 0, 0, 0, 0]",brim
3558,user_2105,target has no design on top,31EUONYN2XWBLHJTA41S1TAFGF1VOV,32.0,8b2951e32e0906bb5f6cb4951755315c,cap,ShapeNet,b9c7e3530d7128abf0d11ae402ef940e,cap,PartNet,False,cap/PartNet/b9c7e3530d7128abf0d11ae402ef940e,cap/ShapeNet/8b2951e32e0906bb5f6cb4951755315c,True,hat,cap,0,"['target', 'has', 'no', 'design', 'on', 'top']",6,target has no design on top,train,train,train,train,"[1, 11, 24, 123, 192, 20, 99, 2, 0, 0, 0, 0, 0, 0, 0, 0, 0, 0]",crown
3559,user_786,"Its crown is conical, NOT cylindrical",3018Q3ZVOKJUQ68BR1R0Z1176RBRAO,68.0,6795f4e6300d5606e639776fc2bb6cca,cap,PartNet,26ded18f7b1ad4c83a444f07ecb8c124,cap,PartNet,False,cap/PartNet/26ded18f7b1ad4c83a444f07ecb8c124,cap/PartNet/6795f4e6300d5606e639776fc2bb6cca,False,hat,hat,0,"['its', 'crown', 'is', 'conical', 'not', 'cylindrical']",6,its crown is conical not cylindrical,train,train,train,train,"[1, 5, 606, 7, 399, 40, 176, 2, 0, 0, 0, 0, 0, 0, 0, 0, 0, 0]",crown
3560,user_1633,The target has a wider brim.,30BUDKLTXFO8BWRPAZGJSJM2ZOOE5W,23.0,6795f4e6300d5606e639776fc2bb6cca,cap,PartNet,26ded18f7b1ad4c83a444f07ecb8c124,cap,PartNet,False,cap/PartNet/26ded18f7b1ad4c83a444f07ecb8c124,cap/PartNet/6795f4e6300d5606e639776fc2bb6cca,False,hat,hat,0,"['the', 'target', 'has', 'a', 'wide', '-er', 'brim']",7,the target has a wide -er brim,train,train,train,train,"[1, 10, 11, 24, 26, 83, 9, 601, 2, 0, 0, 0, 0, 0, 0, 0, 0, 0]",brim
3561,user_1644,It is not a top hat.,36DSNE9QZ7R2UMJZTFN9Y5ZLLRLOJS,22.0,6795f4e6300d5606e639776fc2bb6cca,cap,PartNet,26ded18f7b1ad4c83a444f07ecb8c124,cap,PartNet,False,cap/PartNet/26ded18f7b1ad4c83a444f07ecb8c124,cap/PartNet/6795f4e6300d5606e639776fc2bb6cca,False,hat,hat,0,"['it', 'is', 'not', 'a', 'top', 'hat']",6,it is not a top hat,train,train,train,train,"[1, 23, 7, 40, 26, 99, 602, 2, 0, 0, 0, 0, 0, 0, 0, 0, 0, 0]",crown
3565,user_786,Its crown diameter is smaller,3NLZY2D53RIBAOKFBDRQ3P7D4H8LQZ,61.0,d243dfb497b2a51bf784e4a55df53109,cap,PartNet,3d8381bbd02ff8e23a579c3371197382,cap,PartNet,False,cap/PartNet/3d8381bbd02ff8e23a579c3371197382,cap/PartNet/d243dfb497b2a51bf784e4a55df53109,True,hat,hat,0,"['its', 'crown', 'diameter', 'is', 'small', '-er']",6,its crown diameter is small -er,train,train,train,train,"[1, 5, 606, 268, 7, 111, 9, 2, 0, 0, 0, 0, 0, 0, 0, 0, 0, 0]",crown
3566,user_1644,The crown is shorter.,36W0OB37HY7I2K2G7OV52QQAS3KZH0,21.0,d243dfb497b2a51bf784e4a55df53109,cap,PartNet,3d8381bbd02ff8e23a579c3371197382,cap,PartNet,False,cap/PartNet/3d8381bbd02ff8e23a579c3371197382,cap/PartNet/d243dfb497b2a51bf784e4a55df53109,True,hat,hat,0,"['the', 'crown', 'is', 'short', '-er']",5,the crown is short -er,train,train,train,train,"[1, 10, 606, 7, 8, 9, 2, 0, 0, 0, 0, 0, 0, 0, 0, 0, 0, 0]",crown
3567,user_1964,the brim is larger is surface area,33TIN5LC063PIOASDQ5UB2JK3W8Y9I,50.0,d243dfb497b2a51bf784e4a55df53109,cap,PartNet,3d8381bbd02ff8e23a579c3371197382,cap,PartNet,False,cap/PartNet/3d8381bbd02ff8e23a579c3371197382,cap/PartNet/d243dfb497b2a51bf784e4a55df53109,True,hat,hat,0,"['the', 'brim', 'is', 'large', '-er', 'is', 'surface', 'area']",8,the brim is large -er is surface area,train,train,train,train,"[1, 10, 601, 7, 94, 9, 7, 334, 590, 2, 0, 0, 0, 0, 0, 0, 0, 0]",brim
3568,user_203,The crown is not as tall.,3L0KT67Y8G97N36RMW5LSXOAVLDSY5,60.0,233a6e7c31de58a33d4bab39ff8346fd,cap,PartNet,b0b7e7e0e34b4f79487003545673a337,cap,PartNet,False,cap/PartNet/b0b7e7e0e34b4f79487003545673a337,cap/PartNet/233a6e7c31de58a33d4bab39ff8346fd,True,hat,hat,0,"['the', 'crown', 'is', 'not', 'as', 'tall']",6,the crown is not as tall,train,train,train,train,"[1, 10, 606, 7, 40, 52, 53, 2, 0, 0, 0, 0, 0, 0, 0, 0, 0, 0]",crown
3569,user_786,Its crown height is less,3TVRFO09GM8VJLLRXRMIXX361KVLXW,38.0,233a6e7c31de58a33d4bab39ff8346fd,cap,PartNet,b0b7e7e0e34b4f79487003545673a337,cap,PartNet,False,cap/PartNet/b0b7e7e0e34b4f79487003545673a337,cap/PartNet/233a6e7c31de58a33d4bab39ff8346fd,True,hat,hat,0,"['its', 'crown', 'height', 'is', 'less']",5,its crown height is less,train,train,train,train,"[1, 5, 606, 117, 7, 229, 2, 0, 0, 0, 0, 0, 0, 0, 0, 0, 0, 0]",crown
3570,user_920,The target's crown is shorter.,3VD82FOHKSHFM8DTJN6NB1MQV7DCO3,85.0,233a6e7c31de58a33d4bab39ff8346fd,cap,PartNet,b0b7e7e0e34b4f79487003545673a337,cap,PartNet,False,cap/PartNet/b0b7e7e0e34b4f79487003545673a337,cap/PartNet/233a6e7c31de58a33d4bab39ff8346fd,True,hat,hat,0,"['the', 'target', ""'s"", 'crown', 'is', 'short', '-er']",7,the target 's crown is short -er,train,train,train,train,"[1, 10, 11, 12, 606, 7, 8, 9, 2, 0, 0, 0, 0, 0, 0, 0, 0, 0]",crown
3577,user_90,It gas a shorter crown,3DH6GAKTY0I4OFS5HOZTOQLDI0JYZM,96.0,233a6e7c31de58a33d4bab39ff8346fd,cap,PartNet,a1194f613435ee2d8ffc94a6ce28be5e,cap,PartNet,False,cap/PartNet/a1194f613435ee2d8ffc94a6ce28be5e,cap/PartNet/233a6e7c31de58a33d4bab39ff8346fd,True,hat,hat,0,"['it', 'gas', 'a', 'short', '-er', 'crown']",6,it gas a short -er crown,train,train,train,train,"[1, 23, 763, 26, 8, 9, 606, 2, 0, 0, 0, 0, 0, 0, 0, 0, 0, 0]",crown
3578,user_1644,The crown is shorter.,3Z9WI9EOZ1HNDP3U7NSVFB2XOU7HKW,31.0,233a6e7c31de58a33d4bab39ff8346fd,cap,PartNet,a1194f613435ee2d8ffc94a6ce28be5e,cap,PartNet,False,cap/PartNet/a1194f613435ee2d8ffc94a6ce28be5e,cap/PartNet/233a6e7c31de58a33d4bab39ff8346fd,True,hat,hat,0,"['the', 'crown', 'is', 'short', '-er']",5,the crown is short -er,train,train,train,train,"[1, 10, 606, 7, 8, 9, 2, 0, 0, 0, 0, 0, 0, 0, 0, 0, 0, 0]",crown
3579,user_1964,the brim is thinner vertically,3F0BG9B9MRGL45MZYT7AX6SE86L7YG,32.0,233a6e7c31de58a33d4bab39ff8346fd,cap,PartNet,a1194f613435ee2d8ffc94a6ce28be5e,cap,PartNet,False,cap/PartNet/a1194f613435ee2d8ffc94a6ce28be5e,cap/PartNet/233a6e7c31de58a33d4bab39ff8346fd,True,hat,hat,0,"['the', 'brim', 'is', 'thin', '-er', 'vertically']",6,the brim is thin -er vertically,train,train,train,train,"[1, 10, 601, 7, 60, 9, 385, 2, 0, 0, 0, 0, 0, 0, 0, 0, 0, 0]",brim
3580,user_1143,The target has a more rounded top,3AUQQEL7U7MQI0RA8JZHBSEXIBE0V1,38.0,dc3e5c0457defe87a52821bf1aa3b19a,cap,ShapeNet,77e819e803f1fa8b616c08e4715af963,cap,PartNet,False,cap/PartNet/77e819e803f1fa8b616c08e4715af963,cap/ShapeNet/dc3e5c0457defe87a52821bf1aa3b19a,False,hat,cap,0,"['the', 'target', 'has', 'a', 'more', 'rounded', 'top']",7,the target has a more rounded top,train,train,train,train,"[1, 10, 11, 24, 26, 34, 48, 99, 2, 0, 0, 0, 0, 0, 0, 0, 0, 0]",crown
3581,user_1633,"The target has a brim, not a visor.",37KGEN7NJ5JG1XYY3S58K1QN4VNPPA,29.0,dc3e5c0457defe87a52821bf1aa3b19a,cap,ShapeNet,77e819e803f1fa8b616c08e4715af963,cap,PartNet,False,cap/PartNet/77e819e803f1fa8b616c08e4715af963,cap/ShapeNet/dc3e5c0457defe87a52821bf1aa3b19a,False,hat,cap,0,"['the', 'target', 'has', 'a', 'brim', 'not', 'a', 'visor']",8,the target has a brim not a visor,train,train,train,train,"[1, 10, 11, 24, 26, 601, 40, 26, 605, 2, 0, 0, 0, 0, 0, 0, 0, 0]",brim
3586,user_203,The crown is not dome shaped.,3IHR8NYAM9UUC4CF58DKH3FSD004P9,228.0,647864ea6669f539379c6a1d59ef7283,cap,PartNet,a826c25abe5d1e4b6c57e21624dd9952,cap,PartNet,False,cap/PartNet/a826c25abe5d1e4b6c57e21624dd9952,cap/PartNet/647864ea6669f539379c6a1d59ef7283,False,hat,hat,0,"['the', 'crown', 'is', 'not', 'dome', 'shaped']",6,the crown is not dome shaped,train,train,train,train,"[1, 10, 606, 7, 40, 159, 14, 2, 0, 0, 0, 0, 0, 0, 0, 0, 0, 0]",crown
3588,user_1644,The crown is not as rounded at the top.,3NG53N1RLXCVV5ZHHB3XYFVXFLNP8Q,257.0,647864ea6669f539379c6a1d59ef7283,cap,PartNet,a826c25abe5d1e4b6c57e21624dd9952,cap,PartNet,False,cap/PartNet/a826c25abe5d1e4b6c57e21624dd9952,cap/PartNet/647864ea6669f539379c6a1d59ef7283,False,hat,hat,0,"['the', 'crown', 'is', 'not', 'as', 'rounded', 'at', 'the', 'top']",9,the crown is not as rounded at the top,train,train,train,train,"[1, 10, 606, 7, 40, 52, 48, 98, 10, 99, 2, 0, 0, 0, 0, 0, 0, 0]",crown
3596,user_1633,The target is flat on top.,3AQF3RZ55ABW0ERZATAU27L27KAF6R,26.0,81d58b65303dc155a8963fe61f2bc75f,cap,PartNet,58951c10aaeeff2afe8474bfd438f6d8,cap,PartNet,False,cap/PartNet/58951c10aaeeff2afe8474bfd438f6d8,cap/PartNet/81d58b65303dc155a8963fe61f2bc75f,False,hat,hat,0,"['the', 'target', 'is', 'flat', 'on', 'top']",6,the target is flat on top,train,train,train,train,"[1, 10, 11, 7, 129, 20, 99, 2, 0, 0, 0, 0, 0, 0, 0, 0, 0, 0]",crown
3598,user_203,The crown is taller.,3X65QVEQI2G7GNAW6VQVJKIW03NLCC,42.0,47d13a0b345864a7f72b7502ead7387b,cap,PartNet,d874bb309edb91e04e5a22e049c207b1,cap,PartNet,False,cap/PartNet/d874bb309edb91e04e5a22e049c207b1,cap/PartNet/47d13a0b345864a7f72b7502ead7387b,False,hat,hat,0,"['the', 'crown', 'is', 'tall', '-er']",5,the crown is tall -er,train,train,train,train,"[1, 10, 606, 7, 53, 9, 2, 0, 0, 0, 0, 0, 0, 0, 0, 0, 0, 0]",crown
3599,user_1143,The target has a flat top,39GHHAVOMHKYQT9HAV80K7TG40MJ4E,27.0,47d13a0b345864a7f72b7502ead7387b,cap,PartNet,d874bb309edb91e04e5a22e049c207b1,cap,PartNet,False,cap/PartNet/d874bb309edb91e04e5a22e049c207b1,cap/PartNet/47d13a0b345864a7f72b7502ead7387b,False,hat,hat,0,"['the', 'target', 'has', 'a', 'flat', 'top']",6,the target has a flat top,train,train,train,train,"[1, 10, 11, 24, 26, 129, 99, 2, 0, 0, 0, 0, 0, 0, 0, 0, 0, 0]",crown
3600,user_1633,The target has a brim.,336YQZE83X76NKJ2RX425RRB8QC5M9,26.0,47d13a0b345864a7f72b7502ead7387b,cap,PartNet,d874bb309edb91e04e5a22e049c207b1,cap,PartNet,False,cap/PartNet/d874bb309edb91e04e5a22e049c207b1,cap/PartNet/47d13a0b345864a7f72b7502ead7387b,False,hat,hat,0,"['the', 'target', 'has', 'a', 'brim']",5,the target has a brim,train,train,train,train,"[1, 10, 11, 24, 26, 601, 2, 0, 0, 0, 0, 0, 0, 0, 0, 0, 0, 0]",brim
3603,user_2105,target has larger crown,36W0OB37HY7I2K2G7OV52QQAS4SZHA,36.0,90c6bffdc81cedbeb80102c6e0a7618a,cap,ShapeNet,89717260f663fe13a9d8b37b5c73935c,cap,ShapeNet,False,cap/ShapeNet/89717260f663fe13a9d8b37b5c73935c,cap/ShapeNet/90c6bffdc81cedbeb80102c6e0a7618a,True,cap,cap,0,"['target', 'has', 'large', '-er', 'crown']",5,target has large -er crown,train,train,train,train,"[1, 11, 24, 94, 9, 606, 2, 0, 0, 0, 0, 0, 0, 0, 0, 0, 0, 0]",crown
3604,user_1633,The target is a top hat.,3Y54SXRO1NERLUZ11VDMZHEJ1FZUTF,40.0,2b1a1d63bd7e931c12a8043ef6529707,cap,PartNet,c49d544f3743bc08d23279d7571c8868,cap,PartNet,False,cap/PartNet/c49d544f3743bc08d23279d7571c8868,cap/PartNet/2b1a1d63bd7e931c12a8043ef6529707,False,hat,hat,0,"['the', 'target', 'is', 'a', 'top', 'hat']",6,the target is a top hat,train,train,train,train,"[1, 10, 11, 7, 26, 99, 602, 2, 0, 0, 0, 0, 0, 0, 0, 0, 0, 0]",crown
3605,user_1644,The crown is taller.,3CTOC39K39JV9GR0CT67NJDQV2BJ7X,27.0,2b1a1d63bd7e931c12a8043ef6529707,cap,PartNet,c49d544f3743bc08d23279d7571c8868,cap,PartNet,False,cap/PartNet/c49d544f3743bc08d23279d7571c8868,cap/PartNet/2b1a1d63bd7e931c12a8043ef6529707,False,hat,hat,0,"['the', 'crown', 'is', 'tall', '-er']",5,the crown is tall -er,train,train,train,train,"[1, 10, 606, 7, 53, 9, 2, 0, 0, 0, 0, 0, 0, 0, 0, 0, 0, 0]",crown
3606,user_2105,target is a top hat,3VZLGYJEYN3FOA2VCSDR5CE4GUBZX3,35.0,2b1a1d63bd7e931c12a8043ef6529707,cap,PartNet,c49d544f3743bc08d23279d7571c8868,cap,PartNet,False,cap/PartNet/c49d544f3743bc08d23279d7571c8868,cap/PartNet/2b1a1d63bd7e931c12a8043ef6529707,False,hat,hat,0,"['target', 'is', 'a', 'top', 'hat']",5,target is a top hat,train,train,train,train,"[1, 11, 7, 26, 99, 602, 2, 0, 0, 0, 0, 0, 0, 0, 0, 0, 0, 0]",crown
3607,user_1143,The target has a shallower brim,31EUONYN2XWBLHJTA41S1TAFGETVOL,38.0,233a6e7c31de58a33d4bab39ff8346fd,cap,PartNet,98698fc854d6a919a163a814bd04d6,cap,PartNet,False,cap/PartNet/98698fc854d6a919a163a814bd04d6,cap/PartNet/233a6e7c31de58a33d4bab39ff8346fd,True,hat,hat,0,"['the', 'target', 'has', 'a', 'shallow', '-er', 'brim']",7,the target has a shallow -er brim,train,train,train,train,"[1, 10, 11, 24, 26, 713, 9, 601, 2, 0, 0, 0, 0, 0, 0, 0, 0, 0]",brim
3608,user_1644,The crown is taller.,3ZGVPD4G6VA87TTB7ICUG9TY3YZZTW,20.0,233a6e7c31de58a33d4bab39ff8346fd,cap,PartNet,98698fc854d6a919a163a814bd04d6,cap,PartNet,False,cap/PartNet/98698fc854d6a919a163a814bd04d6,cap/PartNet/233a6e7c31de58a33d4bab39ff8346fd,True,hat,hat,0,"['the', 'crown', 'is', 'tall', '-er']",5,the crown is tall -er,train,train,train,train,"[1, 10, 606, 7, 53, 9, 2, 0, 0, 0, 0, 0, 0, 0, 0, 0, 0, 0]",crown
3609,user_1964,the brim is smaller,3X0H8UUIT3H3YYBR7VNX703UKCYSWP,26.0,233a6e7c31de58a33d4bab39ff8346fd,cap,PartNet,98698fc854d6a919a163a814bd04d6,cap,PartNet,False,cap/PartNet/98698fc854d6a919a163a814bd04d6,cap/PartNet/233a6e7c31de58a33d4bab39ff8346fd,True,hat,hat,0,"['the', 'brim', 'is', 'small', '-er']",5,the brim is small -er,train,train,train,train,"[1, 10, 601, 7, 111, 9, 2, 0, 0, 0, 0, 0, 0, 0, 0, 0, 0, 0]",brim
3612,user_1644,The crown is taller.,3NPFYT4IZEXFXT7QM0P2K5YY539XG2,14.0,a4ad860de76ad2b52a2d94519249662c,cap,PartNet,f567a4a2bc30d0ca18a6353ea60f11b6,cap,PartNet,False,cap/PartNet/f567a4a2bc30d0ca18a6353ea60f11b6,cap/PartNet/a4ad860de76ad2b52a2d94519249662c,True,hat,hat,0,"['the', 'crown', 'is', 'tall', '-er']",5,the crown is tall -er,train,train,train,train,"[1, 10, 606, 7, 53, 9, 2, 0, 0, 0, 0, 0, 0, 0, 0, 0, 0, 0]",crown
3613,user_786,"Its crown shape is cylindrical, NOT conical",3SPJ033423WEO0N1Z2W70WXNZ2RYJM,93.0,26239157c6539065895d3362333efa72,cap,PartNet,d0313cadc2b4b2cc1372a4afda9e2f07,cap,PartNet,False,cap/PartNet/d0313cadc2b4b2cc1372a4afda9e2f07,cap/PartNet/26239157c6539065895d3362333efa72,False,hat,hat,0,"['its', 'crown', 'shape', 'is', 'cylindrical', 'not', 'conical']",7,its crown shape is cylindrical not conical,train,train,train,train,"[1, 5, 606, 93, 7, 176, 40, 399, 2, 0, 0, 0, 0, 0, 0, 0, 0, 0]",crown
3614,user_1644,It is a top hat.,30OG32W0SW4C1LXVEZC5M0MOQ9LENJ,18.0,26239157c6539065895d3362333efa72,cap,PartNet,d0313cadc2b4b2cc1372a4afda9e2f07,cap,PartNet,False,cap/PartNet/d0313cadc2b4b2cc1372a4afda9e2f07,cap/PartNet/26239157c6539065895d3362333efa72,False,hat,hat,0,"['it', 'is', 'a', 'top', 'hat']",5,it is a top hat,train,train,train,train,"[1, 23, 7, 26, 99, 602, 2, 0, 0, 0, 0, 0, 0, 0, 0, 0, 0, 0]",crown
3615,user_2089,It is a top hat.,30MVJZJNHO6ZNZFTRQ4R1F4WQS59J5,318.0,26239157c6539065895d3362333efa72,cap,PartNet,d0313cadc2b4b2cc1372a4afda9e2f07,cap,PartNet,False,cap/PartNet/d0313cadc2b4b2cc1372a4afda9e2f07,cap/PartNet/26239157c6539065895d3362333efa72,False,hat,hat,0,"['it', 'is', 'a', 'top', 'hat']",5,it is a top hat,train,train,train,train,"[1, 23, 7, 26, 99, 602, 2, 0, 0, 0, 0, 0, 0, 0, 0, 0, 0, 0]",crown
3619,user_1489,It has a brim,382M9COHEJ8PWBH4B0OR0VEIY6NUE2,80.0,6f93656d083e985465bae2cb33eb4baa,cap,ShapeNet,5eb9ab53213f5fff4e09ebaf49b0cb2f,cap,ShapeNet,False,cap/ShapeNet/5eb9ab53213f5fff4e09ebaf49b0cb2f,cap/ShapeNet/6f93656d083e985465bae2cb33eb4baa,False,cap,cap,0,"['it', 'has', 'a', 'brim']",4,it has a brim,train,train,train,train,"[1, 23, 24, 26, 601, 2, 0, 0, 0, 0, 0, 0, 0, 0, 0, 0, 0, 0]",brim
3620,user_1633,The target has a brim.,3300DTYQT4AX4IANUR4MQUHTVK7QEH,25.0,6f93656d083e985465bae2cb33eb4baa,cap,ShapeNet,5eb9ab53213f5fff4e09ebaf49b0cb2f,cap,ShapeNet,False,cap/ShapeNet/5eb9ab53213f5fff4e09ebaf49b0cb2f,cap/ShapeNet/6f93656d083e985465bae2cb33eb4baa,False,cap,cap,0,"['the', 'target', 'has', 'a', 'brim']",5,the target has a brim,train,train,train,train,"[1, 10, 11, 24, 26, 601, 2, 0, 0, 0, 0, 0, 0, 0, 0, 0, 0, 0]",brim
3621,user_1644,It has a brim.,3PEIJLRY6VMBUFXQ15TK68KMZRZWX0,31.0,6f93656d083e985465bae2cb33eb4baa,cap,ShapeNet,5eb9ab53213f5fff4e09ebaf49b0cb2f,cap,ShapeNet,False,cap/ShapeNet/5eb9ab53213f5fff4e09ebaf49b0cb2f,cap/ShapeNet/6f93656d083e985465bae2cb33eb4baa,False,cap,cap,0,"['it', 'has', 'a', 'brim']",4,it has a brim,train,train,train,train,"[1, 23, 24, 26, 601, 2, 0, 0, 0, 0, 0, 0, 0, 0, 0, 0, 0, 0]",brim
3623,user_786,Its crown height is about the same as its crown diameter,3NGI5ARFTVYDK5FWIQUIJ58P1GD1PG,126.0,a0ab4dc115f1b4f3b26ac8618c0d5a9,cap,PartNet,60153b9c1dc500a93d8dd242efdcdeb,cap,PartNet,False,cap/PartNet/60153b9c1dc500a93d8dd242efdcdeb,cap/PartNet/a0ab4dc115f1b4f3b26ac8618c0d5a9,True,hat,hat,0,"['its', 'crown', 'height', 'is', 'about', 'the', 'same', 'as', 'its', 'crown', 'diameter']",11,its crown height is about the same as its crown diameter,train,train,train,train,"[1, 5, 606, 117, 7, 519, 10, 300, 52, 5, 606, 268, 2, 0, 0, 0, 0, 0]",crown
3624,user_2105,target has taller height crown,3OSWBBLG1GQCL9XZKAOUEKV1SCKDX1,42.0,a0ab4dc115f1b4f3b26ac8618c0d5a9,cap,PartNet,60153b9c1dc500a93d8dd242efdcdeb,cap,PartNet,False,cap/PartNet/60153b9c1dc500a93d8dd242efdcdeb,cap/PartNet/a0ab4dc115f1b4f3b26ac8618c0d5a9,True,hat,hat,0,"['target', 'has', 'tall', '-er', 'height', 'crown']",6,target has tall -er height crown,train,train,train,train,"[1, 11, 24, 53, 9, 117, 606, 2, 0, 0, 0, 0, 0, 0, 0, 0, 0, 0]",crown
3631,user_786,"It has an encircling brim, NOT a front-only visor",3P59JYT76NDI1IQZIB3GTYJRIPO2TF,40.0,deb19c41bc1e4ba5c8727b27ee96a4b7,cap,PartNet,f0e597e2061f61c8e55ab527568c9127,cap,PartNet,False,cap/PartNet/f0e597e2061f61c8e55ab527568c9127,cap/PartNet/deb19c41bc1e4ba5c8727b27ee96a4b7,False,hat,hat,0,"['it', 'has', 'an', 'encircling', 'brim', 'not', 'a', 'front', 'only', 'visor']",10,it has an encircling brim not a front only visor,train,train,train,train,"[1, 23, 24, 72, 625, 601, 40, 26, 37, 133, 605, 2, 0, 0, 0, 0, 0, 0]",brim
3632,user_1644,The crown is shorter.,3ND9UOO81MVGULG1NMQWVEPZSIPWLE,35.0,deb19c41bc1e4ba5c8727b27ee96a4b7,cap,PartNet,f0e597e2061f61c8e55ab527568c9127,cap,PartNet,False,cap/PartNet/f0e597e2061f61c8e55ab527568c9127,cap/PartNet/deb19c41bc1e4ba5c8727b27ee96a4b7,False,hat,hat,0,"['the', 'crown', 'is', 'short', '-er']",5,the crown is short -er,train,train,train,train,"[1, 10, 606, 7, 8, 9, 2, 0, 0, 0, 0, 0, 0, 0, 0, 0, 0, 0]",crown
3633,user_1964,the brim is a circle,30JNVC0ORBD9OS1PKSCSBXE6N0ZQHX,35.0,deb19c41bc1e4ba5c8727b27ee96a4b7,cap,PartNet,f0e597e2061f61c8e55ab527568c9127,cap,PartNet,False,cap/PartNet/f0e597e2061f61c8e55ab527568c9127,cap/PartNet/deb19c41bc1e4ba5c8727b27ee96a4b7,False,hat,hat,0,"['the', 'brim', 'is', 'a', 'circle']",5,the brim is a circle,train,train,train,train,"[1, 10, 601, 7, 26, 149, 2, 0, 0, 0, 0, 0, 0, 0, 0, 0, 0, 0]",brim
3634,user_786,"Its crown is cylindrical, NOT hemispherical",337RC3OW07V3FWGWXCL09C6LL9NVL3,80.0,2b1a1d63bd7e931c12a8043ef6529707,cap,PartNet,a4ad860de76ad2b52a2d94519249662c,cap,PartNet,False,cap/PartNet/a4ad860de76ad2b52a2d94519249662c,cap/PartNet/2b1a1d63bd7e931c12a8043ef6529707,False,hat,hat,0,"['its', 'crown', 'is', 'cylindrical', 'not', 'hemispherical']",6,its crown is cylindrical not hemispherical,train,train,train,train,"[1, 5, 606, 7, 176, 40, 680, 2, 0, 0, 0, 0, 0, 0, 0, 0, 0, 0]",crown
3635,user_865,Target is a 19 century top hat,336YQZE83X76NKJ2RX425RRB8QG5MD,934.0,2b1a1d63bd7e931c12a8043ef6529707,cap,PartNet,a4ad860de76ad2b52a2d94519249662c,cap,PartNet,False,cap/PartNet/a4ad860de76ad2b52a2d94519249662c,cap/PartNet/2b1a1d63bd7e931c12a8043ef6529707,False,hat,hat,0,"['target', 'is', 'a', 'nineteen', 'century', 'top', 'hat']",7,target is a nineteen century top hat,train,train,train,train,"[1, 11, 7, 26, 767, 768, 99, 602, 2, 0, 0, 0, 0, 0, 0, 0, 0, 0]",crown
3636,user_1644,It is a top hat.,3CN4LGXD5ZHOLI4GWV93UU84H4Y4YW,23.0,2b1a1d63bd7e931c12a8043ef6529707,cap,PartNet,a4ad860de76ad2b52a2d94519249662c,cap,PartNet,False,cap/PartNet/a4ad860de76ad2b52a2d94519249662c,cap/PartNet/2b1a1d63bd7e931c12a8043ef6529707,False,hat,hat,0,"['it', 'is', 'a', 'top', 'hat']",5,it is a top hat,train,train,train,train,"[1, 23, 7, 26, 99, 602, 2, 0, 0, 0, 0, 0, 0, 0, 0, 0, 0, 0]",crown
3637,user_786,"Its crown is cylindrical, NOT slanted conical",3DOCMVPBTP7GVRA87YFOCNGX41LNNG,54.0,72877ec0bb0b921fb10e410f6c99c299,cap,PartNet,a14ab9b478087ce6b56d92c5d7b06038,cap,PartNet,False,cap/PartNet/a14ab9b478087ce6b56d92c5d7b06038,cap/PartNet/72877ec0bb0b921fb10e410f6c99c299,False,hat,hat,0,"['its', 'crown', 'is', 'cylindrical', 'not', 'slanted', 'conical']",7,its crown is cylindrical not slanted conical,train,train,train,train,"[1, 5, 606, 7, 176, 40, 674, 399, 2, 0, 0, 0, 0, 0, 0, 0, 0, 0]",crown
3638,user_1143,The target has a flat top,31HQ4X3T3U3NN4ZS3HGVYPMEM5ULSP,27.0,72877ec0bb0b921fb10e410f6c99c299,cap,PartNet,a14ab9b478087ce6b56d92c5d7b06038,cap,PartNet,False,cap/PartNet/a14ab9b478087ce6b56d92c5d7b06038,cap/PartNet/72877ec0bb0b921fb10e410f6c99c299,False,hat,hat,0,"['the', 'target', 'has', 'a', 'flat', 'top']",6,the target has a flat top,train,train,train,train,"[1, 10, 11, 24, 26, 129, 99, 2, 0, 0, 0, 0, 0, 0, 0, 0, 0, 0]",crown
3639,user_1964,the top is not conical,3GS6S824SSQ6ILJMZZ6B86TOXDPNW7,24.0,72877ec0bb0b921fb10e410f6c99c299,cap,PartNet,a14ab9b478087ce6b56d92c5d7b06038,cap,PartNet,False,cap/PartNet/a14ab9b478087ce6b56d92c5d7b06038,cap/PartNet/72877ec0bb0b921fb10e410f6c99c299,False,hat,hat,0,"['the', 'top', 'is', 'not', 'conical']",5,the top is not conical,train,train,train,train,"[1, 10, 99, 7, 40, 399, 2, 0, 0, 0, 0, 0, 0, 0, 0, 0, 0, 0]",crown
3641,user_1633,The target is flat on top.,3ZPPDN2SLXPRCJT1DPT04ZR4LK3E9J,20.0,d5cdba69afacdbf19393051c3324a45f,cap,PartNet,afa620df377ea0cb84c9f423db9b48d7,cap,PartNet,False,cap/PartNet/afa620df377ea0cb84c9f423db9b48d7,cap/PartNet/d5cdba69afacdbf19393051c3324a45f,False,hat,hat,0,"['the', 'target', 'is', 'flat', 'on', 'top']",6,the target is flat on top,train,train,train,train,"[1, 10, 11, 7, 129, 20, 99, 2, 0, 0, 0, 0, 0, 0, 0, 0, 0, 0]",crown
3642,user_1964,the top is flat,3EA3QWIZ4KOMC3417EO8GEQ87KETI8,35.0,d5cdba69afacdbf19393051c3324a45f,cap,PartNet,afa620df377ea0cb84c9f423db9b48d7,cap,PartNet,False,cap/PartNet/afa620df377ea0cb84c9f423db9b48d7,cap/PartNet/d5cdba69afacdbf19393051c3324a45f,False,hat,hat,0,"['the', 'top', 'is', 'flat']",4,the top is flat,train,train,train,train,"[1, 10, 99, 7, 129, 2, 0, 0, 0, 0, 0, 0, 0, 0, 0, 0, 0, 0]",crown
3643,user_786,Its crown is less tall,3P1L2B7AD3I8PC7ZW0ZMEKCDPGTOLX,63.0,e1c16d76fa8d0289bcbb5732017b0d93,cap,PartNet,c2cf2cf35d08662945c5fa74440a4519,cap,PartNet,False,cap/PartNet/c2cf2cf35d08662945c5fa74440a4519,cap/PartNet/e1c16d76fa8d0289bcbb5732017b0d93,True,hat,hat,0,"['its', 'crown', 'is', 'less', 'tall']",5,its crown is less tall,train,train,train,train,"[1, 5, 606, 7, 229, 53, 2, 0, 0, 0, 0, 0, 0, 0, 0, 0, 0, 0]",crown
3646,user_786,Its crown's bottom half has more vertical sides,3SITXWYCNX2J6CZF6EXOJU71PQGXBK,42.0,62d4f8a7a8a1dc619ba80f08c401fbed,cap,PartNet,90c6bffdc81cedbeb80102c6e0a7618a,cap,ShapeNet,False,cap/ShapeNet/90c6bffdc81cedbeb80102c6e0a7618a,cap/PartNet/62d4f8a7a8a1dc619ba80f08c401fbed,True,cap,hat,0,"['its', 'crown', ""'s"", 'bottom', 'half', 'has', 'more', 'vertical', 'sides']",9,its crown 's bottom half has more vertical sides,train,train,train,train,"[1, 5, 606, 12, 76, 158, 24, 34, 283, 360, 2, 0, 0, 0, 0, 0, 0, 0]",crown
3650,user_1644,The crown is taller.,35DR22AR5FDE3HV2RLII1B9P1ZOX3G,31.0,8173b6a303d2888671b99e20c1071f6c,cap,PartNet,a4f94067b0ec9608e762cf5917cef4ef,cap,ShapeNet,False,cap/ShapeNet/a4f94067b0ec9608e762cf5917cef4ef,cap/PartNet/8173b6a303d2888671b99e20c1071f6c,False,cap,hat,0,"['the', 'crown', 'is', 'tall', '-er']",5,the crown is tall -er,train,train,train,train,"[1, 10, 606, 7, 53, 9, 2, 0, 0, 0, 0, 0, 0, 0, 0, 0, 0, 0]",crown
3651,user_2105,target has button on top of crown,3QAVNHZ3EOXJN8DYMHU4DPS800FLAN,30.0,8173b6a303d2888671b99e20c1071f6c,cap,PartNet,a4f94067b0ec9608e762cf5917cef4ef,cap,ShapeNet,False,cap/ShapeNet/a4f94067b0ec9608e762cf5917cef4ef,cap/PartNet/8173b6a303d2888671b99e20c1071f6c,False,cap,hat,0,"['target', 'has', 'button', 'on', 'top', 'of', 'crown']",7,target has button on top of crown,train,train,train,train,"[1, 11, 24, 596, 20, 99, 38, 606, 2, 0, 0, 0, 0, 0, 0, 0, 0, 0]",crown
3654,user_1644,The crown is taller.,36DSNE9QZ7R2UMJZTFN9Y5ZLLRLJON,50.0,a57904de1983cae924631548b4ffd8b4,cap,PartNet,889204300c03ae7dc8687ff9b0b4e4ac,cap,PartNet,False,cap/PartNet/889204300c03ae7dc8687ff9b0b4e4ac,cap/PartNet/a57904de1983cae924631548b4ffd8b4,True,hat,hat,0,"['the', 'crown', 'is', 'tall', '-er']",5,the crown is tall -er,train,train,train,train,"[1, 10, 606, 7, 53, 9, 2, 0, 0, 0, 0, 0, 0, 0, 0, 0, 0, 0]",crown
3664,user_1529,There is a brim that goes all the way around.,3YW4XOSQKSEQCANSZCTCTBVO9W8U16,186.0,c721e05c676faf20a9aa61915b4add2d,cap,PartNet,223e336d3f1490e4ecaafbe064b13083,cap,PartNet,False,cap/PartNet/223e336d3f1490e4ecaafbe064b13083,cap/PartNet/c721e05c676faf20a9aa61915b4add2d,False,hat,hat,0,"['there', 'is', 'a', 'brim', 'that', 'goes', 'all', 'the', 'way', 'around']",10,there is a brim that goes all the way around,test,train,test,train,"[1, 15, 7, 26, 601, 172, 394, 367, 10, 471, 239, 2, 0, 0, 0, 0, 0, 0]",brim
3665,user_1644,It is a top hat.,3KIBXJ1WD7NX56PHB0NLZKZY0GLOKR,16.0,c721e05c676faf20a9aa61915b4add2d,cap,PartNet,223e336d3f1490e4ecaafbe064b13083,cap,PartNet,False,cap/PartNet/223e336d3f1490e4ecaafbe064b13083,cap/PartNet/c721e05c676faf20a9aa61915b4add2d,False,hat,hat,0,"['it', 'is', 'a', 'top', 'hat']",5,it is a top hat,test,train,test,train,"[1, 23, 7, 26, 99, 602, 2, 0, 0, 0, 0, 0, 0, 0, 0, 0, 0, 0]",crown
3666,user_1689,The target has a taller crown.,3QEMNNSB2ZSI6UR82XKWKLIDQIDD7C,86.0,c721e05c676faf20a9aa61915b4add2d,cap,PartNet,223e336d3f1490e4ecaafbe064b13083,cap,PartNet,False,cap/PartNet/223e336d3f1490e4ecaafbe064b13083,cap/PartNet/c721e05c676faf20a9aa61915b4add2d,False,hat,hat,0,"['the', 'target', 'has', 'a', 'tall', '-er', 'crown']",7,the target has a tall -er crown,test,train,test,train,"[1, 10, 11, 24, 26, 53, 9, 606, 2, 0, 0, 0, 0, 0, 0, 0, 0, 0]",crown
3669,user_1644,The crown is more pointed.,3WOKGM4L739VSGID77D3G0KPMIG0OY,37.0,34dfb5af71b1f327e21800cd80ebb26f,cap,PartNet,e21bf79cf940999fecaafbe064b13083,cap,PartNet,False,cap/PartNet/e21bf79cf940999fecaafbe064b13083,cap/PartNet/34dfb5af71b1f327e21800cd80ebb26f,False,hat,hat,0,"['the', 'crown', 'is', 'more', 'pointed']",5,the crown is more pointed,train,train,train,train,"[1, 10, 606, 7, 34, 387, 2, 0, 0, 0, 0, 0, 0, 0, 0, 0, 0, 0]",crown
3670,user_786,"Its crown is dome shaped, NOT cylindrical",3FE2ERCCZZ1YGXMXOSSTV1LXUQRPOT,44.0,569bfc3e920022e5561c6ec5086cfea5,cap,PartNet,ffa613d91ac07e38284432ce2f42f498,cap,PartNet,False,cap/PartNet/ffa613d91ac07e38284432ce2f42f498,cap/PartNet/569bfc3e920022e5561c6ec5086cfea5,False,hat,hat,0,"['its', 'crown', 'is', 'dome', 'shaped', 'not', 'cylindrical']",7,its crown is dome shaped not cylindrical,train,train,train,train,"[1, 5, 606, 7, 159, 14, 40, 176, 2, 0, 0, 0, 0, 0, 0, 0, 0, 0]",crown
3674,user_920,The target is pointed on top.,3HWRJOOET7V9HYP0MVTRLUWUD8TSE9,24.0,3dec0d851cba045fbf444790f25ea3db,cap,ShapeNet,d04969c7d57ca56d3bdc1484b50b0501,cap,PartNet,False,cap/PartNet/d04969c7d57ca56d3bdc1484b50b0501,cap/ShapeNet/3dec0d851cba045fbf444790f25ea3db,False,hat,cap,0,"['the', 'target', 'is', 'pointed', 'on', 'top']",6,the target is pointed on top,train,train,train,train,"[1, 10, 11, 7, 387, 20, 99, 2, 0, 0, 0, 0, 0, 0, 0, 0, 0, 0]",crown
3676,user_786,Its crown is taller,33CUSNVVNP5APD00VU1MCT07QCW880,67.0,587e59afe62ea145f0d11ae402ef940e,cap,PartNet,b88c6b7e33b1a7346c9866e8b1b4fc12,cap,PartNet,False,cap/PartNet/b88c6b7e33b1a7346c9866e8b1b4fc12,cap/PartNet/587e59afe62ea145f0d11ae402ef940e,False,hat,hat,0,"['its', 'crown', 'is', 'tall', '-er']",5,its crown is tall -er,val,train,val,train,"[1, 5, 606, 7, 53, 9, 2, 0, 0, 0, 0, 0, 0, 0, 0, 0, 0, 0]",crown
3677,user_1135,The target hat has a taller crown.,3SUWZRL0M064U0R3FIQOKP02VKN6EU,105.0,587e59afe62ea145f0d11ae402ef940e,cap,PartNet,b88c6b7e33b1a7346c9866e8b1b4fc12,cap,PartNet,False,cap/PartNet/b88c6b7e33b1a7346c9866e8b1b4fc12,cap/PartNet/587e59afe62ea145f0d11ae402ef940e,False,hat,hat,0,"['the', 'target', 'hat', 'has', 'a', 'tall', '-er', 'crown']",8,the target hat has a tall -er crown,val,train,val,train,"[1, 10, 11, 602, 24, 26, 53, 9, 606, 2, 0, 0, 0, 0, 0, 0, 0, 0]",crown
3679,user_927,The hat is more of a tophat,3KWTYT0872WMH21HRL3N5ECM8LK5L5,172.0,f0e597e2061f61c8e55ab527568c9127,cap,PartNet,aa9fa261b2643eec750b99f712bb1b4,cap,PartNet,False,cap/PartNet/aa9fa261b2643eec750b99f712bb1b4,cap/PartNet/f0e597e2061f61c8e55ab527568c9127,False,hat,hat,0,"['the', 'hat', 'is', 'more', 'of', 'a', 'tophet']",7,the hat is more of a tophet,train,train,train,train,"[1, 10, 602, 7, 34, 38, 26, 695, 2, 0, 0, 0, 0, 0, 0, 0, 0, 0]",crown
3680,user_1644,It is a top hat.,3300DTYQT4AX4IANUR4MQUHTVK8EQ6,20.0,f0e597e2061f61c8e55ab527568c9127,cap,PartNet,aa9fa261b2643eec750b99f712bb1b4,cap,PartNet,False,cap/PartNet/aa9fa261b2643eec750b99f712bb1b4,cap/PartNet/f0e597e2061f61c8e55ab527568c9127,False,hat,hat,0,"['it', 'is', 'a', 'top', 'hat']",5,it is a top hat,train,train,train,train,"[1, 23, 7, 26, 99, 602, 2, 0, 0, 0, 0, 0, 0, 0, 0, 0, 0, 0]",crown
3681,user_2105,target is a top hat,3JC6VJ2SADC5LJADUUEXW0WBEAF5AJ,38.0,f0e597e2061f61c8e55ab527568c9127,cap,PartNet,aa9fa261b2643eec750b99f712bb1b4,cap,PartNet,False,cap/PartNet/aa9fa261b2643eec750b99f712bb1b4,cap/PartNet/f0e597e2061f61c8e55ab527568c9127,False,hat,hat,0,"['target', 'is', 'a', 'top', 'hat']",5,target is a top hat,train,train,train,train,"[1, 11, 7, 26, 99, 602, 2, 0, 0, 0, 0, 0, 0, 0, 0, 0, 0, 0]",crown
3685,user_203,The edge of the brim is higher.,35K3O9HUAD60DTKEGBTSEVDFOJHFEX,72.0,61aae9be231d6c263dc5b29818b9b22e,cap,PartNet,28fed983822a01dad2fd23ca8db6845b,cap,PartNet,False,cap/PartNet/28fed983822a01dad2fd23ca8db6845b,cap/PartNet/61aae9be231d6c263dc5b29818b9b22e,True,hat,hat,0,"['the', 'edge', 'of', 'the', 'brim', 'is', 'high', '-er']",8,the edge of the brim is high -er,train,train,train,train,"[1, 10, 631, 38, 10, 601, 7, 49, 9, 2, 0, 0, 0, 0, 0, 0, 0, 0]",brim
3686,user_786,Its conical crown is taller,3W8CV64QJ4S3WTK33Q16P2OHD12H9B,99.0,61aae9be231d6c263dc5b29818b9b22e,cap,PartNet,28fed983822a01dad2fd23ca8db6845b,cap,PartNet,False,cap/PartNet/28fed983822a01dad2fd23ca8db6845b,cap/PartNet/61aae9be231d6c263dc5b29818b9b22e,True,hat,hat,0,"['its', 'conical', 'crown', 'is', 'tall', '-er']",6,its conical crown is tall -er,train,train,train,train,"[1, 5, 399, 606, 7, 53, 9, 2, 0, 0, 0, 0, 0, 0, 0, 0, 0, 0]",crown
3687,user_1644,The crown is taller.,37M28K1J0S6DSIPYJWIRXAFGWAHJAO,17.0,61aae9be231d6c263dc5b29818b9b22e,cap,PartNet,28fed983822a01dad2fd23ca8db6845b,cap,PartNet,False,cap/PartNet/28fed983822a01dad2fd23ca8db6845b,cap/PartNet/61aae9be231d6c263dc5b29818b9b22e,True,hat,hat,0,"['the', 'crown', 'is', 'tall', '-er']",5,the crown is tall -er,train,train,train,train,"[1, 10, 606, 7, 53, 9, 2, 0, 0, 0, 0, 0, 0, 0, 0, 0, 0, 0]",crown
3696,user_2105,target has thinner brim,3R9WASFE219YOOBACY75Z5EXCPFZFC,109.0,b5a6c597fefeaa0598095901ddb7e8e7,cap,PartNet,284f1361baa1afdaeb02cbc132e4be3,cap,PartNet,False,cap/PartNet/284f1361baa1afdaeb02cbc132e4be3,cap/PartNet/b5a6c597fefeaa0598095901ddb7e8e7,True,hat,hat,0,"['target', 'has', 'thin', '-er', 'brim']",5,target has thin -er brim,train,train,train,train,"[1, 11, 24, 60, 9, 601, 2, 0, 0, 0, 0, 0, 0, 0, 0, 0, 0, 0]",brim
3699,user_2105,target has flat brim,3L4PIM1GQV9VMO6E775G2NJE9J5YRY,58.0,35450ea3b3158ed6eefb4d7820758668,cap,PartNet,8670ef4375bbb95568b8a8e5babef621,cap,PartNet,False,cap/PartNet/8670ef4375bbb95568b8a8e5babef621,cap/PartNet/35450ea3b3158ed6eefb4d7820758668,True,hat,hat,0,"['target', 'has', 'flat', 'brim']",4,target has flat brim,train,train,train,train,"[1, 11, 24, 129, 601, 2, 0, 0, 0, 0, 0, 0, 0, 0, 0, 0, 0, 0]",brim
3700,user_920,The target's crown is six sided.,3JWH6J9I9U6EUILB48AFLSG3NC8NBS,69.0,3c2a6e6704d24b71325036f2a8f48b04,cap,PartNet,c998a0afe9bcbe89bc4ac3caf16ef65,cap,PartNet,False,cap/PartNet/c998a0afe9bcbe89bc4ac3caf16ef65,cap/PartNet/3c2a6e6704d24b71325036f2a8f48b04,False,hat,hat,0,"['the', 'target', ""'s"", 'crown', 'is', 'six', 'sided']",7,the target 's crown is six sided,test,train,test,train,"[1, 10, 11, 12, 606, 7, 553, 378, 2, 0, 0, 0, 0, 0, 0, 0, 0, 0]",crown
3701,user_1529,It is flat on the top,3I7DHKZYGPT0HARL5A0PA172BPYF5A,220.0,3c2a6e6704d24b71325036f2a8f48b04,cap,PartNet,c998a0afe9bcbe89bc4ac3caf16ef65,cap,PartNet,False,cap/PartNet/c998a0afe9bcbe89bc4ac3caf16ef65,cap/PartNet/3c2a6e6704d24b71325036f2a8f48b04,False,hat,hat,0,"['it', 'is', 'flat', 'on', 'the', 'top']",6,it is flat on the top,test,train,test,train,"[1, 23, 7, 129, 20, 10, 99, 2, 0, 0, 0, 0, 0, 0, 0, 0, 0, 0]",crown
3702,user_1644,The crown is not pointed.,34V1S5K3GUUNZ40M77A2SBZR4N096G,27.0,3c2a6e6704d24b71325036f2a8f48b04,cap,PartNet,c998a0afe9bcbe89bc4ac3caf16ef65,cap,PartNet,False,cap/PartNet/c998a0afe9bcbe89bc4ac3caf16ef65,cap/PartNet/3c2a6e6704d24b71325036f2a8f48b04,False,hat,hat,0,"['the', 'crown', 'is', 'not', 'pointed']",5,the crown is not pointed,test,train,test,train,"[1, 10, 606, 7, 40, 387, 2, 0, 0, 0, 0, 0, 0, 0, 0, 0, 0, 0]",crown
3704,user_1143,The target has a devoration on top,374TNBHA8DOVANREUSGGXX99DWDQYX,58.0,e823673c1edd73fb97c426435543a860,cap,ShapeNet,ad672c08a646c7419cd3f9e8648111d1,cap,PartNet,False,cap/PartNet/ad672c08a646c7419cd3f9e8648111d1,cap/ShapeNet/e823673c1edd73fb97c426435543a860,True,hat,cap,0,"['the', 'target', 'has', 'a', 'decoration', 'on', 'top']",7,the target has a decoration on top,train,train,train,train,"[1, 10, 11, 24, 26, 639, 20, 99, 2, 0, 0, 0, 0, 0, 0, 0, 0, 0]",crown
3705,user_2105,target has helicopter spinner on top,3B837J3LDQPYQ2U581DRK1VDSYQSRV,43.0,e823673c1edd73fb97c426435543a860,cap,ShapeNet,ad672c08a646c7419cd3f9e8648111d1,cap,PartNet,False,cap/PartNet/ad672c08a646c7419cd3f9e8648111d1,cap/ShapeNet/e823673c1edd73fb97c426435543a860,True,hat,cap,0,"['target', 'has', 'helicopter', 'spinner', 'on', 'top']",6,target has helicopter spinner on top,train,train,train,train,"[1, 11, 24, 773, 775, 20, 99, 2, 0, 0, 0, 0, 0, 0, 0, 0, 0, 0]",crown
3706,user_1644,It is not a top hat.,3ZV9H2YQQF0ZEHQCHGMWZSVISXHW3L,21.0,fc4bf4203c69da43b5c87aa520cf194f,cap,PartNet,3b0f81cd74875acbb196d563c325e416,cap,PartNet,False,cap/PartNet/3b0f81cd74875acbb196d563c325e416,cap/PartNet/fc4bf4203c69da43b5c87aa520cf194f,False,hat,hat,0,"['it', 'is', 'not', 'a', 'top', 'hat']",6,it is not a top hat,train,train,train,train,"[1, 23, 7, 40, 26, 99, 602, 2, 0, 0, 0, 0, 0, 0, 0, 0, 0, 0]",crown
3707,user_1964,this is not a top hat,39LOEL67OUYOOGUUJD6QLCSWAPW38T,107.0,fc4bf4203c69da43b5c87aa520cf194f,cap,PartNet,3b0f81cd74875acbb196d563c325e416,cap,PartNet,False,cap/PartNet/3b0f81cd74875acbb196d563c325e416,cap/PartNet/fc4bf4203c69da43b5c87aa520cf194f,False,hat,hat,0,"['this', 'is', 'not', 'a', 'top', 'hat']",6,this is not a top hat,train,train,train,train,"[1, 301, 7, 40, 26, 99, 602, 2, 0, 0, 0, 0, 0, 0, 0, 0, 0, 0]",crown
3708,user_2105,target is not top hat,386CSBG1O1FTR3H8O9LOE6PGENCQ6R,27.0,fc4bf4203c69da43b5c87aa520cf194f,cap,PartNet,3b0f81cd74875acbb196d563c325e416,cap,PartNet,False,cap/PartNet/3b0f81cd74875acbb196d563c325e416,cap/PartNet/fc4bf4203c69da43b5c87aa520cf194f,False,hat,hat,0,"['target', 'is', 'not', 'top', 'hat']",5,target is not top hat,train,train,train,train,"[1, 11, 7, 40, 99, 602, 2, 0, 0, 0, 0, 0, 0, 0, 0, 0, 0, 0]",crown
3709,user_1633,"The target has a brim, not a visor.",3C8HJ7UOP9N4UY3RYLBIUVY69PJMZW,26.0,dc3e5c0457defe87a52821bf1aa3b19a,cap,ShapeNet,3c2a6e6704d24b71325036f2a8f48b04,cap,PartNet,False,cap/PartNet/3c2a6e6704d24b71325036f2a8f48b04,cap/ShapeNet/dc3e5c0457defe87a52821bf1aa3b19a,False,hat,cap,0,"['the', 'target', 'has', 'a', 'brim', 'not', 'a', 'visor']",8,the target has a brim not a visor,train,train,train,train,"[1, 10, 11, 24, 26, 601, 40, 26, 605, 2, 0, 0, 0, 0, 0, 0, 0, 0]",brim
3710,user_1644,The crown is pointed.,37U1UTWH9XFG7IFWU37M3AVCG4KR8V,16.0,dc3e5c0457defe87a52821bf1aa3b19a,cap,ShapeNet,3c2a6e6704d24b71325036f2a8f48b04,cap,PartNet,False,cap/PartNet/3c2a6e6704d24b71325036f2a8f48b04,cap/ShapeNet/dc3e5c0457defe87a52821bf1aa3b19a,False,hat,cap,0,"['the', 'crown', 'is', 'pointed']",4,the crown is pointed,train,train,train,train,"[1, 10, 606, 7, 387, 2, 0, 0, 0, 0, 0, 0, 0, 0, 0, 0, 0, 0]",crown
3713,user_1633,The target has a ball at the top.,3HYA4D452TC8ID8YNRYRCU4QRF82FX,27.0,3c2a6e6704d24b71325036f2a8f48b04,cap,PartNet,d5cdba69afacdbf19393051c3324a45f,cap,PartNet,False,cap/PartNet/d5cdba69afacdbf19393051c3324a45f,cap/PartNet/3c2a6e6704d24b71325036f2a8f48b04,True,hat,hat,0,"['the', 'target', 'has', 'a', 'ball', 'at', 'the', 'top']",8,the target has a ball at the top,train,train,train,train,"[1, 10, 11, 24, 26, 668, 98, 10, 99, 2, 0, 0, 0, 0, 0, 0, 0, 0]",crown
3714,user_1644,The crown is taller.,3SLE99ER0P68B7ZU7WL9GFNCXR0BZJ,34.0,3c2a6e6704d24b71325036f2a8f48b04,cap,PartNet,d5cdba69afacdbf19393051c3324a45f,cap,PartNet,False,cap/PartNet/d5cdba69afacdbf19393051c3324a45f,cap/PartNet/3c2a6e6704d24b71325036f2a8f48b04,True,hat,hat,0,"['the', 'crown', 'is', 'tall', '-er']",5,the crown is tall -er,train,train,train,train,"[1, 10, 606, 7, 53, 9, 2, 0, 0, 0, 0, 0, 0, 0, 0, 0, 0, 0]",crown
3715,user_786,"Its crown shape is a soft partly collapsed cone, NOT a low wide cylinder",37TRT2X24SKIBSUQPAINSLZMET9JBS,156.0,8173b6a303d2888671b99e20c1071f6c,cap,PartNet,88adc86cf9004a01ed43c5a21cb8b385,cap,PartNet,False,cap/PartNet/88adc86cf9004a01ed43c5a21cb8b385,cap/PartNet/8173b6a303d2888671b99e20c1071f6c,False,hat,hat,0,"['its', 'crown', 'shape', 'is', 'a', 'soft', 'partly', 'collapsed', 'cone', 'not', 'a', 'low', 'wide', 'cylinder']",14,its crown shape is a soft partly collapsed cone not a low wide cylinder,train,train,train,train,"[1, 5, 606, 93, 7, 26, 706, 776, 743, 143, 40, 26, 345, 83, 66, 2, 0, 0]",crown
3718,user_1529,The brim is significantly narrower.,3U5NZHP4LTVOOG0AKFX3BSOWI4CPH4,46.0,3d8381bbd02ff8e23a579c3371197382,cap,PartNet,233a6e7c31de58a33d4bab39ff8346fd,cap,PartNet,False,cap/PartNet/233a6e7c31de58a33d4bab39ff8346fd,cap/PartNet/3d8381bbd02ff8e23a579c3371197382,True,hat,hat,0,"['the', 'brim', 'is', 'significantly', 'narrow', '-er']",6,the brim is significantly narrow -er,train,train,train,train,"[1, 10, 601, 7, 777, 210, 9, 2, 0, 0, 0, 0, 0, 0, 0, 0, 0, 0]",brim
3719,user_1633,The target has a smaller brim.,3NJM2BJS4YZX78PUYNJ201RG5C9CPK,24.0,3d8381bbd02ff8e23a579c3371197382,cap,PartNet,233a6e7c31de58a33d4bab39ff8346fd,cap,PartNet,False,cap/PartNet/233a6e7c31de58a33d4bab39ff8346fd,cap/PartNet/3d8381bbd02ff8e23a579c3371197382,True,hat,hat,0,"['the', 'target', 'has', 'a', 'small', '-er', 'brim']",7,the target has a small -er brim,train,train,train,train,"[1, 10, 11, 24, 26, 111, 9, 601, 2, 0, 0, 0, 0, 0, 0, 0, 0, 0]",brim
3720,user_1644,It is a top hat.,3U84XHCDIE6OQ8ELSHBM81H6NYYZ4E,21.0,3d8381bbd02ff8e23a579c3371197382,cap,PartNet,233a6e7c31de58a33d4bab39ff8346fd,cap,PartNet,False,cap/PartNet/233a6e7c31de58a33d4bab39ff8346fd,cap/PartNet/3d8381bbd02ff8e23a579c3371197382,True,hat,hat,0,"['it', 'is', 'a', 'top', 'hat']",5,it is a top hat,train,train,train,train,"[1, 23, 7, 26, 99, 602, 2, 0, 0, 0, 0, 0, 0, 0, 0, 0, 0, 0]",crown
3721,user_786,Its crown has a larger diameter,3IX2EGZR7DC5RZBFL74DS04QWE5JRW,51.0,58951c10aaeeff2afe8474bfd438f6d8,cap,PartNet,5a5c976be7015447f0d11ae402ef940e,cap,PartNet,False,cap/PartNet/5a5c976be7015447f0d11ae402ef940e,cap/PartNet/58951c10aaeeff2afe8474bfd438f6d8,True,hat,hat,0,"['its', 'crown', 'has', 'a', 'large', '-er', 'diameter']",7,its crown has a large -er diameter,train,train,train,train,"[1, 5, 606, 24, 26, 94, 9, 268, 2, 0, 0, 0, 0, 0, 0, 0, 0, 0]",crown
3727,user_203,There is no brim.,31T4R4OBOU9812LU21PL0F0V5JBC7N,58.0,a4ad860de76ad2b52a2d94519249662c,cap,PartNet,56f2db4609b14073230a4d129580843a,cap,PartNet,False,cap/PartNet/56f2db4609b14073230a4d129580843a,cap/PartNet/a4ad860de76ad2b52a2d94519249662c,False,hat,hat,0,"['there', 'is', 'no', 'brim']",4,there is no brim,train,train,train,train,"[1, 15, 7, 123, 601, 2, 0, 0, 0, 0, 0, 0, 0, 0, 0, 0, 0, 0]",brim
3728,user_1633,The target does not have a brim.,3HMVI3QICLL7TJ7X9DQ1WW115KK1YC,19.0,a4ad860de76ad2b52a2d94519249662c,cap,PartNet,56f2db4609b14073230a4d129580843a,cap,PartNet,False,cap/PartNet/56f2db4609b14073230a4d129580843a,cap/PartNet/a4ad860de76ad2b52a2d94519249662c,False,hat,hat,0,"['the', 'target', 'does', 'not', 'have', 'a', 'brim']",7,the target does not have a brim,train,train,train,train,"[1, 10, 11, 39, 40, 84, 26, 601, 2, 0, 0, 0, 0, 0, 0, 0, 0, 0]",brim
3730,user_90,It has a pinwheel on top,3I2PTA7R3VN0QI2XQDFPOPUYFIUQKU,58.0,fe319939c7dc4a6ff691355a196da5f,cap,PartNet,ad672c08a646c7419cd3f9e8648111d1,cap,PartNet,False,cap/PartNet/ad672c08a646c7419cd3f9e8648111d1,cap/PartNet/fe319939c7dc4a6ff691355a196da5f,False,hat,hat,0,"['it', 'has', 'a', 'pinwheel', 'on', 'top']",6,it has a pinwheel on top,train,train,train,train,"[1, 23, 24, 26, 778, 20, 99, 2, 0, 0, 0, 0, 0, 0, 0, 0, 0, 0]",crown
3731,user_1644,It has a propeller at the top.,3OF2M9AATIH94A3OD9Y2FI62KL7ZKP,51.0,fe319939c7dc4a6ff691355a196da5f,cap,PartNet,ad672c08a646c7419cd3f9e8648111d1,cap,PartNet,False,cap/PartNet/ad672c08a646c7419cd3f9e8648111d1,cap/PartNet/fe319939c7dc4a6ff691355a196da5f,False,hat,hat,0,"['it', 'has', 'a', 'propeller', 'at', 'the', 'top']",7,it has a propeller at the top,train,train,train,train,"[1, 23, 24, 26, 692, 98, 10, 99, 2, 0, 0, 0, 0, 0, 0, 0, 0, 0]",crown
3732,user_1964,There is a propeller on top,3E337GFOLB1ALZTMKU2TM3703PZGN1,107.0,fe319939c7dc4a6ff691355a196da5f,cap,PartNet,ad672c08a646c7419cd3f9e8648111d1,cap,PartNet,False,cap/PartNet/ad672c08a646c7419cd3f9e8648111d1,cap/PartNet/fe319939c7dc4a6ff691355a196da5f,False,hat,hat,0,"['there', 'is', 'a', 'propeller', 'on', 'top']",6,there is a propeller on top,train,train,train,train,"[1, 15, 7, 26, 692, 20, 99, 2, 0, 0, 0, 0, 0, 0, 0, 0, 0, 0]",crown
3733,user_677,The target looks like a cone with a ball on top.,3X08E93BHXB0HLYO907Q818PEMG66Q,86.0,3f712e64c37ee460e4b30fdd654658ce,cap,PartNet,bfdcb0d592aa35698b3247ca9bcd5b10,cap,PartNet,False,cap/PartNet/bfdcb0d592aa35698b3247ca9bcd5b10,cap/PartNet/3f712e64c37ee460e4b30fdd654658ce,False,hat,hat,0,"['the', 'target', 'looks', 'like', 'a', 'cone', 'with', 'a', 'ball', 'on', 'top']",11,the target looks like a cone with a ball on top,train,train,train,train,"[1, 10, 11, 33, 35, 26, 143, 121, 26, 668, 20, 99, 2, 0, 0, 0, 0, 0]",crown
3735,user_1644,The crown is taller.,3PIWWX1FJLZOTBS2D2V4Q9IZMYVJJQ,19.0,3f712e64c37ee460e4b30fdd654658ce,cap,PartNet,bfdcb0d592aa35698b3247ca9bcd5b10,cap,PartNet,False,cap/PartNet/bfdcb0d592aa35698b3247ca9bcd5b10,cap/PartNet/3f712e64c37ee460e4b30fdd654658ce,False,hat,hat,0,"['the', 'crown', 'is', 'tall', '-er']",5,the crown is tall -er,train,train,train,train,"[1, 10, 606, 7, 53, 9, 2, 0, 0, 0, 0, 0, 0, 0, 0, 0, 0, 0]",crown
3736,user_786,"Its crown is shaped like a wide dome, NOT a cone",3Z4XG4ZF4AK04E1832DESSH0HKVX8L,47.0,60153b9c1dc500a93d8dd242efdcdeb,cap,PartNet,fa8124cce25881004fcdbc2114c724fa,cap,PartNet,False,cap/PartNet/fa8124cce25881004fcdbc2114c724fa,cap/PartNet/60153b9c1dc500a93d8dd242efdcdeb,False,hat,hat,0,"['its', 'crown', 'is', 'shaped', 'like', 'a', 'wide', 'dome', 'not', 'a', 'cone']",11,its crown is shaped like a wide dome not a cone,train,train,train,train,"[1, 5, 606, 7, 14, 35, 26, 83, 159, 40, 26, 143, 2, 0, 0, 0, 0, 0]",crown
3737,user_920,The target's crown is rounded.,3W92K5RLWWAPD7DB5P5TSNAOZJO5VQ,57.0,60153b9c1dc500a93d8dd242efdcdeb,cap,PartNet,fa8124cce25881004fcdbc2114c724fa,cap,PartNet,False,cap/PartNet/fa8124cce25881004fcdbc2114c724fa,cap/PartNet/60153b9c1dc500a93d8dd242efdcdeb,False,hat,hat,0,"['the', 'target', ""'s"", 'crown', 'is', 'rounded']",6,the target 's crown is rounded,train,train,train,train,"[1, 10, 11, 12, 606, 7, 48, 2, 0, 0, 0, 0, 0, 0, 0, 0, 0, 0]",crown
3738,user_1633,"The target has a visor, not a brim.",3EA3QWIZ4KOMC3417EO8GEQ87KCTI6,38.0,60153b9c1dc500a93d8dd242efdcdeb,cap,PartNet,fa8124cce25881004fcdbc2114c724fa,cap,PartNet,False,cap/PartNet/fa8124cce25881004fcdbc2114c724fa,cap/PartNet/60153b9c1dc500a93d8dd242efdcdeb,False,hat,hat,0,"['the', 'target', 'has', 'a', 'visor', 'not', 'a', 'brim']",8,the target has a visor not a brim,train,train,train,train,"[1, 10, 11, 24, 26, 605, 40, 26, 601, 2, 0, 0, 0, 0, 0, 0, 0, 0]",brim
3740,user_1529,There is no propeller on the top.,3OJSZ2ATDUPN2HCFNR2DM9ULD2F57Y,71.0,ad672c08a646c7419cd3f9e8648111d1,cap,PartNet,e1c16d76fa8d0289bcbb5732017b0d93,cap,PartNet,False,cap/PartNet/e1c16d76fa8d0289bcbb5732017b0d93,cap/PartNet/ad672c08a646c7419cd3f9e8648111d1,False,hat,hat,0,"['there', 'is', 'no', 'propeller', 'on', 'the', 'top']",7,there is no propeller on the top,train,train,train,train,"[1, 15, 7, 123, 692, 20, 10, 99, 2, 0, 0, 0, 0, 0, 0, 0, 0, 0]",crown
3743,user_786,Its crown is wider,34PGFRQONQ4AZVS1K1EJFZC7OTKWJC,49.0,d18c3ce1f186c16976bb31db0358e9c6,cap,ShapeNet,7cf439aa8382299047765668cf4023ed,cap,ShapeNet,False,cap/ShapeNet/7cf439aa8382299047765668cf4023ed,cap/ShapeNet/d18c3ce1f186c16976bb31db0358e9c6,True,cap,cap,0,"['its', 'crown', 'is', 'wide', '-er']",5,its crown is wide -er,train,train,train,train,"[1, 5, 606, 7, 83, 9, 2, 0, 0, 0, 0, 0, 0, 0, 0, 0, 0, 0]",crown
3744,user_1644,The crown is shorter.,3QL2OFSM98BX4NDHI86AWCML5YSCNA,77.0,d18c3ce1f186c16976bb31db0358e9c6,cap,ShapeNet,7cf439aa8382299047765668cf4023ed,cap,ShapeNet,False,cap/ShapeNet/7cf439aa8382299047765668cf4023ed,cap/ShapeNet/d18c3ce1f186c16976bb31db0358e9c6,True,cap,cap,0,"['the', 'crown', 'is', 'short', '-er']",5,the crown is short -er,train,train,train,train,"[1, 10, 606, 7, 8, 9, 2, 0, 0, 0, 0, 0, 0, 0, 0, 0, 0, 0]",crown
3747,user_2105,target has visor around entire crown,3YMTUJH0DU9S4W5MMPM4MDGP23L4TE,74.0,ed52d2c2a9c1b606cf9bbc203a5cff99,cap,ShapeNet,3d94467032aad372d2287f45c788597d,cap,PartNet,False,cap/PartNet/3d94467032aad372d2287f45c788597d,cap/ShapeNet/ed52d2c2a9c1b606cf9bbc203a5cff99,True,hat,cap,0,"['target', 'has', 'visor', 'around', 'entire', 'crown']",6,target has visor around entire crown,train,train,train,train,"[1, 11, 24, 605, 239, 516, 606, 2, 0, 0, 0, 0, 0, 0, 0, 0, 0, 0]",crown
3748,user_1529,The top has a large flat area.,3STRJBFXOYKDIYUP7H9KTU5LZPVTKD,158.0,dc06523b3413d01d3ead562a41d49338,cap,PartNet,a444fff8c769de616a10eb60523df1e9,cap,ShapeNet,False,cap/ShapeNet/a444fff8c769de616a10eb60523df1e9,cap/PartNet/dc06523b3413d01d3ead562a41d49338,False,cap,hat,0,"['the', 'top', 'has', 'a', 'large', 'flat', 'area']",7,the top has a large flat area,train,train,train,train,"[1, 10, 99, 24, 26, 94, 129, 590, 2, 0, 0, 0, 0, 0, 0, 0, 0, 0]",crown
3749,user_1644,The crown is taller.,3ZY8KE4ISLWE6TW9PHTWQY5FVFAQVN,44.0,dc06523b3413d01d3ead562a41d49338,cap,PartNet,a444fff8c769de616a10eb60523df1e9,cap,ShapeNet,False,cap/ShapeNet/a444fff8c769de616a10eb60523df1e9,cap/PartNet/dc06523b3413d01d3ead562a41d49338,False,cap,hat,0,"['the', 'crown', 'is', 'tall', '-er']",5,the crown is tall -er,train,train,train,train,"[1, 10, 606, 7, 53, 9, 2, 0, 0, 0, 0, 0, 0, 0, 0, 0, 0, 0]",crown
3750,user_2105,target has button on top of crown,32VNZTT0A9XFOHSUI0H9MYF7EIP4R2,36.0,dc06523b3413d01d3ead562a41d49338,cap,PartNet,a444fff8c769de616a10eb60523df1e9,cap,ShapeNet,False,cap/ShapeNet/a444fff8c769de616a10eb60523df1e9,cap/PartNet/dc06523b3413d01d3ead562a41d49338,False,cap,hat,0,"['target', 'has', 'button', 'on', 'top', 'of', 'crown']",7,target has button on top of crown,train,train,train,train,"[1, 11, 24, 596, 20, 99, 38, 606, 2, 0, 0, 0, 0, 0, 0, 0, 0, 0]",crown
3751,user_203,The crown is taller.,36V4Q8R5ZMTVG620BPS532M24N7QMH,66.0,8173b6a303d2888671b99e20c1071f6c,cap,PartNet,deb19c41bc1e4ba5c8727b27ee96a4b7,cap,PartNet,False,cap/PartNet/deb19c41bc1e4ba5c8727b27ee96a4b7,cap/PartNet/8173b6a303d2888671b99e20c1071f6c,False,hat,hat,0,"['the', 'crown', 'is', 'tall', '-er']",5,the crown is tall -er,train,train,train,train,"[1, 10, 606, 7, 53, 9, 2, 0, 0, 0, 0, 0, 0, 0, 0, 0, 0, 0]",crown
3752,user_786,Its crown is topped with a diagonal rectangle wider than the crown diameter,3MTMREQS4XBZY2PXQV16M09OY6QWAW,100.0,8173b6a303d2888671b99e20c1071f6c,cap,PartNet,deb19c41bc1e4ba5c8727b27ee96a4b7,cap,PartNet,False,cap/PartNet/deb19c41bc1e4ba5c8727b27ee96a4b7,cap/PartNet/8173b6a303d2888671b99e20c1071f6c,False,hat,hat,0,"['its', 'crown', 'is', 'topped', 'with', 'a', 'diagonal', 'rectangle', 'wide', '-er', 'than', 'the', 'crown', 'diameter']",14,its crown is topped with a diagonal rectangle wide -er than the crown diameter,train,train,train,train,"[1, 5, 606, 7, 779, 121, 26, 780, 425, 83, 9, 131, 10, 606, 268, 2, 0, 0]",crown
3762,user_2105,target has visor not brim,39O5D9O87VLQ0JK70PMVNYOF0H73CR,69.0,d12f1b6c7df969f39fd67caf3bf15730,cap,PartNet,288e11d15d927943068951f59ff267e,cap,PartNet,False,cap/PartNet/288e11d15d927943068951f59ff267e,cap/PartNet/d12f1b6c7df969f39fd67caf3bf15730,True,hat,hat,0,"['target', 'has', 'visor', 'not', 'brim']",5,target has visor not brim,train,train,train,train,"[1, 11, 24, 605, 40, 601, 2, 0, 0, 0, 0, 0, 0, 0, 0, 0, 0, 0]",brim
3763,user_203,It does not have a ball on top of the crown..,3TMFV4NEPA7LFEWITXHSQ93T8J9W8D,136.0,5f988e8af9ac5b873d1423abb84263f3,cap,PartNet,824e0bb9c53a50d27c010a074193cb9e,cap,PartNet,False,cap/PartNet/824e0bb9c53a50d27c010a074193cb9e,cap/PartNet/5f988e8af9ac5b873d1423abb84263f3,False,hat,hat,0,"['it', 'does', 'not', 'have', 'a', 'ball', 'on', 'top', 'of', 'the', 'crown']",11,it does not have a ball on top of the crown,train,train,train,train,"[1, 23, 39, 40, 84, 26, 668, 20, 99, 38, 10, 606, 2, 0, 0, 0, 0, 0]",crown
3764,user_786,Its crown is a low cone with sides sloped at about 40 degrees,3PXX5PX6LZR7AZRMV45AZMW3O58BAV,77.0,5f988e8af9ac5b873d1423abb84263f3,cap,PartNet,824e0bb9c53a50d27c010a074193cb9e,cap,PartNet,False,cap/PartNet/824e0bb9c53a50d27c010a074193cb9e,cap/PartNet/5f988e8af9ac5b873d1423abb84263f3,False,hat,hat,0,"['its', 'crown', 'is', 'a', 'low', 'cone', 'with', 'sides', 'sloped', 'at', 'about', '40', 'degrees']",13,its crown is a low cone with sides sloped at about 40 degrees,train,train,train,train,"[1, 5, 606, 7, 26, 345, 143, 121, 360, 781, 98, 519, 782, 676, 2, 0, 0, 0]",crown
3772,user_90,The crown is rounded,3TE22NPXPD58NBQW7OLWE54XM4I44W,36.0,8173b6a303d2888671b99e20c1071f6c,cap,PartNet,14103d87f108ab847cb2a55fa21392b7,cap,PartNet,False,cap/PartNet/14103d87f108ab847cb2a55fa21392b7,cap/PartNet/8173b6a303d2888671b99e20c1071f6c,True,hat,hat,0,"['the', 'crown', 'is', 'rounded']",4,the crown is rounded,train,train,train,train,"[1, 10, 606, 7, 48, 2, 0, 0, 0, 0, 0, 0, 0, 0, 0, 0, 0, 0]",crown
3773,user_786,Its crown's top 2/3 is dome-shaped,33SA9F9TRZN2OF69603SIJZFJMVEWI,110.0,8173b6a303d2888671b99e20c1071f6c,cap,PartNet,14103d87f108ab847cb2a55fa21392b7,cap,PartNet,False,cap/PartNet/14103d87f108ab847cb2a55fa21392b7,cap/PartNet/8173b6a303d2888671b99e20c1071f6c,True,hat,hat,0,"['its', 'crown', ""'s"", 'top', 'two', 'three', 'is', 'dome', 'shaped']",9,its crown 's top two three is dome shaped,train,train,train,train,"[1, 5, 606, 12, 99, 17, 80, 7, 159, 14, 2, 0, 0, 0, 0, 0, 0, 0]",crown
3774,user_1644,The crown is taller.,34V1S5K3GUUNZ40M77A2SBZR4MG69R,34.0,8173b6a303d2888671b99e20c1071f6c,cap,PartNet,14103d87f108ab847cb2a55fa21392b7,cap,PartNet,False,cap/PartNet/14103d87f108ab847cb2a55fa21392b7,cap/PartNet/8173b6a303d2888671b99e20c1071f6c,True,hat,hat,0,"['the', 'crown', 'is', 'tall', '-er']",5,the crown is tall -er,train,train,train,train,"[1, 10, 606, 7, 53, 9, 2, 0, 0, 0, 0, 0, 0, 0, 0, 0, 0, 0]",crown
3776,user_1633,"The target has a visor, not a brim.",3W8CV64QJ4S3WTK33Q16P2OHD0V9HU,23.0,5c4122d7fa08f514796410d3fd165433,cap,PartNet,dc3e5c0457defe87a52821bf1aa3b19a,cap,ShapeNet,False,cap/ShapeNet/dc3e5c0457defe87a52821bf1aa3b19a,cap/PartNet/5c4122d7fa08f514796410d3fd165433,False,cap,hat,0,"['the', 'target', 'has', 'a', 'visor', 'not', 'a', 'brim']",8,the target has a visor not a brim,train,train,train,train,"[1, 10, 11, 24, 26, 605, 40, 26, 601, 2, 0, 0, 0, 0, 0, 0, 0, 0]",brim
3785,user_1644,The crown is shorter.,37UQDCYH6ZO40BRUTIKQQ7OKQPLV7X,121.0,f649b3afc815fff1e657bffb92fd93ce,cap,PartNet,45322773dbfa4b11851dfc313e1c5e29,cap,PartNet,False,cap/PartNet/45322773dbfa4b11851dfc313e1c5e29,cap/PartNet/f649b3afc815fff1e657bffb92fd93ce,True,hat,hat,0,"['the', 'crown', 'is', 'short', '-er']",5,the crown is short -er,val,train,val,train,"[1, 10, 606, 7, 8, 9, 2, 0, 0, 0, 0, 0, 0, 0, 0, 0, 0, 0]",crown
3789,user_1644,The crown is shorter.,3CCZ6YKWR9CRG0082O0X05LR8R859D,24.0,fe319939c7dc4a6ff691355a196da5f,cap,PartNet,620b921e3f1a504258a12735d0a1edc9,cap,PartNet,False,cap/PartNet/620b921e3f1a504258a12735d0a1edc9,cap/PartNet/fe319939c7dc4a6ff691355a196da5f,True,hat,hat,0,"['the', 'crown', 'is', 'short', '-er']",5,the crown is short -er,train,train,train,train,"[1, 10, 606, 7, 8, 9, 2, 0, 0, 0, 0, 0, 0, 0, 0, 0, 0, 0]",crown
3793,user_156,Its crown is conical.,336KAV9KYSLEI4PTSHQF1FB6XQZ2YV,31.0,befe908292dd78d92ef65425c21143ca,cap,PartNet,31253a0f8eaa2c5c785f06f424b9d06,cap,PartNet,False,cap/PartNet/31253a0f8eaa2c5c785f06f424b9d06,cap/PartNet/befe908292dd78d92ef65425c21143ca,False,hat,hat,0,"['its', 'crown', 'is', 'conical']",4,its crown is conical,train,train,train,train,"[1, 5, 606, 7, 399, 2, 0, 0, 0, 0, 0, 0, 0, 0, 0, 0, 0, 0]",crown
3795,user_1644,The crown is pointed.,3ON104KXQMPKWD9GHURF9XNO6WV4WU,17.0,befe908292dd78d92ef65425c21143ca,cap,PartNet,31253a0f8eaa2c5c785f06f424b9d06,cap,PartNet,False,cap/PartNet/31253a0f8eaa2c5c785f06f424b9d06,cap/PartNet/befe908292dd78d92ef65425c21143ca,False,hat,hat,0,"['the', 'crown', 'is', 'pointed']",4,the crown is pointed,train,train,train,train,"[1, 10, 606, 7, 387, 2, 0, 0, 0, 0, 0, 0, 0, 0, 0, 0, 0, 0]",crown
3798,user_2105,target has taller crown height,3LS2AMNW5HJJG9NCO57IV6B7ZN6QOG,99.0,647864ea6669f539379c6a1d59ef7283,cap,PartNet,3f712e64c37ee460e4b30fdd654658ce,cap,PartNet,False,cap/PartNet/3f712e64c37ee460e4b30fdd654658ce,cap/PartNet/647864ea6669f539379c6a1d59ef7283,False,hat,hat,0,"['target', 'has', 'tall', '-er', 'crown', 'height']",6,target has tall -er crown height,train,train,train,train,"[1, 11, 24, 53, 9, 606, 117, 2, 0, 0, 0, 0, 0, 0, 0, 0, 0, 0]",crown
3799,user_786,Its crown diameter is larger,37TRT2X24SKIBSUQPAINSLZMETABJL,30.0,284f1361baa1afdaeb02cbc132e4be3,cap,PartNet,877e513fb193967693b82513fdd39969,cap,PartNet,False,cap/PartNet/877e513fb193967693b82513fdd39969,cap/PartNet/284f1361baa1afdaeb02cbc132e4be3,True,hat,hat,0,"['its', 'crown', 'diameter', 'is', 'large', '-er']",6,its crown diameter is large -er,train,train,train,train,"[1, 5, 606, 268, 7, 94, 9, 2, 0, 0, 0, 0, 0, 0, 0, 0, 0, 0]",crown
3800,user_1143,The target has a thicker brim,3B4YI393VBPARHUINQDWAB09EZ2SSA,43.0,284f1361baa1afdaeb02cbc132e4be3,cap,PartNet,877e513fb193967693b82513fdd39969,cap,PartNet,False,cap/PartNet/877e513fb193967693b82513fdd39969,cap/PartNet/284f1361baa1afdaeb02cbc132e4be3,True,hat,hat,0,"['the', 'target', 'has', 'a', 'thick', '-er', 'brim']",7,the target has a thick -er brim,train,train,train,train,"[1, 10, 11, 24, 26, 54, 9, 601, 2, 0, 0, 0, 0, 0, 0, 0, 0, 0]",brim
3801,user_1644,The crown is shorter.,3W92K5RLWWAPD7DB5P5TSNAOZJNV5F,21.0,284f1361baa1afdaeb02cbc132e4be3,cap,PartNet,877e513fb193967693b82513fdd39969,cap,PartNet,False,cap/PartNet/877e513fb193967693b82513fdd39969,cap/PartNet/284f1361baa1afdaeb02cbc132e4be3,True,hat,hat,0,"['the', 'crown', 'is', 'short', '-er']",5,the crown is short -er,train,train,train,train,"[1, 10, 606, 7, 8, 9, 2, 0, 0, 0, 0, 0, 0, 0, 0, 0, 0, 0]",crown
3802,user_1644,The crown is taller.,3M81GAB8A2CZXFY3K02WPMB8SNVBQ3,26.0,c5d20fc28adf769b1802624b30ec569e,cap,PartNet,e21bf79cf940999fecaafbe064b13083,cap,PartNet,False,cap/PartNet/e21bf79cf940999fecaafbe064b13083,cap/PartNet/c5d20fc28adf769b1802624b30ec569e,True,hat,hat,0,"['the', 'crown', 'is', 'tall', '-er']",5,the crown is tall -er,train,train,train,train,"[1, 10, 606, 7, 53, 9, 2, 0, 0, 0, 0, 0, 0, 0, 0, 0, 0, 0]",crown
3803,user_1689,The target does not have a brim.,3YHH42UU5D8NMVFGUFXBOJGVREI0LQ,76.0,c5d20fc28adf769b1802624b30ec569e,cap,PartNet,e21bf79cf940999fecaafbe064b13083,cap,PartNet,False,cap/PartNet/e21bf79cf940999fecaafbe064b13083,cap/PartNet/c5d20fc28adf769b1802624b30ec569e,True,hat,hat,0,"['the', 'target', 'does', 'not', 'have', 'a', 'brim']",7,the target does not have a brim,train,train,train,train,"[1, 10, 11, 39, 40, 84, 26, 601, 2, 0, 0, 0, 0, 0, 0, 0, 0, 0]",brim
3804,user_2105,target has no brim,3B3WTRP3DDVZH3HLK5YZ2YIFOIN29H,39.0,c5d20fc28adf769b1802624b30ec569e,cap,PartNet,e21bf79cf940999fecaafbe064b13083,cap,PartNet,False,cap/PartNet/e21bf79cf940999fecaafbe064b13083,cap/PartNet/c5d20fc28adf769b1802624b30ec569e,True,hat,hat,0,"['target', 'has', 'no', 'brim']",4,target has no brim,train,train,train,train,"[1, 11, 24, 123, 601, 2, 0, 0, 0, 0, 0, 0, 0, 0, 0, 0, 0, 0]",brim
3805,user_786,Its crown is less tall,3OS4RQUCRB826Q8U6KR2DN7ULLLBF8,157.0,7b62c58f5911d1061737058619bcd307,cap,PartNet,484d95c416ee10a74ce8c4cc4cdde9b4,cap,PartNet,False,cap/PartNet/484d95c416ee10a74ce8c4cc4cdde9b4,cap/PartNet/7b62c58f5911d1061737058619bcd307,True,hat,hat,0,"['its', 'crown', 'is', 'less', 'tall']",5,its crown is less tall,train,train,train,train,"[1, 5, 606, 7, 229, 53, 2, 0, 0, 0, 0, 0, 0, 0, 0, 0, 0, 0]",crown
3806,user_1633,The target has a wider brim.,31QNSG6A5TM6PZVHLP9GYT4CFRH781,27.0,7b62c58f5911d1061737058619bcd307,cap,PartNet,484d95c416ee10a74ce8c4cc4cdde9b4,cap,PartNet,False,cap/PartNet/484d95c416ee10a74ce8c4cc4cdde9b4,cap/PartNet/7b62c58f5911d1061737058619bcd307,True,hat,hat,0,"['the', 'target', 'has', 'a', 'wide', '-er', 'brim']",7,the target has a wide -er brim,train,train,train,train,"[1, 10, 11, 24, 26, 83, 9, 601, 2, 0, 0, 0, 0, 0, 0, 0, 0, 0]",brim
3807,user_1644,The brim is larger.,3HUTX6F6VWG2OQLRMUHHZOD4JGZ2OJ,18.0,7b62c58f5911d1061737058619bcd307,cap,PartNet,484d95c416ee10a74ce8c4cc4cdde9b4,cap,PartNet,False,cap/PartNet/484d95c416ee10a74ce8c4cc4cdde9b4,cap/PartNet/7b62c58f5911d1061737058619bcd307,True,hat,hat,0,"['the', 'brim', 'is', 'large', '-er']",5,the brim is large -er,train,train,train,train,"[1, 10, 601, 7, 94, 9, 2, 0, 0, 0, 0, 0, 0, 0, 0, 0, 0, 0]",brim
63626,user_1042,Square crown inthe taget hat,3PZDLQMM0VE1F1OOWP8Q4OJNU2FC2V,645.0,576d5a4b1d688680bed7e3eef8315549,cap,PartNet,373d717709b3e181bbda4bd2b976d8f7,cap,ShapeNet,False,cap/ShapeNet/373d717709b3e181bbda4bd2b976d8f7,cap/PartNet/576d5a4b1d688680bed7e3eef8315549,True,cap,hat,0,"['square', 'crown', 'inthe', 'target', 'hat']",5,square crown inthe target hat,train,train,train,train,"[1, 50, 606, 3408, 11, 602, 2, 0, 0, 0, 0, 0, 0, 0, 0, 0, 0, 0]",crown
63627,user_1033,The crown of the hat is a thinner cylinder,3KGTPGBS6ZEX1V5OIGTQYU5T12LU2M,1518.0,87c240c20a772f51e6e812c94ac516eb,cap,PartNet,2c67d217a62c320ce4b96e37c6ed18f3,cap,PartNet,False,cap/PartNet/2c67d217a62c320ce4b96e37c6ed18f3,cap/PartNet/87c240c20a772f51e6e812c94ac516eb,False,hat,hat,0,"['the', 'crown', 'of', 'the', 'hat', 'is', 'a', 'thin', '-er', 'cylinder']",10,the crown of the hat is a thin -er cylinder,test,train,test,train,"[1, 10, 606, 38, 10, 602, 7, 26, 60, 9, 66, 2, 0, 0, 0, 0, 0, 0]",crown
63630,user_505,Target has a pointy top,3OXV7EAXLGJ1K2B6QY9S1YW54U4638,32.0,61437489633f5d167c35d3c5d3b1fcf7,cap,ShapeNet,c5d20fc28adf769b1802624b30ec569e,cap,PartNet,False,cap/PartNet/c5d20fc28adf769b1802624b30ec569e,cap/ShapeNet/61437489633f5d167c35d3c5d3b1fcf7,False,hat,cap,0,"['target', 'has', 'a', 'pointy', 'top']",5,target has a pointy top,train,train,train,train,"[1, 11, 24, 26, 397, 99, 2, 0, 0, 0, 0, 0, 0, 0, 0, 0, 0, 0]",crown
63632,user_505,target has a domed top,3B3WTRP3DDVZH3HLK5YZ2YIFOHC92B,35.0,87c240c20a772f51e6e812c94ac516eb,cap,PartNet,a8ddbd8c9cdb3088d2eebe596133133e,cap,PartNet,False,cap/PartNet/a8ddbd8c9cdb3088d2eebe596133133e,cap/PartNet/87c240c20a772f51e6e812c94ac516eb,False,hat,hat,0,"['target', 'has', 'a', 'domed', 'top']",5,target has a domed top,val,train,val,train,"[1, 11, 24, 26, 2201, 99, 2, 0, 0, 0, 0, 0, 0, 0, 0, 0, 0, 0]",crown
63636,user_742,There is a crease at the top of the har,3PMBY0YE29WCFL9NHYN5EBR108P9CK,94.0,a1194f613435ee2d8ffc94a6ce28be5e,cap,PartNet,1fd62459ef715e71617fb5e58b4b0232,cap,ShapeNet,False,cap/ShapeNet/1fd62459ef715e71617fb5e58b4b0232,cap/PartNet/a1194f613435ee2d8ffc94a6ce28be5e,True,cap,hat,0,"['there', 'is', 'a', 'crease', 'at', 'the', 'top', 'of', 'the', 'har']",10,there is a crease at the top of the har,test,train,test,train,"[1, 15, 7, 26, 766, 98, 10, 99, 38, 10, 3, 2, 0, 0, 0, 0, 0, 0]",crown
63637,user_859,It is a tall top hat,3TE22NPXPD58NBQW7OLWE54XM3U446,123.0,b968eb697fbce2d76bb31db0358e9c6,cap,PartNet,87c240c20a772f51e6e812c94ac516eb,cap,PartNet,False,cap/PartNet/87c240c20a772f51e6e812c94ac516eb,cap/PartNet/b968eb697fbce2d76bb31db0358e9c6,False,hat,hat,0,"['it', 'is', 'a', 'tall', 'top', 'hat']",6,it is a tall top hat,train,train,train,train,"[1, 23, 7, 26, 53, 99, 602, 2, 0, 0, 0, 0, 0, 0, 0, 0, 0, 0]",crown
63638,user_607,The target has a decorative corsage on the brim.,3483FV8BEGCCZKFNMYVNIORDYG426T,64.0,3b0a1a20ef0ce1a34c90f2ddc14dc59b,cap,ShapeNet,985e86f7ecaec93d41c01a2987577d0c,cap,PartNet,False,cap/PartNet/985e86f7ecaec93d41c01a2987577d0c,cap/ShapeNet/3b0a1a20ef0ce1a34c90f2ddc14dc59b,False,hat,cap,0,"['the', 'target', 'has', 'a', 'decorative', 'corsage', 'on', 'the', 'brim']",9,the target has a decorative corsage on the brim,train,train,train,train,"[1, 10, 11, 24, 26, 216, 3, 20, 10, 601, 2, 0, 0, 0, 0, 0, 0, 0]",brim
132901,user_90,It has a flat top,3F1567XTNYYG9MJ6MGO0YGGI4NRQ97,37.0,fa8124cce25881004fcdbc2114c724fa,cap,PartNet,bfe8019efc5bbb902c1963cd0990e978,cap,PartNet,False,cap/PartNet/bfe8019efc5bbb902c1963cd0990e978,cap/PartNet/fa8124cce25881004fcdbc2114c724fa,False,hat,hat,1,"['it', 'has', 'a', 'flat', 'top']",5,it has a flat top,train,train,train,train,"[1, 23, 24, 26, 129, 99, 2, 0, 0, 0, 0, 0, 0, 0, 0, 0, 0, 0]",crown
132902,user_1644,The top of the hat is square.,3HOSI13XH1HYN3SITANIKDS9CTHDD6,31.0,fa8124cce25881004fcdbc2114c724fa,cap,PartNet,bfe8019efc5bbb902c1963cd0990e978,cap,PartNet,False,cap/PartNet/bfe8019efc5bbb902c1963cd0990e978,cap/PartNet/fa8124cce25881004fcdbc2114c724fa,False,hat,hat,1,"['the', 'top', 'of', 'the', 'hat', 'is', 'square']",7,the top of the hat is square,train,train,train,train,"[1, 10, 99, 38, 10, 602, 7, 50, 2, 0, 0, 0, 0, 0, 0, 0, 0, 0]",crown
132904,user_677,It is a top hat.,3KXIR214I69YKXB93A28LQ7Z2Q824K,56.0,5eb9ab53213f5fff4e09ebaf49b0cb2f,cap,ShapeNet,f3e5ec75a719c3efb5f4a9188bfa0ef6,cap,PartNet,False,cap/PartNet/f3e5ec75a719c3efb5f4a9188bfa0ef6,cap/ShapeNet/5eb9ab53213f5fff4e09ebaf49b0cb2f,False,hat,cap,1,"['it', 'is', 'a', 'top', 'hat']",5,it is a top hat,train,train,train,train,"[1, 23, 7, 26, 99, 602, 2, 0, 0, 0, 0, 0, 0, 0, 0, 0, 0, 0]",crown
132906,user_1644,The crown is taller.,3WR9XG3T65456Y8F9MJ3HHO7D5P47V,24.0,5eb9ab53213f5fff4e09ebaf49b0cb2f,cap,ShapeNet,f3e5ec75a719c3efb5f4a9188bfa0ef6,cap,PartNet,False,cap/PartNet/f3e5ec75a719c3efb5f4a9188bfa0ef6,cap/ShapeNet/5eb9ab53213f5fff4e09ebaf49b0cb2f,False,hat,cap,1,"['the', 'crown', 'is', 'tall', '-er']",5,the crown is tall -er,train,train,train,train,"[1, 10, 606, 7, 53, 9, 2, 0, 0, 0, 0, 0, 0, 0, 0, 0, 0, 0]",crown
132909,user_1644,It has a logo on the crown.,3U5JL4WY5M2ZLDE6RZN1BG1VFZK4X8,38.0,40f0c6599f0be25fce01c07526cf2aa4,cap,ShapeNet,3dec0d851cba045fbf444790f25ea3db,cap,ShapeNet,False,cap/ShapeNet/3dec0d851cba045fbf444790f25ea3db,cap/ShapeNet/40f0c6599f0be25fce01c07526cf2aa4,True,cap,cap,1,"['it', 'has', 'a', 'logo', 'on', 'the', 'crown']",7,it has a logo on the crown,train,train,train,train,"[1, 23, 24, 26, 604, 20, 10, 606, 2, 0, 0, 0, 0, 0, 0, 0, 0, 0]",crown
132910,user_786,"It has an encircling brim, NOT a front-only visor",3TDXMTX3CDNGA5TPB1GF54YUNDA6IJ,39.0,9634ac7cd209cc7e230a4d129580843a,cap,PartNet,463013adc207ca16eb5d382c7eb13b28,cap,PartNet,False,cap/PartNet/463013adc207ca16eb5d382c7eb13b28,cap/PartNet/9634ac7cd209cc7e230a4d129580843a,True,hat,hat,1,"['it', 'has', 'an', 'encircling', 'brim', 'not', 'a', 'front', 'only', 'visor']",10,it has an encircling brim not a front only visor,train,train,train,train,"[1, 23, 24, 72, 625, 601, 40, 26, 37, 133, 605, 2, 0, 0, 0, 0, 0, 0]",brim
132911,user_1633,The target does not have a button on top.,3C2NJ6JBKCAK65LFLFH4KZDZT6U2N4,29.0,9634ac7cd209cc7e230a4d129580843a,cap,PartNet,463013adc207ca16eb5d382c7eb13b28,cap,PartNet,False,cap/PartNet/463013adc207ca16eb5d382c7eb13b28,cap/PartNet/9634ac7cd209cc7e230a4d129580843a,True,hat,hat,1,"['the', 'target', 'does', 'not', 'have', 'a', 'button', 'on', 'top']",9,the target does not have a button on top,train,train,train,train,"[1, 10, 11, 39, 40, 84, 26, 596, 20, 99, 2, 0, 0, 0, 0, 0, 0, 0]",crown
132912,user_1644,It has a wide brim.,3DH6GAKTY0I4OFS5HOZTOQLDIZXYZY,25.0,9634ac7cd209cc7e230a4d129580843a,cap,PartNet,463013adc207ca16eb5d382c7eb13b28,cap,PartNet,False,cap/PartNet/463013adc207ca16eb5d382c7eb13b28,cap/PartNet/9634ac7cd209cc7e230a4d129580843a,True,hat,hat,1,"['it', 'has', 'a', 'wide', 'brim']",5,it has a wide brim,train,train,train,train,"[1, 23, 24, 26, 83, 601, 2, 0, 0, 0, 0, 0, 0, 0, 0, 0, 0, 0]",brim
132913,user_1644,The crown is wider.,35H6S234SCT4YHYA4HXLGVUPIQX650,36.0,c49d544f3743bc08d23279d7571c8868,cap,PartNet,77f97b18d27a8905afd2bc3942374579,cap,PartNet,False,cap/PartNet/77f97b18d27a8905afd2bc3942374579,cap/PartNet/c49d544f3743bc08d23279d7571c8868,True,hat,hat,1,"['the', 'crown', 'is', 'wide', '-er']",5,the crown is wide -er,train,train,train,train,"[1, 10, 606, 7, 83, 9, 2, 0, 0, 0, 0, 0, 0, 0, 0, 0, 0, 0]",crown
132914,user_2105,target has longer length crown,3BQU611VFRDAHN2K5EDECLQTUOF99Y,54.0,c49d544f3743bc08d23279d7571c8868,cap,PartNet,77f97b18d27a8905afd2bc3942374579,cap,PartNet,False,cap/PartNet/77f97b18d27a8905afd2bc3942374579,cap/PartNet/c49d544f3743bc08d23279d7571c8868,True,hat,hat,1,"['target', 'has', 'long', '-er', 'length', 'crown']",6,target has long -er length crown,train,train,train,train,"[1, 11, 24, 32, 9, 155, 606, 2, 0, 0, 0, 0, 0, 0, 0, 0, 0, 0]",crown
132915,user_786,Its brim is narrower,3LOTDFNYA9SUUT651BNY01KFVNAWFI,75.0,484d95c416ee10a74ce8c4cc4cdde9b4,cap,PartNet,87c240c20a772f51e6e812c94ac516eb,cap,PartNet,False,cap/PartNet/87c240c20a772f51e6e812c94ac516eb,cap/PartNet/484d95c416ee10a74ce8c4cc4cdde9b4,True,hat,hat,1,"['its', 'brim', 'is', 'narrow', '-er']",5,its brim is narrow -er,train,train,train,train,"[1, 5, 601, 7, 210, 9, 2, 0, 0, 0, 0, 0, 0, 0, 0, 0, 0, 0]",brim
132916,user_1644,The brim is not as wide.,32RIADZISUXRPWS7XPHEC8K30JYS42,46.0,484d95c416ee10a74ce8c4cc4cdde9b4,cap,PartNet,87c240c20a772f51e6e812c94ac516eb,cap,PartNet,False,cap/PartNet/87c240c20a772f51e6e812c94ac516eb,cap/PartNet/484d95c416ee10a74ce8c4cc4cdde9b4,True,hat,hat,1,"['the', 'brim', 'is', 'not', 'as', 'wide']",6,the brim is not as wide,train,train,train,train,"[1, 10, 601, 7, 40, 52, 83, 2, 0, 0, 0, 0, 0, 0, 0, 0, 0, 0]",brim
132917,user_2105,target has taller height crown,3ITXP059PYCHSEBS0W4IIA9MIHFSJM,35.0,484d95c416ee10a74ce8c4cc4cdde9b4,cap,PartNet,87c240c20a772f51e6e812c94ac516eb,cap,PartNet,False,cap/PartNet/87c240c20a772f51e6e812c94ac516eb,cap/PartNet/484d95c416ee10a74ce8c4cc4cdde9b4,True,hat,hat,1,"['target', 'has', 'tall', '-er', 'height', 'crown']",6,target has tall -er height crown,train,train,train,train,"[1, 11, 24, 53, 9, 117, 606, 2, 0, 0, 0, 0, 0, 0, 0, 0, 0, 0]",crown
132920,user_2105,target has a brim not visor,3R8YZBNQ9JBCV3VD7JQGKKPC9YUQ7O,30.0,5dbe1341bec2f70cf0d11ae402ef940e,cap,PartNet,f84abb697315dd7784c54dff812f6abb,cap,PartNet,False,cap/PartNet/f84abb697315dd7784c54dff812f6abb,cap/PartNet/5dbe1341bec2f70cf0d11ae402ef940e,True,hat,hat,1,"['target', 'has', 'a', 'brim', 'not', 'visor']",6,target has a brim not visor,train,train,train,train,"[1, 11, 24, 26, 601, 40, 605, 2, 0, 0, 0, 0, 0, 0, 0, 0, 0, 0]",brim
132922,user_1644,It has a brim.,39O5D9O87VLQ0JK70PMVNYOF0GHC38,30.0,889204300c03ae7dc8687ff9b0b4e4ac,cap,PartNet,b0bdecad995dca22f316a08d4796320f,cap,PartNet,False,cap/PartNet/b0bdecad995dca22f316a08d4796320f,cap/PartNet/889204300c03ae7dc8687ff9b0b4e4ac,True,hat,hat,1,"['it', 'has', 'a', 'brim']",4,it has a brim,test,train,test,train,"[1, 23, 24, 26, 601, 2, 0, 0, 0, 0, 0, 0, 0, 0, 0, 0, 0, 0]",brim
132923,user_2105,targer has brim,3P1L2B7AD3I8PC7ZW0ZMEKCDPHJOLP,29.0,889204300c03ae7dc8687ff9b0b4e4ac,cap,PartNet,b0bdecad995dca22f316a08d4796320f,cap,PartNet,False,cap/PartNet/b0bdecad995dca22f316a08d4796320f,cap/PartNet/889204300c03ae7dc8687ff9b0b4e4ac,True,hat,hat,1,"['target', 'has', 'brim']",3,target has brim,test,train,test,train,"[1, 11, 24, 601, 2, 0, 0, 0, 0, 0, 0, 0, 0, 0, 0, 0, 0, 0]",brim
132925,user_1529,The crown doesn't taper as much towards the top.,3UXUOQ9OKGQK8NOWINTUUKA75GCA75,65.0,c721e05c676faf20a9aa61915b4add2d,cap,PartNet,b08d714d0617f5d5305be49cf697a665,cap,PartNet,False,cap/PartNet/b08d714d0617f5d5305be49cf697a665,cap/PartNet/c721e05c676faf20a9aa61915b4add2d,True,hat,hat,1,"['the', 'crown', 'does', 'not', 'taper', 'as', 'much', 'towards', 'the', 'top']",10,the crown does not taper as much towards the top,val,train,val,train,"[1, 10, 606, 39, 40, 753, 52, 59, 382, 10, 99, 2, 0, 0, 0, 0, 0, 0]",crown
132927,user_1143,The target has a pointed top,3U0SRXB7CFY1AP2005W5L7L75YBNR5,44.0,a444fff8c769de616a10eb60523df1e9,cap,ShapeNet,60153b9c1dc500a93d8dd242efdcdeb,cap,PartNet,False,cap/PartNet/60153b9c1dc500a93d8dd242efdcdeb,cap/ShapeNet/a444fff8c769de616a10eb60523df1e9,False,hat,cap,1,"['the', 'target', 'has', 'a', 'pointed', 'top']",6,the target has a pointed top,train,train,train,train,"[1, 10, 11, 24, 26, 387, 99, 2, 0, 0, 0, 0, 0, 0, 0, 0, 0, 0]",crown
132931,user_786,Its brim has a raised lip around the outside perimeter,3IO1LGZLKBQNLZHC2F4OSF4GKH668C,62.0,26239157c6539065895d3362333efa72,cap,PartNet,d196cee1204df9027bd9558057bfa0b3,cap,PartNet,False,cap/PartNet/d196cee1204df9027bd9558057bfa0b3,cap/PartNet/26239157c6539065895d3362333efa72,True,hat,hat,1,"['its', 'brim', 'has', 'a', 'raised', 'lip', 'around', 'the', 'outside', 'perimeter']",10,its brim has a raised lip around the outside perimeter,train,train,train,train,"[1, 5, 601, 24, 26, 681, 125, 239, 10, 1636, 1519, 2, 0, 0, 0, 0, 0, 0]",brim
132932,user_1644,The brim is wider.,3WOKGM4L739VSGID77D3G0KPMKAO0K,22.0,26239157c6539065895d3362333efa72,cap,PartNet,d196cee1204df9027bd9558057bfa0b3,cap,PartNet,False,cap/PartNet/d196cee1204df9027bd9558057bfa0b3,cap/PartNet/26239157c6539065895d3362333efa72,True,hat,hat,1,"['the', 'brim', 'is', 'wide', '-er']",5,the brim is wide -er,train,train,train,train,"[1, 10, 601, 7, 83, 9, 2, 0, 0, 0, 0, 0, 0, 0, 0, 0, 0, 0]",brim
132933,user_203,The crown is taller.,34V1S5K3GUUNZ40M77A2SBZR4NO691,57.0,b0b7e7e0e34b4f79487003545673a337,cap,PartNet,ed352b53b17b6119e762cf5917cef4ef,cap,ShapeNet,False,cap/ShapeNet/ed352b53b17b6119e762cf5917cef4ef,cap/PartNet/b0b7e7e0e34b4f79487003545673a337,True,cap,hat,1,"['the', 'crown', 'is', 'tall', '-er']",5,the crown is tall -er,train,train,train,train,"[1, 10, 606, 7, 53, 9, 2, 0, 0, 0, 0, 0, 0, 0, 0, 0, 0, 0]",crown
132934,user_1644,The crown is taller.,3II4UPYCOL0SCCWNYWT2KCZ8V86QDO,29.0,b0b7e7e0e34b4f79487003545673a337,cap,PartNet,ed352b53b17b6119e762cf5917cef4ef,cap,ShapeNet,False,cap/ShapeNet/ed352b53b17b6119e762cf5917cef4ef,cap/PartNet/b0b7e7e0e34b4f79487003545673a337,True,cap,hat,1,"['the', 'crown', 'is', 'tall', '-er']",5,the crown is tall -er,train,train,train,train,"[1, 10, 606, 7, 53, 9, 2, 0, 0, 0, 0, 0, 0, 0, 0, 0, 0, 0]",crown
132935,user_2105,target's brim has upward flaps,3EKVH9QME0XBKTU2WL31OU15F322DY,36.0,b0b7e7e0e34b4f79487003545673a337,cap,PartNet,ed352b53b17b6119e762cf5917cef4ef,cap,ShapeNet,False,cap/ShapeNet/ed352b53b17b6119e762cf5917cef4ef,cap/PartNet/b0b7e7e0e34b4f79487003545673a337,True,cap,hat,1,"['target', ""'s"", 'brim', 'has', 'upward', 'flaps']",6,target 's brim has upward flaps,train,train,train,train,"[1, 11, 12, 601, 24, 79, 673, 2, 0, 0, 0, 0, 0, 0, 0, 0, 0, 0]",brim
132938,user_2105,target has thicker brim,3OONKJ5DKECWC3LN5NAS0HG8DN5BOP,40.0,620b921e3f1a504258a12735d0a1edc9,cap,PartNet,3e5bdecbe9ed004ed65de3ff29a73cde,cap,PartNet,False,cap/PartNet/3e5bdecbe9ed004ed65de3ff29a73cde,cap/PartNet/620b921e3f1a504258a12735d0a1edc9,False,hat,hat,1,"['target', 'has', 'thick', '-er', 'brim']",5,target has thick -er brim,train,train,train,train,"[1, 11, 24, 54, 9, 601, 2, 0, 0, 0, 0, 0, 0, 0, 0, 0, 0, 0]",brim
132939,user_786,Its crown has a flat top,3DY46V3X3RB8FDYWZYNGOPGPMW7556,28.0,26ded18f7b1ad4c83a444f07ecb8c124,cap,PartNet,233a6e7c31de58a33d4bab39ff8346fd,cap,PartNet,False,cap/PartNet/233a6e7c31de58a33d4bab39ff8346fd,cap/PartNet/26ded18f7b1ad4c83a444f07ecb8c124,False,hat,hat,1,"['its', 'crown', 'has', 'a', 'flat', 'top']",6,its crown has a flat top,train,train,train,train,"[1, 5, 606, 24, 26, 129, 99, 2, 0, 0, 0, 0, 0, 0, 0, 0, 0, 0]",crown
132940,user_1633,The target's brim is not as wide.,3CPLWGV3MQSV6P6E6OWJUMLDZC49N3,19.0,26ded18f7b1ad4c83a444f07ecb8c124,cap,PartNet,233a6e7c31de58a33d4bab39ff8346fd,cap,PartNet,False,cap/PartNet/233a6e7c31de58a33d4bab39ff8346fd,cap/PartNet/26ded18f7b1ad4c83a444f07ecb8c124,False,hat,hat,1,"['the', 'target', ""'s"", 'brim', 'is', 'not', 'as', 'wide']",8,the target 's brim is not as wide,train,train,train,train,"[1, 10, 11, 12, 601, 7, 40, 52, 83, 2, 0, 0, 0, 0, 0, 0, 0, 0]",brim
132941,user_1644,The crown is not pointed.,3E13VNJ1NPOL3JSS5V4YA87DF27I1A,20.0,26ded18f7b1ad4c83a444f07ecb8c124,cap,PartNet,233a6e7c31de58a33d4bab39ff8346fd,cap,PartNet,False,cap/PartNet/233a6e7c31de58a33d4bab39ff8346fd,cap/PartNet/26ded18f7b1ad4c83a444f07ecb8c124,False,hat,hat,1,"['the', 'crown', 'is', 'not', 'pointed']",5,the crown is not pointed,train,train,train,train,"[1, 10, 606, 7, 40, 387, 2, 0, 0, 0, 0, 0, 0, 0, 0, 0, 0, 0]",crown
132942,user_203,The brim has a smaller diameter.,39GHHAVOMHKYQT9HAV80K7TG40R4J4,62.0,47d8ea8d4f14119048908f59408795,cap,PartNet,715964d98402b5c691f70edfed6ef8d,cap,PartNet,False,cap/PartNet/715964d98402b5c691f70edfed6ef8d,cap/PartNet/47d8ea8d4f14119048908f59408795,True,hat,hat,1,"['the', 'brim', 'has', 'a', 'small', '-er', 'diameter']",7,the brim has a small -er diameter,test,train,test,train,"[1, 10, 601, 24, 26, 111, 9, 268, 2, 0, 0, 0, 0, 0, 0, 0, 0, 0]",brim
132943,user_1644,The brim is thinner.,3ZQIG0FLQG9JQQSV1QS2INN1JGRWVX,56.0,47d8ea8d4f14119048908f59408795,cap,PartNet,715964d98402b5c691f70edfed6ef8d,cap,PartNet,False,cap/PartNet/715964d98402b5c691f70edfed6ef8d,cap/PartNet/47d8ea8d4f14119048908f59408795,True,hat,hat,1,"['the', 'brim', 'is', 'thin', '-er']",5,the brim is thin -er,test,train,test,train,"[1, 10, 601, 7, 60, 9, 2, 0, 0, 0, 0, 0, 0, 0, 0, 0, 0, 0]",brim
132944,user_1964,the top surface area is smaller,339ANSOTR7VN9KEED5AGFN3CO7MIKQ,48.0,47d8ea8d4f14119048908f59408795,cap,PartNet,715964d98402b5c691f70edfed6ef8d,cap,PartNet,False,cap/PartNet/715964d98402b5c691f70edfed6ef8d,cap/PartNet/47d8ea8d4f14119048908f59408795,True,hat,hat,1,"['the', 'top', 'surface', 'area', 'is', 'small', '-er']",7,the top surface area is small -er,test,train,test,train,"[1, 10, 99, 334, 590, 7, 111, 9, 2, 0, 0, 0, 0, 0, 0, 0, 0, 0]",crown
132945,user_786,Its brim's bottom side is visible,3B3WTRP3DDVZH3HLK5YZ2YIFOIC296,80.0,b5a6c597fefeaa0598095901ddb7e8e7,cap,PartNet,4c818a2a478b13db1e4e75745130e652,cap,PartNet,False,cap/PartNet/4c818a2a478b13db1e4e75745130e652,cap/PartNet/b5a6c597fefeaa0598095901ddb7e8e7,True,hat,hat,1,"['its', 'brim', ""'s"", 'bottom', 'side', 'is', 'visible']",7,its brim 's bottom side is visible,train,train,train,train,"[1, 5, 601, 12, 76, 22, 7, 185, 2, 0, 0, 0, 0, 0, 0, 0, 0, 0]",brim
132946,user_920,The target has a thinner brim.,3LO69W1SU56KXZQ18HME9B3BYU0GL0,55.0,b5a6c597fefeaa0598095901ddb7e8e7,cap,PartNet,4c818a2a478b13db1e4e75745130e652,cap,PartNet,False,cap/PartNet/4c818a2a478b13db1e4e75745130e652,cap/PartNet/b5a6c597fefeaa0598095901ddb7e8e7,True,hat,hat,1,"['the', 'target', 'has', 'a', 'thin', '-er', 'brim']",7,the target has a thin -er brim,train,train,train,train,"[1, 10, 11, 24, 26, 60, 9, 601, 2, 0, 0, 0, 0, 0, 0, 0, 0, 0]",brim
132947,user_2105,target has thinner brim,3570Y55XZRC4XYX0RWB43J577ABYGJ,53.0,b5a6c597fefeaa0598095901ddb7e8e7,cap,PartNet,4c818a2a478b13db1e4e75745130e652,cap,PartNet,False,cap/PartNet/4c818a2a478b13db1e4e75745130e652,cap/PartNet/b5a6c597fefeaa0598095901ddb7e8e7,True,hat,hat,1,"['target', 'has', 'thin', '-er', 'brim']",5,target has thin -er brim,train,train,train,train,"[1, 11, 24, 60, 9, 601, 2, 0, 0, 0, 0, 0, 0, 0, 0, 0, 0, 0]",brim
132948,user_203,The crown is taller.,3R2UR8A0IC93P6OOAJ2APE70WQ9OXR,80.0,d0919880bdf7eec8fe5dfc44db6ed8eb,cap,PartNet,4bd0b6df02772d8f59c9250a427b57f,cap,ShapeNet,False,cap/ShapeNet/4bd0b6df02772d8f59c9250a427b57f,cap/PartNet/d0919880bdf7eec8fe5dfc44db6ed8eb,True,cap,hat,1,"['the', 'crown', 'is', 'tall', '-er']",5,the crown is tall -er,test,train,test,train,"[1, 10, 606, 7, 53, 9, 2, 0, 0, 0, 0, 0, 0, 0, 0, 0, 0, 0]",crown
132953,user_1644,The brim is wider.,3ERET4BTVO2UYJLB9B432U495H3K9D,32.0,17507563e90313433f19716eab42752,cap,PartNet,b3ccfa337100028088f5610828331858,cap,PartNet,False,cap/PartNet/b3ccfa337100028088f5610828331858,cap/PartNet/17507563e90313433f19716eab42752,True,hat,hat,1,"['the', 'brim', 'is', 'wide', '-er']",5,the brim is wide -er,train,train,train,train,"[1, 10, 601, 7, 83, 9, 2, 0, 0, 0, 0, 0, 0, 0, 0, 0, 0, 0]",brim
132954,user_1143,The target has a brim the whole way around,3QRYMNZ7F0AEQ4FS4U10LMMPTJ8NTI,80.0,c1e8ad86328cefba1032b754478d4b36,cap,PartNet,f1a3280859c83c2ebfabbbce99807de9,cap,PartNet,False,cap/PartNet/f1a3280859c83c2ebfabbbce99807de9,cap/PartNet/c1e8ad86328cefba1032b754478d4b36,False,hat,hat,1,"['the', 'target', 'has', 'a', 'brim', 'the', 'whole', 'way', 'around']",9,the target has a brim the whole way around,train,train,train,train,"[1, 10, 11, 24, 26, 601, 10, 472, 471, 239, 2, 0, 0, 0, 0, 0, 0, 0]",brim
132956,user_2105,target has visor around entire crown,3QXNC7EIPKOSLTE75IULJAP0RK109T,71.0,c1e8ad86328cefba1032b754478d4b36,cap,PartNet,f1a3280859c83c2ebfabbbce99807de9,cap,PartNet,False,cap/PartNet/f1a3280859c83c2ebfabbbce99807de9,cap/PartNet/c1e8ad86328cefba1032b754478d4b36,False,hat,hat,1,"['target', 'has', 'visor', 'around', 'entire', 'crown']",6,target has visor around entire crown,train,train,train,train,"[1, 11, 24, 605, 239, 516, 606, 2, 0, 0, 0, 0, 0, 0, 0, 0, 0, 0]",crown
132958,user_1529,There is no brim that goes all the way around.,3XIQGXAUME1W40WPTXL8ESL560PX7Y,185.0,b9be3ecb04284bebdde3c649189c2dd4,cap,PartNet,8b2951e32e0906bb5f6cb4951755315c,cap,ShapeNet,False,cap/ShapeNet/8b2951e32e0906bb5f6cb4951755315c,cap/PartNet/b9be3ecb04284bebdde3c649189c2dd4,False,cap,hat,1,"['there', 'is', 'no', 'brim', 'that', 'goes', 'all', 'the', 'way', 'around']",10,there is no brim that goes all the way around,train,train,train,train,"[1, 15, 7, 123, 601, 172, 394, 367, 10, 471, 239, 2, 0, 0, 0, 0, 0, 0]",brim
132959,user_1644,It is not a top hat.,3B837J3LDQPYQ2U581DRK1VDSXIRSK,15.0,b9be3ecb04284bebdde3c649189c2dd4,cap,PartNet,8b2951e32e0906bb5f6cb4951755315c,cap,ShapeNet,False,cap/ShapeNet/8b2951e32e0906bb5f6cb4951755315c,cap/PartNet/b9be3ecb04284bebdde3c649189c2dd4,False,cap,hat,1,"['it', 'is', 'not', 'a', 'top', 'hat']",6,it is not a top hat,train,train,train,train,"[1, 23, 7, 40, 26, 99, 602, 2, 0, 0, 0, 0, 0, 0, 0, 0, 0, 0]",crown
132963,user_786,"Its crown is a symmetric vertical cone, NOT a slanted cone",3KGTPGBS6ZEX1V5OIGTQYU5T12N2UW,47.0,bf120175fed89392954cc04e9b526b85,cap,PartNet,c5d20fc28adf769b1802624b30ec569e,cap,PartNet,False,cap/PartNet/c5d20fc28adf769b1802624b30ec569e,cap/PartNet/bf120175fed89392954cc04e9b526b85,True,hat,hat,1,"['its', 'crown', 'is', 'a', 'symmetric', 'vertical', 'cone', 'not', 'a', 'slanted', 'cone']",11,its crown is a symmetric vertical cone not a slanted cone,train,train,train,train,"[1, 5, 606, 7, 26, 788, 283, 143, 40, 26, 674, 143, 2, 0, 0, 0, 0, 0]",crown
132965,user_1633,The target's crown is shorter.,3PPTZCWALSDVFD1JQEIZB4IBJQFZQV,43.0,bf120175fed89392954cc04e9b526b85,cap,PartNet,c5d20fc28adf769b1802624b30ec569e,cap,PartNet,False,cap/PartNet/c5d20fc28adf769b1802624b30ec569e,cap/PartNet/bf120175fed89392954cc04e9b526b85,True,hat,hat,1,"['the', 'target', ""'s"", 'crown', 'is', 'short', '-er']",7,the target 's crown is short -er,train,train,train,train,"[1, 10, 11, 12, 606, 7, 8, 9, 2, 0, 0, 0, 0, 0, 0, 0, 0, 0]",crown
132966,user_786,Its brim has a large irregularly shaped blob embedded at the front,3PEIJLRY6VMBUFXQ15TK68KMZRZXW1,106.0,2f347d95d4a2dae3e762cf5917cef4ef,cap,ShapeNet,985e86f7ecaec93d41c01a2987577d0c,cap,PartNet,False,cap/PartNet/985e86f7ecaec93d41c01a2987577d0c,cap/ShapeNet/2f347d95d4a2dae3e762cf5917cef4ef,True,hat,cap,1,"['its', 'brim', 'has', 'a', 'large', 'irregularly', 'shaped', 'blob', 'embedded', 'at', 'the', 'front']",12,its brim has a large irregularly shaped blob embedded at the front,train,train,train,train,"[1, 5, 601, 24, 26, 94, 1232, 14, 2787, 2779, 98, 10, 37, 2, 0, 0, 0, 0]",brim
132967,user_1633,The target has a smaller brim.,3A1PQ49WVJAL7OH8ZDMDAW6YFO71HD,28.0,2f347d95d4a2dae3e762cf5917cef4ef,cap,ShapeNet,985e86f7ecaec93d41c01a2987577d0c,cap,PartNet,False,cap/PartNet/985e86f7ecaec93d41c01a2987577d0c,cap/ShapeNet/2f347d95d4a2dae3e762cf5917cef4ef,True,hat,cap,1,"['the', 'target', 'has', 'a', 'small', '-er', 'brim']",7,the target has a small -er brim,train,train,train,train,"[1, 10, 11, 24, 26, 111, 9, 601, 2, 0, 0, 0, 0, 0, 0, 0, 0, 0]",brim
132968,user_1644,The crown is shorter.,3ZWFC4W1UW0PMXPJ2HDSD2CY37ORF1,31.0,2f347d95d4a2dae3e762cf5917cef4ef,cap,ShapeNet,985e86f7ecaec93d41c01a2987577d0c,cap,PartNet,False,cap/PartNet/985e86f7ecaec93d41c01a2987577d0c,cap/ShapeNet/2f347d95d4a2dae3e762cf5917cef4ef,True,hat,cap,1,"['the', 'crown', 'is', 'short', '-er']",5,the crown is short -er,train,train,train,train,"[1, 10, 606, 7, 8, 9, 2, 0, 0, 0, 0, 0, 0, 0, 0, 0, 0, 0]",crown
132973,user_1644,The crown is more pointed.,3C6FJU71TSMN2GYVB10L7Y6YGHIYU9,18.0,a0ab4dc115f1b4f3b26ac8618c0d5a9,cap,PartNet,13b825962a6217ff4691bd87e7b046b1,cap,PartNet,False,cap/PartNet/13b825962a6217ff4691bd87e7b046b1,cap/PartNet/a0ab4dc115f1b4f3b26ac8618c0d5a9,True,hat,hat,1,"['the', 'crown', 'is', 'more', 'pointed']",5,the crown is more pointed,train,train,train,train,"[1, 10, 606, 7, 34, 387, 2, 0, 0, 0, 0, 0, 0, 0, 0, 0, 0, 0]",crown
132975,user_491,The target does not have a button on top.,39ASUFLU6Z0HDFBZG5ZEK2DMSNTEX1,108.0,6cfb76b40fc41da2a6e67635b9d1cee5,cap,ShapeNet,26239157c6539065895d3362333efa72,cap,PartNet,False,cap/PartNet/26239157c6539065895d3362333efa72,cap/ShapeNet/6cfb76b40fc41da2a6e67635b9d1cee5,False,hat,cap,1,"['the', 'target', 'does', 'not', 'have', 'a', 'button', 'on', 'top']",9,the target does not have a button on top,train,train,train,train,"[1, 10, 11, 39, 40, 84, 26, 596, 20, 99, 2, 0, 0, 0, 0, 0, 0, 0]",crown
132978,user_920,The target's brim is larger.,30BXRYBRP6QE8PXBW1BY3MWSB1HHWT,69.0,87c240c20a772f51e6e812c94ac516eb,cap,PartNet,a8ddbd8c9cdb3088d2eebe596133133e,cap,PartNet,False,cap/PartNet/a8ddbd8c9cdb3088d2eebe596133133e,cap/PartNet/87c240c20a772f51e6e812c94ac516eb,False,hat,hat,1,"['the', 'target', ""'s"", 'brim', 'is', 'large', '-er']",7,the target 's brim is large -er,val,train,val,train,"[1, 10, 11, 12, 601, 7, 94, 9, 2, 0, 0, 0, 0, 0, 0, 0, 0, 0]",brim
132980,user_1644,The brim is wider and asymmetrical.,3LPW2N6LKVVP0SOB0ZVOW185LDXU5A,67.0,87c240c20a772f51e6e812c94ac516eb,cap,PartNet,a8ddbd8c9cdb3088d2eebe596133133e,cap,PartNet,False,cap/PartNet/a8ddbd8c9cdb3088d2eebe596133133e,cap/PartNet/87c240c20a772f51e6e812c94ac516eb,False,hat,hat,1,"['the', 'brim', 'is', 'wide', '-er', 'and', 'asymmetrical']",7,the brim is wide -er and asymmetrical,val,train,val,train,"[1, 10, 601, 7, 83, 9, 47, 1101, 2, 0, 0, 0, 0, 0, 0, 0, 0, 0]",brim
132982,user_1633,The target is not pointed at the top.,3DBQWDE4Y8RC52423YJ2I6GBDGMN5R,21.0,824e0bb9c53a50d27c010a074193cb9e,cap,PartNet,d18c3ce1f186c16976bb31db0358e9c6,cap,ShapeNet,False,cap/ShapeNet/d18c3ce1f186c16976bb31db0358e9c6,cap/PartNet/824e0bb9c53a50d27c010a074193cb9e,False,cap,hat,1,"['the', 'target', 'is', 'not', 'pointed', 'at', 'the', 'top']",8,the target is not pointed at the top,train,train,train,train,"[1, 10, 11, 7, 40, 387, 98, 10, 99, 2, 0, 0, 0, 0, 0, 0, 0, 0]",crown
132984,user_1577,comes to a point at the top,3AUQQEL7U7MQI0RA8JZHBSEXIBCV0U,65.0,96a9f36ce97a067aa99fc65b413040d6,cap,PartNet,56f2db4609b14073230a4d129580843a,cap,PartNet,False,cap/PartNet/56f2db4609b14073230a4d129580843a,cap/PartNet/96a9f36ce97a067aa99fc65b413040d6,True,hat,hat,1,"['comes', 'to', 'a', 'point', 'at', 'the', 'top']",7,comes to a point at the top,train,train,train,train,"[1, 88, 58, 26, 412, 98, 10, 99, 2, 0, 0, 0, 0, 0, 0, 0, 0, 0]",crown
132987,user_920,The target's brim is curved.,3KIBXJ1WD7NX56PHB0NLZKZY0GMKOO,40.0,484d95c416ee10a74ce8c4cc4cdde9b4,cap,PartNet,fc4bf4203c69da43b5c87aa520cf194f,cap,PartNet,False,cap/PartNet/fc4bf4203c69da43b5c87aa520cf194f,cap/PartNet/484d95c416ee10a74ce8c4cc4cdde9b4,True,hat,hat,1,"['the', 'target', ""'s"", 'brim', 'is', 'curved']",6,the target 's brim is curved,train,train,train,train,"[1, 10, 11, 12, 601, 7, 51, 2, 0, 0, 0, 0, 0, 0, 0, 0, 0, 0]",brim
132988,user_1577,more of a top hat style,3H0W84IWBMVXGJPN76TMVKRYR68ER5,39.0,484d95c416ee10a74ce8c4cc4cdde9b4,cap,PartNet,fc4bf4203c69da43b5c87aa520cf194f,cap,PartNet,False,cap/PartNet/fc4bf4203c69da43b5c87aa520cf194f,cap/PartNet/484d95c416ee10a74ce8c4cc4cdde9b4,True,hat,hat,1,"['more', 'of', 'a', 'top', 'hat', 'style']",6,more of a top hat style,train,train,train,train,"[1, 34, 38, 26, 99, 602, 250, 2, 0, 0, 0, 0, 0, 0, 0, 0, 0, 0]",crown
132989,user_1644,The crown is taller.,33CID57106MJ3NEDD2FUQHE2UPUL3W,20.0,484d95c416ee10a74ce8c4cc4cdde9b4,cap,PartNet,fc4bf4203c69da43b5c87aa520cf194f,cap,PartNet,False,cap/PartNet/fc4bf4203c69da43b5c87aa520cf194f,cap/PartNet/484d95c416ee10a74ce8c4cc4cdde9b4,True,hat,hat,1,"['the', 'crown', 'is', 'tall', '-er']",5,the crown is tall -er,train,train,train,train,"[1, 10, 606, 7, 53, 9, 2, 0, 0, 0, 0, 0, 0, 0, 0, 0, 0, 0]",crown
132991,user_1123,There is not bottom on top of the hat,3P529IW9K0EEJZU6XXGWRQ3ZXFYFLY,57.0,e4c27195b931d006e80ec0e940065c4c,cap,PartNet,320573ba807dc5578c26f7b0dfd20a86,cap,PartNet,False,cap/PartNet/320573ba807dc5578c26f7b0dfd20a86,cap/PartNet/e4c27195b931d006e80ec0e940065c4c,False,hat,hat,1,"['there', 'is', 'not', 'bottom', 'on', 'top', 'of', 'the', 'hat']",9,there is not bottom on top of the hat,train,train,train,train,"[1, 15, 7, 40, 76, 20, 99, 38, 10, 602, 2, 0, 0, 0, 0, 0, 0, 0]",crown
132992,user_1633,The target does not have a large cone on top.,3DH6GAKTY0I4OFS5HOZTOQLDIZWYZX,30.0,e4c27195b931d006e80ec0e940065c4c,cap,PartNet,320573ba807dc5578c26f7b0dfd20a86,cap,PartNet,False,cap/PartNet/320573ba807dc5578c26f7b0dfd20a86,cap/PartNet/e4c27195b931d006e80ec0e940065c4c,False,hat,hat,1,"['the', 'target', 'does', 'not', 'have', 'a', 'large', 'cone', 'on', 'top']",10,the target does not have a large cone on top,train,train,train,train,"[1, 10, 11, 39, 40, 84, 26, 94, 143, 20, 99, 2, 0, 0, 0, 0, 0, 0]",crown
132993,user_90,It has a square bill,33F859I5686MKMZ01AF2G8J711PBHZ,44.0,bfdcb0d592aa35698b3247ca9bcd5b10,cap,PartNet,357c2a333ffefc3e90f80ab08ae6ce2,cap,ShapeNet,False,cap/ShapeNet/357c2a333ffefc3e90f80ab08ae6ce2,cap/PartNet/bfdcb0d592aa35698b3247ca9bcd5b10,False,cap,hat,1,"['it', 'has', 'a', 'square', 'bill']",5,it has a square bill,test,train,test,train,"[1, 23, 24, 26, 50, 603, 2, 0, 0, 0, 0, 0, 0, 0, 0, 0, 0, 0]",brim
132996,user_203,It has a spherical shaped crown.,36DSNE9QZ7R2UMJZTFN9Y5ZLLSSJOW,264.0,ed352b53b17b6119e762cf5917cef4ef,cap,ShapeNet,60104a0945f83b063f30fadefd6911f2,cap,ShapeNet,False,cap/ShapeNet/60104a0945f83b063f30fadefd6911f2,cap/ShapeNet/ed352b53b17b6119e762cf5917cef4ef,False,cap,cap,1,"['it', 'has', 'a', 'spherical', 'shaped', 'crown']",6,it has a spherical shaped crown,train,train,train,train,"[1, 23, 24, 26, 293, 14, 606, 2, 0, 0, 0, 0, 0, 0, 0, 0, 0, 0]",crown
132997,user_1633,The target has a more rounded top.,3MHW492WW26NLEYHXOMF9PLALEEMVX,33.0,ed352b53b17b6119e762cf5917cef4ef,cap,ShapeNet,60104a0945f83b063f30fadefd6911f2,cap,ShapeNet,False,cap/ShapeNet/60104a0945f83b063f30fadefd6911f2,cap/ShapeNet/ed352b53b17b6119e762cf5917cef4ef,False,cap,cap,1,"['the', 'target', 'has', 'a', 'more', 'rounded', 'top']",7,the target has a more rounded top,train,train,train,train,"[1, 10, 11, 24, 26, 34, 48, 99, 2, 0, 0, 0, 0, 0, 0, 0, 0, 0]",crown
132998,user_1689,It has a front brim only.,3LWJHTCVCEFPAWAJP2OS8C2T7MUFQY,45.0,ed352b53b17b6119e762cf5917cef4ef,cap,ShapeNet,60104a0945f83b063f30fadefd6911f2,cap,ShapeNet,False,cap/ShapeNet/60104a0945f83b063f30fadefd6911f2,cap/ShapeNet/ed352b53b17b6119e762cf5917cef4ef,False,cap,cap,1,"['it', 'has', 'a', 'front', 'brim', 'only']",6,it has a front brim only,train,train,train,train,"[1, 23, 24, 26, 37, 601, 133, 2, 0, 0, 0, 0, 0, 0, 0, 0, 0, 0]",brim
133002,user_1529,There is no brim.,36PW28KO41P5H2365V700U2OR2LEAY,53.0,81d58b65303dc155a8963fe61f2bc75f,cap,PartNet,78ffdd0f1440161ca7591d4119c4254f,cap,PartNet,False,cap/PartNet/78ffdd0f1440161ca7591d4119c4254f,cap/PartNet/81d58b65303dc155a8963fe61f2bc75f,True,hat,hat,1,"['there', 'is', 'no', 'brim']",4,there is no brim,val,train,val,train,"[1, 15, 7, 123, 601, 2, 0, 0, 0, 0, 0, 0, 0, 0, 0, 0, 0, 0]",brim
133005,user_203,The crown is spherical.,39K0FND3AJ83TQVJMTVJD27X05LMA6,80.0,f1a3280859c83c2ebfabbbce99807de9,cap,PartNet,620b921e3f1a504258a12735d0a1edc9,cap,PartNet,False,cap/PartNet/620b921e3f1a504258a12735d0a1edc9,cap/PartNet/f1a3280859c83c2ebfabbbce99807de9,False,hat,hat,1,"['the', 'crown', 'is', 'spherical']",4,the crown is spherical,train,train,train,train,"[1, 10, 606, 7, 293, 2, 0, 0, 0, 0, 0, 0, 0, 0, 0, 0, 0, 0]",crown
133008,user_203,The diameter of the crown is larger.,3KV0LJBBH4EVS7H0O4H58SW7085RMD,72.0,5c4122d7fa08f514796410d3fd165433,cap,PartNet,d243dfb497b2a51bf784e4a55df53109,cap,PartNet,False,cap/PartNet/d243dfb497b2a51bf784e4a55df53109,cap/PartNet/5c4122d7fa08f514796410d3fd165433,True,hat,hat,1,"['the', 'diameter', 'of', 'the', 'crown', 'is', 'large', '-er']",8,the diameter of the crown is large -er,train,train,train,train,"[1, 10, 268, 38, 10, 606, 7, 94, 9, 2, 0, 0, 0, 0, 0, 0, 0, 0]",crown
133009,user_786,Its brim is wider,3D4CH1LGECMPWXPSJKJO42CGY1P9G4,71.0,5c4122d7fa08f514796410d3fd165433,cap,PartNet,d243dfb497b2a51bf784e4a55df53109,cap,PartNet,False,cap/PartNet/d243dfb497b2a51bf784e4a55df53109,cap/PartNet/5c4122d7fa08f514796410d3fd165433,True,hat,hat,1,"['its', 'brim', 'is', 'wide', '-er']",5,its brim is wide -er,train,train,train,train,"[1, 5, 601, 7, 83, 9, 2, 0, 0, 0, 0, 0, 0, 0, 0, 0, 0, 0]",brim
133010,user_1577,brim depth is greater,3X4MXAO0BIHRXJBES6NSHQYYYACRWX,111.0,5c4122d7fa08f514796410d3fd165433,cap,PartNet,d243dfb497b2a51bf784e4a55df53109,cap,PartNet,False,cap/PartNet/d243dfb497b2a51bf784e4a55df53109,cap/PartNet/5c4122d7fa08f514796410d3fd165433,True,hat,hat,1,"['brim', 'depth', 'is', 'great', '-er']",5,brim depth is great -er,train,train,train,train,"[1, 601, 607, 7, 188, 9, 2, 0, 0, 0, 0, 0, 0, 0, 0, 0, 0, 0]",brim
133011,user_90,The brim is bigger,3B1NLC6UG1PAOK5Z09FLQSCV378GPB,51.0,56bb0a2e6f729993fa5b6212657ae4a4,cap,PartNet,2b1a1d63bd7e931c12a8043ef6529707,cap,PartNet,False,cap/PartNet/2b1a1d63bd7e931c12a8043ef6529707,cap/PartNet/56bb0a2e6f729993fa5b6212657ae4a4,True,hat,hat,1,"['the', 'brim', 'is', 'big', '-er']",5,the brim is big -er,train,train,train,train,"[1, 10, 601, 7, 320, 9, 2, 0, 0, 0, 0, 0, 0, 0, 0, 0, 0, 0]",brim
133013,user_1644,The brim is wider.,3IQ1VMJRYVDOM6CPXKRE8G1D0569AK,64.0,56bb0a2e6f729993fa5b6212657ae4a4,cap,PartNet,2b1a1d63bd7e931c12a8043ef6529707,cap,PartNet,False,cap/PartNet/2b1a1d63bd7e931c12a8043ef6529707,cap/PartNet/56bb0a2e6f729993fa5b6212657ae4a4,True,hat,hat,1,"['the', 'brim', 'is', 'wide', '-er']",5,the brim is wide -er,train,train,train,train,"[1, 10, 601, 7, 83, 9, 2, 0, 0, 0, 0, 0, 0, 0, 0, 0, 0, 0]",brim
133017,user_156,Its crown is topped with a ball shape.,3WAKVUDHUY94NW2UOSALULM1CIA7UI,54.0,2854677f4c733bcc606dbe05096195ae,cap,PartNet,e4c27195b931d006e80ec0e940065c4c,cap,PartNet,False,cap/PartNet/e4c27195b931d006e80ec0e940065c4c,cap/PartNet/2854677f4c733bcc606dbe05096195ae,False,hat,hat,1,"['its', 'crown', 'is', 'topped', 'with', 'a', 'ball', 'shape']",8,its crown is topped with a ball shape,train,train,train,train,"[1, 5, 606, 7, 779, 121, 26, 668, 93, 2, 0, 0, 0, 0, 0, 0, 0, 0]",crown
133025,user_2105,target has a thicker crown,31QNSG6A5TM6PZVHLP9GYT4CFS887V,77.0,3c75213433a0ad3cc039d45addffe3d3,cap,PartNet,72877ec0bb0b921fb10e410f6c99c299,cap,PartNet,False,cap/PartNet/72877ec0bb0b921fb10e410f6c99c299,cap/PartNet/3c75213433a0ad3cc039d45addffe3d3,True,hat,hat,1,"['target', 'has', 'a', 'thick', '-er', 'crown']",6,target has a thick -er crown,train,train,train,train,"[1, 11, 24, 26, 54, 9, 606, 2, 0, 0, 0, 0, 0, 0, 0, 0, 0, 0]",crown
133032,user_203,The crown is shorter.,338JKRMM28SH1CU8VWF6LXZ1JIIHAM,176.0,5dbe1341bec2f70cf0d11ae402ef940e,cap,PartNet,befe908292dd78d92ef65425c21143ca,cap,PartNet,False,cap/PartNet/befe908292dd78d92ef65425c21143ca,cap/PartNet/5dbe1341bec2f70cf0d11ae402ef940e,True,hat,hat,1,"['the', 'crown', 'is', 'short', '-er']",5,the crown is short -er,train,train,train,train,"[1, 10, 606, 7, 8, 9, 2, 0, 0, 0, 0, 0, 0, 0, 0, 0, 0, 0]",crown
133033,user_1644,The crown is shorter.,3XLBSAQ9Z65L9VW4UF9TBD1GE1XZ79,14.0,5dbe1341bec2f70cf0d11ae402ef940e,cap,PartNet,befe908292dd78d92ef65425c21143ca,cap,PartNet,False,cap/PartNet/befe908292dd78d92ef65425c21143ca,cap/PartNet/5dbe1341bec2f70cf0d11ae402ef940e,True,hat,hat,1,"['the', 'crown', 'is', 'short', '-er']",5,the crown is short -er,train,train,train,train,"[1, 10, 606, 7, 8, 9, 2, 0, 0, 0, 0, 0, 0, 0, 0, 0, 0, 0]",crown
133034,user_1689,Its top has a smaller diameter.,31T4R4OBOU9812LU21PL0F0V5I7C7H,76.0,5dbe1341bec2f70cf0d11ae402ef940e,cap,PartNet,befe908292dd78d92ef65425c21143ca,cap,PartNet,False,cap/PartNet/befe908292dd78d92ef65425c21143ca,cap/PartNet/5dbe1341bec2f70cf0d11ae402ef940e,True,hat,hat,1,"['its', 'top', 'has', 'a', 'small', '-er', 'diameter']",7,its top has a small -er diameter,train,train,train,train,"[1, 5, 99, 24, 26, 111, 9, 268, 2, 0, 0, 0, 0, 0, 0, 0, 0, 0]",crown
133036,user_1644,The crown is taller.,38JBBYETQQ3QFDNPWUX9NRGOZTYE4Y,19.0,484d95c416ee10a74ce8c4cc4cdde9b4,cap,PartNet,6e11cfa7d75ed04a4835c09e4900b4a9,cap,PartNet,False,cap/PartNet/6e11cfa7d75ed04a4835c09e4900b4a9,cap/PartNet/484d95c416ee10a74ce8c4cc4cdde9b4,True,hat,hat,1,"['the', 'crown', 'is', 'tall', '-er']",5,the crown is tall -er,train,train,train,train,"[1, 10, 606, 7, 53, 9, 2, 0, 0, 0, 0, 0, 0, 0, 0, 0, 0, 0]",crown
133037,user_2105,target has taller height crown,3Y4W8Q93L1DKHKS4KVNCQZYGC1CDVY,26.0,484d95c416ee10a74ce8c4cc4cdde9b4,cap,PartNet,6e11cfa7d75ed04a4835c09e4900b4a9,cap,PartNet,False,cap/PartNet/6e11cfa7d75ed04a4835c09e4900b4a9,cap/PartNet/484d95c416ee10a74ce8c4cc4cdde9b4,True,hat,hat,1,"['target', 'has', 'tall', '-er', 'height', 'crown']",6,target has tall -er height crown,train,train,train,train,"[1, 11, 24, 53, 9, 117, 606, 2, 0, 0, 0, 0, 0, 0, 0, 0, 0, 0]",crown
133038,user_203,The crown has more height.,3VZLGYJEYN3FOA2VCSDR5CE4GT8XZW,79.0,d0919880bdf7eec8fe5dfc44db6ed8eb,cap,PartNet,647864ea6669f539379c6a1d59ef7283,cap,PartNet,False,cap/PartNet/647864ea6669f539379c6a1d59ef7283,cap/PartNet/d0919880bdf7eec8fe5dfc44db6ed8eb,True,hat,hat,1,"['the', 'crown', 'has', 'more', 'height']",5,the crown has more height,train,train,train,train,"[1, 10, 606, 24, 34, 117, 2, 0, 0, 0, 0, 0, 0, 0, 0, 0, 0, 0]",crown
133041,user_677,Its crown gets gradually larger in diameter as it rises.,3RXPCZQMQR477SMXF74VPWUX0P3G14,93.0,3e5bdecbe9ed004ed65de3ff29a73cde,cap,PartNet,579cb458787e385af0d11ae402ef940e,cap,PartNet,False,cap/PartNet/579cb458787e385af0d11ae402ef940e,cap/PartNet/3e5bdecbe9ed004ed65de3ff29a73cde,True,hat,hat,1,"['its', 'crown', 'gets', 'gradually', 'large', '-er', 'in', 'diameter', 'as', 'it', 'rises']",11,its crown gets gradually large -er in diameter as it rises,train,train,train,train,"[1, 5, 606, 481, 2852, 94, 9, 90, 268, 52, 23, 375, 2, 0, 0, 0, 0, 0]",crown
133043,user_1143,The target has a sloped top,3MH9DQ757Y5NGPDVHVEF0YZUBLTGUU,58.0,3e5bdecbe9ed004ed65de3ff29a73cde,cap,PartNet,579cb458787e385af0d11ae402ef940e,cap,PartNet,False,cap/PartNet/579cb458787e385af0d11ae402ef940e,cap/PartNet/3e5bdecbe9ed004ed65de3ff29a73cde,True,hat,hat,1,"['the', 'target', 'has', 'a', 'sloped', 'top']",6,the target has a sloped top,train,train,train,train,"[1, 10, 11, 24, 26, 781, 99, 2, 0, 0, 0, 0, 0, 0, 0, 0, 0, 0]",crown
133044,user_1577,crown of hat angles backward,3TS1AR6UQS7F4E54T3FM8LLY2VTF7P,68.0,21449a5560e5482d12fcd71c55eb9d74,cap,PartNet,bf120175fed89392954cc04e9b526b85,cap,PartNet,False,cap/PartNet/bf120175fed89392954cc04e9b526b85,cap/PartNet/21449a5560e5482d12fcd71c55eb9d74,True,hat,hat,1,"['crown', 'of', 'hat', 'angles', 'backward']",5,crown of hat angles backward,train,train,train,train,"[1, 606, 38, 602, 340, 1225, 2, 0, 0, 0, 0, 0, 0, 0, 0, 0, 0, 0]",crown
133045,user_1633,The target is pointed at the top.,3TPWUS5F8BUNRHMVA9XXSVZCY9BCWE,29.0,21449a5560e5482d12fcd71c55eb9d74,cap,PartNet,bf120175fed89392954cc04e9b526b85,cap,PartNet,False,cap/PartNet/bf120175fed89392954cc04e9b526b85,cap/PartNet/21449a5560e5482d12fcd71c55eb9d74,True,hat,hat,1,"['the', 'target', 'is', 'pointed', 'at', 'the', 'top']",7,the target is pointed at the top,train,train,train,train,"[1, 10, 11, 7, 387, 98, 10, 99, 2, 0, 0, 0, 0, 0, 0, 0, 0, 0]",crown
133046,user_1644,The crown is taller.,32KTQ2V7RF8PO7LEUNHJH7WDUNE9MP,23.0,21449a5560e5482d12fcd71c55eb9d74,cap,PartNet,bf120175fed89392954cc04e9b526b85,cap,PartNet,False,cap/PartNet/bf120175fed89392954cc04e9b526b85,cap/PartNet/21449a5560e5482d12fcd71c55eb9d74,True,hat,hat,1,"['the', 'crown', 'is', 'tall', '-er']",5,the crown is tall -er,train,train,train,train,"[1, 10, 606, 7, 53, 9, 2, 0, 0, 0, 0, 0, 0, 0, 0, 0, 0, 0]",crown
133051,user_1633,The target is not flat on top.,3XUHV3NRVMRKV6IR00OPDMJFR4GH5F,28.0,26239157c6539065895d3362333efa72,cap,PartNet,90c6bffdc81cedbeb80102c6e0a7618a,cap,ShapeNet,False,cap/ShapeNet/90c6bffdc81cedbeb80102c6e0a7618a,cap/PartNet/26239157c6539065895d3362333efa72,False,cap,hat,1,"['the', 'target', 'is', 'not', 'flat', 'on', 'top']",7,the target is not flat on top,train,train,train,train,"[1, 10, 11, 7, 40, 129, 20, 99, 2, 0, 0, 0, 0, 0, 0, 0, 0, 0]",crown
133056,user_203,The crown is spherical.,3UNH76FOCUY4P8TM2Z9ZGOP43WOMYG,168.0,579cb458787e385af0d11ae402ef940e,cap,PartNet,e823673c1edd73fb97c426435543a860,cap,ShapeNet,False,cap/ShapeNet/e823673c1edd73fb97c426435543a860,cap/PartNet/579cb458787e385af0d11ae402ef940e,False,cap,hat,1,"['the', 'crown', 'is', 'spherical']",4,the crown is spherical,train,train,train,train,"[1, 10, 606, 7, 293, 2, 0, 0, 0, 0, 0, 0, 0, 0, 0, 0, 0, 0]",crown
133057,user_1633,The target does not have a flat top.,3VBEN272MMS71CLRSQJFLXH6QO7SGP,26.0,579cb458787e385af0d11ae402ef940e,cap,PartNet,e823673c1edd73fb97c426435543a860,cap,ShapeNet,False,cap/ShapeNet/e823673c1edd73fb97c426435543a860,cap/PartNet/579cb458787e385af0d11ae402ef940e,False,cap,hat,1,"['the', 'target', 'does', 'not', 'have', 'a', 'flat', 'top']",8,the target does not have a flat top,train,train,train,train,"[1, 10, 11, 39, 40, 84, 26, 129, 99, 2, 0, 0, 0, 0, 0, 0, 0, 0]",crown
133059,user_1143,The target has a round top,358010RM5GMYFQXLBVOOK618SIYXVS,24.0,d874bb309edb91e04e5a22e049c207b1,cap,PartNet,2854677f4c733bcc606dbe05096195ae,cap,PartNet,False,cap/PartNet/2854677f4c733bcc606dbe05096195ae,cap/PartNet/d874bb309edb91e04e5a22e049c207b1,False,hat,hat,1,"['the', 'target', 'has', 'a', 'round', 'top']",6,the target has a round top,train,train,train,train,"[1, 10, 11, 24, 26, 134, 99, 2, 0, 0, 0, 0, 0, 0, 0, 0, 0, 0]",crown
133061,user_1689,It has a front brim only.,3F0BG9B9MRGL45MZYT7AX6SE87RY7F,84.0,d874bb309edb91e04e5a22e049c207b1,cap,PartNet,2854677f4c733bcc606dbe05096195ae,cap,PartNet,False,cap/PartNet/2854677f4c733bcc606dbe05096195ae,cap/PartNet/d874bb309edb91e04e5a22e049c207b1,False,hat,hat,1,"['it', 'has', 'a', 'front', 'brim', 'only']",6,it has a front brim only,train,train,train,train,"[1, 23, 24, 26, 37, 601, 133, 2, 0, 0, 0, 0, 0, 0, 0, 0, 0, 0]",brim
133063,user_1644,The brim is wider.,3LOTDFNYA9SUUT651BNY01KFVM3WF9,25.0,2935eced813475ffcd89d8aa7fd7b92c,cap,PartNet,13b825962a6217ff4691bd87e7b046b1,cap,PartNet,False,cap/PartNet/13b825962a6217ff4691bd87e7b046b1,cap/PartNet/2935eced813475ffcd89d8aa7fd7b92c,False,hat,hat,1,"['the', 'brim', 'is', 'wide', '-er']",5,the brim is wide -er,train,train,train,train,"[1, 10, 601, 7, 83, 9, 2, 0, 0, 0, 0, 0, 0, 0, 0, 0, 0, 0]",brim
133064,user_2105,target has a triangular crown,3VW04L3ZLVZQJF2GBAP68RYT8UDXX4,58.0,2935eced813475ffcd89d8aa7fd7b92c,cap,PartNet,13b825962a6217ff4691bd87e7b046b1,cap,PartNet,False,cap/PartNet/13b825962a6217ff4691bd87e7b046b1,cap/PartNet/2935eced813475ffcd89d8aa7fd7b92c,False,hat,hat,1,"['target', 'has', 'a', 'triangular', 'crown']",5,target has a triangular crown,train,train,train,train,"[1, 11, 24, 26, 564, 606, 2, 0, 0, 0, 0, 0, 0, 0, 0, 0, 0, 0]",crown
133065,user_615,the crown is flat and unribbed,3WAKVUDHUY94NW2UOSALULM1CJHU7E,122.0,3957332e2d23ff61ce2704286124606b,cap,ShapeNet,ffa613d91ac07e38284432ce2f42f498,cap,PartNet,False,cap/PartNet/ffa613d91ac07e38284432ce2f42f498,cap/ShapeNet/3957332e2d23ff61ce2704286124606b,True,hat,cap,1,"['the', 'crown', 'is', 'flat', 'and', 'ribbed']",6,the crown is flat and ribbed,train,train,train,train,"[1, 10, 606, 7, 129, 47, 2321, 2, 0, 0, 0, 0, 0, 0, 0, 0, 0, 0]",crown
133066,user_1143,The target has a flatter top,39JEC7537WUACSMQKZS16TGYR0AVCO,35.0,3957332e2d23ff61ce2704286124606b,cap,ShapeNet,ffa613d91ac07e38284432ce2f42f498,cap,PartNet,False,cap/PartNet/ffa613d91ac07e38284432ce2f42f498,cap/ShapeNet/3957332e2d23ff61ce2704286124606b,True,hat,cap,1,"['the', 'target', 'has', 'a', 'flat', '-er', 'top']",7,the target has a flat -er top,train,train,train,train,"[1, 10, 11, 24, 26, 129, 9, 99, 2, 0, 0, 0, 0, 0, 0, 0, 0, 0]",crown
133067,user_1644,The crown is taller.,3JNQLM5FT6FUI5IU921P779AOBYL2P,78.0,3957332e2d23ff61ce2704286124606b,cap,ShapeNet,ffa613d91ac07e38284432ce2f42f498,cap,PartNet,False,cap/PartNet/ffa613d91ac07e38284432ce2f42f498,cap/ShapeNet/3957332e2d23ff61ce2704286124606b,True,hat,cap,1,"['the', 'crown', 'is', 'tall', '-er']",5,the crown is tall -er,train,train,train,train,"[1, 10, 606, 7, 53, 9, 2, 0, 0, 0, 0, 0, 0, 0, 0, 0, 0, 0]",crown
133069,user_1529,There are large indentations around the crown.,33SA9F9TRZN2OF69603SIJZFJMHWEM,127.0,14103d87f108ab847cb2a55fa21392b7,cap,PartNet,ce9fbdd20598b670548ef619bebf2d75,cap,PartNet,False,cap/PartNet/ce9fbdd20598b670548ef619bebf2d75,cap/PartNet/14103d87f108ab847cb2a55fa21392b7,True,hat,hat,1,"['there', 'are', 'large', 'indentations', 'around', 'the', 'crown']",7,there are large indentations around the crown,train,train,train,train,"[1, 15, 16, 94, 1065, 239, 10, 606, 2, 0, 0, 0, 0, 0, 0, 0, 0, 0]",crown
133070,user_2105,target has shorter crown height,3E47SOBEYSP5QM2QLSTIR4Q4JZ6IC8,52.0,14103d87f108ab847cb2a55fa21392b7,cap,PartNet,ce9fbdd20598b670548ef619bebf2d75,cap,PartNet,False,cap/PartNet/ce9fbdd20598b670548ef619bebf2d75,cap/PartNet/14103d87f108ab847cb2a55fa21392b7,True,hat,hat,1,"['target', 'has', 'short', '-er', 'crown', 'height']",6,target has short -er crown height,train,train,train,train,"[1, 11, 24, 8, 9, 606, 117, 2, 0, 0, 0, 0, 0, 0, 0, 0, 0, 0]",crown
133071,user_203,It has a visor or bill.,3H7Z272LX90QACJ0B0C13KH3ZMVPLN,141.0,62d4f8a7a8a1dc619ba80f08c401fbed,cap,PartNet,e1c16d76fa8d0289bcbb5732017b0d93,cap,PartNet,False,cap/PartNet/e1c16d76fa8d0289bcbb5732017b0d93,cap/PartNet/62d4f8a7a8a1dc619ba80f08c401fbed,True,hat,hat,1,"['it', 'has', 'a', 'visor', 'or', 'bill']",6,it has a visor or bill,train,train,train,train,"[1, 23, 24, 26, 605, 124, 603, 2, 0, 0, 0, 0, 0, 0, 0, 0, 0, 0]",brim
133074,user_1143,The target is not a top hat,3TOK3KHVJVB9ARIXS6YCVFUCUWMO7M,40.0,f649b3afc815fff1e657bffb92fd93ce,cap,PartNet,bc05db27de8de6354bd07bcd9e7e0abf,cap,PartNet,False,cap/PartNet/bc05db27de8de6354bd07bcd9e7e0abf,cap/PartNet/f649b3afc815fff1e657bffb92fd93ce,True,hat,hat,1,"['the', 'target', 'is', 'not', 'a', 'top', 'hat']",7,the target is not a top hat,train,train,train,train,"[1, 10, 11, 7, 40, 26, 99, 602, 2, 0, 0, 0, 0, 0, 0, 0, 0, 0]",crown
133075,user_1644,The brim is thinner.,37WLF8U1WRJ7G0JDB41RIKD7FHC6K7,30.0,f649b3afc815fff1e657bffb92fd93ce,cap,PartNet,bc05db27de8de6354bd07bcd9e7e0abf,cap,PartNet,False,cap/PartNet/bc05db27de8de6354bd07bcd9e7e0abf,cap/PartNet/f649b3afc815fff1e657bffb92fd93ce,True,hat,hat,1,"['the', 'brim', 'is', 'thin', '-er']",5,the brim is thin -er,train,train,train,train,"[1, 10, 601, 7, 60, 9, 2, 0, 0, 0, 0, 0, 0, 0, 0, 0, 0, 0]",brim
133077,user_920,The target has a brim.,3YOH7BII0B0SVQYECC9ZUCT6W9JKVQ,33.0,3c75213433a0ad3cc039d45addffe3d3,cap,PartNet,1045ec5dd315bb09b3efe792e5724933,cap,PartNet,False,cap/PartNet/1045ec5dd315bb09b3efe792e5724933,cap/PartNet/3c75213433a0ad3cc039d45addffe3d3,False,hat,hat,1,"['the', 'target', 'has', 'a', 'brim']",5,the target has a brim,train,train,train,train,"[1, 10, 11, 24, 26, 601, 2, 0, 0, 0, 0, 0, 0, 0, 0, 0, 0, 0]",brim
133078,user_1633,The target has a brim.,3PH3VY7DJNQ0ZAX52NH53T0X7RWZWZ,20.0,3c75213433a0ad3cc039d45addffe3d3,cap,PartNet,1045ec5dd315bb09b3efe792e5724933,cap,PartNet,False,cap/PartNet/1045ec5dd315bb09b3efe792e5724933,cap/PartNet/3c75213433a0ad3cc039d45addffe3d3,False,hat,hat,1,"['the', 'target', 'has', 'a', 'brim']",5,the target has a brim,train,train,train,train,"[1, 10, 11, 24, 26, 601, 2, 0, 0, 0, 0, 0, 0, 0, 0, 0, 0, 0]",brim
133079,user_1644,The crown is shorter and not pointed.,3WMINLGALDWQK4JS9415A62L6RHCAE,22.0,3c75213433a0ad3cc039d45addffe3d3,cap,PartNet,1045ec5dd315bb09b3efe792e5724933,cap,PartNet,False,cap/PartNet/1045ec5dd315bb09b3efe792e5724933,cap/PartNet/3c75213433a0ad3cc039d45addffe3d3,False,hat,hat,1,"['the', 'crown', 'is', 'short', '-er', 'and', 'not', 'pointed']",8,the crown is short -er and not pointed,train,train,train,train,"[1, 10, 606, 7, 8, 9, 47, 40, 387, 2, 0, 0, 0, 0, 0, 0, 0, 0]",crown
133081,user_1529,"The crown is two triangles put together, attached at the points.",3NLZY2D53RIBAOKFBDRQ3P7D4I1LQU,47.0,3c2a6e6704d24b71325036f2a8f48b04,cap,PartNet,1655aeff6e4ec121bfedd927d2c565df,cap,PartNet,False,cap/PartNet/1655aeff6e4ec121bfedd927d2c565df,cap/PartNet/3c2a6e6704d24b71325036f2a8f48b04,True,hat,hat,1,"['the', 'crown', 'is', 'two', 'triangles', 'put', 'together', 'attached', 'at', 'the', 'points']",11,the crown is two triangles put together attached at the points,train,train,train,train,"[1, 10, 606, 7, 17, 862, 1888, 220, 115, 98, 10, 298, 2, 0, 0, 0, 0, 0]",crown
133082,user_2105,target has longer length brim,34QN5IT0T1KS7OVX0QO7JEUP7E280V,51.0,3c2a6e6704d24b71325036f2a8f48b04,cap,PartNet,1655aeff6e4ec121bfedd927d2c565df,cap,PartNet,False,cap/PartNet/1655aeff6e4ec121bfedd927d2c565df,cap/PartNet/3c2a6e6704d24b71325036f2a8f48b04,True,hat,hat,1,"['target', 'has', 'long', '-er', 'length', 'brim']",6,target has long -er length brim,train,train,train,train,"[1, 11, 24, 32, 9, 155, 601, 2, 0, 0, 0, 0, 0, 0, 0, 0, 0, 0]",brim
133092,user_203,It does not have a tapered crown.,31IBVUNM9USHF460B1I2EZ11OEKFV3,120.0,35bbeb0e828835a757c2f3d4234affb,cap,PartNet,23d52d07b2bd7973cbb1d488e5017b1e,cap,PartNet,False,cap/PartNet/23d52d07b2bd7973cbb1d488e5017b1e,cap/PartNet/35bbeb0e828835a757c2f3d4234affb,False,hat,hat,1,"['it', 'does', 'not', 'have', 'a', 'tapered', 'crown']",7,it does not have a tapered crown,train,train,train,train,"[1, 23, 39, 40, 84, 26, 352, 606, 2, 0, 0, 0, 0, 0, 0, 0, 0, 0]",crown
133093,user_786,Its crown has sawtooths at the top,3Y54SXRO1NERLUZ11VDMZHEJ1F0TUF,109.0,35bbeb0e828835a757c2f3d4234affb,cap,PartNet,23d52d07b2bd7973cbb1d488e5017b1e,cap,PartNet,False,cap/PartNet/23d52d07b2bd7973cbb1d488e5017b1e,cap/PartNet/35bbeb0e828835a757c2f3d4234affb,False,hat,hat,1,"['its', 'crown', 'has', 'sawtooth', 'at', 'the', 'top']",7,its crown has sawtooth at the top,train,train,train,train,"[1, 5, 606, 24, 3860, 98, 10, 99, 2, 0, 0, 0, 0, 0, 0, 0, 0, 0]",crown
133101,user_1633,The target has a wider brim.,3M81GAB8A2CZXFY3K02WPMB8SNUQBH,46.0,d0313cadc2b4b2cc1372a4afda9e2f07,cap,PartNet,7b168dc388c25bcc9dbdf196435b6c26,cap,PartNet,False,cap/PartNet/7b168dc388c25bcc9dbdf196435b6c26,cap/PartNet/d0313cadc2b4b2cc1372a4afda9e2f07,True,hat,hat,1,"['the', 'target', 'has', 'a', 'wide', '-er', 'brim']",7,the target has a wide -er brim,val,train,val,train,"[1, 10, 11, 24, 26, 83, 9, 601, 2, 0, 0, 0, 0, 0, 0, 0, 0, 0]",brim
133102,user_1644,The brim is wider.,32SCWG5HIJX8RRGTOW6ZE1Z69QXP64,20.0,d0313cadc2b4b2cc1372a4afda9e2f07,cap,PartNet,7b168dc388c25bcc9dbdf196435b6c26,cap,PartNet,False,cap/PartNet/7b168dc388c25bcc9dbdf196435b6c26,cap/PartNet/d0313cadc2b4b2cc1372a4afda9e2f07,True,hat,hat,1,"['the', 'brim', 'is', 'wide', '-er']",5,the brim is wide -er,val,train,val,train,"[1, 10, 601, 7, 83, 9, 2, 0, 0, 0, 0, 0, 0, 0, 0, 0, 0, 0]",brim
133103,user_1964,the crown is shorter vertically,3FTOP5WARHHHR5RGRULY8433NO5J0X,41.0,d0313cadc2b4b2cc1372a4afda9e2f07,cap,PartNet,7b168dc388c25bcc9dbdf196435b6c26,cap,PartNet,False,cap/PartNet/7b168dc388c25bcc9dbdf196435b6c26,cap/PartNet/d0313cadc2b4b2cc1372a4afda9e2f07,True,hat,hat,1,"['the', 'crown', 'is', 'short', '-er', 'vertically']",6,the crown is short -er vertically,val,train,val,train,"[1, 10, 606, 7, 8, 9, 385, 2, 0, 0, 0, 0, 0, 0, 0, 0, 0, 0]",crown
133105,user_786,It has a circular brim that goes around the entire hat,3SLE99ER0P68B7ZU7WL9GFNCXQEZBJ,153.0,14df58bdedfbb41141edb96d309c9a23,cap,ShapeNet,21449a5560e5482d12fcd71c55eb9d74,cap,PartNet,False,cap/PartNet/21449a5560e5482d12fcd71c55eb9d74,cap/ShapeNet/14df58bdedfbb41141edb96d309c9a23,False,hat,cap,1,"['it', 'has', 'a', 'circular', 'brim', 'that', 'goes', 'around', 'the', 'entire', 'hat']",11,it has a circular brim that goes around the entire hat,train,train,train,train,"[1, 23, 24, 26, 102, 601, 172, 394, 239, 10, 516, 602, 2, 0, 0, 0, 0, 0]",brim
133106,user_1143,The target has a brim the whole way around,3KB8R4ZV1G08KQ4PH4XKV876M0MBG8,45.0,14df58bdedfbb41141edb96d309c9a23,cap,ShapeNet,21449a5560e5482d12fcd71c55eb9d74,cap,PartNet,False,cap/PartNet/21449a5560e5482d12fcd71c55eb9d74,cap/ShapeNet/14df58bdedfbb41141edb96d309c9a23,False,hat,cap,1,"['the', 'target', 'has', 'a', 'brim', 'the', 'whole', 'way', 'around']",9,the target has a brim the whole way around,train,train,train,train,"[1, 10, 11, 24, 26, 601, 10, 472, 471, 239, 2, 0, 0, 0, 0, 0, 0, 0]",brim
133107,user_203,It has a decorative piece on top.,3VSOLARPKD2O2LD4O5C4L8N7UWU936,58.0,c2cf2cf35d08662945c5fa74440a4519,cap,PartNet,34dfb5af71b1f327e21800cd80ebb26f,cap,PartNet,False,cap/PartNet/34dfb5af71b1f327e21800cd80ebb26f,cap/PartNet/c2cf2cf35d08662945c5fa74440a4519,False,hat,hat,1,"['it', 'has', 'a', 'decorative', 'piece', 'on', 'top']",7,it has a decorative piece on top,train,train,train,train,"[1, 23, 24, 26, 216, 65, 20, 99, 2, 0, 0, 0, 0, 0, 0, 0, 0, 0]",crown
133108,user_786,Its crown has a ball on top,3ERMJ6L4D0LLAOXLFQJZ3B57ZXFM7F,26.0,c2cf2cf35d08662945c5fa74440a4519,cap,PartNet,34dfb5af71b1f327e21800cd80ebb26f,cap,PartNet,False,cap/PartNet/34dfb5af71b1f327e21800cd80ebb26f,cap/PartNet/c2cf2cf35d08662945c5fa74440a4519,False,hat,hat,1,"['its', 'crown', 'has', 'a', 'ball', 'on', 'top']",7,its crown has a ball on top,train,train,train,train,"[1, 5, 606, 24, 26, 668, 20, 99, 2, 0, 0, 0, 0, 0, 0, 0, 0, 0]",crown
133109,user_1143,The target has no visor or brim,3I2PTA7R3VN0QI2XQDFPOPUYFH4QK2,47.0,c2cf2cf35d08662945c5fa74440a4519,cap,PartNet,34dfb5af71b1f327e21800cd80ebb26f,cap,PartNet,False,cap/PartNet/34dfb5af71b1f327e21800cd80ebb26f,cap/PartNet/c2cf2cf35d08662945c5fa74440a4519,False,hat,hat,1,"['the', 'target', 'has', 'no', 'visor', 'or', 'brim']",7,the target has no visor or brim,train,train,train,train,"[1, 10, 11, 24, 123, 605, 124, 601, 2, 0, 0, 0, 0, 0, 0, 0, 0, 0]",brim
133115,user_2105,target has shorter length crown,34FNN24DCO26H18GA0SDZMEIH1G5YR,45.0,6f93656d083e985465bae2cb33eb4baa,cap,ShapeNet,d95c45cbf4d197157f0aed56a80b2a7c,cap,PartNet,False,cap/PartNet/d95c45cbf4d197157f0aed56a80b2a7c,cap/ShapeNet/6f93656d083e985465bae2cb33eb4baa,True,hat,cap,1,"['target', 'has', 'short', '-er', 'length', 'crown']",6,target has short -er length crown,train,train,train,train,"[1, 11, 24, 8, 9, 155, 606, 2, 0, 0, 0, 0, 0, 0, 0, 0, 0, 0]",crown
133120,user_1644,The crown is taller.,3JAOYWH7VKX5IP3TUBG4HUHOUIP9LO,15.0,d0919880bdf7eec8fe5dfc44db6ed8eb,cap,PartNet,5c4122d7fa08f514796410d3fd165433,cap,PartNet,False,cap/PartNet/5c4122d7fa08f514796410d3fd165433,cap/PartNet/d0919880bdf7eec8fe5dfc44db6ed8eb,False,hat,hat,1,"['the', 'crown', 'is', 'tall', '-er']",5,the crown is tall -er,train,train,train,train,"[1, 10, 606, 7, 53, 9, 2, 0, 0, 0, 0, 0, 0, 0, 0, 0, 0, 0]",crown
133121,user_2105,target has brim,3M81GAB8A2CZXFY3K02WPMB8SONQBC,23.0,d0919880bdf7eec8fe5dfc44db6ed8eb,cap,PartNet,5c4122d7fa08f514796410d3fd165433,cap,PartNet,False,cap/PartNet/5c4122d7fa08f514796410d3fd165433,cap/PartNet/d0919880bdf7eec8fe5dfc44db6ed8eb,False,hat,hat,1,"['target', 'has', 'brim']",3,target has brim,train,train,train,train,"[1, 11, 24, 601, 2, 0, 0, 0, 0, 0, 0, 0, 0, 0, 0, 0, 0, 0]",brim
133122,user_1633,"The target has a brim, not a visor.",3180JW2OT65GMCDHO0RAPZZU4WG5J4,21.0,620b921e3f1a504258a12735d0a1edc9,cap,PartNet,fc4bf4203c69da43b5c87aa520cf194f,cap,PartNet,False,cap/PartNet/fc4bf4203c69da43b5c87aa520cf194f,cap/PartNet/620b921e3f1a504258a12735d0a1edc9,False,hat,hat,1,"['the', 'target', 'has', 'a', 'brim', 'not', 'a', 'visor']",8,the target has a brim not a visor,train,train,train,train,"[1, 10, 11, 24, 26, 601, 40, 26, 605, 2, 0, 0, 0, 0, 0, 0, 0, 0]",brim
133124,user_2105,target has brim and not visor,3RU7GD8VPQMDEPEQV992F6VYRG2SP3,28.0,620b921e3f1a504258a12735d0a1edc9,cap,PartNet,fc4bf4203c69da43b5c87aa520cf194f,cap,PartNet,False,cap/PartNet/fc4bf4203c69da43b5c87aa520cf194f,cap/PartNet/620b921e3f1a504258a12735d0a1edc9,False,hat,hat,1,"['target', 'has', 'brim', 'and', 'not', 'visor']",6,target has brim and not visor,train,train,train,train,"[1, 11, 24, 601, 47, 40, 605, 2, 0, 0, 0, 0, 0, 0, 0, 0, 0, 0]",brim
133127,user_1644,It does not have a button on the top.,3VA45EW49PGVZ53V3QH3U53ZRAM1O2,73.0,a1494210f6774b87b3e0e60b857dde8f,cap,ShapeNet,580042201e78dd85c17bd3d919c94388,cap,PartNet,False,cap/PartNet/580042201e78dd85c17bd3d919c94388,cap/ShapeNet/a1494210f6774b87b3e0e60b857dde8f,True,hat,cap,1,"['it', 'does', 'not', 'have', 'a', 'button', 'on', 'the', 'top']",9,it does not have a button on the top,train,train,train,train,"[1, 23, 39, 40, 84, 26, 596, 20, 10, 99, 2, 0, 0, 0, 0, 0, 0, 0]",crown
133131,user_203,The crown is taller.,3P4RDNWND7ZSY08WVKA4E83Z9JUJI2,86.0,b968eb697fbce2d76bb31db0358e9c6,cap,PartNet,e255ff4ea19d21c06fc9a18d280b1515,cap,PartNet,False,cap/PartNet/e255ff4ea19d21c06fc9a18d280b1515,cap/PartNet/b968eb697fbce2d76bb31db0358e9c6,True,hat,hat,1,"['the', 'crown', 'is', 'tall', '-er']",5,the crown is tall -er,test,train,test,train,"[1, 10, 606, 7, 53, 9, 2, 0, 0, 0, 0, 0, 0, 0, 0, 0, 0, 0]",crown
133132,user_677,It's crown rises closer to a 90 degree angle.,373ERPL3YQ1Z527KX1IHU6RZUH4RTJ,89.0,b968eb697fbce2d76bb31db0358e9c6,cap,PartNet,e255ff4ea19d21c06fc9a18d280b1515,cap,PartNet,False,cap/PartNet/e255ff4ea19d21c06fc9a18d280b1515,cap/PartNet/b968eb697fbce2d76bb31db0358e9c6,True,hat,hat,1,"['it', 'is', 'crown', 'rises', 'close', '-er', 'to', 'a', 'ninety', 'degree', 'angle']",11,it is crown rises close -er to a ninety degree angle,test,train,test,train,"[1, 23, 7, 606, 375, 1025, 9, 58, 26, 104, 105, 106, 2, 0, 0, 0, 0, 0]",crown
133133,user_1644,The brim is not as wide.,3TESA3PJ3334VR48JWLOMT2XUMMMM2,22.0,b968eb697fbce2d76bb31db0358e9c6,cap,PartNet,e255ff4ea19d21c06fc9a18d280b1515,cap,PartNet,False,cap/PartNet/e255ff4ea19d21c06fc9a18d280b1515,cap/PartNet/b968eb697fbce2d76bb31db0358e9c6,True,hat,hat,1,"['the', 'brim', 'is', 'not', 'as', 'wide']",6,the brim is not as wide,test,train,test,train,"[1, 10, 601, 7, 40, 52, 83, 2, 0, 0, 0, 0, 0, 0, 0, 0, 0, 0]",brim
133134,user_786,Its crown's top does not have a flat circular cutout extending out of it,3JV9LGBJWV7S3KTYL9261S75TZ4GOG,59.0,3d8381bbd02ff8e23a579c3371197382,cap,PartNet,a4ad860de76ad2b52a2d94519249662c,cap,PartNet,False,cap/PartNet/a4ad860de76ad2b52a2d94519249662c,cap/PartNet/3d8381bbd02ff8e23a579c3371197382,True,hat,hat,1,"['its', 'crown', ""'s"", 'top', 'does', 'not', 'have', 'a', 'flat', 'circular', 'cutout', 'extending', 'out', 'of', 'it']",15,its crown 's top does not have a flat circular cutout extending out of it,train,train,train,train,"[1, 5, 606, 12, 99, 39, 40, 84, 26, 129, 102, 433, 112, 89, 38, 23, 2, 0]",crown
133136,user_1644,The crown is taller.,3LS2AMNW5HJJG9NCO57IV6B7ZMDOQJ,27.0,3d8381bbd02ff8e23a579c3371197382,cap,PartNet,a4ad860de76ad2b52a2d94519249662c,cap,PartNet,False,cap/PartNet/a4ad860de76ad2b52a2d94519249662c,cap/PartNet/3d8381bbd02ff8e23a579c3371197382,True,hat,hat,1,"['the', 'crown', 'is', 'tall', '-er']",5,the crown is tall -er,train,train,train,train,"[1, 10, 606, 7, 53, 9, 2, 0, 0, 0, 0, 0, 0, 0, 0, 0, 0, 0]",crown
133140,user_677,The center of its top is higher than its sides.,3Z9WI9EOZ1HNDP3U7NSVFB2XOVFKH9,253.0,ed352b53b17b6119e762cf5917cef4ef,cap,ShapeNet,c68d509f6d2db0bab581cc9c4410f841,cap,PartNet,False,cap/PartNet/c68d509f6d2db0bab581cc9c4410f841,cap/ShapeNet/ed352b53b17b6119e762cf5917cef4ef,True,hat,cap,1,"['the', 'center', 'of', 'its', 'top', 'is', 'high', '-er', 'than', 'its', 'sides']",11,the center of its top is high -er than its sides,train,train,train,train,"[1, 10, 165, 38, 5, 99, 7, 49, 9, 131, 5, 360, 2, 0, 0, 0, 0, 0]",crown
133141,user_1644,The brim is thinner and flater.,3QBD8R3Z23CCR40EQ805S3A23UW4OI,22.0,ed352b53b17b6119e762cf5917cef4ef,cap,ShapeNet,c68d509f6d2db0bab581cc9c4410f841,cap,PartNet,False,cap/PartNet/c68d509f6d2db0bab581cc9c4410f841,cap/ShapeNet/ed352b53b17b6119e762cf5917cef4ef,True,hat,cap,1,"['the', 'brim', 'is', 'thin', '-er', 'and', 'flat', '-er']",8,the brim is thin -er and flat -er,train,train,train,train,"[1, 10, 601, 7, 60, 9, 47, 129, 9, 2, 0, 0, 0, 0, 0, 0, 0, 0]",brim
133142,user_2105,target does not have circular crown,3B3WTRP3DDVZH3HLK5YZ2YIFOIM29G,61.0,ed352b53b17b6119e762cf5917cef4ef,cap,ShapeNet,c68d509f6d2db0bab581cc9c4410f841,cap,PartNet,False,cap/PartNet/c68d509f6d2db0bab581cc9c4410f841,cap/ShapeNet/ed352b53b17b6119e762cf5917cef4ef,True,hat,cap,1,"['target', 'does', 'not', 'have', 'circular', 'crown']",6,target does not have circular crown,train,train,train,train,"[1, 11, 39, 40, 84, 102, 606, 2, 0, 0, 0, 0, 0, 0, 0, 0, 0, 0]",crown
133143,user_920,The target's crown is shorter.,33JKGHPFYENAD9P8VX0OZ8RXZBCNMH,28.0,77e819e803f1fa8b616c08e4715af963,cap,PartNet,f0e597e2061f61c8e55ab527568c9127,cap,PartNet,False,cap/PartNet/f0e597e2061f61c8e55ab527568c9127,cap/PartNet/77e819e803f1fa8b616c08e4715af963,True,hat,hat,1,"['the', 'target', ""'s"", 'crown', 'is', 'short', '-er']",7,the target 's crown is short -er,train,train,train,train,"[1, 10, 11, 12, 606, 7, 8, 9, 2, 0, 0, 0, 0, 0, 0, 0, 0, 0]",crown
133144,user_1143,The target has a wider brim,3UOUJI6MTF7Y2B8L65EJOKZPEBPXU3,35.0,77e819e803f1fa8b616c08e4715af963,cap,PartNet,f0e597e2061f61c8e55ab527568c9127,cap,PartNet,False,cap/PartNet/f0e597e2061f61c8e55ab527568c9127,cap/PartNet/77e819e803f1fa8b616c08e4715af963,True,hat,hat,1,"['the', 'target', 'has', 'a', 'wide', '-er', 'brim']",7,the target has a wide -er brim,train,train,train,train,"[1, 10, 11, 24, 26, 83, 9, 601, 2, 0, 0, 0, 0, 0, 0, 0, 0, 0]",brim
133145,user_1644,The crown is shorter.,3S06PH7KSTX4V8C6DH3NJBR0NWI1D8,20.0,77e819e803f1fa8b616c08e4715af963,cap,PartNet,f0e597e2061f61c8e55ab527568c9127,cap,PartNet,False,cap/PartNet/f0e597e2061f61c8e55ab527568c9127,cap/PartNet/77e819e803f1fa8b616c08e4715af963,True,hat,hat,1,"['the', 'crown', 'is', 'short', '-er']",5,the crown is short -er,train,train,train,train,"[1, 10, 606, 7, 8, 9, 2, 0, 0, 0, 0, 0, 0, 0, 0, 0, 0, 0]",crown
133146,user_90,It has a taller crown,3Z7VU45IP0A7Y9H25ZSKA3A3BFB1ZS,73.0,dc06523b3413d01d3ead562a41d49338,cap,PartNet,60104a0945f83b063f30fadefd6911f2,cap,ShapeNet,False,cap/ShapeNet/60104a0945f83b063f30fadefd6911f2,cap/PartNet/dc06523b3413d01d3ead562a41d49338,True,cap,hat,1,"['it', 'has', 'a', 'tall', '-er', 'crown']",6,it has a tall -er crown,train,train,train,train,"[1, 23, 24, 26, 53, 9, 606, 2, 0, 0, 0, 0, 0, 0, 0, 0, 0, 0]",crown
133147,user_203,The front of the brim is not rounded.,3DI28L7YXC79NEQ69CE7PT9LN9ZE1W,62.0,dc06523b3413d01d3ead562a41d49338,cap,PartNet,60104a0945f83b063f30fadefd6911f2,cap,ShapeNet,False,cap/ShapeNet/60104a0945f83b063f30fadefd6911f2,cap/PartNet/dc06523b3413d01d3ead562a41d49338,True,cap,hat,1,"['the', 'front', 'of', 'the', 'brim', 'is', 'not', 'rounded']",8,the front of the brim is not rounded,train,train,train,train,"[1, 10, 37, 38, 10, 601, 7, 40, 48, 2, 0, 0, 0, 0, 0, 0, 0, 0]",brim
133153,user_786,"It has an encircling brim, NOT a front-only visor",3SNVL38CI6LWWHSELVEU4K5HB3ACKS,125.0,9634ac7cd209cc7e230a4d129580843a,cap,PartNet,7f1665745d2690d38217993582015a9c,cap,PartNet,False,cap/PartNet/7f1665745d2690d38217993582015a9c,cap/PartNet/9634ac7cd209cc7e230a4d129580843a,True,hat,hat,1,"['it', 'has', 'an', 'encircling', 'brim', 'not', 'a', 'front', 'only', 'visor']",10,it has an encircling brim not a front only visor,train,train,train,train,"[1, 23, 24, 72, 625, 601, 40, 26, 37, 133, 605, 2, 0, 0, 0, 0, 0, 0]",brim
133154,user_1644,It has a brim.,3FDJT1UU761BXWJZ6LRMQEZ7JLHK5J,16.0,9634ac7cd209cc7e230a4d129580843a,cap,PartNet,7f1665745d2690d38217993582015a9c,cap,PartNet,False,cap/PartNet/7f1665745d2690d38217993582015a9c,cap/PartNet/9634ac7cd209cc7e230a4d129580843a,True,hat,hat,1,"['it', 'has', 'a', 'brim']",4,it has a brim,train,train,train,train,"[1, 23, 24, 26, 601, 2, 0, 0, 0, 0, 0, 0, 0, 0, 0, 0, 0, 0]",brim
133158,user_920,The target's visor/brim is flat.,32M8BPYGAVFI7YIVNEP1HVBJHQ6GIM,42.0,ed52d2c2a9c1b606cf9bbc203a5cff99,cap,ShapeNet,a8ddbd8c9cdb3088d2eebe596133133e,cap,PartNet,False,cap/PartNet/a8ddbd8c9cdb3088d2eebe596133133e,cap/ShapeNet/ed52d2c2a9c1b606cf9bbc203a5cff99,True,hat,cap,1,"['the', 'target', ""'s"", 'visor', 'brim', 'is', 'flat']",7,the target 's visor brim is flat,val,train,val,train,"[1, 10, 11, 12, 605, 601, 7, 129, 2, 0, 0, 0, 0, 0, 0, 0, 0, 0]",brim
133161,user_786,Its brim is narrower and thinner,3OUYGIZWR9RDDGUEM7QI50PFWNC0PF,37.0,f567a4a2bc30d0ca18a6353ea60f11b6,cap,PartNet,1045ec5dd315bb09b3efe792e5724933,cap,PartNet,False,cap/PartNet/1045ec5dd315bb09b3efe792e5724933,cap/PartNet/f567a4a2bc30d0ca18a6353ea60f11b6,True,hat,hat,1,"['its', 'brim', 'is', 'narrow', '-er', 'and', 'thin', '-er']",8,its brim is narrow -er and thin -er,train,train,train,train,"[1, 5, 601, 7, 210, 9, 47, 60, 9, 2, 0, 0, 0, 0, 0, 0, 0, 0]",brim
133162,user_1577,brim is thinner and less wide,3DH6GAKTY0I4OFS5HOZTOQLDIZVZYX,89.0,f567a4a2bc30d0ca18a6353ea60f11b6,cap,PartNet,1045ec5dd315bb09b3efe792e5724933,cap,PartNet,False,cap/PartNet/1045ec5dd315bb09b3efe792e5724933,cap/PartNet/f567a4a2bc30d0ca18a6353ea60f11b6,True,hat,hat,1,"['brim', 'is', 'thin', '-er', 'and', 'less', 'wide']",7,brim is thin -er and less wide,train,train,train,train,"[1, 601, 7, 60, 9, 47, 229, 83, 2, 0, 0, 0, 0, 0, 0, 0, 0, 0]",brim
133163,user_1644,The brim is thinner.,3YJ6NA41JD9KFMV08F0ON54BVWHJP4,18.0,f567a4a2bc30d0ca18a6353ea60f11b6,cap,PartNet,1045ec5dd315bb09b3efe792e5724933,cap,PartNet,False,cap/PartNet/1045ec5dd315bb09b3efe792e5724933,cap/PartNet/f567a4a2bc30d0ca18a6353ea60f11b6,True,hat,hat,1,"['the', 'brim', 'is', 'thin', '-er']",5,the brim is thin -er,train,train,train,train,"[1, 10, 601, 7, 60, 9, 2, 0, 0, 0, 0, 0, 0, 0, 0, 0, 0, 0]",brim
133164,user_786,"It has a front-only visor, NOT a wraparound brim",3STRJBFXOYKDIYUP7H9KTU5LZO2TKI,78.0,98698fc854d6a919a163a814bd04d6,cap,PartNet,d3c12600578e3f57a8963fe61f2bc75f,cap,PartNet,False,cap/PartNet/d3c12600578e3f57a8963fe61f2bc75f,cap/PartNet/98698fc854d6a919a163a814bd04d6,False,hat,hat,1,"['it', 'has', 'a', 'front', 'only', 'visor', 'not', 'a', 'wraparound', 'brim']",10,it has a front only visor not a wraparound brim,test,train,test,train,"[1, 23, 24, 26, 37, 133, 605, 40, 26, 3525, 601, 2, 0, 0, 0, 0, 0, 0]",brim
133166,user_1644,It is not a top hat.,3A7Y0R2P2QHPOVXRU6A5HIQEXVRJXT,26.0,98698fc854d6a919a163a814bd04d6,cap,PartNet,d3c12600578e3f57a8963fe61f2bc75f,cap,PartNet,False,cap/PartNet/d3c12600578e3f57a8963fe61f2bc75f,cap/PartNet/98698fc854d6a919a163a814bd04d6,False,hat,hat,1,"['it', 'is', 'not', 'a', 'top', 'hat']",6,it is not a top hat,test,train,test,train,"[1, 23, 7, 40, 26, 99, 602, 2, 0, 0, 0, 0, 0, 0, 0, 0, 0, 0]",crown
133167,user_1135,The target has has a smaller brim.,32UTUBMZ7IPR2NUK6ZW6V9AG9G1BVQ,65.0,b968eb697fbce2d76bb31db0358e9c6,cap,PartNet,87c240c20a772f51e6e812c94ac516eb,cap,PartNet,False,cap/PartNet/87c240c20a772f51e6e812c94ac516eb,cap/PartNet/b968eb697fbce2d76bb31db0358e9c6,False,hat,hat,1,"['the', 'target', 'has', 'has', 'a', 'small', '-er', 'brim']",8,the target has has a small -er brim,train,train,train,train,"[1, 10, 11, 24, 24, 26, 111, 9, 601, 2, 0, 0, 0, 0, 0, 0, 0, 0]",brim
133168,user_1143,The target has a wider crown,3RU7GD8VPQMDEPEQV992F6VYRFVPSR,76.0,b968eb697fbce2d76bb31db0358e9c6,cap,PartNet,87c240c20a772f51e6e812c94ac516eb,cap,PartNet,False,cap/PartNet/87c240c20a772f51e6e812c94ac516eb,cap/PartNet/b968eb697fbce2d76bb31db0358e9c6,False,hat,hat,1,"['the', 'target', 'has', 'a', 'wide', '-er', 'crown']",7,the target has a wide -er crown,train,train,train,train,"[1, 10, 11, 24, 26, 83, 9, 606, 2, 0, 0, 0, 0, 0, 0, 0, 0, 0]",crown
133169,user_1644,The top of the crown is flatter.,3TXMY6UCAGHI7KQ9Y0YR06HQA9ECQW,30.0,b968eb697fbce2d76bb31db0358e9c6,cap,PartNet,87c240c20a772f51e6e812c94ac516eb,cap,PartNet,False,cap/PartNet/87c240c20a772f51e6e812c94ac516eb,cap/PartNet/b968eb697fbce2d76bb31db0358e9c6,False,hat,hat,1,"['the', 'top', 'of', 'the', 'crown', 'is', 'flat', '-er']",8,the top of the crown is flat -er,train,train,train,train,"[1, 10, 99, 38, 10, 606, 7, 129, 9, 2, 0, 0, 0, 0, 0, 0, 0, 0]",crown
133171,user_786,It has no brim,3QAPZX2QN66HL9T8K9F69NHMLDJ20T,123.0,3c2a6e6704d24b71325036f2a8f48b04,cap,PartNet,3b0f81cd74875acbb196d563c325e416,cap,PartNet,False,cap/PartNet/3b0f81cd74875acbb196d563c325e416,cap/PartNet/3c2a6e6704d24b71325036f2a8f48b04,True,hat,hat,1,"['it', 'has', 'no', 'brim']",4,it has no brim,train,train,train,train,"[1, 23, 24, 123, 601, 2, 0, 0, 0, 0, 0, 0, 0, 0, 0, 0, 0, 0]",brim
133172,user_1644,The crown is less pointed.,3LWJHTCVCEFPAWAJP2OS8C2T7LMFQO,24.0,3c2a6e6704d24b71325036f2a8f48b04,cap,PartNet,3b0f81cd74875acbb196d563c325e416,cap,PartNet,False,cap/PartNet/3b0f81cd74875acbb196d563c325e416,cap/PartNet/3c2a6e6704d24b71325036f2a8f48b04,True,hat,hat,1,"['the', 'crown', 'is', 'less', 'pointed']",5,the crown is less pointed,train,train,train,train,"[1, 10, 606, 7, 229, 387, 2, 0, 0, 0, 0, 0, 0, 0, 0, 0, 0, 0]",crown
133174,user_1644,The top of the crown has creases.,3TS1AR6UQS7F4E54T3FM8LLY2WE7F4,60.0,98698fc854d6a919a163a814bd04d6,cap,PartNet,b88c6b7e33b1a7346c9866e8b1b4fc12,cap,PartNet,False,cap/PartNet/b88c6b7e33b1a7346c9866e8b1b4fc12,cap/PartNet/98698fc854d6a919a163a814bd04d6,True,hat,hat,1,"['the', 'top', 'of', 'the', 'crown', 'has', 'creases']",7,the top of the crown has creases,val,train,val,train,"[1, 10, 99, 38, 10, 606, 24, 613, 2, 0, 0, 0, 0, 0, 0, 0, 0, 0]",crown
133175,user_2105,target has no flat brim,3WQQ9FUS6CNTRBY7Y6LW3VQ8YI18BJ,42.0,98698fc854d6a919a163a814bd04d6,cap,PartNet,b88c6b7e33b1a7346c9866e8b1b4fc12,cap,PartNet,False,cap/PartNet/b88c6b7e33b1a7346c9866e8b1b4fc12,cap/PartNet/98698fc854d6a919a163a814bd04d6,True,hat,hat,1,"['target', 'has', 'no', 'flat', 'brim']",5,target has no flat brim,val,train,val,train,"[1, 11, 24, 123, 129, 601, 2, 0, 0, 0, 0, 0, 0, 0, 0, 0, 0, 0]",brim
133176,user_203,The crown has more height.,3EKVH9QME0XBKTU2WL31OU15F30D27,111.0,61437489633f5d167c35d3c5d3b1fcf7,cap,ShapeNet,62d4f8a7a8a1dc619ba80f08c401fbed,cap,PartNet,False,cap/PartNet/62d4f8a7a8a1dc619ba80f08c401fbed,cap/ShapeNet/61437489633f5d167c35d3c5d3b1fcf7,True,hat,cap,1,"['the', 'crown', 'has', 'more', 'height']",5,the crown has more height,train,train,train,train,"[1, 10, 606, 24, 34, 117, 2, 0, 0, 0, 0, 0, 0, 0, 0, 0, 0, 0]",crown
133179,user_203,The brim edge is not as tall.,3MTMREQS4XBZY2PXQV16M09OY7ZWA7,62.0,f1a3280859c83c2ebfabbbce99807de9,cap,PartNet,169bcc70358af368858829ea6212ee1a,cap,PartNet,False,cap/PartNet/169bcc70358af368858829ea6212ee1a,cap/PartNet/f1a3280859c83c2ebfabbbce99807de9,False,hat,hat,1,"['the', 'brim', 'edge', 'is', 'not', 'as', 'tall']",7,the brim edge is not as tall,train,train,train,train,"[1, 10, 601, 631, 7, 40, 52, 53, 2, 0, 0, 0, 0, 0, 0, 0, 0, 0]",brim
133181,user_1633,The target is not flat on top.,3TDXMTX3CDNGA5TPB1GF54YUNC26I9,22.0,f1a3280859c83c2ebfabbbce99807de9,cap,PartNet,169bcc70358af368858829ea6212ee1a,cap,PartNet,False,cap/PartNet/169bcc70358af368858829ea6212ee1a,cap/PartNet/f1a3280859c83c2ebfabbbce99807de9,False,hat,hat,1,"['the', 'target', 'is', 'not', 'flat', 'on', 'top']",7,the target is not flat on top,train,train,train,train,"[1, 10, 11, 7, 40, 129, 20, 99, 2, 0, 0, 0, 0, 0, 0, 0, 0, 0]",crown
133188,user_786,It has a narrower brim,34T446B1C27UJRLAH24CL0Q8X4WC0C,53.0,d15cf31f7ec69e948f5635ac8b18fdb9,cap,PartNet,77f97b18d27a8905afd2bc3942374579,cap,PartNet,False,cap/PartNet/77f97b18d27a8905afd2bc3942374579,cap/PartNet/d15cf31f7ec69e948f5635ac8b18fdb9,False,hat,hat,1,"['it', 'has', 'a', 'narrow', '-er', 'brim']",6,it has a narrow -er brim,train,train,train,train,"[1, 23, 24, 26, 210, 9, 601, 2, 0, 0, 0, 0, 0, 0, 0, 0, 0, 0]",brim
133189,user_1633,"The target has a brim, not a visor.",3OLQQLKKNUIGIV6AZ1KDTT57HPFEJE,21.0,d15cf31f7ec69e948f5635ac8b18fdb9,cap,PartNet,77f97b18d27a8905afd2bc3942374579,cap,PartNet,False,cap/PartNet/77f97b18d27a8905afd2bc3942374579,cap/PartNet/d15cf31f7ec69e948f5635ac8b18fdb9,False,hat,hat,1,"['the', 'target', 'has', 'a', 'brim', 'not', 'a', 'visor']",8,the target has a brim not a visor,train,train,train,train,"[1, 10, 11, 24, 26, 601, 40, 26, 605, 2, 0, 0, 0, 0, 0, 0, 0, 0]",brim
133190,user_1964,there is no button on top,3AAPLD8UCEAMG8TH1W6NG2PT77YTHE,29.0,d15cf31f7ec69e948f5635ac8b18fdb9,cap,PartNet,77f97b18d27a8905afd2bc3942374579,cap,PartNet,False,cap/PartNet/77f97b18d27a8905afd2bc3942374579,cap/PartNet/d15cf31f7ec69e948f5635ac8b18fdb9,False,hat,hat,1,"['there', 'is', 'no', 'button', 'on', 'top']",6,there is no button on top,train,train,train,train,"[1, 15, 7, 123, 596, 20, 99, 2, 0, 0, 0, 0, 0, 0, 0, 0, 0, 0]",crown
133191,user_677,"Its crown has six sides, excluding the top and bottom.",3QY5DC2MXTDH2PH06B8XIDZIA70UFI,98.0,288e11d15d927943068951f59ff267e,cap,PartNet,6a0080b5908b06f93d73b22cbe25cea9,cap,PartNet,False,cap/PartNet/6a0080b5908b06f93d73b22cbe25cea9,cap/PartNet/288e11d15d927943068951f59ff267e,True,hat,hat,1,"['its', 'crown', 'has', 'six', 'sides', 'excluding', 'the', 'top', 'and', 'bottom']",10,its crown has six sides excluding the top and bottom,train,train,train,train,"[1, 5, 606, 24, 553, 360, 2089, 10, 99, 47, 76, 2, 0, 0, 0, 0, 0, 0]",crown
133192,user_786,Its crown is taller,3R0T90IZ1U5RUVWVV4TF6SDO4LOGCM,75.0,288e11d15d927943068951f59ff267e,cap,PartNet,6a0080b5908b06f93d73b22cbe25cea9,cap,PartNet,False,cap/PartNet/6a0080b5908b06f93d73b22cbe25cea9,cap/PartNet/288e11d15d927943068951f59ff267e,True,hat,hat,1,"['its', 'crown', 'is', 'tall', '-er']",5,its crown is tall -er,train,train,train,train,"[1, 5, 606, 7, 53, 9, 2, 0, 0, 0, 0, 0, 0, 0, 0, 0, 0, 0]",crown
133193,user_1644,The brim is shaped like a hexagon.,3SLE99ER0P68B7ZU7WL9GFNCXROZBV,29.0,288e11d15d927943068951f59ff267e,cap,PartNet,6a0080b5908b06f93d73b22cbe25cea9,cap,PartNet,False,cap/PartNet/6a0080b5908b06f93d73b22cbe25cea9,cap/PartNet/288e11d15d927943068951f59ff267e,True,hat,hat,1,"['the', 'brim', 'is', 'shaped', 'like', 'a', 'hexagon']",7,the brim is shaped like a hexagon,train,train,train,train,"[1, 10, 601, 7, 14, 35, 26, 246, 2, 0, 0, 0, 0, 0, 0, 0, 0, 0]",brim
133195,user_1644,The crown is taller.,3PW9OPU9PSDHSYEQGSJ6NS0WQ5Q12W,36.0,61437489633f5d167c35d3c5d3b1fcf7,cap,ShapeNet,34dfb5af71b1f327e21800cd80ebb26f,cap,PartNet,False,cap/PartNet/34dfb5af71b1f327e21800cd80ebb26f,cap/ShapeNet/61437489633f5d167c35d3c5d3b1fcf7,True,hat,cap,1,"['the', 'crown', 'is', 'tall', '-er']",5,the crown is tall -er,train,train,train,train,"[1, 10, 606, 7, 53, 9, 2, 0, 0, 0, 0, 0, 0, 0, 0, 0, 0, 0]",crown
133197,user_1633,The target is pointed on the top.,3PJUZCGDJ89A3IJA0M70CPVIAH589E,29.0,88adc86cf9004a01ed43c5a21cb8b385,cap,PartNet,bf120175fed89392954cc04e9b526b85,cap,PartNet,False,cap/PartNet/bf120175fed89392954cc04e9b526b85,cap/PartNet/88adc86cf9004a01ed43c5a21cb8b385,False,hat,hat,1,"['the', 'target', 'is', 'pointed', 'on', 'the', 'top']",7,the target is pointed on the top,train,train,train,train,"[1, 10, 11, 7, 387, 20, 10, 99, 2, 0, 0, 0, 0, 0, 0, 0, 0, 0]",crown
133198,user_1644,It has a wider brim.,3GA6AFUKOQHHHRVNMH0WYPLVD96H38,58.0,88adc86cf9004a01ed43c5a21cb8b385,cap,PartNet,bf120175fed89392954cc04e9b526b85,cap,PartNet,False,cap/PartNet/bf120175fed89392954cc04e9b526b85,cap/PartNet/88adc86cf9004a01ed43c5a21cb8b385,False,hat,hat,1,"['it', 'has', 'a', 'wide', '-er', 'brim']",6,it has a wide -er brim,train,train,train,train,"[1, 23, 24, 26, 83, 9, 601, 2, 0, 0, 0, 0, 0, 0, 0, 0, 0, 0]",brim
133199,user_1964,the top is a point,340UGXU9D0U6YM3Q6QD10Z24Y0GVUX,33.0,88adc86cf9004a01ed43c5a21cb8b385,cap,PartNet,bf120175fed89392954cc04e9b526b85,cap,PartNet,False,cap/PartNet/bf120175fed89392954cc04e9b526b85,cap/PartNet/88adc86cf9004a01ed43c5a21cb8b385,False,hat,hat,1,"['the', 'top', 'is', 'a', 'point']",5,the top is a point,train,train,train,train,"[1, 10, 99, 7, 26, 412, 2, 0, 0, 0, 0, 0, 0, 0, 0, 0, 0, 0]",crown
133200,user_1143,The target has a flatter top,36V4Q8R5ZMTVG620BPS532M24MZQM7,64.0,3b0a1a20ef0ce1a34c90f2ddc14dc59b,cap,ShapeNet,a444fff8c769de616a10eb60523df1e9,cap,ShapeNet,False,cap/ShapeNet/a444fff8c769de616a10eb60523df1e9,cap/ShapeNet/3b0a1a20ef0ce1a34c90f2ddc14dc59b,True,cap,cap,1,"['the', 'target', 'has', 'a', 'flat', '-er', 'top']",7,the target has a flat -er top,train,train,train,train,"[1, 10, 11, 24, 26, 129, 9, 99, 2, 0, 0, 0, 0, 0, 0, 0, 0, 0]",crown
133202,user_1644,It does not have a logo on the crown.,3CP1TO84PVUGGGF9HFLIQIDD2LY25I,144.0,3b0a1a20ef0ce1a34c90f2ddc14dc59b,cap,ShapeNet,a444fff8c769de616a10eb60523df1e9,cap,ShapeNet,False,cap/ShapeNet/a444fff8c769de616a10eb60523df1e9,cap/ShapeNet/3b0a1a20ef0ce1a34c90f2ddc14dc59b,True,cap,cap,1,"['it', 'does', 'not', 'have', 'a', 'logo', 'on', 'the', 'crown']",9,it does not have a logo on the crown,train,train,train,train,"[1, 23, 39, 40, 84, 26, 604, 20, 10, 606, 2, 0, 0, 0, 0, 0, 0, 0]",crown
133203,user_203,The front edge of the brim is not straight.,3WMOAN2SRDQT3WJH9P1FM4AAQ5BVNV,80.0,a3d8771740fd7630afd6b353b2d4958f,cap,ShapeNet,96a9f36ce97a067aa99fc65b413040d6,cap,PartNet,False,cap/PartNet/96a9f36ce97a067aa99fc65b413040d6,cap/ShapeNet/a3d8771740fd7630afd6b353b2d4958f,True,hat,cap,1,"['the', 'front', 'edge', 'of', 'the', 'brim', 'is', 'not', 'straight']",9,the front edge of the brim is not straight,train,train,train,train,"[1, 10, 37, 631, 38, 10, 601, 7, 40, 114, 2, 0, 0, 0, 0, 0, 0, 0]",brim
133204,user_1633,The target does not have a button on top.,3AAPLD8UCEAMG8TH1W6NG2PT77ZHT3,22.0,a3d8771740fd7630afd6b353b2d4958f,cap,ShapeNet,96a9f36ce97a067aa99fc65b413040d6,cap,PartNet,False,cap/PartNet/96a9f36ce97a067aa99fc65b413040d6,cap/ShapeNet/a3d8771740fd7630afd6b353b2d4958f,True,hat,cap,1,"['the', 'target', 'does', 'not', 'have', 'a', 'button', 'on', 'top']",9,the target does not have a button on top,train,train,train,train,"[1, 10, 11, 39, 40, 84, 26, 596, 20, 99, 2, 0, 0, 0, 0, 0, 0, 0]",crown
133207,user_1529,The top does not taper into the side.,32RIADZISUXRPWS7XPHEC8K30JXS41,102.0,8b2951e32e0906bb5f6cb4951755315c,cap,ShapeNet,f40b47fcbf83b962f0d11ae402ef940e,cap,ShapeNet,False,cap/ShapeNet/f40b47fcbf83b962f0d11ae402ef940e,cap/ShapeNet/8b2951e32e0906bb5f6cb4951755315c,True,cap,cap,1,"['the', 'top', 'does', 'not', 'taper', 'into', 'the', 'side']",8,the top does not taper into the side,train,train,train,train,"[1, 10, 99, 39, 40, 753, 148, 10, 22, 2, 0, 0, 0, 0, 0, 0, 0, 0]",crown
133209,user_491,The target does not have a flat circular top.,3DHE4R9OCY4EWD4TYB49UF42SU82GW,120.0,576d5a4b1d688680bed7e3eef8315549,cap,PartNet,373d717709b3e181bbda4bd2b976d8f7,cap,ShapeNet,False,cap/ShapeNet/373d717709b3e181bbda4bd2b976d8f7,cap/PartNet/576d5a4b1d688680bed7e3eef8315549,True,cap,hat,1,"['the', 'target', 'does', 'not', 'have', 'a', 'flat', 'circular', 'top']",9,the target does not have a flat circular top,train,train,train,train,"[1, 10, 11, 39, 40, 84, 26, 129, 102, 99, 2, 0, 0, 0, 0, 0, 0, 0]",crown
133210,user_1964,the top is square,3VFJCI1K41SV0XLED1JAVNCA4MPRG1,36.0,576d5a4b1d688680bed7e3eef8315549,cap,PartNet,373d717709b3e181bbda4bd2b976d8f7,cap,ShapeNet,False,cap/ShapeNet/373d717709b3e181bbda4bd2b976d8f7,cap/PartNet/576d5a4b1d688680bed7e3eef8315549,True,cap,hat,1,"['the', 'top', 'is', 'square']",4,the top is square,train,train,train,train,"[1, 10, 99, 7, 50, 2, 0, 0, 0, 0, 0, 0, 0, 0, 0, 0, 0, 0]",crown
133211,user_2105,target has rectangular shape on crown,3OB0CAO74JIIXUSBB2TMOJH8MAOYHI,34.0,576d5a4b1d688680bed7e3eef8315549,cap,PartNet,373d717709b3e181bbda4bd2b976d8f7,cap,ShapeNet,False,cap/ShapeNet/373d717709b3e181bbda4bd2b976d8f7,cap/PartNet/576d5a4b1d688680bed7e3eef8315549,True,cap,hat,1,"['target', 'has', 'rectangular', 'shape', 'on', 'crown']",6,target has rectangular shape on crown,train,train,train,train,"[1, 11, 24, 128, 93, 20, 606, 2, 0, 0, 0, 0, 0, 0, 0, 0, 0, 0]",crown
133215,user_203,The crown is not tapered.,3NPI0JQDAQYETPR5K9ESPBRKTZQTP3,67.0,17507563e90313433f19716eab42752,cap,PartNet,d12f1b6c7df969f39fd67caf3bf15730,cap,PartNet,False,cap/PartNet/d12f1b6c7df969f39fd67caf3bf15730,cap/PartNet/17507563e90313433f19716eab42752,False,hat,hat,1,"['the', 'crown', 'is', 'not', 'tapered']",5,the crown is not tapered,train,train,train,train,"[1, 10, 606, 7, 40, 352, 2, 0, 0, 0, 0, 0, 0, 0, 0, 0, 0, 0]",crown
133216,user_786,"Its brim is hexagonal, NOT circular",34S9DKFK75IA7QEME0OZT3E48LPYNH,35.0,17507563e90313433f19716eab42752,cap,PartNet,d12f1b6c7df969f39fd67caf3bf15730,cap,PartNet,False,cap/PartNet/d12f1b6c7df969f39fd67caf3bf15730,cap/PartNet/17507563e90313433f19716eab42752,False,hat,hat,1,"['its', 'brim', 'is', 'hexagonal', 'not', 'circular']",6,its brim is hexagonal not circular,train,train,train,train,"[1, 5, 601, 7, 642, 40, 102, 2, 0, 0, 0, 0, 0, 0, 0, 0, 0, 0]",brim
133217,user_1964,the brim is not circular,3UWN2HHPU0YDB42DFUWABHQ3R0TNSS,34.0,17507563e90313433f19716eab42752,cap,PartNet,d12f1b6c7df969f39fd67caf3bf15730,cap,PartNet,False,cap/PartNet/d12f1b6c7df969f39fd67caf3bf15730,cap/PartNet/17507563e90313433f19716eab42752,False,hat,hat,1,"['the', 'brim', 'is', 'not', 'circular']",5,the brim is not circular,train,train,train,train,"[1, 10, 601, 7, 40, 102, 2, 0, 0, 0, 0, 0, 0, 0, 0, 0, 0, 0]",brim
133221,user_786,"Its crown has a curves down more, with a smaller radius of curvature.",3Q5ZZ9ZEVQ8R2VHYXWUJ09QGOLM58K,164.0,9634ac7cd209cc7e230a4d129580843a,cap,PartNet,d18c3ce1f186c16976bb31db0358e9c6,cap,ShapeNet,False,cap/ShapeNet/d18c3ce1f186c16976bb31db0358e9c6,cap/PartNet/9634ac7cd209cc7e230a4d129580843a,True,cap,hat,1,"['its', 'crown', 'has', 'a', 'curves', 'down', 'more', 'with', 'a', 'small', '-er', 'radius', 'of', 'curvature']",14,its crown has a curves down more with a small -er radius of curvature,train,train,train,train,"[1, 5, 606, 24, 26, 156, 44, 34, 121, 26, 111, 9, 703, 38, 749, 2, 0, 0]",crown
133222,user_1644,It does not have a button on the top.,3PJ71Z61R6VSSIZP11YLXF8AWB319R,61.0,9634ac7cd209cc7e230a4d129580843a,cap,PartNet,d18c3ce1f186c16976bb31db0358e9c6,cap,ShapeNet,False,cap/ShapeNet/d18c3ce1f186c16976bb31db0358e9c6,cap/PartNet/9634ac7cd209cc7e230a4d129580843a,True,cap,hat,1,"['it', 'does', 'not', 'have', 'a', 'button', 'on', 'the', 'top']",9,it does not have a button on the top,train,train,train,train,"[1, 23, 39, 40, 84, 26, 596, 20, 10, 99, 2, 0, 0, 0, 0, 0, 0, 0]",crown
133224,user_1143,The target has a rounded top,3ZY8KE4ISLWE6TW9PHTWQY5FVFBVQT,38.0,d196cee1204df9027bd9558057bfa0b3,cap,PartNet,c0e8723dcc5f948890f80ab08ae6ce2,cap,PartNet,False,cap/PartNet/c0e8723dcc5f948890f80ab08ae6ce2,cap/PartNet/d196cee1204df9027bd9558057bfa0b3,False,hat,hat,1,"['the', 'target', 'has', 'a', 'rounded', 'top']",6,the target has a rounded top,train,train,train,train,"[1, 10, 11, 24, 26, 48, 99, 2, 0, 0, 0, 0, 0, 0, 0, 0, 0, 0]",crown
133225,user_1633,The target has a noticeable button on top.,3W8CV64QJ4S3WTK33Q16P2OHD0VH92,28.0,d196cee1204df9027bd9558057bfa0b3,cap,PartNet,c0e8723dcc5f948890f80ab08ae6ce2,cap,PartNet,False,cap/PartNet/c0e8723dcc5f948890f80ab08ae6ce2,cap/PartNet/d196cee1204df9027bd9558057bfa0b3,False,hat,hat,1,"['the', 'target', 'has', 'a', 'noticeable', 'button', 'on', 'top']",8,the target has a noticeable button on top,train,train,train,train,"[1, 10, 11, 24, 26, 819, 596, 20, 99, 2, 0, 0, 0, 0, 0, 0, 0, 0]",crown
133226,user_1644,It does not have a wide brim.,3AAPLD8UCEAMG8TH1W6NG2PT77YHT2,20.0,d196cee1204df9027bd9558057bfa0b3,cap,PartNet,c0e8723dcc5f948890f80ab08ae6ce2,cap,PartNet,False,cap/PartNet/c0e8723dcc5f948890f80ab08ae6ce2,cap/PartNet/d196cee1204df9027bd9558057bfa0b3,False,hat,hat,1,"['it', 'does', 'not', 'have', 'a', 'wide', 'brim']",7,it does not have a wide brim,train,train,train,train,"[1, 23, 39, 40, 84, 26, 83, 601, 2, 0, 0, 0, 0, 0, 0, 0, 0, 0]",brim
133227,user_90,It is not a top hat,3N8OEVH1FTJGVXAW9SFE61G7KMHOOZ,86.0,b9be3ecb04284bebdde3c649189c2dd4,cap,PartNet,56bb0a2e6f729993fa5b6212657ae4a4,cap,PartNet,False,cap/PartNet/56bb0a2e6f729993fa5b6212657ae4a4,cap/PartNet/b9be3ecb04284bebdde3c649189c2dd4,False,hat,hat,1,"['it', 'is', 'not', 'a', 'top', 'hat']",6,it is not a top hat,train,train,train,train,"[1, 23, 7, 40, 26, 99, 602, 2, 0, 0, 0, 0, 0, 0, 0, 0, 0, 0]",crown
133228,user_1644,It is not a top hat.,3LBXNTKX0TO0IJKI8UJSSOCB1RZ9XA,20.0,b9be3ecb04284bebdde3c649189c2dd4,cap,PartNet,56bb0a2e6f729993fa5b6212657ae4a4,cap,PartNet,False,cap/PartNet/56bb0a2e6f729993fa5b6212657ae4a4,cap/PartNet/b9be3ecb04284bebdde3c649189c2dd4,False,hat,hat,1,"['it', 'is', 'not', 'a', 'top', 'hat']",6,it is not a top hat,train,train,train,train,"[1, 23, 7, 40, 26, 99, 602, 2, 0, 0, 0, 0, 0, 0, 0, 0, 0, 0]",crown
133229,user_2105,target has shorter height crown,3PEIJLRY6VMBUFXQ15TK68KMZS8XWC,44.0,b9be3ecb04284bebdde3c649189c2dd4,cap,PartNet,56bb0a2e6f729993fa5b6212657ae4a4,cap,PartNet,False,cap/PartNet/56bb0a2e6f729993fa5b6212657ae4a4,cap/PartNet/b9be3ecb04284bebdde3c649189c2dd4,False,hat,hat,1,"['target', 'has', 'short', '-er', 'height', 'crown']",6,target has short -er height crown,train,train,train,train,"[1, 11, 24, 8, 9, 117, 606, 2, 0, 0, 0, 0, 0, 0, 0, 0, 0, 0]",crown
133236,user_1529,There is a brim that goes all the way around.,3Z9WI9EOZ1HNDP3U7NSVFB2XOU6KHY,32.0,a1494210f6774b87b3e0e60b857dde8f,cap,ShapeNet,3d8381bbd02ff8e23a579c3371197382,cap,PartNet,False,cap/PartNet/3d8381bbd02ff8e23a579c3371197382,cap/ShapeNet/a1494210f6774b87b3e0e60b857dde8f,False,hat,cap,1,"['there', 'is', 'a', 'brim', 'that', 'goes', 'all', 'the', 'way', 'around']",10,there is a brim that goes all the way around,train,train,train,train,"[1, 15, 7, 26, 601, 172, 394, 367, 10, 471, 239, 2, 0, 0, 0, 0, 0, 0]",brim
133238,user_1644,It has a wide brim.,3DH6GAKTY0I4OFS5HOZTOQLDIZXZYZ,32.0,a1494210f6774b87b3e0e60b857dde8f,cap,ShapeNet,3d8381bbd02ff8e23a579c3371197382,cap,PartNet,False,cap/PartNet/3d8381bbd02ff8e23a579c3371197382,cap/ShapeNet/a1494210f6774b87b3e0e60b857dde8f,False,hat,cap,1,"['it', 'has', 'a', 'wide', 'brim']",5,it has a wide brim,train,train,train,train,"[1, 23, 24, 26, 83, 601, 2, 0, 0, 0, 0, 0, 0, 0, 0, 0, 0, 0]",brim
133239,user_786,Its brim is slanted steeply upward at about 70 degrees,3U4J9857OG4PRXTOO1TQPVUDNY1B75,59.0,ce9fbdd20598b670548ef619bebf2d75,cap,PartNet,3f712e64c37ee460e4b30fdd654658ce,cap,PartNet,False,cap/PartNet/3f712e64c37ee460e4b30fdd654658ce,cap/PartNet/ce9fbdd20598b670548ef619bebf2d75,True,hat,hat,1,"['its', 'brim', 'is', 'slanted', 'steeply', 'upward', 'at', 'about', '70', 'degrees']",10,its brim is slanted steeply upward at about 70 degrees,train,train,train,train,"[1, 5, 601, 7, 674, 4595, 79, 98, 519, 4596, 676, 2, 0, 0, 0, 0, 0, 0]",brim
133240,user_1529,There is a folded up brim that goes around the hat.,3LRKMWOKB7AENUZYO3SYFMK83L32ZO,104.0,ce9fbdd20598b670548ef619bebf2d75,cap,PartNet,3f712e64c37ee460e4b30fdd654658ce,cap,PartNet,False,cap/PartNet/3f712e64c37ee460e4b30fdd654658ce,cap/PartNet/ce9fbdd20598b670548ef619bebf2d75,True,hat,hat,1,"['there', 'is', 'a', 'folded', 'up', 'brim', 'that', 'goes', 'around', 'the', 'hat']",11,there is a folded up brim that goes around the hat,train,train,train,train,"[1, 15, 7, 26, 1505, 269, 601, 172, 394, 239, 10, 602, 2, 0, 0, 0, 0, 0]",brim
133241,user_2105,target has dome shaped crown,3FFJ6VRIL3HLWU7A9C0YW3O3AA70IV,96.0,ce9fbdd20598b670548ef619bebf2d75,cap,PartNet,3f712e64c37ee460e4b30fdd654658ce,cap,PartNet,False,cap/PartNet/3f712e64c37ee460e4b30fdd654658ce,cap/PartNet/ce9fbdd20598b670548ef619bebf2d75,True,hat,hat,1,"['target', 'has', 'dome', 'shaped', 'crown']",5,target has dome shaped crown,train,train,train,train,"[1, 11, 24, 159, 14, 606, 2, 0, 0, 0, 0, 0, 0, 0, 0, 0, 0, 0]",crown
133245,user_786,Its crown is slightly taller,37U1UTWH9XFG7IFWU37M3AVCG4K8RC,44.0,fa8124cce25881004fcdbc2114c724fa,cap,PartNet,3b0a1a20ef0ce1a34c90f2ddc14dc59b,cap,ShapeNet,False,cap/ShapeNet/3b0a1a20ef0ce1a34c90f2ddc14dc59b,cap/PartNet/fa8124cce25881004fcdbc2114c724fa,True,cap,hat,1,"['its', 'crown', 'is', 'slightly', 'tall', '-er']",6,its crown is slightly tall -er,train,train,train,train,"[1, 5, 606, 7, 174, 53, 9, 2, 0, 0, 0, 0, 0, 0, 0, 0, 0, 0]",crown
133246,user_1644,The crown is taller.,3R08VXYT7EOHF0RZJSPMC97YXZTW7G,80.0,fa8124cce25881004fcdbc2114c724fa,cap,PartNet,3b0a1a20ef0ce1a34c90f2ddc14dc59b,cap,ShapeNet,False,cap/ShapeNet/3b0a1a20ef0ce1a34c90f2ddc14dc59b,cap/PartNet/fa8124cce25881004fcdbc2114c724fa,True,cap,hat,1,"['the', 'crown', 'is', 'tall', '-er']",5,the crown is tall -er,train,train,train,train,"[1, 10, 606, 7, 53, 9, 2, 0, 0, 0, 0, 0, 0, 0, 0, 0, 0, 0]",crown
133248,user_786,Its brim is wider,3TE22NPXPD58NBQW7OLWE54XM4444I,41.0,d243dfb497b2a51bf784e4a55df53109,cap,PartNet,56ca2cc23b627f65fdac1e69603928f,cap,PartNet,False,cap/PartNet/56ca2cc23b627f65fdac1e69603928f,cap/PartNet/d243dfb497b2a51bf784e4a55df53109,True,hat,hat,1,"['its', 'brim', 'is', 'wide', '-er']",5,its brim is wide -er,val,train,val,train,"[1, 5, 601, 7, 83, 9, 2, 0, 0, 0, 0, 0, 0, 0, 0, 0, 0, 0]",brim
133250,user_1644,The crown is shorter.,3PDJHANYK79GEAI55JYU5SXFNZOH6S,12.0,d243dfb497b2a51bf784e4a55df53109,cap,PartNet,56ca2cc23b627f65fdac1e69603928f,cap,PartNet,False,cap/PartNet/56ca2cc23b627f65fdac1e69603928f,cap/PartNet/d243dfb497b2a51bf784e4a55df53109,True,hat,hat,1,"['the', 'crown', 'is', 'short', '-er']",5,the crown is short -er,val,train,val,train,"[1, 10, 606, 7, 8, 9, 2, 0, 0, 0, 0, 0, 0, 0, 0, 0, 0, 0]",crown
133252,user_1644,The crown is shorter and not pointed.,3OS46CRSLHSLWBDPA8FYKTOOVEYV6V,27.0,889204300c03ae7dc8687ff9b0b4e4ac,cap,PartNet,a1494210f6774b87b3e0e60b857dde8f,cap,ShapeNet,False,cap/ShapeNet/a1494210f6774b87b3e0e60b857dde8f,cap/PartNet/889204300c03ae7dc8687ff9b0b4e4ac,False,cap,hat,1,"['the', 'crown', 'is', 'short', '-er', 'and', 'not', 'pointed']",8,the crown is short -er and not pointed,train,train,train,train,"[1, 10, 606, 7, 8, 9, 47, 40, 387, 2, 0, 0, 0, 0, 0, 0, 0, 0]",crown
133258,user_456,Th etarget has a bulbular top.,33TIN5LC063PIOASDQ5UB2JK3X49YR,63.0,d874bb309edb91e04e5a22e049c207b1,cap,PartNet,14103d87f108ab847cb2a55fa21392b7,cap,PartNet,False,cap/PartNet/14103d87f108ab847cb2a55fa21392b7,cap/PartNet/d874bb309edb91e04e5a22e049c207b1,False,hat,hat,1,"['th', 'target', 'has', 'a', 'tubular', 'top']",6,th target has a tubular top,train,train,train,train,"[1, 970, 11, 24, 26, 428, 99, 2, 0, 0, 0, 0, 0, 0, 0, 0, 0, 0]",crown
133259,user_2105,target has dome shaped crown,3TXMY6UCAGHI7KQ9Y0YR06HQA9LQCH,42.0,d874bb309edb91e04e5a22e049c207b1,cap,PartNet,14103d87f108ab847cb2a55fa21392b7,cap,PartNet,False,cap/PartNet/14103d87f108ab847cb2a55fa21392b7,cap/PartNet/d874bb309edb91e04e5a22e049c207b1,False,hat,hat,1,"['target', 'has', 'dome', 'shaped', 'crown']",5,target has dome shaped crown,train,train,train,train,"[1, 11, 24, 159, 14, 606, 2, 0, 0, 0, 0, 0, 0, 0, 0, 0, 0, 0]",crown
133261,user_677,Its rim extends out from the crown more.,39RP059MEJM8C00BS7VF8DR3IN6BMQ,62.0,14103d87f108ab847cb2a55fa21392b7,cap,PartNet,484d95c416ee10a74ce8c4cc4cdde9b4,cap,PartNet,False,cap/PartNet/484d95c416ee10a74ce8c4cc4cdde9b4,cap/PartNet/14103d87f108ab847cb2a55fa21392b7,False,hat,hat,1,"['its', 'rim', 'extends', 'out', 'from', 'the', 'crown', 'more']",8,its rim extends out from the crown more,train,train,train,train,"[1, 5, 487, 77, 89, 113, 10, 606, 34, 2, 0, 0, 0, 0, 0, 0, 0, 0]",crown
133262,user_1644,It has a brim.,3BV8HQ2ZZYU14NARZDO2O6ABA5H6AR,28.0,14103d87f108ab847cb2a55fa21392b7,cap,PartNet,484d95c416ee10a74ce8c4cc4cdde9b4,cap,PartNet,False,cap/PartNet/484d95c416ee10a74ce8c4cc4cdde9b4,cap/PartNet/14103d87f108ab847cb2a55fa21392b7,False,hat,hat,1,"['it', 'has', 'a', 'brim']",4,it has a brim,train,train,train,train,"[1, 23, 24, 26, 601, 2, 0, 0, 0, 0, 0, 0, 0, 0, 0, 0, 0, 0]",brim
133263,user_203,It has a bill or visor.,3DQQ64TANIE6L6VZFEJ3CVYJXTYWPM,54.0,6795f4e6300d5606e639776fc2bb6cca,cap,PartNet,b9c7e3530d7128abf0d11ae402ef940e,cap,PartNet,False,cap/PartNet/b9c7e3530d7128abf0d11ae402ef940e,cap/PartNet/6795f4e6300d5606e639776fc2bb6cca,False,hat,hat,1,"['it', 'has', 'a', 'bill', 'or', 'visor']",6,it has a bill or visor,train,train,train,train,"[1, 23, 24, 26, 603, 124, 605, 2, 0, 0, 0, 0, 0, 0, 0, 0, 0, 0]",brim
133264,user_786,"It has a visor, NOT an encircling brim",3PXX5PX6LZR7AZRMV45AZMW3O6GBA5,91.0,6795f4e6300d5606e639776fc2bb6cca,cap,PartNet,b9c7e3530d7128abf0d11ae402ef940e,cap,PartNet,False,cap/PartNet/b9c7e3530d7128abf0d11ae402ef940e,cap/PartNet/6795f4e6300d5606e639776fc2bb6cca,False,hat,hat,1,"['it', 'has', 'a', 'visor', 'not', 'an', 'encircling', 'brim']",8,it has a visor not an encircling brim,train,train,train,train,"[1, 23, 24, 26, 605, 40, 72, 625, 601, 2, 0, 0, 0, 0, 0, 0, 0, 0]",brim
133265,user_1644,It is not a top hat.,3SLE99ER0P68B7ZU7WL9GFNCXRZBZI,18.0,6795f4e6300d5606e639776fc2bb6cca,cap,PartNet,b9c7e3530d7128abf0d11ae402ef940e,cap,PartNet,False,cap/PartNet/b9c7e3530d7128abf0d11ae402ef940e,cap/PartNet/6795f4e6300d5606e639776fc2bb6cca,False,hat,hat,1,"['it', 'is', 'not', 'a', 'top', 'hat']",6,it is not a top hat,train,train,train,train,"[1, 23, 7, 40, 26, 99, 602, 2, 0, 0, 0, 0, 0, 0, 0, 0, 0, 0]",crown
133266,user_786,Its crown's top does NOT have a saddle-shaped depression,3IRIK4HM3CDPX27PJRKTU10ZA8R6CI,63.0,2f347d95d4a2dae3e762cf5917cef4ef,cap,ShapeNet,35450ea3b3158ed6eefb4d7820758668,cap,PartNet,False,cap/PartNet/35450ea3b3158ed6eefb4d7820758668,cap/ShapeNet/2f347d95d4a2dae3e762cf5917cef4ef,True,hat,cap,1,"['its', 'crown', ""'s"", 'top', 'does', 'not', 'have', 'a', 'saddle', 'shaped', 'depression']",11,its crown 's top does not have a saddle shaped depression,train,train,train,train,"[1, 5, 606, 12, 99, 39, 40, 84, 26, 2356, 14, 1662, 2, 0, 0, 0, 0, 0]",crown
133268,user_2105,target has no crease in center of crown,3PB5A5BD0XZLIE1Z4NL4Q6LA3BNG7L,37.0,2f347d95d4a2dae3e762cf5917cef4ef,cap,ShapeNet,35450ea3b3158ed6eefb4d7820758668,cap,PartNet,False,cap/PartNet/35450ea3b3158ed6eefb4d7820758668,cap/ShapeNet/2f347d95d4a2dae3e762cf5917cef4ef,True,hat,cap,1,"['target', 'has', 'no', 'crease', 'in', 'center', 'of', 'crown']",8,target has no crease in center of crown,train,train,train,train,"[1, 11, 24, 123, 766, 90, 165, 38, 606, 2, 0, 0, 0, 0, 0, 0, 0, 0]",crown
133273,user_1644,It has a wide brim.,351SEKWQS2A1RXYV63ML33F3L8IMD8,15.0,61437489633f5d167c35d3c5d3b1fcf7,cap,ShapeNet,c5d20fc28adf769b1802624b30ec569e,cap,PartNet,False,cap/PartNet/c5d20fc28adf769b1802624b30ec569e,cap/ShapeNet/61437489633f5d167c35d3c5d3b1fcf7,False,hat,cap,1,"['it', 'has', 'a', 'wide', 'brim']",5,it has a wide brim,train,train,train,train,"[1, 23, 24, 26, 83, 601, 2, 0, 0, 0, 0, 0, 0, 0, 0, 0, 0, 0]",brim
133274,user_2105,target has triangle shaped crown,39LNWE0K4WP1CGJQ7JEILACAQZDIUI,26.0,61437489633f5d167c35d3c5d3b1fcf7,cap,ShapeNet,c5d20fc28adf769b1802624b30ec569e,cap,PartNet,False,cap/PartNet/c5d20fc28adf769b1802624b30ec569e,cap/ShapeNet/61437489633f5d167c35d3c5d3b1fcf7,False,hat,cap,1,"['target', 'has', 'triangle', 'shaped', 'crown']",5,target has triangle shaped crown,train,train,train,train,"[1, 11, 24, 608, 14, 606, 2, 0, 0, 0, 0, 0, 0, 0, 0, 0, 0, 0]",crown
133275,user_203,The crown is not as tall.,37XITHEISY2IJL59BFNR5WRV6V5CRM,115.0,a826c25abe5d1e4b6c57e21624dd9952,cap,PartNet,a0fc32a763b57b85f0d11ae402ef940e,cap,ShapeNet,False,cap/ShapeNet/a0fc32a763b57b85f0d11ae402ef940e,cap/PartNet/a826c25abe5d1e4b6c57e21624dd9952,False,cap,hat,1,"['the', 'crown', 'is', 'not', 'as', 'tall']",6,the crown is not as tall,train,train,train,train,"[1, 10, 606, 7, 40, 52, 53, 2, 0, 0, 0, 0, 0, 0, 0, 0, 0, 0]",crown
133278,user_786,"It has a brim, NOT a visor",37WLF8U1WRJ7G0JDB41RIKD7FHQ6KL,79.0,e8a97a1fd97c1a75a52821bf1aa3b19a,cap,ShapeNet,2b1a1d63bd7e931c12a8043ef6529707,cap,PartNet,False,cap/PartNet/2b1a1d63bd7e931c12a8043ef6529707,cap/ShapeNet/e8a97a1fd97c1a75a52821bf1aa3b19a,False,hat,cap,1,"['it', 'has', 'a', 'brim', 'not', 'a', 'visor']",7,it has a brim not a visor,train,train,train,train,"[1, 23, 24, 26, 601, 40, 26, 605, 2, 0, 0, 0, 0, 0, 0, 0, 0, 0]",brim
133279,user_1644,It has a wide brim.,3JV9LGBJWV7S3KTYL9261S75TZ4OGO,28.0,e8a97a1fd97c1a75a52821bf1aa3b19a,cap,ShapeNet,2b1a1d63bd7e931c12a8043ef6529707,cap,PartNet,False,cap/PartNet/2b1a1d63bd7e931c12a8043ef6529707,cap/ShapeNet/e8a97a1fd97c1a75a52821bf1aa3b19a,False,hat,cap,1,"['it', 'has', 'a', 'wide', 'brim']",5,it has a wide brim,train,train,train,train,"[1, 23, 24, 26, 83, 601, 2, 0, 0, 0, 0, 0, 0, 0, 0, 0, 0, 0]",brim
133280,user_2105,target has brim not visor,3GGAI1SQEXRRM5SH67RAJXXL087CMZ,45.0,e8a97a1fd97c1a75a52821bf1aa3b19a,cap,ShapeNet,2b1a1d63bd7e931c12a8043ef6529707,cap,PartNet,False,cap/PartNet/2b1a1d63bd7e931c12a8043ef6529707,cap/ShapeNet/e8a97a1fd97c1a75a52821bf1aa3b19a,False,hat,cap,1,"['target', 'has', 'brim', 'not', 'visor']",5,target has brim not visor,train,train,train,train,"[1, 11, 24, 601, 40, 605, 2, 0, 0, 0, 0, 0, 0, 0, 0, 0, 0, 0]",brim
133281,user_491,The top of the target is flat.,3GM6G9ZBKPQ88MUSSTM087XPOTXTMN,187.0,3a666502c0432522a3340564b56a7f70,cap,ShapeNet,f567a4a2bc30d0ca18a6353ea60f11b6,cap,PartNet,False,cap/PartNet/f567a4a2bc30d0ca18a6353ea60f11b6,cap/ShapeNet/3a666502c0432522a3340564b56a7f70,False,hat,cap,1,"['the', 'top', 'of', 'the', 'target', 'is', 'flat']",7,the top of the target is flat,train,train,train,train,"[1, 10, 99, 38, 10, 11, 7, 129, 2, 0, 0, 0, 0, 0, 0, 0, 0, 0]",crown
133282,user_1644,It is a top hat.,39N5ACM9HGGV9AIRM39BYBQ8ZR69P0,25.0,3a666502c0432522a3340564b56a7f70,cap,ShapeNet,f567a4a2bc30d0ca18a6353ea60f11b6,cap,PartNet,False,cap/PartNet/f567a4a2bc30d0ca18a6353ea60f11b6,cap/ShapeNet/3a666502c0432522a3340564b56a7f70,False,hat,cap,1,"['it', 'is', 'a', 'top', 'hat']",5,it is a top hat,train,train,train,train,"[1, 23, 7, 26, 99, 602, 2, 0, 0, 0, 0, 0, 0, 0, 0, 0, 0, 0]",crown
133283,user_2105,target has brim not visor,3137ONMDKIY6RTG9RVZAWGDRPYQEG4,35.0,3a666502c0432522a3340564b56a7f70,cap,ShapeNet,f567a4a2bc30d0ca18a6353ea60f11b6,cap,PartNet,False,cap/PartNet/f567a4a2bc30d0ca18a6353ea60f11b6,cap/ShapeNet/3a666502c0432522a3340564b56a7f70,False,hat,cap,1,"['target', 'has', 'brim', 'not', 'visor']",5,target has brim not visor,train,train,train,train,"[1, 11, 24, 601, 40, 605, 2, 0, 0, 0, 0, 0, 0, 0, 0, 0, 0, 0]",brim
133286,user_2105,target has shorter height crown,31UV0MXWNS5KR1TB6I6ADYKURIJ5IM,44.0,f3e5ec75a719c3efb5f4a9188bfa0ef6,cap,PartNet,47d13a0b345864a7f72b7502ead7387b,cap,PartNet,False,cap/PartNet/47d13a0b345864a7f72b7502ead7387b,cap/PartNet/f3e5ec75a719c3efb5f4a9188bfa0ef6,False,hat,hat,1,"['target', 'has', 'short', '-er', 'height', 'crown']",6,target has short -er height crown,train,train,train,train,"[1, 11, 24, 8, 9, 117, 606, 2, 0, 0, 0, 0, 0, 0, 0, 0, 0, 0]",crown
133287,user_786,It has a brim,3P1L2B7AD3I8PC7ZW0ZMEKCDPGQLOR,93.0,6f93656d083e985465bae2cb33eb4baa,cap,ShapeNet,c68d509f6d2db0bab581cc9c4410f841,cap,PartNet,False,cap/PartNet/c68d509f6d2db0bab581cc9c4410f841,cap/ShapeNet/6f93656d083e985465bae2cb33eb4baa,False,hat,cap,1,"['it', 'has', 'a', 'brim']",4,it has a brim,train,train,train,train,"[1, 23, 24, 26, 601, 2, 0, 0, 0, 0, 0, 0, 0, 0, 0, 0, 0, 0]",brim
133288,user_1644,It has a brim.,3QHK8ZVMIOBO6IIQSVU080CEIIRBLZ,55.0,6f93656d083e985465bae2cb33eb4baa,cap,ShapeNet,c68d509f6d2db0bab581cc9c4410f841,cap,PartNet,False,cap/PartNet/c68d509f6d2db0bab581cc9c4410f841,cap/ShapeNet/6f93656d083e985465bae2cb33eb4baa,False,hat,cap,1,"['it', 'has', 'a', 'brim']",4,it has a brim,train,train,train,train,"[1, 23, 24, 26, 601, 2, 0, 0, 0, 0, 0, 0, 0, 0, 0, 0, 0, 0]",brim
133289,user_2105,target has feather on crown,3LWJHTCVCEFPAWAJP2OS8C2T7MDQFS,40.0,6f93656d083e985465bae2cb33eb4baa,cap,ShapeNet,c68d509f6d2db0bab581cc9c4410f841,cap,PartNet,False,cap/PartNet/c68d509f6d2db0bab581cc9c4410f841,cap/ShapeNet/6f93656d083e985465bae2cb33eb4baa,False,hat,cap,1,"['target', 'has', 'feather', 'on', 'crown']",5,target has feather on crown,train,train,train,train,"[1, 11, 24, 600, 20, 606, 2, 0, 0, 0, 0, 0, 0, 0, 0, 0, 0, 0]",crown
133296,user_865,Target has single button on top of puffy crown,3TXWC2NHN1JSM2YJEKD5TGVJMBI9SL,407.0,d4910649489fc279dac5e8b93371e38a,cap,PartNet,750d92eefed5179676bb31db0358e9c6,cap,PartNet,False,cap/PartNet/750d92eefed5179676bb31db0358e9c6,cap/PartNet/d4910649489fc279dac5e8b93371e38a,False,hat,hat,1,"['target', 'has', 'single', 'button', 'on', 'top', 'of', 'puffy', 'crown']",9,target has single button on top of puffy crown,train,train,train,train,"[1, 11, 24, 86, 596, 20, 99, 38, 2302, 606, 2, 0, 0, 0, 0, 0, 0, 0]",crown
133297,user_1644,The crown is shorter.,304SM51WA5XBAVDGC4R1KMQ9ACZBSD,17.0,d4910649489fc279dac5e8b93371e38a,cap,PartNet,750d92eefed5179676bb31db0358e9c6,cap,PartNet,False,cap/PartNet/750d92eefed5179676bb31db0358e9c6,cap/PartNet/d4910649489fc279dac5e8b93371e38a,False,hat,hat,1,"['the', 'crown', 'is', 'short', '-er']",5,the crown is short -er,train,train,train,train,"[1, 10, 606, 7, 8, 9, 2, 0, 0, 0, 0, 0, 0, 0, 0, 0, 0, 0]",crown
133301,user_2105,target has button on top,35H6S234SCT4YHYA4HXLGVUPIRP56T,39.0,620b921e3f1a504258a12735d0a1edc9,cap,PartNet,da5e5ec4c486d6c03baa6271927f050e,cap,ShapeNet,False,cap/ShapeNet/da5e5ec4c486d6c03baa6271927f050e,cap/PartNet/620b921e3f1a504258a12735d0a1edc9,False,cap,hat,1,"['target', 'has', 'button', 'on', 'top']",5,target has button on top,train,train,train,train,"[1, 11, 24, 596, 20, 99, 2, 0, 0, 0, 0, 0, 0, 0, 0, 0, 0, 0]",crown
133304,user_1644,It is not a top hat.,39JEC7537WUACSMQKZS16TGYR0DCV8,26.0,284f1361baa1afdaeb02cbc132e4be3,cap,PartNet,13341d1c3636717e4773d7a183337d9,cap,PartNet,False,cap/PartNet/13341d1c3636717e4773d7a183337d9,cap/PartNet/284f1361baa1afdaeb02cbc132e4be3,False,hat,hat,1,"['it', 'is', 'not', 'a', 'top', 'hat']",6,it is not a top hat,train,train,train,train,"[1, 23, 7, 40, 26, 99, 602, 2, 0, 0, 0, 0, 0, 0, 0, 0, 0, 0]",crown
133308,user_786,It does NOT have a brim,3HL8HNGX47UJIXTX80D6MHC4XMQF9C,45.0,f257051157caf99f9a2840934f7f84bc,cap,PartNet,6f93656d083e985465bae2cb33eb4baa,cap,ShapeNet,False,cap/ShapeNet/6f93656d083e985465bae2cb33eb4baa,cap/PartNet/f257051157caf99f9a2840934f7f84bc,False,cap,hat,1,"['it', 'does', 'not', 'have', 'a', 'brim']",6,it does not have a brim,train,train,train,train,"[1, 23, 39, 40, 84, 26, 601, 2, 0, 0, 0, 0, 0, 0, 0, 0, 0, 0]",brim
133310,user_1644,It does not have a wide brim.,3LRLIPTPES2832VG1HI3YPFTBZHAKE,39.0,f257051157caf99f9a2840934f7f84bc,cap,PartNet,6f93656d083e985465bae2cb33eb4baa,cap,ShapeNet,False,cap/ShapeNet/6f93656d083e985465bae2cb33eb4baa,cap/PartNet/f257051157caf99f9a2840934f7f84bc,False,cap,hat,1,"['it', 'does', 'not', 'have', 'a', 'wide', 'brim']",7,it does not have a wide brim,train,train,train,train,"[1, 23, 39, 40, 84, 26, 83, 601, 2, 0, 0, 0, 0, 0, 0, 0, 0, 0]",brim
133311,user_677,It comes to a point on top.,39N5ACM9HGGV9AIRM39BYBQ8ZSDP9P,112.0,3e5bdecbe9ed004ed65de3ff29a73cde,cap,PartNet,a88cf7029a1e6e353c91c1204c720f19,cap,PartNet,False,cap/PartNet/a88cf7029a1e6e353c91c1204c720f19,cap/PartNet/3e5bdecbe9ed004ed65de3ff29a73cde,False,hat,hat,1,"['it', 'comes', 'to', 'a', 'point', 'on', 'top']",7,it comes to a point on top,val,train,val,train,"[1, 23, 88, 58, 26, 412, 20, 99, 2, 0, 0, 0, 0, 0, 0, 0, 0, 0]",crown
133317,user_677,It does not have a button on top.,35H6S234SCT4YHYA4HXLGVUPIR5569,71.0,da5e5ec4c486d6c03baa6271927f050e,cap,ShapeNet,bfe8019efc5bbb902c1963cd0990e978,cap,PartNet,False,cap/PartNet/bfe8019efc5bbb902c1963cd0990e978,cap/ShapeNet/da5e5ec4c486d6c03baa6271927f050e,True,hat,cap,1,"['it', 'does', 'not', 'have', 'a', 'button', 'on', 'top']",8,it does not have a button on top,train,train,train,train,"[1, 23, 39, 40, 84, 26, 596, 20, 99, 2, 0, 0, 0, 0, 0, 0, 0, 0]",crown
133319,user_1529,There is no bottom on top of the flat top.,33CID57106MJ3NEDD2FUQHE2UPTL3V,505.0,da5e5ec4c486d6c03baa6271927f050e,cap,ShapeNet,bfe8019efc5bbb902c1963cd0990e978,cap,PartNet,False,cap/PartNet/bfe8019efc5bbb902c1963cd0990e978,cap/ShapeNet/da5e5ec4c486d6c03baa6271927f050e,True,hat,cap,1,"['there', 'is', 'no', 'bottom', 'on', 'top', 'of', 'the', 'flat', 'top']",10,there is no bottom on top of the flat top,train,train,train,train,"[1, 15, 7, 123, 76, 20, 99, 38, 10, 129, 99, 2, 0, 0, 0, 0, 0, 0]",crown
133327,user_1644,The crown is not ornate.,3H7Z272LX90QACJ0B0C13KH3ZLMPLC,47.0,35bbeb0e828835a757c2f3d4234affb,cap,PartNet,373d717709b3e181bbda4bd2b976d8f7,cap,ShapeNet,False,cap/ShapeNet/373d717709b3e181bbda4bd2b976d8f7,cap/PartNet/35bbeb0e828835a757c2f3d4234affb,False,cap,hat,1,"['the', 'crown', 'is', 'not', 'ornate']",5,the crown is not ornate,train,train,train,train,"[1, 10, 606, 7, 40, 191, 2, 0, 0, 0, 0, 0, 0, 0, 0, 0, 0, 0]",crown
133328,user_2105,target has rectangle on crown,34X6J5FLPVR5FYWF8SFDNAUL0TUQJV,158.0,35bbeb0e828835a757c2f3d4234affb,cap,PartNet,373d717709b3e181bbda4bd2b976d8f7,cap,ShapeNet,False,cap/ShapeNet/373d717709b3e181bbda4bd2b976d8f7,cap/PartNet/35bbeb0e828835a757c2f3d4234affb,False,cap,hat,1,"['target', 'has', 'rectangle', 'on', 'crown']",5,target has rectangle on crown,train,train,train,train,"[1, 11, 24, 425, 20, 606, 2, 0, 0, 0, 0, 0, 0, 0, 0, 0, 0, 0]",crown
133329,user_1633,The target does not have a button on top.,3JPSL1DZ5US9B8GJYUAJQHWX5UNANK,29.0,dc3e5c0457defe87a52821bf1aa3b19a,cap,ShapeNet,dc06523b3413d01d3ead562a41d49338,cap,PartNet,False,cap/PartNet/dc06523b3413d01d3ead562a41d49338,cap/ShapeNet/dc3e5c0457defe87a52821bf1aa3b19a,False,hat,cap,1,"['the', 'target', 'does', 'not', 'have', 'a', 'button', 'on', 'top']",9,the target does not have a button on top,train,train,train,train,"[1, 10, 11, 39, 40, 84, 26, 596, 20, 99, 2, 0, 0, 0, 0, 0, 0, 0]",crown
133330,user_1644,The crown is shorter.,3RWE2M8QWJ3DAVI16SDQ1BKKW8B0NJ,34.0,dc3e5c0457defe87a52821bf1aa3b19a,cap,ShapeNet,dc06523b3413d01d3ead562a41d49338,cap,PartNet,False,cap/PartNet/dc06523b3413d01d3ead562a41d49338,cap/ShapeNet/dc3e5c0457defe87a52821bf1aa3b19a,False,hat,cap,1,"['the', 'crown', 'is', 'short', '-er']",5,the crown is short -er,train,train,train,train,"[1, 10, 606, 7, 8, 9, 2, 0, 0, 0, 0, 0, 0, 0, 0, 0, 0, 0]",crown
133332,user_786,Its crown's bottom diameter is less,3NVC2EB65SS33MLCWH4KKPGY34YY31,84.0,3e5bdecbe9ed004ed65de3ff29a73cde,cap,PartNet,576d5a4b1d688680bed7e3eef8315549,cap,PartNet,False,cap/PartNet/576d5a4b1d688680bed7e3eef8315549,cap/PartNet/3e5bdecbe9ed004ed65de3ff29a73cde,True,hat,hat,1,"['its', 'crown', ""'s"", 'bottom', 'diameter', 'is', 'less']",7,its crown 's bottom diameter is less,train,train,train,train,"[1, 5, 606, 12, 76, 268, 7, 229, 2, 0, 0, 0, 0, 0, 0, 0, 0, 0]",crown
133333,user_1644,The brim binder is smaller.,3ERMJ6L4D0LLAOXLFQJZ3B57ZW6M74,64.0,3e5bdecbe9ed004ed65de3ff29a73cde,cap,PartNet,576d5a4b1d688680bed7e3eef8315549,cap,PartNet,False,cap/PartNet/576d5a4b1d688680bed7e3eef8315549,cap/PartNet/3e5bdecbe9ed004ed65de3ff29a73cde,True,hat,hat,1,"['the', 'brim', 'binder', 'is', 'small', '-er']",6,the brim binder is small -er,train,train,train,train,"[1, 10, 601, 3, 7, 111, 9, 2, 0, 0, 0, 0, 0, 0, 0, 0, 0, 0]",brim
133337,user_786,Its brim is thicker,3A0EX8ZRNAH86HPPBAJQ28EARWBBY5,28.0,87c240c20a772f51e6e812c94ac516eb,cap,PartNet,96d3549ca3a889d2c09b66406189a9cb,cap,PartNet,False,cap/PartNet/96d3549ca3a889d2c09b66406189a9cb,cap/PartNet/87c240c20a772f51e6e812c94ac516eb,True,hat,hat,1,"['its', 'brim', 'is', 'thick', '-er']",5,its brim is thick -er,val,train,val,train,"[1, 5, 601, 7, 54, 9, 2, 0, 0, 0, 0, 0, 0, 0, 0, 0, 0, 0]",brim
133341,user_786,Its brim is much narrower,3X87C8JFV84YE1F5VMORFBL8WBGQSI,52.0,7f1665745d2690d38217993582015a9c,cap,PartNet,5549d6cf8c5c7f1e886d6fb5acc5844b,cap,PartNet,False,cap/PartNet/5549d6cf8c5c7f1e886d6fb5acc5844b,cap/PartNet/7f1665745d2690d38217993582015a9c,False,hat,hat,1,"['its', 'brim', 'is', 'much', 'narrow', '-er']",6,its brim is much narrow -er,train,train,train,train,"[1, 5, 601, 7, 59, 210, 9, 2, 0, 0, 0, 0, 0, 0, 0, 0, 0, 0]",brim
133342,user_1644,The brim is not as wide.,3180JW2OT65GMCDHO0RAPZZU4WGJ5I,35.0,7f1665745d2690d38217993582015a9c,cap,PartNet,5549d6cf8c5c7f1e886d6fb5acc5844b,cap,PartNet,False,cap/PartNet/5549d6cf8c5c7f1e886d6fb5acc5844b,cap/PartNet/7f1665745d2690d38217993582015a9c,False,hat,hat,1,"['the', 'brim', 'is', 'not', 'as', 'wide']",6,the brim is not as wide,train,train,train,train,"[1, 10, 601, 7, 40, 52, 83, 2, 0, 0, 0, 0, 0, 0, 0, 0, 0, 0]",brim
133343,user_1964,the top is flat,3EJJQNKU9TY90TGPX71SGNOBJM2RH0,30.0,7f1665745d2690d38217993582015a9c,cap,PartNet,5549d6cf8c5c7f1e886d6fb5acc5844b,cap,PartNet,False,cap/PartNet/5549d6cf8c5c7f1e886d6fb5acc5844b,cap/PartNet/7f1665745d2690d38217993582015a9c,False,hat,hat,1,"['the', 'top', 'is', 'flat']",4,the top is flat,train,train,train,train,"[1, 10, 99, 7, 129, 2, 0, 0, 0, 0, 0, 0, 0, 0, 0, 0, 0, 0]",crown
133344,user_1633,The target is completely flat on top.,3XUHV3NRVMRKV6IR00OPDMJFR4CH5B,33.0,a1194f613435ee2d8ffc94a6ce28be5e,cap,PartNet,d874bb309edb91e04e5a22e049c207b1,cap,PartNet,False,cap/PartNet/d874bb309edb91e04e5a22e049c207b1,cap/PartNet/a1194f613435ee2d8ffc94a6ce28be5e,True,hat,hat,1,"['the', 'target', 'is', 'completely', 'flat', 'on', 'top']",7,the target is completely flat on top,train,train,train,train,"[1, 10, 11, 7, 169, 129, 20, 99, 2, 0, 0, 0, 0, 0, 0, 0, 0, 0]",crown
133345,user_1644,The brim is thicker.,3JAOYWH7VKX5IP3TUBG4HUHOUH59L2,22.0,a1194f613435ee2d8ffc94a6ce28be5e,cap,PartNet,d874bb309edb91e04e5a22e049c207b1,cap,PartNet,False,cap/PartNet/d874bb309edb91e04e5a22e049c207b1,cap/PartNet/a1194f613435ee2d8ffc94a6ce28be5e,True,hat,hat,1,"['the', 'brim', 'is', 'thick', '-er']",5,the brim is thick -er,train,train,train,train,"[1, 10, 601, 7, 54, 9, 2, 0, 0, 0, 0, 0, 0, 0, 0, 0, 0, 0]",brim
133346,user_1689,Its brim is shorter.,3W2LOLRXLD802JHX3S4PTF43B4DKR6,33.0,a1194f613435ee2d8ffc94a6ce28be5e,cap,PartNet,d874bb309edb91e04e5a22e049c207b1,cap,PartNet,False,cap/PartNet/d874bb309edb91e04e5a22e049c207b1,cap/PartNet/a1194f613435ee2d8ffc94a6ce28be5e,True,hat,hat,1,"['its', 'brim', 'is', 'short', '-er']",5,its brim is short -er,train,train,train,train,"[1, 5, 601, 7, 8, 9, 2, 0, 0, 0, 0, 0, 0, 0, 0, 0, 0, 0]",brim
133347,user_203,The crown is not as tall.,3VD82FOHKSHFM8DTJN6NB1MQV8KOCO,374.0,bc05db27de8de6354bd07bcd9e7e0abf,cap,PartNet,e43656f7922bb7573d73b22cbe25cea9,cap,PartNet,False,cap/PartNet/e43656f7922bb7573d73b22cbe25cea9,cap/PartNet/bc05db27de8de6354bd07bcd9e7e0abf,True,hat,hat,1,"['the', 'crown', 'is', 'not', 'as', 'tall']",6,the crown is not as tall,train,train,train,train,"[1, 10, 606, 7, 40, 52, 53, 2, 0, 0, 0, 0, 0, 0, 0, 0, 0, 0]",crown
133348,user_1644,It has a wider brim.,3Z3ZLGNNSKNUUKUQ57NQ73DW4VI3Q4,19.0,bc05db27de8de6354bd07bcd9e7e0abf,cap,PartNet,e43656f7922bb7573d73b22cbe25cea9,cap,PartNet,False,cap/PartNet/e43656f7922bb7573d73b22cbe25cea9,cap/PartNet/bc05db27de8de6354bd07bcd9e7e0abf,True,hat,hat,1,"['it', 'has', 'a', 'wide', '-er', 'brim']",6,it has a wide -er brim,train,train,train,train,"[1, 23, 24, 26, 83, 9, 601, 2, 0, 0, 0, 0, 0, 0, 0, 0, 0, 0]",brim
133349,user_2105,target has thinner brim,3LRLIPTPES2832VG1HI3YPFTB0RAKQ,28.0,bc05db27de8de6354bd07bcd9e7e0abf,cap,PartNet,e43656f7922bb7573d73b22cbe25cea9,cap,PartNet,False,cap/PartNet/e43656f7922bb7573d73b22cbe25cea9,cap/PartNet/bc05db27de8de6354bd07bcd9e7e0abf,True,hat,hat,1,"['target', 'has', 'thin', '-er', 'brim']",5,target has thin -er brim,train,train,train,train,"[1, 11, 24, 60, 9, 601, 2, 0, 0, 0, 0, 0, 0, 0, 0, 0, 0, 0]",brim
133353,user_456,The target has no brim.,3NGMS9VZTNBSJ7KABMDYWDYF0KEFFX,53.0,2854677f4c733bcc606dbe05096195ae,cap,PartNet,6f93656d083e985465bae2cb33eb4baa,cap,ShapeNet,False,cap/ShapeNet/6f93656d083e985465bae2cb33eb4baa,cap/PartNet/2854677f4c733bcc606dbe05096195ae,True,cap,hat,1,"['the', 'target', 'has', 'no', 'brim']",5,the target has no brim,train,train,train,train,"[1, 10, 11, 24, 123, 601, 2, 0, 0, 0, 0, 0, 0, 0, 0, 0, 0, 0]",brim
133354,user_786,Its crown has a larger diameter,33NF62TLXLVJ4VYKVNVGROIC1MBJK3,65.0,2854677f4c733bcc606dbe05096195ae,cap,PartNet,6f93656d083e985465bae2cb33eb4baa,cap,ShapeNet,False,cap/ShapeNet/6f93656d083e985465bae2cb33eb4baa,cap/PartNet/2854677f4c733bcc606dbe05096195ae,True,cap,hat,1,"['its', 'crown', 'has', 'a', 'large', '-er', 'diameter']",7,its crown has a large -er diameter,train,train,train,train,"[1, 5, 606, 24, 26, 94, 9, 268, 2, 0, 0, 0, 0, 0, 0, 0, 0, 0]",crown
133356,user_203,The crown is taller.,3JC6VJ2SADC5LJADUUEXW0WBEAUA53,443.0,3f712e64c37ee460e4b30fdd654658ce,cap,PartNet,6e11cfa7d75ed04a4835c09e4900b4a9,cap,PartNet,False,cap/PartNet/6e11cfa7d75ed04a4835c09e4900b4a9,cap/PartNet/3f712e64c37ee460e4b30fdd654658ce,False,hat,hat,1,"['the', 'crown', 'is', 'tall', '-er']",5,the crown is tall -er,train,train,train,train,"[1, 10, 606, 7, 53, 9, 2, 0, 0, 0, 0, 0, 0, 0, 0, 0, 0, 0]",crown
133357,user_1489,It has a flat brim,3BXQMRHWK1RN8Z9HSYCAD3JR78EUMR,55.0,3f712e64c37ee460e4b30fdd654658ce,cap,PartNet,6e11cfa7d75ed04a4835c09e4900b4a9,cap,PartNet,False,cap/PartNet/6e11cfa7d75ed04a4835c09e4900b4a9,cap/PartNet/3f712e64c37ee460e4b30fdd654658ce,False,hat,hat,1,"['it', 'has', 'a', 'flat', 'brim']",5,it has a flat brim,train,train,train,train,"[1, 23, 24, 26, 129, 601, 2, 0, 0, 0, 0, 0, 0, 0, 0, 0, 0, 0]",brim
133358,user_1644,The crown is flat on top.,3R6P78PK7M48GCY6HQO5V2DSS8UTGQ,64.0,3f712e64c37ee460e4b30fdd654658ce,cap,PartNet,6e11cfa7d75ed04a4835c09e4900b4a9,cap,PartNet,False,cap/PartNet/6e11cfa7d75ed04a4835c09e4900b4a9,cap/PartNet/3f712e64c37ee460e4b30fdd654658ce,False,hat,hat,1,"['the', 'crown', 'is', 'flat', 'on', 'top']",6,the crown is flat on top,train,train,train,train,"[1, 10, 606, 7, 129, 20, 99, 2, 0, 0, 0, 0, 0, 0, 0, 0, 0, 0]",crown
133359,user_1529,The piece that comes off of the top is narrower.,323Q6SJS8K9CX3BG6C1YZYASGZJHFP,119.0,8670ef4375bbb95568b8a8e5babef621,cap,PartNet,3c2a6e6704d24b71325036f2a8f48b04,cap,PartNet,False,cap/PartNet/3c2a6e6704d24b71325036f2a8f48b04,cap/PartNet/8670ef4375bbb95568b8a8e5babef621,True,hat,hat,1,"['the', 'piece', 'that', 'comes', 'off', 'of', 'the', 'top', 'is', 'narrow', '-er']",11,the piece that comes off of the top is narrow -er,train,train,train,train,"[1, 10, 65, 172, 88, 57, 38, 10, 99, 7, 210, 9, 2, 0, 0, 0, 0, 0]",crown
133360,user_1644,The crown is more pointed.,3EWIJTFFVQ09GP5ODTA7BOQBIG9E07,35.0,8670ef4375bbb95568b8a8e5babef621,cap,PartNet,3c2a6e6704d24b71325036f2a8f48b04,cap,PartNet,False,cap/PartNet/3c2a6e6704d24b71325036f2a8f48b04,cap/PartNet/8670ef4375bbb95568b8a8e5babef621,True,hat,hat,1,"['the', 'crown', 'is', 'more', 'pointed']",5,the crown is more pointed,train,train,train,train,"[1, 10, 606, 7, 34, 387, 2, 0, 0, 0, 0, 0, 0, 0, 0, 0, 0, 0]",crown
133361,user_2105,target has taller crown,3Q5ZZ9ZEVQ8R2VHYXWUJ09QGOMD85G,36.0,8670ef4375bbb95568b8a8e5babef621,cap,PartNet,3c2a6e6704d24b71325036f2a8f48b04,cap,PartNet,False,cap/PartNet/3c2a6e6704d24b71325036f2a8f48b04,cap/PartNet/8670ef4375bbb95568b8a8e5babef621,True,hat,hat,1,"['target', 'has', 'tall', '-er', 'crown']",5,target has tall -er crown,train,train,train,train,"[1, 11, 24, 53, 9, 606, 2, 0, 0, 0, 0, 0, 0, 0, 0, 0, 0, 0]",crown
133362,user_203,The diameter of the brim is bigger.,3HUTX6F6VWG2OQLRMUHHZOD4JH72OT,131.0,d874bb309edb91e04e5a22e049c207b1,cap,PartNet,b0bdecad995dca22f316a08d4796320f,cap,PartNet,False,cap/PartNet/b0bdecad995dca22f316a08d4796320f,cap/PartNet/d874bb309edb91e04e5a22e049c207b1,False,hat,hat,1,"['the', 'diameter', 'of', 'the', 'brim', 'is', 'big', '-er']",8,the diameter of the brim is big -er,test,train,test,train,"[1, 10, 268, 38, 10, 601, 7, 320, 9, 2, 0, 0, 0, 0, 0, 0, 0, 0]",brim
133363,user_920,The top of the target is pointed.,3PB5A5BD0XZLIE1Z4NL4Q6LA3AVG7R,39.0,d874bb309edb91e04e5a22e049c207b1,cap,PartNet,b0bdecad995dca22f316a08d4796320f,cap,PartNet,False,cap/PartNet/b0bdecad995dca22f316a08d4796320f,cap/PartNet/d874bb309edb91e04e5a22e049c207b1,False,hat,hat,1,"['the', 'top', 'of', 'the', 'target', 'is', 'pointed']",7,the top of the target is pointed,test,train,test,train,"[1, 10, 99, 38, 10, 11, 7, 387, 2, 0, 0, 0, 0, 0, 0, 0, 0, 0]",crown
133364,user_1644,It is not a top hat.,3ZR9AIQJUD2RON8VONYU22EK5RG04O,14.0,d874bb309edb91e04e5a22e049c207b1,cap,PartNet,b0bdecad995dca22f316a08d4796320f,cap,PartNet,False,cap/PartNet/b0bdecad995dca22f316a08d4796320f,cap/PartNet/d874bb309edb91e04e5a22e049c207b1,False,hat,hat,1,"['it', 'is', 'not', 'a', 'top', 'hat']",6,it is not a top hat,test,train,test,train,"[1, 23, 7, 40, 26, 99, 602, 2, 0, 0, 0, 0, 0, 0, 0, 0, 0, 0]",crown
133365,user_1577,brim is narrower,3FDJT1UU761BXWJZ6LRMQEZ7JLFK5H,126.0,484d95c416ee10a74ce8c4cc4cdde9b4,cap,PartNet,f649b3afc815fff1e657bffb92fd93ce,cap,PartNet,False,cap/PartNet/f649b3afc815fff1e657bffb92fd93ce,cap/PartNet/484d95c416ee10a74ce8c4cc4cdde9b4,True,hat,hat,1,"['brim', 'is', 'narrow', '-er']",4,brim is narrow -er,train,train,train,train,"[1, 601, 7, 210, 9, 2, 0, 0, 0, 0, 0, 0, 0, 0, 0, 0, 0, 0]",brim
133366,user_1633,The target has a thicker brim.,3WAKVUDHUY94NW2UOSALULM1CI97UH,23.0,484d95c416ee10a74ce8c4cc4cdde9b4,cap,PartNet,f649b3afc815fff1e657bffb92fd93ce,cap,PartNet,False,cap/PartNet/f649b3afc815fff1e657bffb92fd93ce,cap/PartNet/484d95c416ee10a74ce8c4cc4cdde9b4,True,hat,hat,1,"['the', 'target', 'has', 'a', 'thick', '-er', 'brim']",7,the target has a thick -er brim,train,train,train,train,"[1, 10, 11, 24, 26, 54, 9, 601, 2, 0, 0, 0, 0, 0, 0, 0, 0, 0]",brim
133367,user_1644,The crown is taller.,3TE22NPXPD58NBQW7OLWE54XM3W448,16.0,484d95c416ee10a74ce8c4cc4cdde9b4,cap,PartNet,f649b3afc815fff1e657bffb92fd93ce,cap,PartNet,False,cap/PartNet/f649b3afc815fff1e657bffb92fd93ce,cap/PartNet/484d95c416ee10a74ce8c4cc4cdde9b4,True,hat,hat,1,"['the', 'crown', 'is', 'tall', '-er']",5,the crown is tall -er,train,train,train,train,"[1, 10, 606, 7, 53, 9, 2, 0, 0, 0, 0, 0, 0, 0, 0, 0, 0, 0]",crown
133368,user_203,The brim has a smaller diameter.,3C2NJ6JBKCAK65LFLFH4KZDZT732NF,194.0,bc05db27de8de6354bd07bcd9e7e0abf,cap,PartNet,569bfc3e920022e5561c6ec5086cfea5,cap,PartNet,False,cap/PartNet/569bfc3e920022e5561c6ec5086cfea5,cap/PartNet/bc05db27de8de6354bd07bcd9e7e0abf,True,hat,hat,1,"['the', 'brim', 'has', 'a', 'small', '-er', 'diameter']",7,the brim has a small -er diameter,train,train,train,train,"[1, 10, 601, 24, 26, 111, 9, 268, 2, 0, 0, 0, 0, 0, 0, 0, 0, 0]",brim
133369,user_1143,The target has a wider brim,3ITXP059PYCHSEBS0W4IIA9MIGPSJU,92.0,bc05db27de8de6354bd07bcd9e7e0abf,cap,PartNet,569bfc3e920022e5561c6ec5086cfea5,cap,PartNet,False,cap/PartNet/569bfc3e920022e5561c6ec5086cfea5,cap/PartNet/bc05db27de8de6354bd07bcd9e7e0abf,True,hat,hat,1,"['the', 'target', 'has', 'a', 'wide', '-er', 'brim']",7,the target has a wide -er brim,train,train,train,train,"[1, 10, 11, 24, 26, 83, 9, 601, 2, 0, 0, 0, 0, 0, 0, 0, 0, 0]",brim
133370,user_1633,The target has a taller crown.,3ZWFC4W1UW0PMXPJ2HDSD2CY37PFRQ,23.0,bc05db27de8de6354bd07bcd9e7e0abf,cap,PartNet,569bfc3e920022e5561c6ec5086cfea5,cap,PartNet,False,cap/PartNet/569bfc3e920022e5561c6ec5086cfea5,cap/PartNet/bc05db27de8de6354bd07bcd9e7e0abf,True,hat,hat,1,"['the', 'target', 'has', 'a', 'tall', '-er', 'crown']",7,the target has a tall -er crown,train,train,train,train,"[1, 10, 11, 24, 26, 53, 9, 606, 2, 0, 0, 0, 0, 0, 0, 0, 0, 0]",crown
133373,user_865,Target has smaller bill,3Z3ZLGNNSKNUUKUQ57NQ73DW4W1Q3C,212.0,3b0a1a20ef0ce1a34c90f2ddc14dc59b,cap,ShapeNet,357c2a333ffefc3e90f80ab08ae6ce2,cap,ShapeNet,False,cap/ShapeNet/357c2a333ffefc3e90f80ab08ae6ce2,cap/ShapeNet/3b0a1a20ef0ce1a34c90f2ddc14dc59b,True,cap,cap,1,"['target', 'has', 'small', '-er', 'bill']",5,target has small -er bill,test,train,test,train,"[1, 11, 24, 111, 9, 603, 2, 0, 0, 0, 0, 0, 0, 0, 0, 0, 0, 0]",brim
133374,user_203,The edge of the brim is not as tall.,3A7Y0R2P2QHPOVXRU6A5HIQEXWYJX2,276.0,bf120175fed89392954cc04e9b526b85,cap,PartNet,61aae9be231d6c263dc5b29818b9b22e,cap,PartNet,False,cap/PartNet/61aae9be231d6c263dc5b29818b9b22e,cap/PartNet/bf120175fed89392954cc04e9b526b85,True,hat,hat,1,"['the', 'edge', 'of', 'the', 'brim', 'is', 'not', 'as', 'tall']",9,the edge of the brim is not as tall,train,train,train,train,"[1, 10, 631, 38, 10, 601, 7, 40, 52, 53, 2, 0, 0, 0, 0, 0, 0, 0]",brim
133375,user_1644,The crown is taller and more pointed.,3KJYX6QCMB4XK6SWUR9NTXTTHKIJVP,43.0,bf120175fed89392954cc04e9b526b85,cap,PartNet,61aae9be231d6c263dc5b29818b9b22e,cap,PartNet,False,cap/PartNet/61aae9be231d6c263dc5b29818b9b22e,cap/PartNet/bf120175fed89392954cc04e9b526b85,True,hat,hat,1,"['the', 'crown', 'is', 'tall', '-er', 'and', 'more', 'pointed']",8,the crown is tall -er and more pointed,train,train,train,train,"[1, 10, 606, 7, 53, 9, 47, 34, 387, 2, 0, 0, 0, 0, 0, 0, 0, 0]",crown
133376,user_1964,"the crown goes straight up, there is no angle",3YMU66OBIP1IB37BHW7GHJA4HDQGHS,55.0,bf120175fed89392954cc04e9b526b85,cap,PartNet,61aae9be231d6c263dc5b29818b9b22e,cap,PartNet,False,cap/PartNet/61aae9be231d6c263dc5b29818b9b22e,cap/PartNet/bf120175fed89392954cc04e9b526b85,True,hat,hat,1,"['the', 'crown', 'goes', 'straight', 'up', 'there', 'is', 'no', 'angle']",9,the crown goes straight up there is no angle,train,train,train,train,"[1, 10, 606, 394, 114, 269, 15, 7, 123, 106, 2, 0, 0, 0, 0, 0, 0, 0]",crown
133377,user_786,Its crown is less tall,39RP059MEJM8C00BS7VF8DR3IN5BMP,50.0,60153b9c1dc500a93d8dd242efdcdeb,cap,PartNet,26239157c6539065895d3362333efa72,cap,PartNet,False,cap/PartNet/26239157c6539065895d3362333efa72,cap/PartNet/60153b9c1dc500a93d8dd242efdcdeb,True,hat,hat,1,"['its', 'crown', 'is', 'less', 'tall']",5,its crown is less tall,train,train,train,train,"[1, 5, 606, 7, 229, 53, 2, 0, 0, 0, 0, 0, 0, 0, 0, 0, 0, 0]",crown
133379,user_1644,The crown is not as pointed.,3TPZPLC3M259U8TB5U817YNMZZW3PD,31.0,60153b9c1dc500a93d8dd242efdcdeb,cap,PartNet,26239157c6539065895d3362333efa72,cap,PartNet,False,cap/PartNet/26239157c6539065895d3362333efa72,cap/PartNet/60153b9c1dc500a93d8dd242efdcdeb,True,hat,hat,1,"['the', 'crown', 'is', 'not', 'as', 'pointed']",6,the crown is not as pointed,train,train,train,train,"[1, 10, 606, 7, 40, 52, 387, 2, 0, 0, 0, 0, 0, 0, 0, 0, 0, 0]",crown
133380,user_203,It has a brim instead of a bill or visor.,3GNCZX450KG9ETSWE9NBU61S5AVAPP,58.0,6cfb76b40fc41da2a6e67635b9d1cee5,cap,ShapeNet,e43656f7922bb7573d73b22cbe25cea9,cap,PartNet,False,cap/PartNet/e43656f7922bb7573d73b22cbe25cea9,cap/ShapeNet/6cfb76b40fc41da2a6e67635b9d1cee5,False,hat,cap,1,"['it', 'has', 'a', 'brim', 'instead', 'of', 'a', 'bill', 'or', 'visor']",10,it has a brim instead of a bill or visor,train,train,train,train,"[1, 23, 24, 26, 601, 97, 38, 26, 603, 124, 605, 2, 0, 0, 0, 0, 0, 0]",brim
133381,user_1633,"The target has a brim, not just a visor.",3VP0C6EFSIP26OJGWGE7XX5B4LLM64,40.0,6cfb76b40fc41da2a6e67635b9d1cee5,cap,ShapeNet,e43656f7922bb7573d73b22cbe25cea9,cap,PartNet,False,cap/PartNet/e43656f7922bb7573d73b22cbe25cea9,cap/ShapeNet/6cfb76b40fc41da2a6e67635b9d1cee5,False,hat,cap,1,"['the', 'target', 'has', 'a', 'brim', 'not', 'just', 'a', 'visor']",9,the target has a brim not just a visor,train,train,train,train,"[1, 10, 11, 24, 26, 601, 40, 406, 26, 605, 2, 0, 0, 0, 0, 0, 0, 0]",brim
133383,user_677,Its crown is not as floppy.,3YZ8UPK3VVFAZDXQF9IWA7EFDU9CUQ,44.0,b3ccfa337100028088f5610828331858,cap,PartNet,a1194f613435ee2d8ffc94a6ce28be5e,cap,PartNet,False,cap/PartNet/a1194f613435ee2d8ffc94a6ce28be5e,cap/PartNet/b3ccfa337100028088f5610828331858,False,hat,hat,1,"['its', 'crown', 'is', 'not', 'as', 'floppy']",6,its crown is not as floppy,train,train,train,train,"[1, 5, 606, 7, 40, 52, 4598, 2, 0, 0, 0, 0, 0, 0, 0, 0, 0, 0]",crown
133385,user_1644,The crown is not pointed.,37XITHEISY2IJL59BFNR5WRV6U0CRF,16.0,b3ccfa337100028088f5610828331858,cap,PartNet,a1194f613435ee2d8ffc94a6ce28be5e,cap,PartNet,False,cap/PartNet/a1194f613435ee2d8ffc94a6ce28be5e,cap/PartNet/b3ccfa337100028088f5610828331858,False,hat,hat,1,"['the', 'crown', 'is', 'not', 'pointed']",5,the crown is not pointed,train,train,train,train,"[1, 10, 606, 7, 40, 387, 2, 0, 0, 0, 0, 0, 0, 0, 0, 0, 0, 0]",crown
133387,user_1644,The crown is more pointed.,3VAR3R6G1RUDA5NG2BQI9FQ75GR8OS,39.0,d5cdba69afacdbf19393051c3324a45f,cap,PartNet,17507563e90313433f19716eab42752,cap,PartNet,False,cap/PartNet/17507563e90313433f19716eab42752,cap/PartNet/d5cdba69afacdbf19393051c3324a45f,True,hat,hat,1,"['the', 'crown', 'is', 'more', 'pointed']",5,the crown is more pointed,train,train,train,train,"[1, 10, 606, 7, 34, 387, 2, 0, 0, 0, 0, 0, 0, 0, 0, 0, 0, 0]",crown
133388,user_1964,there is no ball on top,3SNVL38CI6LWWHSELVEU4K5HB23CKJ,37.0,d5cdba69afacdbf19393051c3324a45f,cap,PartNet,17507563e90313433f19716eab42752,cap,PartNet,False,cap/PartNet/17507563e90313433f19716eab42752,cap/PartNet/d5cdba69afacdbf19393051c3324a45f,True,hat,hat,1,"['there', 'is', 'no', 'ball', 'on', 'top']",6,there is no ball on top,train,train,train,train,"[1, 15, 7, 123, 668, 20, 99, 2, 0, 0, 0, 0, 0, 0, 0, 0, 0, 0]",crown
133389,user_1529,There is a brim that goes all the way around.,3PH3VY7DJNQ0ZAX52NH53T0X7RWWZW,294.0,3b0a1a20ef0ce1a34c90f2ddc14dc59b,cap,ShapeNet,d243dfb497b2a51bf784e4a55df53109,cap,PartNet,False,cap/PartNet/d243dfb497b2a51bf784e4a55df53109,cap/ShapeNet/3b0a1a20ef0ce1a34c90f2ddc14dc59b,False,hat,cap,1,"['there', 'is', 'a', 'brim', 'that', 'goes', 'all', 'the', 'way', 'around']",10,there is a brim that goes all the way around,train,train,train,train,"[1, 15, 7, 26, 601, 172, 394, 367, 10, 471, 239, 2, 0, 0, 0, 0, 0, 0]",brim
133390,user_1644,It has a brim.,3EJPLAJKEO925VIZB5415Z1KJP56Z7,18.0,3b0a1a20ef0ce1a34c90f2ddc14dc59b,cap,ShapeNet,d243dfb497b2a51bf784e4a55df53109,cap,PartNet,False,cap/PartNet/d243dfb497b2a51bf784e4a55df53109,cap/ShapeNet/3b0a1a20ef0ce1a34c90f2ddc14dc59b,False,hat,cap,1,"['it', 'has', 'a', 'brim']",4,it has a brim,train,train,train,train,"[1, 23, 24, 26, 601, 2, 0, 0, 0, 0, 0, 0, 0, 0, 0, 0, 0, 0]",brim
133391,user_2105,target has a brim not visor,3WS1NTTKE051M35K84UDT6BBUIF0F4,33.0,3b0a1a20ef0ce1a34c90f2ddc14dc59b,cap,ShapeNet,d243dfb497b2a51bf784e4a55df53109,cap,PartNet,False,cap/PartNet/d243dfb497b2a51bf784e4a55df53109,cap/ShapeNet/3b0a1a20ef0ce1a34c90f2ddc14dc59b,False,hat,cap,1,"['target', 'has', 'a', 'brim', 'not', 'visor']",6,target has a brim not visor,train,train,train,train,"[1, 11, 24, 26, 601, 40, 605, 2, 0, 0, 0, 0, 0, 0, 0, 0, 0, 0]",brim
133392,user_786,"It has a front-only visor, NOT a wraparound brim",3TPZPLC3M259U8TB5U817YNMZ0HP3M,49.0,8670ef4375bbb95568b8a8e5babef621,cap,PartNet,d0919880bdf7eec8fe5dfc44db6ed8eb,cap,PartNet,False,cap/PartNet/d0919880bdf7eec8fe5dfc44db6ed8eb,cap/PartNet/8670ef4375bbb95568b8a8e5babef621,False,hat,hat,1,"['it', 'has', 'a', 'front', 'only', 'visor', 'not', 'a', 'wraparound', 'brim']",10,it has a front only visor not a wraparound brim,train,train,train,train,"[1, 23, 24, 26, 37, 133, 605, 40, 26, 3525, 601, 2, 0, 0, 0, 0, 0, 0]",brim
133393,user_1143,The target has a rounded top,3SKEMFQBZ5YUKE214JYP2Y9YLBI8K9,28.0,8670ef4375bbb95568b8a8e5babef621,cap,PartNet,d0919880bdf7eec8fe5dfc44db6ed8eb,cap,PartNet,False,cap/PartNet/d0919880bdf7eec8fe5dfc44db6ed8eb,cap/PartNet/8670ef4375bbb95568b8a8e5babef621,False,hat,hat,1,"['the', 'target', 'has', 'a', 'rounded', 'top']",6,the target has a rounded top,train,train,train,train,"[1, 10, 11, 24, 26, 48, 99, 2, 0, 0, 0, 0, 0, 0, 0, 0, 0, 0]",crown
133394,user_1644,The crown is shorter.,3M0BCWMB8XP4HCUPW912HBTUGOBWBR,31.0,8670ef4375bbb95568b8a8e5babef621,cap,PartNet,d0919880bdf7eec8fe5dfc44db6ed8eb,cap,PartNet,False,cap/PartNet/d0919880bdf7eec8fe5dfc44db6ed8eb,cap/PartNet/8670ef4375bbb95568b8a8e5babef621,False,hat,hat,1,"['the', 'crown', 'is', 'short', '-er']",5,the crown is short -er,train,train,train,train,"[1, 10, 606, 7, 8, 9, 2, 0, 0, 0, 0, 0, 0, 0, 0, 0, 0, 0]",crown
133396,user_1529,There is no brim.,37UQDCYH6ZO40BRUTIKQQ7OKQPH7V5,38.0,31253a0f8eaa2c5c785f06f424b9d06,cap,PartNet,78ffdd0f1440161ca7591d4119c4254f,cap,PartNet,False,cap/PartNet/78ffdd0f1440161ca7591d4119c4254f,cap/PartNet/31253a0f8eaa2c5c785f06f424b9d06,False,hat,hat,1,"['there', 'is', 'no', 'brim']",4,there is no brim,val,train,val,train,"[1, 15, 7, 123, 601, 2, 0, 0, 0, 0, 0, 0, 0, 0, 0, 0, 0, 0]",brim
133398,user_786,"Its crown's top circular edge is rounder, less sharp",3L0KT67Y8G97N36RMW5LSXOAVKXYST,115.0,8156dab09860124627526d19de7c3249,cap,PartNet,5dbe1341bec2f70cf0d11ae402ef940e,cap,PartNet,False,cap/PartNet/5dbe1341bec2f70cf0d11ae402ef940e,cap/PartNet/8156dab09860124627526d19de7c3249,True,hat,hat,1,"['its', 'crown', ""'s"", 'top', 'circular', 'edge', 'is', 'round', '-er', 'less', 'sharp']",11,its crown 's top circular edge is round -er less sharp,train,train,train,train,"[1, 5, 606, 12, 99, 102, 631, 7, 134, 9, 229, 206, 2, 0, 0, 0, 0, 0]",crown
133403,user_1644,It has a button at the top.,3ZAZR5XV03BRLCR0LWH4RZTUFBFCZ4,15.0,373d717709b3e181bbda4bd2b976d8f7,cap,ShapeNet,a3d8771740fd7630afd6b353b2d4958f,cap,ShapeNet,False,cap/ShapeNet/a3d8771740fd7630afd6b353b2d4958f,cap/ShapeNet/373d717709b3e181bbda4bd2b976d8f7,False,cap,cap,1,"['it', 'has', 'a', 'button', 'at', 'the', 'top']",7,it has a button at the top,train,train,train,train,"[1, 23, 24, 26, 596, 98, 10, 99, 2, 0, 0, 0, 0, 0, 0, 0, 0, 0]",crown
133404,user_786,"Its has a brim circles the entire hat, NOT a front-only visor",3J4Q2Z4UT0WRLIWEFRYSC0OT2PJQW6,171.0,5a5c976be7015447f0d11ae402ef940e,cap,PartNet,dbed24c9057ad64ce8ce7d162fedd5be,cap,PartNet,False,cap/PartNet/dbed24c9057ad64ce8ce7d162fedd5be,cap/PartNet/5a5c976be7015447f0d11ae402ef940e,True,hat,hat,1,"['its', 'has', 'a', 'brim', 'circles', 'the', 'entire', 'hat', 'not', 'a', 'front', 'only', 'visor']",13,its has a brim circles the entire hat not a front only visor,train,train,train,train,"[1, 5, 24, 26, 601, 452, 10, 516, 602, 40, 26, 37, 133, 605, 2, 0, 0, 0]",brim
133405,user_1644,It has a brim.,3K4J6M3CXGM31GZXBQXO0XN04I0GAH,36.0,5a5c976be7015447f0d11ae402ef940e,cap,PartNet,dbed24c9057ad64ce8ce7d162fedd5be,cap,PartNet,False,cap/PartNet/dbed24c9057ad64ce8ce7d162fedd5be,cap/PartNet/5a5c976be7015447f0d11ae402ef940e,True,hat,hat,1,"['it', 'has', 'a', 'brim']",4,it has a brim,train,train,train,train,"[1, 23, 24, 26, 601, 2, 0, 0, 0, 0, 0, 0, 0, 0, 0, 0, 0, 0]",brim
133406,user_1964,the brim extends all the way around,3KJYX6QCMB4XK6SWUR9NTXTTHKIVJ1,45.0,5a5c976be7015447f0d11ae402ef940e,cap,PartNet,dbed24c9057ad64ce8ce7d162fedd5be,cap,PartNet,False,cap/PartNet/dbed24c9057ad64ce8ce7d162fedd5be,cap/PartNet/5a5c976be7015447f0d11ae402ef940e,True,hat,hat,1,"['the', 'brim', 'extends', 'all', 'the', 'way', 'around']",7,the brim extends all the way around,train,train,train,train,"[1, 10, 601, 77, 367, 10, 471, 239, 2, 0, 0, 0, 0, 0, 0, 0, 0, 0]",brim
133409,user_2105,target has a brim not visor,3NC5L260MQFMPKX3APWOJ77TSLVFO9,53.0,a4f94067b0ec9608e762cf5917cef4ef,cap,ShapeNet,7f1665745d2690d38217993582015a9c,cap,PartNet,False,cap/PartNet/7f1665745d2690d38217993582015a9c,cap/ShapeNet/a4f94067b0ec9608e762cf5917cef4ef,False,hat,cap,1,"['target', 'has', 'a', 'brim', 'not', 'visor']",6,target has a brim not visor,train,train,train,train,"[1, 11, 24, 26, 601, 40, 605, 2, 0, 0, 0, 0, 0, 0, 0, 0, 0, 0]",brim
133410,user_786,Its brim is wider and thinner,3TXWC2NHN1JSM2YJEKD5TGVJMCK9SP,107.0,233a6e7c31de58a33d4bab39ff8346fd,cap,PartNet,b968eb697fbce2d76bb31db0358e9c6,cap,PartNet,False,cap/PartNet/b968eb697fbce2d76bb31db0358e9c6,cap/PartNet/233a6e7c31de58a33d4bab39ff8346fd,True,hat,hat,1,"['its', 'brim', 'is', 'wide', '-er', 'and', 'thin', '-er']",8,its brim is wide -er and thin -er,train,train,train,train,"[1, 5, 601, 7, 83, 9, 47, 60, 9, 2, 0, 0, 0, 0, 0, 0, 0, 0]",brim
133411,user_1644,The crown is rounded at the top.,3K2755HG5UWVLN6EKGI88DVUO61DFL,19.0,233a6e7c31de58a33d4bab39ff8346fd,cap,PartNet,b968eb697fbce2d76bb31db0358e9c6,cap,PartNet,False,cap/PartNet/b968eb697fbce2d76bb31db0358e9c6,cap/PartNet/233a6e7c31de58a33d4bab39ff8346fd,True,hat,hat,1,"['the', 'crown', 'is', 'rounded', 'at', 'the', 'top']",7,the crown is rounded at the top,train,train,train,train,"[1, 10, 606, 7, 48, 98, 10, 99, 2, 0, 0, 0, 0, 0, 0, 0, 0, 0]",crown
133412,user_1964,the crown is shorter,30OG32W0SW4C1LXVEZC5M0MOQ9LNES,34.0,233a6e7c31de58a33d4bab39ff8346fd,cap,PartNet,b968eb697fbce2d76bb31db0358e9c6,cap,PartNet,False,cap/PartNet/b968eb697fbce2d76bb31db0358e9c6,cap/PartNet/233a6e7c31de58a33d4bab39ff8346fd,True,hat,hat,1,"['the', 'crown', 'is', 'short', '-er']",5,the crown is short -er,train,train,train,train,"[1, 10, 606, 7, 8, 9, 2, 0, 0, 0, 0, 0, 0, 0, 0, 0, 0, 0]",crown
133416,user_203,The brim edge is not as high.,326O153BMKR3F96IP5Y2QVAUC6REDB,53.0,8173b6a303d2888671b99e20c1071f6c,cap,PartNet,569bfc3e920022e5561c6ec5086cfea5,cap,PartNet,False,cap/PartNet/569bfc3e920022e5561c6ec5086cfea5,cap/PartNet/8173b6a303d2888671b99e20c1071f6c,False,hat,hat,1,"['the', 'brim', 'edge', 'is', 'not', 'as', 'high']",7,the brim edge is not as high,train,train,train,train,"[1, 10, 601, 631, 7, 40, 52, 49, 2, 0, 0, 0, 0, 0, 0, 0, 0, 0]",brim
133417,user_1529,The crown is significantly higher.,339ANSOTR7VN9KEED5AGFN3CO7LKIR,36.0,8173b6a303d2888671b99e20c1071f6c,cap,PartNet,569bfc3e920022e5561c6ec5086cfea5,cap,PartNet,False,cap/PartNet/569bfc3e920022e5561c6ec5086cfea5,cap/PartNet/8173b6a303d2888671b99e20c1071f6c,False,hat,hat,1,"['the', 'crown', 'is', 'significantly', 'high', '-er']",6,the crown is significantly high -er,train,train,train,train,"[1, 10, 606, 7, 777, 49, 9, 2, 0, 0, 0, 0, 0, 0, 0, 0, 0, 0]",crown
133418,user_1644,The crown is taller.,39O5D9O87VLQ0JK70PMVNYOF0GK3C2,15.0,8173b6a303d2888671b99e20c1071f6c,cap,PartNet,569bfc3e920022e5561c6ec5086cfea5,cap,PartNet,False,cap/PartNet/569bfc3e920022e5561c6ec5086cfea5,cap/PartNet/8173b6a303d2888671b99e20c1071f6c,False,hat,hat,1,"['the', 'crown', 'is', 'tall', '-er']",5,the crown is tall -er,train,train,train,train,"[1, 10, 606, 7, 53, 9, 2, 0, 0, 0, 0, 0, 0, 0, 0, 0, 0, 0]",crown
133421,user_2105,target has shorter height crown,34MAJL3QP6GN5F7S7AGD40CR84Q34E,70.0,5dbe1341bec2f70cf0d11ae402ef940e,cap,PartNet,8173b6a303d2888671b99e20c1071f6c,cap,PartNet,False,cap/PartNet/8173b6a303d2888671b99e20c1071f6c,cap/PartNet/5dbe1341bec2f70cf0d11ae402ef940e,True,hat,hat,1,"['target', 'has', 'short', '-er', 'height', 'crown']",6,target has short -er height crown,train,train,train,train,"[1, 11, 24, 8, 9, 117, 606, 2, 0, 0, 0, 0, 0, 0, 0, 0, 0, 0]",crown
133424,user_1633,The target is not flat on top.,3TUI152ZZDGYKHGBI397JAYZ6B3Q1Y,27.0,1045ec5dd315bb09b3efe792e5724933,cap,PartNet,591262ba071ebd196c8bf2a864894125,cap,PartNet,False,cap/PartNet/591262ba071ebd196c8bf2a864894125,cap/PartNet/1045ec5dd315bb09b3efe792e5724933,False,hat,hat,1,"['the', 'target', 'is', 'not', 'flat', 'on', 'top']",7,the target is not flat on top,train,train,train,train,"[1, 10, 11, 7, 40, 129, 20, 99, 2, 0, 0, 0, 0, 0, 0, 0, 0, 0]",crown
133426,user_1689,Its brim is bigger.,3E47SOBEYSP5QM2QLSTIR4Q4JYCICC,37.0,579cb458787e385af0d11ae402ef940e,cap,PartNet,3e5bdecbe9ed004ed65de3ff29a73cde,cap,PartNet,False,cap/PartNet/3e5bdecbe9ed004ed65de3ff29a73cde,cap/PartNet/579cb458787e385af0d11ae402ef940e,True,hat,hat,1,"['its', 'brim', 'is', 'big', '-er']",5,its brim is big -er,train,train,train,train,"[1, 5, 601, 7, 320, 9, 2, 0, 0, 0, 0, 0, 0, 0, 0, 0, 0, 0]",brim
133433,user_1644,There is a logo on the crown.,30LSNF239WOSS4AOOZ4CFRHI774I28,19.0,d18c3ce1f186c16976bb31db0358e9c6,cap,ShapeNet,8338e10954ae6c5296b84415a3f1393b,cap,ShapeNet,False,cap/ShapeNet/8338e10954ae6c5296b84415a3f1393b,cap/ShapeNet/d18c3ce1f186c16976bb31db0358e9c6,True,cap,cap,1,"['there', 'is', 'a', 'logo', 'on', 'the', 'crown']",7,there is a logo on the crown,train,train,train,train,"[1, 15, 7, 26, 604, 20, 10, 606, 2, 0, 0, 0, 0, 0, 0, 0, 0, 0]",crown
133435,user_1644,The brim is not as wide.,3IHR8NYAM9UUC4CF58DKH3FSDZS4PZ,41.0,484d95c416ee10a74ce8c4cc4cdde9b4,cap,PartNet,47d8ea8d4f14119048908f59408795,cap,PartNet,False,cap/PartNet/47d8ea8d4f14119048908f59408795,cap/PartNet/484d95c416ee10a74ce8c4cc4cdde9b4,True,hat,hat,1,"['the', 'brim', 'is', 'not', 'as', 'wide']",6,the brim is not as wide,train,train,train,train,"[1, 10, 601, 7, 40, 52, 83, 2, 0, 0, 0, 0, 0, 0, 0, 0, 0, 0]",brim
133436,user_2105,target has taller height crown,3II4UPYCOL0SCCWNYWT2KCZ8V9XQDH,40.0,484d95c416ee10a74ce8c4cc4cdde9b4,cap,PartNet,47d8ea8d4f14119048908f59408795,cap,PartNet,False,cap/PartNet/47d8ea8d4f14119048908f59408795,cap/PartNet/484d95c416ee10a74ce8c4cc4cdde9b4,True,hat,hat,1,"['target', 'has', 'tall', '-er', 'height', 'crown']",6,target has tall -er height crown,train,train,train,train,"[1, 11, 24, 53, 9, 117, 606, 2, 0, 0, 0, 0, 0, 0, 0, 0, 0, 0]",crown
133438,user_1964,the crown is a separate pyramid,3VHHR074H5A146F0FEIK3YQIZRH7LO,52.0,320573ba807dc5578c26f7b0dfd20a86,cap,PartNet,eec8c8ff8efdda0f86b5dc4d3f7cea94,cap,PartNet,False,cap/PartNet/eec8c8ff8efdda0f86b5dc4d3f7cea94,cap/PartNet/320573ba807dc5578c26f7b0dfd20a86,False,hat,hat,1,"['the', 'crown', 'is', 'a', 'separate', 'pyramid']",6,the crown is a separate pyramid,test,train,test,train,"[1, 10, 606, 7, 26, 85, 711, 2, 0, 0, 0, 0, 0, 0, 0, 0, 0, 0]",crown
133439,user_2105,target has pyramid crown,3Z4XG4ZF4AK04E1832DESSH0HLP8XS,36.0,320573ba807dc5578c26f7b0dfd20a86,cap,PartNet,eec8c8ff8efdda0f86b5dc4d3f7cea94,cap,PartNet,False,cap/PartNet/eec8c8ff8efdda0f86b5dc4d3f7cea94,cap/PartNet/320573ba807dc5578c26f7b0dfd20a86,False,hat,hat,1,"['target', 'has', 'pyramid', 'crown']",4,target has pyramid crown,test,train,test,train,"[1, 11, 24, 711, 606, 2, 0, 0, 0, 0, 0, 0, 0, 0, 0, 0, 0, 0]",crown
133441,user_1644,It does not have a brim binding.,3N1FSUEFL7TLN79P0ZMPH9Y3ZGOD4T,110.0,a0fc32a763b57b85f0d11ae402ef940e,cap,ShapeNet,cfdd264126abf98d920db8ca8825dcda,cap,PartNet,False,cap/PartNet/cfdd264126abf98d920db8ca8825dcda,cap/ShapeNet/a0fc32a763b57b85f0d11ae402ef940e,True,hat,cap,1,"['it', 'does', 'not', 'have', 'a', 'brim', 'binding']",7,it does not have a brim binding,train,train,train,train,"[1, 23, 39, 40, 84, 26, 601, 3330, 2, 0, 0, 0, 0, 0, 0, 0, 0, 0]",brim
133443,user_456,The target has a rectangular brim.,3GFK2QRXXBA2SWDGVZAPEPT26TJW5M,48.0,580042201e78dd85c17bd3d919c94388,cap,PartNet,ed52d2c2a9c1b606cf9bbc203a5cff99,cap,ShapeNet,False,cap/ShapeNet/ed52d2c2a9c1b606cf9bbc203a5cff99,cap/PartNet/580042201e78dd85c17bd3d919c94388,False,cap,hat,1,"['the', 'target', 'has', 'a', 'rectangular', 'brim']",6,the target has a rectangular brim,train,train,train,train,"[1, 10, 11, 24, 26, 128, 601, 2, 0, 0, 0, 0, 0, 0, 0, 0, 0, 0]",brim
133445,user_2105,target has dome shaped crown,3IQ1VMJRYVDOM6CPXKRE8G1D06X9AD,35.0,580042201e78dd85c17bd3d919c94388,cap,PartNet,ed52d2c2a9c1b606cf9bbc203a5cff99,cap,ShapeNet,False,cap/ShapeNet/ed52d2c2a9c1b606cf9bbc203a5cff99,cap/PartNet/580042201e78dd85c17bd3d919c94388,False,cap,hat,1,"['target', 'has', 'dome', 'shaped', 'crown']",5,target has dome shaped crown,train,train,train,train,"[1, 11, 24, 159, 14, 606, 2, 0, 0, 0, 0, 0, 0, 0, 0, 0, 0, 0]",crown
133446,user_1529,The top of the crown has a smaller flat spot.,3R3YRB5GRHWM6Y0SVVM54CORDQEAUA,72.0,60153b9c1dc500a93d8dd242efdcdeb,cap,PartNet,f6cdd30dec4cb8e71621c7edb823fc53,cap,PartNet,False,cap/PartNet/f6cdd30dec4cb8e71621c7edb823fc53,cap/PartNet/60153b9c1dc500a93d8dd242efdcdeb,True,hat,hat,1,"['the', 'top', 'of', 'the', 'crown', 'has', 'a', 'small', '-er', 'flat', 'spot']",11,the top of the crown has a small -er flat spot,test,train,test,train,"[1, 10, 99, 38, 10, 606, 24, 26, 111, 9, 129, 1908, 2, 0, 0, 0, 0, 0]",crown
133447,user_1644,It does not have a brim.,3Z4XG4ZF4AK04E1832DESSH0HKX8XY,67.0,60153b9c1dc500a93d8dd242efdcdeb,cap,PartNet,f6cdd30dec4cb8e71621c7edb823fc53,cap,PartNet,False,cap/PartNet/f6cdd30dec4cb8e71621c7edb823fc53,cap/PartNet/60153b9c1dc500a93d8dd242efdcdeb,True,hat,hat,1,"['it', 'does', 'not', 'have', 'a', 'brim']",6,it does not have a brim,test,train,test,train,"[1, 23, 39, 40, 84, 26, 601, 2, 0, 0, 0, 0, 0, 0, 0, 0, 0, 0]",brim
133450,user_786,"Its crown is roughly hemispherical, NOT cylindrical",379J5II41Q9MDLUA2MWQ98IZLFSELQ,70.0,5549d6cf8c5c7f1e886d6fb5acc5844b,cap,PartNet,c1e8ad86328cefba1032b754478d4b36,cap,PartNet,False,cap/PartNet/c1e8ad86328cefba1032b754478d4b36,cap/PartNet/5549d6cf8c5c7f1e886d6fb5acc5844b,False,hat,hat,1,"['its', 'crown', 'is', 'roughly', 'hemispherical', 'not', 'cylindrical']",7,its crown is roughly hemispherical not cylindrical,train,train,train,train,"[1, 5, 606, 7, 994, 680, 40, 176, 2, 0, 0, 0, 0, 0, 0, 0, 0, 0]",crown
133454,user_2105,target does not have button on top of crown,3S96KQ6I9OX54SOFF0NXPHAVFGYDTK,41.0,dc3e5c0457defe87a52821bf1aa3b19a,cap,ShapeNet,dd2d95b294a7a8b4fa5b6212657ae4a4,cap,ShapeNet,False,cap/ShapeNet/dd2d95b294a7a8b4fa5b6212657ae4a4,cap/ShapeNet/dc3e5c0457defe87a52821bf1aa3b19a,True,cap,cap,1,"['target', 'does', 'not', 'have', 'button', 'on', 'top', 'of', 'crown']",9,target does not have button on top of crown,val,train,val,train,"[1, 11, 39, 40, 84, 596, 20, 99, 38, 606, 2, 0, 0, 0, 0, 0, 0, 0]",crown
133455,user_786,Its crown's front center has a raised logo,3ZSY5X72NZ4JSA2C1KWI0WLCV8IORN,62.0,bfdcb0d592aa35698b3247ca9bcd5b10,cap,PartNet,9bd54e0123d3cd70a52821bf1aa3b19a,cap,ShapeNet,False,cap/ShapeNet/9bd54e0123d3cd70a52821bf1aa3b19a,cap/PartNet/bfdcb0d592aa35698b3247ca9bcd5b10,False,cap,hat,1,"['its', 'crown', ""'s"", 'front', 'center', 'has', 'a', 'raised', 'logo']",9,its crown 's front center has a raised logo,train,train,train,train,"[1, 5, 606, 12, 37, 165, 24, 26, 681, 604, 2, 0, 0, 0, 0, 0, 0, 0]",crown
133461,user_203,The brim has a larger diameter.,3PB5A5BD0XZLIE1Z4NL4Q6LA3B47GT,48.0,1045ec5dd315bb09b3efe792e5724933,cap,PartNet,a14ab9b478087ce6b56d92c5d7b06038,cap,PartNet,False,cap/PartNet/a14ab9b478087ce6b56d92c5d7b06038,cap/PartNet/1045ec5dd315bb09b3efe792e5724933,True,hat,hat,1,"['the', 'brim', 'has', 'a', 'large', '-er', 'diameter']",7,the brim has a large -er diameter,train,train,train,train,"[1, 10, 601, 24, 26, 94, 9, 268, 2, 0, 0, 0, 0, 0, 0, 0, 0, 0]",brim
133462,user_786,Its crown height is less,3GM6G9ZBKPQ88MUSSTM087XPOU6MTR,30.0,1045ec5dd315bb09b3efe792e5724933,cap,PartNet,a14ab9b478087ce6b56d92c5d7b06038,cap,PartNet,False,cap/PartNet/a14ab9b478087ce6b56d92c5d7b06038,cap/PartNet/1045ec5dd315bb09b3efe792e5724933,True,hat,hat,1,"['its', 'crown', 'height', 'is', 'less']",5,its crown height is less,train,train,train,train,"[1, 5, 606, 117, 7, 229, 2, 0, 0, 0, 0, 0, 0, 0, 0, 0, 0, 0]",crown
133464,user_1143,The target has a curved top,33LK57MYLVY7STGWII7464XC1E2SZF,42.0,889204300c03ae7dc8687ff9b0b4e4ac,cap,PartNet,3c75213433a0ad3cc039d45addffe3d3,cap,PartNet,False,cap/PartNet/3c75213433a0ad3cc039d45addffe3d3,cap/PartNet/889204300c03ae7dc8687ff9b0b4e4ac,True,hat,hat,1,"['the', 'target', 'has', 'a', 'curved', 'top']",6,the target has a curved top,train,train,train,train,"[1, 10, 11, 24, 26, 51, 99, 2, 0, 0, 0, 0, 0, 0, 0, 0, 0, 0]",crown
133466,user_1964,the top is not pointed but bent over,3H7Z272LX90QACJ0B0C13KH3ZLMLP8,42.0,889204300c03ae7dc8687ff9b0b4e4ac,cap,PartNet,3c75213433a0ad3cc039d45addffe3d3,cap,PartNet,False,cap/PartNet/3c75213433a0ad3cc039d45addffe3d3,cap/PartNet/889204300c03ae7dc8687ff9b0b4e4ac,True,hat,hat,1,"['the', 'top', 'is', 'not', 'pointed', 'but', 'bent', 'over']",8,the top is not pointed but bent over,train,train,train,train,"[1, 10, 99, 7, 40, 387, 207, 173, 267, 2, 0, 0, 0, 0, 0, 0, 0, 0]",crown
133470,user_1633,The target does not have a flat top.,3L70J4KAZIF0PWP690WGUCK3RQKDA4,23.0,d874bb309edb91e04e5a22e049c207b1,cap,PartNet,df0dad9aa5876de3af81f84c1d08b8a2,cap,PartNet,False,cap/PartNet/df0dad9aa5876de3af81f84c1d08b8a2,cap/PartNet/d874bb309edb91e04e5a22e049c207b1,False,hat,hat,1,"['the', 'target', 'does', 'not', 'have', 'a', 'flat', 'top']",8,the target does not have a flat top,val,train,val,train,"[1, 10, 11, 39, 40, 84, 26, 129, 99, 2, 0, 0, 0, 0, 0, 0, 0, 0]",crown
133471,user_1644,The crown is shorter.,3URFVVM167BN76807N24L5F0MBPUZZ,25.0,d874bb309edb91e04e5a22e049c207b1,cap,PartNet,df0dad9aa5876de3af81f84c1d08b8a2,cap,PartNet,False,cap/PartNet/df0dad9aa5876de3af81f84c1d08b8a2,cap/PartNet/d874bb309edb91e04e5a22e049c207b1,False,hat,hat,1,"['the', 'crown', 'is', 'short', '-er']",5,the crown is short -er,val,train,val,train,"[1, 10, 606, 7, 8, 9, 2, 0, 0, 0, 0, 0, 0, 0, 0, 0, 0, 0]",crown
133472,user_1964,the top is not flat,33C7UALJVNRSEDGFW9S7XJDZC5J180,33.0,d874bb309edb91e04e5a22e049c207b1,cap,PartNet,df0dad9aa5876de3af81f84c1d08b8a2,cap,PartNet,False,cap/PartNet/df0dad9aa5876de3af81f84c1d08b8a2,cap/PartNet/d874bb309edb91e04e5a22e049c207b1,False,hat,hat,1,"['the', 'top', 'is', 'not', 'flat']",5,the top is not flat,val,train,val,train,"[1, 10, 99, 7, 40, 129, 2, 0, 0, 0, 0, 0, 0, 0, 0, 0, 0, 0]",crown
133473,user_156,Its crown is not flat on the top.,3RUIQRXJBDH0JR42J8JUM38JUC9LL0,26.0,49aa515f266763ceb2cbe98e0430a055,cap,PartNet,c721e05c676faf20a9aa61915b4add2d,cap,PartNet,False,cap/PartNet/c721e05c676faf20a9aa61915b4add2d,cap/PartNet/49aa515f266763ceb2cbe98e0430a055,False,hat,hat,1,"['its', 'crown', 'is', 'not', 'flat', 'on', 'the', 'top']",8,its crown is not flat on the top,train,train,train,train,"[1, 5, 606, 7, 40, 129, 20, 10, 99, 2, 0, 0, 0, 0, 0, 0, 0, 0]",crown
133474,user_203,The crown is not as tall.,3JAOYWH7VKX5IP3TUBG4HUHOUIDL9O,74.0,49aa515f266763ceb2cbe98e0430a055,cap,PartNet,c721e05c676faf20a9aa61915b4add2d,cap,PartNet,False,cap/PartNet/c721e05c676faf20a9aa61915b4add2d,cap/PartNet/49aa515f266763ceb2cbe98e0430a055,False,hat,hat,1,"['the', 'crown', 'is', 'not', 'as', 'tall']",6,the crown is not as tall,train,train,train,train,"[1, 10, 606, 7, 40, 52, 53, 2, 0, 0, 0, 0, 0, 0, 0, 0, 0, 0]",crown
133475,user_1644,The crown is shorter.,3OONKJ5DKECWC3LN5NAS0HG8DNLOBI,17.0,49aa515f266763ceb2cbe98e0430a055,cap,PartNet,c721e05c676faf20a9aa61915b4add2d,cap,PartNet,False,cap/PartNet/c721e05c676faf20a9aa61915b4add2d,cap/PartNet/49aa515f266763ceb2cbe98e0430a055,False,hat,hat,1,"['the', 'crown', 'is', 'short', '-er']",5,the crown is short -er,train,train,train,train,"[1, 10, 606, 7, 8, 9, 2, 0, 0, 0, 0, 0, 0, 0, 0, 0, 0, 0]",crown
133476,user_1529,"The brim is wavy, and not flat.",3B2X28YI3Y86NXFJ5ROYJHUHSNB6BV,292.0,56bb0a2e6f729993fa5b6212657ae4a4,cap,PartNet,169bcc70358af368858829ea6212ee1a,cap,PartNet,False,cap/PartNet/169bcc70358af368858829ea6212ee1a,cap/PartNet/56bb0a2e6f729993fa5b6212657ae4a4,True,hat,hat,1,"['the', 'brim', 'is', 'wavy', 'and', 'not', 'flat']",7,the brim is wavy and not flat,train,train,train,train,"[1, 10, 601, 7, 660, 47, 40, 129, 2, 0, 0, 0, 0, 0, 0, 0, 0, 0]",brim
133477,user_1644,The crown is pointier.,3F1567XTNYYG9MJ6MGO0YGGI4NR9QQ,86.0,56bb0a2e6f729993fa5b6212657ae4a4,cap,PartNet,169bcc70358af368858829ea6212ee1a,cap,PartNet,False,cap/PartNet/169bcc70358af368858829ea6212ee1a,cap/PartNet/56bb0a2e6f729993fa5b6212657ae4a4,True,hat,hat,1,"['the', 'crown', 'is', 'pointy', '-er']",5,the crown is pointy -er,train,train,train,train,"[1, 10, 606, 7, 397, 9, 2, 0, 0, 0, 0, 0, 0, 0, 0, 0, 0, 0]",crown
133478,user_2105,target has thinner brim,33FOTY3KEOEUQG6SDL8CZ59I2XU1CY,38.0,56bb0a2e6f729993fa5b6212657ae4a4,cap,PartNet,169bcc70358af368858829ea6212ee1a,cap,PartNet,False,cap/PartNet/169bcc70358af368858829ea6212ee1a,cap/PartNet/56bb0a2e6f729993fa5b6212657ae4a4,True,hat,hat,1,"['target', 'has', 'thin', '-er', 'brim']",5,target has thin -er brim,train,train,train,train,"[1, 11, 24, 60, 9, 601, 2, 0, 0, 0, 0, 0, 0, 0, 0, 0, 0, 0]",brim
133479,user_786,Its brim is wider,3I0BTBYZAZE7MUMFDUM1IRIR0SEY06,46.0,47d8ea8d4f14119048908f59408795,cap,PartNet,aa9fa261b2643eec750b99f712bb1b4,cap,PartNet,False,cap/PartNet/aa9fa261b2643eec750b99f712bb1b4,cap/PartNet/47d8ea8d4f14119048908f59408795,True,hat,hat,1,"['its', 'brim', 'is', 'wide', '-er']",5,its brim is wide -er,train,train,train,train,"[1, 5, 601, 7, 83, 9, 2, 0, 0, 0, 0, 0, 0, 0, 0, 0, 0, 0]",brim
133482,user_1633,The target's brim is completely flat.,3FE7TXL1LKG592Y7179LOT84YHLQ2J,24.0,fc4bf4203c69da43b5c87aa520cf194f,cap,PartNet,f1a3280859c83c2ebfabbbce99807de9,cap,PartNet,False,cap/PartNet/f1a3280859c83c2ebfabbbce99807de9,cap/PartNet/fc4bf4203c69da43b5c87aa520cf194f,True,hat,hat,1,"['the', 'target', ""'s"", 'brim', 'is', 'completely', 'flat']",7,the target 's brim is completely flat,train,train,train,train,"[1, 10, 11, 12, 601, 7, 169, 129, 2, 0, 0, 0, 0, 0, 0, 0, 0, 0]",brim
133483,user_1644,The brim is thicker.,3VSOLARPKD2O2LD4O5C4L8N7UWX393,21.0,fc4bf4203c69da43b5c87aa520cf194f,cap,PartNet,f1a3280859c83c2ebfabbbce99807de9,cap,PartNet,False,cap/PartNet/f1a3280859c83c2ebfabbbce99807de9,cap/PartNet/fc4bf4203c69da43b5c87aa520cf194f,True,hat,hat,1,"['the', 'brim', 'is', 'thick', '-er']",5,the brim is thick -er,train,train,train,train,"[1, 10, 601, 7, 54, 9, 2, 0, 0, 0, 0, 0, 0, 0, 0, 0, 0, 0]",brim
133484,user_1689,Its brim is thicker.,3SNVL38CI6LWWHSELVEU4K5HB27CKN,51.0,fc4bf4203c69da43b5c87aa520cf194f,cap,PartNet,f1a3280859c83c2ebfabbbce99807de9,cap,PartNet,False,cap/PartNet/f1a3280859c83c2ebfabbbce99807de9,cap/PartNet/fc4bf4203c69da43b5c87aa520cf194f,True,hat,hat,1,"['its', 'brim', 'is', 'thick', '-er']",5,its brim is thick -er,train,train,train,train,"[1, 5, 601, 7, 54, 9, 2, 0, 0, 0, 0, 0, 0, 0, 0, 0, 0, 0]",brim
133485,user_786,"It has a front-only visor, NOT an encircling slanted brim",34FNN24DCO26H18GA0SDZMEIH1Y5Y9,55.0,3f712e64c37ee460e4b30fdd654658ce,cap,PartNet,3b0a1a20ef0ce1a34c90f2ddc14dc59b,cap,ShapeNet,False,cap/ShapeNet/3b0a1a20ef0ce1a34c90f2ddc14dc59b,cap/PartNet/3f712e64c37ee460e4b30fdd654658ce,False,cap,hat,1,"['it', 'has', 'a', 'front', 'only', 'visor', 'not', 'an', 'encircling', 'slanted', 'brim']",11,it has a front only visor not an encircling slanted brim,train,train,train,train,"[1, 23, 24, 26, 37, 133, 605, 40, 72, 625, 674, 601, 2, 0, 0, 0, 0, 0]",brim
133486,user_1633,"The target has a visor, not a brim.",3JJVG1YBEDQA4TF508ETRBGHWR75BJ,23.0,3f712e64c37ee460e4b30fdd654658ce,cap,PartNet,3b0a1a20ef0ce1a34c90f2ddc14dc59b,cap,ShapeNet,False,cap/ShapeNet/3b0a1a20ef0ce1a34c90f2ddc14dc59b,cap/PartNet/3f712e64c37ee460e4b30fdd654658ce,False,cap,hat,1,"['the', 'target', 'has', 'a', 'visor', 'not', 'a', 'brim']",8,the target has a visor not a brim,train,train,train,train,"[1, 10, 11, 24, 26, 605, 40, 26, 601, 2, 0, 0, 0, 0, 0, 0, 0, 0]",brim
133488,user_203,The brim is tapered.,3PB5A5BD0XZLIE1Z4NL4Q6LA3B3G71,40.0,2b1a1d63bd7e931c12a8043ef6529707,cap,PartNet,64802051170909e71fabf3cbd0fc77bc,cap,PartNet,False,cap/PartNet/64802051170909e71fabf3cbd0fc77bc,cap/PartNet/2b1a1d63bd7e931c12a8043ef6529707,False,hat,hat,1,"['the', 'brim', 'is', 'tapered']",4,the brim is tapered,train,train,train,train,"[1, 10, 601, 7, 352, 2, 0, 0, 0, 0, 0, 0, 0, 0, 0, 0, 0, 0]",brim
133490,user_2105,target has taller crown height,3BDCF01OGZNKJQB12N8KGBAF3RGYL8,43.0,2b1a1d63bd7e931c12a8043ef6529707,cap,PartNet,64802051170909e71fabf3cbd0fc77bc,cap,PartNet,False,cap/PartNet/64802051170909e71fabf3cbd0fc77bc,cap/PartNet/2b1a1d63bd7e931c12a8043ef6529707,False,hat,hat,1,"['target', 'has', 'tall', '-er', 'crown', 'height']",6,target has tall -er crown height,train,train,train,train,"[1, 11, 24, 53, 9, 606, 117, 2, 0, 0, 0, 0, 0, 0, 0, 0, 0, 0]",crown
133494,user_786,Its brim is wider,3FE7TXL1LKG592Y7179LOT84YHHQ2F,25.0,5549d6cf8c5c7f1e886d6fb5acc5844b,cap,PartNet,3d8715e132379fc04ec272da715766dd,cap,PartNet,False,cap/PartNet/3d8715e132379fc04ec272da715766dd,cap/PartNet/5549d6cf8c5c7f1e886d6fb5acc5844b,True,hat,hat,1,"['its', 'brim', 'is', 'wide', '-er']",5,its brim is wide -er,test,train,test,train,"[1, 5, 601, 7, 83, 9, 2, 0, 0, 0, 0, 0, 0, 0, 0, 0, 0, 0]",brim
133495,user_920,The target has a deeper brim.,326O153BMKR3F96IP5Y2QVAUC5JDE0,39.0,5549d6cf8c5c7f1e886d6fb5acc5844b,cap,PartNet,3d8715e132379fc04ec272da715766dd,cap,PartNet,False,cap/PartNet/3d8715e132379fc04ec272da715766dd,cap/PartNet/5549d6cf8c5c7f1e886d6fb5acc5844b,True,hat,hat,1,"['the', 'target', 'has', 'a', 'deep', '-er', 'brim']",7,the target has a deep -er brim,test,train,test,train,"[1, 10, 11, 24, 26, 573, 9, 601, 2, 0, 0, 0, 0, 0, 0, 0, 0, 0]",brim
133496,user_1633,The target has a narrower crown.,3C8HJ7UOP9N4UY3RYLBIUVY69PKMZX,19.0,5549d6cf8c5c7f1e886d6fb5acc5844b,cap,PartNet,3d8715e132379fc04ec272da715766dd,cap,PartNet,False,cap/PartNet/3d8715e132379fc04ec272da715766dd,cap/PartNet/5549d6cf8c5c7f1e886d6fb5acc5844b,True,hat,hat,1,"['the', 'target', 'has', 'a', 'narrow', '-er', 'crown']",7,the target has a narrow -er crown,test,train,test,train,"[1, 10, 11, 24, 26, 210, 9, 606, 2, 0, 0, 0, 0, 0, 0, 0, 0, 0]",crown
133498,user_1633,"The target has a visor, not a brim.",3U5JL4WY5M2ZLDE6RZN1BG1VFY04XM,28.0,d5cdba69afacdbf19393051c3324a45f,cap,PartNet,3a666502c0432522a3340564b56a7f70,cap,ShapeNet,False,cap/ShapeNet/3a666502c0432522a3340564b56a7f70,cap/PartNet/d5cdba69afacdbf19393051c3324a45f,False,cap,hat,1,"['the', 'target', 'has', 'a', 'visor', 'not', 'a', 'brim']",8,the target has a visor not a brim,train,train,train,train,"[1, 10, 11, 24, 26, 605, 40, 26, 601, 2, 0, 0, 0, 0, 0, 0, 0, 0]",brim
133499,user_1644,The crown is shorter.,3EG49X351W5D00IKANGG8EL9BQR6XW,20.0,d5cdba69afacdbf19393051c3324a45f,cap,PartNet,3a666502c0432522a3340564b56a7f70,cap,ShapeNet,False,cap/ShapeNet/3a666502c0432522a3340564b56a7f70,cap/PartNet/d5cdba69afacdbf19393051c3324a45f,False,cap,hat,1,"['the', 'crown', 'is', 'short', '-er']",5,the crown is short -er,train,train,train,train,"[1, 10, 606, 7, 8, 9, 2, 0, 0, 0, 0, 0, 0, 0, 0, 0, 0, 0]",crown
133500,user_456,The target has a wide circular brim.,3VSOLARPKD2O2LD4O5C4L8N7UWC93O,83.0,34dfb5af71b1f327e21800cd80ebb26f,cap,PartNet,b3ccfa337100028088f5610828331858,cap,PartNet,False,cap/PartNet/b3ccfa337100028088f5610828331858,cap/PartNet/34dfb5af71b1f327e21800cd80ebb26f,False,hat,hat,1,"['the', 'target', 'has', 'a', 'wide', 'circular', 'brim']",7,the target has a wide circular brim,train,train,train,train,"[1, 10, 11, 24, 26, 83, 102, 601, 2, 0, 0, 0, 0, 0, 0, 0, 0, 0]",brim
133501,user_1644,It has a wide brim.,32KTQ2V7RF8PO7LEUNHJH7WDUN39ME,29.0,34dfb5af71b1f327e21800cd80ebb26f,cap,PartNet,b3ccfa337100028088f5610828331858,cap,PartNet,False,cap/PartNet/b3ccfa337100028088f5610828331858,cap/PartNet/34dfb5af71b1f327e21800cd80ebb26f,False,hat,hat,1,"['it', 'has', 'a', 'wide', 'brim']",5,it has a wide brim,train,train,train,train,"[1, 23, 24, 26, 83, 601, 2, 0, 0, 0, 0, 0, 0, 0, 0, 0, 0, 0]",brim
133502,user_2105,target has brim,3OVR4I9USRCFCGDU5LS9H852IW4Q44,28.0,34dfb5af71b1f327e21800cd80ebb26f,cap,PartNet,b3ccfa337100028088f5610828331858,cap,PartNet,False,cap/PartNet/b3ccfa337100028088f5610828331858,cap/PartNet/34dfb5af71b1f327e21800cd80ebb26f,False,hat,hat,1,"['target', 'has', 'brim']",3,target has brim,train,train,train,train,"[1, 11, 24, 601, 2, 0, 0, 0, 0, 0, 0, 0, 0, 0, 0, 0, 0, 0]",brim
133503,user_203,The crown is not cylindrical.,3AAPLD8UCEAMG8TH1W6NG2PT787THP,70.0,a826c25abe5d1e4b6c57e21624dd9952,cap,PartNet,dd2d95b294a7a8b4fa5b6212657ae4a4,cap,ShapeNet,False,cap/ShapeNet/dd2d95b294a7a8b4fa5b6212657ae4a4,cap/PartNet/a826c25abe5d1e4b6c57e21624dd9952,False,cap,hat,1,"['the', 'crown', 'is', 'not', 'cylindrical']",5,the crown is not cylindrical,val,train,val,train,"[1, 10, 606, 7, 40, 176, 2, 0, 0, 0, 0, 0, 0, 0, 0, 0, 0, 0]",crown
133505,user_1644,It is not a top hat.,3WR9XG3T65456Y8F9MJ3HHO7D5M74V,17.0,a826c25abe5d1e4b6c57e21624dd9952,cap,PartNet,dd2d95b294a7a8b4fa5b6212657ae4a4,cap,ShapeNet,False,cap/ShapeNet/dd2d95b294a7a8b4fa5b6212657ae4a4,cap/PartNet/a826c25abe5d1e4b6c57e21624dd9952,False,cap,hat,1,"['it', 'is', 'not', 'a', 'top', 'hat']",6,it is not a top hat,val,train,val,train,"[1, 23, 7, 40, 26, 99, 602, 2, 0, 0, 0, 0, 0, 0, 0, 0, 0, 0]",crown
133507,user_1489,The brim is somewhat thinner at the edges,33F859I5686MKMZ01AF2G8J712TBH5,73.0,bf120175fed89392954cc04e9b526b85,cap,PartNet,f257051157caf99f9a2840934f7f84bc,cap,PartNet,False,cap/PartNet/f257051157caf99f9a2840934f7f84bc,cap/PartNet/bf120175fed89392954cc04e9b526b85,True,hat,hat,1,"['the', 'brim', 'is', 'somewhat', 'thin', '-er', 'at', 'the', 'edges']",9,the brim is somewhat thin -er at the edges,train,train,train,train,"[1, 10, 601, 7, 1175, 60, 9, 98, 10, 325, 2, 0, 0, 0, 0, 0, 0, 0]",brim
133508,user_1644,The crown points straight up.,34J10VATJHR9KNC9QAUDB9FLNDEIQI,40.0,bf120175fed89392954cc04e9b526b85,cap,PartNet,f257051157caf99f9a2840934f7f84bc,cap,PartNet,False,cap/PartNet/f257051157caf99f9a2840934f7f84bc,cap/PartNet/bf120175fed89392954cc04e9b526b85,True,hat,hat,1,"['the', 'crown', 'points', 'straight', 'up']",5,the crown points straight up,train,train,train,train,"[1, 10, 606, 298, 114, 269, 2, 0, 0, 0, 0, 0, 0, 0, 0, 0, 0, 0]",crown
133509,user_203,The crown is taller.,39RP059MEJM8C00BS7VF8DR3IN4MBZ,62.0,b9be3ecb04284bebdde3c649189c2dd4,cap,PartNet,d0313cadc2b4b2cc1372a4afda9e2f07,cap,PartNet,False,cap/PartNet/d0313cadc2b4b2cc1372a4afda9e2f07,cap/PartNet/b9be3ecb04284bebdde3c649189c2dd4,True,hat,hat,1,"['the', 'crown', 'is', 'tall', '-er']",5,the crown is tall -er,train,train,train,train,"[1, 10, 606, 7, 53, 9, 2, 0, 0, 0, 0, 0, 0, 0, 0, 0, 0, 0]",crown
133510,user_456,The target has a tall flat top.,3J2UYBXQQN553AC97BR9Z0YY1KY06P,87.0,b9be3ecb04284bebdde3c649189c2dd4,cap,PartNet,d0313cadc2b4b2cc1372a4afda9e2f07,cap,PartNet,False,cap/PartNet/d0313cadc2b4b2cc1372a4afda9e2f07,cap/PartNet/b9be3ecb04284bebdde3c649189c2dd4,True,hat,hat,1,"['the', 'target', 'has', 'a', 'tall', 'flat', 'top']",7,the target has a tall flat top,train,train,train,train,"[1, 10, 11, 24, 26, 53, 129, 99, 2, 0, 0, 0, 0, 0, 0, 0, 0, 0]",crown
133511,user_2105,target has thicker brim,3X73LLYYQ37OLVOX40KB73J1IQ5NH2,54.0,b9be3ecb04284bebdde3c649189c2dd4,cap,PartNet,d0313cadc2b4b2cc1372a4afda9e2f07,cap,PartNet,False,cap/PartNet/d0313cadc2b4b2cc1372a4afda9e2f07,cap/PartNet/b9be3ecb04284bebdde3c649189c2dd4,True,hat,hat,1,"['target', 'has', 'thick', '-er', 'brim']",5,target has thick -er brim,train,train,train,train,"[1, 11, 24, 54, 9, 601, 2, 0, 0, 0, 0, 0, 0, 0, 0, 0, 0, 0]",brim
133515,user_156,Its crown has a crease down its middle.,3PXX5PX6LZR7AZRMV45AZMW3O59ABV,43.0,a1194f613435ee2d8ffc94a6ce28be5e,cap,PartNet,1fd62459ef715e71617fb5e58b4b0232,cap,ShapeNet,False,cap/ShapeNet/1fd62459ef715e71617fb5e58b4b0232,cap/PartNet/a1194f613435ee2d8ffc94a6ce28be5e,True,cap,hat,1,"['its', 'crown', 'has', 'a', 'crease', 'down', 'its', 'middle']",8,its crown has a crease down its middle,test,train,test,train,"[1, 5, 606, 24, 26, 766, 44, 5, 232, 2, 0, 0, 0, 0, 0, 0, 0, 0]",crown
133516,user_786,Its brim is lower in the front and higher at the sides,3MB8LZR5BHMPZLMKY87T73V45CPLKI,97.0,a1194f613435ee2d8ffc94a6ce28be5e,cap,PartNet,1fd62459ef715e71617fb5e58b4b0232,cap,ShapeNet,False,cap/ShapeNet/1fd62459ef715e71617fb5e58b4b0232,cap/PartNet/a1194f613435ee2d8ffc94a6ce28be5e,True,cap,hat,1,"['its', 'brim', 'is', 'low', '-er', 'in', 'the', 'front', 'and', 'high', '-er', 'at', 'the', 'sides']",14,its brim is low -er in the front and high -er at the sides,test,train,test,train,"[1, 5, 601, 7, 345, 9, 90, 10, 37, 47, 49, 9, 98, 10, 360, 2, 0, 0]",brim
133517,user_1143,The target has a curved brim,3FE2ERCCZZ1YGXMXOSSTV1LXUQSPOU,162.0,a1194f613435ee2d8ffc94a6ce28be5e,cap,PartNet,1fd62459ef715e71617fb5e58b4b0232,cap,ShapeNet,False,cap/ShapeNet/1fd62459ef715e71617fb5e58b4b0232,cap/PartNet/a1194f613435ee2d8ffc94a6ce28be5e,True,cap,hat,1,"['the', 'target', 'has', 'a', 'curved', 'brim']",6,the target has a curved brim,test,train,test,train,"[1, 10, 11, 24, 26, 51, 601, 2, 0, 0, 0, 0, 0, 0, 0, 0, 0, 0]",brim
133518,user_677,Its top is a circle.,3N1FSUEFL7TLN79P0ZMPH9Y3ZHX4DV,65.0,8670ef4375bbb95568b8a8e5babef621,cap,PartNet,b5a6c597fefeaa0598095901ddb7e8e7,cap,PartNet,False,cap/PartNet/b5a6c597fefeaa0598095901ddb7e8e7,cap/PartNet/8670ef4375bbb95568b8a8e5babef621,False,hat,hat,1,"['its', 'top', 'is', 'a', 'circle']",5,its top is a circle,train,train,train,train,"[1, 5, 99, 7, 26, 149, 2, 0, 0, 0, 0, 0, 0, 0, 0, 0, 0, 0]",crown
133519,user_1633,The target has a thinner brim.,3LRKMWOKB7AENUZYO3SYFMK83K32ZM,19.0,8670ef4375bbb95568b8a8e5babef621,cap,PartNet,b5a6c597fefeaa0598095901ddb7e8e7,cap,PartNet,False,cap/PartNet/b5a6c597fefeaa0598095901ddb7e8e7,cap/PartNet/8670ef4375bbb95568b8a8e5babef621,False,hat,hat,1,"['the', 'target', 'has', 'a', 'thin', '-er', 'brim']",7,the target has a thin -er brim,train,train,train,train,"[1, 10, 11, 24, 26, 60, 9, 601, 2, 0, 0, 0, 0, 0, 0, 0, 0, 0]",brim
133520,user_1644,The brim is not as wide.,3RJSC4XJ12N9K6CV2SH47UKY5NB50Y,30.0,8670ef4375bbb95568b8a8e5babef621,cap,PartNet,b5a6c597fefeaa0598095901ddb7e8e7,cap,PartNet,False,cap/PartNet/b5a6c597fefeaa0598095901ddb7e8e7,cap/PartNet/8670ef4375bbb95568b8a8e5babef621,False,hat,hat,1,"['the', 'brim', 'is', 'not', 'as', 'wide']",6,the brim is not as wide,train,train,train,train,"[1, 10, 601, 7, 40, 52, 83, 2, 0, 0, 0, 0, 0, 0, 0, 0, 0, 0]",brim
133521,user_865,Target brim is thick and wider,3Z7EFSHGNB72GHRLKETJUEDJ7BNXCY,563.0,87c240c20a772f51e6e812c94ac516eb,cap,PartNet,2c67d217a62c320ce4b96e37c6ed18f3,cap,PartNet,False,cap/PartNet/2c67d217a62c320ce4b96e37c6ed18f3,cap/PartNet/87c240c20a772f51e6e812c94ac516eb,False,hat,hat,1,"['target', 'brim', 'is', 'thick', 'and', 'wide', '-er']",7,target brim is thick and wide -er,test,train,test,train,"[1, 11, 601, 7, 54, 47, 83, 9, 2, 0, 0, 0, 0, 0, 0, 0, 0, 0]",brim
133522,user_1633,The target has a thicker brim.,326O153BMKR3F96IP5Y2QVAUC5IED0,29.0,87c240c20a772f51e6e812c94ac516eb,cap,PartNet,2c67d217a62c320ce4b96e37c6ed18f3,cap,PartNet,False,cap/PartNet/2c67d217a62c320ce4b96e37c6ed18f3,cap/PartNet/87c240c20a772f51e6e812c94ac516eb,False,hat,hat,1,"['the', 'target', 'has', 'a', 'thick', '-er', 'brim']",7,the target has a thick -er brim,test,train,test,train,"[1, 10, 11, 24, 26, 54, 9, 601, 2, 0, 0, 0, 0, 0, 0, 0, 0, 0]",brim
133523,user_1644,The brim is wider.,36AHBNMV1T51LEN9P6AWXY2AUHNDYE,22.0,87c240c20a772f51e6e812c94ac516eb,cap,PartNet,2c67d217a62c320ce4b96e37c6ed18f3,cap,PartNet,False,cap/PartNet/2c67d217a62c320ce4b96e37c6ed18f3,cap/PartNet/87c240c20a772f51e6e812c94ac516eb,False,hat,hat,1,"['the', 'brim', 'is', 'wide', '-er']",5,the brim is wide -er,test,train,test,train,"[1, 10, 601, 7, 83, 9, 2, 0, 0, 0, 0, 0, 0, 0, 0, 0, 0, 0]",brim
133524,user_786,Its crown's cylindrical walls are taller,3ZPBJO59KRUFZJXKF668BY774LAHDJ,61.0,587e59afe62ea145f0d11ae402ef940e,cap,PartNet,deb19c41bc1e4ba5c8727b27ee96a4b7,cap,PartNet,False,cap/PartNet/deb19c41bc1e4ba5c8727b27ee96a4b7,cap/PartNet/587e59afe62ea145f0d11ae402ef940e,True,hat,hat,1,"['its', 'crown', ""'s"", 'cylindrical', 'walls', 'are', 'tall', '-er']",8,its crown 's cylindrical walls are tall -er,train,train,train,train,"[1, 5, 606, 12, 176, 1239, 16, 53, 9, 2, 0, 0, 0, 0, 0, 0, 0, 0]",crown
133526,user_1964,there is no star on the crown,3T111IHZ5GJGLNY6ZVD036QN09TR99,31.0,587e59afe62ea145f0d11ae402ef940e,cap,PartNet,deb19c41bc1e4ba5c8727b27ee96a4b7,cap,PartNet,False,cap/PartNet/deb19c41bc1e4ba5c8727b27ee96a4b7,cap/PartNet/587e59afe62ea145f0d11ae402ef940e,True,hat,hat,1,"['there', 'is', 'no', 'star', 'on', 'the', 'crown']",7,there is no star on the crown,train,train,train,train,"[1, 15, 7, 123, 683, 20, 10, 606, 2, 0, 0, 0, 0, 0, 0, 0, 0, 0]",crown
133530,user_786,Its crown's front middle does NOT have a rectangular card,320DUZ38G9FE29215WA1TWQJU61JG9,130.0,e1c16d76fa8d0289bcbb5732017b0d93,cap,PartNet,750d92eefed5179676bb31db0358e9c6,cap,PartNet,False,cap/PartNet/750d92eefed5179676bb31db0358e9c6,cap/PartNet/e1c16d76fa8d0289bcbb5732017b0d93,True,hat,hat,1,"['its', 'crown', ""'s"", 'front', 'middle', 'does', 'not', 'have', 'a', 'rectangular', 'card']",11,its crown 's front middle does not have a rectangular card,train,train,train,train,"[1, 5, 606, 12, 37, 232, 39, 40, 84, 26, 128, 4600, 2, 0, 0, 0, 0, 0]",crown
133531,user_865,Target's crown appears puffier and pliable,3PJ71Z61R6VSSIZP11YLXF8AWB419S,370.0,e1c16d76fa8d0289bcbb5732017b0d93,cap,PartNet,750d92eefed5179676bb31db0358e9c6,cap,PartNet,False,cap/PartNet/750d92eefed5179676bb31db0358e9c6,cap/PartNet/e1c16d76fa8d0289bcbb5732017b0d93,True,hat,hat,1,"['target', ""'s"", 'crown', 'appears', 'puffer', 'and', 'pliable']",7,target 's crown appears puffer and pliable,train,train,train,train,"[1, 11, 12, 606, 411, 3714, 47, 3, 2, 0, 0, 0, 0, 0, 0, 0, 0, 0]",crown
133532,user_2105,target has brim binding,30LSNF239WOSS4AOOZ4CFRHI7882IY,185.0,e1c16d76fa8d0289bcbb5732017b0d93,cap,PartNet,750d92eefed5179676bb31db0358e9c6,cap,PartNet,False,cap/PartNet/750d92eefed5179676bb31db0358e9c6,cap/PartNet/e1c16d76fa8d0289bcbb5732017b0d93,True,hat,hat,1,"['target', 'has', 'brim', 'binding']",4,target has brim binding,train,train,train,train,"[1, 11, 24, 601, 3330, 2, 0, 0, 0, 0, 0, 0, 0, 0, 0, 0, 0, 0]",brim
133533,user_1633,"The target's brim is flat, not slightly upturned.",3Z2R0DQ0JJ7GCZ82SGELUCJQFET2EF,27.0,fc4bf4203c69da43b5c87aa520cf194f,cap,PartNet,a826c25abe5d1e4b6c57e21624dd9952,cap,PartNet,False,cap/PartNet/a826c25abe5d1e4b6c57e21624dd9952,cap/PartNet/fc4bf4203c69da43b5c87aa520cf194f,True,hat,hat,1,"['the', 'target', ""'s"", 'brim', 'is', 'flat', 'not', 'slightly', 'upturned']",9,the target 's brim is flat not slightly upturned,train,train,train,train,"[1, 10, 11, 12, 601, 7, 129, 40, 174, 2964, 2, 0, 0, 0, 0, 0, 0, 0]",brim
133534,user_1644,The brim does not curl up slightly.,3GNCZX450KG9ETSWE9NBU61S5A7PAG,29.0,fc4bf4203c69da43b5c87aa520cf194f,cap,PartNet,a826c25abe5d1e4b6c57e21624dd9952,cap,PartNet,False,cap/PartNet/a826c25abe5d1e4b6c57e21624dd9952,cap/PartNet/fc4bf4203c69da43b5c87aa520cf194f,True,hat,hat,1,"['the', 'brim', 'does', 'not', 'curl', 'up', 'slightly']",7,the brim does not curl up slightly,train,train,train,train,"[1, 10, 601, 39, 40, 498, 269, 174, 2, 0, 0, 0, 0, 0, 0, 0, 0, 0]",brim
133535,user_2105,target has longer length crown,3I02618YA2ZTT26UKE42U7DMCD8PU1,29.0,fc4bf4203c69da43b5c87aa520cf194f,cap,PartNet,a826c25abe5d1e4b6c57e21624dd9952,cap,PartNet,False,cap/PartNet/a826c25abe5d1e4b6c57e21624dd9952,cap/PartNet/fc4bf4203c69da43b5c87aa520cf194f,True,hat,hat,1,"['target', 'has', 'long', '-er', 'length', 'crown']",6,target has long -er length crown,train,train,train,train,"[1, 11, 24, 32, 9, 155, 606, 2, 0, 0, 0, 0, 0, 0, 0, 0, 0, 0]",crown
133539,user_1644,It does not have a logo on the crown.,34HJIJKLP7P7HO9BRKMJNV4AZOC4V5,24.0,8338e10954ae6c5296b84415a3f1393b,cap,ShapeNet,1e749b3d20c65ef25c2a2c970803cfe2,cap,PartNet,False,cap/PartNet/1e749b3d20c65ef25c2a2c970803cfe2,cap/ShapeNet/8338e10954ae6c5296b84415a3f1393b,True,hat,cap,1,"['it', 'does', 'not', 'have', 'a', 'logo', 'on', 'the', 'crown']",9,it does not have a logo on the crown,train,train,train,train,"[1, 23, 39, 40, 84, 26, 604, 20, 10, 606, 2, 0, 0, 0, 0, 0, 0, 0]",crown
133548,user_1633,The target does not have a flat top.,3DY46V3X3RB8FDYWZYNGOPGPMVL55I,25.0,e43656f7922bb7573d73b22cbe25cea9,cap,PartNet,c2cf2cf35d08662945c5fa74440a4519,cap,PartNet,False,cap/PartNet/c2cf2cf35d08662945c5fa74440a4519,cap/PartNet/e43656f7922bb7573d73b22cbe25cea9,False,hat,hat,1,"['the', 'target', 'does', 'not', 'have', 'a', 'flat', 'top']",8,the target does not have a flat top,train,train,train,train,"[1, 10, 11, 39, 40, 84, 26, 129, 99, 2, 0, 0, 0, 0, 0, 0, 0, 0]",crown
133552,user_1644,It does not have a button at the top.,3U4J9857OG4PRXTOO1TQPVUDNX67B4,50.0,9bd54e0123d3cd70a52821bf1aa3b19a,cap,ShapeNet,b968eb697fbce2d76bb31db0358e9c6,cap,PartNet,False,cap/PartNet/b968eb697fbce2d76bb31db0358e9c6,cap/ShapeNet/9bd54e0123d3cd70a52821bf1aa3b19a,False,hat,cap,1,"['it', 'does', 'not', 'have', 'a', 'button', 'at', 'the', 'top']",9,it does not have a button at the top,train,train,train,train,"[1, 23, 39, 40, 84, 26, 596, 98, 10, 99, 2, 0, 0, 0, 0, 0, 0, 0]",crown
133560,user_1529,There is no ball at the top.,3QBD8R3Z23CCR40EQ805S3A23VOO4W,128.0,88adc86cf9004a01ed43c5a21cb8b385,cap,PartNet,8947e6433332d6a7ae642d04749e35b4,cap,PartNet,False,cap/PartNet/8947e6433332d6a7ae642d04749e35b4,cap/PartNet/88adc86cf9004a01ed43c5a21cb8b385,False,hat,hat,1,"['there', 'is', 'no', 'ball', 'at', 'the', 'top']",7,there is no ball at the top,train,train,train,train,"[1, 15, 7, 123, 668, 98, 10, 99, 2, 0, 0, 0, 0, 0, 0, 0, 0, 0]",crown
133563,user_90,It has a thicker brim,3VNXK88KKEB8EUFN8FIA43FQLGXV9Z,61.0,c5d20fc28adf769b1802624b30ec569e,cap,PartNet,21449a5560e5482d12fcd71c55eb9d74,cap,PartNet,False,cap/PartNet/21449a5560e5482d12fcd71c55eb9d74,cap/PartNet/c5d20fc28adf769b1802624b30ec569e,True,hat,hat,1,"['it', 'has', 'a', 'thick', '-er', 'brim']",6,it has a thick -er brim,train,train,train,train,"[1, 23, 24, 26, 54, 9, 601, 2, 0, 0, 0, 0, 0, 0, 0, 0, 0, 0]",brim
133564,user_786,Its brim is thicker,3S06PH7KSTX4V8C6DH3NJBR0NXND1R,61.0,c5d20fc28adf769b1802624b30ec569e,cap,PartNet,21449a5560e5482d12fcd71c55eb9d74,cap,PartNet,False,cap/PartNet/21449a5560e5482d12fcd71c55eb9d74,cap/PartNet/c5d20fc28adf769b1802624b30ec569e,True,hat,hat,1,"['its', 'brim', 'is', 'thick', '-er']",5,its brim is thick -er,train,train,train,train,"[1, 5, 601, 7, 54, 9, 2, 0, 0, 0, 0, 0, 0, 0, 0, 0, 0, 0]",brim
133565,user_1644,The brim is thicker.,33LK57MYLVY7STGWII7464XC1E1ZSL,32.0,c5d20fc28adf769b1802624b30ec569e,cap,PartNet,21449a5560e5482d12fcd71c55eb9d74,cap,PartNet,False,cap/PartNet/21449a5560e5482d12fcd71c55eb9d74,cap/PartNet/c5d20fc28adf769b1802624b30ec569e,True,hat,hat,1,"['the', 'brim', 'is', 'thick', '-er']",5,the brim is thick -er,train,train,train,train,"[1, 10, 601, 7, 54, 9, 2, 0, 0, 0, 0, 0, 0, 0, 0, 0, 0, 0]",brim
133570,user_920,The target's crown is flat on top.,3Y9N9SS8L0405BQL0LH6746XLGTD39,36.0,2b1a1d63bd7e931c12a8043ef6529707,cap,PartNet,7b168dc388c25bcc9dbdf196435b6c26,cap,PartNet,False,cap/PartNet/7b168dc388c25bcc9dbdf196435b6c26,cap/PartNet/2b1a1d63bd7e931c12a8043ef6529707,False,hat,hat,1,"['the', 'target', ""'s"", 'crown', 'is', 'flat', 'on', 'top']",8,the target 's crown is flat on top,val,train,val,train,"[1, 10, 11, 12, 606, 7, 129, 20, 99, 2, 0, 0, 0, 0, 0, 0, 0, 0]",crown
133571,user_1644,The crown is taller.,31QNSG6A5TM6PZVHLP9GYT4CFRL876,18.0,2b1a1d63bd7e931c12a8043ef6529707,cap,PartNet,7b168dc388c25bcc9dbdf196435b6c26,cap,PartNet,False,cap/PartNet/7b168dc388c25bcc9dbdf196435b6c26,cap/PartNet/2b1a1d63bd7e931c12a8043ef6529707,False,hat,hat,1,"['the', 'crown', 'is', 'tall', '-er']",5,the crown is tall -er,val,train,val,train,"[1, 10, 606, 7, 53, 9, 2, 0, 0, 0, 0, 0, 0, 0, 0, 0, 0, 0]",crown
133572,user_203,It is not a top hat.,3QHK8ZVMIOBO6IIQSVU080CEIIVLBD,47.0,d0313cadc2b4b2cc1372a4afda9e2f07,cap,PartNet,35450ea3b3158ed6eefb4d7820758668,cap,PartNet,False,cap/PartNet/35450ea3b3158ed6eefb4d7820758668,cap/PartNet/d0313cadc2b4b2cc1372a4afda9e2f07,False,hat,hat,1,"['it', 'is', 'not', 'a', 'top', 'hat']",6,it is not a top hat,train,train,train,train,"[1, 23, 7, 40, 26, 99, 602, 2, 0, 0, 0, 0, 0, 0, 0, 0, 0, 0]",crown
133573,user_865,Target has a smaller crown,3ZDAD0O1T36J2YTW60O9JODNVY1XTX,694.0,d0313cadc2b4b2cc1372a4afda9e2f07,cap,PartNet,35450ea3b3158ed6eefb4d7820758668,cap,PartNet,False,cap/PartNet/35450ea3b3158ed6eefb4d7820758668,cap/PartNet/d0313cadc2b4b2cc1372a4afda9e2f07,False,hat,hat,1,"['target', 'has', 'a', 'small', '-er', 'crown']",6,target has a small -er crown,train,train,train,train,"[1, 11, 24, 26, 111, 9, 606, 2, 0, 0, 0, 0, 0, 0, 0, 0, 0, 0]",crown
133574,user_1644,The brim is wider.,3R3YRB5GRHWM6Y0SVVM54CORDQFUAV,29.0,d0313cadc2b4b2cc1372a4afda9e2f07,cap,PartNet,35450ea3b3158ed6eefb4d7820758668,cap,PartNet,False,cap/PartNet/35450ea3b3158ed6eefb4d7820758668,cap/PartNet/d0313cadc2b4b2cc1372a4afda9e2f07,False,hat,hat,1,"['the', 'brim', 'is', 'wide', '-er']",5,the brim is wide -er,train,train,train,train,"[1, 10, 601, 7, 83, 9, 2, 0, 0, 0, 0, 0, 0, 0, 0, 0, 0, 0]",brim
133576,user_1633,"The target has a visor, not a brim.",37Z929RLGB1B6H7XCQIMKGWVGIETSY,30.0,47d8ea8d4f14119048908f59408795,cap,PartNet,3dec0d851cba045fbf444790f25ea3db,cap,ShapeNet,False,cap/ShapeNet/3dec0d851cba045fbf444790f25ea3db,cap/PartNet/47d8ea8d4f14119048908f59408795,False,cap,hat,1,"['the', 'target', 'has', 'a', 'visor', 'not', 'a', 'brim']",8,the target has a visor not a brim,train,train,train,train,"[1, 10, 11, 24, 26, 605, 40, 26, 601, 2, 0, 0, 0, 0, 0, 0, 0, 0]",brim
133577,user_1644,It has a logo on the crown.,3ZPPDN2SLXPRCJT1DPT04ZR4LLCE9U,19.0,47d8ea8d4f14119048908f59408795,cap,PartNet,3dec0d851cba045fbf444790f25ea3db,cap,ShapeNet,False,cap/ShapeNet/3dec0d851cba045fbf444790f25ea3db,cap/PartNet/47d8ea8d4f14119048908f59408795,False,cap,hat,1,"['it', 'has', 'a', 'logo', 'on', 'the', 'crown']",7,it has a logo on the crown,train,train,train,train,"[1, 23, 24, 26, 604, 20, 10, 606, 2, 0, 0, 0, 0, 0, 0, 0, 0, 0]",crown
133578,user_456,The target has a wide brim.,3KXIR214I69YKXB93A28LQ7Z2QT245,103.0,89717260f663fe13a9d8b37b5c73935c,cap,ShapeNet,61437489633f5d167c35d3c5d3b1fcf7,cap,ShapeNet,False,cap/ShapeNet/61437489633f5d167c35d3c5d3b1fcf7,cap/ShapeNet/89717260f663fe13a9d8b37b5c73935c,True,cap,cap,1,"['the', 'target', 'has', 'a', 'wide', 'brim']",6,the target has a wide brim,train,train,train,train,"[1, 10, 11, 24, 26, 83, 601, 2, 0, 0, 0, 0, 0, 0, 0, 0, 0, 0]",brim
133579,user_1644,It does not have a button at the top.,3H8DHMCCWB4619YSLR95OQNZW2EDKJ,132.0,89717260f663fe13a9d8b37b5c73935c,cap,ShapeNet,61437489633f5d167c35d3c5d3b1fcf7,cap,ShapeNet,False,cap/ShapeNet/61437489633f5d167c35d3c5d3b1fcf7,cap/ShapeNet/89717260f663fe13a9d8b37b5c73935c,True,cap,cap,1,"['it', 'does', 'not', 'have', 'a', 'button', 'at', 'the', 'top']",9,it does not have a button at the top,train,train,train,train,"[1, 23, 39, 40, 84, 26, 596, 98, 10, 99, 2, 0, 0, 0, 0, 0, 0, 0]",crown
133580,user_2105,target has no button on top of crown,3GU1KF0O4KUEX3XOKNN7PHLYNS0PBJ,32.0,89717260f663fe13a9d8b37b5c73935c,cap,ShapeNet,61437489633f5d167c35d3c5d3b1fcf7,cap,ShapeNet,False,cap/ShapeNet/61437489633f5d167c35d3c5d3b1fcf7,cap/ShapeNet/89717260f663fe13a9d8b37b5c73935c,True,cap,cap,1,"['target', 'has', 'no', 'button', 'on', 'top', 'of', 'crown']",8,target has no button on top of crown,train,train,train,train,"[1, 11, 24, 123, 596, 20, 99, 38, 606, 2, 0, 0, 0, 0, 0, 0, 0, 0]",crown
133581,user_786,"It has a front-only visor, NOT an encircling brim",3PB5A5BD0XZLIE1Z4NL4Q6LA3BF7G4,61.0,c68d509f6d2db0bab581cc9c4410f841,cap,PartNet,d95c45cbf4d197157f0aed56a80b2a7c,cap,PartNet,False,cap/PartNet/d95c45cbf4d197157f0aed56a80b2a7c,cap/PartNet/c68d509f6d2db0bab581cc9c4410f841,False,hat,hat,1,"['it', 'has', 'a', 'front', 'only', 'visor', 'not', 'an', 'encircling', 'brim']",10,it has a front only visor not an encircling brim,train,train,train,train,"[1, 23, 24, 26, 37, 133, 605, 40, 72, 625, 601, 2, 0, 0, 0, 0, 0, 0]",brim
133582,user_1529,There is no brim that goes all the way around.,3DQQ64TANIE6L6VZFEJ3CVYJXSPWPB,112.0,c68d509f6d2db0bab581cc9c4410f841,cap,PartNet,d95c45cbf4d197157f0aed56a80b2a7c,cap,PartNet,False,cap/PartNet/d95c45cbf4d197157f0aed56a80b2a7c,cap/PartNet/c68d509f6d2db0bab581cc9c4410f841,False,hat,hat,1,"['there', 'is', 'no', 'brim', 'that', 'goes', 'all', 'the', 'way', 'around']",10,there is no brim that goes all the way around,train,train,train,train,"[1, 15, 7, 123, 601, 172, 394, 367, 10, 471, 239, 2, 0, 0, 0, 0, 0, 0]",brim
133583,user_1644,It does not have a wide brim.,3TY7ZAOG5HDC2PXY9FLA9J3G2D5K0X,47.0,c68d509f6d2db0bab581cc9c4410f841,cap,PartNet,d95c45cbf4d197157f0aed56a80b2a7c,cap,PartNet,False,cap/PartNet/d95c45cbf4d197157f0aed56a80b2a7c,cap/PartNet/c68d509f6d2db0bab581cc9c4410f841,False,hat,hat,1,"['it', 'does', 'not', 'have', 'a', 'wide', 'brim']",7,it does not have a wide brim,train,train,train,train,"[1, 23, 39, 40, 84, 26, 83, 601, 2, 0, 0, 0, 0, 0, 0, 0, 0, 0]",brim
133584,user_1529,There is a flat brim that goes all the way around.,3NL0RFNU0HGT1DFZSG8CLMTTJQF4KT,400.0,a0ab4dc115f1b4f3b26ac8618c0d5a9,cap,PartNet,f257051157caf99f9a2840934f7f84bc,cap,PartNet,False,cap/PartNet/f257051157caf99f9a2840934f7f84bc,cap/PartNet/a0ab4dc115f1b4f3b26ac8618c0d5a9,False,hat,hat,1,"['there', 'is', 'a', 'flat', 'brim', 'that', 'goes', 'all', 'the', 'way', 'around']",11,there is a flat brim that goes all the way around,train,train,train,train,"[1, 15, 7, 26, 129, 601, 172, 394, 367, 10, 471, 239, 2, 0, 0, 0, 0, 0]",brim
133585,user_1644,The crown is taller.,3Q5C1WP23OU9RVXDYBL4LZ38AFH511,20.0,a0ab4dc115f1b4f3b26ac8618c0d5a9,cap,PartNet,f257051157caf99f9a2840934f7f84bc,cap,PartNet,False,cap/PartNet/f257051157caf99f9a2840934f7f84bc,cap/PartNet/a0ab4dc115f1b4f3b26ac8618c0d5a9,False,hat,hat,1,"['the', 'crown', 'is', 'tall', '-er']",5,the crown is tall -er,train,train,train,train,"[1, 10, 606, 7, 53, 9, 2, 0, 0, 0, 0, 0, 0, 0, 0, 0, 0, 0]",crown
133591,user_1644,The brim is thinner.,3K772S5NPA4KRPBKB1HSHGPS4YWEHW,25.0,6795f4e6300d5606e639776fc2bb6cca,cap,PartNet,c49d544f3743bc08d23279d7571c8868,cap,PartNet,False,cap/PartNet/c49d544f3743bc08d23279d7571c8868,cap/PartNet/6795f4e6300d5606e639776fc2bb6cca,True,hat,hat,1,"['the', 'brim', 'is', 'thin', '-er']",5,the brim is thin -er,train,train,train,train,"[1, 10, 601, 7, 60, 9, 2, 0, 0, 0, 0, 0, 0, 0, 0, 0, 0, 0]",brim
133592,user_2105,target has thinner brim,3KYQYYSHYX0PR0J7JJ1YV748G8FOD7,28.0,6795f4e6300d5606e639776fc2bb6cca,cap,PartNet,c49d544f3743bc08d23279d7571c8868,cap,PartNet,False,cap/PartNet/c49d544f3743bc08d23279d7571c8868,cap/PartNet/6795f4e6300d5606e639776fc2bb6cca,True,hat,hat,1,"['target', 'has', 'thin', '-er', 'brim']",5,target has thin -er brim,train,train,train,train,"[1, 11, 24, 60, 9, 601, 2, 0, 0, 0, 0, 0, 0, 0, 0, 0, 0, 0]",brim
133593,user_1529,The crown forms a higher dome.,3BXQMRHWK1RN8Z9HSYCAD3JR78XMU2,100.0,dc06523b3413d01d3ead562a41d49338,cap,PartNet,d15cf31f7ec69e948f5635ac8b18fdb9,cap,PartNet,False,cap/PartNet/d15cf31f7ec69e948f5635ac8b18fdb9,cap/PartNet/dc06523b3413d01d3ead562a41d49338,True,hat,hat,1,"['the', 'crown', 'forms', 'a', 'high', '-er', 'dome']",7,the crown forms a high -er dome,train,train,train,train,"[1, 10, 606, 383, 26, 49, 9, 159, 2, 0, 0, 0, 0, 0, 0, 0, 0, 0]",crown
133594,user_1577,hat has a more extensive bill which sticks out more,3Z7EFSHGNB72GHRLKETJUEDJ7BFXCQ,74.0,dc06523b3413d01d3ead562a41d49338,cap,PartNet,d15cf31f7ec69e948f5635ac8b18fdb9,cap,PartNet,False,cap/PartNet/d15cf31f7ec69e948f5635ac8b18fdb9,cap/PartNet/dc06523b3413d01d3ead562a41d49338,True,hat,hat,1,"['hat', 'has', 'a', 'more', 'extensive', 'bill', 'which', 'sticks', 'out', 'more']",10,hat has a more extensive bill which sticks out more,train,train,train,train,"[1, 602, 24, 26, 34, 4601, 603, 422, 213, 89, 34, 2, 0, 0, 0, 0, 0, 0]",brim
133602,user_156,Its crown has a button at its peak.,3TVRFO09GM8VJLLRXRMIXX361KXLXY,33.0,b0b7e7e0e34b4f79487003545673a337,cap,PartNet,50a2b464627bdf9d47bc52f33b4b7312,cap,PartNet,False,cap/PartNet/50a2b464627bdf9d47bc52f33b4b7312,cap/PartNet/b0b7e7e0e34b4f79487003545673a337,False,hat,hat,1,"['its', 'crown', 'has', 'a', 'button', 'at', 'its', 'peak']",8,its crown has a button at its peak,test,train,test,train,"[1, 5, 606, 24, 26, 596, 98, 5, 2148, 2, 0, 0, 0, 0, 0, 0, 0, 0]",crown
133604,user_1633,The target is not flat on top.,3C6FJU71TSMN2GYVB10L7Y6YGHIUY5,24.0,b0b7e7e0e34b4f79487003545673a337,cap,PartNet,50a2b464627bdf9d47bc52f33b4b7312,cap,PartNet,False,cap/PartNet/50a2b464627bdf9d47bc52f33b4b7312,cap/PartNet/b0b7e7e0e34b4f79487003545673a337,False,hat,hat,1,"['the', 'target', 'is', 'not', 'flat', 'on', 'top']",7,the target is not flat on top,test,train,test,train,"[1, 10, 11, 7, 40, 129, 20, 99, 2, 0, 0, 0, 0, 0, 0, 0, 0, 0]",crown
133606,user_786,Its crown's top is a tilted flat disc,3K772S5NPA4KRPBKB1HSHGPS4YJEHJ,118.0,8670ef4375bbb95568b8a8e5babef621,cap,PartNet,2a46cf234503f21b3c91c1204c720f19,cap,PartNet,False,cap/PartNet/2a46cf234503f21b3c91c1204c720f19,cap/PartNet/8670ef4375bbb95568b8a8e5babef621,False,hat,hat,1,"['its', 'crown', ""'s"", 'top', 'is', 'a', 'tilted', 'flat', 'disc']",9,its crown 's top is a tilted flat disc,test,train,test,train,"[1, 5, 606, 12, 99, 7, 26, 308, 129, 500, 2, 0, 0, 0, 0, 0, 0, 0]",crown
133607,user_1644,The crown is not pointed.,3DI28L7YXC79NEQ69CE7PT9LN8G1EY,21.0,8670ef4375bbb95568b8a8e5babef621,cap,PartNet,2a46cf234503f21b3c91c1204c720f19,cap,PartNet,False,cap/PartNet/2a46cf234503f21b3c91c1204c720f19,cap/PartNet/8670ef4375bbb95568b8a8e5babef621,False,hat,hat,1,"['the', 'crown', 'is', 'not', 'pointed']",5,the crown is not pointed,test,train,test,train,"[1, 10, 606, 7, 40, 387, 2, 0, 0, 0, 0, 0, 0, 0, 0, 0, 0, 0]",crown
133608,user_203,The crown is taller.,3L4PIM1GQV9VMO6E775G2NJE9JHYRA,80.0,14103d87f108ab847cb2a55fa21392b7,cap,PartNet,647864ea6669f539379c6a1d59ef7283,cap,PartNet,False,cap/PartNet/647864ea6669f539379c6a1d59ef7283,cap/PartNet/14103d87f108ab847cb2a55fa21392b7,False,hat,hat,1,"['the', 'crown', 'is', 'tall', '-er']",5,the crown is tall -er,train,train,train,train,"[1, 10, 606, 7, 53, 9, 2, 0, 0, 0, 0, 0, 0, 0, 0, 0, 0, 0]",crown
133611,user_1529,The brim is perfectly round.,3JPSL1DZ5US9B8GJYUAJQHWX5ULNAV,61.0,64802051170909e71fabf3cbd0fc77bc,cap,PartNet,6795f4e6300d5606e639776fc2bb6cca,cap,PartNet,False,cap/PartNet/6795f4e6300d5606e639776fc2bb6cca,cap/PartNet/64802051170909e71fabf3cbd0fc77bc,False,hat,hat,1,"['the', 'brim', 'is', 'perfectly', 'round']",5,the brim is perfectly round,train,train,train,train,"[1, 10, 601, 7, 978, 134, 2, 0, 0, 0, 0, 0, 0, 0, 0, 0, 0, 0]",brim
133612,user_1633,The target's brim is not pointed anywhere.,37UEWGM5HV1YWIVBVIY7O0842X51RA,24.0,64802051170909e71fabf3cbd0fc77bc,cap,PartNet,6795f4e6300d5606e639776fc2bb6cca,cap,PartNet,False,cap/PartNet/6795f4e6300d5606e639776fc2bb6cca,cap/PartNet/64802051170909e71fabf3cbd0fc77bc,False,hat,hat,1,"['the', 'target', ""'s"", 'brim', 'is', 'not', 'pointed', 'anywhere']",8,the target 's brim is not pointed anywhere,train,train,train,train,"[1, 10, 11, 12, 601, 7, 40, 387, 940, 2, 0, 0, 0, 0, 0, 0, 0, 0]",brim
133613,user_1644,The brim is thicker.,3AAJC4I4FILETQX6VOYQE36P5VPJZQ,29.0,64802051170909e71fabf3cbd0fc77bc,cap,PartNet,6795f4e6300d5606e639776fc2bb6cca,cap,PartNet,False,cap/PartNet/6795f4e6300d5606e639776fc2bb6cca,cap/PartNet/64802051170909e71fabf3cbd0fc77bc,False,hat,hat,1,"['the', 'brim', 'is', 'thick', '-er']",5,the brim is thick -er,train,train,train,train,"[1, 10, 601, 7, 54, 9, 2, 0, 0, 0, 0, 0, 0, 0, 0, 0, 0, 0]",brim
133614,user_786,Its crown's base does NOT have a vertical ring,3NLZY2D53RIBAOKFBDRQ3P7D4HBLQ2,81.0,60153b9c1dc500a93d8dd242efdcdeb,cap,PartNet,320573ba807dc5578c26f7b0dfd20a86,cap,PartNet,False,cap/PartNet/320573ba807dc5578c26f7b0dfd20a86,cap/PartNet/60153b9c1dc500a93d8dd242efdcdeb,True,hat,hat,1,"['its', 'crown', ""'s"", 'base', 'does', 'not', 'have', 'a', 'vertical', 'ring']",10,its crown 's base does not have a vertical ring,train,train,train,train,"[1, 5, 606, 12, 103, 39, 40, 84, 26, 283, 557, 2, 0, 0, 0, 0, 0, 0]",crown
133615,user_1644,The crown is shorter.,3RSDURM96CF6DK19L1LG3GKVUTOEY8,92.0,60153b9c1dc500a93d8dd242efdcdeb,cap,PartNet,320573ba807dc5578c26f7b0dfd20a86,cap,PartNet,False,cap/PartNet/320573ba807dc5578c26f7b0dfd20a86,cap/PartNet/60153b9c1dc500a93d8dd242efdcdeb,True,hat,hat,1,"['the', 'crown', 'is', 'short', '-er']",5,the crown is short -er,train,train,train,train,"[1, 10, 606, 7, 8, 9, 2, 0, 0, 0, 0, 0, 0, 0, 0, 0, 0, 0]",crown
133616,user_2105,target has shorter height on crown,31IBVUNM9USHF460B1I2EZ11OESFVB,63.0,60153b9c1dc500a93d8dd242efdcdeb,cap,PartNet,320573ba807dc5578c26f7b0dfd20a86,cap,PartNet,False,cap/PartNet/320573ba807dc5578c26f7b0dfd20a86,cap/PartNet/60153b9c1dc500a93d8dd242efdcdeb,True,hat,hat,1,"['target', 'has', 'short', '-er', 'height', 'on', 'crown']",7,target has short -er height on crown,train,train,train,train,"[1, 11, 24, 8, 9, 117, 20, 606, 2, 0, 0, 0, 0, 0, 0, 0, 0, 0]",crown
133618,user_1529,The button on the top is slightly larger.,30LB5CDZNE37RKWK9GOKWYRT6MHZ0X,153.0,3957332e2d23ff61ce2704286124606b,cap,ShapeNet,fa8124cce25881004fcdbc2114c724fa,cap,PartNet,False,cap/PartNet/fa8124cce25881004fcdbc2114c724fa,cap/ShapeNet/3957332e2d23ff61ce2704286124606b,True,hat,cap,1,"['the', 'button', 'on', 'the', 'top', 'is', 'slightly', 'large', '-er']",9,the button on the top is slightly large -er,train,train,train,train,"[1, 10, 596, 20, 10, 99, 7, 174, 94, 9, 2, 0, 0, 0, 0, 0, 0, 0]",crown
133621,user_1644,It has a button on the top.,3OLF68YTNBUXNG3206R6ICNO346AFK,24.0,dc06523b3413d01d3ead562a41d49338,cap,PartNet,40f0c6599f0be25fce01c07526cf2aa4,cap,ShapeNet,False,cap/ShapeNet/40f0c6599f0be25fce01c07526cf2aa4,cap/PartNet/dc06523b3413d01d3ead562a41d49338,True,cap,hat,1,"['it', 'has', 'a', 'button', 'on', 'the', 'top']",7,it has a button on the top,train,train,train,train,"[1, 23, 24, 26, 596, 20, 10, 99, 2, 0, 0, 0, 0, 0, 0, 0, 0, 0]",crown
133626,user_203,The crown is taller.,3AWETUDC94LIYFD0D6DQ22RPSH8IZN,145.0,2b1a1d63bd7e931c12a8043ef6529707,cap,PartNet,26ded18f7b1ad4c83a444f07ecb8c124,cap,PartNet,False,cap/PartNet/26ded18f7b1ad4c83a444f07ecb8c124,cap/PartNet/2b1a1d63bd7e931c12a8043ef6529707,True,hat,hat,1,"['the', 'crown', 'is', 'tall', '-er']",5,the crown is tall -er,train,train,train,train,"[1, 10, 606, 7, 53, 9, 2, 0, 0, 0, 0, 0, 0, 0, 0, 0, 0, 0]",crown
133627,user_1644,The crown is more pointed.,3A4NIXBJ78SKP9MNJKK9MGN8UGBLMC,24.0,2b1a1d63bd7e931c12a8043ef6529707,cap,PartNet,26ded18f7b1ad4c83a444f07ecb8c124,cap,PartNet,False,cap/PartNet/26ded18f7b1ad4c83a444f07ecb8c124,cap/PartNet/2b1a1d63bd7e931c12a8043ef6529707,True,hat,hat,1,"['the', 'crown', 'is', 'more', 'pointed']",5,the crown is more pointed,train,train,train,train,"[1, 10, 606, 7, 34, 387, 2, 0, 0, 0, 0, 0, 0, 0, 0, 0, 0, 0]",crown
133628,user_2105,target has taller crown height,32M8BPYGAVFI7YIVNEP1HVBJHRYIGI,32.0,2b1a1d63bd7e931c12a8043ef6529707,cap,PartNet,26ded18f7b1ad4c83a444f07ecb8c124,cap,PartNet,False,cap/PartNet/26ded18f7b1ad4c83a444f07ecb8c124,cap/PartNet/2b1a1d63bd7e931c12a8043ef6529707,True,hat,hat,1,"['target', 'has', 'tall', '-er', 'crown', 'height']",6,target has tall -er crown height,train,train,train,train,"[1, 11, 24, 53, 9, 606, 117, 2, 0, 0, 0, 0, 0, 0, 0, 0, 0, 0]",crown
133631,user_1644,The crown is taller.,3907X2AHF2YK9QXS1UUWOOIUTMGP2A,141.0,fa8124cce25881004fcdbc2114c724fa,cap,PartNet,14df58bdedfbb41141edb96d309c9a23,cap,ShapeNet,False,cap/ShapeNet/14df58bdedfbb41141edb96d309c9a23,cap/PartNet/fa8124cce25881004fcdbc2114c724fa,True,cap,hat,1,"['the', 'crown', 'is', 'tall', '-er']",5,the crown is tall -er,train,train,train,train,"[1, 10, 606, 7, 53, 9, 2, 0, 0, 0, 0, 0, 0, 0, 0, 0, 0, 0]",crown
133635,user_786,Its crown's top has a larger button,33CID57106MJ3NEDD2FUQHE2UPV3LF,65.0,8338e10954ae6c5296b84415a3f1393b,cap,ShapeNet,a3d8771740fd7630afd6b353b2d4958f,cap,ShapeNet,False,cap/ShapeNet/a3d8771740fd7630afd6b353b2d4958f,cap/ShapeNet/8338e10954ae6c5296b84415a3f1393b,True,cap,cap,1,"['its', 'crown', ""'s"", 'top', 'has', 'a', 'large', '-er', 'button']",9,its crown 's top has a large -er button,train,train,train,train,"[1, 5, 606, 12, 99, 24, 26, 94, 9, 596, 2, 0, 0, 0, 0, 0, 0, 0]",crown
133642,user_920,The target has a small circle on top.,30X31N5D65J6RL8O6QR5PB63STVASW,38.0,1045ec5dd315bb09b3efe792e5724933,cap,PartNet,14df58bdedfbb41141edb96d309c9a23,cap,ShapeNet,False,cap/ShapeNet/14df58bdedfbb41141edb96d309c9a23,cap/PartNet/1045ec5dd315bb09b3efe792e5724933,False,cap,hat,1,"['the', 'target', 'has', 'a', 'small', 'circle', 'on', 'top']",8,the target has a small circle on top,train,train,train,train,"[1, 10, 11, 24, 26, 111, 149, 20, 99, 2, 0, 0, 0, 0, 0, 0, 0, 0]",crown
133643,user_1644,The crown is shorter.,3X4MXAO0BIHRXJBES6NSHQYYYAERWZ,16.0,1045ec5dd315bb09b3efe792e5724933,cap,PartNet,14df58bdedfbb41141edb96d309c9a23,cap,ShapeNet,False,cap/ShapeNet/14df58bdedfbb41141edb96d309c9a23,cap/PartNet/1045ec5dd315bb09b3efe792e5724933,False,cap,hat,1,"['the', 'crown', 'is', 'short', '-er']",5,the crown is short -er,train,train,train,train,"[1, 10, 606, 7, 8, 9, 2, 0, 0, 0, 0, 0, 0, 0, 0, 0, 0, 0]",crown
133644,user_786,Its crown diameter is larger,3K9FOBBF2JCQ7R7NVLZ9ZVC8Z7UNLP,59.0,5f988e8af9ac5b873d1423abb84263f3,cap,PartNet,bc05db27de8de6354bd07bcd9e7e0abf,cap,PartNet,False,cap/PartNet/bc05db27de8de6354bd07bcd9e7e0abf,cap/PartNet/5f988e8af9ac5b873d1423abb84263f3,False,hat,hat,1,"['its', 'crown', 'diameter', 'is', 'large', '-er']",6,its crown diameter is large -er,train,train,train,train,"[1, 5, 606, 268, 7, 94, 9, 2, 0, 0, 0, 0, 0, 0, 0, 0, 0, 0]",crown
133645,user_1644,The crown is shorter.,3QFUFYSY908ILRNLR5HF591OBT54FW,49.0,5f988e8af9ac5b873d1423abb84263f3,cap,PartNet,bc05db27de8de6354bd07bcd9e7e0abf,cap,PartNet,False,cap/PartNet/bc05db27de8de6354bd07bcd9e7e0abf,cap/PartNet/5f988e8af9ac5b873d1423abb84263f3,False,hat,hat,1,"['the', 'crown', 'is', 'short', '-er']",5,the crown is short -er,train,train,train,train,"[1, 10, 606, 7, 8, 9, 2, 0, 0, 0, 0, 0, 0, 0, 0, 0, 0, 0]",crown
133646,user_2105,target has thinner brim,3DEL4X4EL8EFJKSQG6B8R552A08XYB,68.0,5f988e8af9ac5b873d1423abb84263f3,cap,PartNet,bc05db27de8de6354bd07bcd9e7e0abf,cap,PartNet,False,cap/PartNet/bc05db27de8de6354bd07bcd9e7e0abf,cap/PartNet/5f988e8af9ac5b873d1423abb84263f3,False,hat,hat,1,"['target', 'has', 'thin', '-er', 'brim']",5,target has thin -er brim,train,train,train,train,"[1, 11, 24, 60, 9, 601, 2, 0, 0, 0, 0, 0, 0, 0, 0, 0, 0, 0]",brim
133647,user_1529,"The back top is large, flat, and tilted backwards.",3OVR4I9USRCFCGDU5LS9H852IWBQ4B,45.0,6e983d20e0bf80296829cd4082fbdbdf,cap,ShapeNet,6c607b6b3d6fc1cdf0d11ae402ef940e,cap,ShapeNet,False,cap/ShapeNet/6c607b6b3d6fc1cdf0d11ae402ef940e,cap/ShapeNet/6e983d20e0bf80296829cd4082fbdbdf,False,cap,cap,1,"['the', 'back', 'top', 'is', 'large', 'flat', 'and', 'tilted', 'backwards']",9,the back top is large flat and tilted backwards,test,train,test,train,"[1, 10, 183, 99, 7, 94, 129, 47, 308, 479, 2, 0, 0, 0, 0, 0, 0, 0]",crown
133650,user_203,The brim is tapered.,3X66WABAJYB3HV0C2BIEDP9UY9WG3B,65.0,ffa613d91ac07e38284432ce2f42f498,cap,PartNet,64802051170909e71fabf3cbd0fc77bc,cap,PartNet,False,cap/PartNet/64802051170909e71fabf3cbd0fc77bc,cap/PartNet/ffa613d91ac07e38284432ce2f42f498,True,hat,hat,1,"['the', 'brim', 'is', 'tapered']",4,the brim is tapered,train,train,train,train,"[1, 10, 601, 7, 352, 2, 0, 0, 0, 0, 0, 0, 0, 0, 0, 0, 0, 0]",brim
133651,user_1644,The crown is taller.,3NPI0JQDAQYETPR5K9ESPBRKTYCPTJ,35.0,ffa613d91ac07e38284432ce2f42f498,cap,PartNet,64802051170909e71fabf3cbd0fc77bc,cap,PartNet,False,cap/PartNet/64802051170909e71fabf3cbd0fc77bc,cap/PartNet/ffa613d91ac07e38284432ce2f42f498,True,hat,hat,1,"['the', 'crown', 'is', 'tall', '-er']",5,the crown is tall -er,train,train,train,train,"[1, 10, 606, 7, 53, 9, 2, 0, 0, 0, 0, 0, 0, 0, 0, 0, 0, 0]",crown
133653,user_203,The diameter of the brim is larger.,36V4Q8R5ZMTVG620BPS532M24M3MQ7,104.0,5c4122d7fa08f514796410d3fd165433,cap,PartNet,b5a6c597fefeaa0598095901ddb7e8e7,cap,PartNet,False,cap/PartNet/b5a6c597fefeaa0598095901ddb7e8e7,cap/PartNet/5c4122d7fa08f514796410d3fd165433,True,hat,hat,1,"['the', 'diameter', 'of', 'the', 'brim', 'is', 'large', '-er']",8,the diameter of the brim is large -er,train,train,train,train,"[1, 10, 268, 38, 10, 601, 7, 94, 9, 2, 0, 0, 0, 0, 0, 0, 0, 0]",brim
133654,user_1644,The brim is thicker.,3WI0P0II63LSODBNBBI2P29DRVHDRN,29.0,5c4122d7fa08f514796410d3fd165433,cap,PartNet,b5a6c597fefeaa0598095901ddb7e8e7,cap,PartNet,False,cap/PartNet/b5a6c597fefeaa0598095901ddb7e8e7,cap/PartNet/5c4122d7fa08f514796410d3fd165433,True,hat,hat,1,"['the', 'brim', 'is', 'thick', '-er']",5,the brim is thick -er,train,train,train,train,"[1, 10, 601, 7, 54, 9, 2, 0, 0, 0, 0, 0, 0, 0, 0, 0, 0, 0]",brim
133655,user_2105,target has thicker brim,3DYGAII7PN1119ZD35KXK6GX9S0PQU,48.0,5c4122d7fa08f514796410d3fd165433,cap,PartNet,b5a6c597fefeaa0598095901ddb7e8e7,cap,PartNet,False,cap/PartNet/b5a6c597fefeaa0598095901ddb7e8e7,cap/PartNet/5c4122d7fa08f514796410d3fd165433,True,hat,hat,1,"['target', 'has', 'thick', '-er', 'brim']",5,target has thick -er brim,train,train,train,train,"[1, 11, 24, 54, 9, 601, 2, 0, 0, 0, 0, 0, 0, 0, 0, 0, 0, 0]",brim
133656,user_1143,The target has a flat brim,3LYA37P8ISGDMC087VIZT0ZZTH3BKB,40.0,56bb0a2e6f729993fa5b6212657ae4a4,cap,PartNet,5eb9ab53213f5fff4e09ebaf49b0cb2f,cap,ShapeNet,False,cap/ShapeNet/5eb9ab53213f5fff4e09ebaf49b0cb2f,cap/PartNet/56bb0a2e6f729993fa5b6212657ae4a4,True,cap,hat,1,"['the', 'target', 'has', 'a', 'flat', 'brim']",6,the target has a flat brim,train,train,train,train,"[1, 10, 11, 24, 26, 129, 601, 2, 0, 0, 0, 0, 0, 0, 0, 0, 0, 0]",brim
133658,user_1644,The crown of the hat concaves.,31T4R4OBOU9812LU21PL0F0V5JMC7Y,50.0,56bb0a2e6f729993fa5b6212657ae4a4,cap,PartNet,5eb9ab53213f5fff4e09ebaf49b0cb2f,cap,ShapeNet,False,cap/ShapeNet/5eb9ab53213f5fff4e09ebaf49b0cb2f,cap/PartNet/56bb0a2e6f729993fa5b6212657ae4a4,True,cap,hat,1,"['the', 'crown', 'of', 'the', 'hat', 'concave']",6,the crown of the hat concave,train,train,train,train,"[1, 10, 606, 38, 10, 602, 390, 2, 0, 0, 0, 0, 0, 0, 0, 0, 0, 0]",crown
133662,user_156,Its crown is cylindrical in shape.,36TFCYNS463TXP21667K55AZK3NHXM,26.0,2854677f4c733bcc606dbe05096195ae,cap,PartNet,befe908292dd78d92ef65425c21143ca,cap,PartNet,False,cap/PartNet/befe908292dd78d92ef65425c21143ca,cap/PartNet/2854677f4c733bcc606dbe05096195ae,False,hat,hat,1,"['its', 'crown', 'is', 'cylindrical', 'in', 'shape']",6,its crown is cylindrical in shape,train,train,train,train,"[1, 5, 606, 7, 176, 90, 93, 2, 0, 0, 0, 0, 0, 0, 0, 0, 0, 0]",crown
133663,user_1633,The target is flat on top.,3FTYUGLFSWE3JQDPE45ZM14HZCJ5DQ,21.0,2854677f4c733bcc606dbe05096195ae,cap,PartNet,befe908292dd78d92ef65425c21143ca,cap,PartNet,False,cap/PartNet/befe908292dd78d92ef65425c21143ca,cap/PartNet/2854677f4c733bcc606dbe05096195ae,False,hat,hat,1,"['the', 'target', 'is', 'flat', 'on', 'top']",6,the target is flat on top,train,train,train,train,"[1, 10, 11, 7, 129, 20, 99, 2, 0, 0, 0, 0, 0, 0, 0, 0, 0, 0]",crown
133664,user_1689,It has a round brim.,3WETL7AQWV151YBSLFZN9SI5802532,73.0,2854677f4c733bcc606dbe05096195ae,cap,PartNet,befe908292dd78d92ef65425c21143ca,cap,PartNet,False,cap/PartNet/befe908292dd78d92ef65425c21143ca,cap/PartNet/2854677f4c733bcc606dbe05096195ae,False,hat,hat,1,"['it', 'has', 'a', 'round', 'brim']",5,it has a round brim,train,train,train,train,"[1, 23, 24, 26, 134, 601, 2, 0, 0, 0, 0, 0, 0, 0, 0, 0, 0, 0]",brim
133666,user_1489,The crown is shorter in height,3JPSL1DZ5US9B8GJYUAJQHWX5VWNA8,72.0,d4910649489fc279dac5e8b93371e38a,cap,PartNet,8173b6a303d2888671b99e20c1071f6c,cap,PartNet,False,cap/PartNet/8173b6a303d2888671b99e20c1071f6c,cap/PartNet/d4910649489fc279dac5e8b93371e38a,False,hat,hat,1,"['the', 'crown', 'is', 'short', '-er', 'in', 'height']",7,the crown is short -er in height,train,train,train,train,"[1, 10, 606, 7, 8, 9, 90, 117, 2, 0, 0, 0, 0, 0, 0, 0, 0, 0]",crown
133667,user_1644,The crown is shorter.,30LB5CDZNE37RKWK9GOKWYRT6MJ0Z0,31.0,d4910649489fc279dac5e8b93371e38a,cap,PartNet,8173b6a303d2888671b99e20c1071f6c,cap,PartNet,False,cap/PartNet/8173b6a303d2888671b99e20c1071f6c,cap/PartNet/d4910649489fc279dac5e8b93371e38a,False,hat,hat,1,"['the', 'crown', 'is', 'short', '-er']",5,the crown is short -er,train,train,train,train,"[1, 10, 606, 7, 8, 9, 2, 0, 0, 0, 0, 0, 0, 0, 0, 0, 0, 0]",crown
133671,user_203,The crown is not creased.,3137ONMDKIY6RTG9RVZAWGDRPY7EGL,71.0,a14ab9b478087ce6b56d92c5d7b06038,cap,PartNet,5a5c976be7015447f0d11ae402ef940e,cap,PartNet,False,cap/PartNet/5a5c976be7015447f0d11ae402ef940e,cap/PartNet/a14ab9b478087ce6b56d92c5d7b06038,False,hat,hat,1,"['the', 'crown', 'is', 'not', 'creased']",5,the crown is not creased,train,train,train,train,"[1, 10, 606, 7, 40, 4499, 2, 0, 0, 0, 0, 0, 0, 0, 0, 0, 0, 0]",crown
133673,user_1964,the crown is taller vertically,3PJ71Z61R6VSSIZP11YLXF8AWB119P,39.0,a14ab9b478087ce6b56d92c5d7b06038,cap,PartNet,5a5c976be7015447f0d11ae402ef940e,cap,PartNet,False,cap/PartNet/5a5c976be7015447f0d11ae402ef940e,cap/PartNet/a14ab9b478087ce6b56d92c5d7b06038,False,hat,hat,1,"['the', 'crown', 'is', 'tall', '-er', 'vertically']",6,the crown is tall -er vertically,train,train,train,train,"[1, 10, 606, 7, 53, 9, 385, 2, 0, 0, 0, 0, 0, 0, 0, 0, 0, 0]",crown
133674,user_677,The crown is shorter.,37WLF8U1WRJ7G0JDB41RIKD7FH06KV,45.0,4c818a2a478b13db1e4e75745130e652,cap,PartNet,f84abb697315dd7784c54dff812f6abb,cap,PartNet,False,cap/PartNet/f84abb697315dd7784c54dff812f6abb,cap/PartNet/4c818a2a478b13db1e4e75745130e652,False,hat,hat,1,"['the', 'crown', 'is', 'short', '-er']",5,the crown is short -er,train,train,train,train,"[1, 10, 606, 7, 8, 9, 2, 0, 0, 0, 0, 0, 0, 0, 0, 0, 0, 0]",crown
133675,user_1644,The brim is not as wide.,3WJEQKOXAAV6X19UT7CLTAJU2U2A1Y,15.0,4c818a2a478b13db1e4e75745130e652,cap,PartNet,f84abb697315dd7784c54dff812f6abb,cap,PartNet,False,cap/PartNet/f84abb697315dd7784c54dff812f6abb,cap/PartNet/4c818a2a478b13db1e4e75745130e652,False,hat,hat,1,"['the', 'brim', 'is', 'not', 'as', 'wide']",6,the brim is not as wide,train,train,train,train,"[1, 10, 601, 7, 40, 52, 83, 2, 0, 0, 0, 0, 0, 0, 0, 0, 0, 0]",brim
133676,user_2105,target has crown off center,3FTYUGLFSWE3JQDPE45ZM14HZDAD5R,37.0,4c818a2a478b13db1e4e75745130e652,cap,PartNet,f84abb697315dd7784c54dff812f6abb,cap,PartNet,False,cap/PartNet/f84abb697315dd7784c54dff812f6abb,cap/PartNet/4c818a2a478b13db1e4e75745130e652,False,hat,hat,1,"['target', 'has', 'crown', 'off', 'center']",5,target has crown off center,train,train,train,train,"[1, 11, 24, 606, 57, 165, 2, 0, 0, 0, 0, 0, 0, 0, 0, 0, 0, 0]",crown
133677,user_865,Target has smaller crown,33CUSNVVNP5APD00VU1MCT07QBT88V,948.0,56bb0a2e6f729993fa5b6212657ae4a4,cap,PartNet,56ca2cc23b627f65fdac1e69603928f,cap,PartNet,False,cap/PartNet/56ca2cc23b627f65fdac1e69603928f,cap/PartNet/56bb0a2e6f729993fa5b6212657ae4a4,False,hat,hat,1,"['target', 'has', 'small', '-er', 'crown']",5,target has small -er crown,val,train,val,train,"[1, 11, 24, 111, 9, 606, 2, 0, 0, 0, 0, 0, 0, 0, 0, 0, 0, 0]",crown
133678,user_1644,The crown is shorter.,3OLQQLKKNUIGIV6AZ1KDTT57HPGEJF,20.0,56bb0a2e6f729993fa5b6212657ae4a4,cap,PartNet,56ca2cc23b627f65fdac1e69603928f,cap,PartNet,False,cap/PartNet/56ca2cc23b627f65fdac1e69603928f,cap/PartNet/56bb0a2e6f729993fa5b6212657ae4a4,False,hat,hat,1,"['the', 'crown', 'is', 'short', '-er']",5,the crown is short -er,val,train,val,train,"[1, 10, 606, 7, 8, 9, 2, 0, 0, 0, 0, 0, 0, 0, 0, 0, 0, 0]",crown
133679,user_2105,target has longer brim length,3VFJCI1K41SV0XLED1JAVNCA4NFRGT,49.0,56bb0a2e6f729993fa5b6212657ae4a4,cap,PartNet,56ca2cc23b627f65fdac1e69603928f,cap,PartNet,False,cap/PartNet/56ca2cc23b627f65fdac1e69603928f,cap/PartNet/56bb0a2e6f729993fa5b6212657ae4a4,False,hat,hat,1,"['target', 'has', 'long', '-er', 'brim', 'length']",6,target has long -er brim length,val,train,val,train,"[1, 11, 24, 32, 9, 601, 155, 2, 0, 0, 0, 0, 0, 0, 0, 0, 0, 0]",brim
133680,user_1529,The top is the widest part of the hat.,3TVSS0C0E3T4DYO6WVSNH5ZGMVATWD,295.0,e823673c1edd73fb97c426435543a860,cap,ShapeNet,587e59afe62ea145f0d11ae402ef940e,cap,PartNet,False,cap/PartNet/587e59afe62ea145f0d11ae402ef940e,cap/ShapeNet/e823673c1edd73fb97c426435543a860,False,hat,cap,1,"['the', 'top', 'is', 'the', 'wide', '-est', 'part', 'of', 'the', 'hat']",10,the top is the wide -est part of the hat,train,train,train,train,"[1, 10, 99, 7, 10, 83, 531, 311, 38, 10, 602, 2, 0, 0, 0, 0, 0, 0]",crown
133685,user_1964,there is no button on top,37M28K1J0S6DSIPYJWIRXAFGWAIAJG,34.0,a1494210f6774b87b3e0e60b857dde8f,cap,ShapeNet,3d94467032aad372d2287f45c788597d,cap,PartNet,False,cap/PartNet/3d94467032aad372d2287f45c788597d,cap/ShapeNet/a1494210f6774b87b3e0e60b857dde8f,False,hat,cap,1,"['there', 'is', 'no', 'button', 'on', 'top']",6,there is no button on top,train,train,train,train,"[1, 15, 7, 123, 596, 20, 99, 2, 0, 0, 0, 0, 0, 0, 0, 0, 0, 0]",crown
133688,user_2105,target has triangle shaped crown,3SBEHTYCWPWITP3VHKB7OVINMN4YIC,31.0,8338e10954ae6c5296b84415a3f1393b,cap,ShapeNet,3c75213433a0ad3cc039d45addffe3d3,cap,PartNet,False,cap/PartNet/3c75213433a0ad3cc039d45addffe3d3,cap/ShapeNet/8338e10954ae6c5296b84415a3f1393b,False,hat,cap,1,"['target', 'has', 'triangle', 'shaped', 'crown']",5,target has triangle shaped crown,train,train,train,train,"[1, 11, 24, 608, 14, 606, 2, 0, 0, 0, 0, 0, 0, 0, 0, 0, 0, 0]",crown
133694,user_1964,there is a button on top,39L1G8WVWSK6DGA9KSXB625OWJQ137,31.0,e21bf79cf940999fecaafbe064b13083,cap,PartNet,8338e10954ae6c5296b84415a3f1393b,cap,ShapeNet,False,cap/ShapeNet/8338e10954ae6c5296b84415a3f1393b,cap/PartNet/e21bf79cf940999fecaafbe064b13083,False,cap,hat,1,"['there', 'is', 'a', 'button', 'on', 'top']",6,there is a button on top,train,train,train,train,"[1, 15, 7, 26, 596, 20, 99, 2, 0, 0, 0, 0, 0, 0, 0, 0, 0, 0]",crown
133695,user_615,the crown is a tall cone with a sharp point,3SLE99ER0P68B7ZU7WL9GFNCXRNZBU,87.0,d5cdba69afacdbf19393051c3324a45f,cap,PartNet,31253a0f8eaa2c5c785f06f424b9d06,cap,PartNet,False,cap/PartNet/31253a0f8eaa2c5c785f06f424b9d06,cap/PartNet/d5cdba69afacdbf19393051c3324a45f,True,hat,hat,1,"['the', 'crown', 'is', 'a', 'tall', 'cone', 'with', 'a', 'sharp', 'point']",10,the crown is a tall cone with a sharp point,train,train,train,train,"[1, 10, 606, 7, 26, 53, 143, 121, 26, 206, 412, 2, 0, 0, 0, 0, 0, 0]",crown
133697,user_2089,The crown is pointed.,35H6S234SCT4YHYA4HXLGVUPIR656A,176.0,d5cdba69afacdbf19393051c3324a45f,cap,PartNet,31253a0f8eaa2c5c785f06f424b9d06,cap,PartNet,False,cap/PartNet/31253a0f8eaa2c5c785f06f424b9d06,cap/PartNet/d5cdba69afacdbf19393051c3324a45f,True,hat,hat,1,"['the', 'crown', 'is', 'pointed']",4,the crown is pointed,train,train,train,train,"[1, 10, 606, 7, 387, 2, 0, 0, 0, 0, 0, 0, 0, 0, 0, 0, 0, 0]",crown
133701,user_786,"Its crown has a hexagonal cross section, NOT circular",3E13VNJ1NPOL3JSS5V4YA87DF2W1II,85.0,60153b9c1dc500a93d8dd242efdcdeb,cap,PartNet,c998a0afe9bcbe89bc4ac3caf16ef65,cap,PartNet,False,cap/PartNet/c998a0afe9bcbe89bc4ac3caf16ef65,cap/PartNet/60153b9c1dc500a93d8dd242efdcdeb,True,hat,hat,1,"['its', 'crown', 'has', 'a', 'hexagonal', 'cross', 'section', 'not', 'circular']",9,its crown has a hexagonal cross section not circular,test,train,test,train,"[1, 5, 606, 24, 26, 642, 28, 354, 40, 102, 2, 0, 0, 0, 0, 0, 0, 0]",crown
133702,user_1633,The target has a wider brim.,3BV8HQ2ZZYU14NARZDO2O6ABA4X6A5,22.0,60153b9c1dc500a93d8dd242efdcdeb,cap,PartNet,c998a0afe9bcbe89bc4ac3caf16ef65,cap,PartNet,False,cap/PartNet/c998a0afe9bcbe89bc4ac3caf16ef65,cap/PartNet/60153b9c1dc500a93d8dd242efdcdeb,True,hat,hat,1,"['the', 'target', 'has', 'a', 'wide', '-er', 'brim']",7,the target has a wide -er brim,test,train,test,train,"[1, 10, 11, 24, 26, 83, 9, 601, 2, 0, 0, 0, 0, 0, 0, 0, 0, 0]",brim
133703,user_1644,The crown is not pointed.,3TGOYF991ZF6L7EQ103W4D0LKT7UU7,17.0,60153b9c1dc500a93d8dd242efdcdeb,cap,PartNet,c998a0afe9bcbe89bc4ac3caf16ef65,cap,PartNet,False,cap/PartNet/c998a0afe9bcbe89bc4ac3caf16ef65,cap/PartNet/60153b9c1dc500a93d8dd242efdcdeb,True,hat,hat,1,"['the', 'crown', 'is', 'not', 'pointed']",5,the crown is not pointed,test,train,test,train,"[1, 10, 606, 7, 40, 387, 2, 0, 0, 0, 0, 0, 0, 0, 0, 0, 0, 0]",crown
133705,user_1529,The brim goes all the way around.,36AHBNMV1T51LEN9P6AWXY2AUHMDYD,176.0,fa8124cce25881004fcdbc2114c724fa,cap,PartNet,3d8715e132379fc04ec272da715766dd,cap,PartNet,False,cap/PartNet/3d8715e132379fc04ec272da715766dd,cap/PartNet/fa8124cce25881004fcdbc2114c724fa,False,hat,hat,1,"['the', 'brim', 'goes', 'all', 'the', 'way', 'around']",7,the brim goes all the way around,test,train,test,train,"[1, 10, 601, 394, 367, 10, 471, 239, 2, 0, 0, 0, 0, 0, 0, 0, 0, 0]",brim
133706,user_1644,The crown is taller.,3LKC68YZ3CWO06JY0E6ONVTTNNUOWN,20.0,fa8124cce25881004fcdbc2114c724fa,cap,PartNet,3d8715e132379fc04ec272da715766dd,cap,PartNet,False,cap/PartNet/3d8715e132379fc04ec272da715766dd,cap/PartNet/fa8124cce25881004fcdbc2114c724fa,False,hat,hat,1,"['the', 'crown', 'is', 'tall', '-er']",5,the crown is tall -er,test,train,test,train,"[1, 10, 606, 7, 53, 9, 2, 0, 0, 0, 0, 0, 0, 0, 0, 0, 0, 0]",crown
133710,user_203,The crown is not cylindrical.,3VELCLL3GMC1TSQ24NYD7BULZADF1E,49.0,98698fc854d6a919a163a814bd04d6,cap,PartNet,62d4f8a7a8a1dc619ba80f08c401fbed,cap,PartNet,False,cap/PartNet/62d4f8a7a8a1dc619ba80f08c401fbed,cap/PartNet/98698fc854d6a919a163a814bd04d6,False,hat,hat,1,"['the', 'crown', 'is', 'not', 'cylindrical']",5,the crown is not cylindrical,train,train,train,train,"[1, 10, 606, 7, 40, 176, 2, 0, 0, 0, 0, 0, 0, 0, 0, 0, 0, 0]",crown
133711,user_1644,It is not a top hat.,3V0Z7YWSI0TXEAUON63VUG7CF9ZV2H,20.0,98698fc854d6a919a163a814bd04d6,cap,PartNet,62d4f8a7a8a1dc619ba80f08c401fbed,cap,PartNet,False,cap/PartNet/62d4f8a7a8a1dc619ba80f08c401fbed,cap/PartNet/98698fc854d6a919a163a814bd04d6,False,hat,hat,1,"['it', 'is', 'not', 'a', 'top', 'hat']",6,it is not a top hat,train,train,train,train,"[1, 23, 7, 40, 26, 99, 602, 2, 0, 0, 0, 0, 0, 0, 0, 0, 0, 0]",crown
133712,user_2105,target has no brim,3DHE4R9OCY4EWD4TYB49UF42SV02GQ,29.0,98698fc854d6a919a163a814bd04d6,cap,PartNet,62d4f8a7a8a1dc619ba80f08c401fbed,cap,PartNet,False,cap/PartNet/62d4f8a7a8a1dc619ba80f08c401fbed,cap/PartNet/98698fc854d6a919a163a814bd04d6,False,hat,hat,1,"['target', 'has', 'no', 'brim']",4,target has no brim,train,train,train,train,"[1, 11, 24, 123, 601, 2, 0, 0, 0, 0, 0, 0, 0, 0, 0, 0, 0, 0]",brim
133713,user_1633,The target is not flat on top.,3YWRV122CUS8NA7DYX2R8LIWN2EU8Q,21.0,6e11cfa7d75ed04a4835c09e4900b4a9,cap,PartNet,72877ec0bb0b921fb10e410f6c99c299,cap,PartNet,False,cap/PartNet/72877ec0bb0b921fb10e410f6c99c299,cap/PartNet/6e11cfa7d75ed04a4835c09e4900b4a9,False,hat,hat,1,"['the', 'target', 'is', 'not', 'flat', 'on', 'top']",7,the target is not flat on top,train,train,train,train,"[1, 10, 11, 7, 40, 129, 20, 99, 2, 0, 0, 0, 0, 0, 0, 0, 0, 0]",crown
133714,user_1644,It is not a top hat.,3IJXV6UZ1ZC9WOR93PJDGZPQJZGIRJ,27.0,6e11cfa7d75ed04a4835c09e4900b4a9,cap,PartNet,72877ec0bb0b921fb10e410f6c99c299,cap,PartNet,False,cap/PartNet/72877ec0bb0b921fb10e410f6c99c299,cap/PartNet/6e11cfa7d75ed04a4835c09e4900b4a9,False,hat,hat,1,"['it', 'is', 'not', 'a', 'top', 'hat']",6,it is not a top hat,train,train,train,train,"[1, 23, 7, 40, 26, 99, 602, 2, 0, 0, 0, 0, 0, 0, 0, 0, 0, 0]",crown
133715,user_2105,target has no visor around crown,3FFJ6VRIL3HLWU7A9C0YW3O3AAOI0U,68.0,6e11cfa7d75ed04a4835c09e4900b4a9,cap,PartNet,72877ec0bb0b921fb10e410f6c99c299,cap,PartNet,False,cap/PartNet/72877ec0bb0b921fb10e410f6c99c299,cap/PartNet/6e11cfa7d75ed04a4835c09e4900b4a9,False,hat,hat,1,"['target', 'has', 'no', 'visor', 'around', 'crown']",6,target has no visor around crown,train,train,train,train,"[1, 11, 24, 123, 605, 239, 606, 2, 0, 0, 0, 0, 0, 0, 0, 0, 0, 0]",crown
133716,user_786,Its cylindrical crown is the same diameter at the top as the middle,37WLF8U1WRJ7G0JDB41RIKD7FGR6KK,69.0,d4910649489fc279dac5e8b93371e38a,cap,PartNet,2c67d217a62c320ce4b96e37c6ed18f3,cap,PartNet,False,cap/PartNet/2c67d217a62c320ce4b96e37c6ed18f3,cap/PartNet/d4910649489fc279dac5e8b93371e38a,True,hat,hat,1,"['its', 'cylindrical', 'crown', 'is', 'the', 'same', 'diameter', 'at', 'the', 'top', 'as', 'the', 'middle']",13,its cylindrical crown is the same diameter at the top as the middle,test,train,test,train,"[1, 5, 176, 606, 7, 10, 300, 268, 98, 10, 99, 52, 10, 232, 2, 0, 0, 0]",crown
133717,user_1529,The Brim has a much higher height.,3WYP994K19K2058UFJ2IRSSIDV06YF,92.0,d4910649489fc279dac5e8b93371e38a,cap,PartNet,2c67d217a62c320ce4b96e37c6ed18f3,cap,PartNet,False,cap/PartNet/2c67d217a62c320ce4b96e37c6ed18f3,cap/PartNet/d4910649489fc279dac5e8b93371e38a,True,hat,hat,1,"['the', 'brim', 'has', 'a', 'much', 'high', '-er', 'height']",8,the brim has a much high -er height,test,train,test,train,"[1, 10, 601, 24, 26, 59, 49, 9, 117, 2, 0, 0, 0, 0, 0, 0, 0, 0]",brim
133718,user_1644,The brim is wider.,345LHZDEDZLMMD17MG7VH4AL7GO3U9,19.0,d4910649489fc279dac5e8b93371e38a,cap,PartNet,2c67d217a62c320ce4b96e37c6ed18f3,cap,PartNet,False,cap/PartNet/2c67d217a62c320ce4b96e37c6ed18f3,cap/PartNet/d4910649489fc279dac5e8b93371e38a,True,hat,hat,1,"['the', 'brim', 'is', 'wide', '-er']",5,the brim is wide -er,test,train,test,train,"[1, 10, 601, 7, 83, 9, 2, 0, 0, 0, 0, 0, 0, 0, 0, 0, 0, 0]",brim
133719,user_786,Its crown's front center does NOT have a raised logo,32KTQ2V7RF8PO7LEUNHJH7WDUN1M9P,101.0,fe319939c7dc4a6ff691355a196da5f,cap,PartNet,c721e05c676faf20a9aa61915b4add2d,cap,PartNet,False,cap/PartNet/c721e05c676faf20a9aa61915b4add2d,cap/PartNet/fe319939c7dc4a6ff691355a196da5f,True,hat,hat,1,"['its', 'crown', ""'s"", 'front', 'center', 'does', 'not', 'have', 'a', 'raised', 'logo']",11,its crown 's front center does not have a raised logo,train,train,train,train,"[1, 5, 606, 12, 37, 165, 39, 40, 84, 26, 681, 604, 2, 0, 0, 0, 0, 0]",crown
133720,user_1143,The target has a more rounded top,3E1QT0TDFR23EJCD4GDDPIULT7T8IY,72.0,fe319939c7dc4a6ff691355a196da5f,cap,PartNet,c721e05c676faf20a9aa61915b4add2d,cap,PartNet,False,cap/PartNet/c721e05c676faf20a9aa61915b4add2d,cap/PartNet/fe319939c7dc4a6ff691355a196da5f,True,hat,hat,1,"['the', 'target', 'has', 'a', 'more', 'rounded', 'top']",7,the target has a more rounded top,train,train,train,train,"[1, 10, 11, 24, 26, 34, 48, 99, 2, 0, 0, 0, 0, 0, 0, 0, 0, 0]",crown
133721,user_1644,It does not have a logo on the crown.,3TS1AR6UQS7F4E54T3FM8LLY2VYF7U,32.0,fe319939c7dc4a6ff691355a196da5f,cap,PartNet,c721e05c676faf20a9aa61915b4add2d,cap,PartNet,False,cap/PartNet/c721e05c676faf20a9aa61915b4add2d,cap/PartNet/fe319939c7dc4a6ff691355a196da5f,True,hat,hat,1,"['it', 'does', 'not', 'have', 'a', 'logo', 'on', 'the', 'crown']",9,it does not have a logo on the crown,train,train,train,train,"[1, 23, 39, 40, 84, 26, 604, 20, 10, 606, 2, 0, 0, 0, 0, 0, 0, 0]",crown
133723,user_1529,The front of the brim isn't rounded.,3SNLUL3WO6G32HRWSMBVDQ42737LUZ,52.0,40f0c6599f0be25fce01c07526cf2aa4,cap,ShapeNet,e823673c1edd73fb97c426435543a860,cap,ShapeNet,False,cap/ShapeNet/e823673c1edd73fb97c426435543a860,cap/ShapeNet/40f0c6599f0be25fce01c07526cf2aa4,True,cap,cap,1,"['the', 'front', 'of', 'the', 'brim', 'is', 'not', 'rounded']",8,the front of the brim is not rounded,train,train,train,train,"[1, 10, 37, 38, 10, 601, 7, 40, 48, 2, 0, 0, 0, 0, 0, 0, 0, 0]",brim
133725,user_1633,The target's top is not floppy.,3JNQLM5FT6FUI5IU921P779AOBV2L3,27.0,8670ef4375bbb95568b8a8e5babef621,cap,PartNet,5f988e8af9ac5b873d1423abb84263f3,cap,PartNet,False,cap/PartNet/5f988e8af9ac5b873d1423abb84263f3,cap/PartNet/8670ef4375bbb95568b8a8e5babef621,True,hat,hat,1,"['the', 'target', ""'s"", 'top', 'is', 'not', 'floppy']",7,the target 's top is not floppy,train,train,train,train,"[1, 10, 11, 12, 99, 7, 40, 4598, 2, 0, 0, 0, 0, 0, 0, 0, 0, 0]",crown
133726,user_1644,It has a ball decoration on top of the crown.,3X31TUMD7ZFNTK0YQY1B2OZ5W60L1Q,98.0,8670ef4375bbb95568b8a8e5babef621,cap,PartNet,5f988e8af9ac5b873d1423abb84263f3,cap,PartNet,False,cap/PartNet/5f988e8af9ac5b873d1423abb84263f3,cap/PartNet/8670ef4375bbb95568b8a8e5babef621,True,hat,hat,1,"['it', 'has', 'a', 'ball', 'decoration', 'on', 'top', 'of', 'the', 'crown']",10,it has a ball decoration on top of the crown,train,train,train,train,"[1, 23, 24, 26, 668, 639, 20, 99, 38, 10, 606, 2, 0, 0, 0, 0, 0, 0]",crown
133727,user_2105,target has thicker brim,3YW4XOSQKSEQCANSZCTCTBVO9XJ1UQ,46.0,8670ef4375bbb95568b8a8e5babef621,cap,PartNet,5f988e8af9ac5b873d1423abb84263f3,cap,PartNet,False,cap/PartNet/5f988e8af9ac5b873d1423abb84263f3,cap/PartNet/8670ef4375bbb95568b8a8e5babef621,True,hat,hat,1,"['target', 'has', 'thick', '-er', 'brim']",5,target has thick -er brim,train,train,train,train,"[1, 11, 24, 54, 9, 601, 2, 0, 0, 0, 0, 0, 0, 0, 0, 0, 0, 0]",brim
133731,user_786,"Its brim is an fat octagonal torus, NOT a flat polygonal disk",3U088ZLJVMM3XPRFYT4DXUXBPKHW08,248.0,c68d509f6d2db0bab581cc9c4410f841,cap,PartNet,88adc86cf9004a01ed43c5a21cb8b385,cap,PartNet,False,cap/PartNet/88adc86cf9004a01ed43c5a21cb8b385,cap/PartNet/c68d509f6d2db0bab581cc9c4410f841,True,hat,hat,1,"['its', 'brim', 'is', 'an', 'fat', 'octagonal', 'torus', 'not', 'a', 'flat', 'polygonal', 'disk']",12,its brim is an fat octagonal torus not a flat polygonal disk,train,train,train,train,"[1, 5, 601, 7, 72, 866, 2016, 4606, 40, 26, 129, 663, 647, 2, 0, 0, 0, 0]",brim
133733,user_2105,target is triangular shaped crown,3ERET4BTVO2UYJLB9B432U495IQK92,49.0,c68d509f6d2db0bab581cc9c4410f841,cap,PartNet,88adc86cf9004a01ed43c5a21cb8b385,cap,PartNet,False,cap/PartNet/88adc86cf9004a01ed43c5a21cb8b385,cap/PartNet/c68d509f6d2db0bab581cc9c4410f841,True,hat,hat,1,"['target', 'is', 'triangular', 'shaped', 'crown']",5,target is triangular shaped crown,train,train,train,train,"[1, 11, 7, 564, 14, 606, 2, 0, 0, 0, 0, 0, 0, 0, 0, 0, 0, 0]",crown
133737,user_1143,The target has a brim,3P529IW9K0EEJZU6XXGWRQ3ZXF0LF6,32.0,c0e8723dcc5f948890f80ab08ae6ce2,cap,PartNet,47d8ea8d4f14119048908f59408795,cap,PartNet,False,cap/PartNet/47d8ea8d4f14119048908f59408795,cap/PartNet/c0e8723dcc5f948890f80ab08ae6ce2,False,hat,hat,1,"['the', 'target', 'has', 'a', 'brim']",5,the target has a brim,train,train,train,train,"[1, 10, 11, 24, 26, 601, 2, 0, 0, 0, 0, 0, 0, 0, 0, 0, 0, 0]",brim
133738,user_1633,The target is flat on top.,30OG32W0SW4C1LXVEZC5M0MOQ9KENI,19.0,c0e8723dcc5f948890f80ab08ae6ce2,cap,PartNet,47d8ea8d4f14119048908f59408795,cap,PartNet,False,cap/PartNet/47d8ea8d4f14119048908f59408795,cap/PartNet/c0e8723dcc5f948890f80ab08ae6ce2,False,hat,hat,1,"['the', 'target', 'is', 'flat', 'on', 'top']",6,the target is flat on top,train,train,train,train,"[1, 10, 11, 7, 129, 20, 99, 2, 0, 0, 0, 0, 0, 0, 0, 0, 0, 0]",crown
133739,user_1644,It does not have a button on top.,3EJJQNKU9TY90TGPX71SGNOBJNMHRC,37.0,c0e8723dcc5f948890f80ab08ae6ce2,cap,PartNet,47d8ea8d4f14119048908f59408795,cap,PartNet,False,cap/PartNet/47d8ea8d4f14119048908f59408795,cap/PartNet/c0e8723dcc5f948890f80ab08ae6ce2,False,hat,hat,1,"['it', 'does', 'not', 'have', 'a', 'button', 'on', 'top']",8,it does not have a button on top,train,train,train,train,"[1, 23, 39, 40, 84, 26, 596, 20, 99, 2, 0, 0, 0, 0, 0, 0, 0, 0]",crown
133740,user_1489,It has a narrow flat brim,3X4MXAO0BIHRXJBES6NSHQYYYBORWB,85.0,ed352b53b17b6119e762cf5917cef4ef,cap,ShapeNet,715964d98402b5c691f70edfed6ef8d,cap,PartNet,False,cap/PartNet/715964d98402b5c691f70edfed6ef8d,cap/ShapeNet/ed352b53b17b6119e762cf5917cef4ef,False,hat,cap,1,"['it', 'has', 'a', 'narrow', 'flat', 'brim']",6,it has a narrow flat brim,test,train,test,train,"[1, 23, 24, 26, 210, 129, 601, 2, 0, 0, 0, 0, 0, 0, 0, 0, 0, 0]",brim
133742,user_2105,target has smaller brim,3OF2M9AATIH94A3OD9Y2FI62KLWZKE,35.0,ed352b53b17b6119e762cf5917cef4ef,cap,ShapeNet,715964d98402b5c691f70edfed6ef8d,cap,PartNet,False,cap/PartNet/715964d98402b5c691f70edfed6ef8d,cap/ShapeNet/ed352b53b17b6119e762cf5917cef4ef,False,hat,cap,1,"['target', 'has', 'small', '-er', 'brim']",5,target has small -er brim,test,train,test,train,"[1, 11, 24, 111, 9, 601, 2, 0, 0, 0, 0, 0, 0, 0, 0, 0, 0, 0]",brim
133745,user_2105,target has button on top of crown,3TOK3KHVJVB9ARIXS6YCVFUCUXEO7G,29.0,aa9fa261b2643eec750b99f712bb1b4,cap,PartNet,6cfb76b40fc41da2a6e67635b9d1cee5,cap,ShapeNet,False,cap/ShapeNet/6cfb76b40fc41da2a6e67635b9d1cee5,cap/PartNet/aa9fa261b2643eec750b99f712bb1b4,False,cap,hat,1,"['target', 'has', 'button', 'on', 'top', 'of', 'crown']",7,target has button on top of crown,train,train,train,train,"[1, 11, 24, 596, 20, 99, 38, 606, 2, 0, 0, 0, 0, 0, 0, 0, 0, 0]",crown
133747,user_1529,There is a bit of a border at the bottom of the crown.,3R08VXYT7EOHF0RZJSPMC97YXYJ7WF,102.0,6f93656d083e985465bae2cb33eb4baa,cap,ShapeNet,2854677f4c733bcc606dbe05096195ae,cap,PartNet,False,cap/PartNet/2854677f4c733bcc606dbe05096195ae,cap/ShapeNet/6f93656d083e985465bae2cb33eb4baa,True,hat,cap,1,"['there', 'is', 'a', 'bit', 'of', 'a', 'border', 'at', 'the', 'bottom', 'of', 'the', 'crown']",13,there is a bit of a border at the bottom of the crown,train,train,train,train,"[1, 15, 7, 26, 592, 38, 26, 772, 98, 10, 76, 38, 10, 606, 2, 0, 0, 0]",crown
133748,user_1644,The crown is smaller.,3R2UR8A0IC93P6OOAJ2APE70WP0OXG,76.0,6f93656d083e985465bae2cb33eb4baa,cap,ShapeNet,2854677f4c733bcc606dbe05096195ae,cap,PartNet,False,cap/PartNet/2854677f4c733bcc606dbe05096195ae,cap/ShapeNet/6f93656d083e985465bae2cb33eb4baa,True,hat,cap,1,"['the', 'crown', 'is', 'small', '-er']",5,the crown is small -er,train,train,train,train,"[1, 10, 606, 7, 111, 9, 2, 0, 0, 0, 0, 0, 0, 0, 0, 0, 0, 0]",crown
133750,user_1529,The crown has a larger flat part on the top.,3SKRO2GZ73KC9EIG5YPANOMQ7651KD,110.0,89717260f663fe13a9d8b37b5c73935c,cap,ShapeNet,a4f94067b0ec9608e762cf5917cef4ef,cap,ShapeNet,False,cap/ShapeNet/a4f94067b0ec9608e762cf5917cef4ef,cap/ShapeNet/89717260f663fe13a9d8b37b5c73935c,True,cap,cap,1,"['the', 'crown', 'has', 'a', 'large', '-er', 'flat', 'part', 'on', 'the', 'top']",11,the crown has a large -er flat part on the top,train,train,train,train,"[1, 10, 606, 24, 26, 94, 9, 129, 311, 20, 10, 99, 2, 0, 0, 0, 0, 0]",crown
133751,user_2105,target has larger button on crown,3R8YZBNQ9JBCV3VD7JQGKKPC9YCQ76,44.0,89717260f663fe13a9d8b37b5c73935c,cap,ShapeNet,a4f94067b0ec9608e762cf5917cef4ef,cap,ShapeNet,False,cap/ShapeNet/a4f94067b0ec9608e762cf5917cef4ef,cap/ShapeNet/89717260f663fe13a9d8b37b5c73935c,True,cap,cap,1,"['target', 'has', 'large', '-er', 'button', 'on', 'crown']",7,target has large -er button on crown,train,train,train,train,"[1, 11, 24, 94, 9, 596, 20, 606, 2, 0, 0, 0, 0, 0, 0, 0, 0, 0]",crown
133754,user_2105,target has ball on top of crown,3P59JYT76NDI1IQZIB3GTYJRIPP2TG,54.0,a0ab4dc115f1b4f3b26ac8618c0d5a9,cap,PartNet,bfdcb0d592aa35698b3247ca9bcd5b10,cap,PartNet,False,cap/PartNet/bfdcb0d592aa35698b3247ca9bcd5b10,cap/PartNet/a0ab4dc115f1b4f3b26ac8618c0d5a9,True,hat,hat,1,"['target', 'has', 'ball', 'on', 'top', 'of', 'crown']",7,target has ball on top of crown,train,train,train,train,"[1, 11, 24, 668, 20, 99, 38, 606, 2, 0, 0, 0, 0, 0, 0, 0, 0, 0]",crown
133755,user_920,The target's crown is cone shaped.,3PJUZCGDJ89A3IJA0M70CPVIAH689F,33.0,2854677f4c733bcc606dbe05096195ae,cap,PartNet,d5cdba69afacdbf19393051c3324a45f,cap,PartNet,False,cap/PartNet/d5cdba69afacdbf19393051c3324a45f,cap/PartNet/2854677f4c733bcc606dbe05096195ae,False,hat,hat,1,"['the', 'target', ""'s"", 'crown', 'is', 'cone', 'shaped']",7,the target 's crown is cone shaped,train,train,train,train,"[1, 10, 11, 12, 606, 7, 143, 14, 2, 0, 0, 0, 0, 0, 0, 0, 0, 0]",crown
133756,user_1644,The crown is taller.,3PQMUDRV7TZW3POQD2P427OZW31IIJ,14.0,2854677f4c733bcc606dbe05096195ae,cap,PartNet,d5cdba69afacdbf19393051c3324a45f,cap,PartNet,False,cap/PartNet/d5cdba69afacdbf19393051c3324a45f,cap/PartNet/2854677f4c733bcc606dbe05096195ae,False,hat,hat,1,"['the', 'crown', 'is', 'tall', '-er']",5,the crown is tall -er,train,train,train,train,"[1, 10, 606, 7, 53, 9, 2, 0, 0, 0, 0, 0, 0, 0, 0, 0, 0, 0]",crown
133759,user_1644,The crown has eyelets.,30BXRYBRP6QE8PXBW1BY3MWSB21HWF,22.0,6795f4e6300d5606e639776fc2bb6cca,cap,PartNet,40f0c6599f0be25fce01c07526cf2aa4,cap,ShapeNet,False,cap/ShapeNet/40f0c6599f0be25fce01c07526cf2aa4,cap/PartNet/6795f4e6300d5606e639776fc2bb6cca,False,cap,hat,1,"['the', 'crown', 'has', 'eyelets']",4,the crown has eyelets,train,train,train,train,"[1, 10, 606, 24, 750, 2, 0, 0, 0, 0, 0, 0, 0, 0, 0, 0, 0, 0]",crown
133761,user_203,The crown is not as tall.,3A4NIXBJ78SKP9MNJKK9MGN8UHSLMV,75.0,7b62c58f5911d1061737058619bcd307,cap,PartNet,5549d6cf8c5c7f1e886d6fb5acc5844b,cap,PartNet,False,cap/PartNet/5549d6cf8c5c7f1e886d6fb5acc5844b,cap/PartNet/7b62c58f5911d1061737058619bcd307,True,hat,hat,1,"['the', 'crown', 'is', 'not', 'as', 'tall']",6,the crown is not as tall,train,train,train,train,"[1, 10, 606, 7, 40, 52, 53, 2, 0, 0, 0, 0, 0, 0, 0, 0, 0, 0]",crown
133762,user_786,Its crown is less tall,33IZTU6J83UINYGHH0JJ9JH1TE3SXH,32.0,7b62c58f5911d1061737058619bcd307,cap,PartNet,5549d6cf8c5c7f1e886d6fb5acc5844b,cap,PartNet,False,cap/PartNet/5549d6cf8c5c7f1e886d6fb5acc5844b,cap/PartNet/7b62c58f5911d1061737058619bcd307,True,hat,hat,1,"['its', 'crown', 'is', 'less', 'tall']",5,its crown is less tall,train,train,train,train,"[1, 5, 606, 7, 229, 53, 2, 0, 0, 0, 0, 0, 0, 0, 0, 0, 0, 0]",crown
133763,user_1644,The brim is not as wide.,3LRLIPTPES2832VG1HI3YPFTBZLKAS,38.0,7b62c58f5911d1061737058619bcd307,cap,PartNet,5549d6cf8c5c7f1e886d6fb5acc5844b,cap,PartNet,False,cap/PartNet/5549d6cf8c5c7f1e886d6fb5acc5844b,cap/PartNet/7b62c58f5911d1061737058619bcd307,True,hat,hat,1,"['the', 'brim', 'is', 'not', 'as', 'wide']",6,the brim is not as wide,train,train,train,train,"[1, 10, 601, 7, 40, 52, 83, 2, 0, 0, 0, 0, 0, 0, 0, 0, 0, 0]",brim
133765,user_920,The target does not have much of a crown to stay on the head.,3OHYZ19UGEYRTTGVZ9AW56W2V4SAOZ,53.0,89717260f663fe13a9d8b37b5c73935c,cap,ShapeNet,1655aeff6e4ec121bfedd927d2c565df,cap,PartNet,False,cap/PartNet/1655aeff6e4ec121bfedd927d2c565df,cap/ShapeNet/89717260f663fe13a9d8b37b5c73935c,False,hat,cap,1,"['the', 'target', 'does', 'not', 'have', 'much', 'of', 'a', 'crown', 'to', 'stay', 'on', 'the', 'head']",14,the target does not have much of a crown to stay on the head,train,train,train,train,"[1, 10, 11, 39, 40, 84, 59, 38, 26, 606, 58, 4608, 20, 10, 107, 2, 0, 0]",crown
133766,user_1644,The brim is wider.,358010RM5GMYFQXLBVOOK618SIXVXP,47.0,89717260f663fe13a9d8b37b5c73935c,cap,ShapeNet,1655aeff6e4ec121bfedd927d2c565df,cap,PartNet,False,cap/PartNet/1655aeff6e4ec121bfedd927d2c565df,cap/ShapeNet/89717260f663fe13a9d8b37b5c73935c,False,hat,cap,1,"['the', 'brim', 'is', 'wide', '-er']",5,the brim is wide -er,train,train,train,train,"[1, 10, 601, 7, 83, 9, 2, 0, 0, 0, 0, 0, 0, 0, 0, 0, 0, 0]",brim
133770,user_677,Its visor stretches to the top of the hat.,3IQ1VMJRYVDOM6CPXKRE8G1D06EA9V,109.0,e823673c1edd73fb97c426435543a860,cap,ShapeNet,be6604a272cf945bf691615c36cac509,cap,ShapeNet,False,cap/ShapeNet/be6604a272cf945bf691615c36cac509,cap/ShapeNet/e823673c1edd73fb97c426435543a860,True,cap,cap,1,"['its', 'visor', 'stretches', 'to', 'the', 'top', 'of', 'the', 'hat']",9,its visor stretches to the top of the hat,train,train,train,train,"[1, 5, 605, 1707, 58, 10, 99, 38, 10, 602, 2, 0, 0, 0, 0, 0, 0, 0]",crown
133773,user_786,"Its crown's top 2/3 is a hemisphere, NOT the top 5/6.",3BEFOD78W8MOR1F2DSLS0ZLX8UGM4K,104.0,9634ac7cd209cc7e230a4d129580843a,cap,PartNet,56bb0a2e6f729993fa5b6212657ae4a4,cap,PartNet,False,cap/PartNet/56bb0a2e6f729993fa5b6212657ae4a4,cap/PartNet/9634ac7cd209cc7e230a4d129580843a,True,hat,hat,1,"['its', 'crown', ""'s"", 'top', 'two', 'three', 'is', 'a', 'hemisphere', 'not', 'the', 'top', 'five', 'six']",14,its crown 's top two three is a hemisphere not the top five six,train,train,train,train,"[1, 5, 606, 12, 99, 17, 80, 7, 26, 689, 40, 10, 99, 953, 553, 2, 0, 0]",crown
133774,user_1143,The target has a brim around the entire hat,3IFS6Q0HJKCLX3RMIEJI69UM510SII,54.0,9634ac7cd209cc7e230a4d129580843a,cap,PartNet,56bb0a2e6f729993fa5b6212657ae4a4,cap,PartNet,False,cap/PartNet/56bb0a2e6f729993fa5b6212657ae4a4,cap/PartNet/9634ac7cd209cc7e230a4d129580843a,True,hat,hat,1,"['the', 'target', 'has', 'a', 'brim', 'around', 'the', 'entire', 'hat']",9,the target has a brim around the entire hat,train,train,train,train,"[1, 10, 11, 24, 26, 601, 239, 10, 516, 602, 2, 0, 0, 0, 0, 0, 0, 0]",brim
133775,user_1689,It has a round brim.,3PWWM24LHURZ3YYBFDSL22N44BU82L,38.0,9634ac7cd209cc7e230a4d129580843a,cap,PartNet,56bb0a2e6f729993fa5b6212657ae4a4,cap,PartNet,False,cap/PartNet/56bb0a2e6f729993fa5b6212657ae4a4,cap/PartNet/9634ac7cd209cc7e230a4d129580843a,True,hat,hat,1,"['it', 'has', 'a', 'round', 'brim']",5,it has a round brim,train,train,train,train,"[1, 23, 24, 26, 134, 601, 2, 0, 0, 0, 0, 0, 0, 0, 0, 0, 0, 0]",brim
133777,user_1644,The crown is not as pointed.,3HMVI3QICLL7TJ7X9DQ1WW115KKY19,61.0,c5d20fc28adf769b1802624b30ec569e,cap,PartNet,824e0bb9c53a50d27c010a074193cb9e,cap,PartNet,False,cap/PartNet/824e0bb9c53a50d27c010a074193cb9e,cap/PartNet/c5d20fc28adf769b1802624b30ec569e,True,hat,hat,1,"['the', 'crown', 'is', 'not', 'as', 'pointed']",6,the crown is not as pointed,train,train,train,train,"[1, 10, 606, 7, 40, 52, 387, 2, 0, 0, 0, 0, 0, 0, 0, 0, 0, 0]",crown
133778,user_2105,target has wider width crown,3SB5N7Y3O5X7031FJO0VBRBNVXF0G3,66.0,c5d20fc28adf769b1802624b30ec569e,cap,PartNet,824e0bb9c53a50d27c010a074193cb9e,cap,PartNet,False,cap/PartNet/824e0bb9c53a50d27c010a074193cb9e,cap/PartNet/c5d20fc28adf769b1802624b30ec569e,True,hat,hat,1,"['target', 'has', 'wide', '-er', 'width', 'crown']",6,target has wide -er width crown,train,train,train,train,"[1, 11, 24, 83, 9, 358, 606, 2, 0, 0, 0, 0, 0, 0, 0, 0, 0, 0]",crown
133780,user_1644,It has a wide brim.,3PH3VY7DJNQ0ZAX52NH53T0X7SHWZJ,16.0,89717260f663fe13a9d8b37b5c73935c,cap,ShapeNet,77e819e803f1fa8b616c08e4715af963,cap,PartNet,False,cap/PartNet/77e819e803f1fa8b616c08e4715af963,cap/ShapeNet/89717260f663fe13a9d8b37b5c73935c,True,hat,cap,1,"['it', 'has', 'a', 'wide', 'brim']",5,it has a wide brim,train,train,train,train,"[1, 23, 24, 26, 83, 601, 2, 0, 0, 0, 0, 0, 0, 0, 0, 0, 0, 0]",brim
133785,user_203,The brim has a greater diameter.,384PI804XUUAQ8A6EOUC05UQJ7NS0R,164.0,bf120175fed89392954cc04e9b526b85,cap,PartNet,cdaccc660448206b108354aa2159bc1e,cap,PartNet,False,cap/PartNet/cdaccc660448206b108354aa2159bc1e,cap/PartNet/bf120175fed89392954cc04e9b526b85,True,hat,hat,1,"['the', 'brim', 'has', 'a', 'great', '-er', 'diameter']",7,the brim has a great -er diameter,train,train,train,train,"[1, 10, 601, 24, 26, 188, 9, 268, 2, 0, 0, 0, 0, 0, 0, 0, 0, 0]",brim
133787,user_1964,"the crown points straight up, it is not angled",3ATTHHXXWCHTTKDLCOP55HBEKG1IXF,46.0,bf120175fed89392954cc04e9b526b85,cap,PartNet,cdaccc660448206b108354aa2159bc1e,cap,PartNet,False,cap/PartNet/cdaccc660448206b108354aa2159bc1e,cap/PartNet/bf120175fed89392954cc04e9b526b85,True,hat,hat,1,"['the', 'crown', 'points', 'straight', 'up', 'it', 'is', 'not', 'angled']",9,the crown points straight up it is not angled,train,train,train,train,"[1, 10, 606, 298, 114, 269, 23, 7, 40, 168, 2, 0, 0, 0, 0, 0, 0, 0]",crown
133791,user_615,the crown comes to a sharp point,3U5JL4WY5M2ZLDE6RZN1BG1VFZ94XX,81.0,a4ad860de76ad2b52a2d94519249662c,cap,PartNet,61aae9be231d6c263dc5b29818b9b22e,cap,PartNet,False,cap/PartNet/61aae9be231d6c263dc5b29818b9b22e,cap/PartNet/a4ad860de76ad2b52a2d94519249662c,False,hat,hat,1,"['the', 'crown', 'comes', 'to', 'a', 'sharp', 'point']",7,the crown comes to a sharp point,train,train,train,train,"[1, 10, 606, 88, 58, 26, 206, 412, 2, 0, 0, 0, 0, 0, 0, 0, 0, 0]",crown
133792,user_1644,The brim is wider.,3R5F3LQFV4DSU1O3B1QVMZNB4PYOZD,27.0,a4ad860de76ad2b52a2d94519249662c,cap,PartNet,61aae9be231d6c263dc5b29818b9b22e,cap,PartNet,False,cap/PartNet/61aae9be231d6c263dc5b29818b9b22e,cap/PartNet/a4ad860de76ad2b52a2d94519249662c,False,hat,hat,1,"['the', 'brim', 'is', 'wide', '-er']",5,the brim is wide -er,train,train,train,train,"[1, 10, 601, 7, 83, 9, 2, 0, 0, 0, 0, 0, 0, 0, 0, 0, 0, 0]",brim
133793,user_2105,target has greater depth brim,3VP0C6EFSIP26OJGWGE7XX5B4MFM60,33.0,a4ad860de76ad2b52a2d94519249662c,cap,PartNet,61aae9be231d6c263dc5b29818b9b22e,cap,PartNet,False,cap/PartNet/61aae9be231d6c263dc5b29818b9b22e,cap/PartNet/a4ad860de76ad2b52a2d94519249662c,False,hat,hat,1,"['target', 'has', 'great', '-er', 'depth', 'brim']",6,target has great -er depth brim,train,train,train,train,"[1, 11, 24, 188, 9, 607, 601, 2, 0, 0, 0, 0, 0, 0, 0, 0, 0, 0]",brim
133794,user_786,Its brim cross section is a semicircle,3JCG6DTRV5JM1L0S3IZMKB67EO3QQ3,150.0,62d4f8a7a8a1dc619ba80f08c401fbed,cap,PartNet,6e983d20e0bf80296829cd4082fbdbdf,cap,ShapeNet,False,cap/ShapeNet/6e983d20e0bf80296829cd4082fbdbdf,cap/PartNet/62d4f8a7a8a1dc619ba80f08c401fbed,True,cap,hat,1,"['its', 'brim', 'cross', 'section', 'is', 'a', 'semicircle']",7,its brim cross section is a semicircle,train,train,train,train,"[1, 5, 601, 28, 354, 7, 26, 2469, 2, 0, 0, 0, 0, 0, 0, 0, 0, 0]",brim
133796,user_2105,target has circular shaped crown and not oval,3HWRJOOET7V9HYP0MVTRLUWUD90SEI,252.0,62d4f8a7a8a1dc619ba80f08c401fbed,cap,PartNet,6e983d20e0bf80296829cd4082fbdbdf,cap,ShapeNet,False,cap/ShapeNet/6e983d20e0bf80296829cd4082fbdbdf,cap/PartNet/62d4f8a7a8a1dc619ba80f08c401fbed,True,cap,hat,1,"['target', 'has', 'circular', 'shaped', 'crown', 'and', 'not', 'oval']",8,target has circular shaped crown and not oval,train,train,train,train,"[1, 11, 24, 102, 14, 606, 47, 40, 130, 2, 0, 0, 0, 0, 0, 0, 0, 0]",crown
133797,user_156,It has a circular brim.,3PMBY0YE29WCFL9NHYN5EBR108RC9P,42.0,deb19c41bc1e4ba5c8727b27ee96a4b7,cap,PartNet,8670ef4375bbb95568b8a8e5babef621,cap,PartNet,False,cap/PartNet/8670ef4375bbb95568b8a8e5babef621,cap/PartNet/deb19c41bc1e4ba5c8727b27ee96a4b7,False,hat,hat,1,"['it', 'has', 'a', 'circular', 'brim']",5,it has a circular brim,train,train,train,train,"[1, 23, 24, 26, 102, 601, 2, 0, 0, 0, 0, 0, 0, 0, 0, 0, 0, 0]",brim
133798,user_1644,The top of the hat is not square.,39LNWE0K4WP1CGJQ7JEILACAQZ4IU9,64.0,deb19c41bc1e4ba5c8727b27ee96a4b7,cap,PartNet,8670ef4375bbb95568b8a8e5babef621,cap,PartNet,False,cap/PartNet/8670ef4375bbb95568b8a8e5babef621,cap/PartNet/deb19c41bc1e4ba5c8727b27ee96a4b7,False,hat,hat,1,"['the', 'top', 'of', 'the', 'hat', 'is', 'not', 'square']",8,the top of the hat is not square,train,train,train,train,"[1, 10, 99, 38, 10, 602, 7, 40, 50, 2, 0, 0, 0, 0, 0, 0, 0, 0]",crown
133799,user_2105,target has brim around bottom of the hat,3F1567XTNYYG9MJ6MGO0YGGI4OZ9Q0,142.0,deb19c41bc1e4ba5c8727b27ee96a4b7,cap,PartNet,8670ef4375bbb95568b8a8e5babef621,cap,PartNet,False,cap/PartNet/8670ef4375bbb95568b8a8e5babef621,cap/PartNet/deb19c41bc1e4ba5c8727b27ee96a4b7,False,hat,hat,1,"['target', 'has', 'brim', 'around', 'bottom', 'of', 'the', 'hat']",8,target has brim around bottom of the hat,train,train,train,train,"[1, 11, 24, 601, 239, 76, 38, 10, 602, 2, 0, 0, 0, 0, 0, 0, 0, 0]",brim
133800,user_786,Its brim goes around the entire hat,3FDJT1UU761BXWJZ6LRMQEZ7JLG5K3,33.0,5a5c976be7015447f0d11ae402ef940e,cap,PartNet,e255ff4ea19d21c06fc9a18d280b1515,cap,PartNet,False,cap/PartNet/e255ff4ea19d21c06fc9a18d280b1515,cap/PartNet/5a5c976be7015447f0d11ae402ef940e,False,hat,hat,1,"['its', 'brim', 'goes', 'around', 'the', 'entire', 'hat']",7,its brim goes around the entire hat,test,train,test,train,"[1, 5, 601, 394, 239, 10, 516, 602, 2, 0, 0, 0, 0, 0, 0, 0, 0, 0]",brim
133806,user_786,"It has a brim around the entire hat, NOT a front-only visor",3WLEIWSYHQASW9Z4IHMRFFG37VSH2J,109.0,fe319939c7dc4a6ff691355a196da5f,cap,PartNet,4c818a2a478b13db1e4e75745130e652,cap,PartNet,False,cap/PartNet/4c818a2a478b13db1e4e75745130e652,cap/PartNet/fe319939c7dc4a6ff691355a196da5f,False,hat,hat,1,"['it', 'has', 'a', 'brim', 'around', 'the', 'entire', 'hat', 'not', 'a', 'front', 'only', 'visor']",13,it has a brim around the entire hat not a front only visor,train,train,train,train,"[1, 23, 24, 26, 601, 239, 10, 516, 602, 40, 26, 37, 133, 605, 2, 0, 0, 0]",brim
133807,user_1644,The crown is taller.,3OF2M9AATIH94A3OD9Y2FI62KKSKZT,20.0,fe319939c7dc4a6ff691355a196da5f,cap,PartNet,4c818a2a478b13db1e4e75745130e652,cap,PartNet,False,cap/PartNet/4c818a2a478b13db1e4e75745130e652,cap/PartNet/fe319939c7dc4a6ff691355a196da5f,False,hat,hat,1,"['the', 'crown', 'is', 'tall', '-er']",5,the crown is tall -er,train,train,train,train,"[1, 10, 606, 7, 53, 9, 2, 0, 0, 0, 0, 0, 0, 0, 0, 0, 0, 0]",crown
133808,user_1689,It has a round brim.,3SB5N7Y3O5X7031FJO0VBRBNVWNG0P,181.0,fe319939c7dc4a6ff691355a196da5f,cap,PartNet,4c818a2a478b13db1e4e75745130e652,cap,PartNet,False,cap/PartNet/4c818a2a478b13db1e4e75745130e652,cap/PartNet/fe319939c7dc4a6ff691355a196da5f,False,hat,hat,1,"['it', 'has', 'a', 'round', 'brim']",5,it has a round brim,train,train,train,train,"[1, 23, 24, 26, 134, 601, 2, 0, 0, 0, 0, 0, 0, 0, 0, 0, 0, 0]",brim
133809,user_203,The crown is taller.,3VNL7UK1XHC22C2B66INDHDGRTUTFR,61.0,1655aeff6e4ec121bfedd927d2c565df,cap,PartNet,288e11d15d927943068951f59ff267e,cap,PartNet,False,cap/PartNet/288e11d15d927943068951f59ff267e,cap/PartNet/1655aeff6e4ec121bfedd927d2c565df,False,hat,hat,1,"['the', 'crown', 'is', 'tall', '-er']",5,the crown is tall -er,train,train,train,train,"[1, 10, 606, 7, 53, 9, 2, 0, 0, 0, 0, 0, 0, 0, 0, 0, 0, 0]",crown
133810,user_1644,It does not have a wide brim.,388U7OUMF9UYPTATZZU7AVPUX500R7,31.0,1655aeff6e4ec121bfedd927d2c565df,cap,PartNet,288e11d15d927943068951f59ff267e,cap,PartNet,False,cap/PartNet/288e11d15d927943068951f59ff267e,cap/PartNet/1655aeff6e4ec121bfedd927d2c565df,False,hat,hat,1,"['it', 'does', 'not', 'have', 'a', 'wide', 'brim']",7,it does not have a wide brim,train,train,train,train,"[1, 23, 39, 40, 84, 26, 83, 601, 2, 0, 0, 0, 0, 0, 0, 0, 0, 0]",brim
133811,user_1689,Its has a taller and bigger crown.,3VE8AYVF8OQJ4SAN387SMLHTDFZF8C,187.0,1655aeff6e4ec121bfedd927d2c565df,cap,PartNet,288e11d15d927943068951f59ff267e,cap,PartNet,False,cap/PartNet/288e11d15d927943068951f59ff267e,cap/PartNet/1655aeff6e4ec121bfedd927d2c565df,False,hat,hat,1,"['its', 'has', 'a', 'tall', '-er', 'and', 'big', '-er', 'crown']",9,its has a tall -er and big -er crown,train,train,train,train,"[1, 5, 24, 26, 53, 9, 47, 320, 9, 606, 2, 0, 0, 0, 0, 0, 0, 0]",crown
133816,user_1633,The target has a button on top.,3Q8GYXHFERVTEY7BE8AO2VMZEC75CQ,21.0,dc06523b3413d01d3ead562a41d49338,cap,PartNet,9634ac7cd209cc7e230a4d129580843a,cap,PartNet,False,cap/PartNet/9634ac7cd209cc7e230a4d129580843a,cap/PartNet/dc06523b3413d01d3ead562a41d49338,True,hat,hat,1,"['the', 'target', 'has', 'a', 'button', 'on', 'top']",7,the target has a button on top,train,train,train,train,"[1, 10, 11, 24, 26, 596, 20, 99, 2, 0, 0, 0, 0, 0, 0, 0, 0, 0]",crown
133817,user_1644,The crown is taller.,3LYA37P8ISGDMC087VIZT0ZZTH6KBN,14.0,dc06523b3413d01d3ead562a41d49338,cap,PartNet,9634ac7cd209cc7e230a4d129580843a,cap,PartNet,False,cap/PartNet/9634ac7cd209cc7e230a4d129580843a,cap/PartNet/dc06523b3413d01d3ead562a41d49338,True,hat,hat,1,"['the', 'crown', 'is', 'tall', '-er']",5,the crown is tall -er,train,train,train,train,"[1, 10, 606, 7, 53, 9, 2, 0, 0, 0, 0, 0, 0, 0, 0, 0, 0, 0]",crown
133820,user_2105,target has no button on top of crown,3VAR3R6G1RUDA5NG2BQI9FQ75HIO81,33.0,40f0c6599f0be25fce01c07526cf2aa4,cap,ShapeNet,dc06523b3413d01d3ead562a41d49338,cap,PartNet,False,cap/PartNet/dc06523b3413d01d3ead562a41d49338,cap/ShapeNet/40f0c6599f0be25fce01c07526cf2aa4,True,hat,cap,1,"['target', 'has', 'no', 'button', 'on', 'top', 'of', 'crown']",8,target has no button on top of crown,train,train,train,train,"[1, 11, 24, 123, 596, 20, 99, 38, 606, 2, 0, 0, 0, 0, 0, 0, 0, 0]",crown
133822,user_786,Its crown's front center does NOT have a raised logo,3NPI0JQDAQYETPR5K9ESPBRKTYBTPM,93.0,3b0a1a20ef0ce1a34c90f2ddc14dc59b,cap,ShapeNet,c0e8723dcc5f948890f80ab08ae6ce2,cap,PartNet,False,cap/PartNet/c0e8723dcc5f948890f80ab08ae6ce2,cap/ShapeNet/3b0a1a20ef0ce1a34c90f2ddc14dc59b,True,hat,cap,1,"['its', 'crown', ""'s"", 'front', 'center', 'does', 'not', 'have', 'a', 'raised', 'logo']",11,its crown 's front center does not have a raised logo,train,train,train,train,"[1, 5, 606, 12, 37, 165, 39, 40, 84, 26, 681, 604, 2, 0, 0, 0, 0, 0]",crown
133823,user_1633,The target has a smaller brim.,3OJSZ2ATDUPN2HCFNR2DM9ULD1G57X,22.0,3b0a1a20ef0ce1a34c90f2ddc14dc59b,cap,ShapeNet,c0e8723dcc5f948890f80ab08ae6ce2,cap,PartNet,False,cap/PartNet/c0e8723dcc5f948890f80ab08ae6ce2,cap/ShapeNet/3b0a1a20ef0ce1a34c90f2ddc14dc59b,True,hat,cap,1,"['the', 'target', 'has', 'a', 'small', '-er', 'brim']",7,the target has a small -er brim,train,train,train,train,"[1, 10, 11, 24, 26, 111, 9, 601, 2, 0, 0, 0, 0, 0, 0, 0, 0, 0]",brim
133824,user_677,Its crown is taller.,3CN4LGXD5ZHOLI4GWV93UU84H534Y3,218.0,b9be3ecb04284bebdde3c649189c2dd4,cap,PartNet,223e336d3f1490e4ecaafbe064b13083,cap,PartNet,False,cap/PartNet/223e336d3f1490e4ecaafbe064b13083,cap/PartNet/b9be3ecb04284bebdde3c649189c2dd4,True,hat,hat,1,"['its', 'crown', 'is', 'tall', '-er']",5,its crown is tall -er,test,train,test,train,"[1, 5, 606, 7, 53, 9, 2, 0, 0, 0, 0, 0, 0, 0, 0, 0, 0, 0]",crown
133825,user_1644,The brim is thinner.,3NJM2BJS4YZX78PUYNJ201RG5C8PCW,57.0,b9be3ecb04284bebdde3c649189c2dd4,cap,PartNet,223e336d3f1490e4ecaafbe064b13083,cap,PartNet,False,cap/PartNet/223e336d3f1490e4ecaafbe064b13083,cap/PartNet/b9be3ecb04284bebdde3c649189c2dd4,True,hat,hat,1,"['the', 'brim', 'is', 'thin', '-er']",5,the brim is thin -er,test,train,test,train,"[1, 10, 601, 7, 60, 9, 2, 0, 0, 0, 0, 0, 0, 0, 0, 0, 0, 0]",brim
133826,user_2105,target has thinner brim,33IZTU6J83UINYGHH0JJ9JH1TFCXSX,59.0,b9be3ecb04284bebdde3c649189c2dd4,cap,PartNet,223e336d3f1490e4ecaafbe064b13083,cap,PartNet,False,cap/PartNet/223e336d3f1490e4ecaafbe064b13083,cap/PartNet/b9be3ecb04284bebdde3c649189c2dd4,True,hat,hat,1,"['target', 'has', 'thin', '-er', 'brim']",5,target has thin -er brim,test,train,test,train,"[1, 11, 24, 60, 9, 601, 2, 0, 0, 0, 0, 0, 0, 0, 0, 0, 0, 0]",brim
133830,user_1633,"The target has a visor, not a brim.",39LOEL67OUYOOGUUJD6QLCSWAPV83X,29.0,f649b3afc815fff1e657bffb92fd93ce,cap,PartNet,4bd0b6df02772d8f59c9250a427b57f,cap,ShapeNet,False,cap/ShapeNet/4bd0b6df02772d8f59c9250a427b57f,cap/PartNet/f649b3afc815fff1e657bffb92fd93ce,False,cap,hat,1,"['the', 'target', 'has', 'a', 'visor', 'not', 'a', 'brim']",8,the target has a visor not a brim,test,train,test,train,"[1, 10, 11, 24, 26, 605, 40, 26, 601, 2, 0, 0, 0, 0, 0, 0, 0, 0]",brim
133831,user_1644,It's not a top hat.,3SLE99ER0P68B7ZU7WL9GFNCXQGBZX,12.0,f649b3afc815fff1e657bffb92fd93ce,cap,PartNet,4bd0b6df02772d8f59c9250a427b57f,cap,ShapeNet,False,cap/ShapeNet/4bd0b6df02772d8f59c9250a427b57f,cap/PartNet/f649b3afc815fff1e657bffb92fd93ce,False,cap,hat,1,"['it', 'is', 'not', 'a', 'top', 'hat']",6,it is not a top hat,test,train,test,train,"[1, 23, 7, 40, 26, 99, 602, 2, 0, 0, 0, 0, 0, 0, 0, 0, 0, 0]",crown
133832,user_2105,target has visor not brim,3N1FSUEFL7TLN79P0ZMPH9Y3ZHG4DE,29.0,f649b3afc815fff1e657bffb92fd93ce,cap,PartNet,4bd0b6df02772d8f59c9250a427b57f,cap,ShapeNet,False,cap/ShapeNet/4bd0b6df02772d8f59c9250a427b57f,cap/PartNet/f649b3afc815fff1e657bffb92fd93ce,False,cap,hat,1,"['target', 'has', 'visor', 'not', 'brim']",5,target has visor not brim,test,train,test,train,"[1, 11, 24, 605, 40, 601, 2, 0, 0, 0, 0, 0, 0, 0, 0, 0, 0, 0]",brim
133834,user_786,Its crown's top has a larger diameter than the bottom,3AMYWKA6YDFQ6R4S9WTKP1UGZM9O6W,67.0,8338e10954ae6c5296b84415a3f1393b,cap,ShapeNet,f40b47fcbf83b962f0d11ae402ef940e,cap,ShapeNet,False,cap/ShapeNet/f40b47fcbf83b962f0d11ae402ef940e,cap/ShapeNet/8338e10954ae6c5296b84415a3f1393b,False,cap,cap,1,"['its', 'crown', ""'s"", 'top', 'has', 'a', 'large', '-er', 'diameter', 'than', 'the', 'bottom']",12,its crown 's top has a large -er diameter than the bottom,train,train,train,train,"[1, 5, 606, 12, 99, 24, 26, 94, 9, 268, 131, 10, 76, 2, 0, 0, 0, 0]",crown
133839,user_1633,"The target has a visor, not a brim.",3Q8GYXHFERVTEY7BE8AO2VMZEC7C5X,30.0,d0313cadc2b4b2cc1372a4afda9e2f07,cap,PartNet,3957332e2d23ff61ce2704286124606b,cap,ShapeNet,False,cap/ShapeNet/3957332e2d23ff61ce2704286124606b,cap/PartNet/d0313cadc2b4b2cc1372a4afda9e2f07,False,cap,hat,1,"['the', 'target', 'has', 'a', 'visor', 'not', 'a', 'brim']",8,the target has a visor not a brim,train,train,train,train,"[1, 10, 11, 24, 26, 605, 40, 26, 601, 2, 0, 0, 0, 0, 0, 0, 0, 0]",brim
133843,user_1644,It does not have wide brim.,3R9WASFE219YOOBACY75Z5EXCO7FZI,29.0,c68d509f6d2db0bab581cc9c4410f841,cap,PartNet,576d5a4b1d688680bed7e3eef8315549,cap,PartNet,False,cap/PartNet/576d5a4b1d688680bed7e3eef8315549,cap/PartNet/c68d509f6d2db0bab581cc9c4410f841,False,hat,hat,1,"['it', 'does', 'not', 'have', 'wide', 'brim']",6,it does not have wide brim,train,train,train,train,"[1, 23, 39, 40, 84, 83, 601, 2, 0, 0, 0, 0, 0, 0, 0, 0, 0, 0]",brim
133851,user_786,Its crown's front has a taller vertical section,33CID57106MJ3NEDD2FUQHE2UQ33LP,83.0,cfdd264126abf98d920db8ca8825dcda,cap,PartNet,afa620df377ea0cb84c9f423db9b48d7,cap,PartNet,False,cap/PartNet/afa620df377ea0cb84c9f423db9b48d7,cap/PartNet/cfdd264126abf98d920db8ca8825dcda,True,hat,hat,1,"['its', 'crown', ""'s"", 'front', 'has', 'a', 'tall', '-er', 'vertical', 'section']",10,its crown 's front has a tall -er vertical section,train,train,train,train,"[1, 5, 606, 12, 37, 24, 26, 53, 9, 283, 354, 2, 0, 0, 0, 0, 0, 0]",crown
133852,user_1529,The crown has a much larger height.,3L70J4KAZIF0PWP690WGUCK3RQJDA3,92.0,cfdd264126abf98d920db8ca8825dcda,cap,PartNet,afa620df377ea0cb84c9f423db9b48d7,cap,PartNet,False,cap/PartNet/afa620df377ea0cb84c9f423db9b48d7,cap/PartNet/cfdd264126abf98d920db8ca8825dcda,True,hat,hat,1,"['the', 'crown', 'has', 'a', 'much', 'large', '-er', 'height']",8,the crown has a much large -er height,train,train,train,train,"[1, 10, 606, 24, 26, 59, 94, 9, 117, 2, 0, 0, 0, 0, 0, 0, 0, 0]",crown
133853,user_2105,target has taller crown,39LOEL67OUYOOGUUJD6QLCSWAQ3382,147.0,cfdd264126abf98d920db8ca8825dcda,cap,PartNet,afa620df377ea0cb84c9f423db9b48d7,cap,PartNet,False,cap/PartNet/afa620df377ea0cb84c9f423db9b48d7,cap/PartNet/cfdd264126abf98d920db8ca8825dcda,True,hat,hat,1,"['target', 'has', 'tall', '-er', 'crown']",5,target has tall -er crown,train,train,train,train,"[1, 11, 24, 53, 9, 606, 2, 0, 0, 0, 0, 0, 0, 0, 0, 0, 0, 0]",crown
133856,user_2105,target has taller band on bottom of crown,3K3R2QNK8DW81FQN3P858HD779OU99,49.0,cfdd264126abf98d920db8ca8825dcda,cap,PartNet,2a46cf234503f21b3c91c1204c720f19,cap,PartNet,False,cap/PartNet/2a46cf234503f21b3c91c1204c720f19,cap/PartNet/cfdd264126abf98d920db8ca8825dcda,True,hat,hat,1,"['target', 'has', 'tall', '-er', 'band', 'on', 'bottom', 'of', 'crown']",9,target has tall -er band on bottom of crown,test,train,test,train,"[1, 11, 24, 53, 9, 347, 20, 76, 38, 606, 2, 0, 0, 0, 0, 0, 0, 0]",crown
133857,user_786,Its top is a big flat circle and does NOT have a ball,3GM6G9ZBKPQ88MUSSTM087XPOTXMTG,172.0,5f988e8af9ac5b873d1423abb84263f3,cap,PartNet,2935eced813475ffcd89d8aa7fd7b92c,cap,PartNet,False,cap/PartNet/2935eced813475ffcd89d8aa7fd7b92c,cap/PartNet/5f988e8af9ac5b873d1423abb84263f3,True,hat,hat,1,"['its', 'top', 'is', 'a', 'big', 'flat', 'circle', 'and', 'does', 'not', 'have', 'a', 'ball']",13,its top is a big flat circle and does not have a ball,train,train,train,train,"[1, 5, 99, 7, 26, 320, 129, 149, 47, 39, 40, 84, 26, 668, 2, 0, 0, 0]",crown
133859,user_1644,The crown is shorter.,3EG49X351W5D00IKANGG8EL9BP6X60,34.0,5f988e8af9ac5b873d1423abb84263f3,cap,PartNet,2935eced813475ffcd89d8aa7fd7b92c,cap,PartNet,False,cap/PartNet/2935eced813475ffcd89d8aa7fd7b92c,cap/PartNet/5f988e8af9ac5b873d1423abb84263f3,True,hat,hat,1,"['the', 'crown', 'is', 'short', '-er']",5,the crown is short -er,train,train,train,train,"[1, 10, 606, 7, 8, 9, 2, 0, 0, 0, 0, 0, 0, 0, 0, 0, 0, 0]",crown
133860,user_786,"Its crown's top profile is an irregular triangular rounded blob, NOT a circle",3A4TN5196MB5URR6FABXRSPPJM5HCS,137.0,6f93656d083e985465bae2cb33eb4baa,cap,ShapeNet,591262ba071ebd196c8bf2a864894125,cap,PartNet,False,cap/PartNet/591262ba071ebd196c8bf2a864894125,cap/ShapeNet/6f93656d083e985465bae2cb33eb4baa,True,hat,cap,1,"['its', 'crown', ""'s"", 'top', 'profile', 'is', 'an', 'irregular', 'triangular', 'rounded', 'blob', 'not', 'a', 'circle']",14,its crown 's top profile is an irregular triangular rounded blob not a circle,train,train,train,train,"[1, 5, 606, 12, 99, 658, 7, 72, 609, 564, 48, 2787, 40, 26, 149, 2, 0, 0]",crown
133863,user_786,It has a large flat circular surface at the top,3KWTYT0872WMH21HRL3N5ECM8LLL5M,78.0,1655aeff6e4ec121bfedd927d2c565df,cap,PartNet,ce9fbdd20598b670548ef619bebf2d75,cap,PartNet,False,cap/PartNet/ce9fbdd20598b670548ef619bebf2d75,cap/PartNet/1655aeff6e4ec121bfedd927d2c565df,False,hat,hat,1,"['it', 'has', 'a', 'large', 'flat', 'circular', 'surface', 'at', 'the', 'top']",10,it has a large flat circular surface at the top,train,train,train,train,"[1, 23, 24, 26, 94, 129, 102, 334, 98, 10, 99, 2, 0, 0, 0, 0, 0, 0]",crown
133864,user_1143,The target has no brim,3WT783CTPDAV3EOKFI115HMRO8UBCY,42.0,1655aeff6e4ec121bfedd927d2c565df,cap,PartNet,ce9fbdd20598b670548ef619bebf2d75,cap,PartNet,False,cap/PartNet/ce9fbdd20598b670548ef619bebf2d75,cap/PartNet/1655aeff6e4ec121bfedd927d2c565df,False,hat,hat,1,"['the', 'target', 'has', 'no', 'brim']",5,the target has no brim,train,train,train,train,"[1, 10, 11, 24, 123, 601, 2, 0, 0, 0, 0, 0, 0, 0, 0, 0, 0, 0]",brim
133865,user_2105,target has no brim,3Y9N9SS8L0405BQL0LH6746XLHLD33,46.0,1655aeff6e4ec121bfedd927d2c565df,cap,PartNet,ce9fbdd20598b670548ef619bebf2d75,cap,PartNet,False,cap/PartNet/ce9fbdd20598b670548ef619bebf2d75,cap/PartNet/1655aeff6e4ec121bfedd927d2c565df,False,hat,hat,1,"['target', 'has', 'no', 'brim']",4,target has no brim,train,train,train,train,"[1, 11, 24, 123, 601, 2, 0, 0, 0, 0, 0, 0, 0, 0, 0, 0, 0, 0]",brim
133866,user_677,The target's crown is bigger in diameter.,3PJ71Z61R6VSSIZP11YLXF8AWC819Y,70.0,233a6e7c31de58a33d4bab39ff8346fd,cap,PartNet,7b62c58f5911d1061737058619bcd307,cap,PartNet,False,cap/PartNet/7b62c58f5911d1061737058619bcd307,cap/PartNet/233a6e7c31de58a33d4bab39ff8346fd,True,hat,hat,1,"['the', 'target', ""'s"", 'crown', 'is', 'big', '-er', 'in', 'diameter']",9,the target 's crown is big -er in diameter,train,train,train,train,"[1, 10, 11, 12, 606, 7, 320, 9, 90, 268, 2, 0, 0, 0, 0, 0, 0, 0]",crown
133867,user_1633,The target's brim is not as wide.,3JBT3HLQFAVAF104Q13ABZS1EUYPZZ,22.0,233a6e7c31de58a33d4bab39ff8346fd,cap,PartNet,7b62c58f5911d1061737058619bcd307,cap,PartNet,False,cap/PartNet/7b62c58f5911d1061737058619bcd307,cap/PartNet/233a6e7c31de58a33d4bab39ff8346fd,True,hat,hat,1,"['the', 'target', ""'s"", 'brim', 'is', 'not', 'as', 'wide']",8,the target 's brim is not as wide,train,train,train,train,"[1, 10, 11, 12, 601, 7, 40, 52, 83, 2, 0, 0, 0, 0, 0, 0, 0, 0]",brim
133868,user_1644,The brim is thinner.,3E4GGUZ1TAKJYZ0CO2POS7WVZBT2K3,28.0,233a6e7c31de58a33d4bab39ff8346fd,cap,PartNet,7b62c58f5911d1061737058619bcd307,cap,PartNet,False,cap/PartNet/7b62c58f5911d1061737058619bcd307,cap/PartNet/233a6e7c31de58a33d4bab39ff8346fd,True,hat,hat,1,"['the', 'brim', 'is', 'thin', '-er']",5,the brim is thin -er,train,train,train,train,"[1, 10, 601, 7, 60, 9, 2, 0, 0, 0, 0, 0, 0, 0, 0, 0, 0, 0]",brim
133869,user_786,"Its crown flares out slightly at the bottom 1/4, with a less steep side angle",3VSOLARPKD2O2LD4O5C4L8N7UVE39I,113.0,81d58b65303dc155a8963fe61f2bc75f,cap,PartNet,b1701c999c33e44630c809a91a1466ef,cap,PartNet,False,cap/PartNet/b1701c999c33e44630c809a91a1466ef,cap/PartNet/81d58b65303dc155a8963fe61f2bc75f,False,hat,hat,1,"['its', 'crown', 'flares', 'out', 'slightly', 'at', 'the', 'bottom', 'one', 'four', 'with', 'a', 'less', 'steep', 'side', 'angle']",16,its crown flares out slightly at the bottom one four with a less steep side angle,test,train,test,train,"[1, 5, 606, 381, 89, 174, 98, 10, 76, 19, 322, 121, 26, 229, 742, 22, 106, 2]",crown
133875,user_90,It has a rounded brim,3JW0YLFXRV9W5FS0R0XY4P6FQQFWWV,90.0,77f97b18d27a8905afd2bc3942374579,cap,PartNet,8156dab09860124627526d19de7c3249,cap,PartNet,False,cap/PartNet/8156dab09860124627526d19de7c3249,cap/PartNet/77f97b18d27a8905afd2bc3942374579,True,hat,hat,1,"['it', 'has', 'a', 'rounded', 'brim']",5,it has a rounded brim,train,train,train,train,"[1, 23, 24, 26, 48, 601, 2, 0, 0, 0, 0, 0, 0, 0, 0, 0, 0, 0]",brim
133877,user_2105,target does not have flat brim,36V4Q8R5ZMTVG620BPS532M24NPMQV,54.0,77f97b18d27a8905afd2bc3942374579,cap,PartNet,8156dab09860124627526d19de7c3249,cap,PartNet,False,cap/PartNet/8156dab09860124627526d19de7c3249,cap/PartNet/77f97b18d27a8905afd2bc3942374579,True,hat,hat,1,"['target', 'does', 'not', 'have', 'flat', 'brim']",6,target does not have flat brim,train,train,train,train,"[1, 11, 39, 40, 84, 129, 601, 2, 0, 0, 0, 0, 0, 0, 0, 0, 0, 0]",brim
133881,user_1529,The brim isn't round.,3U4J9857OG4PRXTOO1TQPVUDNYVB7Z,157.0,f84abb697315dd7784c54dff812f6abb,cap,PartNet,6a0080b5908b06f93d73b22cbe25cea9,cap,PartNet,False,cap/PartNet/6a0080b5908b06f93d73b22cbe25cea9,cap/PartNet/f84abb697315dd7784c54dff812f6abb,False,hat,hat,1,"['the', 'brim', 'is', 'not', 'round']",5,the brim is not round,train,train,train,train,"[1, 10, 601, 7, 40, 134, 2, 0, 0, 0, 0, 0, 0, 0, 0, 0, 0, 0]",brim
133882,user_1644,The brim is shaped like a hexagon.,3Z4GS9HPNX32PLQYBKHAKT8H47F77I,39.0,f84abb697315dd7784c54dff812f6abb,cap,PartNet,6a0080b5908b06f93d73b22cbe25cea9,cap,PartNet,False,cap/PartNet/6a0080b5908b06f93d73b22cbe25cea9,cap/PartNet/f84abb697315dd7784c54dff812f6abb,False,hat,hat,1,"['the', 'brim', 'is', 'shaped', 'like', 'a', 'hexagon']",7,the brim is shaped like a hexagon,train,train,train,train,"[1, 10, 601, 7, 14, 35, 26, 246, 2, 0, 0, 0, 0, 0, 0, 0, 0, 0]",brim
133883,user_2105,target has hexagon shaped crown,31Z0PCVWUM8PNJN5ONKBPP0ZT5B7T1,66.0,f84abb697315dd7784c54dff812f6abb,cap,PartNet,6a0080b5908b06f93d73b22cbe25cea9,cap,PartNet,False,cap/PartNet/6a0080b5908b06f93d73b22cbe25cea9,cap/PartNet/f84abb697315dd7784c54dff812f6abb,False,hat,hat,1,"['target', 'has', 'hexagon', 'shaped', 'crown']",5,target has hexagon shaped crown,train,train,train,train,"[1, 11, 24, 246, 14, 606, 2, 0, 0, 0, 0, 0, 0, 0, 0, 0, 0, 0]",crown
133886,user_2105,target has full circle brim,3L4PIM1GQV9VMO6E775G2NJE9JNRY9,27.0,14df58bdedfbb41141edb96d309c9a23,cap,ShapeNet,ed352b53b17b6119e762cf5917cef4ef,cap,ShapeNet,False,cap/ShapeNet/ed352b53b17b6119e762cf5917cef4ef,cap/ShapeNet/14df58bdedfbb41141edb96d309c9a23,False,cap,cap,1,"['target', 'has', 'full', 'circle', 'brim']",5,target has full circle brim,train,train,train,train,"[1, 11, 24, 217, 149, 601, 2, 0, 0, 0, 0, 0, 0, 0, 0, 0, 0, 0]",brim
133887,user_203,The brim is not as tall.,3X66WABAJYB3HV0C2BIEDP9UY9HG3W,107.0,3f712e64c37ee460e4b30fdd654658ce,cap,PartNet,eec8c8ff8efdda0f86b5dc4d3f7cea94,cap,PartNet,False,cap/PartNet/eec8c8ff8efdda0f86b5dc4d3f7cea94,cap/PartNet/3f712e64c37ee460e4b30fdd654658ce,True,hat,hat,1,"['the', 'brim', 'is', 'not', 'as', 'tall']",6,the brim is not as tall,test,train,test,train,"[1, 10, 601, 7, 40, 52, 53, 2, 0, 0, 0, 0, 0, 0, 0, 0, 0, 0]",brim
133889,user_2105,target has brim,3R3YRB5GRHWM6Y0SVVM54CORDR6AU4,34.0,3f712e64c37ee460e4b30fdd654658ce,cap,PartNet,eec8c8ff8efdda0f86b5dc4d3f7cea94,cap,PartNet,False,cap/PartNet/eec8c8ff8efdda0f86b5dc4d3f7cea94,cap/PartNet/3f712e64c37ee460e4b30fdd654658ce,True,hat,hat,1,"['target', 'has', 'brim']",3,target has brim,test,train,test,train,"[1, 11, 24, 601, 2, 0, 0, 0, 0, 0, 0, 0, 0, 0, 0, 0, 0, 0]",brim
133890,user_1529,There are points going around the top.,33LKR6A5KGDBCX83Z732OF9MQI21TN,89.0,a444fff8c769de616a10eb60523df1e9,cap,ShapeNet,23d52d07b2bd7973cbb1d488e5017b1e,cap,PartNet,False,cap/PartNet/23d52d07b2bd7973cbb1d488e5017b1e,cap/ShapeNet/a444fff8c769de616a10eb60523df1e9,True,hat,cap,1,"['there', 'are', 'points', 'going', 'around', 'the', 'top']",7,there are points going around the top,train,train,train,train,"[1, 15, 16, 298, 701, 239, 10, 99, 2, 0, 0, 0, 0, 0, 0, 0, 0, 0]",crown
133891,user_1644,It is a crown.,384PI804XUUAQ8A6EOUC05UQJ7IS0M,19.0,a444fff8c769de616a10eb60523df1e9,cap,ShapeNet,23d52d07b2bd7973cbb1d488e5017b1e,cap,PartNet,False,cap/PartNet/23d52d07b2bd7973cbb1d488e5017b1e,cap/ShapeNet/a444fff8c769de616a10eb60523df1e9,True,hat,cap,1,"['it', 'is', 'a', 'crown']",4,it is a crown,train,train,train,train,"[1, 23, 7, 26, 606, 2, 0, 0, 0, 0, 0, 0, 0, 0, 0, 0, 0, 0]",crown
133892,user_1964,there is no button on top,338JKRMM28SH1CU8VWF6LXZ1JIEAHB,23.0,a444fff8c769de616a10eb60523df1e9,cap,ShapeNet,23d52d07b2bd7973cbb1d488e5017b1e,cap,PartNet,False,cap/PartNet/23d52d07b2bd7973cbb1d488e5017b1e,cap/ShapeNet/a444fff8c769de616a10eb60523df1e9,True,hat,cap,1,"['there', 'is', 'no', 'button', 'on', 'top']",6,there is no button on top,train,train,train,train,"[1, 15, 7, 123, 596, 20, 99, 2, 0, 0, 0, 0, 0, 0, 0, 0, 0, 0]",crown
133893,user_786,Its brim goes around the entire hat,3HPZF4IVNOMRGMHVPAFLDSKS9HBCYD,91.0,ad672c08a646c7419cd3f9e8648111d1,cap,PartNet,463013adc207ca16eb5d382c7eb13b28,cap,PartNet,False,cap/PartNet/463013adc207ca16eb5d382c7eb13b28,cap/PartNet/ad672c08a646c7419cd3f9e8648111d1,False,hat,hat,1,"['its', 'brim', 'goes', 'around', 'the', 'entire', 'hat']",7,its brim goes around the entire hat,train,train,train,train,"[1, 5, 601, 394, 239, 10, 516, 602, 2, 0, 0, 0, 0, 0, 0, 0, 0, 0]",brim
133894,user_1644,It has a brim.,3W8CV64QJ4S3WTK33Q16P2OHD1F9HG,46.0,ad672c08a646c7419cd3f9e8648111d1,cap,PartNet,463013adc207ca16eb5d382c7eb13b28,cap,PartNet,False,cap/PartNet/463013adc207ca16eb5d382c7eb13b28,cap/PartNet/ad672c08a646c7419cd3f9e8648111d1,False,hat,hat,1,"['it', 'has', 'a', 'brim']",4,it has a brim,train,train,train,train,"[1, 23, 24, 26, 601, 2, 0, 0, 0, 0, 0, 0, 0, 0, 0, 0, 0, 0]",brim
133895,user_2105,target does not have helicopter beanie top,3PWWM24LHURZ3YYBFDSL22N44CM289,59.0,ad672c08a646c7419cd3f9e8648111d1,cap,PartNet,463013adc207ca16eb5d382c7eb13b28,cap,PartNet,False,cap/PartNet/463013adc207ca16eb5d382c7eb13b28,cap/PartNet/ad672c08a646c7419cd3f9e8648111d1,False,hat,hat,1,"['target', 'does', 'not', 'have', 'helicopter', 'beanie', 'top']",7,target does not have helicopter beanie top,train,train,train,train,"[1, 11, 39, 40, 84, 773, 637, 99, 2, 0, 0, 0, 0, 0, 0, 0, 0, 0]",crown
133896,user_203,There is no decoration on top of the crown.,35K3O9HUAD60DTKEGBTSEVDFOJ6FEM,96.0,8b2951e32e0906bb5f6cb4951755315c,cap,ShapeNet,b9c7e3530d7128abf0d11ae402ef940e,cap,PartNet,False,cap/PartNet/b9c7e3530d7128abf0d11ae402ef940e,cap/ShapeNet/8b2951e32e0906bb5f6cb4951755315c,True,hat,cap,1,"['there', 'is', 'no', 'decoration', 'on', 'top', 'of', 'the', 'crown']",9,there is no decoration on top of the crown,train,train,train,train,"[1, 15, 7, 123, 639, 20, 99, 38, 10, 606, 2, 0, 0, 0, 0, 0, 0, 0]",crown
133897,user_1644,It does not have an ornate design on top of the crown.,35L9RVQFCQB1GL8611WXLYBVQL5UH6,136.0,8b2951e32e0906bb5f6cb4951755315c,cap,ShapeNet,b9c7e3530d7128abf0d11ae402ef940e,cap,PartNet,False,cap/PartNet/b9c7e3530d7128abf0d11ae402ef940e,cap/ShapeNet/8b2951e32e0906bb5f6cb4951755315c,True,hat,cap,1,"['it', 'does', 'not', 'have', 'an', 'ornate', 'design', 'on', 'top', 'of', 'the', 'crown']",12,it does not have an ornate design on top of the crown,train,train,train,train,"[1, 23, 39, 40, 84, 72, 191, 192, 20, 99, 38, 10, 606, 2, 0, 0, 0, 0]",crown
133899,user_786,Its brim is wider,3018Q3ZVOKJUQ68BR1R0Z1176RBRAO,68.0,6795f4e6300d5606e639776fc2bb6cca,cap,PartNet,26ded18f7b1ad4c83a444f07ecb8c124,cap,PartNet,False,cap/PartNet/26ded18f7b1ad4c83a444f07ecb8c124,cap/PartNet/6795f4e6300d5606e639776fc2bb6cca,False,hat,hat,1,"['its', 'brim', 'is', 'wide', '-er']",5,its brim is wide -er,train,train,train,train,"[1, 5, 601, 7, 83, 9, 2, 0, 0, 0, 0, 0, 0, 0, 0, 0, 0, 0]",brim
133900,user_1633,The target is pointed at the top.,30BUDKLTXFO8BWRPAZGJSJM2ZOOE5W,23.0,6795f4e6300d5606e639776fc2bb6cca,cap,PartNet,26ded18f7b1ad4c83a444f07ecb8c124,cap,PartNet,False,cap/PartNet/26ded18f7b1ad4c83a444f07ecb8c124,cap/PartNet/6795f4e6300d5606e639776fc2bb6cca,False,hat,hat,1,"['the', 'target', 'is', 'pointed', 'at', 'the', 'top']",7,the target is pointed at the top,train,train,train,train,"[1, 10, 11, 7, 387, 98, 10, 99, 2, 0, 0, 0, 0, 0, 0, 0, 0, 0]",crown
133901,user_1644,The brim is wider.,36DSNE9QZ7R2UMJZTFN9Y5ZLLRLOJS,22.0,6795f4e6300d5606e639776fc2bb6cca,cap,PartNet,26ded18f7b1ad4c83a444f07ecb8c124,cap,PartNet,False,cap/PartNet/26ded18f7b1ad4c83a444f07ecb8c124,cap/PartNet/6795f4e6300d5606e639776fc2bb6cca,False,hat,hat,1,"['the', 'brim', 'is', 'wide', '-er']",5,the brim is wide -er,train,train,train,train,"[1, 10, 601, 7, 83, 9, 2, 0, 0, 0, 0, 0, 0, 0, 0, 0, 0, 0]",brim
133905,user_786,Its brim is wider,3NLZY2D53RIBAOKFBDRQ3P7D4H8LQZ,61.0,d243dfb497b2a51bf784e4a55df53109,cap,PartNet,3d8381bbd02ff8e23a579c3371197382,cap,PartNet,False,cap/PartNet/3d8381bbd02ff8e23a579c3371197382,cap/PartNet/d243dfb497b2a51bf784e4a55df53109,True,hat,hat,1,"['its', 'brim', 'is', 'wide', '-er']",5,its brim is wide -er,train,train,train,train,"[1, 5, 601, 7, 83, 9, 2, 0, 0, 0, 0, 0, 0, 0, 0, 0, 0, 0]",brim
133906,user_1644,The brim is wider.,36W0OB37HY7I2K2G7OV52QQAS3KZH0,21.0,d243dfb497b2a51bf784e4a55df53109,cap,PartNet,3d8381bbd02ff8e23a579c3371197382,cap,PartNet,False,cap/PartNet/3d8381bbd02ff8e23a579c3371197382,cap/PartNet/d243dfb497b2a51bf784e4a55df53109,True,hat,hat,1,"['the', 'brim', 'is', 'wide', '-er']",5,the brim is wide -er,train,train,train,train,"[1, 10, 601, 7, 83, 9, 2, 0, 0, 0, 0, 0, 0, 0, 0, 0, 0, 0]",brim
133907,user_1964,the top is smaller in surface area,33TIN5LC063PIOASDQ5UB2JK3W8Y9I,50.0,d243dfb497b2a51bf784e4a55df53109,cap,PartNet,3d8381bbd02ff8e23a579c3371197382,cap,PartNet,False,cap/PartNet/3d8381bbd02ff8e23a579c3371197382,cap/PartNet/d243dfb497b2a51bf784e4a55df53109,True,hat,hat,1,"['the', 'top', 'is', 'small', '-er', 'in', 'surface', 'area']",8,the top is small -er in surface area,train,train,train,train,"[1, 10, 99, 7, 111, 9, 90, 334, 590, 2, 0, 0, 0, 0, 0, 0, 0, 0]",crown
133908,user_203,The brim has a larger diameter.,3L0KT67Y8G97N36RMW5LSXOAVLDSY5,60.0,233a6e7c31de58a33d4bab39ff8346fd,cap,PartNet,b0b7e7e0e34b4f79487003545673a337,cap,PartNet,False,cap/PartNet/b0b7e7e0e34b4f79487003545673a337,cap/PartNet/233a6e7c31de58a33d4bab39ff8346fd,True,hat,hat,1,"['the', 'brim', 'has', 'a', 'large', '-er', 'diameter']",7,the brim has a large -er diameter,train,train,train,train,"[1, 10, 601, 24, 26, 94, 9, 268, 2, 0, 0, 0, 0, 0, 0, 0, 0, 0]",brim
133909,user_786,Its brim is wider,3TVRFO09GM8VJLLRXRMIXX361KVLXW,38.0,233a6e7c31de58a33d4bab39ff8346fd,cap,PartNet,b0b7e7e0e34b4f79487003545673a337,cap,PartNet,False,cap/PartNet/b0b7e7e0e34b4f79487003545673a337,cap/PartNet/233a6e7c31de58a33d4bab39ff8346fd,True,hat,hat,1,"['its', 'brim', 'is', 'wide', '-er']",5,its brim is wide -er,train,train,train,train,"[1, 5, 601, 7, 83, 9, 2, 0, 0, 0, 0, 0, 0, 0, 0, 0, 0, 0]",brim
133910,user_920,The target's brim is thinner.,3VD82FOHKSHFM8DTJN6NB1MQV7DCO3,85.0,233a6e7c31de58a33d4bab39ff8346fd,cap,PartNet,b0b7e7e0e34b4f79487003545673a337,cap,PartNet,False,cap/PartNet/b0b7e7e0e34b4f79487003545673a337,cap/PartNet/233a6e7c31de58a33d4bab39ff8346fd,True,hat,hat,1,"['the', 'target', ""'s"", 'brim', 'is', 'thin', '-er']",7,the target 's brim is thin -er,train,train,train,train,"[1, 10, 11, 12, 601, 7, 60, 9, 2, 0, 0, 0, 0, 0, 0, 0, 0, 0]",brim
133915,user_786,It does NOT have a large rectangle above the crown,3EFE17QCREYL18G2CW1X6XT75OKSHO,101.0,deb19c41bc1e4ba5c8727b27ee96a4b7,cap,PartNet,47d13a0b345864a7f72b7502ead7387b,cap,PartNet,False,cap/PartNet/47d13a0b345864a7f72b7502ead7387b,cap/PartNet/deb19c41bc1e4ba5c8727b27ee96a4b7,True,hat,hat,1,"['it', 'does', 'not', 'have', 'a', 'large', 'rectangle', 'above', 'the', 'crown']",10,it does not have a large rectangle above the crown,train,train,train,train,"[1, 23, 39, 40, 84, 26, 94, 425, 346, 10, 606, 2, 0, 0, 0, 0, 0, 0]",crown
133916,user_1529,The crown is conpletely round with no visor.,3IXEICO794C6JJ905DFJJB03YTI6TQ,196.0,deb19c41bc1e4ba5c8727b27ee96a4b7,cap,PartNet,47d13a0b345864a7f72b7502ead7387b,cap,PartNet,False,cap/PartNet/47d13a0b345864a7f72b7502ead7387b,cap/PartNet/deb19c41bc1e4ba5c8727b27ee96a4b7,True,hat,hat,1,"['the', 'crown', 'is', 'completely', 'round', 'with', 'no', 'visor']",8,the crown is completely round with no visor,train,train,train,train,"[1, 10, 606, 7, 169, 134, 121, 123, 605, 2, 0, 0, 0, 0, 0, 0, 0, 0]",crown
133917,user_90,It has a wider brim,3DH6GAKTY0I4OFS5HOZTOQLDI0JYZM,96.0,233a6e7c31de58a33d4bab39ff8346fd,cap,PartNet,a1194f613435ee2d8ffc94a6ce28be5e,cap,PartNet,False,cap/PartNet/a1194f613435ee2d8ffc94a6ce28be5e,cap/PartNet/233a6e7c31de58a33d4bab39ff8346fd,True,hat,hat,1,"['it', 'has', 'a', 'wide', '-er', 'brim']",6,it has a wide -er brim,train,train,train,train,"[1, 23, 24, 26, 83, 9, 601, 2, 0, 0, 0, 0, 0, 0, 0, 0, 0, 0]",brim
133918,user_1644,The brim is flatter.,3Z9WI9EOZ1HNDP3U7NSVFB2XOU7HKW,31.0,233a6e7c31de58a33d4bab39ff8346fd,cap,PartNet,a1194f613435ee2d8ffc94a6ce28be5e,cap,PartNet,False,cap/PartNet/a1194f613435ee2d8ffc94a6ce28be5e,cap/PartNet/233a6e7c31de58a33d4bab39ff8346fd,True,hat,hat,1,"['the', 'brim', 'is', 'flat', '-er']",5,the brim is flat -er,train,train,train,train,"[1, 10, 601, 7, 129, 9, 2, 0, 0, 0, 0, 0, 0, 0, 0, 0, 0, 0]",brim
133919,user_1964,the crown is shorter vertically,3F0BG9B9MRGL45MZYT7AX6SE86L7YG,32.0,233a6e7c31de58a33d4bab39ff8346fd,cap,PartNet,a1194f613435ee2d8ffc94a6ce28be5e,cap,PartNet,False,cap/PartNet/a1194f613435ee2d8ffc94a6ce28be5e,cap/PartNet/233a6e7c31de58a33d4bab39ff8346fd,True,hat,hat,1,"['the', 'crown', 'is', 'short', '-er', 'vertically']",6,the crown is short -er vertically,train,train,train,train,"[1, 10, 606, 7, 8, 9, 385, 2, 0, 0, 0, 0, 0, 0, 0, 0, 0, 0]",crown
133922,user_1644,It has a brim.,32AT8R96GN2Q6UMMCV8WPCIXZWMUSR,38.0,dc3e5c0457defe87a52821bf1aa3b19a,cap,ShapeNet,77e819e803f1fa8b616c08e4715af963,cap,PartNet,False,cap/PartNet/77e819e803f1fa8b616c08e4715af963,cap/ShapeNet/dc3e5c0457defe87a52821bf1aa3b19a,False,hat,cap,1,"['it', 'has', 'a', 'brim']",4,it has a brim,train,train,train,train,"[1, 23, 24, 26, 601, 2, 0, 0, 0, 0, 0, 0, 0, 0, 0, 0, 0, 0]",brim
133926,user_203,The brim edge is not as tall.,3IHR8NYAM9UUC4CF58DKH3FSD004P9,228.0,647864ea6669f539379c6a1d59ef7283,cap,PartNet,a826c25abe5d1e4b6c57e21624dd9952,cap,PartNet,False,cap/PartNet/a826c25abe5d1e4b6c57e21624dd9952,cap/PartNet/647864ea6669f539379c6a1d59ef7283,False,hat,hat,1,"['the', 'brim', 'edge', 'is', 'not', 'as', 'tall']",7,the brim edge is not as tall,train,train,train,train,"[1, 10, 601, 631, 7, 40, 52, 53, 2, 0, 0, 0, 0, 0, 0, 0, 0, 0]",brim
133928,user_1644,The brim is thinner.,3NG53N1RLXCVV5ZHHB3XYFVXFLNP8Q,257.0,647864ea6669f539379c6a1d59ef7283,cap,PartNet,a826c25abe5d1e4b6c57e21624dd9952,cap,PartNet,False,cap/PartNet/a826c25abe5d1e4b6c57e21624dd9952,cap/PartNet/647864ea6669f539379c6a1d59ef7283,False,hat,hat,1,"['the', 'brim', 'is', 'thin', '-er']",5,the brim is thin -er,train,train,train,train,"[1, 10, 601, 7, 60, 9, 2, 0, 0, 0, 0, 0, 0, 0, 0, 0, 0, 0]",brim
133932,user_203,The crown is not as tall.,3W92K5RLWWAPD7DB5P5TSNAOZKUV5O,227.0,2935eced813475ffcd89d8aa7fd7b92c,cap,PartNet,81d58b65303dc155a8963fe61f2bc75f,cap,PartNet,False,cap/PartNet/81d58b65303dc155a8963fe61f2bc75f,cap/PartNet/2935eced813475ffcd89d8aa7fd7b92c,False,hat,hat,1,"['the', 'crown', 'is', 'not', 'as', 'tall']",6,the crown is not as tall,train,train,train,train,"[1, 10, 606, 7, 40, 52, 53, 2, 0, 0, 0, 0, 0, 0, 0, 0, 0, 0]",crown
133939,user_1143,The target is a top hat,39GHHAVOMHKYQT9HAV80K7TG40MJ4E,27.0,47d13a0b345864a7f72b7502ead7387b,cap,PartNet,d874bb309edb91e04e5a22e049c207b1,cap,PartNet,False,cap/PartNet/d874bb309edb91e04e5a22e049c207b1,cap/PartNet/47d13a0b345864a7f72b7502ead7387b,False,hat,hat,1,"['the', 'target', 'is', 'a', 'top', 'hat']",6,the target is a top hat,train,train,train,train,"[1, 10, 11, 7, 26, 99, 602, 2, 0, 0, 0, 0, 0, 0, 0, 0, 0, 0]",crown
133940,user_1633,The target has a flat top.,336YQZE83X76NKJ2RX425RRB8QC5M9,26.0,47d13a0b345864a7f72b7502ead7387b,cap,PartNet,d874bb309edb91e04e5a22e049c207b1,cap,PartNet,False,cap/PartNet/d874bb309edb91e04e5a22e049c207b1,cap/PartNet/47d13a0b345864a7f72b7502ead7387b,False,hat,hat,1,"['the', 'target', 'has', 'a', 'flat', 'top']",6,the target has a flat top,train,train,train,train,"[1, 10, 11, 24, 26, 129, 99, 2, 0, 0, 0, 0, 0, 0, 0, 0, 0, 0]",crown
133941,user_203,The diameter of the crown is larger.,3GLB5JMZFZO1ZN29V0OQQYV6PM5GDT,131.0,90c6bffdc81cedbeb80102c6e0a7618a,cap,ShapeNet,89717260f663fe13a9d8b37b5c73935c,cap,ShapeNet,False,cap/ShapeNet/89717260f663fe13a9d8b37b5c73935c,cap/ShapeNet/90c6bffdc81cedbeb80102c6e0a7618a,True,cap,cap,1,"['the', 'diameter', 'of', 'the', 'crown', 'is', 'large', '-er']",8,the diameter of the crown is large -er,train,train,train,train,"[1, 10, 268, 38, 10, 606, 7, 94, 9, 2, 0, 0, 0, 0, 0, 0, 0, 0]",crown
133942,user_1143,The target has amore rounded top,3T3IWE1XG8GZT1SKKMTHPGHUYUVQT8,46.0,90c6bffdc81cedbeb80102c6e0a7618a,cap,ShapeNet,89717260f663fe13a9d8b37b5c73935c,cap,ShapeNet,False,cap/ShapeNet/89717260f663fe13a9d8b37b5c73935c,cap/ShapeNet/90c6bffdc81cedbeb80102c6e0a7618a,True,cap,cap,1,"['the', 'target', 'has', 'amore', 'rounded', 'top']",6,the target has amore rounded top,train,train,train,train,"[1, 10, 11, 24, 4522, 48, 99, 2, 0, 0, 0, 0, 0, 0, 0, 0, 0, 0]",crown
133944,user_1633,The target has a smaller brim.,3Y54SXRO1NERLUZ11VDMZHEJ1FZUTF,40.0,2b1a1d63bd7e931c12a8043ef6529707,cap,PartNet,c49d544f3743bc08d23279d7571c8868,cap,PartNet,False,cap/PartNet/c49d544f3743bc08d23279d7571c8868,cap/PartNet/2b1a1d63bd7e931c12a8043ef6529707,False,hat,hat,1,"['the', 'target', 'has', 'a', 'small', '-er', 'brim']",7,the target has a small -er brim,train,train,train,train,"[1, 10, 11, 24, 26, 111, 9, 601, 2, 0, 0, 0, 0, 0, 0, 0, 0, 0]",brim
133945,user_1644,The brim is not as wide.,3CTOC39K39JV9GR0CT67NJDQV2BJ7X,27.0,2b1a1d63bd7e931c12a8043ef6529707,cap,PartNet,c49d544f3743bc08d23279d7571c8868,cap,PartNet,False,cap/PartNet/c49d544f3743bc08d23279d7571c8868,cap/PartNet/2b1a1d63bd7e931c12a8043ef6529707,False,hat,hat,1,"['the', 'brim', 'is', 'not', 'as', 'wide']",6,the brim is not as wide,train,train,train,train,"[1, 10, 601, 7, 40, 52, 83, 2, 0, 0, 0, 0, 0, 0, 0, 0, 0, 0]",brim
133946,user_2105,target has taller crown,3VZLGYJEYN3FOA2VCSDR5CE4GUBZX3,35.0,2b1a1d63bd7e931c12a8043ef6529707,cap,PartNet,c49d544f3743bc08d23279d7571c8868,cap,PartNet,False,cap/PartNet/c49d544f3743bc08d23279d7571c8868,cap/PartNet/2b1a1d63bd7e931c12a8043ef6529707,False,hat,hat,1,"['target', 'has', 'tall', '-er', 'crown']",5,target has tall -er crown,train,train,train,train,"[1, 11, 24, 53, 9, 606, 2, 0, 0, 0, 0, 0, 0, 0, 0, 0, 0, 0]",crown
133948,user_1644,The brim is not as wide.,3ZGVPD4G6VA87TTB7ICUG9TY3YZZTW,20.0,233a6e7c31de58a33d4bab39ff8346fd,cap,PartNet,98698fc854d6a919a163a814bd04d6,cap,PartNet,False,cap/PartNet/98698fc854d6a919a163a814bd04d6,cap/PartNet/233a6e7c31de58a33d4bab39ff8346fd,True,hat,hat,1,"['the', 'brim', 'is', 'not', 'as', 'wide']",6,the brim is not as wide,train,train,train,train,"[1, 10, 601, 7, 40, 52, 83, 2, 0, 0, 0, 0, 0, 0, 0, 0, 0, 0]",brim
133949,user_1964,the top surface area is larger,3X0H8UUIT3H3YYBR7VNX703UKCYSWP,26.0,233a6e7c31de58a33d4bab39ff8346fd,cap,PartNet,98698fc854d6a919a163a814bd04d6,cap,PartNet,False,cap/PartNet/98698fc854d6a919a163a814bd04d6,cap/PartNet/233a6e7c31de58a33d4bab39ff8346fd,True,hat,hat,1,"['the', 'top', 'surface', 'area', 'is', 'large', '-er']",7,the top surface area is large -er,train,train,train,train,"[1, 10, 99, 334, 590, 7, 94, 9, 2, 0, 0, 0, 0, 0, 0, 0, 0, 0]",crown
133951,user_1633,The target has a wider brim.,3L4PIM1GQV9VMO6E775G2NJE9IDRYX,18.0,a4ad860de76ad2b52a2d94519249662c,cap,PartNet,f567a4a2bc30d0ca18a6353ea60f11b6,cap,PartNet,False,cap/PartNet/f567a4a2bc30d0ca18a6353ea60f11b6,cap/PartNet/a4ad860de76ad2b52a2d94519249662c,True,hat,hat,1,"['the', 'target', 'has', 'a', 'wide', '-er', 'brim']",7,the target has a wide -er brim,train,train,train,train,"[1, 10, 11, 24, 26, 83, 9, 601, 2, 0, 0, 0, 0, 0, 0, 0, 0, 0]",brim
133952,user_1644,The brim is wider.,3NPFYT4IZEXFXT7QM0P2K5YY539XG2,14.0,a4ad860de76ad2b52a2d94519249662c,cap,PartNet,f567a4a2bc30d0ca18a6353ea60f11b6,cap,PartNet,False,cap/PartNet/f567a4a2bc30d0ca18a6353ea60f11b6,cap/PartNet/a4ad860de76ad2b52a2d94519249662c,True,hat,hat,1,"['the', 'brim', 'is', 'wide', '-er']",5,the brim is wide -er,train,train,train,train,"[1, 10, 601, 7, 83, 9, 2, 0, 0, 0, 0, 0, 0, 0, 0, 0, 0, 0]",brim
133953,user_786,Its crown is taller,3SPJ033423WEO0N1Z2W70WXNZ2RYJM,93.0,26239157c6539065895d3362333efa72,cap,PartNet,d0313cadc2b4b2cc1372a4afda9e2f07,cap,PartNet,False,cap/PartNet/d0313cadc2b4b2cc1372a4afda9e2f07,cap/PartNet/26239157c6539065895d3362333efa72,False,hat,hat,1,"['its', 'crown', 'is', 'tall', '-er']",5,its crown is tall -er,train,train,train,train,"[1, 5, 606, 7, 53, 9, 2, 0, 0, 0, 0, 0, 0, 0, 0, 0, 0, 0]",crown
133954,user_1644,The brim is thicker.,30OG32W0SW4C1LXVEZC5M0MOQ9LENJ,18.0,26239157c6539065895d3362333efa72,cap,PartNet,d0313cadc2b4b2cc1372a4afda9e2f07,cap,PartNet,False,cap/PartNet/d0313cadc2b4b2cc1372a4afda9e2f07,cap/PartNet/26239157c6539065895d3362333efa72,False,hat,hat,1,"['the', 'brim', 'is', 'thick', '-er']",5,the brim is thick -er,train,train,train,train,"[1, 10, 601, 7, 54, 9, 2, 0, 0, 0, 0, 0, 0, 0, 0, 0, 0, 0]",brim
133955,user_2089,It has a tall crown.,30MVJZJNHO6ZNZFTRQ4R1F4WQS59J5,318.0,26239157c6539065895d3362333efa72,cap,PartNet,d0313cadc2b4b2cc1372a4afda9e2f07,cap,PartNet,False,cap/PartNet/d0313cadc2b4b2cc1372a4afda9e2f07,cap/PartNet/26239157c6539065895d3362333efa72,False,hat,hat,1,"['it', 'has', 'a', 'tall', 'crown']",5,it has a tall crown,train,train,train,train,"[1, 23, 24, 26, 53, 606, 2, 0, 0, 0, 0, 0, 0, 0, 0, 0, 0, 0]",crown
133959,user_1489,It has one crease in the top,382M9COHEJ8PWBH4B0OR0VEIY6NUE2,80.0,6f93656d083e985465bae2cb33eb4baa,cap,ShapeNet,5eb9ab53213f5fff4e09ebaf49b0cb2f,cap,ShapeNet,False,cap/ShapeNet/5eb9ab53213f5fff4e09ebaf49b0cb2f,cap/ShapeNet/6f93656d083e985465bae2cb33eb4baa,False,cap,cap,1,"['it', 'has', 'one', 'crease', 'in', 'the', 'top']",7,it has one crease in the top,train,train,train,train,"[1, 23, 24, 19, 766, 90, 10, 99, 2, 0, 0, 0, 0, 0, 0, 0, 0, 0]",crown
133960,user_1633,The target has a flat top.,3300DTYQT4AX4IANUR4MQUHTVK7QEH,25.0,6f93656d083e985465bae2cb33eb4baa,cap,ShapeNet,5eb9ab53213f5fff4e09ebaf49b0cb2f,cap,ShapeNet,False,cap/ShapeNet/5eb9ab53213f5fff4e09ebaf49b0cb2f,cap/ShapeNet/6f93656d083e985465bae2cb33eb4baa,False,cap,cap,1,"['the', 'target', 'has', 'a', 'flat', 'top']",6,the target has a flat top,train,train,train,train,"[1, 10, 11, 24, 26, 129, 99, 2, 0, 0, 0, 0, 0, 0, 0, 0, 0, 0]",crown
133961,user_1644,The crown is shorter.,3PEIJLRY6VMBUFXQ15TK68KMZRZWX0,31.0,6f93656d083e985465bae2cb33eb4baa,cap,ShapeNet,5eb9ab53213f5fff4e09ebaf49b0cb2f,cap,ShapeNet,False,cap/ShapeNet/5eb9ab53213f5fff4e09ebaf49b0cb2f,cap/ShapeNet/6f93656d083e985465bae2cb33eb4baa,False,cap,cap,1,"['the', 'crown', 'is', 'short', '-er']",5,the crown is short -er,train,train,train,train,"[1, 10, 606, 7, 8, 9, 2, 0, 0, 0, 0, 0, 0, 0, 0, 0, 0, 0]",crown
133963,user_786,"Its brim is vertical, NOT horizontal like most hats",3NGI5ARFTVYDK5FWIQUIJ58P1GD1PG,126.0,a0ab4dc115f1b4f3b26ac8618c0d5a9,cap,PartNet,60153b9c1dc500a93d8dd242efdcdeb,cap,PartNet,False,cap/PartNet/60153b9c1dc500a93d8dd242efdcdeb,cap/PartNet/a0ab4dc115f1b4f3b26ac8618c0d5a9,True,hat,hat,1,"['its', 'brim', 'is', 'vertical', 'not', 'horizontal', 'like', 'most', 'hats']",9,its brim is vertical not horizontal like most hats,train,train,train,train,"[1, 5, 601, 7, 283, 40, 265, 35, 975, 4612, 2, 0, 0, 0, 0, 0, 0, 0]",brim
133964,user_2105,target has triangular crown,3OSWBBLG1GQCL9XZKAOUEKV1SCKDX1,42.0,a0ab4dc115f1b4f3b26ac8618c0d5a9,cap,PartNet,60153b9c1dc500a93d8dd242efdcdeb,cap,PartNet,False,cap/PartNet/60153b9c1dc500a93d8dd242efdcdeb,cap/PartNet/a0ab4dc115f1b4f3b26ac8618c0d5a9,True,hat,hat,1,"['target', 'has', 'triangular', 'crown']",4,target has triangular crown,train,train,train,train,"[1, 11, 24, 564, 606, 2, 0, 0, 0, 0, 0, 0, 0, 0, 0, 0, 0, 0]",crown
133965,user_203,The brim is not circular.,3U0SRXB7CFY1AP2005W5L7L75ZRNRN,61.0,aa9fa261b2643eec750b99f712bb1b4,cap,PartNet,2f347d95d4a2dae3e762cf5917cef4ef,cap,ShapeNet,False,cap/ShapeNet/2f347d95d4a2dae3e762cf5917cef4ef,cap/PartNet/aa9fa261b2643eec750b99f712bb1b4,False,cap,hat,1,"['the', 'brim', 'is', 'not', 'circular']",5,the brim is not circular,train,train,train,train,"[1, 10, 601, 7, 40, 102, 2, 0, 0, 0, 0, 0, 0, 0, 0, 0, 0, 0]",brim
133966,user_491,The target has a crease on top.,3JC6VJ2SADC5LJADUUEXW0WBE9L5AN,95.0,aa9fa261b2643eec750b99f712bb1b4,cap,PartNet,2f347d95d4a2dae3e762cf5917cef4ef,cap,ShapeNet,False,cap/ShapeNet/2f347d95d4a2dae3e762cf5917cef4ef,cap/PartNet/aa9fa261b2643eec750b99f712bb1b4,False,cap,hat,1,"['the', 'target', 'has', 'a', 'crease', 'on', 'top']",7,the target has a crease on top,train,train,train,train,"[1, 10, 11, 24, 26, 766, 20, 99, 2, 0, 0, 0, 0, 0, 0, 0, 0, 0]",crown
133967,user_1644,It is not a top hat.,3PPTZCWALSDVFD1JQEIZB4IBJRZZQH,21.0,aa9fa261b2643eec750b99f712bb1b4,cap,PartNet,2f347d95d4a2dae3e762cf5917cef4ef,cap,ShapeNet,False,cap/ShapeNet/2f347d95d4a2dae3e762cf5917cef4ef,cap/PartNet/aa9fa261b2643eec750b99f712bb1b4,False,cap,hat,1,"['it', 'is', 'not', 'a', 'top', 'hat']",6,it is not a top hat,train,train,train,train,"[1, 23, 7, 40, 26, 99, 602, 2, 0, 0, 0, 0, 0, 0, 0, 0, 0, 0]",crown
133971,user_786,"Its crown's top is circular, NOT rectangulary",3P59JYT76NDI1IQZIB3GTYJRIPO2TF,40.0,deb19c41bc1e4ba5c8727b27ee96a4b7,cap,PartNet,f0e597e2061f61c8e55ab527568c9127,cap,PartNet,False,cap/PartNet/f0e597e2061f61c8e55ab527568c9127,cap/PartNet/deb19c41bc1e4ba5c8727b27ee96a4b7,False,hat,hat,1,"['its', 'crown', ""'s"", 'top', 'is', 'circular', 'not', 'rectangular']",8,its crown 's top is circular not rectangular,train,train,train,train,"[1, 5, 606, 12, 99, 7, 102, 40, 128, 2, 0, 0, 0, 0, 0, 0, 0, 0]",crown
133972,user_1644,It has a wide brim.,3ND9UOO81MVGULG1NMQWVEPZSIPWLE,35.0,deb19c41bc1e4ba5c8727b27ee96a4b7,cap,PartNet,f0e597e2061f61c8e55ab527568c9127,cap,PartNet,False,cap/PartNet/f0e597e2061f61c8e55ab527568c9127,cap/PartNet/deb19c41bc1e4ba5c8727b27ee96a4b7,False,hat,hat,1,"['it', 'has', 'a', 'wide', 'brim']",5,it has a wide brim,train,train,train,train,"[1, 23, 24, 26, 83, 601, 2, 0, 0, 0, 0, 0, 0, 0, 0, 0, 0, 0]",brim
133973,user_1964,the top is round,30JNVC0ORBD9OS1PKSCSBXE6N0ZQHX,35.0,deb19c41bc1e4ba5c8727b27ee96a4b7,cap,PartNet,f0e597e2061f61c8e55ab527568c9127,cap,PartNet,False,cap/PartNet/f0e597e2061f61c8e55ab527568c9127,cap/PartNet/deb19c41bc1e4ba5c8727b27ee96a4b7,False,hat,hat,1,"['the', 'top', 'is', 'round']",4,the top is round,train,train,train,train,"[1, 10, 99, 7, 134, 2, 0, 0, 0, 0, 0, 0, 0, 0, 0, 0, 0, 0]",crown
133974,user_786,Its brim is narrower,337RC3OW07V3FWGWXCL09C6LL9NVL3,80.0,2b1a1d63bd7e931c12a8043ef6529707,cap,PartNet,a4ad860de76ad2b52a2d94519249662c,cap,PartNet,False,cap/PartNet/a4ad860de76ad2b52a2d94519249662c,cap/PartNet/2b1a1d63bd7e931c12a8043ef6529707,False,hat,hat,1,"['its', 'brim', 'is', 'narrow', '-er']",5,its brim is narrow -er,train,train,train,train,"[1, 5, 601, 7, 210, 9, 2, 0, 0, 0, 0, 0, 0, 0, 0, 0, 0, 0]",brim
133975,user_865,"Target top is flat with decorative side bands, vertical lines",336YQZE83X76NKJ2RX425RRB8QG5MD,934.0,2b1a1d63bd7e931c12a8043ef6529707,cap,PartNet,a4ad860de76ad2b52a2d94519249662c,cap,PartNet,False,cap/PartNet/a4ad860de76ad2b52a2d94519249662c,cap/PartNet/2b1a1d63bd7e931c12a8043ef6529707,False,hat,hat,1,"['target', 'top', 'is', 'flat', 'with', 'decorative', 'side', 'bands', 'vertical', 'lines']",10,target top is flat with decorative side bands vertical lines,train,train,train,train,"[1, 11, 99, 7, 129, 121, 216, 22, 2402, 283, 398, 2, 0, 0, 0, 0, 0, 0]",crown
133976,user_1644,The crown is taller.,3CN4LGXD5ZHOLI4GWV93UU84H4Y4YW,23.0,2b1a1d63bd7e931c12a8043ef6529707,cap,PartNet,a4ad860de76ad2b52a2d94519249662c,cap,PartNet,False,cap/PartNet/a4ad860de76ad2b52a2d94519249662c,cap/PartNet/2b1a1d63bd7e931c12a8043ef6529707,False,hat,hat,1,"['the', 'crown', 'is', 'tall', '-er']",5,the crown is tall -er,train,train,train,train,"[1, 10, 606, 7, 53, 9, 2, 0, 0, 0, 0, 0, 0, 0, 0, 0, 0, 0]",crown
133977,user_786,It has a brim,3DOCMVPBTP7GVRA87YFOCNGX41LNNG,54.0,72877ec0bb0b921fb10e410f6c99c299,cap,PartNet,a14ab9b478087ce6b56d92c5d7b06038,cap,PartNet,False,cap/PartNet/a14ab9b478087ce6b56d92c5d7b06038,cap/PartNet/72877ec0bb0b921fb10e410f6c99c299,False,hat,hat,1,"['it', 'has', 'a', 'brim']",4,it has a brim,train,train,train,train,"[1, 23, 24, 26, 601, 2, 0, 0, 0, 0, 0, 0, 0, 0, 0, 0, 0, 0]",brim
133978,user_1143,The target has a brim,31HQ4X3T3U3NN4ZS3HGVYPMEM5ULSP,27.0,72877ec0bb0b921fb10e410f6c99c299,cap,PartNet,a14ab9b478087ce6b56d92c5d7b06038,cap,PartNet,False,cap/PartNet/a14ab9b478087ce6b56d92c5d7b06038,cap/PartNet/72877ec0bb0b921fb10e410f6c99c299,False,hat,hat,1,"['the', 'target', 'has', 'a', 'brim']",5,the target has a brim,train,train,train,train,"[1, 10, 11, 24, 26, 601, 2, 0, 0, 0, 0, 0, 0, 0, 0, 0, 0, 0]",brim
133979,user_1964,there is a brim,3GS6S824SSQ6ILJMZZ6B86TOXDPNW7,24.0,72877ec0bb0b921fb10e410f6c99c299,cap,PartNet,a14ab9b478087ce6b56d92c5d7b06038,cap,PartNet,False,cap/PartNet/a14ab9b478087ce6b56d92c5d7b06038,cap/PartNet/72877ec0bb0b921fb10e410f6c99c299,False,hat,hat,1,"['there', 'is', 'a', 'brim']",4,there is a brim,train,train,train,train,"[1, 15, 7, 26, 601, 2, 0, 0, 0, 0, 0, 0, 0, 0, 0, 0, 0, 0]",brim
133980,user_203,The crown has a saucer shape on top.,3CTOC39K39JV9GR0CT67NJDQV3KJ78,71.0,d5cdba69afacdbf19393051c3324a45f,cap,PartNet,afa620df377ea0cb84c9f423db9b48d7,cap,PartNet,False,cap/PartNet/afa620df377ea0cb84c9f423db9b48d7,cap/PartNet/d5cdba69afacdbf19393051c3324a45f,False,hat,hat,1,"['the', 'crown', 'has', 'a', 'saucer', 'shape', 'on', 'top']",8,the crown has a saucer shape on top,train,train,train,train,"[1, 10, 606, 24, 26, 646, 93, 20, 99, 2, 0, 0, 0, 0, 0, 0, 0, 0]",crown
133981,user_1633,"The target has a visor, not a brim.",3ZPPDN2SLXPRCJT1DPT04ZR4LK3E9J,20.0,d5cdba69afacdbf19393051c3324a45f,cap,PartNet,afa620df377ea0cb84c9f423db9b48d7,cap,PartNet,False,cap/PartNet/afa620df377ea0cb84c9f423db9b48d7,cap/PartNet/d5cdba69afacdbf19393051c3324a45f,False,hat,hat,1,"['the', 'target', 'has', 'a', 'visor', 'not', 'a', 'brim']",8,the target has a visor not a brim,train,train,train,train,"[1, 10, 11, 24, 26, 605, 40, 26, 601, 2, 0, 0, 0, 0, 0, 0, 0, 0]",brim
133982,user_1964,there is no ball on top,3EA3QWIZ4KOMC3417EO8GEQ87KETI8,35.0,d5cdba69afacdbf19393051c3324a45f,cap,PartNet,afa620df377ea0cb84c9f423db9b48d7,cap,PartNet,False,cap/PartNet/afa620df377ea0cb84c9f423db9b48d7,cap/PartNet/d5cdba69afacdbf19393051c3324a45f,False,hat,hat,1,"['there', 'is', 'no', 'ball', 'on', 'top']",6,there is no ball on top,train,train,train,train,"[1, 15, 7, 123, 668, 20, 99, 2, 0, 0, 0, 0, 0, 0, 0, 0, 0, 0]",crown
133986,user_786,Its brim is only in the front and does NOT go around the entire hat,3SITXWYCNX2J6CZF6EXOJU71PQGXBK,42.0,62d4f8a7a8a1dc619ba80f08c401fbed,cap,PartNet,90c6bffdc81cedbeb80102c6e0a7618a,cap,ShapeNet,False,cap/ShapeNet/90c6bffdc81cedbeb80102c6e0a7618a,cap/PartNet/62d4f8a7a8a1dc619ba80f08c401fbed,True,cap,hat,1,"['its', 'brim', 'is', 'only', 'in', 'the', 'front', 'and', 'does', 'not', 'go', 'around', 'the', 'entire', 'hat']",15,its brim is only in the front and does not go around the entire hat,train,train,train,train,"[1, 5, 601, 7, 133, 90, 10, 37, 47, 39, 40, 741, 239, 10, 516, 602, 2, 0]",brim
133990,user_1644,It has a button at the top.,35DR22AR5FDE3HV2RLII1B9P1ZOX3G,31.0,8173b6a303d2888671b99e20c1071f6c,cap,PartNet,a4f94067b0ec9608e762cf5917cef4ef,cap,ShapeNet,False,cap/ShapeNet/a4f94067b0ec9608e762cf5917cef4ef,cap/PartNet/8173b6a303d2888671b99e20c1071f6c,False,cap,hat,1,"['it', 'has', 'a', 'button', 'at', 'the', 'top']",7,it has a button at the top,train,train,train,train,"[1, 23, 24, 26, 596, 98, 10, 99, 2, 0, 0, 0, 0, 0, 0, 0, 0, 0]",crown
133994,user_1644,The crown is not as wide.,36DSNE9QZ7R2UMJZTFN9Y5ZLLRLJON,50.0,a57904de1983cae924631548b4ffd8b4,cap,PartNet,889204300c03ae7dc8687ff9b0b4e4ac,cap,PartNet,False,cap/PartNet/889204300c03ae7dc8687ff9b0b4e4ac,cap/PartNet/a57904de1983cae924631548b4ffd8b4,True,hat,hat,1,"['the', 'crown', 'is', 'not', 'as', 'wide']",6,the crown is not as wide,train,train,train,train,"[1, 10, 606, 7, 40, 52, 83, 2, 0, 0, 0, 0, 0, 0, 0, 0, 0, 0]",crown
133996,user_1644,The crown is pointed.,30MVJZJNHO6ZNZFTRQ4R1F4WQS09J0,17.0,576d5a4b1d688680bed7e3eef8315549,cap,PartNet,17507563e90313433f19716eab42752,cap,PartNet,False,cap/PartNet/17507563e90313433f19716eab42752,cap/PartNet/576d5a4b1d688680bed7e3eef8315549,False,hat,hat,1,"['the', 'crown', 'is', 'pointed']",4,the crown is pointed,train,train,train,train,"[1, 10, 606, 7, 387, 2, 0, 0, 0, 0, 0, 0, 0, 0, 0, 0, 0, 0]",crown
134001,user_456,The target has no brim.,37ZHEEHM6YFKO2PB98EK7CW1Z6K372,61.0,96a9f36ce97a067aa99fc65b413040d6,cap,PartNet,b1701c999c33e44630c809a91a1466ef,cap,PartNet,False,cap/PartNet/b1701c999c33e44630c809a91a1466ef,cap/PartNet/96a9f36ce97a067aa99fc65b413040d6,True,hat,hat,1,"['the', 'target', 'has', 'no', 'brim']",5,the target has no brim,test,train,test,train,"[1, 10, 11, 24, 123, 601, 2, 0, 0, 0, 0, 0, 0, 0, 0, 0, 0, 0]",brim
134004,user_1529,The crown is a perfect cylinder.,3YW4XOSQKSEQCANSZCTCTBVO9W8U16,186.0,c721e05c676faf20a9aa61915b4add2d,cap,PartNet,223e336d3f1490e4ecaafbe064b13083,cap,PartNet,False,cap/PartNet/223e336d3f1490e4ecaafbe064b13083,cap/PartNet/c721e05c676faf20a9aa61915b4add2d,False,hat,hat,1,"['the', 'crown', 'is', 'a', 'perfect', 'cylinder']",6,the crown is a perfect cylinder,test,train,test,train,"[1, 10, 606, 7, 26, 688, 66, 2, 0, 0, 0, 0, 0, 0, 0, 0, 0, 0]",crown
134005,user_1644,It has a brim.,3KIBXJ1WD7NX56PHB0NLZKZY0GLOKR,16.0,c721e05c676faf20a9aa61915b4add2d,cap,PartNet,223e336d3f1490e4ecaafbe064b13083,cap,PartNet,False,cap/PartNet/223e336d3f1490e4ecaafbe064b13083,cap/PartNet/c721e05c676faf20a9aa61915b4add2d,False,hat,hat,1,"['it', 'has', 'a', 'brim']",4,it has a brim,test,train,test,train,"[1, 23, 24, 26, 601, 2, 0, 0, 0, 0, 0, 0, 0, 0, 0, 0, 0, 0]",brim
134006,user_1689,It has a round brim around the target.,3QEMNNSB2ZSI6UR82XKWKLIDQIDD7C,86.0,c721e05c676faf20a9aa61915b4add2d,cap,PartNet,223e336d3f1490e4ecaafbe064b13083,cap,PartNet,False,cap/PartNet/223e336d3f1490e4ecaafbe064b13083,cap/PartNet/c721e05c676faf20a9aa61915b4add2d,False,hat,hat,1,"['it', 'has', 'a', 'round', 'brim', 'around', 'the', 'target']",8,it has a round brim around the target,test,train,test,train,"[1, 23, 24, 26, 134, 601, 239, 10, 11, 2, 0, 0, 0, 0, 0, 0, 0, 0]",brim
134009,user_1644,The base of the crown is wider.,3WOKGM4L739VSGID77D3G0KPMIG0OY,37.0,34dfb5af71b1f327e21800cd80ebb26f,cap,PartNet,e21bf79cf940999fecaafbe064b13083,cap,PartNet,False,cap/PartNet/e21bf79cf940999fecaafbe064b13083,cap/PartNet/34dfb5af71b1f327e21800cd80ebb26f,False,hat,hat,1,"['the', 'base', 'of', 'the', 'crown', 'is', 'wide', '-er']",8,the base of the crown is wide -er,train,train,train,train,"[1, 10, 103, 38, 10, 606, 7, 83, 9, 2, 0, 0, 0, 0, 0, 0, 0, 0]",crown
134010,user_786,It has a loga on the crown's front center,3FE2ERCCZZ1YGXMXOSSTV1LXUQRPOT,44.0,569bfc3e920022e5561c6ec5086cfea5,cap,PartNet,ffa613d91ac07e38284432ce2f42f498,cap,PartNet,False,cap/PartNet/ffa613d91ac07e38284432ce2f42f498,cap/PartNet/569bfc3e920022e5561c6ec5086cfea5,False,hat,hat,1,"['it', 'has', 'a', 'loga', 'on', 'the', 'crown', ""'s"", 'front', 'center']",10,it has a loga on the crown 's front center,train,train,train,train,"[1, 23, 24, 26, 3, 20, 10, 606, 12, 37, 165, 2, 0, 0, 0, 0, 0, 0]",crown
134011,user_1644,It is not a top hat.,3QIYRE09Y5ADHK3J2BHQFG3U10K1NQ,19.0,569bfc3e920022e5561c6ec5086cfea5,cap,PartNet,ffa613d91ac07e38284432ce2f42f498,cap,PartNet,False,cap/PartNet/ffa613d91ac07e38284432ce2f42f498,cap/PartNet/569bfc3e920022e5561c6ec5086cfea5,False,hat,hat,1,"['it', 'is', 'not', 'a', 'top', 'hat']",6,it is not a top hat,train,train,train,train,"[1, 23, 7, 40, 26, 99, 602, 2, 0, 0, 0, 0, 0, 0, 0, 0, 0, 0]",crown
134012,user_1689,The diameter of its top is larger.,3WYGZ5XF3Y8C3YHAIH4UJP9ZX5NKSJ,337.0,569bfc3e920022e5561c6ec5086cfea5,cap,PartNet,ffa613d91ac07e38284432ce2f42f498,cap,PartNet,False,cap/PartNet/ffa613d91ac07e38284432ce2f42f498,cap/PartNet/569bfc3e920022e5561c6ec5086cfea5,False,hat,hat,1,"['the', 'diameter', 'of', 'its', 'top', 'is', 'large', '-er']",8,the diameter of its top is large -er,train,train,train,train,"[1, 10, 268, 38, 5, 99, 7, 94, 9, 2, 0, 0, 0, 0, 0, 0, 0, 0]",crown
134013,user_786,Its crown's height is about three times the crown's diameter,30ZX6P7VFAOONFUU6HPCRSWIKMPJ2H,96.0,3dec0d851cba045fbf444790f25ea3db,cap,ShapeNet,d04969c7d57ca56d3bdc1484b50b0501,cap,PartNet,False,cap/PartNet/d04969c7d57ca56d3bdc1484b50b0501,cap/ShapeNet/3dec0d851cba045fbf444790f25ea3db,False,hat,cap,1,"['its', 'crown', ""'s"", 'height', 'is', 'about', 'three', 'times', 'the', 'crown', ""'s"", 'diameter']",12,its crown 's height is about three times the crown 's diameter,train,train,train,train,"[1, 5, 606, 12, 117, 7, 519, 80, 323, 10, 606, 12, 268, 2, 0, 0, 0, 0]",crown
134015,user_1633,The target is pointed at the top.,3LUY3GC631TRVRUY76BRKFZ241I7PM,29.0,3dec0d851cba045fbf444790f25ea3db,cap,ShapeNet,d04969c7d57ca56d3bdc1484b50b0501,cap,PartNet,False,cap/PartNet/d04969c7d57ca56d3bdc1484b50b0501,cap/ShapeNet/3dec0d851cba045fbf444790f25ea3db,False,hat,cap,1,"['the', 'target', 'is', 'pointed', 'at', 'the', 'top']",7,the target is pointed at the top,train,train,train,train,"[1, 10, 11, 7, 387, 98, 10, 99, 2, 0, 0, 0, 0, 0, 0, 0, 0, 0]",crown
134016,user_786,"It has an encircling vertical brim, NOT a front-only visor",33CUSNVVNP5APD00VU1MCT07QCW880,67.0,587e59afe62ea145f0d11ae402ef940e,cap,PartNet,b88c6b7e33b1a7346c9866e8b1b4fc12,cap,PartNet,False,cap/PartNet/b88c6b7e33b1a7346c9866e8b1b4fc12,cap/PartNet/587e59afe62ea145f0d11ae402ef940e,False,hat,hat,1,"['it', 'has', 'an', 'encircling', 'vertical', 'brim', 'not', 'a', 'front', 'only', 'visor']",11,it has an encircling vertical brim not a front only visor,val,train,val,train,"[1, 23, 24, 72, 625, 283, 601, 40, 26, 37, 133, 605, 2, 0, 0, 0, 0, 0]",brim
134017,user_1135,The target hat has a taller and wider brim.,3SUWZRL0M064U0R3FIQOKP02VKN6EU,105.0,587e59afe62ea145f0d11ae402ef940e,cap,PartNet,b88c6b7e33b1a7346c9866e8b1b4fc12,cap,PartNet,False,cap/PartNet/b88c6b7e33b1a7346c9866e8b1b4fc12,cap/PartNet/587e59afe62ea145f0d11ae402ef940e,False,hat,hat,1,"['the', 'target', 'hat', 'has', 'a', 'tall', '-er', 'and', 'wide', '-er', 'brim']",11,the target hat has a tall -er and wide -er brim,val,train,val,train,"[1, 10, 11, 602, 24, 26, 53, 9, 47, 83, 9, 601, 2, 0, 0, 0, 0, 0]",brim
134018,user_1644,The crown is taller.,382M9COHEJ8PWBH4B0OR0VEIY5CUEP,67.0,587e59afe62ea145f0d11ae402ef940e,cap,PartNet,b88c6b7e33b1a7346c9866e8b1b4fc12,cap,PartNet,False,cap/PartNet/b88c6b7e33b1a7346c9866e8b1b4fc12,cap/PartNet/587e59afe62ea145f0d11ae402ef940e,False,hat,hat,1,"['the', 'crown', 'is', 'tall', '-er']",5,the crown is tall -er,val,train,val,train,"[1, 10, 606, 7, 53, 9, 2, 0, 0, 0, 0, 0, 0, 0, 0, 0, 0, 0]",crown
134019,user_927,The brim is very narrow,3KWTYT0872WMH21HRL3N5ECM8LK5L5,172.0,f0e597e2061f61c8e55ab527568c9127,cap,PartNet,aa9fa261b2643eec750b99f712bb1b4,cap,PartNet,False,cap/PartNet/aa9fa261b2643eec750b99f712bb1b4,cap/PartNet/f0e597e2061f61c8e55ab527568c9127,False,hat,hat,1,"['the', 'brim', 'is', 'very', 'narrow']",5,the brim is very narrow,train,train,train,train,"[1, 10, 601, 7, 62, 210, 2, 0, 0, 0, 0, 0, 0, 0, 0, 0, 0, 0]",brim
134020,user_1644,The brim is not as wide.,3300DTYQT4AX4IANUR4MQUHTVK8EQ6,20.0,f0e597e2061f61c8e55ab527568c9127,cap,PartNet,aa9fa261b2643eec750b99f712bb1b4,cap,PartNet,False,cap/PartNet/aa9fa261b2643eec750b99f712bb1b4,cap/PartNet/f0e597e2061f61c8e55ab527568c9127,False,hat,hat,1,"['the', 'brim', 'is', 'not', 'as', 'wide']",6,the brim is not as wide,train,train,train,train,"[1, 10, 601, 7, 40, 52, 83, 2, 0, 0, 0, 0, 0, 0, 0, 0, 0, 0]",brim
134021,user_2105,target has less length on brim,3JC6VJ2SADC5LJADUUEXW0WBEAF5AJ,38.0,f0e597e2061f61c8e55ab527568c9127,cap,PartNet,aa9fa261b2643eec750b99f712bb1b4,cap,PartNet,False,cap/PartNet/aa9fa261b2643eec750b99f712bb1b4,cap/PartNet/f0e597e2061f61c8e55ab527568c9127,False,hat,hat,1,"['target', 'has', 'less', 'length', 'on', 'brim']",6,target has less length on brim,train,train,train,train,"[1, 11, 24, 229, 155, 20, 601, 2, 0, 0, 0, 0, 0, 0, 0, 0, 0, 0]",brim
134025,user_203,The crown is taller.,35K3O9HUAD60DTKEGBTSEVDFOJHFEX,72.0,61aae9be231d6c263dc5b29818b9b22e,cap,PartNet,28fed983822a01dad2fd23ca8db6845b,cap,PartNet,False,cap/PartNet/28fed983822a01dad2fd23ca8db6845b,cap/PartNet/61aae9be231d6c263dc5b29818b9b22e,True,hat,hat,1,"['the', 'crown', 'is', 'tall', '-er']",5,the crown is tall -er,train,train,train,train,"[1, 10, 606, 7, 53, 9, 2, 0, 0, 0, 0, 0, 0, 0, 0, 0, 0, 0]",crown
134026,user_786,Its crown's lower 1/4 is NOT significantly curved,3W8CV64QJ4S3WTK33Q16P2OHD12H9B,99.0,61aae9be231d6c263dc5b29818b9b22e,cap,PartNet,28fed983822a01dad2fd23ca8db6845b,cap,PartNet,False,cap/PartNet/28fed983822a01dad2fd23ca8db6845b,cap/PartNet/61aae9be231d6c263dc5b29818b9b22e,True,hat,hat,1,"['its', 'crown', ""'s"", 'low', '-er', 'one', 'four', 'is', 'not', 'significantly', 'curved']",11,its crown 's low -er one four is not significantly curved,train,train,train,train,"[1, 5, 606, 12, 345, 9, 19, 322, 7, 40, 777, 51, 2, 0, 0, 0, 0, 0]",crown
134027,user_1644,The brim is not as wide.,37M28K1J0S6DSIPYJWIRXAFGWAHJAO,17.0,61aae9be231d6c263dc5b29818b9b22e,cap,PartNet,28fed983822a01dad2fd23ca8db6845b,cap,PartNet,False,cap/PartNet/28fed983822a01dad2fd23ca8db6845b,cap/PartNet/61aae9be231d6c263dc5b29818b9b22e,True,hat,hat,1,"['the', 'brim', 'is', 'not', 'as', 'wide']",6,the brim is not as wide,train,train,train,train,"[1, 10, 601, 7, 40, 52, 83, 2, 0, 0, 0, 0, 0, 0, 0, 0, 0, 0]",brim
134031,user_456,The target has a large arched brim.,36ZN444YTTR6ZBZTBX29M4KL8DVOIH,81.0,f40b47fcbf83b962f0d11ae402ef940e,cap,ShapeNet,96a9f36ce97a067aa99fc65b413040d6,cap,PartNet,False,cap/PartNet/96a9f36ce97a067aa99fc65b413040d6,cap/ShapeNet/f40b47fcbf83b962f0d11ae402ef940e,False,hat,cap,1,"['the', 'target', 'has', 'a', 'large', 'arched', 'brim']",7,the target has a large arched brim,train,train,train,train,"[1, 10, 11, 24, 26, 94, 366, 601, 2, 0, 0, 0, 0, 0, 0, 0, 0, 0]",brim
134035,user_1529,"The brim is thinner, without as much height.",3R6BYFZZP959JTBVBGJK2KYM4P2FXG,82.0,b5a6c597fefeaa0598095901ddb7e8e7,cap,PartNet,284f1361baa1afdaeb02cbc132e4be3,cap,PartNet,False,cap/PartNet/284f1361baa1afdaeb02cbc132e4be3,cap/PartNet/b5a6c597fefeaa0598095901ddb7e8e7,True,hat,hat,1,"['the', 'brim', 'is', 'thin', '-er', 'without', 'as', 'much', 'height']",9,the brim is thin -er without as much height,train,train,train,train,"[1, 10, 601, 7, 60, 9, 803, 52, 59, 117, 2, 0, 0, 0, 0, 0, 0, 0]",brim
134036,user_2105,target has taller crown,3R9WASFE219YOOBACY75Z5EXCPFZFC,109.0,b5a6c597fefeaa0598095901ddb7e8e7,cap,PartNet,284f1361baa1afdaeb02cbc132e4be3,cap,PartNet,False,cap/PartNet/284f1361baa1afdaeb02cbc132e4be3,cap/PartNet/b5a6c597fefeaa0598095901ddb7e8e7,True,hat,hat,1,"['target', 'has', 'tall', '-er', 'crown']",5,target has tall -er crown,train,train,train,train,"[1, 11, 24, 53, 9, 606, 2, 0, 0, 0, 0, 0, 0, 0, 0, 0, 0, 0]",crown
134037,user_456,The target has a circular brim all the way around it.,304SM51WA5XBAVDGC4R1KMQ9ACGBSU,90.0,35450ea3b3158ed6eefb4d7820758668,cap,PartNet,8670ef4375bbb95568b8a8e5babef621,cap,PartNet,False,cap/PartNet/8670ef4375bbb95568b8a8e5babef621,cap/PartNet/35450ea3b3158ed6eefb4d7820758668,True,hat,hat,1,"['the', 'target', 'has', 'a', 'circular', 'brim', 'all', 'the', 'way', 'around', 'it']",11,the target has a circular brim all the way around it,train,train,train,train,"[1, 10, 11, 24, 26, 102, 601, 367, 10, 471, 239, 23, 2, 0, 0, 0, 0, 0]",brim
134038,user_1529,The crown bends down further in the back,3KOPY89HMAVD8XQDAH3HA21AQ1IJ3N,63.0,35450ea3b3158ed6eefb4d7820758668,cap,PartNet,8670ef4375bbb95568b8a8e5babef621,cap,PartNet,False,cap/PartNet/8670ef4375bbb95568b8a8e5babef621,cap/PartNet/35450ea3b3158ed6eefb4d7820758668,True,hat,hat,1,"['the', 'crown', 'bends', 'down', 'far', '-er', 'in', 'the', 'back']",9,the crown bends down far -er in the back,train,train,train,train,"[1, 10, 606, 193, 44, 78, 9, 90, 10, 183, 2, 0, 0, 0, 0, 0, 0, 0]",crown
134039,user_2105,target as longer length crown,3L4PIM1GQV9VMO6E775G2NJE9J5YRY,58.0,35450ea3b3158ed6eefb4d7820758668,cap,PartNet,8670ef4375bbb95568b8a8e5babef621,cap,PartNet,False,cap/PartNet/8670ef4375bbb95568b8a8e5babef621,cap/PartNet/35450ea3b3158ed6eefb4d7820758668,True,hat,hat,1,"['target', 'as', 'long', '-er', 'length', 'crown']",6,target as long -er length crown,train,train,train,train,"[1, 11, 52, 32, 9, 155, 606, 2, 0, 0, 0, 0, 0, 0, 0, 0, 0, 0]",crown
134040,user_920,The target's brim slants down at the edge.,3JWH6J9I9U6EUILB48AFLSG3NC8NBS,69.0,3c2a6e6704d24b71325036f2a8f48b04,cap,PartNet,c998a0afe9bcbe89bc4ac3caf16ef65,cap,PartNet,False,cap/PartNet/c998a0afe9bcbe89bc4ac3caf16ef65,cap/PartNet/3c2a6e6704d24b71325036f2a8f48b04,False,hat,hat,1,"['the', 'target', ""'s"", 'brim', 'slants', 'down', 'at', 'the', 'edge']",9,the target 's brim slants down at the edge,test,train,test,train,"[1, 10, 11, 12, 601, 2994, 44, 98, 10, 631, 2, 0, 0, 0, 0, 0, 0, 0]",brim
134041,user_1529,The brim tapers down.,3I7DHKZYGPT0HARL5A0PA172BPYF5A,220.0,3c2a6e6704d24b71325036f2a8f48b04,cap,PartNet,c998a0afe9bcbe89bc4ac3caf16ef65,cap,PartNet,False,cap/PartNet/c998a0afe9bcbe89bc4ac3caf16ef65,cap/PartNet/3c2a6e6704d24b71325036f2a8f48b04,False,hat,hat,1,"['the', 'brim', 'tapers', 'down']",4,the brim tapers down,test,train,test,train,"[1, 10, 601, 566, 44, 2, 0, 0, 0, 0, 0, 0, 0, 0, 0, 0, 0, 0]",brim
134042,user_1644,The crown is shaped like a hexagon.,34V1S5K3GUUNZ40M77A2SBZR4N096G,27.0,3c2a6e6704d24b71325036f2a8f48b04,cap,PartNet,c998a0afe9bcbe89bc4ac3caf16ef65,cap,PartNet,False,cap/PartNet/c998a0afe9bcbe89bc4ac3caf16ef65,cap/PartNet/3c2a6e6704d24b71325036f2a8f48b04,False,hat,hat,1,"['the', 'crown', 'is', 'shaped', 'like', 'a', 'hexagon']",7,the crown is shaped like a hexagon,test,train,test,train,"[1, 10, 606, 7, 14, 35, 26, 246, 2, 0, 0, 0, 0, 0, 0, 0, 0, 0]",crown
134046,user_1644,It does not have a brim.,3ZV9H2YQQF0ZEHQCHGMWZSVISXHW3L,21.0,fc4bf4203c69da43b5c87aa520cf194f,cap,PartNet,3b0f81cd74875acbb196d563c325e416,cap,PartNet,False,cap/PartNet/3b0f81cd74875acbb196d563c325e416,cap/PartNet/fc4bf4203c69da43b5c87aa520cf194f,False,hat,hat,1,"['it', 'does', 'not', 'have', 'a', 'brim']",6,it does not have a brim,train,train,train,train,"[1, 23, 39, 40, 84, 26, 601, 2, 0, 0, 0, 0, 0, 0, 0, 0, 0, 0]",brim
134047,user_1964,there is no flat brim,39LOEL67OUYOOGUUJD6QLCSWAPW38T,107.0,fc4bf4203c69da43b5c87aa520cf194f,cap,PartNet,3b0f81cd74875acbb196d563c325e416,cap,PartNet,False,cap/PartNet/3b0f81cd74875acbb196d563c325e416,cap/PartNet/fc4bf4203c69da43b5c87aa520cf194f,False,hat,hat,1,"['there', 'is', 'no', 'flat', 'brim']",5,there is no flat brim,train,train,train,train,"[1, 15, 7, 123, 129, 601, 2, 0, 0, 0, 0, 0, 0, 0, 0, 0, 0, 0]",brim
134048,user_2105,target has triangular shaped crown,386CSBG1O1FTR3H8O9LOE6PGENCQ6R,27.0,fc4bf4203c69da43b5c87aa520cf194f,cap,PartNet,3b0f81cd74875acbb196d563c325e416,cap,PartNet,False,cap/PartNet/3b0f81cd74875acbb196d563c325e416,cap/PartNet/fc4bf4203c69da43b5c87aa520cf194f,False,hat,hat,1,"['target', 'has', 'triangular', 'shaped', 'crown']",5,target has triangular shaped crown,train,train,train,train,"[1, 11, 24, 564, 14, 606, 2, 0, 0, 0, 0, 0, 0, 0, 0, 0, 0, 0]",crown
134049,user_1633,The target has a cone-shaped crown.,3C8HJ7UOP9N4UY3RYLBIUVY69PJMZW,26.0,dc3e5c0457defe87a52821bf1aa3b19a,cap,ShapeNet,3c2a6e6704d24b71325036f2a8f48b04,cap,PartNet,False,cap/PartNet/3c2a6e6704d24b71325036f2a8f48b04,cap/ShapeNet/dc3e5c0457defe87a52821bf1aa3b19a,False,hat,cap,1,"['the', 'target', 'has', 'a', 'cone', 'shaped', 'crown']",7,the target has a cone shaped crown,train,train,train,train,"[1, 10, 11, 24, 26, 143, 14, 606, 2, 0, 0, 0, 0, 0, 0, 0, 0, 0]",crown
134050,user_1644,The crown is taller.,37U1UTWH9XFG7IFWU37M3AVCG4KR8V,16.0,dc3e5c0457defe87a52821bf1aa3b19a,cap,ShapeNet,3c2a6e6704d24b71325036f2a8f48b04,cap,PartNet,False,cap/PartNet/3c2a6e6704d24b71325036f2a8f48b04,cap/ShapeNet/dc3e5c0457defe87a52821bf1aa3b19a,False,hat,cap,1,"['the', 'crown', 'is', 'tall', '-er']",5,the crown is tall -er,train,train,train,train,"[1, 10, 606, 7, 53, 9, 2, 0, 0, 0, 0, 0, 0, 0, 0, 0, 0, 0]",crown
134053,user_1633,The target's brim is not flat.,3HYA4D452TC8ID8YNRYRCU4QRF82FX,27.0,3c2a6e6704d24b71325036f2a8f48b04,cap,PartNet,d5cdba69afacdbf19393051c3324a45f,cap,PartNet,False,cap/PartNet/d5cdba69afacdbf19393051c3324a45f,cap/PartNet/3c2a6e6704d24b71325036f2a8f48b04,True,hat,hat,1,"['the', 'target', ""'s"", 'brim', 'is', 'not', 'flat']",7,the target 's brim is not flat,train,train,train,train,"[1, 10, 11, 12, 601, 7, 40, 129, 2, 0, 0, 0, 0, 0, 0, 0, 0, 0]",brim
134054,user_1644,It has a decorative ball at the top of the crown.,3SLE99ER0P68B7ZU7WL9GFNCXR0BZJ,34.0,3c2a6e6704d24b71325036f2a8f48b04,cap,PartNet,d5cdba69afacdbf19393051c3324a45f,cap,PartNet,False,cap/PartNet/d5cdba69afacdbf19393051c3324a45f,cap/PartNet/3c2a6e6704d24b71325036f2a8f48b04,True,hat,hat,1,"['it', 'has', 'a', 'decorative', 'ball', 'at', 'the', 'top', 'of', 'the', 'crown']",11,it has a decorative ball at the top of the crown,train,train,train,train,"[1, 23, 24, 26, 216, 668, 98, 10, 99, 38, 10, 606, 2, 0, 0, 0, 0, 0]",crown
134056,user_1143,The target has a round ball on top,3JNQLM5FT6FUI5IU921P779AOBVL2M,72.0,8173b6a303d2888671b99e20c1071f6c,cap,PartNet,88adc86cf9004a01ed43c5a21cb8b385,cap,PartNet,False,cap/PartNet/88adc86cf9004a01ed43c5a21cb8b385,cap/PartNet/8173b6a303d2888671b99e20c1071f6c,False,hat,hat,1,"['the', 'target', 'has', 'a', 'round', 'ball', 'on', 'top']",8,the target has a round ball on top,train,train,train,train,"[1, 10, 11, 24, 26, 134, 668, 20, 99, 2, 0, 0, 0, 0, 0, 0, 0, 0]",crown
134058,user_1529,The side of the brim is thicker.,3U5NZHP4LTVOOG0AKFX3BSOWI4CPH4,46.0,3d8381bbd02ff8e23a579c3371197382,cap,PartNet,233a6e7c31de58a33d4bab39ff8346fd,cap,PartNet,False,cap/PartNet/233a6e7c31de58a33d4bab39ff8346fd,cap/PartNet/3d8381bbd02ff8e23a579c3371197382,True,hat,hat,1,"['the', 'side', 'of', 'the', 'brim', 'is', 'thick', '-er']",8,the side of the brim is thick -er,train,train,train,train,"[1, 10, 22, 38, 10, 601, 7, 54, 9, 2, 0, 0, 0, 0, 0, 0, 0, 0]",brim
134059,user_1633,The target has a thicker brim.,3NJM2BJS4YZX78PUYNJ201RG5C9CPK,24.0,3d8381bbd02ff8e23a579c3371197382,cap,PartNet,233a6e7c31de58a33d4bab39ff8346fd,cap,PartNet,False,cap/PartNet/233a6e7c31de58a33d4bab39ff8346fd,cap/PartNet/3d8381bbd02ff8e23a579c3371197382,True,hat,hat,1,"['the', 'target', 'has', 'a', 'thick', '-er', 'brim']",7,the target has a thick -er brim,train,train,train,train,"[1, 10, 11, 24, 26, 54, 9, 601, 2, 0, 0, 0, 0, 0, 0, 0, 0, 0]",brim
134060,user_1644,The crown is taller.,3U84XHCDIE6OQ8ELSHBM81H6NYYZ4E,21.0,3d8381bbd02ff8e23a579c3371197382,cap,PartNet,233a6e7c31de58a33d4bab39ff8346fd,cap,PartNet,False,cap/PartNet/233a6e7c31de58a33d4bab39ff8346fd,cap/PartNet/3d8381bbd02ff8e23a579c3371197382,True,hat,hat,1,"['the', 'crown', 'is', 'tall', '-er']",5,the crown is tall -er,train,train,train,train,"[1, 10, 606, 7, 53, 9, 2, 0, 0, 0, 0, 0, 0, 0, 0, 0, 0, 0]",crown
134061,user_786,"It has a front-only visor, NOT a brim around the circumference",3IX2EGZR7DC5RZBFL74DS04QWE5JRW,51.0,58951c10aaeeff2afe8474bfd438f6d8,cap,PartNet,5a5c976be7015447f0d11ae402ef940e,cap,PartNet,False,cap/PartNet/5a5c976be7015447f0d11ae402ef940e,cap/PartNet/58951c10aaeeff2afe8474bfd438f6d8,True,hat,hat,1,"['it', 'has', 'a', 'front', 'only', 'visor', 'not', 'a', 'brim', 'around', 'the', 'circumference']",12,it has a front only visor not a brim around the circumference,train,train,train,train,"[1, 23, 24, 26, 37, 133, 605, 40, 26, 601, 239, 10, 180, 2, 0, 0, 0, 0]",brim
134063,user_2105,target has no brim,39ASUFLU6Z0HDFBZG5ZEK2DMSOLXEE,27.0,58951c10aaeeff2afe8474bfd438f6d8,cap,PartNet,5a5c976be7015447f0d11ae402ef940e,cap,PartNet,False,cap/PartNet/5a5c976be7015447f0d11ae402ef940e,cap/PartNet/58951c10aaeeff2afe8474bfd438f6d8,True,hat,hat,1,"['target', 'has', 'no', 'brim']",4,target has no brim,train,train,train,train,"[1, 11, 24, 123, 601, 2, 0, 0, 0, 0, 0, 0, 0, 0, 0, 0, 0, 0]",brim
134068,user_1633,The target is not flat on top.,3HMVI3QICLL7TJ7X9DQ1WW115KK1YC,19.0,a4ad860de76ad2b52a2d94519249662c,cap,PartNet,56f2db4609b14073230a4d129580843a,cap,PartNet,False,cap/PartNet/56f2db4609b14073230a4d129580843a,cap/PartNet/a4ad860de76ad2b52a2d94519249662c,False,hat,hat,1,"['the', 'target', 'is', 'not', 'flat', 'on', 'top']",7,the target is not flat on top,train,train,train,train,"[1, 10, 11, 7, 40, 129, 20, 99, 2, 0, 0, 0, 0, 0, 0, 0, 0, 0]",crown
134069,user_1644,It is not a top hat.,3W8CV64QJ4S3WTK33Q16P2OHD0WH93,15.0,a4ad860de76ad2b52a2d94519249662c,cap,PartNet,56f2db4609b14073230a4d129580843a,cap,PartNet,False,cap/PartNet/56f2db4609b14073230a4d129580843a,cap/PartNet/a4ad860de76ad2b52a2d94519249662c,False,hat,hat,1,"['it', 'is', 'not', 'a', 'top', 'hat']",6,it is not a top hat,train,train,train,train,"[1, 23, 7, 40, 26, 99, 602, 2, 0, 0, 0, 0, 0, 0, 0, 0, 0, 0]",crown
134072,user_1964,the visor is smaller in relation to the crown,3E337GFOLB1ALZTMKU2TM3703PZGN1,107.0,fe319939c7dc4a6ff691355a196da5f,cap,PartNet,ad672c08a646c7419cd3f9e8648111d1,cap,PartNet,False,cap/PartNet/ad672c08a646c7419cd3f9e8648111d1,cap/PartNet/fe319939c7dc4a6ff691355a196da5f,False,hat,hat,1,"['the', 'visor', 'is', 'small', '-er', 'in', 'relation', 'to', 'the', 'crown']",10,the visor is small -er in relation to the crown,train,train,train,train,"[1, 10, 605, 7, 111, 9, 90, 4613, 58, 10, 606, 2, 0, 0, 0, 0, 0, 0]",crown
134074,user_1143,The target has a round ball on top,3EFE17QCREYL18G2CW1X6XT75OLSHP,49.0,3f712e64c37ee460e4b30fdd654658ce,cap,PartNet,bfdcb0d592aa35698b3247ca9bcd5b10,cap,PartNet,False,cap/PartNet/bfdcb0d592aa35698b3247ca9bcd5b10,cap/PartNet/3f712e64c37ee460e4b30fdd654658ce,False,hat,hat,1,"['the', 'target', 'has', 'a', 'round', 'ball', 'on', 'top']",8,the target has a round ball on top,train,train,train,train,"[1, 10, 11, 24, 26, 134, 668, 20, 99, 2, 0, 0, 0, 0, 0, 0, 0, 0]",crown
134076,user_786,Its brim does NOT go around the entire hat,3Z4XG4ZF4AK04E1832DESSH0HKVX8L,47.0,60153b9c1dc500a93d8dd242efdcdeb,cap,PartNet,fa8124cce25881004fcdbc2114c724fa,cap,PartNet,False,cap/PartNet/fa8124cce25881004fcdbc2114c724fa,cap/PartNet/60153b9c1dc500a93d8dd242efdcdeb,False,hat,hat,1,"['its', 'brim', 'does', 'not', 'go', 'around', 'the', 'entire', 'hat']",9,its brim does not go around the entire hat,train,train,train,train,"[1, 5, 601, 39, 40, 741, 239, 10, 516, 602, 2, 0, 0, 0, 0, 0, 0, 0]",brim
134078,user_1633,The top is not pointed at the top.,3EA3QWIZ4KOMC3417EO8GEQ87KCTI6,38.0,60153b9c1dc500a93d8dd242efdcdeb,cap,PartNet,fa8124cce25881004fcdbc2114c724fa,cap,PartNet,False,cap/PartNet/fa8124cce25881004fcdbc2114c724fa,cap/PartNet/60153b9c1dc500a93d8dd242efdcdeb,False,hat,hat,1,"['the', 'top', 'is', 'not', 'pointed', 'at', 'the', 'top']",8,the top is not pointed at the top,train,train,train,train,"[1, 10, 99, 7, 40, 387, 98, 10, 99, 2, 0, 0, 0, 0, 0, 0, 0, 0]",crown
134079,user_456,The target has no propeller on top.,3COPXFW7XD5FQ61IQ000OK4OAMIPKC,77.0,ad672c08a646c7419cd3f9e8648111d1,cap,PartNet,e1c16d76fa8d0289bcbb5732017b0d93,cap,PartNet,False,cap/PartNet/e1c16d76fa8d0289bcbb5732017b0d93,cap/PartNet/ad672c08a646c7419cd3f9e8648111d1,False,hat,hat,1,"['the', 'target', 'has', 'no', 'propeller', 'on', 'top']",7,the target has no propeller on top,train,train,train,train,"[1, 10, 11, 24, 123, 692, 20, 99, 2, 0, 0, 0, 0, 0, 0, 0, 0, 0]",crown
134081,user_2105,target does not have helicopter spinner on crown,3UWN2HHPU0YDB42DFUWABHQ3R1KSNQ,63.0,ad672c08a646c7419cd3f9e8648111d1,cap,PartNet,e1c16d76fa8d0289bcbb5732017b0d93,cap,PartNet,False,cap/PartNet/e1c16d76fa8d0289bcbb5732017b0d93,cap/PartNet/ad672c08a646c7419cd3f9e8648111d1,False,hat,hat,1,"['target', 'does', 'not', 'have', 'helicopter', 'spinner', 'on', 'crown']",8,target does not have helicopter spinner on crown,train,train,train,train,"[1, 11, 39, 40, 84, 773, 775, 20, 606, 2, 0, 0, 0, 0, 0, 0, 0, 0]",crown
134083,user_786,Its crown has a more squarish hemispherical shape,34PGFRQONQ4AZVS1K1EJFZC7OTKWJC,49.0,d18c3ce1f186c16976bb31db0358e9c6,cap,ShapeNet,7cf439aa8382299047765668cf4023ed,cap,ShapeNet,False,cap/ShapeNet/7cf439aa8382299047765668cf4023ed,cap/ShapeNet/d18c3ce1f186c16976bb31db0358e9c6,True,cap,cap,1,"['its', 'crown', 'has', 'a', 'more', 'squarish', 'hemispherical', 'shape']",8,its crown has a more squarish hemispherical shape,train,train,train,train,"[1, 5, 606, 24, 26, 34, 510, 680, 93, 2, 0, 0, 0, 0, 0, 0, 0, 0]",crown
134088,user_1529,The top has a small button in the middle.,3STRJBFXOYKDIYUP7H9KTU5LZPVTKD,158.0,dc06523b3413d01d3ead562a41d49338,cap,PartNet,a444fff8c769de616a10eb60523df1e9,cap,ShapeNet,False,cap/ShapeNet/a444fff8c769de616a10eb60523df1e9,cap/PartNet/dc06523b3413d01d3ead562a41d49338,False,cap,hat,1,"['the', 'top', 'has', 'a', 'small', 'button', 'in', 'the', 'middle']",9,the top has a small button in the middle,train,train,train,train,"[1, 10, 99, 24, 26, 111, 596, 90, 10, 232, 2, 0, 0, 0, 0, 0, 0, 0]",crown
134090,user_2105,target has larger crown,32VNZTT0A9XFOHSUI0H9MYF7EIP4R2,36.0,dc06523b3413d01d3ead562a41d49338,cap,PartNet,a444fff8c769de616a10eb60523df1e9,cap,ShapeNet,False,cap/ShapeNet/a444fff8c769de616a10eb60523df1e9,cap/PartNet/dc06523b3413d01d3ead562a41d49338,False,cap,hat,1,"['target', 'has', 'large', '-er', 'crown']",5,target has large -er crown,train,train,train,train,"[1, 11, 24, 94, 9, 606, 2, 0, 0, 0, 0, 0, 0, 0, 0, 0, 0, 0]",crown
134092,user_786,Its crown's cylindrical sides are taller,3MTMREQS4XBZY2PXQV16M09OY6QWAW,100.0,8173b6a303d2888671b99e20c1071f6c,cap,PartNet,deb19c41bc1e4ba5c8727b27ee96a4b7,cap,PartNet,False,cap/PartNet/deb19c41bc1e4ba5c8727b27ee96a4b7,cap/PartNet/8173b6a303d2888671b99e20c1071f6c,False,hat,hat,1,"['its', 'crown', ""'s"", 'cylindrical', 'sides', 'are', 'tall', '-er']",8,its crown 's cylindrical sides are tall -er,train,train,train,train,"[1, 5, 606, 12, 176, 360, 16, 53, 9, 2, 0, 0, 0, 0, 0, 0, 0, 0]",crown
134093,user_1644,The crown is square.,386PBUZZXHQUO1G2GN7H6OVRQNPLJJ,55.0,8173b6a303d2888671b99e20c1071f6c,cap,PartNet,deb19c41bc1e4ba5c8727b27ee96a4b7,cap,PartNet,False,cap/PartNet/deb19c41bc1e4ba5c8727b27ee96a4b7,cap/PartNet/8173b6a303d2888671b99e20c1071f6c,False,hat,hat,1,"['the', 'crown', 'is', 'square']",4,the crown is square,train,train,train,train,"[1, 10, 606, 7, 50, 2, 0, 0, 0, 0, 0, 0, 0, 0, 0, 0, 0, 0]",crown
134098,user_786,"Its brim is slanted downward, NOT upward",3SBEHTYCWPWITP3VHKB7OVINMMVIYL,144.0,5eb9ab53213f5fff4e09ebaf49b0cb2f,cap,ShapeNet,a0ab4dc115f1b4f3b26ac8618c0d5a9,cap,PartNet,False,cap/PartNet/a0ab4dc115f1b4f3b26ac8618c0d5a9,cap/ShapeNet/5eb9ab53213f5fff4e09ebaf49b0cb2f,False,hat,cap,1,"['its', 'brim', 'is', 'slanted', 'downward', 'not', 'upward']",7,its brim is slanted downward not upward,train,train,train,train,"[1, 5, 601, 7, 674, 42, 40, 79, 2, 0, 0, 0, 0, 0, 0, 0, 0, 0]",brim
134099,user_2105,target has thinner brim,3KKG4CDWKKR9KHW8OJHNVDFD8W1942,33.0,5eb9ab53213f5fff4e09ebaf49b0cb2f,cap,ShapeNet,a0ab4dc115f1b4f3b26ac8618c0d5a9,cap,PartNet,False,cap/PartNet/a0ab4dc115f1b4f3b26ac8618c0d5a9,cap/ShapeNet/5eb9ab53213f5fff4e09ebaf49b0cb2f,False,hat,cap,1,"['target', 'has', 'thin', '-er', 'brim']",5,target has thin -er brim,train,train,train,train,"[1, 11, 24, 60, 9, 601, 2, 0, 0, 0, 0, 0, 0, 0, 0, 0, 0, 0]",brim
134100,user_203,It does not have a flower attached to the crown.,3IXQG4FA2VRT5GHH3YRA3RLJIOUB9M,75.0,d12f1b6c7df969f39fd67caf3bf15730,cap,PartNet,288e11d15d927943068951f59ff267e,cap,PartNet,False,cap/PartNet/288e11d15d927943068951f59ff267e,cap/PartNet/d12f1b6c7df969f39fd67caf3bf15730,True,hat,hat,1,"['it', 'does', 'not', 'have', 'a', 'flower', 'attached', 'to', 'the', 'crown']",10,it does not have a flower attached to the crown,train,train,train,train,"[1, 23, 39, 40, 84, 26, 785, 115, 58, 10, 606, 2, 0, 0, 0, 0, 0, 0]",crown
134102,user_2105,target does not have decorative pieces attached to crown,39O5D9O87VLQ0JK70PMVNYOF0H73CR,69.0,d12f1b6c7df969f39fd67caf3bf15730,cap,PartNet,288e11d15d927943068951f59ff267e,cap,PartNet,False,cap/PartNet/288e11d15d927943068951f59ff267e,cap/PartNet/d12f1b6c7df969f39fd67caf3bf15730,True,hat,hat,1,"['target', 'does', 'not', 'have', 'decorative', 'pieces', 'attached', 'to', 'crown']",9,target does not have decorative pieces attached to crown,train,train,train,train,"[1, 11, 39, 40, 84, 216, 447, 115, 58, 606, 2, 0, 0, 0, 0, 0, 0, 0]",crown
134103,user_203,There is no brim.,3TMFV4NEPA7LFEWITXHSQ93T8J9W8D,136.0,5f988e8af9ac5b873d1423abb84263f3,cap,PartNet,824e0bb9c53a50d27c010a074193cb9e,cap,PartNet,False,cap/PartNet/824e0bb9c53a50d27c010a074193cb9e,cap/PartNet/5f988e8af9ac5b873d1423abb84263f3,False,hat,hat,1,"['there', 'is', 'no', 'brim']",4,there is no brim,train,train,train,train,"[1, 15, 7, 123, 601, 2, 0, 0, 0, 0, 0, 0, 0, 0, 0, 0, 0, 0]",brim
134104,user_786,It does NOT have curved narrow cylinders extending out from the middle of the crown,3PXX5PX6LZR7AZRMV45AZMW3O58BAV,77.0,5f988e8af9ac5b873d1423abb84263f3,cap,PartNet,824e0bb9c53a50d27c010a074193cb9e,cap,PartNet,False,cap/PartNet/824e0bb9c53a50d27c010a074193cb9e,cap/PartNet/5f988e8af9ac5b873d1423abb84263f3,False,hat,hat,1,"['it', 'does', 'not', 'have', 'curved', 'narrow', 'cylinders', 'extending', 'out', 'from', 'the', 'middle', 'of', 'the', 'crown']",15,it does not have curved narrow cylinders extending out from the middle of the crown,train,train,train,train,"[1, 23, 39, 40, 84, 51, 210, 402, 112, 89, 113, 10, 232, 38, 10, 606, 2, 0]",crown
134105,user_1644,It does not have a ball at the top of the crown.,3VW6495TLLT4JPI0L2XAAJCBC5TYY7,63.0,5f988e8af9ac5b873d1423abb84263f3,cap,PartNet,824e0bb9c53a50d27c010a074193cb9e,cap,PartNet,False,cap/PartNet/824e0bb9c53a50d27c010a074193cb9e,cap/PartNet/5f988e8af9ac5b873d1423abb84263f3,False,hat,hat,1,"['it', 'does', 'not', 'have', 'a', 'ball', 'at', 'the', 'top', 'of', 'the', 'crown']",12,it does not have a ball at the top of the crown,train,train,train,train,"[1, 23, 39, 40, 84, 26, 668, 98, 10, 99, 38, 10, 606, 2, 0, 0, 0, 0]",crown
134112,user_90,The brim is taller,3TE22NPXPD58NBQW7OLWE54XM4I44W,36.0,8173b6a303d2888671b99e20c1071f6c,cap,PartNet,14103d87f108ab847cb2a55fa21392b7,cap,PartNet,False,cap/PartNet/14103d87f108ab847cb2a55fa21392b7,cap/PartNet/8173b6a303d2888671b99e20c1071f6c,True,hat,hat,1,"['the', 'brim', 'is', 'tall', '-er']",5,the brim is tall -er,train,train,train,train,"[1, 10, 601, 7, 53, 9, 2, 0, 0, 0, 0, 0, 0, 0, 0, 0, 0, 0]",brim
134117,user_1644,The crown is shorter.,3QEMNNSB2ZSI6UR82XKWKLIDQIID7H,17.0,5c4122d7fa08f514796410d3fd165433,cap,PartNet,dc3e5c0457defe87a52821bf1aa3b19a,cap,ShapeNet,False,cap/ShapeNet/dc3e5c0457defe87a52821bf1aa3b19a,cap/PartNet/5c4122d7fa08f514796410d3fd165433,False,cap,hat,1,"['the', 'crown', 'is', 'short', '-er']",5,the crown is short -er,train,train,train,train,"[1, 10, 606, 7, 8, 9, 2, 0, 0, 0, 0, 0, 0, 0, 0, 0, 0, 0]",crown
134119,user_1644,The top of the hat is not square.,3AAPLD8UCEAMG8TH1W6NG2PT78HTHZ,32.0,deb19c41bc1e4ba5c8727b27ee96a4b7,cap,PartNet,587e59afe62ea145f0d11ae402ef940e,cap,PartNet,False,cap/PartNet/587e59afe62ea145f0d11ae402ef940e,cap/PartNet/deb19c41bc1e4ba5c8727b27ee96a4b7,True,hat,hat,1,"['the', 'top', 'of', 'the', 'hat', 'is', 'not', 'square']",8,the top of the hat is not square,train,train,train,train,"[1, 10, 99, 38, 10, 602, 7, 40, 50, 2, 0, 0, 0, 0, 0, 0, 0, 0]",crown
134125,user_1644,The brim is flatter.,37UQDCYH6ZO40BRUTIKQQ7OKQPLV7X,121.0,f649b3afc815fff1e657bffb92fd93ce,cap,PartNet,45322773dbfa4b11851dfc313e1c5e29,cap,PartNet,False,cap/PartNet/45322773dbfa4b11851dfc313e1c5e29,cap/PartNet/f649b3afc815fff1e657bffb92fd93ce,True,hat,hat,1,"['the', 'brim', 'is', 'flat', '-er']",5,the brim is flat -er,val,train,val,train,"[1, 10, 601, 7, 129, 9, 2, 0, 0, 0, 0, 0, 0, 0, 0, 0, 0, 0]",brim
134126,user_2105,target has a side emblem on crown,388U7OUMF9UYPTATZZU7AVPUX670RG,59.0,f649b3afc815fff1e657bffb92fd93ce,cap,PartNet,45322773dbfa4b11851dfc313e1c5e29,cap,PartNet,False,cap/PartNet/45322773dbfa4b11851dfc313e1c5e29,cap/PartNet/f649b3afc815fff1e657bffb92fd93ce,True,hat,hat,1,"['target', 'has', 'a', 'side', 'emblem', 'on', 'crown']",7,target has a side emblem on crown,val,train,val,train,"[1, 11, 24, 26, 22, 687, 20, 606, 2, 0, 0, 0, 0, 0, 0, 0, 0, 0]",crown
134128,user_1633,The target's brim is more square.,3VBEN272MMS71CLRSQJFLXH6QO6SGO,34.0,fe319939c7dc4a6ff691355a196da5f,cap,PartNet,620b921e3f1a504258a12735d0a1edc9,cap,PartNet,False,cap/PartNet/620b921e3f1a504258a12735d0a1edc9,cap/PartNet/fe319939c7dc4a6ff691355a196da5f,True,hat,hat,1,"['the', 'target', ""'s"", 'brim', 'is', 'more', 'square']",7,the target 's brim is more square,train,train,train,train,"[1, 10, 11, 12, 601, 7, 34, 50, 2, 0, 0, 0, 0, 0, 0, 0, 0, 0]",brim
134130,user_1633,"The target has a brim, not a visor.",3TR2532VIRNC5GDVTJ1FH5DU0RR6JL,25.0,3b0a1a20ef0ce1a34c90f2ddc14dc59b,cap,ShapeNet,985e86f7ecaec93d41c01a2987577d0c,cap,PartNet,False,cap/PartNet/985e86f7ecaec93d41c01a2987577d0c,cap/ShapeNet/3b0a1a20ef0ce1a34c90f2ddc14dc59b,False,hat,cap,1,"['the', 'target', 'has', 'a', 'brim', 'not', 'a', 'visor']",8,the target has a brim not a visor,train,train,train,train,"[1, 10, 11, 24, 26, 601, 40, 26, 605, 2, 0, 0, 0, 0, 0, 0, 0, 0]",brim
134133,user_156,Its crown comes to a point.,336KAV9KYSLEI4PTSHQF1FB6XQZ2YV,31.0,befe908292dd78d92ef65425c21143ca,cap,PartNet,31253a0f8eaa2c5c785f06f424b9d06,cap,PartNet,False,cap/PartNet/31253a0f8eaa2c5c785f06f424b9d06,cap/PartNet/befe908292dd78d92ef65425c21143ca,False,hat,hat,1,"['its', 'crown', 'comes', 'to', 'a', 'point']",6,its crown comes to a point,train,train,train,train,"[1, 5, 606, 88, 58, 26, 412, 2, 0, 0, 0, 0, 0, 0, 0, 0, 0, 0]",crown
134134,user_865,Target has a triangle cone shaped crown with a pointed tip,3GU1KF0O4KUEX3XOKNN7PHLYNRCPBT,558.0,befe908292dd78d92ef65425c21143ca,cap,PartNet,31253a0f8eaa2c5c785f06f424b9d06,cap,PartNet,False,cap/PartNet/31253a0f8eaa2c5c785f06f424b9d06,cap/PartNet/befe908292dd78d92ef65425c21143ca,False,hat,hat,1,"['target', 'has', 'a', 'triangle', 'cone', 'shaped', 'crown', 'with', 'a', 'pointed', 'tip']",11,target has a triangle cone shaped crown with a pointed tip,train,train,train,train,"[1, 11, 24, 26, 608, 143, 14, 606, 121, 26, 387, 357, 2, 0, 0, 0, 0, 0]",crown
134135,user_1644,The crown is taller.,3ON104KXQMPKWD9GHURF9XNO6WV4WU,17.0,befe908292dd78d92ef65425c21143ca,cap,PartNet,31253a0f8eaa2c5c785f06f424b9d06,cap,PartNet,False,cap/PartNet/31253a0f8eaa2c5c785f06f424b9d06,cap/PartNet/befe908292dd78d92ef65425c21143ca,False,hat,hat,1,"['the', 'crown', 'is', 'tall', '-er']",5,the crown is tall -er,train,train,train,train,"[1, 10, 606, 7, 53, 9, 2, 0, 0, 0, 0, 0, 0, 0, 0, 0, 0, 0]",crown
134136,user_203,The brim has more height.,3JJVG1YBEDQA4TF508ETRBGHWSBB5V,109.0,647864ea6669f539379c6a1d59ef7283,cap,PartNet,3f712e64c37ee460e4b30fdd654658ce,cap,PartNet,False,cap/PartNet/3f712e64c37ee460e4b30fdd654658ce,cap/PartNet/647864ea6669f539379c6a1d59ef7283,False,hat,hat,1,"['the', 'brim', 'has', 'more', 'height']",5,the brim has more height,train,train,train,train,"[1, 10, 601, 24, 34, 117, 2, 0, 0, 0, 0, 0, 0, 0, 0, 0, 0, 0]",brim
134137,user_1529,The top of the band is wider than the bottom of the band.,3QUO65DNQWHB82UT5ERN578W28EUOR,81.0,647864ea6669f539379c6a1d59ef7283,cap,PartNet,3f712e64c37ee460e4b30fdd654658ce,cap,PartNet,False,cap/PartNet/3f712e64c37ee460e4b30fdd654658ce,cap/PartNet/647864ea6669f539379c6a1d59ef7283,False,hat,hat,1,"['the', 'top', 'of', 'the', 'band', 'is', 'wide', '-er', 'than', 'the', 'bottom', 'of', 'the', 'band']",14,the top of the band is wide -er than the bottom of the band,train,train,train,train,"[1, 10, 99, 38, 10, 347, 7, 83, 9, 131, 10, 76, 38, 10, 347, 2, 0, 0]",crown
134138,user_2105,target does not have rolled band on bottom of crown,3LS2AMNW5HJJG9NCO57IV6B7ZN6QOG,99.0,647864ea6669f539379c6a1d59ef7283,cap,PartNet,3f712e64c37ee460e4b30fdd654658ce,cap,PartNet,False,cap/PartNet/3f712e64c37ee460e4b30fdd654658ce,cap/PartNet/647864ea6669f539379c6a1d59ef7283,False,hat,hat,1,"['target', 'does', 'not', 'have', 'rolled', 'band', 'on', 'bottom', 'of', 'crown']",10,target does not have rolled band on bottom of crown,train,train,train,train,"[1, 11, 39, 40, 84, 733, 347, 20, 76, 38, 606, 2, 0, 0, 0, 0, 0, 0]",crown
134139,user_786,Its brim is thicker,37TRT2X24SKIBSUQPAINSLZMETABJL,30.0,284f1361baa1afdaeb02cbc132e4be3,cap,PartNet,877e513fb193967693b82513fdd39969,cap,PartNet,False,cap/PartNet/877e513fb193967693b82513fdd39969,cap/PartNet/284f1361baa1afdaeb02cbc132e4be3,True,hat,hat,1,"['its', 'brim', 'is', 'thick', '-er']",5,its brim is thick -er,train,train,train,train,"[1, 5, 601, 7, 54, 9, 2, 0, 0, 0, 0, 0, 0, 0, 0, 0, 0, 0]",brim
134140,user_1143,The target has a wider top,3B4YI393VBPARHUINQDWAB09EZ2SSA,43.0,284f1361baa1afdaeb02cbc132e4be3,cap,PartNet,877e513fb193967693b82513fdd39969,cap,PartNet,False,cap/PartNet/877e513fb193967693b82513fdd39969,cap/PartNet/284f1361baa1afdaeb02cbc132e4be3,True,hat,hat,1,"['the', 'target', 'has', 'a', 'wide', '-er', 'top']",7,the target has a wide -er top,train,train,train,train,"[1, 10, 11, 24, 26, 83, 9, 99, 2, 0, 0, 0, 0, 0, 0, 0, 0, 0]",crown
134141,user_1644,The brim is thicker.,3W92K5RLWWAPD7DB5P5TSNAOZJNV5F,21.0,284f1361baa1afdaeb02cbc132e4be3,cap,PartNet,877e513fb193967693b82513fdd39969,cap,PartNet,False,cap/PartNet/877e513fb193967693b82513fdd39969,cap/PartNet/284f1361baa1afdaeb02cbc132e4be3,True,hat,hat,1,"['the', 'brim', 'is', 'thick', '-er']",5,the brim is thick -er,train,train,train,train,"[1, 10, 601, 7, 54, 9, 2, 0, 0, 0, 0, 0, 0, 0, 0, 0, 0, 0]",brim
134142,user_1644,It does not have a brim.,3M81GAB8A2CZXFY3K02WPMB8SNVBQ3,26.0,c5d20fc28adf769b1802624b30ec569e,cap,PartNet,e21bf79cf940999fecaafbe064b13083,cap,PartNet,False,cap/PartNet/e21bf79cf940999fecaafbe064b13083,cap/PartNet/c5d20fc28adf769b1802624b30ec569e,True,hat,hat,1,"['it', 'does', 'not', 'have', 'a', 'brim']",6,it does not have a brim,train,train,train,train,"[1, 23, 39, 40, 84, 26, 601, 2, 0, 0, 0, 0, 0, 0, 0, 0, 0, 0]",brim
134145,user_786,Its brim is wider,3OS4RQUCRB826Q8U6KR2DN7ULLLBF8,157.0,7b62c58f5911d1061737058619bcd307,cap,PartNet,484d95c416ee10a74ce8c4cc4cdde9b4,cap,PartNet,False,cap/PartNet/484d95c416ee10a74ce8c4cc4cdde9b4,cap/PartNet/7b62c58f5911d1061737058619bcd307,True,hat,hat,1,"['its', 'brim', 'is', 'wide', '-er']",5,its brim is wide -er,train,train,train,train,"[1, 5, 601, 7, 83, 9, 2, 0, 0, 0, 0, 0, 0, 0, 0, 0, 0, 0]",brim
134146,user_1633,The target has a shorter crown.,31QNSG6A5TM6PZVHLP9GYT4CFRH781,27.0,7b62c58f5911d1061737058619bcd307,cap,PartNet,484d95c416ee10a74ce8c4cc4cdde9b4,cap,PartNet,False,cap/PartNet/484d95c416ee10a74ce8c4cc4cdde9b4,cap/PartNet/7b62c58f5911d1061737058619bcd307,True,hat,hat,1,"['the', 'target', 'has', 'a', 'short', '-er', 'crown']",7,the target has a short -er crown,train,train,train,train,"[1, 10, 11, 24, 26, 8, 9, 606, 2, 0, 0, 0, 0, 0, 0, 0, 0, 0]",crown
134147,user_1644,The crown is shorter.,3HUTX6F6VWG2OQLRMUHHZOD4JGZ2OJ,18.0,7b62c58f5911d1061737058619bcd307,cap,PartNet,484d95c416ee10a74ce8c4cc4cdde9b4,cap,PartNet,False,cap/PartNet/484d95c416ee10a74ce8c4cc4cdde9b4,cap/PartNet/7b62c58f5911d1061737058619bcd307,True,hat,hat,1,"['the', 'crown', 'is', 'short', '-er']",5,the crown is short -er,train,train,train,train,"[1, 10, 606, 7, 8, 9, 2, 0, 0, 0, 0, 0, 0, 0, 0, 0, 0, 0]",crown
193892,user_1033,The Brim is thicker,3KGTPGBS6ZEX1V5OIGTQYU5T12LU2M,1518.0,87c240c20a772f51e6e812c94ac516eb,cap,PartNet,2c67d217a62c320ce4b96e37c6ed18f3,cap,PartNet,False,cap/PartNet/2c67d217a62c320ce4b96e37c6ed18f3,cap/PartNet/87c240c20a772f51e6e812c94ac516eb,False,hat,hat,1,"['the', 'brim', 'is', 'thick', '-er']",5,the brim is thick -er,test,train,test,train,"[1, 10, 601, 7, 54, 9, 2, 0, 0, 0, 0, 0, 0, 0, 0, 0, 0, 0]",brim
193893,user_859,The crown is tall,3Z4AIRP3C86ITEHN4H4ZDIUS3EOX10,117.0,d0919880bdf7eec8fe5dfc44db6ed8eb,cap,PartNet,647864ea6669f539379c6a1d59ef7283,cap,PartNet,False,cap/PartNet/647864ea6669f539379c6a1d59ef7283,cap/PartNet/d0919880bdf7eec8fe5dfc44db6ed8eb,True,hat,hat,1,"['the', 'crown', 'is', 'tall']",4,the crown is tall,train,train,train,train,"[1, 10, 606, 7, 53, 2, 0, 0, 0, 0, 0, 0, 0, 0, 0, 0, 0, 0]",crown
193898,user_607,It doesnt have a wide brim,3F6HPJW4JFTATZUTDG8RGIQQMIWW2N,36.0,c68d509f6d2db0bab581cc9c4410f841,cap,PartNet,88adc86cf9004a01ed43c5a21cb8b385,cap,PartNet,False,cap/PartNet/88adc86cf9004a01ed43c5a21cb8b385,cap/PartNet/c68d509f6d2db0bab581cc9c4410f841,True,hat,hat,1,"['it', 'doesnt', 'have', 'a', 'wide', 'brim']",6,it doesnt have a wide brim,train,train,train,train,"[1, 23, 798, 84, 26, 83, 601, 2, 0, 0, 0, 0, 0, 0, 0, 0, 0, 0]",brim
193901,user_742,The brim is turned up a little,3PMBY0YE29WCFL9NHYN5EBR108P9CK,94.0,a1194f613435ee2d8ffc94a6ce28be5e,cap,PartNet,1fd62459ef715e71617fb5e58b4b0232,cap,ShapeNet,False,cap/ShapeNet/1fd62459ef715e71617fb5e58b4b0232,cap/PartNet/a1194f613435ee2d8ffc94a6ce28be5e,True,cap,hat,1,"['the', 'brim', 'is', 'turned', 'up', 'a', 'little']",7,the brim is turned up a little,test,train,test,train,"[1, 10, 601, 7, 580, 269, 26, 907, 2, 0, 0, 0, 0, 0, 0, 0, 0, 0]",brim
193902,user_859,It has a thin brim,3TE22NPXPD58NBQW7OLWE54XM3U446,123.0,b968eb697fbce2d76bb31db0358e9c6,cap,PartNet,87c240c20a772f51e6e812c94ac516eb,cap,PartNet,False,cap/PartNet/87c240c20a772f51e6e812c94ac516eb,cap/PartNet/b968eb697fbce2d76bb31db0358e9c6,False,hat,hat,1,"['it', 'has', 'a', 'thin', 'brim']",5,it has a thin brim,train,train,train,train,"[1, 23, 24, 26, 60, 601, 2, 0, 0, 0, 0, 0, 0, 0, 0, 0, 0, 0]",brim
193904,user_607,The top of the target is not flat.,3EG49X351W5D00IKANGG8EL9BP4X6Y,91.0,580042201e78dd85c17bd3d919c94388,cap,PartNet,ed52d2c2a9c1b606cf9bbc203a5cff99,cap,ShapeNet,False,cap/ShapeNet/ed52d2c2a9c1b606cf9bbc203a5cff99,cap/PartNet/580042201e78dd85c17bd3d919c94388,False,cap,hat,1,"['the', 'top', 'of', 'the', 'target', 'is', 'not', 'flat']",8,the top of the target is not flat,train,train,train,train,"[1, 10, 99, 38, 10, 11, 7, 40, 129, 2, 0, 0, 0, 0, 0, 0, 0, 0]",crown
262939,user_1964,there is no visor under the crown,3UNH76FOCUY4P8TM2Z9ZGOP43VGMY6,30.0,fa8124cce25881004fcdbc2114c724fa,cap,PartNet,bfe8019efc5bbb902c1963cd0990e978,cap,PartNet,False,cap/PartNet/bfe8019efc5bbb902c1963cd0990e978,cap/PartNet/fa8124cce25881004fcdbc2114c724fa,False,hat,hat,2,"['there', 'is', 'no', 'visor', 'under', 'the', 'crown']",7,there is no visor under the crown,train,train,train,train,"[1, 15, 7, 123, 605, 922, 10, 606, 2, 0, 0, 0, 0, 0, 0, 0, 0, 0]",crown
262941,user_1633,The target's crown is the same width at the top as the bottom.,3WS1NTTKE051M35K84UDT6BBUHOF0Q,37.0,5eb9ab53213f5fff4e09ebaf49b0cb2f,cap,ShapeNet,f3e5ec75a719c3efb5f4a9188bfa0ef6,cap,PartNet,False,cap/PartNet/f3e5ec75a719c3efb5f4a9188bfa0ef6,cap/ShapeNet/5eb9ab53213f5fff4e09ebaf49b0cb2f,False,hat,cap,2,"['the', 'target', ""'s"", 'crown', 'is', 'the', 'same', 'width', 'at', 'the', 'top', 'as', 'the', 'bottom']",14,the target 's crown is the same width at the top as the bottom,train,train,train,train,"[1, 10, 11, 12, 606, 7, 10, 300, 358, 98, 10, 99, 52, 10, 76, 2, 0, 0]",crown
262943,user_90,The crown is taller,32AT8R96GN2Q6UMMCV8WPCIXZWMSUP,87.0,40f0c6599f0be25fce01c07526cf2aa4,cap,ShapeNet,3dec0d851cba045fbf444790f25ea3db,cap,ShapeNet,False,cap/ShapeNet/3dec0d851cba045fbf444790f25ea3db,cap/ShapeNet/40f0c6599f0be25fce01c07526cf2aa4,True,cap,cap,2,"['the', 'crown', 'is', 'tall', '-er']",5,the crown is tall -er,train,train,train,train,"[1, 10, 606, 7, 53, 9, 2, 0, 0, 0, 0, 0, 0, 0, 0, 0, 0, 0]",crown
262945,user_1644,The crown is taller.,3U5JL4WY5M2ZLDE6RZN1BG1VFZK4X8,38.0,40f0c6599f0be25fce01c07526cf2aa4,cap,ShapeNet,3dec0d851cba045fbf444790f25ea3db,cap,ShapeNet,False,cap/ShapeNet/3dec0d851cba045fbf444790f25ea3db,cap/ShapeNet/40f0c6599f0be25fce01c07526cf2aa4,True,cap,cap,2,"['the', 'crown', 'is', 'tall', '-er']",5,the crown is tall -er,train,train,train,train,"[1, 10, 606, 7, 53, 9, 2, 0, 0, 0, 0, 0, 0, 0, 0, 0, 0, 0]",crown
262946,user_786,Its crown's peak has no button,3TDXMTX3CDNGA5TPB1GF54YUNDA6IJ,39.0,9634ac7cd209cc7e230a4d129580843a,cap,PartNet,463013adc207ca16eb5d382c7eb13b28,cap,PartNet,False,cap/PartNet/463013adc207ca16eb5d382c7eb13b28,cap/PartNet/9634ac7cd209cc7e230a4d129580843a,True,hat,hat,2,"['its', 'crown', ""'s"", 'peak', 'has', 'no', 'button']",7,its crown 's peak has no button,train,train,train,train,"[1, 5, 606, 12, 2148, 24, 123, 596, 2, 0, 0, 0, 0, 0, 0, 0, 0, 0]",crown
262948,user_1644,The crown is shorter.,3DH6GAKTY0I4OFS5HOZTOQLDIZXYZY,25.0,9634ac7cd209cc7e230a4d129580843a,cap,PartNet,463013adc207ca16eb5d382c7eb13b28,cap,PartNet,False,cap/PartNet/463013adc207ca16eb5d382c7eb13b28,cap/PartNet/9634ac7cd209cc7e230a4d129580843a,True,hat,hat,2,"['the', 'crown', 'is', 'short', '-er']",5,the crown is short -er,train,train,train,train,"[1, 10, 606, 7, 8, 9, 2, 0, 0, 0, 0, 0, 0, 0, 0, 0, 0, 0]",crown
262949,user_2105,target has no letters on crown,3BQU611VFRDAHN2K5EDECLQTUOF99Y,54.0,c49d544f3743bc08d23279d7571c8868,cap,PartNet,77f97b18d27a8905afd2bc3942374579,cap,PartNet,False,cap/PartNet/77f97b18d27a8905afd2bc3942374579,cap/PartNet/c49d544f3743bc08d23279d7571c8868,True,hat,hat,2,"['target', 'has', 'no', 'letters', 'on', 'crown']",6,target has no letters on crown,train,train,train,train,"[1, 11, 24, 123, 1874, 20, 606, 2, 0, 0, 0, 0, 0, 0, 0, 0, 0, 0]",crown
262950,user_786,Its crown is taller,3LOTDFNYA9SUUT651BNY01KFVNAWFI,75.0,484d95c416ee10a74ce8c4cc4cdde9b4,cap,PartNet,87c240c20a772f51e6e812c94ac516eb,cap,PartNet,False,cap/PartNet/87c240c20a772f51e6e812c94ac516eb,cap/PartNet/484d95c416ee10a74ce8c4cc4cdde9b4,True,hat,hat,2,"['its', 'crown', 'is', 'tall', '-er']",5,its crown is tall -er,train,train,train,train,"[1, 5, 606, 7, 53, 9, 2, 0, 0, 0, 0, 0, 0, 0, 0, 0, 0, 0]",crown
262951,user_1644,The crown is wider.,32RIADZISUXRPWS7XPHEC8K30JYS42,46.0,484d95c416ee10a74ce8c4cc4cdde9b4,cap,PartNet,87c240c20a772f51e6e812c94ac516eb,cap,PartNet,False,cap/PartNet/87c240c20a772f51e6e812c94ac516eb,cap/PartNet/484d95c416ee10a74ce8c4cc4cdde9b4,True,hat,hat,2,"['the', 'crown', 'is', 'wide', '-er']",5,the crown is wide -er,train,train,train,train,"[1, 10, 606, 7, 83, 9, 2, 0, 0, 0, 0, 0, 0, 0, 0, 0, 0, 0]",crown
262952,user_2105,target has shorter brim length,3ITXP059PYCHSEBS0W4IIA9MIHFSJM,35.0,484d95c416ee10a74ce8c4cc4cdde9b4,cap,PartNet,87c240c20a772f51e6e812c94ac516eb,cap,PartNet,False,cap/PartNet/87c240c20a772f51e6e812c94ac516eb,cap/PartNet/484d95c416ee10a74ce8c4cc4cdde9b4,True,hat,hat,2,"['target', 'has', 'short', '-er', 'brim', 'length']",6,target has short -er brim length,train,train,train,train,"[1, 11, 24, 8, 9, 601, 155, 2, 0, 0, 0, 0, 0, 0, 0, 0, 0, 0]",brim
262953,user_456,The target's brim is flat and circular.,336YQZE83X76NKJ2RX425RRB8RB5MA,81.0,5dbe1341bec2f70cf0d11ae402ef940e,cap,PartNet,f84abb697315dd7784c54dff812f6abb,cap,PartNet,False,cap/PartNet/f84abb697315dd7784c54dff812f6abb,cap/PartNet/5dbe1341bec2f70cf0d11ae402ef940e,True,hat,hat,2,"['the', 'target', ""'s"", 'brim', 'is', 'flat', 'and', 'circular']",8,the target 's brim is flat and circular,train,train,train,train,"[1, 10, 11, 12, 601, 7, 129, 47, 102, 2, 0, 0, 0, 0, 0, 0, 0, 0]",brim
262954,user_1644,It is a top hat.,386CSBG1O1FTR3H8O9LOE6PGEMJQ6W,54.0,5dbe1341bec2f70cf0d11ae402ef940e,cap,PartNet,f84abb697315dd7784c54dff812f6abb,cap,PartNet,False,cap/PartNet/f84abb697315dd7784c54dff812f6abb,cap/PartNet/5dbe1341bec2f70cf0d11ae402ef940e,True,hat,hat,2,"['it', 'is', 'a', 'top', 'hat']",5,it is a top hat,train,train,train,train,"[1, 23, 7, 26, 99, 602, 2, 0, 0, 0, 0, 0, 0, 0, 0, 0, 0, 0]",crown
262955,user_2105,targets crown is off center,3R8YZBNQ9JBCV3VD7JQGKKPC9YUQ7O,30.0,5dbe1341bec2f70cf0d11ae402ef940e,cap,PartNet,f84abb697315dd7784c54dff812f6abb,cap,PartNet,False,cap/PartNet/f84abb697315dd7784c54dff812f6abb,cap/PartNet/5dbe1341bec2f70cf0d11ae402ef940e,True,hat,hat,2,"['target', ""'s"", 'crown', 'is', 'off', 'center']",6,target 's crown is off center,train,train,train,train,"[1, 11, 12, 606, 7, 57, 165, 2, 0, 0, 0, 0, 0, 0, 0, 0, 0, 0]",crown
262958,user_2105,target has shorter height crown,3P1L2B7AD3I8PC7ZW0ZMEKCDPHJOLP,29.0,889204300c03ae7dc8687ff9b0b4e4ac,cap,PartNet,b0bdecad995dca22f316a08d4796320f,cap,PartNet,False,cap/PartNet/b0bdecad995dca22f316a08d4796320f,cap/PartNet/889204300c03ae7dc8687ff9b0b4e4ac,True,hat,hat,2,"['target', 'has', 'short', '-er', 'height', 'crown']",6,target has short -er height crown,test,train,test,train,"[1, 11, 24, 8, 9, 117, 606, 2, 0, 0, 0, 0, 0, 0, 0, 0, 0, 0]",crown
262959,user_786,Its visor spans less of the crown's circumference,3P529IW9K0EEJZU6XXGWRQ3ZXFZLF5,79.0,c721e05c676faf20a9aa61915b4add2d,cap,PartNet,b08d714d0617f5d5305be49cf697a665,cap,PartNet,False,cap/PartNet/b08d714d0617f5d5305be49cf697a665,cap/PartNet/c721e05c676faf20a9aa61915b4add2d,True,hat,hat,2,"['its', 'visor', 'spans', 'less', 'of', 'the', 'crown', ""'s"", 'circumference']",9,its visor spans less of the crown 's circumference,val,train,val,train,"[1, 5, 605, 1250, 229, 38, 10, 606, 12, 180, 2, 0, 0, 0, 0, 0, 0, 0]",crown
262960,user_1529,The brim doesn't go as far around the front of the hat.,3UXUOQ9OKGQK8NOWINTUUKA75GCA75,65.0,c721e05c676faf20a9aa61915b4add2d,cap,PartNet,b08d714d0617f5d5305be49cf697a665,cap,PartNet,False,cap/PartNet/b08d714d0617f5d5305be49cf697a665,cap/PartNet/c721e05c676faf20a9aa61915b4add2d,True,hat,hat,2,"['the', 'brim', 'does', 'not', 'go', 'as', 'far', 'around', 'the', 'front', 'of', 'the', 'hat']",13,the brim does not go as far around the front of the hat,val,train,val,train,"[1, 10, 601, 39, 40, 741, 52, 78, 239, 10, 37, 38, 10, 602, 2, 0, 0, 0]",brim
262965,user_456,The target does not have a bowl shaped top.,3NC5L260MQFMPKX3APWOJ77TSL2OFP,91.0,26239157c6539065895d3362333efa72,cap,PartNet,d196cee1204df9027bd9558057bfa0b3,cap,PartNet,False,cap/PartNet/d196cee1204df9027bd9558057bfa0b3,cap/PartNet/26239157c6539065895d3362333efa72,True,hat,hat,2,"['the', 'target', 'does', 'not', 'have', 'a', 'bowl', 'shaped', 'top']",9,the target does not have a bowl shaped top,train,train,train,train,"[1, 10, 11, 39, 40, 84, 26, 178, 14, 99, 2, 0, 0, 0, 0, 0, 0, 0]",crown
262966,user_786,Its brim is wider,3IO1LGZLKBQNLZHC2F4OSF4GKH668C,62.0,26239157c6539065895d3362333efa72,cap,PartNet,d196cee1204df9027bd9558057bfa0b3,cap,PartNet,False,cap/PartNet/d196cee1204df9027bd9558057bfa0b3,cap/PartNet/26239157c6539065895d3362333efa72,True,hat,hat,2,"['its', 'brim', 'is', 'wide', '-er']",5,its brim is wide -er,train,train,train,train,"[1, 5, 601, 7, 83, 9, 2, 0, 0, 0, 0, 0, 0, 0, 0, 0, 0, 0]",brim
262967,user_1644,The brim is thicker.,3WOKGM4L739VSGID77D3G0KPMKAO0K,22.0,26239157c6539065895d3362333efa72,cap,PartNet,d196cee1204df9027bd9558057bfa0b3,cap,PartNet,False,cap/PartNet/d196cee1204df9027bd9558057bfa0b3,cap/PartNet/26239157c6539065895d3362333efa72,True,hat,hat,2,"['the', 'brim', 'is', 'thick', '-er']",5,the brim is thick -er,train,train,train,train,"[1, 10, 601, 7, 54, 9, 2, 0, 0, 0, 0, 0, 0, 0, 0, 0, 0, 0]",brim
262969,user_1644,The brim curls up.,3II4UPYCOL0SCCWNYWT2KCZ8V86QDO,29.0,b0b7e7e0e34b4f79487003545673a337,cap,PartNet,ed352b53b17b6119e762cf5917cef4ef,cap,ShapeNet,False,cap/ShapeNet/ed352b53b17b6119e762cf5917cef4ef,cap/PartNet/b0b7e7e0e34b4f79487003545673a337,True,cap,hat,2,"['the', 'brim', 'curls', 'up']",4,the brim curls up,train,train,train,train,"[1, 10, 601, 376, 269, 2, 0, 0, 0, 0, 0, 0, 0, 0, 0, 0, 0, 0]",brim
262970,user_2105,targets crown has taller height,3EKVH9QME0XBKTU2WL31OU15F322DY,36.0,b0b7e7e0e34b4f79487003545673a337,cap,PartNet,ed352b53b17b6119e762cf5917cef4ef,cap,ShapeNet,False,cap/ShapeNet/ed352b53b17b6119e762cf5917cef4ef,cap/PartNet/b0b7e7e0e34b4f79487003545673a337,True,cap,hat,2,"['target', ""'s"", 'crown', 'has', 'tall', '-er', 'height']",7,target 's crown has tall -er height,train,train,train,train,"[1, 11, 12, 606, 24, 53, 9, 117, 2, 0, 0, 0, 0, 0, 0, 0, 0, 0]",crown
262972,user_1644,The top of the hat is flatter.,3PS7W85Z81VT12BY3KIV3LR5OUQ9T4,140.0,620b921e3f1a504258a12735d0a1edc9,cap,PartNet,3e5bdecbe9ed004ed65de3ff29a73cde,cap,PartNet,False,cap/PartNet/3e5bdecbe9ed004ed65de3ff29a73cde,cap/PartNet/620b921e3f1a504258a12735d0a1edc9,False,hat,hat,2,"['the', 'top', 'of', 'the', 'hat', 'is', 'flat', '-er']",8,the top of the hat is flat -er,train,train,train,train,"[1, 10, 99, 38, 10, 602, 7, 129, 9, 2, 0, 0, 0, 0, 0, 0, 0, 0]",crown
262974,user_786,Its brim is thicker,3DY46V3X3RB8FDYWZYNGOPGPMW7556,28.0,26ded18f7b1ad4c83a444f07ecb8c124,cap,PartNet,233a6e7c31de58a33d4bab39ff8346fd,cap,PartNet,False,cap/PartNet/233a6e7c31de58a33d4bab39ff8346fd,cap/PartNet/26ded18f7b1ad4c83a444f07ecb8c124,False,hat,hat,2,"['its', 'brim', 'is', 'thick', '-er']",5,its brim is thick -er,train,train,train,train,"[1, 5, 601, 7, 54, 9, 2, 0, 0, 0, 0, 0, 0, 0, 0, 0, 0, 0]",brim
262975,user_1633,The target has a thicker brim.,3CPLWGV3MQSV6P6E6OWJUMLDZC49N3,19.0,26ded18f7b1ad4c83a444f07ecb8c124,cap,PartNet,233a6e7c31de58a33d4bab39ff8346fd,cap,PartNet,False,cap/PartNet/233a6e7c31de58a33d4bab39ff8346fd,cap/PartNet/26ded18f7b1ad4c83a444f07ecb8c124,False,hat,hat,2,"['the', 'target', 'has', 'a', 'thick', '-er', 'brim']",7,the target has a thick -er brim,train,train,train,train,"[1, 10, 11, 24, 26, 54, 9, 601, 2, 0, 0, 0, 0, 0, 0, 0, 0, 0]",brim
262976,user_1644,The brim is thicker but not as wide.,3E13VNJ1NPOL3JSS5V4YA87DF27I1A,20.0,26ded18f7b1ad4c83a444f07ecb8c124,cap,PartNet,233a6e7c31de58a33d4bab39ff8346fd,cap,PartNet,False,cap/PartNet/233a6e7c31de58a33d4bab39ff8346fd,cap/PartNet/26ded18f7b1ad4c83a444f07ecb8c124,False,hat,hat,2,"['the', 'brim', 'is', 'thick', '-er', 'but', 'not', 'as', 'wide']",9,the brim is thick -er but not as wide,train,train,train,train,"[1, 10, 601, 7, 54, 9, 207, 40, 52, 83, 2, 0, 0, 0, 0, 0, 0, 0]",brim
262977,user_203,The diameter of the crown is smaller.,39GHHAVOMHKYQT9HAV80K7TG40R4J4,62.0,47d8ea8d4f14119048908f59408795,cap,PartNet,715964d98402b5c691f70edfed6ef8d,cap,PartNet,False,cap/PartNet/715964d98402b5c691f70edfed6ef8d,cap/PartNet/47d8ea8d4f14119048908f59408795,True,hat,hat,2,"['the', 'diameter', 'of', 'the', 'crown', 'is', 'small', '-er']",8,the diameter of the crown is small -er,test,train,test,train,"[1, 10, 268, 38, 10, 606, 7, 111, 9, 2, 0, 0, 0, 0, 0, 0, 0, 0]",crown
262978,user_1644,The crown is thinner.,3ZQIG0FLQG9JQQSV1QS2INN1JGRWVX,56.0,47d8ea8d4f14119048908f59408795,cap,PartNet,715964d98402b5c691f70edfed6ef8d,cap,PartNet,False,cap/PartNet/715964d98402b5c691f70edfed6ef8d,cap/PartNet/47d8ea8d4f14119048908f59408795,True,hat,hat,2,"['the', 'crown', 'is', 'thin', '-er']",5,the crown is thin -er,test,train,test,train,"[1, 10, 606, 7, 60, 9, 2, 0, 0, 0, 0, 0, 0, 0, 0, 0, 0, 0]",crown
262979,user_1964,the crown is taller,339ANSOTR7VN9KEED5AGFN3CO7MIKQ,48.0,47d8ea8d4f14119048908f59408795,cap,PartNet,715964d98402b5c691f70edfed6ef8d,cap,PartNet,False,cap/PartNet/715964d98402b5c691f70edfed6ef8d,cap/PartNet/47d8ea8d4f14119048908f59408795,True,hat,hat,2,"['the', 'crown', 'is', 'tall', '-er']",5,the crown is tall -er,test,train,test,train,"[1, 10, 606, 7, 53, 9, 2, 0, 0, 0, 0, 0, 0, 0, 0, 0, 0, 0]",crown
262980,user_786,Its brim depth is larger,3B3WTRP3DDVZH3HLK5YZ2YIFOIC296,80.0,b5a6c597fefeaa0598095901ddb7e8e7,cap,PartNet,4c818a2a478b13db1e4e75745130e652,cap,PartNet,False,cap/PartNet/4c818a2a478b13db1e4e75745130e652,cap/PartNet/b5a6c597fefeaa0598095901ddb7e8e7,True,hat,hat,2,"['its', 'brim', 'depth', 'is', 'large', '-er']",6,its brim depth is large -er,train,train,train,train,"[1, 5, 601, 607, 7, 94, 9, 2, 0, 0, 0, 0, 0, 0, 0, 0, 0, 0]",brim
262982,user_2105,target has more brim depth,3570Y55XZRC4XYX0RWB43J577ABYGJ,53.0,b5a6c597fefeaa0598095901ddb7e8e7,cap,PartNet,4c818a2a478b13db1e4e75745130e652,cap,PartNet,False,cap/PartNet/4c818a2a478b13db1e4e75745130e652,cap/PartNet/b5a6c597fefeaa0598095901ddb7e8e7,True,hat,hat,2,"['target', 'has', 'more', 'brim', 'depth']",5,target has more brim depth,train,train,train,train,"[1, 11, 24, 34, 601, 607, 2, 0, 0, 0, 0, 0, 0, 0, 0, 0, 0, 0]",brim
262983,user_203,The crown diameter is smaller.,3R2UR8A0IC93P6OOAJ2APE70WQ9OXR,80.0,d0919880bdf7eec8fe5dfc44db6ed8eb,cap,PartNet,4bd0b6df02772d8f59c9250a427b57f,cap,ShapeNet,False,cap/ShapeNet/4bd0b6df02772d8f59c9250a427b57f,cap/PartNet/d0919880bdf7eec8fe5dfc44db6ed8eb,True,cap,hat,2,"['the', 'crown', 'diameter', 'is', 'small', '-er']",6,the crown diameter is small -er,test,train,test,train,"[1, 10, 606, 268, 7, 111, 9, 2, 0, 0, 0, 0, 0, 0, 0, 0, 0, 0]",crown
262984,user_786,"Its crown's bottom circumference is more vertical, less slanted",3YMU66OBIP1IB37BHW7GHJA4HECHGH,65.0,d0919880bdf7eec8fe5dfc44db6ed8eb,cap,PartNet,4bd0b6df02772d8f59c9250a427b57f,cap,ShapeNet,False,cap/ShapeNet/4bd0b6df02772d8f59c9250a427b57f,cap/PartNet/d0919880bdf7eec8fe5dfc44db6ed8eb,True,cap,hat,2,"['its', 'crown', ""'s"", 'bottom', 'circumference', 'is', 'more', 'vertical', 'less', 'slanted']",10,its crown 's bottom circumference is more vertical less slanted,test,train,test,train,"[1, 5, 606, 12, 76, 180, 7, 34, 283, 229, 674, 2, 0, 0, 0, 0, 0, 0]",crown
262985,user_1644,The crown is more rounded.,34V1S5K3GUUNZ40M77A2SBZR4MG96U,45.0,d0919880bdf7eec8fe5dfc44db6ed8eb,cap,PartNet,4bd0b6df02772d8f59c9250a427b57f,cap,ShapeNet,False,cap/ShapeNet/4bd0b6df02772d8f59c9250a427b57f,cap/PartNet/d0919880bdf7eec8fe5dfc44db6ed8eb,True,cap,hat,2,"['the', 'crown', 'is', 'more', 'rounded']",5,the crown is more rounded,test,train,test,train,"[1, 10, 606, 7, 34, 48, 2, 0, 0, 0, 0, 0, 0, 0, 0, 0, 0, 0]",crown
262986,user_1143,The target has a sloped brim,3Y4W8Q93L1DKHKS4KVNCQZYGC0MDV6,38.0,17507563e90313433f19716eab42752,cap,PartNet,b3ccfa337100028088f5610828331858,cap,PartNet,False,cap/PartNet/b3ccfa337100028088f5610828331858,cap/PartNet/17507563e90313433f19716eab42752,True,hat,hat,2,"['the', 'target', 'has', 'a', 'sloped', 'brim']",6,the target has a sloped brim,train,train,train,train,"[1, 10, 11, 24, 26, 781, 601, 2, 0, 0, 0, 0, 0, 0, 0, 0, 0, 0]",brim
262988,user_1644,The crown slouches to the right.,3ERET4BTVO2UYJLB9B432U495H3K9D,32.0,17507563e90313433f19716eab42752,cap,PartNet,b3ccfa337100028088f5610828331858,cap,PartNet,False,cap/PartNet/b3ccfa337100028088f5610828331858,cap/PartNet/17507563e90313433f19716eab42752,True,hat,hat,2,"['the', 'crown', 'slouches', 'to', 'the', 'right']",6,the crown slouches to the right,train,train,train,train,"[1, 10, 606, 5428, 58, 10, 118, 2, 0, 0, 0, 0, 0, 0, 0, 0, 0, 0]",crown
262989,user_1143,The target has aflat top,3QRYMNZ7F0AEQ4FS4U10LMMPTJ8NTI,80.0,c1e8ad86328cefba1032b754478d4b36,cap,PartNet,f1a3280859c83c2ebfabbbce99807de9,cap,PartNet,False,cap/PartNet/f1a3280859c83c2ebfabbbce99807de9,cap/PartNet/c1e8ad86328cefba1032b754478d4b36,False,hat,hat,2,"['the', 'target', 'has', 'flat', 'top']",5,the target has flat top,train,train,train,train,"[1, 10, 11, 24, 129, 99, 2, 0, 0, 0, 0, 0, 0, 0, 0, 0, 0, 0]",crown
262990,user_1689,The target has a broader brim.,3NPFYT4IZEXFXT7QM0P2K5YY538GXK,277.0,c1e8ad86328cefba1032b754478d4b36,cap,PartNet,f1a3280859c83c2ebfabbbce99807de9,cap,PartNet,False,cap/PartNet/f1a3280859c83c2ebfabbbce99807de9,cap/PartNet/c1e8ad86328cefba1032b754478d4b36,False,hat,hat,2,"['the', 'target', 'has', 'a', 'broad', '-er', 'brim']",7,the target has a broad -er brim,train,train,train,train,"[1, 10, 11, 24, 26, 336, 9, 601, 2, 0, 0, 0, 0, 0, 0, 0, 0, 0]",brim
262993,user_1529,The top of the hat is tilted.,3XIQGXAUME1W40WPTXL8ESL560PX7Y,185.0,b9be3ecb04284bebdde3c649189c2dd4,cap,PartNet,8b2951e32e0906bb5f6cb4951755315c,cap,ShapeNet,False,cap/ShapeNet/8b2951e32e0906bb5f6cb4951755315c,cap/PartNet/b9be3ecb04284bebdde3c649189c2dd4,False,cap,hat,2,"['the', 'top', 'of', 'the', 'hat', 'is', 'tilted']",7,the top of the hat is tilted,train,train,train,train,"[1, 10, 99, 38, 10, 602, 7, 308, 2, 0, 0, 0, 0, 0, 0, 0, 0, 0]",crown
262998,user_786,Its brim is wider,3KGTPGBS6ZEX1V5OIGTQYU5T12N2UW,47.0,bf120175fed89392954cc04e9b526b85,cap,PartNet,c5d20fc28adf769b1802624b30ec569e,cap,PartNet,False,cap/PartNet/c5d20fc28adf769b1802624b30ec569e,cap/PartNet/bf120175fed89392954cc04e9b526b85,True,hat,hat,2,"['its', 'brim', 'is', 'wide', '-er']",5,its brim is wide -er,train,train,train,train,"[1, 5, 601, 7, 83, 9, 2, 0, 0, 0, 0, 0, 0, 0, 0, 0, 0, 0]",brim
262999,user_1123,The hat brim is wider,382M9COHEJ8PWBH4B0OR0VEIY5CEU9,83.0,bf120175fed89392954cc04e9b526b85,cap,PartNet,c5d20fc28adf769b1802624b30ec569e,cap,PartNet,False,cap/PartNet/c5d20fc28adf769b1802624b30ec569e,cap/PartNet/bf120175fed89392954cc04e9b526b85,True,hat,hat,2,"['the', 'hat', 'brim', 'is', 'wide', '-er']",6,the hat brim is wide -er,train,train,train,train,"[1, 10, 602, 601, 7, 83, 9, 2, 0, 0, 0, 0, 0, 0, 0, 0, 0, 0]",brim
263000,user_1633,The target's crown cone is not slanted to the side.,3PPTZCWALSDVFD1JQEIZB4IBJQFZQV,43.0,bf120175fed89392954cc04e9b526b85,cap,PartNet,c5d20fc28adf769b1802624b30ec569e,cap,PartNet,False,cap/PartNet/c5d20fc28adf769b1802624b30ec569e,cap/PartNet/bf120175fed89392954cc04e9b526b85,True,hat,hat,2,"['the', 'target', ""'s"", 'crown', 'cone', 'is', 'not', 'slanted', 'to', 'the', 'side']",11,the target 's crown cone is not slanted to the side,train,train,train,train,"[1, 10, 11, 12, 606, 143, 7, 40, 674, 58, 10, 22, 2, 0, 0, 0, 0, 0]",crown
263001,user_786,Its crown's left side is not symmetric with the right side,3PEIJLRY6VMBUFXQ15TK68KMZRZXW1,106.0,2f347d95d4a2dae3e762cf5917cef4ef,cap,ShapeNet,985e86f7ecaec93d41c01a2987577d0c,cap,PartNet,False,cap/PartNet/985e86f7ecaec93d41c01a2987577d0c,cap/ShapeNet/2f347d95d4a2dae3e762cf5917cef4ef,True,hat,cap,2,"['its', 'crown', ""'s"", 'left', 'side', 'is', 'not', 'symmetric', 'with', 'the', 'right', 'side']",12,its crown 's left side is not symmetric with the right side,train,train,train,train,"[1, 5, 606, 12, 187, 22, 7, 40, 788, 121, 10, 118, 22, 2, 0, 0, 0, 0]",crown
263002,user_1633,The target's brim is not turned up on the sides.,3A1PQ49WVJAL7OH8ZDMDAW6YFO71HD,28.0,2f347d95d4a2dae3e762cf5917cef4ef,cap,ShapeNet,985e86f7ecaec93d41c01a2987577d0c,cap,PartNet,False,cap/PartNet/985e86f7ecaec93d41c01a2987577d0c,cap/ShapeNet/2f347d95d4a2dae3e762cf5917cef4ef,True,hat,cap,2,"['the', 'target', ""'s"", 'brim', 'is', 'not', 'turned', 'up', 'on', 'the', 'sides']",11,the target 's brim is not turned up on the sides,train,train,train,train,"[1, 10, 11, 12, 601, 7, 40, 580, 269, 20, 10, 360, 2, 0, 0, 0, 0, 0]",brim
263003,user_1644,The brim does not curl up on either side.,3ZWFC4W1UW0PMXPJ2HDSD2CY37ORF1,31.0,2f347d95d4a2dae3e762cf5917cef4ef,cap,ShapeNet,985e86f7ecaec93d41c01a2987577d0c,cap,PartNet,False,cap/PartNet/985e86f7ecaec93d41c01a2987577d0c,cap/ShapeNet/2f347d95d4a2dae3e762cf5917cef4ef,True,hat,cap,2,"['the', 'brim', 'does', 'not', 'curl', 'up', 'on', 'either', 'side']",9,the brim does not curl up on either side,train,train,train,train,"[1, 10, 601, 39, 40, 498, 269, 20, 332, 22, 2, 0, 0, 0, 0, 0, 0, 0]",brim
263008,user_1644,The brim is not as wide.,3C6FJU71TSMN2GYVB10L7Y6YGHIYU9,18.0,a0ab4dc115f1b4f3b26ac8618c0d5a9,cap,PartNet,13b825962a6217ff4691bd87e7b046b1,cap,PartNet,False,cap/PartNet/13b825962a6217ff4691bd87e7b046b1,cap/PartNet/a0ab4dc115f1b4f3b26ac8618c0d5a9,True,hat,hat,2,"['the', 'brim', 'is', 'not', 'as', 'wide']",6,the brim is not as wide,train,train,train,train,"[1, 10, 601, 7, 40, 52, 83, 2, 0, 0, 0, 0, 0, 0, 0, 0, 0, 0]",brim
263009,user_2105,target has triangular crown,3X1FV8S5JZKNT42VMLOKWK1DPTAVG8,31.0,a0ab4dc115f1b4f3b26ac8618c0d5a9,cap,PartNet,13b825962a6217ff4691bd87e7b046b1,cap,PartNet,False,cap/PartNet/13b825962a6217ff4691bd87e7b046b1,cap/PartNet/a0ab4dc115f1b4f3b26ac8618c0d5a9,True,hat,hat,2,"['target', 'has', 'triangular', 'crown']",4,target has triangular crown,train,train,train,train,"[1, 11, 24, 564, 606, 2, 0, 0, 0, 0, 0, 0, 0, 0, 0, 0, 0, 0]",crown
263010,user_491,The target has a brim all the way around it.,39ASUFLU6Z0HDFBZG5ZEK2DMSNTEX1,108.0,6cfb76b40fc41da2a6e67635b9d1cee5,cap,ShapeNet,26239157c6539065895d3362333efa72,cap,PartNet,False,cap/PartNet/26239157c6539065895d3362333efa72,cap/ShapeNet/6cfb76b40fc41da2a6e67635b9d1cee5,False,hat,cap,2,"['the', 'target', 'has', 'a', 'brim', 'all', 'the', 'way', 'around', 'it']",10,the target has a brim all the way around it,train,train,train,train,"[1, 10, 11, 24, 26, 601, 367, 10, 471, 239, 23, 2, 0, 0, 0, 0, 0, 0]",brim
263011,user_1633,The target does not have a button on top.,3OONKJ5DKECWC3LN5NAS0HG8DMCBOU,23.0,6cfb76b40fc41da2a6e67635b9d1cee5,cap,ShapeNet,26239157c6539065895d3362333efa72,cap,PartNet,False,cap/PartNet/26239157c6539065895d3362333efa72,cap/ShapeNet/6cfb76b40fc41da2a6e67635b9d1cee5,False,hat,cap,2,"['the', 'target', 'does', 'not', 'have', 'a', 'button', 'on', 'top']",9,the target does not have a button on top,train,train,train,train,"[1, 10, 11, 39, 40, 84, 26, 596, 20, 99, 2, 0, 0, 0, 0, 0, 0, 0]",crown
263012,user_1644,It does not have a button on the top.,3VZLGYJEYN3FOA2VCSDR5CE4GT3ZXT,23.0,6cfb76b40fc41da2a6e67635b9d1cee5,cap,ShapeNet,26239157c6539065895d3362333efa72,cap,PartNet,False,cap/PartNet/26239157c6539065895d3362333efa72,cap/ShapeNet/6cfb76b40fc41da2a6e67635b9d1cee5,False,hat,cap,2,"['it', 'does', 'not', 'have', 'a', 'button', 'on', 'the', 'top']",9,it does not have a button on the top,train,train,train,train,"[1, 23, 39, 40, 84, 26, 596, 20, 10, 99, 2, 0, 0, 0, 0, 0, 0, 0]",crown
263014,user_1143,The target is not a top hat,3X65QVEQI2G7GNAW6VQVJKIW028LCV,56.0,87c240c20a772f51e6e812c94ac516eb,cap,PartNet,a8ddbd8c9cdb3088d2eebe596133133e,cap,PartNet,False,cap/PartNet/a8ddbd8c9cdb3088d2eebe596133133e,cap/PartNet/87c240c20a772f51e6e812c94ac516eb,False,hat,hat,2,"['the', 'target', 'is', 'not', 'a', 'top', 'hat']",7,the target is not a top hat,val,train,val,train,"[1, 10, 11, 7, 40, 26, 99, 602, 2, 0, 0, 0, 0, 0, 0, 0, 0, 0]",crown
263015,user_1644,"The crown is rounded at the top, not as flat.",3LPW2N6LKVVP0SOB0ZVOW185LDXU5A,67.0,87c240c20a772f51e6e812c94ac516eb,cap,PartNet,a8ddbd8c9cdb3088d2eebe596133133e,cap,PartNet,False,cap/PartNet/a8ddbd8c9cdb3088d2eebe596133133e,cap/PartNet/87c240c20a772f51e6e812c94ac516eb,False,hat,hat,2,"['the', 'crown', 'is', 'rounded', 'at', 'the', 'top', 'not', 'as', 'flat']",10,the crown is rounded at the top not as flat,val,train,val,train,"[1, 10, 606, 7, 48, 98, 10, 99, 40, 52, 129, 2, 0, 0, 0, 0, 0, 0]",crown
263018,user_1644,The crown is not pointed.,3D8YOU6S9GDLJWOP5I5TO7M5H7Q6UI,16.0,824e0bb9c53a50d27c010a074193cb9e,cap,PartNet,d18c3ce1f186c16976bb31db0358e9c6,cap,ShapeNet,False,cap/ShapeNet/d18c3ce1f186c16976bb31db0358e9c6,cap/PartNet/824e0bb9c53a50d27c010a074193cb9e,False,cap,hat,2,"['the', 'crown', 'is', 'not', 'pointed']",5,the crown is not pointed,train,train,train,train,"[1, 10, 606, 7, 40, 387, 2, 0, 0, 0, 0, 0, 0, 0, 0, 0, 0, 0]",crown
263021,user_2105,target has a hooded crown,3DBQWDE4Y8RC52423YJ2I6GBDHU5NJ,90.0,96a9f36ce97a067aa99fc65b413040d6,cap,PartNet,56f2db4609b14073230a4d129580843a,cap,PartNet,False,cap/PartNet/56f2db4609b14073230a4d129580843a,cap/PartNet/96a9f36ce97a067aa99fc65b413040d6,True,hat,hat,2,"['target', 'has', 'a', 'hooded', 'crown']",5,target has a hooded crown,train,train,train,train,"[1, 11, 24, 26, 2716, 606, 2, 0, 0, 0, 0, 0, 0, 0, 0, 0, 0, 0]",crown
263022,user_920,The target's brim is smaller.,3KIBXJ1WD7NX56PHB0NLZKZY0GMKOO,40.0,484d95c416ee10a74ce8c4cc4cdde9b4,cap,PartNet,fc4bf4203c69da43b5c87aa520cf194f,cap,PartNet,False,cap/PartNet/fc4bf4203c69da43b5c87aa520cf194f,cap/PartNet/484d95c416ee10a74ce8c4cc4cdde9b4,True,hat,hat,2,"['the', 'target', ""'s"", 'brim', 'is', 'small', '-er']",7,the target 's brim is small -er,train,train,train,train,"[1, 10, 11, 12, 601, 7, 111, 9, 2, 0, 0, 0, 0, 0, 0, 0, 0, 0]",brim
263023,user_1577,hat brim is narrower,3H0W84IWBMVXGJPN76TMVKRYR68ER5,39.0,484d95c416ee10a74ce8c4cc4cdde9b4,cap,PartNet,fc4bf4203c69da43b5c87aa520cf194f,cap,PartNet,False,cap/PartNet/fc4bf4203c69da43b5c87aa520cf194f,cap/PartNet/484d95c416ee10a74ce8c4cc4cdde9b4,True,hat,hat,2,"['hat', 'brim', 'is', 'narrow', '-er']",5,hat brim is narrow -er,train,train,train,train,"[1, 602, 601, 7, 210, 9, 2, 0, 0, 0, 0, 0, 0, 0, 0, 0, 0, 0]",brim
263024,user_1644,The brim is not as wide.,33CID57106MJ3NEDD2FUQHE2UPUL3W,20.0,484d95c416ee10a74ce8c4cc4cdde9b4,cap,PartNet,fc4bf4203c69da43b5c87aa520cf194f,cap,PartNet,False,cap/PartNet/fc4bf4203c69da43b5c87aa520cf194f,cap/PartNet/484d95c416ee10a74ce8c4cc4cdde9b4,True,hat,hat,2,"['the', 'brim', 'is', 'not', 'as', 'wide']",6,the brim is not as wide,train,train,train,train,"[1, 10, 601, 7, 40, 52, 83, 2, 0, 0, 0, 0, 0, 0, 0, 0, 0, 0]",brim
263025,user_786,Its crown's peak does NOT have a small ball-like donut on top,3KJYX6QCMB4XK6SWUR9NTXTTHKLVJ4,89.0,e4c27195b931d006e80ec0e940065c4c,cap,PartNet,320573ba807dc5578c26f7b0dfd20a86,cap,PartNet,False,cap/PartNet/320573ba807dc5578c26f7b0dfd20a86,cap/PartNet/e4c27195b931d006e80ec0e940065c4c,False,hat,hat,2,"['its', 'crown', ""'s"", 'peak', 'does', 'not', 'have', 'a', 'small', 'ball', 'like', 'donut', 'on', 'top']",14,its crown 's peak does not have a small ball like donut on top,train,train,train,train,"[1, 5, 606, 12, 2148, 39, 40, 84, 26, 111, 668, 35, 1721, 20, 99, 2, 0, 0]",crown
263028,user_90,It has a rounded crown,33F859I5686MKMZ01AF2G8J711PBHZ,44.0,bfdcb0d592aa35698b3247ca9bcd5b10,cap,PartNet,357c2a333ffefc3e90f80ab08ae6ce2,cap,ShapeNet,False,cap/ShapeNet/357c2a333ffefc3e90f80ab08ae6ce2,cap/PartNet/bfdcb0d592aa35698b3247ca9bcd5b10,False,cap,hat,2,"['it', 'has', 'a', 'rounded', 'crown']",5,it has a rounded crown,test,train,test,train,"[1, 23, 24, 26, 48, 606, 2, 0, 0, 0, 0, 0, 0, 0, 0, 0, 0, 0]",crown
263030,user_1644,The crown is shorter.,3TMFV4NEPA7LFEWITXHSQ93T8IQW8S,83.0,bfdcb0d592aa35698b3247ca9bcd5b10,cap,PartNet,357c2a333ffefc3e90f80ab08ae6ce2,cap,ShapeNet,False,cap/ShapeNet/357c2a333ffefc3e90f80ab08ae6ce2,cap/PartNet/bfdcb0d592aa35698b3247ca9bcd5b10,False,cap,hat,2,"['the', 'crown', 'is', 'short', '-er']",5,the crown is short -er,test,train,test,train,"[1, 10, 606, 7, 8, 9, 2, 0, 0, 0, 0, 0, 0, 0, 0, 0, 0, 0]",crown
263033,user_1689,There is no dent at its top.,3LWJHTCVCEFPAWAJP2OS8C2T7MUFQY,45.0,ed352b53b17b6119e762cf5917cef4ef,cap,ShapeNet,60104a0945f83b063f30fadefd6911f2,cap,ShapeNet,False,cap/ShapeNet/60104a0945f83b063f30fadefd6911f2,cap/ShapeNet/ed352b53b17b6119e762cf5917cef4ef,False,cap,cap,2,"['there', 'is', 'no', 'dent', 'at', 'its', 'top']",7,there is no dent at its top,train,train,train,train,"[1, 15, 7, 123, 4523, 98, 5, 99, 2, 0, 0, 0, 0, 0, 0, 0, 0, 0]",crown
263037,user_1529,There are horizontal lines running across the top.,36PW28KO41P5H2365V700U2OR2LEAY,53.0,81d58b65303dc155a8963fe61f2bc75f,cap,PartNet,78ffdd0f1440161ca7591d4119c4254f,cap,PartNet,False,cap/PartNet/78ffdd0f1440161ca7591d4119c4254f,cap/PartNet/81d58b65303dc155a8963fe61f2bc75f,True,hat,hat,2,"['there', 'are', 'horizontal', 'lines', 'running', 'across', 'the', 'top']",8,there are horizontal lines running across the top,val,train,val,train,"[1, 15, 16, 265, 398, 1074, 702, 10, 99, 2, 0, 0, 0, 0, 0, 0, 0, 0]",crown
263041,user_677,Its crown is not as flat on top.,3S0TNUHWKVBM68WRC2C2YLE813TD8B,38.0,f1a3280859c83c2ebfabbbce99807de9,cap,PartNet,620b921e3f1a504258a12735d0a1edc9,cap,PartNet,False,cap/PartNet/620b921e3f1a504258a12735d0a1edc9,cap/PartNet/f1a3280859c83c2ebfabbbce99807de9,False,hat,hat,2,"['its', 'crown', 'is', 'not', 'as', 'flat', 'on', 'top']",8,its crown is not as flat on top,train,train,train,train,"[1, 5, 606, 7, 40, 52, 129, 20, 99, 2, 0, 0, 0, 0, 0, 0, 0, 0]",crown
263043,user_203,The diameter of the brim is larger.,3KV0LJBBH4EVS7H0O4H58SW7085RMD,72.0,5c4122d7fa08f514796410d3fd165433,cap,PartNet,d243dfb497b2a51bf784e4a55df53109,cap,PartNet,False,cap/PartNet/d243dfb497b2a51bf784e4a55df53109,cap/PartNet/5c4122d7fa08f514796410d3fd165433,True,hat,hat,2,"['the', 'diameter', 'of', 'the', 'brim', 'is', 'large', '-er']",8,the diameter of the brim is large -er,train,train,train,train,"[1, 10, 268, 38, 10, 601, 7, 94, 9, 2, 0, 0, 0, 0, 0, 0, 0, 0]",brim
263044,user_786,Its crown front center has a rectangular flat surface,3D4CH1LGECMPWXPSJKJO42CGY1P9G4,71.0,5c4122d7fa08f514796410d3fd165433,cap,PartNet,d243dfb497b2a51bf784e4a55df53109,cap,PartNet,False,cap/PartNet/d243dfb497b2a51bf784e4a55df53109,cap/PartNet/5c4122d7fa08f514796410d3fd165433,True,hat,hat,2,"['its', 'crown', 'front', 'center', 'has', 'a', 'rectangular', 'flat', 'surface']",9,its crown front center has a rectangular flat surface,train,train,train,train,"[1, 5, 606, 37, 165, 24, 26, 128, 129, 334, 2, 0, 0, 0, 0, 0, 0, 0]",crown
263047,user_456,The target has no indent between the cap and the brim.,3I7DHKZYGPT0HARL5A0PA172BQY5F2,94.0,56bb0a2e6f729993fa5b6212657ae4a4,cap,PartNet,2b1a1d63bd7e931c12a8043ef6529707,cap,PartNet,False,cap/PartNet/2b1a1d63bd7e931c12a8043ef6529707,cap/PartNet/56bb0a2e6f729993fa5b6212657ae4a4,True,hat,hat,2,"['the', 'target', 'has', 'no', 'indent', 'between', 'the', 'cap', 'and', 'the', 'brim']",11,the target has no indent between the cap and the brim,train,train,train,train,"[1, 10, 11, 24, 123, 1527, 657, 10, 435, 47, 10, 601, 2, 0, 0, 0, 0, 0]",brim
263052,user_156,Its brim is puffed out.,3WAKVUDHUY94NW2UOSALULM1CIA7UI,54.0,2854677f4c733bcc606dbe05096195ae,cap,PartNet,e4c27195b931d006e80ec0e940065c4c,cap,PartNet,False,cap/PartNet/e4c27195b931d006e80ec0e940065c4c,cap/PartNet/2854677f4c733bcc606dbe05096195ae,False,hat,hat,2,"['its', 'brim', 'is', 'puffed', 'out']",5,its brim is puffed out,train,train,train,train,"[1, 5, 601, 7, 4224, 89, 2, 0, 0, 0, 0, 0, 0, 0, 0, 0, 0, 0]",brim
263054,user_1644,It has a round decoration on top of the crown.,34Z02EIMIU6B58NL3OZ2AAQCLQX0TK,43.0,2854677f4c733bcc606dbe05096195ae,cap,PartNet,e4c27195b931d006e80ec0e940065c4c,cap,PartNet,False,cap/PartNet/e4c27195b931d006e80ec0e940065c4c,cap/PartNet/2854677f4c733bcc606dbe05096195ae,False,hat,hat,2,"['it', 'has', 'a', 'round', 'decoration', 'on', 'top', 'of', 'the', 'crown']",10,it has a round decoration on top of the crown,train,train,train,train,"[1, 23, 24, 26, 134, 639, 20, 99, 38, 10, 606, 2, 0, 0, 0, 0, 0, 0]",crown
263057,user_1644,The crown is not as wide.,3YMTUJH0DU9S4W5MMPM4MDGP22D4T4,30.0,3b0a1a20ef0ce1a34c90f2ddc14dc59b,cap,ShapeNet,bdfd9d3790158d2545b2d64b440991ad,cap,PartNet,False,cap/PartNet/bdfd9d3790158d2545b2d64b440991ad,cap/ShapeNet/3b0a1a20ef0ce1a34c90f2ddc14dc59b,True,hat,cap,2,"['the', 'crown', 'is', 'not', 'as', 'wide']",6,the crown is not as wide,test,train,test,train,"[1, 10, 606, 7, 40, 52, 83, 2, 0, 0, 0, 0, 0, 0, 0, 0, 0, 0]",crown
263058,user_1143,The target has a very small brim,3TU5ZICBRFUGVH0WHOIMYKL7KHA8Q1,66.0,3c75213433a0ad3cc039d45addffe3d3,cap,PartNet,72877ec0bb0b921fb10e410f6c99c299,cap,PartNet,False,cap/PartNet/72877ec0bb0b921fb10e410f6c99c299,cap/PartNet/3c75213433a0ad3cc039d45addffe3d3,True,hat,hat,2,"['the', 'target', 'has', 'a', 'very', 'small', 'brim']",7,the target has a very small brim,train,train,train,train,"[1, 10, 11, 24, 26, 62, 111, 601, 2, 0, 0, 0, 0, 0, 0, 0, 0, 0]",brim
263060,user_2105,target has crown off center,31QNSG6A5TM6PZVHLP9GYT4CFS887V,77.0,3c75213433a0ad3cc039d45addffe3d3,cap,PartNet,72877ec0bb0b921fb10e410f6c99c299,cap,PartNet,False,cap/PartNet/72877ec0bb0b921fb10e410f6c99c299,cap/PartNet/3c75213433a0ad3cc039d45addffe3d3,True,hat,hat,2,"['target', 'has', 'crown', 'off', 'center']",5,target has crown off center,train,train,train,train,"[1, 11, 24, 606, 57, 165, 2, 0, 0, 0, 0, 0, 0, 0, 0, 0, 0, 0]",crown
263064,user_456,The target has a long oval brim.,3TUI152ZZDGYKHGBI397JAYZ6C2Q1Z,67.0,c1e8ad86328cefba1032b754478d4b36,cap,PartNet,580042201e78dd85c17bd3d919c94388,cap,PartNet,False,cap/PartNet/580042201e78dd85c17bd3d919c94388,cap/PartNet/c1e8ad86328cefba1032b754478d4b36,False,hat,hat,2,"['the', 'target', 'has', 'a', 'long', 'oval', 'brim']",7,the target has a long oval brim,train,train,train,train,"[1, 10, 11, 24, 26, 32, 130, 601, 2, 0, 0, 0, 0, 0, 0, 0, 0, 0]",brim
263065,user_1644,The crown is shorter.,317HQ483I9LOHQZHAI2W7FKGI2VINZ,130.0,c1e8ad86328cefba1032b754478d4b36,cap,PartNet,580042201e78dd85c17bd3d919c94388,cap,PartNet,False,cap/PartNet/580042201e78dd85c17bd3d919c94388,cap/PartNet/c1e8ad86328cefba1032b754478d4b36,False,hat,hat,2,"['the', 'crown', 'is', 'short', '-er']",5,the crown is short -er,train,train,train,train,"[1, 10, 606, 7, 8, 9, 2, 0, 0, 0, 0, 0, 0, 0, 0, 0, 0, 0]",crown
263066,user_2105,target has shorter height in crown,32EYX73OY22E5FM9X68RZ2D1DVCRUB,37.0,c1e8ad86328cefba1032b754478d4b36,cap,PartNet,580042201e78dd85c17bd3d919c94388,cap,PartNet,False,cap/PartNet/580042201e78dd85c17bd3d919c94388,cap/PartNet/c1e8ad86328cefba1032b754478d4b36,False,hat,hat,2,"['target', 'has', 'short', '-er', 'height', 'in', 'crown']",7,target has short -er height in crown,train,train,train,train,"[1, 11, 24, 8, 9, 117, 90, 606, 2, 0, 0, 0, 0, 0, 0, 0, 0, 0]",crown
263068,user_1644,It has a brim.,3XLBSAQ9Z65L9VW4UF9TBD1GE1XZ79,14.0,5dbe1341bec2f70cf0d11ae402ef940e,cap,PartNet,befe908292dd78d92ef65425c21143ca,cap,PartNet,False,cap/PartNet/befe908292dd78d92ef65425c21143ca,cap/PartNet/5dbe1341bec2f70cf0d11ae402ef940e,True,hat,hat,2,"['it', 'has', 'a', 'brim']",4,it has a brim,train,train,train,train,"[1, 23, 24, 26, 601, 2, 0, 0, 0, 0, 0, 0, 0, 0, 0, 0, 0, 0]",brim
263069,user_1689,It has a round brim.,31T4R4OBOU9812LU21PL0F0V5I7C7H,76.0,5dbe1341bec2f70cf0d11ae402ef940e,cap,PartNet,befe908292dd78d92ef65425c21143ca,cap,PartNet,False,cap/PartNet/befe908292dd78d92ef65425c21143ca,cap/PartNet/5dbe1341bec2f70cf0d11ae402ef940e,True,hat,hat,2,"['it', 'has', 'a', 'round', 'brim']",5,it has a round brim,train,train,train,train,"[1, 23, 24, 26, 134, 601, 2, 0, 0, 0, 0, 0, 0, 0, 0, 0, 0, 0]",brim
263070,user_203,The edge of the brim is taller.,3X0H8UUIT3H3YYBR7VNX703UKD5WS2,51.0,484d95c416ee10a74ce8c4cc4cdde9b4,cap,PartNet,6e11cfa7d75ed04a4835c09e4900b4a9,cap,PartNet,False,cap/PartNet/6e11cfa7d75ed04a4835c09e4900b4a9,cap/PartNet/484d95c416ee10a74ce8c4cc4cdde9b4,True,hat,hat,2,"['the', 'edge', 'of', 'the', 'brim', 'is', 'tall', '-er']",8,the edge of the brim is tall -er,train,train,train,train,"[1, 10, 631, 38, 10, 601, 7, 53, 9, 2, 0, 0, 0, 0, 0, 0, 0, 0]",brim
263071,user_1644,The brim is thicker but not as wide.,38JBBYETQQ3QFDNPWUX9NRGOZTYE4Y,19.0,484d95c416ee10a74ce8c4cc4cdde9b4,cap,PartNet,6e11cfa7d75ed04a4835c09e4900b4a9,cap,PartNet,False,cap/PartNet/6e11cfa7d75ed04a4835c09e4900b4a9,cap/PartNet/484d95c416ee10a74ce8c4cc4cdde9b4,True,hat,hat,2,"['the', 'brim', 'is', 'thick', '-er', 'but', 'not', 'as', 'wide']",9,the brim is thick -er but not as wide,train,train,train,train,"[1, 10, 601, 7, 54, 9, 207, 40, 52, 83, 2, 0, 0, 0, 0, 0, 0, 0]",brim
263072,user_2105,target has thicker brim,3Y4W8Q93L1DKHKS4KVNCQZYGC1CDVY,26.0,484d95c416ee10a74ce8c4cc4cdde9b4,cap,PartNet,6e11cfa7d75ed04a4835c09e4900b4a9,cap,PartNet,False,cap/PartNet/6e11cfa7d75ed04a4835c09e4900b4a9,cap/PartNet/484d95c416ee10a74ce8c4cc4cdde9b4,True,hat,hat,2,"['target', 'has', 'thick', '-er', 'brim']",5,target has thick -er brim,train,train,train,train,"[1, 11, 24, 54, 9, 601, 2, 0, 0, 0, 0, 0, 0, 0, 0, 0, 0, 0]",brim
263073,user_203,The edge of the brim is taller than the edge of the visor.,3VZLGYJEYN3FOA2VCSDR5CE4GT8XZW,79.0,d0919880bdf7eec8fe5dfc44db6ed8eb,cap,PartNet,647864ea6669f539379c6a1d59ef7283,cap,PartNet,False,cap/PartNet/647864ea6669f539379c6a1d59ef7283,cap/PartNet/d0919880bdf7eec8fe5dfc44db6ed8eb,True,hat,hat,2,"['the', 'edge', 'of', 'the', 'brim', 'is', 'tall', '-er', 'than', 'the', 'edge', 'of', 'the', 'visor']",14,the edge of the brim is tall -er than the edge of the visor,train,train,train,train,"[1, 10, 631, 38, 10, 601, 7, 53, 9, 131, 10, 631, 38, 10, 605, 2, 0, 0]",brim
263078,user_1143,The target has a smaller middle between visor and top,3MH9DQ757Y5NGPDVHVEF0YZUBLTGUU,58.0,3e5bdecbe9ed004ed65de3ff29a73cde,cap,PartNet,579cb458787e385af0d11ae402ef940e,cap,PartNet,False,cap/PartNet/579cb458787e385af0d11ae402ef940e,cap/PartNet/3e5bdecbe9ed004ed65de3ff29a73cde,True,hat,hat,2,"['the', 'target', 'has', 'a', 'small', '-er', 'middle', 'between', 'visor', 'and', 'top']",11,the target has a small -er middle between visor and top,train,train,train,train,"[1, 10, 11, 24, 26, 111, 9, 232, 657, 605, 47, 99, 2, 0, 0, 0, 0, 0]",crown
263079,user_1577,"does not have a flat top of the hat, is not a truncated cone top",3TS1AR6UQS7F4E54T3FM8LLY2VTF7P,68.0,21449a5560e5482d12fcd71c55eb9d74,cap,PartNet,bf120175fed89392954cc04e9b526b85,cap,PartNet,False,cap/PartNet/bf120175fed89392954cc04e9b526b85,cap/PartNet/21449a5560e5482d12fcd71c55eb9d74,True,hat,hat,2,"['does', 'not', 'have', 'a', 'flat', 'top', 'of', 'the', 'hat', 'is', 'not', 'a', 'truncated', 'cone', 'top']",15,does not have a flat top of the hat is not a truncated cone top,train,train,train,train,"[1, 39, 40, 84, 26, 129, 99, 38, 10, 602, 7, 40, 26, 649, 143, 99, 2, 0]",crown
263080,user_1633,The target's crown is tilted to the side.,3TPWUS5F8BUNRHMVA9XXSVZCY9BCWE,29.0,21449a5560e5482d12fcd71c55eb9d74,cap,PartNet,bf120175fed89392954cc04e9b526b85,cap,PartNet,False,cap/PartNet/bf120175fed89392954cc04e9b526b85,cap/PartNet/21449a5560e5482d12fcd71c55eb9d74,True,hat,hat,2,"['the', 'target', ""'s"", 'crown', 'is', 'tilted', 'to', 'the', 'side']",9,the target 's crown is tilted to the side,train,train,train,train,"[1, 10, 11, 12, 606, 7, 308, 58, 10, 22, 2, 0, 0, 0, 0, 0, 0, 0]",crown
263081,user_1644,The brim is thinner.,32KTQ2V7RF8PO7LEUNHJH7WDUNE9MP,23.0,21449a5560e5482d12fcd71c55eb9d74,cap,PartNet,bf120175fed89392954cc04e9b526b85,cap,PartNet,False,cap/PartNet/bf120175fed89392954cc04e9b526b85,cap/PartNet/21449a5560e5482d12fcd71c55eb9d74,True,hat,hat,2,"['the', 'brim', 'is', 'thin', '-er']",5,the brim is thin -er,train,train,train,train,"[1, 10, 601, 7, 60, 9, 2, 0, 0, 0, 0, 0, 0, 0, 0, 0, 0, 0]",brim
263085,user_203,The crown has more height.,3SKEMFQBZ5YUKE214JYP2Y9YLCP8KI,51.0,26239157c6539065895d3362333efa72,cap,PartNet,90c6bffdc81cedbeb80102c6e0a7618a,cap,ShapeNet,False,cap/ShapeNet/90c6bffdc81cedbeb80102c6e0a7618a,cap/PartNet/26239157c6539065895d3362333efa72,False,cap,hat,2,"['the', 'crown', 'has', 'more', 'height']",5,the crown has more height,train,train,train,train,"[1, 10, 606, 24, 34, 117, 2, 0, 0, 0, 0, 0, 0, 0, 0, 0, 0, 0]",crown
263086,user_1633,The target has a button on top.,3XUHV3NRVMRKV6IR00OPDMJFR4GH5F,28.0,26239157c6539065895d3362333efa72,cap,PartNet,90c6bffdc81cedbeb80102c6e0a7618a,cap,ShapeNet,False,cap/ShapeNet/90c6bffdc81cedbeb80102c6e0a7618a,cap/PartNet/26239157c6539065895d3362333efa72,False,cap,hat,2,"['the', 'target', 'has', 'a', 'button', 'on', 'top']",7,the target has a button on top,train,train,train,train,"[1, 10, 11, 24, 26, 596, 20, 99, 2, 0, 0, 0, 0, 0, 0, 0, 0, 0]",crown
263087,user_2105,target has button on top of crown,3JPSL1DZ5US9B8GJYUAJQHWX5VVANU,32.0,26239157c6539065895d3362333efa72,cap,PartNet,90c6bffdc81cedbeb80102c6e0a7618a,cap,ShapeNet,False,cap/ShapeNet/90c6bffdc81cedbeb80102c6e0a7618a,cap/PartNet/26239157c6539065895d3362333efa72,False,cap,hat,2,"['target', 'has', 'button', 'on', 'top', 'of', 'crown']",7,target has button on top of crown,train,train,train,train,"[1, 11, 24, 596, 20, 99, 38, 606, 2, 0, 0, 0, 0, 0, 0, 0, 0, 0]",crown
263092,user_1633,The target's brim is turned downward.,3VBEN272MMS71CLRSQJFLXH6QO7SGP,26.0,579cb458787e385af0d11ae402ef940e,cap,PartNet,e823673c1edd73fb97c426435543a860,cap,ShapeNet,False,cap/ShapeNet/e823673c1edd73fb97c426435543a860,cap/PartNet/579cb458787e385af0d11ae402ef940e,False,cap,hat,2,"['the', 'target', ""'s"", 'brim', 'is', 'turned', 'downward']",7,the target 's brim is turned downward,train,train,train,train,"[1, 10, 11, 12, 601, 7, 580, 42, 2, 0, 0, 0, 0, 0, 0, 0, 0, 0]",brim
263096,user_1689,Its brim is thinner.,3F0BG9B9MRGL45MZYT7AX6SE87RY7F,84.0,d874bb309edb91e04e5a22e049c207b1,cap,PartNet,2854677f4c733bcc606dbe05096195ae,cap,PartNet,False,cap/PartNet/2854677f4c733bcc606dbe05096195ae,cap/PartNet/d874bb309edb91e04e5a22e049c207b1,False,hat,hat,2,"['its', 'brim', 'is', 'thin', '-er']",5,its brim is thin -er,train,train,train,train,"[1, 5, 601, 7, 60, 9, 2, 0, 0, 0, 0, 0, 0, 0, 0, 0, 0, 0]",brim
263097,user_1577,comes to a point at the top,3X3OR7WPZ1T54KKJPJAQHYMDABM8LB,55.0,2935eced813475ffcd89d8aa7fd7b92c,cap,PartNet,13b825962a6217ff4691bd87e7b046b1,cap,PartNet,False,cap/PartNet/13b825962a6217ff4691bd87e7b046b1,cap/PartNet/2935eced813475ffcd89d8aa7fd7b92c,False,hat,hat,2,"['comes', 'to', 'a', 'point', 'at', 'the', 'top']",7,comes to a point at the top,train,train,train,train,"[1, 88, 58, 26, 412, 98, 10, 99, 2, 0, 0, 0, 0, 0, 0, 0, 0, 0]",crown
263098,user_1644,It is not a top hat.,3LOTDFNYA9SUUT651BNY01KFVM3WF9,25.0,2935eced813475ffcd89d8aa7fd7b92c,cap,PartNet,13b825962a6217ff4691bd87e7b046b1,cap,PartNet,False,cap/PartNet/13b825962a6217ff4691bd87e7b046b1,cap/PartNet/2935eced813475ffcd89d8aa7fd7b92c,False,hat,hat,2,"['it', 'is', 'not', 'a', 'top', 'hat']",6,it is not a top hat,train,train,train,train,"[1, 23, 7, 40, 26, 99, 602, 2, 0, 0, 0, 0, 0, 0, 0, 0, 0, 0]",crown
263099,user_2105,target has a larger brim,3VW04L3ZLVZQJF2GBAP68RYT8UDXX4,58.0,2935eced813475ffcd89d8aa7fd7b92c,cap,PartNet,13b825962a6217ff4691bd87e7b046b1,cap,PartNet,False,cap/PartNet/13b825962a6217ff4691bd87e7b046b1,cap/PartNet/2935eced813475ffcd89d8aa7fd7b92c,False,hat,hat,2,"['target', 'has', 'a', 'large', '-er', 'brim']",6,target has a large -er brim,train,train,train,train,"[1, 11, 24, 26, 94, 9, 601, 2, 0, 0, 0, 0, 0, 0, 0, 0, 0, 0]",brim
263100,user_615,the seam between the crown and visor is rough,3WAKVUDHUY94NW2UOSALULM1CJHU7E,122.0,3957332e2d23ff61ce2704286124606b,cap,ShapeNet,ffa613d91ac07e38284432ce2f42f498,cap,PartNet,False,cap/PartNet/ffa613d91ac07e38284432ce2f42f498,cap/ShapeNet/3957332e2d23ff61ce2704286124606b,True,hat,cap,2,"['the', 'seam', 'between', 'the', 'crown', 'and', 'visor', 'is', 'rough']",9,the seam between the crown and visor is rough,train,train,train,train,"[1, 10, 4189, 657, 10, 606, 47, 605, 7, 2208, 2, 0, 0, 0, 0, 0, 0, 0]",crown
263103,user_1529,The crown is higher.,33SA9F9TRZN2OF69603SIJZFJMHWEM,127.0,14103d87f108ab847cb2a55fa21392b7,cap,PartNet,ce9fbdd20598b670548ef619bebf2d75,cap,PartNet,False,cap/PartNet/ce9fbdd20598b670548ef619bebf2d75,cap/PartNet/14103d87f108ab847cb2a55fa21392b7,True,hat,hat,2,"['the', 'crown', 'is', 'high', '-er']",5,the crown is high -er,train,train,train,train,"[1, 10, 606, 7, 49, 9, 2, 0, 0, 0, 0, 0, 0, 0, 0, 0, 0, 0]",crown
263104,user_2105,target has squared shapes around crown,3E47SOBEYSP5QM2QLSTIR4Q4JZ6IC8,52.0,14103d87f108ab847cb2a55fa21392b7,cap,PartNet,ce9fbdd20598b670548ef619bebf2d75,cap,PartNet,False,cap/PartNet/ce9fbdd20598b670548ef619bebf2d75,cap/PartNet/14103d87f108ab847cb2a55fa21392b7,True,hat,hat,2,"['target', 'has', 'squared', 'shapes', 'around', 'crown']",6,target has squared shapes around crown,train,train,train,train,"[1, 11, 24, 427, 980, 239, 606, 2, 0, 0, 0, 0, 0, 0, 0, 0, 0, 0]",crown
263107,user_2105,target has shorter height crown,3TOK3KHVJVB9ARIXS6YCVFUCUXD7OY,29.0,62d4f8a7a8a1dc619ba80f08c401fbed,cap,PartNet,e1c16d76fa8d0289bcbb5732017b0d93,cap,PartNet,False,cap/PartNet/e1c16d76fa8d0289bcbb5732017b0d93,cap/PartNet/62d4f8a7a8a1dc619ba80f08c401fbed,True,hat,hat,2,"['target', 'has', 'short', '-er', 'height', 'crown']",6,target has short -er height crown,train,train,train,train,"[1, 11, 24, 8, 9, 117, 606, 2, 0, 0, 0, 0, 0, 0, 0, 0, 0, 0]",crown
263108,user_1143,The target has a less thick brim,3TOK3KHVJVB9ARIXS6YCVFUCUWMO7M,40.0,f649b3afc815fff1e657bffb92fd93ce,cap,PartNet,bc05db27de8de6354bd07bcd9e7e0abf,cap,PartNet,False,cap/PartNet/bc05db27de8de6354bd07bcd9e7e0abf,cap/PartNet/f649b3afc815fff1e657bffb92fd93ce,True,hat,hat,2,"['the', 'target', 'has', 'a', 'less', 'thick', 'brim']",7,the target has a less thick brim,train,train,train,train,"[1, 10, 11, 24, 26, 229, 54, 601, 2, 0, 0, 0, 0, 0, 0, 0, 0, 0]",brim
263110,user_2105,target has thinner brim,36V4Q8R5ZMTVG620BPS532M24NPQMZ,32.0,f649b3afc815fff1e657bffb92fd93ce,cap,PartNet,bc05db27de8de6354bd07bcd9e7e0abf,cap,PartNet,False,cap/PartNet/bc05db27de8de6354bd07bcd9e7e0abf,cap/PartNet/f649b3afc815fff1e657bffb92fd93ce,True,hat,hat,2,"['target', 'has', 'thin', '-er', 'brim']",5,target has thin -er brim,train,train,train,train,"[1, 11, 24, 60, 9, 601, 2, 0, 0, 0, 0, 0, 0, 0, 0, 0, 0, 0]",brim
263111,user_920,The target is flat on top.,3YOH7BII0B0SVQYECC9ZUCT6W9JKVQ,33.0,3c75213433a0ad3cc039d45addffe3d3,cap,PartNet,1045ec5dd315bb09b3efe792e5724933,cap,PartNet,False,cap/PartNet/1045ec5dd315bb09b3efe792e5724933,cap/PartNet/3c75213433a0ad3cc039d45addffe3d3,False,hat,hat,2,"['the', 'target', 'is', 'flat', 'on', 'top']",6,the target is flat on top,train,train,train,train,"[1, 10, 11, 7, 129, 20, 99, 2, 0, 0, 0, 0, 0, 0, 0, 0, 0, 0]",crown
263113,user_1644,It has a brim.,3WMINLGALDWQK4JS9415A62L6RHCAE,22.0,3c75213433a0ad3cc039d45addffe3d3,cap,PartNet,1045ec5dd315bb09b3efe792e5724933,cap,PartNet,False,cap/PartNet/1045ec5dd315bb09b3efe792e5724933,cap/PartNet/3c75213433a0ad3cc039d45addffe3d3,False,hat,hat,2,"['it', 'has', 'a', 'brim']",4,it has a brim,train,train,train,train,"[1, 23, 24, 26, 601, 2, 0, 0, 0, 0, 0, 0, 0, 0, 0, 0, 0, 0]",brim
263115,user_1529,The brim is much wider.,3NLZY2D53RIBAOKFBDRQ3P7D4I1LQU,47.0,3c2a6e6704d24b71325036f2a8f48b04,cap,PartNet,1655aeff6e4ec121bfedd927d2c565df,cap,PartNet,False,cap/PartNet/1655aeff6e4ec121bfedd927d2c565df,cap/PartNet/3c2a6e6704d24b71325036f2a8f48b04,True,hat,hat,2,"['the', 'brim', 'is', 'much', 'wide', '-er']",6,the brim is much wide -er,train,train,train,train,"[1, 10, 601, 7, 59, 83, 9, 2, 0, 0, 0, 0, 0, 0, 0, 0, 0, 0]",brim
263116,user_2105,target has shorter height crown,34QN5IT0T1KS7OVX0QO7JEUP7E280V,51.0,3c2a6e6704d24b71325036f2a8f48b04,cap,PartNet,1655aeff6e4ec121bfedd927d2c565df,cap,PartNet,False,cap/PartNet/1655aeff6e4ec121bfedd927d2c565df,cap/PartNet/3c2a6e6704d24b71325036f2a8f48b04,True,hat,hat,2,"['target', 'has', 'short', '-er', 'height', 'crown']",6,target has short -er height crown,train,train,train,train,"[1, 11, 24, 8, 9, 117, 606, 2, 0, 0, 0, 0, 0, 0, 0, 0, 0, 0]",crown
263120,user_456,The target has a pointy dimple on top of the cap.,3W2LOLRXLD802JHX3S4PTF43B5IKRD,60.0,6cfb76b40fc41da2a6e67635b9d1cee5,cap,ShapeNet,fe319939c7dc4a6ff691355a196da5f,cap,PartNet,False,cap/PartNet/fe319939c7dc4a6ff691355a196da5f,cap/ShapeNet/6cfb76b40fc41da2a6e67635b9d1cee5,True,hat,cap,2,"['the', 'target', 'has', 'a', 'pointy', 'dimple', 'on', 'top', 'of', 'the', 'cap']",11,the target has a pointy dimple on top of the cap,train,train,train,train,"[1, 10, 11, 24, 26, 397, 739, 20, 99, 38, 10, 435, 2, 0, 0, 0, 0, 0]",crown
263121,user_2105,target has shorter crown,3X4JMASXCO2B9MT4328HAGKQFK60B5,58.0,6cfb76b40fc41da2a6e67635b9d1cee5,cap,ShapeNet,fe319939c7dc4a6ff691355a196da5f,cap,PartNet,False,cap/PartNet/fe319939c7dc4a6ff691355a196da5f,cap/ShapeNet/6cfb76b40fc41da2a6e67635b9d1cee5,True,hat,cap,2,"['target', 'has', 'short', '-er', 'crown']",5,target has short -er crown,train,train,train,train,"[1, 11, 24, 8, 9, 606, 2, 0, 0, 0, 0, 0, 0, 0, 0, 0, 0, 0]",crown
263126,user_786,Its crown does not have buttons all around the circumference,3Y54SXRO1NERLUZ11VDMZHEJ1F0TUF,109.0,35bbeb0e828835a757c2f3d4234affb,cap,PartNet,23d52d07b2bd7973cbb1d488e5017b1e,cap,PartNet,False,cap/PartNet/23d52d07b2bd7973cbb1d488e5017b1e,cap/PartNet/35bbeb0e828835a757c2f3d4234affb,False,hat,hat,2,"['its', 'crown', 'does', 'not', 'have', 'buttons', 'all', 'around', 'the', 'circumference']",10,its crown does not have buttons all around the circumference,train,train,train,train,"[1, 5, 606, 39, 40, 84, 431, 367, 239, 10, 180, 2, 0, 0, 0, 0, 0, 0]",crown
263134,user_1633,The target has a shorter crown.,3M81GAB8A2CZXFY3K02WPMB8SNUQBH,46.0,d0313cadc2b4b2cc1372a4afda9e2f07,cap,PartNet,7b168dc388c25bcc9dbdf196435b6c26,cap,PartNet,False,cap/PartNet/7b168dc388c25bcc9dbdf196435b6c26,cap/PartNet/d0313cadc2b4b2cc1372a4afda9e2f07,True,hat,hat,2,"['the', 'target', 'has', 'a', 'short', '-er', 'crown']",7,the target has a short -er crown,val,train,val,train,"[1, 10, 11, 24, 26, 8, 9, 606, 2, 0, 0, 0, 0, 0, 0, 0, 0, 0]",crown
263135,user_1644,The brim is thinner.,32SCWG5HIJX8RRGTOW6ZE1Z69QXP64,20.0,d0313cadc2b4b2cc1372a4afda9e2f07,cap,PartNet,7b168dc388c25bcc9dbdf196435b6c26,cap,PartNet,False,cap/PartNet/7b168dc388c25bcc9dbdf196435b6c26,cap/PartNet/d0313cadc2b4b2cc1372a4afda9e2f07,True,hat,hat,2,"['the', 'brim', 'is', 'thin', '-er']",5,the brim is thin -er,val,train,val,train,"[1, 10, 601, 7, 60, 9, 2, 0, 0, 0, 0, 0, 0, 0, 0, 0, 0, 0]",brim
263136,user_1964,the top is larger in surface area,3FTOP5WARHHHR5RGRULY8433NO5J0X,41.0,d0313cadc2b4b2cc1372a4afda9e2f07,cap,PartNet,7b168dc388c25bcc9dbdf196435b6c26,cap,PartNet,False,cap/PartNet/7b168dc388c25bcc9dbdf196435b6c26,cap/PartNet/d0313cadc2b4b2cc1372a4afda9e2f07,True,hat,hat,2,"['the', 'top', 'is', 'large', '-er', 'in', 'surface', 'area']",8,the top is large -er in surface area,val,train,val,train,"[1, 10, 99, 7, 94, 9, 90, 334, 590, 2, 0, 0, 0, 0, 0, 0, 0, 0]",crown
263137,user_156,Its brim surrounds its entire edge.,358UUM7WR1WC74ADKYFGPAZH5J67RE,32.0,14df58bdedfbb41141edb96d309c9a23,cap,ShapeNet,21449a5560e5482d12fcd71c55eb9d74,cap,PartNet,False,cap/PartNet/21449a5560e5482d12fcd71c55eb9d74,cap/ShapeNet/14df58bdedfbb41141edb96d309c9a23,False,hat,cap,2,"['its', 'brim', 'surrounds', 'its', 'entire', 'edge']",6,its brim surrounds its entire edge,train,train,train,train,"[1, 5, 601, 740, 5, 516, 631, 2, 0, 0, 0, 0, 0, 0, 0, 0, 0, 0]",brim
263138,user_786,The front of its crown does NOT have a logo on it,3SLE99ER0P68B7ZU7WL9GFNCXQEZBJ,153.0,14df58bdedfbb41141edb96d309c9a23,cap,ShapeNet,21449a5560e5482d12fcd71c55eb9d74,cap,PartNet,False,cap/PartNet/21449a5560e5482d12fcd71c55eb9d74,cap/ShapeNet/14df58bdedfbb41141edb96d309c9a23,False,hat,cap,2,"['the', 'front', 'of', 'its', 'crown', 'does', 'not', 'have', 'a', 'logo', 'on', 'it']",12,the front of its crown does not have a logo on it,train,train,train,train,"[1, 10, 37, 38, 5, 606, 39, 40, 84, 26, 604, 20, 23, 2, 0, 0, 0, 0]",crown
263139,user_1143,The target has a flat top,3KB8R4ZV1G08KQ4PH4XKV876M0MBG8,45.0,14df58bdedfbb41141edb96d309c9a23,cap,ShapeNet,21449a5560e5482d12fcd71c55eb9d74,cap,PartNet,False,cap/PartNet/21449a5560e5482d12fcd71c55eb9d74,cap/ShapeNet/14df58bdedfbb41141edb96d309c9a23,False,hat,cap,2,"['the', 'target', 'has', 'a', 'flat', 'top']",6,the target has a flat top,train,train,train,train,"[1, 10, 11, 24, 26, 129, 99, 2, 0, 0, 0, 0, 0, 0, 0, 0, 0, 0]",crown
263146,user_786,Its crown's front center has the letter 'K',3WSELTNVR5V76LL3VQWVZG2PUC8TA3,40.0,6f93656d083e985465bae2cb33eb4baa,cap,ShapeNet,d95c45cbf4d197157f0aed56a80b2a7c,cap,PartNet,False,cap/PartNet/d95c45cbf4d197157f0aed56a80b2a7c,cap/ShapeNet/6f93656d083e985465bae2cb33eb4baa,True,hat,cap,2,"['its', 'crown', ""'s"", 'front', 'center', 'has', 'the', 'letter', 'k']",9,its crown 's front center has the letter k,train,train,train,train,"[1, 5, 606, 12, 37, 165, 24, 10, 708, 1413, 2, 0, 0, 0, 0, 0, 0, 0]",crown
263147,user_2105,target crown is shorter height,34FNN24DCO26H18GA0SDZMEIH1G5YR,45.0,6f93656d083e985465bae2cb33eb4baa,cap,ShapeNet,d95c45cbf4d197157f0aed56a80b2a7c,cap,PartNet,False,cap/PartNet/d95c45cbf4d197157f0aed56a80b2a7c,cap/ShapeNet/6f93656d083e985465bae2cb33eb4baa,True,hat,cap,2,"['target', 'crown', 'is', 'short', '-er', 'height']",6,target crown is short -er height,train,train,train,train,"[1, 11, 606, 7, 8, 9, 117, 2, 0, 0, 0, 0, 0, 0, 0, 0, 0, 0]",crown
263151,user_456,The target has a thin circular brim all the way around.,3YZ8UPK3VVFAZDXQF9IWA7EFDU1UC0,61.0,d0919880bdf7eec8fe5dfc44db6ed8eb,cap,PartNet,5c4122d7fa08f514796410d3fd165433,cap,PartNet,False,cap/PartNet/5c4122d7fa08f514796410d3fd165433,cap/PartNet/d0919880bdf7eec8fe5dfc44db6ed8eb,False,hat,hat,2,"['the', 'target', 'has', 'a', 'thin', 'circular', 'brim', 'all', 'the', 'way', 'around']",11,the target has a thin circular brim all the way around,train,train,train,train,"[1, 10, 11, 24, 26, 60, 102, 601, 367, 10, 471, 239, 2, 0, 0, 0, 0, 0]",brim
263152,user_1644,It has a brim.,3JAOYWH7VKX5IP3TUBG4HUHOUIP9LO,15.0,d0919880bdf7eec8fe5dfc44db6ed8eb,cap,PartNet,5c4122d7fa08f514796410d3fd165433,cap,PartNet,False,cap/PartNet/5c4122d7fa08f514796410d3fd165433,cap/PartNet/d0919880bdf7eec8fe5dfc44db6ed8eb,False,hat,hat,2,"['it', 'has', 'a', 'brim']",4,it has a brim,train,train,train,train,"[1, 23, 24, 26, 601, 2, 0, 0, 0, 0, 0, 0, 0, 0, 0, 0, 0, 0]",brim
263153,user_2105,target has taller crown height,3M81GAB8A2CZXFY3K02WPMB8SONQBC,23.0,d0919880bdf7eec8fe5dfc44db6ed8eb,cap,PartNet,5c4122d7fa08f514796410d3fd165433,cap,PartNet,False,cap/PartNet/5c4122d7fa08f514796410d3fd165433,cap/PartNet/d0919880bdf7eec8fe5dfc44db6ed8eb,False,hat,hat,2,"['target', 'has', 'tall', '-er', 'crown', 'height']",6,target has tall -er crown height,train,train,train,train,"[1, 11, 24, 53, 9, 606, 117, 2, 0, 0, 0, 0, 0, 0, 0, 0, 0, 0]",crown
263154,user_1633,The target is a top hat.,3180JW2OT65GMCDHO0RAPZZU4WG5J4,21.0,620b921e3f1a504258a12735d0a1edc9,cap,PartNet,fc4bf4203c69da43b5c87aa520cf194f,cap,PartNet,False,cap/PartNet/fc4bf4203c69da43b5c87aa520cf194f,cap/PartNet/620b921e3f1a504258a12735d0a1edc9,False,hat,hat,2,"['the', 'target', 'is', 'a', 'top', 'hat']",6,the target is a top hat,train,train,train,train,"[1, 10, 11, 7, 26, 99, 602, 2, 0, 0, 0, 0, 0, 0, 0, 0, 0, 0]",crown
263155,user_1644,The crown is taller.,39OWYR0EPMKYJY15GC5MLY5V6U3YFA,22.0,620b921e3f1a504258a12735d0a1edc9,cap,PartNet,fc4bf4203c69da43b5c87aa520cf194f,cap,PartNet,False,cap/PartNet/fc4bf4203c69da43b5c87aa520cf194f,cap/PartNet/620b921e3f1a504258a12735d0a1edc9,False,hat,hat,2,"['the', 'crown', 'is', 'tall', '-er']",5,the crown is tall -er,train,train,train,train,"[1, 10, 606, 7, 53, 9, 2, 0, 0, 0, 0, 0, 0, 0, 0, 0, 0, 0]",crown
263156,user_2105,target has taller crown,3RU7GD8VPQMDEPEQV992F6VYRG2SP3,28.0,620b921e3f1a504258a12735d0a1edc9,cap,PartNet,fc4bf4203c69da43b5c87aa520cf194f,cap,PartNet,False,cap/PartNet/fc4bf4203c69da43b5c87aa520cf194f,cap/PartNet/620b921e3f1a504258a12735d0a1edc9,False,hat,hat,2,"['target', 'has', 'tall', '-er', 'crown']",5,target has tall -er crown,train,train,train,train,"[1, 11, 24, 53, 9, 606, 2, 0, 0, 0, 0, 0, 0, 0, 0, 0, 0, 0]",crown
263158,user_920,The target's crown is not rounded.,3TPWUS5F8BUNRHMVA9XXSVZCY9CCWF,57.0,a1494210f6774b87b3e0e60b857dde8f,cap,ShapeNet,580042201e78dd85c17bd3d919c94388,cap,PartNet,False,cap/PartNet/580042201e78dd85c17bd3d919c94388,cap/ShapeNet/a1494210f6774b87b3e0e60b857dde8f,True,hat,cap,2,"['the', 'target', ""'s"", 'crown', 'is', 'not', 'rounded']",7,the target 's crown is not rounded,train,train,train,train,"[1, 10, 11, 12, 606, 7, 40, 48, 2, 0, 0, 0, 0, 0, 0, 0, 0, 0]",crown
263163,user_203,The top of the crown is longer.,3P4RDNWND7ZSY08WVKA4E83Z9JUJI2,86.0,b968eb697fbce2d76bb31db0358e9c6,cap,PartNet,e255ff4ea19d21c06fc9a18d280b1515,cap,PartNet,False,cap/PartNet/e255ff4ea19d21c06fc9a18d280b1515,cap/PartNet/b968eb697fbce2d76bb31db0358e9c6,True,hat,hat,2,"['the', 'top', 'of', 'the', 'crown', 'is', 'long', '-er']",8,the top of the crown is long -er,test,train,test,train,"[1, 10, 99, 38, 10, 606, 7, 32, 9, 2, 0, 0, 0, 0, 0, 0, 0, 0]",crown
263165,user_1644,The top of the crown is flatter.,3TESA3PJ3334VR48JWLOMT2XUMMMM2,22.0,b968eb697fbce2d76bb31db0358e9c6,cap,PartNet,e255ff4ea19d21c06fc9a18d280b1515,cap,PartNet,False,cap/PartNet/e255ff4ea19d21c06fc9a18d280b1515,cap/PartNet/b968eb697fbce2d76bb31db0358e9c6,True,hat,hat,2,"['the', 'top', 'of', 'the', 'crown', 'is', 'flat', '-er']",8,the top of the crown is flat -er,test,train,test,train,"[1, 10, 99, 38, 10, 606, 7, 129, 9, 2, 0, 0, 0, 0, 0, 0, 0, 0]",crown
263166,user_786,Its brim is narrower and thinner,3JV9LGBJWV7S3KTYL9261S75TZ4GOG,59.0,3d8381bbd02ff8e23a579c3371197382,cap,PartNet,a4ad860de76ad2b52a2d94519249662c,cap,PartNet,False,cap/PartNet/a4ad860de76ad2b52a2d94519249662c,cap/PartNet/3d8381bbd02ff8e23a579c3371197382,True,hat,hat,2,"['its', 'brim', 'is', 'narrow', '-er', 'and', 'thin', '-er']",8,its brim is narrow -er and thin -er,train,train,train,train,"[1, 5, 601, 7, 210, 9, 47, 60, 9, 2, 0, 0, 0, 0, 0, 0, 0, 0]",brim
263167,user_920,The target's brim is not as deep or thick.,30X31N5D65J6RL8O6QR5PB63STVSAE,59.0,3d8381bbd02ff8e23a579c3371197382,cap,PartNet,a4ad860de76ad2b52a2d94519249662c,cap,PartNet,False,cap/PartNet/a4ad860de76ad2b52a2d94519249662c,cap/PartNet/3d8381bbd02ff8e23a579c3371197382,True,hat,hat,2,"['the', 'target', ""'s"", 'brim', 'is', 'not', 'as', 'deep', 'or', 'thick']",10,the target 's brim is not as deep or thick,train,train,train,train,"[1, 10, 11, 12, 601, 7, 40, 52, 573, 124, 54, 2, 0, 0, 0, 0, 0, 0]",brim
263168,user_1644,The brim is not as wide.,3LS2AMNW5HJJG9NCO57IV6B7ZMDOQJ,27.0,3d8381bbd02ff8e23a579c3371197382,cap,PartNet,a4ad860de76ad2b52a2d94519249662c,cap,PartNet,False,cap/PartNet/a4ad860de76ad2b52a2d94519249662c,cap/PartNet/3d8381bbd02ff8e23a579c3371197382,True,hat,hat,2,"['the', 'brim', 'is', 'not', 'as', 'wide']",6,the brim is not as wide,train,train,train,train,"[1, 10, 601, 7, 40, 52, 83, 2, 0, 0, 0, 0, 0, 0, 0, 0, 0, 0]",brim
263170,user_927,It tapers to a point at the top,333U7HK6IB8BQPSA369TNBNMHDDDJJ,101.0,169bcc70358af368858829ea6212ee1a,cap,PartNet,f6cdd30dec4cb8e71621c7edb823fc53,cap,PartNet,False,cap/PartNet/f6cdd30dec4cb8e71621c7edb823fc53,cap/PartNet/169bcc70358af368858829ea6212ee1a,False,hat,hat,2,"['it', 'tapers', 'to', 'a', 'point', 'at', 'the', 'top']",8,it tapers to a point at the top,test,train,test,train,"[1, 23, 566, 58, 26, 412, 98, 10, 99, 2, 0, 0, 0, 0, 0, 0, 0, 0]",crown
263172,user_677,The crown has an upper and lower dividing line,3Z9WI9EOZ1HNDP3U7NSVFB2XOVFKH9,253.0,ed352b53b17b6119e762cf5917cef4ef,cap,ShapeNet,c68d509f6d2db0bab581cc9c4410f841,cap,PartNet,False,cap/PartNet/c68d509f6d2db0bab581cc9c4410f841,cap/ShapeNet/ed352b53b17b6119e762cf5917cef4ef,True,hat,cap,2,"['the', 'crown', 'has', 'an', 'upper', 'and', 'low', '-er', 'dividing', 'line']",10,the crown has an upper and low -er dividing line,train,train,train,train,"[1, 10, 606, 24, 72, 1050, 47, 345, 9, 1346, 287, 2, 0, 0, 0, 0, 0, 0]",crown
263173,user_1644,The crown is shorter.,3QBD8R3Z23CCR40EQ805S3A23UW4OI,22.0,ed352b53b17b6119e762cf5917cef4ef,cap,ShapeNet,c68d509f6d2db0bab581cc9c4410f841,cap,PartNet,False,cap/PartNet/c68d509f6d2db0bab581cc9c4410f841,cap/ShapeNet/ed352b53b17b6119e762cf5917cef4ef,True,hat,cap,2,"['the', 'crown', 'is', 'short', '-er']",5,the crown is short -er,train,train,train,train,"[1, 10, 606, 7, 8, 9, 2, 0, 0, 0, 0, 0, 0, 0, 0, 0, 0, 0]",crown
263174,user_2105,targets has flat brim with no upward curves,3B3WTRP3DDVZH3HLK5YZ2YIFOIM29G,61.0,ed352b53b17b6119e762cf5917cef4ef,cap,ShapeNet,c68d509f6d2db0bab581cc9c4410f841,cap,PartNet,False,cap/PartNet/c68d509f6d2db0bab581cc9c4410f841,cap/ShapeNet/ed352b53b17b6119e762cf5917cef4ef,True,hat,cap,2,"['target', ""'s"", 'has', 'flat', 'brim', 'with', 'no', 'upward', 'curves']",9,target 's has flat brim with no upward curves,train,train,train,train,"[1, 11, 12, 24, 129, 601, 121, 123, 79, 156, 2, 0, 0, 0, 0, 0, 0, 0]",brim
263175,user_920,The target's brim is deeper.,33JKGHPFYENAD9P8VX0OZ8RXZBCNMH,28.0,77e819e803f1fa8b616c08e4715af963,cap,PartNet,f0e597e2061f61c8e55ab527568c9127,cap,PartNet,False,cap/PartNet/f0e597e2061f61c8e55ab527568c9127,cap/PartNet/77e819e803f1fa8b616c08e4715af963,True,hat,hat,2,"['the', 'target', ""'s"", 'brim', 'is', 'deep', '-er']",7,the target 's brim is deep -er,train,train,train,train,"[1, 10, 11, 12, 601, 7, 573, 9, 2, 0, 0, 0, 0, 0, 0, 0, 0, 0]",brim
263177,user_1644,The crown is flatter.,3S06PH7KSTX4V8C6DH3NJBR0NWI1D8,20.0,77e819e803f1fa8b616c08e4715af963,cap,PartNet,f0e597e2061f61c8e55ab527568c9127,cap,PartNet,False,cap/PartNet/f0e597e2061f61c8e55ab527568c9127,cap/PartNet/77e819e803f1fa8b616c08e4715af963,True,hat,hat,2,"['the', 'crown', 'is', 'flat', '-er']",5,the crown is flat -er,train,train,train,train,"[1, 10, 606, 7, 129, 9, 2, 0, 0, 0, 0, 0, 0, 0, 0, 0, 0, 0]",crown
263179,user_203,The crown is not as long.,3DI28L7YXC79NEQ69CE7PT9LN9ZE1W,62.0,dc06523b3413d01d3ead562a41d49338,cap,PartNet,60104a0945f83b063f30fadefd6911f2,cap,ShapeNet,False,cap/ShapeNet/60104a0945f83b063f30fadefd6911f2,cap/PartNet/dc06523b3413d01d3ead562a41d49338,True,cap,hat,2,"['the', 'crown', 'is', 'not', 'as', 'long']",6,the crown is not as long,train,train,train,train,"[1, 10, 606, 7, 40, 52, 32, 2, 0, 0, 0, 0, 0, 0, 0, 0, 0, 0]",crown
263180,user_1644,The crown is not as wide.,37W3JXSD6810UKN061FMPMRV1XTWY6,48.0,dc06523b3413d01d3ead562a41d49338,cap,PartNet,60104a0945f83b063f30fadefd6911f2,cap,ShapeNet,False,cap/ShapeNet/60104a0945f83b063f30fadefd6911f2,cap/PartNet/dc06523b3413d01d3ead562a41d49338,True,cap,hat,2,"['the', 'crown', 'is', 'not', 'as', 'wide']",6,the crown is not as wide,train,train,train,train,"[1, 10, 606, 7, 40, 52, 83, 2, 0, 0, 0, 0, 0, 0, 0, 0, 0, 0]",crown
263186,user_1644,The crown is shorter.,3FDJT1UU761BXWJZ6LRMQEZ7JLHK5J,16.0,9634ac7cd209cc7e230a4d129580843a,cap,PartNet,7f1665745d2690d38217993582015a9c,cap,PartNet,False,cap/PartNet/7f1665745d2690d38217993582015a9c,cap/PartNet/9634ac7cd209cc7e230a4d129580843a,True,hat,hat,2,"['the', 'crown', 'is', 'short', '-er']",5,the crown is short -er,train,train,train,train,"[1, 10, 606, 7, 8, 9, 2, 0, 0, 0, 0, 0, 0, 0, 0, 0, 0, 0]",crown
263189,user_1644,It has a logo on the crown.,3ON104KXQMPKWD9GHURF9XNO6X3W4W,33.0,a0fc32a763b57b85f0d11ae402ef940e,cap,ShapeNet,7f9ddfff396634f17790cd6f6e8952aa,cap,ShapeNet,False,cap/ShapeNet/7f9ddfff396634f17790cd6f6e8952aa,cap/ShapeNet/a0fc32a763b57b85f0d11ae402ef940e,False,cap,cap,2,"['it', 'has', 'a', 'logo', 'on', 'the', 'crown']",7,it has a logo on the crown,test,train,test,train,"[1, 23, 24, 26, 604, 20, 10, 606, 2, 0, 0, 0, 0, 0, 0, 0, 0, 0]",crown
263192,user_786,Its crown does NOT have a step like protrusion circling around the bottom,3OUYGIZWR9RDDGUEM7QI50PFWNC0PF,37.0,f567a4a2bc30d0ca18a6353ea60f11b6,cap,PartNet,1045ec5dd315bb09b3efe792e5724933,cap,PartNet,False,cap/PartNet/1045ec5dd315bb09b3efe792e5724933,cap/PartNet/f567a4a2bc30d0ca18a6353ea60f11b6,True,hat,hat,2,"['its', 'crown', 'does', 'not', 'have', 'a', 'step', 'like', 'protrusion', 'circling', 'around', 'the', 'bottom']",13,its crown does not have a step like protrusion circling around the bottom,train,train,train,train,"[1, 5, 606, 39, 40, 84, 26, 1264, 35, 1205, 5150, 239, 10, 76, 2, 0, 0, 0]",crown
263194,user_1644,The brim is not as wide.,3YJ6NA41JD9KFMV08F0ON54BVWHJP4,18.0,f567a4a2bc30d0ca18a6353ea60f11b6,cap,PartNet,1045ec5dd315bb09b3efe792e5724933,cap,PartNet,False,cap/PartNet/1045ec5dd315bb09b3efe792e5724933,cap/PartNet/f567a4a2bc30d0ca18a6353ea60f11b6,True,hat,hat,2,"['the', 'brim', 'is', 'not', 'as', 'wide']",6,the brim is not as wide,train,train,train,train,"[1, 10, 601, 7, 40, 52, 83, 2, 0, 0, 0, 0, 0, 0, 0, 0, 0, 0]",brim
263196,user_1633,The target is not a top hat.,3GS6S824SSQ6ILJMZZ6B86TOXDOWNF,26.0,98698fc854d6a919a163a814bd04d6,cap,PartNet,d3c12600578e3f57a8963fe61f2bc75f,cap,PartNet,False,cap/PartNet/d3c12600578e3f57a8963fe61f2bc75f,cap/PartNet/98698fc854d6a919a163a814bd04d6,False,hat,hat,2,"['the', 'target', 'is', 'not', 'a', 'top', 'hat']",7,the target is not a top hat,test,train,test,train,"[1, 10, 11, 7, 40, 26, 99, 602, 2, 0, 0, 0, 0, 0, 0, 0, 0, 0]",crown
263198,user_1135,The target hat is a top hat.,32UTUBMZ7IPR2NUK6ZW6V9AG9G1BVQ,65.0,b968eb697fbce2d76bb31db0358e9c6,cap,PartNet,87c240c20a772f51e6e812c94ac516eb,cap,PartNet,False,cap/PartNet/87c240c20a772f51e6e812c94ac516eb,cap/PartNet/b968eb697fbce2d76bb31db0358e9c6,False,hat,hat,2,"['the', 'target', 'hat', 'is', 'a', 'top', 'hat']",7,the target hat is a top hat,train,train,train,train,"[1, 10, 11, 602, 7, 26, 99, 602, 2, 0, 0, 0, 0, 0, 0, 0, 0, 0]",crown
263199,user_1143,The target has a flat top,3RU7GD8VPQMDEPEQV992F6VYRFVPSR,76.0,b968eb697fbce2d76bb31db0358e9c6,cap,PartNet,87c240c20a772f51e6e812c94ac516eb,cap,PartNet,False,cap/PartNet/87c240c20a772f51e6e812c94ac516eb,cap/PartNet/b968eb697fbce2d76bb31db0358e9c6,False,hat,hat,2,"['the', 'target', 'has', 'a', 'flat', 'top']",6,the target has a flat top,train,train,train,train,"[1, 10, 11, 24, 26, 129, 99, 2, 0, 0, 0, 0, 0, 0, 0, 0, 0, 0]",crown
263200,user_1644,The brim is not as wide.,3TXMY6UCAGHI7KQ9Y0YR06HQA9ECQW,30.0,b968eb697fbce2d76bb31db0358e9c6,cap,PartNet,87c240c20a772f51e6e812c94ac516eb,cap,PartNet,False,cap/PartNet/87c240c20a772f51e6e812c94ac516eb,cap/PartNet/b968eb697fbce2d76bb31db0358e9c6,False,hat,hat,2,"['the', 'brim', 'is', 'not', 'as', 'wide']",6,the brim is not as wide,train,train,train,train,"[1, 10, 601, 7, 40, 52, 83, 2, 0, 0, 0, 0, 0, 0, 0, 0, 0, 0]",brim
263202,user_786,Its crown's slope angle varies with the elevation up the cone,3QAPZX2QN66HL9T8K9F69NHMLDJ20T,123.0,3c2a6e6704d24b71325036f2a8f48b04,cap,PartNet,3b0f81cd74875acbb196d563c325e416,cap,PartNet,False,cap/PartNet/3b0f81cd74875acbb196d563c325e416,cap/PartNet/3c2a6e6704d24b71325036f2a8f48b04,True,hat,hat,2,"['its', 'crown', ""'s"", 'slope', 'angle', 'varies', 'with', 'the', 'elevation', 'up', 'the', 'cone']",12,its crown 's slope angle varies with the elevation up the cone,train,train,train,train,"[1, 5, 606, 12, 1369, 106, 1546, 121, 10, 5266, 269, 10, 143, 2, 0, 0, 0, 0]",crown
263204,user_1529,"The top pushes in, and isn't completely flat.",3B837J3LDQPYQ2U581DRK1VDSYBSRG,156.0,98698fc854d6a919a163a814bd04d6,cap,PartNet,b88c6b7e33b1a7346c9866e8b1b4fc12,cap,PartNet,False,cap/PartNet/b88c6b7e33b1a7346c9866e8b1b4fc12,cap/PartNet/98698fc854d6a919a163a814bd04d6,True,hat,hat,2,"['the', 'top', 'pushes', 'in', 'and', 'is', 'not', 'completely', 'flat']",9,the top pushes in and is not completely flat,val,train,val,train,"[1, 10, 99, 1902, 90, 47, 7, 40, 169, 129, 2, 0, 0, 0, 0, 0, 0, 0]",crown
263205,user_1644,The top of the crown is not flat.,3TS1AR6UQS7F4E54T3FM8LLY2WE7F4,60.0,98698fc854d6a919a163a814bd04d6,cap,PartNet,b88c6b7e33b1a7346c9866e8b1b4fc12,cap,PartNet,False,cap/PartNet/b88c6b7e33b1a7346c9866e8b1b4fc12,cap/PartNet/98698fc854d6a919a163a814bd04d6,True,hat,hat,2,"['the', 'top', 'of', 'the', 'crown', 'is', 'not', 'flat']",8,the top of the crown is not flat,val,train,val,train,"[1, 10, 99, 38, 10, 606, 7, 40, 129, 2, 0, 0, 0, 0, 0, 0, 0, 0]",crown
263206,user_2105,target has taller height brim,3WQQ9FUS6CNTRBY7Y6LW3VQ8YI18BJ,42.0,98698fc854d6a919a163a814bd04d6,cap,PartNet,b88c6b7e33b1a7346c9866e8b1b4fc12,cap,PartNet,False,cap/PartNet/b88c6b7e33b1a7346c9866e8b1b4fc12,cap/PartNet/98698fc854d6a919a163a814bd04d6,True,hat,hat,2,"['target', 'has', 'tall', '-er', 'height', 'brim']",6,target has tall -er height brim,val,train,val,train,"[1, 11, 24, 53, 9, 117, 601, 2, 0, 0, 0, 0, 0, 0, 0, 0, 0, 0]",brim
263208,user_786,Its crown is taller,3EICBYG646P1LXMW3AEI3554WEAJC0,53.0,61437489633f5d167c35d3c5d3b1fcf7,cap,ShapeNet,62d4f8a7a8a1dc619ba80f08c401fbed,cap,PartNet,False,cap/PartNet/62d4f8a7a8a1dc619ba80f08c401fbed,cap/ShapeNet/61437489633f5d167c35d3c5d3b1fcf7,True,hat,cap,2,"['its', 'crown', 'is', 'tall', '-er']",5,its crown is tall -er,train,train,train,train,"[1, 5, 606, 7, 53, 9, 2, 0, 0, 0, 0, 0, 0, 0, 0, 0, 0, 0]",crown
263211,user_1143,The target has a wavy brim,3OUYGIZWR9RDDGUEM7QI50PFWND0PG,29.0,f1a3280859c83c2ebfabbbce99807de9,cap,PartNet,169bcc70358af368858829ea6212ee1a,cap,PartNet,False,cap/PartNet/169bcc70358af368858829ea6212ee1a,cap/PartNet/f1a3280859c83c2ebfabbbce99807de9,False,hat,hat,2,"['the', 'target', 'has', 'a', 'wavy', 'brim']",6,the target has a wavy brim,train,train,train,train,"[1, 10, 11, 24, 26, 660, 601, 2, 0, 0, 0, 0, 0, 0, 0, 0, 0, 0]",brim
263217,user_1529,The height of the crown is a little bit shorter.,3QFUFYSY908ILRNLR5HF591OBU54FY,70.0,6a0080b5908b06f93d73b22cbe25cea9,cap,PartNet,d12f1b6c7df969f39fd67caf3bf15730,cap,PartNet,False,cap/PartNet/d12f1b6c7df969f39fd67caf3bf15730,cap/PartNet/6a0080b5908b06f93d73b22cbe25cea9,True,hat,hat,2,"['the', 'height', 'of', 'the', 'crown', 'is', 'a', 'little', 'bit', 'short', '-er']",11,the height of the crown is a little bit short -er,train,train,train,train,"[1, 10, 117, 38, 10, 606, 7, 26, 907, 592, 8, 9, 2, 0, 0, 0, 0, 0]",crown
263218,user_2105,target has flower design on crown,3RXCAC0YITIPIS6IESDA46H5EVR8GY,39.0,6a0080b5908b06f93d73b22cbe25cea9,cap,PartNet,d12f1b6c7df969f39fd67caf3bf15730,cap,PartNet,False,cap/PartNet/d12f1b6c7df969f39fd67caf3bf15730,cap/PartNet/6a0080b5908b06f93d73b22cbe25cea9,True,hat,hat,2,"['target', 'has', 'flower', 'design', 'on', 'crown']",6,target has flower design on crown,train,train,train,train,"[1, 11, 24, 785, 192, 20, 606, 2, 0, 0, 0, 0, 0, 0, 0, 0, 0, 0]",crown
263219,user_786,Its brim goes around the entire hat,34T446B1C27UJRLAH24CL0Q8X4WC0C,53.0,d15cf31f7ec69e948f5635ac8b18fdb9,cap,PartNet,77f97b18d27a8905afd2bc3942374579,cap,PartNet,False,cap/PartNet/77f97b18d27a8905afd2bc3942374579,cap/PartNet/d15cf31f7ec69e948f5635ac8b18fdb9,False,hat,hat,2,"['its', 'brim', 'goes', 'around', 'the', 'entire', 'hat']",7,its brim goes around the entire hat,train,train,train,train,"[1, 5, 601, 394, 239, 10, 516, 602, 2, 0, 0, 0, 0, 0, 0, 0, 0, 0]",brim
263220,user_1633,The target looks like a top hat.,3OLQQLKKNUIGIV6AZ1KDTT57HPFEJE,21.0,d15cf31f7ec69e948f5635ac8b18fdb9,cap,PartNet,77f97b18d27a8905afd2bc3942374579,cap,PartNet,False,cap/PartNet/77f97b18d27a8905afd2bc3942374579,cap/PartNet/d15cf31f7ec69e948f5635ac8b18fdb9,False,hat,hat,2,"['the', 'target', 'looks', 'like', 'a', 'top', 'hat']",7,the target looks like a top hat,train,train,train,train,"[1, 10, 11, 33, 35, 26, 99, 602, 2, 0, 0, 0, 0, 0, 0, 0, 0, 0]",crown
263221,user_1964,the top is flat,3AAPLD8UCEAMG8TH1W6NG2PT77YTHE,29.0,d15cf31f7ec69e948f5635ac8b18fdb9,cap,PartNet,77f97b18d27a8905afd2bc3942374579,cap,PartNet,False,cap/PartNet/77f97b18d27a8905afd2bc3942374579,cap/PartNet/d15cf31f7ec69e948f5635ac8b18fdb9,False,hat,hat,2,"['the', 'top', 'is', 'flat']",4,the top is flat,train,train,train,train,"[1, 10, 99, 7, 129, 2, 0, 0, 0, 0, 0, 0, 0, 0, 0, 0, 0, 0]",crown
263223,user_786,"It has a hexagonal brim, NOT a rectangular visor",3R0T90IZ1U5RUVWVV4TF6SDO4LOGCM,75.0,288e11d15d927943068951f59ff267e,cap,PartNet,6a0080b5908b06f93d73b22cbe25cea9,cap,PartNet,False,cap/PartNet/6a0080b5908b06f93d73b22cbe25cea9,cap/PartNet/288e11d15d927943068951f59ff267e,True,hat,hat,2,"['it', 'has', 'a', 'hexagonal', 'brim', 'not', 'a', 'rectangular', 'visor']",9,it has a hexagonal brim not a rectangular visor,train,train,train,train,"[1, 23, 24, 26, 642, 601, 40, 26, 128, 605, 2, 0, 0, 0, 0, 0, 0, 0]",brim
263225,user_920,The target does not have an indented circle on the top.,3R3YRB5GRHWM6Y0SVVM54CORDQGAUC,66.0,61437489633f5d167c35d3c5d3b1fcf7,cap,ShapeNet,34dfb5af71b1f327e21800cd80ebb26f,cap,PartNet,False,cap/PartNet/34dfb5af71b1f327e21800cd80ebb26f,cap/ShapeNet/61437489633f5d167c35d3c5d3b1fcf7,True,hat,cap,2,"['the', 'target', 'does', 'not', 'have', 'an', 'indented', 'circle', 'on', 'the', 'top']",11,the target does not have an indented circle on the top,train,train,train,train,"[1, 10, 11, 39, 40, 84, 72, 633, 149, 20, 10, 99, 2, 0, 0, 0, 0, 0]",crown
263226,user_1644,It has a round decoration on top.,3PW9OPU9PSDHSYEQGSJ6NS0WQ5Q12W,36.0,61437489633f5d167c35d3c5d3b1fcf7,cap,ShapeNet,34dfb5af71b1f327e21800cd80ebb26f,cap,PartNet,False,cap/PartNet/34dfb5af71b1f327e21800cd80ebb26f,cap/ShapeNet/61437489633f5d167c35d3c5d3b1fcf7,True,hat,cap,2,"['it', 'has', 'a', 'round', 'decoration', 'on', 'top']",7,it has a round decoration on top,train,train,train,train,"[1, 23, 24, 26, 134, 639, 20, 99, 2, 0, 0, 0, 0, 0, 0, 0, 0, 0]",crown
263227,user_1964,there is an appendage extending from the top,3XC1O3LBOUFO24C7SHLL8UI0OO7LTD,32.0,61437489633f5d167c35d3c5d3b1fcf7,cap,ShapeNet,34dfb5af71b1f327e21800cd80ebb26f,cap,PartNet,False,cap/PartNet/34dfb5af71b1f327e21800cd80ebb26f,cap/ShapeNet/61437489633f5d167c35d3c5d3b1fcf7,True,hat,cap,2,"['there', 'is', 'an', 'appendage', 'extending', 'from', 'the', 'top']",8,there is an appendage extending from the top,train,train,train,train,"[1, 15, 7, 72, 2224, 112, 113, 10, 99, 2, 0, 0, 0, 0, 0, 0, 0, 0]",crown
263228,user_1633,The target does not have a poof-ball on the top.,3PJUZCGDJ89A3IJA0M70CPVIAH589E,29.0,88adc86cf9004a01ed43c5a21cb8b385,cap,PartNet,bf120175fed89392954cc04e9b526b85,cap,PartNet,False,cap/PartNet/bf120175fed89392954cc04e9b526b85,cap/PartNet/88adc86cf9004a01ed43c5a21cb8b385,False,hat,hat,2,"['the', 'target', 'does', 'not', 'have', 'a', 'poof', 'ball', 'on', 'the', 'top']",11,the target does not have a poof ball on the top,train,train,train,train,"[1, 10, 11, 39, 40, 84, 26, 5099, 668, 20, 10, 99, 2, 0, 0, 0, 0, 0]",crown
263229,user_1644,It does not have a decorative ball at the top.,3GA6AFUKOQHHHRVNMH0WYPLVD96H38,58.0,88adc86cf9004a01ed43c5a21cb8b385,cap,PartNet,bf120175fed89392954cc04e9b526b85,cap,PartNet,False,cap/PartNet/bf120175fed89392954cc04e9b526b85,cap/PartNet/88adc86cf9004a01ed43c5a21cb8b385,False,hat,hat,2,"['it', 'does', 'not', 'have', 'a', 'decorative', 'ball', 'at', 'the', 'top']",10,it does not have a decorative ball at the top,train,train,train,train,"[1, 23, 39, 40, 84, 26, 216, 668, 98, 10, 99, 2, 0, 0, 0, 0, 0, 0]",crown
263233,user_1644,The button on the top is flatter.,3CP1TO84PVUGGGF9HFLIQIDD2LY25I,144.0,3b0a1a20ef0ce1a34c90f2ddc14dc59b,cap,ShapeNet,a444fff8c769de616a10eb60523df1e9,cap,ShapeNet,False,cap/ShapeNet/a444fff8c769de616a10eb60523df1e9,cap/ShapeNet/3b0a1a20ef0ce1a34c90f2ddc14dc59b,True,cap,cap,2,"['the', 'button', 'on', 'the', 'top', 'is', 'flat', '-er']",8,the button on the top is flat -er,train,train,train,train,"[1, 10, 596, 20, 10, 99, 7, 129, 9, 2, 0, 0, 0, 0, 0, 0, 0, 0]",crown
263241,user_1964,there is no brim or visor,3VFJCI1K41SV0XLED1JAVNCA4MPRG1,36.0,576d5a4b1d688680bed7e3eef8315549,cap,PartNet,373d717709b3e181bbda4bd2b976d8f7,cap,ShapeNet,False,cap/ShapeNet/373d717709b3e181bbda4bd2b976d8f7,cap/PartNet/576d5a4b1d688680bed7e3eef8315549,True,cap,hat,2,"['there', 'is', 'no', 'brim', 'or', 'visor']",6,there is no brim or visor,train,train,train,train,"[1, 15, 7, 123, 601, 124, 605, 2, 0, 0, 0, 0, 0, 0, 0, 0, 0, 0]",brim
263247,user_786,"Its crown has a large flat top, NOT a pointed top",34S9DKFK75IA7QEME0OZT3E48LPYNH,35.0,17507563e90313433f19716eab42752,cap,PartNet,d12f1b6c7df969f39fd67caf3bf15730,cap,PartNet,False,cap/PartNet/d12f1b6c7df969f39fd67caf3bf15730,cap/PartNet/17507563e90313433f19716eab42752,False,hat,hat,2,"['its', 'crown', 'has', 'a', 'large', 'flat', 'top', 'not', 'a', 'pointed', 'top']",11,its crown has a large flat top not a pointed top,train,train,train,train,"[1, 5, 606, 24, 26, 94, 129, 99, 40, 26, 387, 99, 2, 0, 0, 0, 0, 0]",crown
263248,user_1964,the top is flat,3UWN2HHPU0YDB42DFUWABHQ3R0TNSS,34.0,17507563e90313433f19716eab42752,cap,PartNet,d12f1b6c7df969f39fd67caf3bf15730,cap,PartNet,False,cap/PartNet/d12f1b6c7df969f39fd67caf3bf15730,cap/PartNet/17507563e90313433f19716eab42752,False,hat,hat,2,"['the', 'top', 'is', 'flat']",4,the top is flat,train,train,train,train,"[1, 10, 99, 7, 129, 2, 0, 0, 0, 0, 0, 0, 0, 0, 0, 0, 0, 0]",crown
263252,user_786,Its has a line of stitching around the entire hat near its crown's bottom edge.,3Q5ZZ9ZEVQ8R2VHYXWUJ09QGOLM58K,164.0,9634ac7cd209cc7e230a4d129580843a,cap,PartNet,d18c3ce1f186c16976bb31db0358e9c6,cap,ShapeNet,False,cap/ShapeNet/d18c3ce1f186c16976bb31db0358e9c6,cap/PartNet/9634ac7cd209cc7e230a4d129580843a,True,cap,hat,2,"['its', 'has', 'a', 'line', 'of', 'stitching', 'around', 'the', 'entire', 'hat', 'near', 'its', 'crown', ""'s"", 'bottom', 'edge']",16,its has a line of stitching around the entire hat near its crown 's bottom edge,train,train,train,train,"[1, 5, 24, 26, 287, 38, 2734, 239, 10, 516, 602, 348, 5, 606, 12, 76, 631, 2]",crown
263254,user_2105,target has no button on top of crown,3I7DHKZYGPT0HARL5A0PA172BQQF54,44.0,9634ac7cd209cc7e230a4d129580843a,cap,PartNet,d18c3ce1f186c16976bb31db0358e9c6,cap,ShapeNet,False,cap/ShapeNet/d18c3ce1f186c16976bb31db0358e9c6,cap/PartNet/9634ac7cd209cc7e230a4d129580843a,True,cap,hat,2,"['target', 'has', 'no', 'button', 'on', 'top', 'of', 'crown']",8,target has no button on top of crown,train,train,train,train,"[1, 11, 24, 123, 596, 20, 99, 38, 606, 2, 0, 0, 0, 0, 0, 0, 0, 0]",crown
263255,user_1143,The target has a visor not a brim,3ZY8KE4ISLWE6TW9PHTWQY5FVFBVQT,38.0,d196cee1204df9027bd9558057bfa0b3,cap,PartNet,c0e8723dcc5f948890f80ab08ae6ce2,cap,PartNet,False,cap/PartNet/c0e8723dcc5f948890f80ab08ae6ce2,cap/PartNet/d196cee1204df9027bd9558057bfa0b3,False,hat,hat,2,"['the', 'target', 'has', 'a', 'visor', 'not', 'a', 'brim']",8,the target has a visor not a brim,train,train,train,train,"[1, 10, 11, 24, 26, 605, 40, 26, 601, 2, 0, 0, 0, 0, 0, 0, 0, 0]",brim
263258,user_90,It has s shorter crown,3N8OEVH1FTJGVXAW9SFE61G7KMHOOZ,86.0,b9be3ecb04284bebdde3c649189c2dd4,cap,PartNet,56bb0a2e6f729993fa5b6212657ae4a4,cap,PartNet,False,cap/PartNet/56bb0a2e6f729993fa5b6212657ae4a4,cap/PartNet/b9be3ecb04284bebdde3c649189c2dd4,False,hat,hat,2,"['it', 'has', 's', 'short', '-er', 'crown']",6,it has s short -er crown,train,train,train,train,"[1, 23, 24, 450, 8, 9, 606, 2, 0, 0, 0, 0, 0, 0, 0, 0, 0, 0]",crown
263259,user_1644,The brim is wider and thinner.,3LBXNTKX0TO0IJKI8UJSSOCB1RZ9XA,20.0,b9be3ecb04284bebdde3c649189c2dd4,cap,PartNet,56bb0a2e6f729993fa5b6212657ae4a4,cap,PartNet,False,cap/PartNet/56bb0a2e6f729993fa5b6212657ae4a4,cap/PartNet/b9be3ecb04284bebdde3c649189c2dd4,False,hat,hat,2,"['the', 'brim', 'is', 'wide', '-er', 'and', 'thin', '-er']",8,the brim is wide -er and thin -er,train,train,train,train,"[1, 10, 601, 7, 83, 9, 47, 60, 9, 2, 0, 0, 0, 0, 0, 0, 0, 0]",brim
263260,user_2105,target has thinner brim,3PEIJLRY6VMBUFXQ15TK68KMZS8XWC,44.0,b9be3ecb04284bebdde3c649189c2dd4,cap,PartNet,56bb0a2e6f729993fa5b6212657ae4a4,cap,PartNet,False,cap/PartNet/56bb0a2e6f729993fa5b6212657ae4a4,cap/PartNet/b9be3ecb04284bebdde3c649189c2dd4,False,hat,hat,2,"['target', 'has', 'thin', '-er', 'brim']",5,target has thin -er brim,train,train,train,train,"[1, 11, 24, 60, 9, 601, 2, 0, 0, 0, 0, 0, 0, 0, 0, 0, 0, 0]",brim
263264,user_1529,The top is tilted backwards.,3WSELTNVR5V76LL3VQWVZG2PUD3TA0,37.0,6e983d20e0bf80296829cd4082fbdbdf,cap,ShapeNet,18387b36aa7b2d4af0d11ae402ef940e,cap,ShapeNet,False,cap/ShapeNet/18387b36aa7b2d4af0d11ae402ef940e,cap/ShapeNet/6e983d20e0bf80296829cd4082fbdbdf,False,cap,cap,2,"['the', 'top', 'is', 'tilted', 'backwards']",5,the top is tilted backwards,train,train,train,train,"[1, 10, 99, 7, 308, 479, 2, 0, 0, 0, 0, 0, 0, 0, 0, 0, 0, 0]",crown
263267,user_1529,There is an appliquet on top of the crown.,3Z9WI9EOZ1HNDP3U7NSVFB2XOU6KHY,32.0,a1494210f6774b87b3e0e60b857dde8f,cap,ShapeNet,3d8381bbd02ff8e23a579c3371197382,cap,PartNet,False,cap/PartNet/3d8381bbd02ff8e23a579c3371197382,cap/ShapeNet/a1494210f6774b87b3e0e60b857dde8f,False,hat,cap,2,"['there', 'is', 'an', 'applique', 'on', 'top', 'of', 'the', 'crown']",9,there is an applique on top of the crown,train,train,train,train,"[1, 15, 7, 72, 4594, 20, 99, 38, 10, 606, 2, 0, 0, 0, 0, 0, 0, 0]",crown
263268,user_1633,The target is completely flat on top.,3GLB5JMZFZO1ZN29V0OQQYV6PLXDGG,24.0,a1494210f6774b87b3e0e60b857dde8f,cap,ShapeNet,3d8381bbd02ff8e23a579c3371197382,cap,PartNet,False,cap/PartNet/3d8381bbd02ff8e23a579c3371197382,cap/ShapeNet/a1494210f6774b87b3e0e60b857dde8f,False,hat,cap,2,"['the', 'target', 'is', 'completely', 'flat', 'on', 'top']",7,the target is completely flat on top,train,train,train,train,"[1, 10, 11, 7, 169, 129, 20, 99, 2, 0, 0, 0, 0, 0, 0, 0, 0, 0]",crown
263269,user_1644,The crown is shorter.,3DH6GAKTY0I4OFS5HOZTOQLDIZXZYZ,32.0,a1494210f6774b87b3e0e60b857dde8f,cap,ShapeNet,3d8381bbd02ff8e23a579c3371197382,cap,PartNet,False,cap/PartNet/3d8381bbd02ff8e23a579c3371197382,cap/ShapeNet/a1494210f6774b87b3e0e60b857dde8f,False,hat,cap,2,"['the', 'crown', 'is', 'short', '-er']",5,the crown is short -er,train,train,train,train,"[1, 10, 606, 7, 8, 9, 2, 0, 0, 0, 0, 0, 0, 0, 0, 0, 0, 0]",crown
263270,user_786,It does NOT look like a drum with a flat top surface,3U4J9857OG4PRXTOO1TQPVUDNY1B75,59.0,ce9fbdd20598b670548ef619bebf2d75,cap,PartNet,3f712e64c37ee460e4b30fdd654658ce,cap,PartNet,False,cap/PartNet/3f712e64c37ee460e4b30fdd654658ce,cap/PartNet/ce9fbdd20598b670548ef619bebf2d75,True,hat,hat,2,"['it', 'does', 'not', 'look', 'like', 'a', 'drum', 'with', 'a', 'flat', 'top', 'surface']",12,it does not look like a drum with a flat top surface,train,train,train,train,"[1, 23, 39, 40, 186, 35, 26, 635, 121, 26, 129, 99, 334, 2, 0, 0, 0, 0]",crown
263276,user_786,Its crown's peak's button is raised up higher,37U1UTWH9XFG7IFWU37M3AVCG4K8RC,44.0,fa8124cce25881004fcdbc2114c724fa,cap,PartNet,3b0a1a20ef0ce1a34c90f2ddc14dc59b,cap,ShapeNet,False,cap/ShapeNet/3b0a1a20ef0ce1a34c90f2ddc14dc59b,cap/PartNet/fa8124cce25881004fcdbc2114c724fa,True,cap,hat,2,"['its', 'crown', ""'s"", 'peak', ""'s"", 'button', 'is', 'raised', 'up', 'high', '-er']",11,its crown 's peak 's button is raised up high -er,train,train,train,train,"[1, 5, 606, 12, 2148, 12, 596, 7, 681, 269, 49, 9, 2, 0, 0, 0, 0, 0]",crown
263279,user_786,Its crown's front does NOT have a rectangular flat area,3TE22NPXPD58NBQW7OLWE54XM4444I,41.0,d243dfb497b2a51bf784e4a55df53109,cap,PartNet,56ca2cc23b627f65fdac1e69603928f,cap,PartNet,False,cap/PartNet/56ca2cc23b627f65fdac1e69603928f,cap/PartNet/d243dfb497b2a51bf784e4a55df53109,True,hat,hat,2,"['its', 'crown', ""'s"", 'front', 'does', 'not', 'have', 'a', 'rectangular', 'flat', 'area']",11,its crown 's front does not have a rectangular flat area,val,train,val,train,"[1, 5, 606, 12, 37, 39, 40, 84, 26, 128, 129, 590, 2, 0, 0, 0, 0, 0]",crown
263280,user_1633,The target is not a top hap.,3STRJBFXOYKDIYUP7H9KTU5LZO1TKH,31.0,d243dfb497b2a51bf784e4a55df53109,cap,PartNet,56ca2cc23b627f65fdac1e69603928f,cap,PartNet,False,cap/PartNet/56ca2cc23b627f65fdac1e69603928f,cap/PartNet/d243dfb497b2a51bf784e4a55df53109,True,hat,hat,2,"['the', 'target', 'is', 'not', 'a', 'top', 'hap']",7,the target is not a top hap,val,train,val,train,"[1, 10, 11, 7, 40, 26, 99, 4320, 2, 0, 0, 0, 0, 0, 0, 0, 0, 0]",crown
263281,user_1644,The brim is wider.,3PDJHANYK79GEAI55JYU5SXFNZOH6S,12.0,d243dfb497b2a51bf784e4a55df53109,cap,PartNet,56ca2cc23b627f65fdac1e69603928f,cap,PartNet,False,cap/PartNet/56ca2cc23b627f65fdac1e69603928f,cap/PartNet/d243dfb497b2a51bf784e4a55df53109,True,hat,hat,2,"['the', 'brim', 'is', 'wide', '-er']",5,the brim is wide -er,val,train,val,train,"[1, 10, 601, 7, 83, 9, 2, 0, 0, 0, 0, 0, 0, 0, 0, 0, 0, 0]",brim
263288,user_203,The edge of the brim is taller.,3L0KT67Y8G97N36RMW5LSXOAVLLSYD,78.0,d874bb309edb91e04e5a22e049c207b1,cap,PartNet,14103d87f108ab847cb2a55fa21392b7,cap,PartNet,False,cap/PartNet/14103d87f108ab847cb2a55fa21392b7,cap/PartNet/d874bb309edb91e04e5a22e049c207b1,False,hat,hat,2,"['the', 'edge', 'of', 'the', 'brim', 'is', 'tall', '-er']",8,the edge of the brim is tall -er,train,train,train,train,"[1, 10, 631, 38, 10, 601, 7, 53, 9, 2, 0, 0, 0, 0, 0, 0, 0, 0]",brim
263291,user_203,The crown is not dome shaped.,354GIDR5ZDZAPZQU5MBSQZO7OG700H,48.0,14103d87f108ab847cb2a55fa21392b7,cap,PartNet,484d95c416ee10a74ce8c4cc4cdde9b4,cap,PartNet,False,cap/PartNet/484d95c416ee10a74ce8c4cc4cdde9b4,cap/PartNet/14103d87f108ab847cb2a55fa21392b7,False,hat,hat,2,"['the', 'crown', 'is', 'not', 'dome', 'shaped']",6,the crown is not dome shaped,train,train,train,train,"[1, 10, 606, 7, 40, 159, 14, 2, 0, 0, 0, 0, 0, 0, 0, 0, 0, 0]",crown
263293,user_1644,The top of the crown is flatter.,3BV8HQ2ZZYU14NARZDO2O6ABA5H6AR,28.0,14103d87f108ab847cb2a55fa21392b7,cap,PartNet,484d95c416ee10a74ce8c4cc4cdde9b4,cap,PartNet,False,cap/PartNet/484d95c416ee10a74ce8c4cc4cdde9b4,cap/PartNet/14103d87f108ab847cb2a55fa21392b7,False,hat,hat,2,"['the', 'top', 'of', 'the', 'crown', 'is', 'flat', '-er']",8,the top of the crown is flat -er,train,train,train,train,"[1, 10, 99, 38, 10, 606, 7, 129, 9, 2, 0, 0, 0, 0, 0, 0, 0, 0]",crown
263295,user_786,Its crown's front center has a raised star,3PXX5PX6LZR7AZRMV45AZMW3O6GBA5,91.0,6795f4e6300d5606e639776fc2bb6cca,cap,PartNet,b9c7e3530d7128abf0d11ae402ef940e,cap,PartNet,False,cap/PartNet/b9c7e3530d7128abf0d11ae402ef940e,cap/PartNet/6795f4e6300d5606e639776fc2bb6cca,False,hat,hat,2,"['its', 'crown', ""'s"", 'front', 'center', 'has', 'a', 'raised', 'star']",9,its crown 's front center has a raised star,train,train,train,train,"[1, 5, 606, 12, 37, 165, 24, 26, 681, 683, 2, 0, 0, 0, 0, 0, 0, 0]",crown
263297,user_786,Its crown diameter is smaller,3IRIK4HM3CDPX27PJRKTU10ZA8R6CI,63.0,2f347d95d4a2dae3e762cf5917cef4ef,cap,ShapeNet,35450ea3b3158ed6eefb4d7820758668,cap,PartNet,False,cap/PartNet/35450ea3b3158ed6eefb4d7820758668,cap/ShapeNet/2f347d95d4a2dae3e762cf5917cef4ef,True,hat,cap,2,"['its', 'crown', 'diameter', 'is', 'small', '-er']",6,its crown diameter is small -er,train,train,train,train,"[1, 5, 606, 268, 7, 111, 9, 2, 0, 0, 0, 0, 0, 0, 0, 0, 0, 0]",crown
263299,user_2105,target has taller height crown,3PB5A5BD0XZLIE1Z4NL4Q6LA3BNG7L,37.0,2f347d95d4a2dae3e762cf5917cef4ef,cap,ShapeNet,35450ea3b3158ed6eefb4d7820758668,cap,PartNet,False,cap/PartNet/35450ea3b3158ed6eefb4d7820758668,cap/ShapeNet/2f347d95d4a2dae3e762cf5917cef4ef,True,hat,cap,2,"['target', 'has', 'tall', '-er', 'height', 'crown']",6,target has tall -er height crown,train,train,train,train,"[1, 11, 24, 53, 9, 117, 606, 2, 0, 0, 0, 0, 0, 0, 0, 0, 0, 0]",crown
263305,user_2105,target has brim,39LNWE0K4WP1CGJQ7JEILACAQZDIUI,26.0,61437489633f5d167c35d3c5d3b1fcf7,cap,ShapeNet,c5d20fc28adf769b1802624b30ec569e,cap,PartNet,False,cap/PartNet/c5d20fc28adf769b1802624b30ec569e,cap/ShapeNet/61437489633f5d167c35d3c5d3b1fcf7,False,hat,cap,2,"['target', 'has', 'brim']",3,target has brim,train,train,train,train,"[1, 11, 24, 601, 2, 0, 0, 0, 0, 0, 0, 0, 0, 0, 0, 0, 0, 0]",brim
263307,user_1644,The crown is shorter.,38SKSKU7R3QYTQWWY5MHUNGRD7RLIW,20.0,a826c25abe5d1e4b6c57e21624dd9952,cap,PartNet,a0fc32a763b57b85f0d11ae402ef940e,cap,ShapeNet,False,cap/ShapeNet/a0fc32a763b57b85f0d11ae402ef940e,cap/PartNet/a826c25abe5d1e4b6c57e21624dd9952,False,cap,hat,2,"['the', 'crown', 'is', 'short', '-er']",5,the crown is short -er,train,train,train,train,"[1, 10, 606, 7, 8, 9, 2, 0, 0, 0, 0, 0, 0, 0, 0, 0, 0, 0]",crown
263309,user_786,Its crown diameter is smaller,37WLF8U1WRJ7G0JDB41RIKD7FHQ6KL,79.0,e8a97a1fd97c1a75a52821bf1aa3b19a,cap,ShapeNet,2b1a1d63bd7e931c12a8043ef6529707,cap,PartNet,False,cap/PartNet/2b1a1d63bd7e931c12a8043ef6529707,cap/ShapeNet/e8a97a1fd97c1a75a52821bf1aa3b19a,False,hat,cap,2,"['its', 'crown', 'diameter', 'is', 'small', '-er']",6,its crown diameter is small -er,train,train,train,train,"[1, 5, 606, 268, 7, 111, 9, 2, 0, 0, 0, 0, 0, 0, 0, 0, 0, 0]",crown
263310,user_1644,It does not have a button on top.,3JV9LGBJWV7S3KTYL9261S75TZ4OGO,28.0,e8a97a1fd97c1a75a52821bf1aa3b19a,cap,ShapeNet,2b1a1d63bd7e931c12a8043ef6529707,cap,PartNet,False,cap/PartNet/2b1a1d63bd7e931c12a8043ef6529707,cap/ShapeNet/e8a97a1fd97c1a75a52821bf1aa3b19a,False,hat,cap,2,"['it', 'does', 'not', 'have', 'a', 'button', 'on', 'top']",8,it does not have a button on top,train,train,train,train,"[1, 23, 39, 40, 84, 26, 596, 20, 99, 2, 0, 0, 0, 0, 0, 0, 0, 0]",crown
263311,user_2105,target has smaller crown,3GGAI1SQEXRRM5SH67RAJXXL087CMZ,45.0,e8a97a1fd97c1a75a52821bf1aa3b19a,cap,ShapeNet,2b1a1d63bd7e931c12a8043ef6529707,cap,PartNet,False,cap/PartNet/2b1a1d63bd7e931c12a8043ef6529707,cap/ShapeNet/e8a97a1fd97c1a75a52821bf1aa3b19a,False,hat,cap,2,"['target', 'has', 'small', '-er', 'crown']",5,target has small -er crown,train,train,train,train,"[1, 11, 24, 111, 9, 606, 2, 0, 0, 0, 0, 0, 0, 0, 0, 0, 0, 0]",crown
263315,user_786,It has no brim,3Z3ZLGNNSKNUUKUQ57NQ73DW4VHQ3Q,63.0,f3e5ec75a719c3efb5f4a9188bfa0ef6,cap,PartNet,47d13a0b345864a7f72b7502ead7387b,cap,PartNet,False,cap/PartNet/47d13a0b345864a7f72b7502ead7387b,cap/PartNet/f3e5ec75a719c3efb5f4a9188bfa0ef6,False,hat,hat,2,"['it', 'has', 'no', 'brim']",4,it has no brim,train,train,train,train,"[1, 23, 24, 123, 601, 2, 0, 0, 0, 0, 0, 0, 0, 0, 0, 0, 0, 0]",brim
263316,user_865,Target has a tomb shaped top across the crown,3YMU66OBIP1IB37BHW7GHJA4HEBHGG,887.0,f3e5ec75a719c3efb5f4a9188bfa0ef6,cap,PartNet,47d13a0b345864a7f72b7502ead7387b,cap,PartNet,False,cap/PartNet/47d13a0b345864a7f72b7502ead7387b,cap/PartNet/f3e5ec75a719c3efb5f4a9188bfa0ef6,False,hat,hat,2,"['target', 'has', 'a', 'tomb', 'shaped', 'top', 'across', 'the', 'crown']",9,target has a tomb shaped top across the crown,train,train,train,train,"[1, 11, 24, 26, 2626, 14, 99, 702, 10, 606, 2, 0, 0, 0, 0, 0, 0, 0]",crown
263317,user_2105,target has objects that look like blades attached to crown,31UV0MXWNS5KR1TB6I6ADYKURIJ5IM,44.0,f3e5ec75a719c3efb5f4a9188bfa0ef6,cap,PartNet,47d13a0b345864a7f72b7502ead7387b,cap,PartNet,False,cap/PartNet/47d13a0b345864a7f72b7502ead7387b,cap/PartNet/f3e5ec75a719c3efb5f4a9188bfa0ef6,False,hat,hat,2,"['target', 'has', 'objects', 'that', 'look', 'like', 'blades', 'attached', 'to', 'crown']",10,target has objects that look like blades attached to crown,train,train,train,train,"[1, 11, 24, 1110, 172, 186, 35, 774, 115, 58, 606, 2, 0, 0, 0, 0, 0, 0]",crown
263318,user_786,Its crown's bottom have is a faceted cylinder with vertical edges,3P1L2B7AD3I8PC7ZW0ZMEKCDPGQLOR,93.0,6f93656d083e985465bae2cb33eb4baa,cap,ShapeNet,c68d509f6d2db0bab581cc9c4410f841,cap,PartNet,False,cap/PartNet/c68d509f6d2db0bab581cc9c4410f841,cap/ShapeNet/6f93656d083e985465bae2cb33eb4baa,False,hat,cap,2,"['its', 'crown', ""'s"", 'bottom', 'have', 'is', 'a', 'faceted', 'cylinder', 'with', 'vertical', 'edges']",12,its crown 's bottom have is a faceted cylinder with vertical edges,train,train,train,train,"[1, 5, 606, 12, 76, 84, 7, 26, 931, 66, 121, 283, 325, 2, 0, 0, 0, 0]",crown
263319,user_1644,The crown is not as rounded.,3QHK8ZVMIOBO6IIQSVU080CEIIRBLZ,55.0,6f93656d083e985465bae2cb33eb4baa,cap,ShapeNet,c68d509f6d2db0bab581cc9c4410f841,cap,PartNet,False,cap/PartNet/c68d509f6d2db0bab581cc9c4410f841,cap/ShapeNet/6f93656d083e985465bae2cb33eb4baa,False,hat,cap,2,"['the', 'crown', 'is', 'not', 'as', 'rounded']",6,the crown is not as rounded,train,train,train,train,"[1, 10, 606, 7, 40, 52, 48, 2, 0, 0, 0, 0, 0, 0, 0, 0, 0, 0]",crown
263320,user_2105,target has smaller crown length,3LWJHTCVCEFPAWAJP2OS8C2T7MDQFS,40.0,6f93656d083e985465bae2cb33eb4baa,cap,ShapeNet,c68d509f6d2db0bab581cc9c4410f841,cap,PartNet,False,cap/PartNet/c68d509f6d2db0bab581cc9c4410f841,cap/ShapeNet/6f93656d083e985465bae2cb33eb4baa,False,hat,cap,2,"['target', 'has', 'small', '-er', 'crown', 'length']",6,target has small -er crown length,train,train,train,train,"[1, 11, 24, 111, 9, 606, 155, 2, 0, 0, 0, 0, 0, 0, 0, 0, 0, 0]",crown
263325,user_1644,The crown is not shaped like a square.,3X66WABAJYB3HV0C2BIEDP9UY8C3GC,17.0,373d717709b3e181bbda4bd2b976d8f7,cap,ShapeNet,6c607b6b3d6fc1cdf0d11ae402ef940e,cap,ShapeNet,False,cap/ShapeNet/6c607b6b3d6fc1cdf0d11ae402ef940e,cap/ShapeNet/373d717709b3e181bbda4bd2b976d8f7,True,cap,cap,2,"['the', 'crown', 'is', 'not', 'shaped', 'like', 'a', 'square']",8,the crown is not shaped like a square,test,train,test,train,"[1, 10, 606, 7, 40, 14, 35, 26, 50, 2, 0, 0, 0, 0, 0, 0, 0, 0]",crown
263326,user_1964,the top is not square,3I0BTBYZAZE7MUMFDUM1IRIR0SG0YA,50.0,373d717709b3e181bbda4bd2b976d8f7,cap,ShapeNet,6c607b6b3d6fc1cdf0d11ae402ef940e,cap,ShapeNet,False,cap/ShapeNet/6c607b6b3d6fc1cdf0d11ae402ef940e,cap/ShapeNet/373d717709b3e181bbda4bd2b976d8f7,True,cap,cap,2,"['the', 'top', 'is', 'not', 'square']",5,the top is not square,test,train,test,train,"[1, 10, 99, 7, 40, 50, 2, 0, 0, 0, 0, 0, 0, 0, 0, 0, 0, 0]",crown
263327,user_865,Target has a ball cap bill,3TXWC2NHN1JSM2YJEKD5TGVJMBI9SL,407.0,d4910649489fc279dac5e8b93371e38a,cap,PartNet,750d92eefed5179676bb31db0358e9c6,cap,PartNet,False,cap/PartNet/750d92eefed5179676bb31db0358e9c6,cap/PartNet/d4910649489fc279dac5e8b93371e38a,False,hat,hat,2,"['target', 'has', 'a', 'ball', 'cap', 'bill']",6,target has a ball cap bill,train,train,train,train,"[1, 11, 24, 26, 668, 435, 603, 2, 0, 0, 0, 0, 0, 0, 0, 0, 0, 0]",brim
263329,user_2105,target has shorter crown height,37U1UTWH9XFG7IFWU37M3AVCG448RW,24.0,d4910649489fc279dac5e8b93371e38a,cap,PartNet,750d92eefed5179676bb31db0358e9c6,cap,PartNet,False,cap/PartNet/750d92eefed5179676bb31db0358e9c6,cap/PartNet/d4910649489fc279dac5e8b93371e38a,False,hat,hat,2,"['target', 'has', 'short', '-er', 'crown', 'height']",6,target has short -er crown height,train,train,train,train,"[1, 11, 24, 8, 9, 606, 117, 2, 0, 0, 0, 0, 0, 0, 0, 0, 0, 0]",crown
263331,user_1644,It has a button on top of a square.,37U1UTWH9XFG7IFWU37M3AVCG3BR8K,34.0,620b921e3f1a504258a12735d0a1edc9,cap,PartNet,da5e5ec4c486d6c03baa6271927f050e,cap,ShapeNet,False,cap/ShapeNet/da5e5ec4c486d6c03baa6271927f050e,cap/PartNet/620b921e3f1a504258a12735d0a1edc9,False,cap,hat,2,"['it', 'has', 'a', 'button', 'on', 'top', 'of', 'a', 'square']",9,it has a button on top of a square,train,train,train,train,"[1, 23, 24, 26, 596, 20, 99, 38, 26, 50, 2, 0, 0, 0, 0, 0, 0, 0]",crown
263332,user_2105,target has square shape on crown,35H6S234SCT4YHYA4HXLGVUPIRP56T,39.0,620b921e3f1a504258a12735d0a1edc9,cap,PartNet,da5e5ec4c486d6c03baa6271927f050e,cap,ShapeNet,False,cap/ShapeNet/da5e5ec4c486d6c03baa6271927f050e,cap/PartNet/620b921e3f1a504258a12735d0a1edc9,False,cap,hat,2,"['target', 'has', 'square', 'shape', 'on', 'crown']",6,target has square shape on crown,train,train,train,train,"[1, 11, 24, 50, 93, 20, 606, 2, 0, 0, 0, 0, 0, 0, 0, 0, 0, 0]",crown
263334,user_1633,The target does not have a flat top.,3AWETUDC94LIYFD0D6DQ22RPSGYZIS,22.0,284f1361baa1afdaeb02cbc132e4be3,cap,PartNet,13341d1c3636717e4773d7a183337d9,cap,PartNet,False,cap/PartNet/13341d1c3636717e4773d7a183337d9,cap/PartNet/284f1361baa1afdaeb02cbc132e4be3,False,hat,hat,2,"['the', 'target', 'does', 'not', 'have', 'a', 'flat', 'top']",8,the target does not have a flat top,train,train,train,train,"[1, 10, 11, 39, 40, 84, 26, 129, 99, 2, 0, 0, 0, 0, 0, 0, 0, 0]",crown
263339,user_786,Its crown has a larger diameter,3HL8HNGX47UJIXTX80D6MHC4XMQF9C,45.0,f257051157caf99f9a2840934f7f84bc,cap,PartNet,6f93656d083e985465bae2cb33eb4baa,cap,ShapeNet,False,cap/ShapeNet/6f93656d083e985465bae2cb33eb4baa,cap/PartNet/f257051157caf99f9a2840934f7f84bc,False,cap,hat,2,"['its', 'crown', 'has', 'a', 'large', '-er', 'diameter']",7,its crown has a large -er diameter,train,train,train,train,"[1, 5, 606, 24, 26, 94, 9, 268, 2, 0, 0, 0, 0, 0, 0, 0, 0, 0]",crown
263341,user_1644,The crown is shorter.,3LRLIPTPES2832VG1HI3YPFTBZHAKE,39.0,f257051157caf99f9a2840934f7f84bc,cap,PartNet,6f93656d083e985465bae2cb33eb4baa,cap,ShapeNet,False,cap/ShapeNet/6f93656d083e985465bae2cb33eb4baa,cap/PartNet/f257051157caf99f9a2840934f7f84bc,False,cap,hat,2,"['the', 'crown', 'is', 'short', '-er']",5,the crown is short -er,train,train,train,train,"[1, 10, 606, 7, 8, 9, 2, 0, 0, 0, 0, 0, 0, 0, 0, 0, 0, 0]",crown
263347,user_2105,target has full brim around hat,3PB5A5BD0XZLIE1Z4NL4Q6LA3B37GS,30.0,fe319939c7dc4a6ff691355a196da5f,cap,PartNet,13341d1c3636717e4773d7a183337d9,cap,PartNet,False,cap/PartNet/13341d1c3636717e4773d7a183337d9,cap/PartNet/fe319939c7dc4a6ff691355a196da5f,True,hat,hat,2,"['target', 'has', 'full', 'brim', 'around', 'hat']",6,target has full brim around hat,train,train,train,train,"[1, 11, 24, 217, 601, 239, 602, 2, 0, 0, 0, 0, 0, 0, 0, 0, 0, 0]",brim
263348,user_677,Its top square is bigger in area.,35H6S234SCT4YHYA4HXLGVUPIR5569,71.0,da5e5ec4c486d6c03baa6271927f050e,cap,ShapeNet,bfe8019efc5bbb902c1963cd0990e978,cap,PartNet,False,cap/PartNet/bfe8019efc5bbb902c1963cd0990e978,cap/ShapeNet/da5e5ec4c486d6c03baa6271927f050e,True,hat,cap,2,"['its', 'top', 'square', 'is', 'big', '-er', 'in', 'area']",8,its top square is big -er in area,train,train,train,train,"[1, 5, 99, 50, 7, 320, 9, 90, 590, 2, 0, 0, 0, 0, 0, 0, 0, 0]",crown
263349,user_1143,The target has a smaller crown size,3ATPCQ38JA33N7KX5WJU7XU49ERAYA,102.0,da5e5ec4c486d6c03baa6271927f050e,cap,ShapeNet,bfe8019efc5bbb902c1963cd0990e978,cap,PartNet,False,cap/PartNet/bfe8019efc5bbb902c1963cd0990e978,cap/ShapeNet/da5e5ec4c486d6c03baa6271927f050e,True,hat,cap,2,"['the', 'target', 'has', 'a', 'small', '-er', 'crown', 'size']",8,the target has a small -er crown size,train,train,train,train,"[1, 10, 11, 24, 26, 111, 9, 606, 377, 2, 0, 0, 0, 0, 0, 0, 0, 0]",crown
263351,user_1529,The top of the hat is not completely flat.,3EF8EXOTT3OHYUCYNDPYM9MDSHAJ11,91.0,e43656f7922bb7573d73b22cbe25cea9,cap,PartNet,7cf439aa8382299047765668cf4023ed,cap,ShapeNet,False,cap/ShapeNet/7cf439aa8382299047765668cf4023ed,cap/PartNet/e43656f7922bb7573d73b22cbe25cea9,False,cap,hat,2,"['the', 'top', 'of', 'the', 'hat', 'is', 'not', 'completely', 'flat']",9,the top of the hat is not completely flat,train,train,train,train,"[1, 10, 99, 38, 10, 602, 7, 40, 169, 129, 2, 0, 0, 0, 0, 0, 0, 0]",crown
263353,user_2105,target does not have circular brim,3KRVW3HTZPE7TMHD3THAY213MBRSM7,50.0,e43656f7922bb7573d73b22cbe25cea9,cap,PartNet,7cf439aa8382299047765668cf4023ed,cap,ShapeNet,False,cap/ShapeNet/7cf439aa8382299047765668cf4023ed,cap/PartNet/e43656f7922bb7573d73b22cbe25cea9,False,cap,hat,2,"['target', 'does', 'not', 'have', 'circular', 'brim']",6,target does not have circular brim,train,train,train,train,"[1, 11, 39, 40, 84, 102, 601, 2, 0, 0, 0, 0, 0, 0, 0, 0, 0, 0]",brim
263358,user_1644,The crown is shaped like a square.,3H7Z272LX90QACJ0B0C13KH3ZLMPLC,47.0,35bbeb0e828835a757c2f3d4234affb,cap,PartNet,373d717709b3e181bbda4bd2b976d8f7,cap,ShapeNet,False,cap/ShapeNet/373d717709b3e181bbda4bd2b976d8f7,cap/PartNet/35bbeb0e828835a757c2f3d4234affb,False,cap,hat,2,"['the', 'crown', 'is', 'shaped', 'like', 'a', 'square']",7,the crown is shaped like a square,train,train,train,train,"[1, 10, 606, 7, 14, 35, 26, 50, 2, 0, 0, 0, 0, 0, 0, 0, 0, 0]",crown
263360,user_1633,The target's crown is not as tall.,3JPSL1DZ5US9B8GJYUAJQHWX5UNANK,29.0,dc3e5c0457defe87a52821bf1aa3b19a,cap,ShapeNet,dc06523b3413d01d3ead562a41d49338,cap,PartNet,False,cap/PartNet/dc06523b3413d01d3ead562a41d49338,cap/ShapeNet/dc3e5c0457defe87a52821bf1aa3b19a,False,hat,cap,2,"['the', 'target', ""'s"", 'crown', 'is', 'not', 'as', 'tall']",8,the target 's crown is not as tall,train,train,train,train,"[1, 10, 11, 12, 606, 7, 40, 52, 53, 2, 0, 0, 0, 0, 0, 0, 0, 0]",crown
263361,user_1644,The top does not have a button.,3RWE2M8QWJ3DAVI16SDQ1BKKW8B0NJ,34.0,dc3e5c0457defe87a52821bf1aa3b19a,cap,ShapeNet,dc06523b3413d01d3ead562a41d49338,cap,PartNet,False,cap/PartNet/dc06523b3413d01d3ead562a41d49338,cap/ShapeNet/dc3e5c0457defe87a52821bf1aa3b19a,False,hat,cap,2,"['the', 'top', 'does', 'not', 'have', 'a', 'button']",7,the top does not have a button,train,train,train,train,"[1, 10, 99, 39, 40, 84, 26, 596, 2, 0, 0, 0, 0, 0, 0, 0, 0, 0]",crown
263366,user_203,The brim edge is taller.,3NPI0JQDAQYETPR5K9ESPBRKTZGTPT,48.0,87c240c20a772f51e6e812c94ac516eb,cap,PartNet,96d3549ca3a889d2c09b66406189a9cb,cap,PartNet,False,cap/PartNet/96d3549ca3a889d2c09b66406189a9cb,cap/PartNet/87c240c20a772f51e6e812c94ac516eb,True,hat,hat,2,"['the', 'brim', 'edge', 'is', 'tall', '-er']",6,the brim edge is tall -er,val,train,val,train,"[1, 10, 601, 631, 7, 53, 9, 2, 0, 0, 0, 0, 0, 0, 0, 0, 0, 0]",brim
263368,user_786,Its crown's diameter is larger,3A0EX8ZRNAH86HPPBAJQ28EARWBBY5,28.0,87c240c20a772f51e6e812c94ac516eb,cap,PartNet,96d3549ca3a889d2c09b66406189a9cb,cap,PartNet,False,cap/PartNet/96d3549ca3a889d2c09b66406189a9cb,cap/PartNet/87c240c20a772f51e6e812c94ac516eb,True,hat,hat,2,"['its', 'crown', ""'s"", 'diameter', 'is', 'large', '-er']",7,its crown 's diameter is large -er,val,train,val,train,"[1, 5, 606, 12, 268, 7, 94, 9, 2, 0, 0, 0, 0, 0, 0, 0, 0, 0]",crown
263372,user_786,Its crown diameter is larger,3X87C8JFV84YE1F5VMORFBL8WBGQSI,52.0,7f1665745d2690d38217993582015a9c,cap,PartNet,5549d6cf8c5c7f1e886d6fb5acc5844b,cap,PartNet,False,cap/PartNet/5549d6cf8c5c7f1e886d6fb5acc5844b,cap/PartNet/7f1665745d2690d38217993582015a9c,False,hat,hat,2,"['its', 'crown', 'diameter', 'is', 'large', '-er']",6,its crown diameter is large -er,train,train,train,train,"[1, 5, 606, 268, 7, 94, 9, 2, 0, 0, 0, 0, 0, 0, 0, 0, 0, 0]",crown
263373,user_1644,The brim is thicker.,3180JW2OT65GMCDHO0RAPZZU4WGJ5I,35.0,7f1665745d2690d38217993582015a9c,cap,PartNet,5549d6cf8c5c7f1e886d6fb5acc5844b,cap,PartNet,False,cap/PartNet/5549d6cf8c5c7f1e886d6fb5acc5844b,cap/PartNet/7f1665745d2690d38217993582015a9c,False,hat,hat,2,"['the', 'brim', 'is', 'thick', '-er']",5,the brim is thick -er,train,train,train,train,"[1, 10, 601, 7, 54, 9, 2, 0, 0, 0, 0, 0, 0, 0, 0, 0, 0, 0]",brim
263374,user_1964,the crown is taller vertically,3EJJQNKU9TY90TGPX71SGNOBJM2RH0,30.0,7f1665745d2690d38217993582015a9c,cap,PartNet,5549d6cf8c5c7f1e886d6fb5acc5844b,cap,PartNet,False,cap/PartNet/5549d6cf8c5c7f1e886d6fb5acc5844b,cap/PartNet/7f1665745d2690d38217993582015a9c,False,hat,hat,2,"['the', 'crown', 'is', 'tall', '-er', 'vertically']",6,the crown is tall -er vertically,train,train,train,train,"[1, 10, 606, 7, 53, 9, 385, 2, 0, 0, 0, 0, 0, 0, 0, 0, 0, 0]",crown
263375,user_1633,The target looks like a top hat.,3XUHV3NRVMRKV6IR00OPDMJFR4CH5B,33.0,a1194f613435ee2d8ffc94a6ce28be5e,cap,PartNet,d874bb309edb91e04e5a22e049c207b1,cap,PartNet,False,cap/PartNet/d874bb309edb91e04e5a22e049c207b1,cap/PartNet/a1194f613435ee2d8ffc94a6ce28be5e,True,hat,hat,2,"['the', 'target', 'looks', 'like', 'a', 'top', 'hat']",7,the target looks like a top hat,train,train,train,train,"[1, 10, 11, 33, 35, 26, 99, 602, 2, 0, 0, 0, 0, 0, 0, 0, 0, 0]",crown
263376,user_1644,It is a top hat.,3JAOYWH7VKX5IP3TUBG4HUHOUH59L2,22.0,a1194f613435ee2d8ffc94a6ce28be5e,cap,PartNet,d874bb309edb91e04e5a22e049c207b1,cap,PartNet,False,cap/PartNet/d874bb309edb91e04e5a22e049c207b1,cap/PartNet/a1194f613435ee2d8ffc94a6ce28be5e,True,hat,hat,2,"['it', 'is', 'a', 'top', 'hat']",5,it is a top hat,train,train,train,train,"[1, 23, 7, 26, 99, 602, 2, 0, 0, 0, 0, 0, 0, 0, 0, 0, 0, 0]",crown
263377,user_1689,Its brim is thicker.,3W2LOLRXLD802JHX3S4PTF43B4DKR6,33.0,a1194f613435ee2d8ffc94a6ce28be5e,cap,PartNet,d874bb309edb91e04e5a22e049c207b1,cap,PartNet,False,cap/PartNet/d874bb309edb91e04e5a22e049c207b1,cap/PartNet/a1194f613435ee2d8ffc94a6ce28be5e,True,hat,hat,2,"['its', 'brim', 'is', 'thick', '-er']",5,its brim is thick -er,train,train,train,train,"[1, 5, 601, 7, 54, 9, 2, 0, 0, 0, 0, 0, 0, 0, 0, 0, 0, 0]",brim
263378,user_203,The crown has a smaller diameter.,3VD82FOHKSHFM8DTJN6NB1MQV8KOCO,374.0,bc05db27de8de6354bd07bcd9e7e0abf,cap,PartNet,e43656f7922bb7573d73b22cbe25cea9,cap,PartNet,False,cap/PartNet/e43656f7922bb7573d73b22cbe25cea9,cap/PartNet/bc05db27de8de6354bd07bcd9e7e0abf,True,hat,hat,2,"['the', 'crown', 'has', 'a', 'small', '-er', 'diameter']",7,the crown has a small -er diameter,train,train,train,train,"[1, 10, 606, 24, 26, 111, 9, 268, 2, 0, 0, 0, 0, 0, 0, 0, 0, 0]",crown
263379,user_1644,The brim is thinner.,3Z3ZLGNNSKNUUKUQ57NQ73DW4VI3Q4,19.0,bc05db27de8de6354bd07bcd9e7e0abf,cap,PartNet,e43656f7922bb7573d73b22cbe25cea9,cap,PartNet,False,cap/PartNet/e43656f7922bb7573d73b22cbe25cea9,cap/PartNet/bc05db27de8de6354bd07bcd9e7e0abf,True,hat,hat,2,"['the', 'brim', 'is', 'thin', '-er']",5,the brim is thin -er,train,train,train,train,"[1, 10, 601, 7, 60, 9, 2, 0, 0, 0, 0, 0, 0, 0, 0, 0, 0, 0]",brim
263380,user_2105,target has more brim depth,3LRLIPTPES2832VG1HI3YPFTB0RAKQ,28.0,bc05db27de8de6354bd07bcd9e7e0abf,cap,PartNet,e43656f7922bb7573d73b22cbe25cea9,cap,PartNet,False,cap/PartNet/e43656f7922bb7573d73b22cbe25cea9,cap/PartNet/bc05db27de8de6354bd07bcd9e7e0abf,True,hat,hat,2,"['target', 'has', 'more', 'brim', 'depth']",5,target has more brim depth,train,train,train,train,"[1, 11, 24, 34, 601, 607, 2, 0, 0, 0, 0, 0, 0, 0, 0, 0, 0, 0]",brim
263384,user_456,The target is not slightly flattened on top.,3NGMS9VZTNBSJ7KABMDYWDYF0KEFFX,53.0,2854677f4c733bcc606dbe05096195ae,cap,PartNet,6f93656d083e985465bae2cb33eb4baa,cap,ShapeNet,False,cap/ShapeNet/6f93656d083e985465bae2cb33eb4baa,cap/PartNet/2854677f4c733bcc606dbe05096195ae,True,cap,hat,2,"['the', 'target', 'is', 'not', 'slightly', 'flattened', 'on', 'top']",8,the target is not slightly flattened on top,train,train,train,train,"[1, 10, 11, 7, 40, 174, 1691, 20, 99, 2, 0, 0, 0, 0, 0, 0, 0, 0]",crown
263385,user_786,Its crown has a narrower near-vertical band around the bottom,33NF62TLXLVJ4VYKVNVGROIC1MBJK3,65.0,2854677f4c733bcc606dbe05096195ae,cap,PartNet,6f93656d083e985465bae2cb33eb4baa,cap,ShapeNet,False,cap/ShapeNet/6f93656d083e985465bae2cb33eb4baa,cap/PartNet/2854677f4c733bcc606dbe05096195ae,True,cap,hat,2,"['its', 'crown', 'has', 'a', 'narrow', '-er', 'near', 'vertical', 'band', 'around', 'the', 'bottom']",12,its crown has a narrow -er near vertical band around the bottom,train,train,train,train,"[1, 5, 606, 24, 26, 210, 9, 348, 283, 347, 239, 10, 76, 2, 0, 0, 0, 0]",crown
263386,user_2105,target has taller height crown,3JZQSN0I3S3YX7G5M6JGEYYR1Z6FGO,31.0,2854677f4c733bcc606dbe05096195ae,cap,PartNet,6f93656d083e985465bae2cb33eb4baa,cap,ShapeNet,False,cap/ShapeNet/6f93656d083e985465bae2cb33eb4baa,cap/PartNet/2854677f4c733bcc606dbe05096195ae,True,cap,hat,2,"['target', 'has', 'tall', '-er', 'height', 'crown']",6,target has tall -er height crown,train,train,train,train,"[1, 11, 24, 53, 9, 117, 606, 2, 0, 0, 0, 0, 0, 0, 0, 0, 0, 0]",crown
263387,user_203,The brim is not as high.,3JC6VJ2SADC5LJADUUEXW0WBEAUA53,443.0,3f712e64c37ee460e4b30fdd654658ce,cap,PartNet,6e11cfa7d75ed04a4835c09e4900b4a9,cap,PartNet,False,cap/PartNet/6e11cfa7d75ed04a4835c09e4900b4a9,cap/PartNet/3f712e64c37ee460e4b30fdd654658ce,False,hat,hat,2,"['the', 'brim', 'is', 'not', 'as', 'high']",6,the brim is not as high,train,train,train,train,"[1, 10, 601, 7, 40, 52, 49, 2, 0, 0, 0, 0, 0, 0, 0, 0, 0, 0]",brim
263388,user_1489,The top of the hat is flat,3BXQMRHWK1RN8Z9HSYCAD3JR78EUMR,55.0,3f712e64c37ee460e4b30fdd654658ce,cap,PartNet,6e11cfa7d75ed04a4835c09e4900b4a9,cap,PartNet,False,cap/PartNet/6e11cfa7d75ed04a4835c09e4900b4a9,cap/PartNet/3f712e64c37ee460e4b30fdd654658ce,False,hat,hat,2,"['the', 'top', 'of', 'the', 'hat', 'is', 'flat']",7,the top of the hat is flat,train,train,train,train,"[1, 10, 99, 38, 10, 602, 7, 129, 2, 0, 0, 0, 0, 0, 0, 0, 0, 0]",crown
263391,user_1644,The crown is taller.,3EWIJTFFVQ09GP5ODTA7BOQBIG9E07,35.0,8670ef4375bbb95568b8a8e5babef621,cap,PartNet,3c2a6e6704d24b71325036f2a8f48b04,cap,PartNet,False,cap/PartNet/3c2a6e6704d24b71325036f2a8f48b04,cap/PartNet/8670ef4375bbb95568b8a8e5babef621,True,hat,hat,2,"['the', 'crown', 'is', 'tall', '-er']",5,the crown is tall -er,train,train,train,train,"[1, 10, 606, 7, 53, 9, 2, 0, 0, 0, 0, 0, 0, 0, 0, 0, 0, 0]",crown
263392,user_2105,target has longer brim length,3Q5ZZ9ZEVQ8R2VHYXWUJ09QGOMD85G,36.0,8670ef4375bbb95568b8a8e5babef621,cap,PartNet,3c2a6e6704d24b71325036f2a8f48b04,cap,PartNet,False,cap/PartNet/3c2a6e6704d24b71325036f2a8f48b04,cap/PartNet/8670ef4375bbb95568b8a8e5babef621,True,hat,hat,2,"['target', 'has', 'long', '-er', 'brim', 'length']",6,target has long -er brim length,train,train,train,train,"[1, 11, 24, 32, 9, 601, 155, 2, 0, 0, 0, 0, 0, 0, 0, 0, 0, 0]",brim
263393,user_203,The diameter of the bottom of the crown is smaller.,3HUTX6F6VWG2OQLRMUHHZOD4JH72OT,131.0,d874bb309edb91e04e5a22e049c207b1,cap,PartNet,b0bdecad995dca22f316a08d4796320f,cap,PartNet,False,cap/PartNet/b0bdecad995dca22f316a08d4796320f,cap/PartNet/d874bb309edb91e04e5a22e049c207b1,False,hat,hat,2,"['the', 'diameter', 'of', 'the', 'bottom', 'of', 'the', 'crown', 'is', 'small', '-er']",11,the diameter of the bottom of the crown is small -er,test,train,test,train,"[1, 10, 268, 38, 10, 76, 38, 10, 606, 7, 111, 9, 2, 0, 0, 0, 0, 0]",crown
263394,user_920,The target's brim is deeper.,3PB5A5BD0XZLIE1Z4NL4Q6LA3AVG7R,39.0,d874bb309edb91e04e5a22e049c207b1,cap,PartNet,b0bdecad995dca22f316a08d4796320f,cap,PartNet,False,cap/PartNet/b0bdecad995dca22f316a08d4796320f,cap/PartNet/d874bb309edb91e04e5a22e049c207b1,False,hat,hat,2,"['the', 'target', ""'s"", 'brim', 'is', 'deep', '-er']",7,the target 's brim is deep -er,test,train,test,train,"[1, 10, 11, 12, 601, 7, 573, 9, 2, 0, 0, 0, 0, 0, 0, 0, 0, 0]",brim
263395,user_1644,The brim is thinner.,3ZR9AIQJUD2RON8VONYU22EK5RG04O,14.0,d874bb309edb91e04e5a22e049c207b1,cap,PartNet,b0bdecad995dca22f316a08d4796320f,cap,PartNet,False,cap/PartNet/b0bdecad995dca22f316a08d4796320f,cap/PartNet/d874bb309edb91e04e5a22e049c207b1,False,hat,hat,2,"['the', 'brim', 'is', 'thin', '-er']",5,the brim is thin -er,test,train,test,train,"[1, 10, 601, 7, 60, 9, 2, 0, 0, 0, 0, 0, 0, 0, 0, 0, 0, 0]",brim
263397,user_1633,The target has a taller crown.,3WAKVUDHUY94NW2UOSALULM1CI97UH,23.0,484d95c416ee10a74ce8c4cc4cdde9b4,cap,PartNet,f649b3afc815fff1e657bffb92fd93ce,cap,PartNet,False,cap/PartNet/f649b3afc815fff1e657bffb92fd93ce,cap/PartNet/484d95c416ee10a74ce8c4cc4cdde9b4,True,hat,hat,2,"['the', 'target', 'has', 'a', 'tall', '-er', 'crown']",7,the target has a tall -er crown,train,train,train,train,"[1, 10, 11, 24, 26, 53, 9, 606, 2, 0, 0, 0, 0, 0, 0, 0, 0, 0]",crown
263398,user_1644,The brim is not as wide.,3TE22NPXPD58NBQW7OLWE54XM3W448,16.0,484d95c416ee10a74ce8c4cc4cdde9b4,cap,PartNet,f649b3afc815fff1e657bffb92fd93ce,cap,PartNet,False,cap/PartNet/f649b3afc815fff1e657bffb92fd93ce,cap/PartNet/484d95c416ee10a74ce8c4cc4cdde9b4,True,hat,hat,2,"['the', 'brim', 'is', 'not', 'as', 'wide']",6,the brim is not as wide,train,train,train,train,"[1, 10, 601, 7, 40, 52, 83, 2, 0, 0, 0, 0, 0, 0, 0, 0, 0, 0]",brim
263400,user_1143,The target's crown has a shorter width,3ITXP059PYCHSEBS0W4IIA9MIGPSJU,92.0,bc05db27de8de6354bd07bcd9e7e0abf,cap,PartNet,569bfc3e920022e5561c6ec5086cfea5,cap,PartNet,False,cap/PartNet/569bfc3e920022e5561c6ec5086cfea5,cap/PartNet/bc05db27de8de6354bd07bcd9e7e0abf,True,hat,hat,2,"['the', 'target', ""'s"", 'crown', 'has', 'a', 'short', '-er', 'width']",9,the target 's crown has a short -er width,train,train,train,train,"[1, 10, 11, 12, 606, 24, 26, 8, 9, 358, 2, 0, 0, 0, 0, 0, 0, 0]",crown
263401,user_1633,The target's crown is not as wide.,3ZWFC4W1UW0PMXPJ2HDSD2CY37PFRQ,23.0,bc05db27de8de6354bd07bcd9e7e0abf,cap,PartNet,569bfc3e920022e5561c6ec5086cfea5,cap,PartNet,False,cap/PartNet/569bfc3e920022e5561c6ec5086cfea5,cap/PartNet/bc05db27de8de6354bd07bcd9e7e0abf,True,hat,hat,2,"['the', 'target', ""'s"", 'crown', 'is', 'not', 'as', 'wide']",8,the target 's crown is not as wide,train,train,train,train,"[1, 10, 11, 12, 606, 7, 40, 52, 83, 2, 0, 0, 0, 0, 0, 0, 0, 0]",crown
263403,user_786,Its visor spans a slightly smaller portion of the crown's circumference,30IQTZXKAMZIMPW58Y0ZZDBIYNRX08,119.0,3b0a1a20ef0ce1a34c90f2ddc14dc59b,cap,ShapeNet,357c2a333ffefc3e90f80ab08ae6ce2,cap,ShapeNet,False,cap/ShapeNet/357c2a333ffefc3e90f80ab08ae6ce2,cap/ShapeNet/3b0a1a20ef0ce1a34c90f2ddc14dc59b,True,cap,cap,2,"['its', 'visor', 'spans', 'a', 'slightly', 'small', '-er', 'portion', 'of', 'the', 'crown', ""'s"", 'circumference']",13,its visor spans a slightly small -er portion of the crown 's circumference,test,train,test,train,"[1, 5, 605, 1250, 26, 174, 111, 9, 1437, 38, 10, 606, 12, 180, 2, 0, 0, 0]",crown
263404,user_865,Target has a less bowl like crown appearance,3Z3ZLGNNSKNUUKUQ57NQ73DW4W1Q3C,212.0,3b0a1a20ef0ce1a34c90f2ddc14dc59b,cap,ShapeNet,357c2a333ffefc3e90f80ab08ae6ce2,cap,ShapeNet,False,cap/ShapeNet/357c2a333ffefc3e90f80ab08ae6ce2,cap/ShapeNet/3b0a1a20ef0ce1a34c90f2ddc14dc59b,True,cap,cap,2,"['target', 'has', 'a', 'less', 'bowl', 'like', 'crown', 'appearance']",8,target has a less bowl like crown appearance,test,train,test,train,"[1, 11, 24, 26, 229, 178, 35, 606, 729, 2, 0, 0, 0, 0, 0, 0, 0, 0]",crown
263405,user_203,The crown is curved near the bottom.,3A7Y0R2P2QHPOVXRU6A5HIQEXWYJX2,276.0,bf120175fed89392954cc04e9b526b85,cap,PartNet,61aae9be231d6c263dc5b29818b9b22e,cap,PartNet,False,cap/PartNet/61aae9be231d6c263dc5b29818b9b22e,cap/PartNet/bf120175fed89392954cc04e9b526b85,True,hat,hat,2,"['the', 'crown', 'is', 'curved', 'near', 'the', 'bottom']",7,the crown is curved near the bottom,train,train,train,train,"[1, 10, 606, 7, 51, 348, 10, 76, 2, 0, 0, 0, 0, 0, 0, 0, 0, 0]",crown
263406,user_1644,The crown is thinner.,3KJYX6QCMB4XK6SWUR9NTXTTHKIJVP,43.0,bf120175fed89392954cc04e9b526b85,cap,PartNet,61aae9be231d6c263dc5b29818b9b22e,cap,PartNet,False,cap/PartNet/61aae9be231d6c263dc5b29818b9b22e,cap/PartNet/bf120175fed89392954cc04e9b526b85,True,hat,hat,2,"['the', 'crown', 'is', 'thin', '-er']",5,the crown is thin -er,train,train,train,train,"[1, 10, 606, 7, 60, 9, 2, 0, 0, 0, 0, 0, 0, 0, 0, 0, 0, 0]",crown
263408,user_786,"Its brim is horizontal, NOT vertical",39RP059MEJM8C00BS7VF8DR3IN5BMP,50.0,60153b9c1dc500a93d8dd242efdcdeb,cap,PartNet,26239157c6539065895d3362333efa72,cap,PartNet,False,cap/PartNet/26239157c6539065895d3362333efa72,cap/PartNet/60153b9c1dc500a93d8dd242efdcdeb,True,hat,hat,2,"['its', 'brim', 'is', 'horizontal', 'not', 'vertical']",6,its brim is horizontal not vertical,train,train,train,train,"[1, 5, 601, 7, 265, 40, 283, 2, 0, 0, 0, 0, 0, 0, 0, 0, 0, 0]",brim
263409,user_1143,The target has a brim,3A1COHJ8NLO3IO1TYYVSP6T6TUE8H5,36.0,60153b9c1dc500a93d8dd242efdcdeb,cap,PartNet,26239157c6539065895d3362333efa72,cap,PartNet,False,cap/PartNet/26239157c6539065895d3362333efa72,cap/PartNet/60153b9c1dc500a93d8dd242efdcdeb,True,hat,hat,2,"['the', 'target', 'has', 'a', 'brim']",5,the target has a brim,train,train,train,train,"[1, 10, 11, 24, 26, 601, 2, 0, 0, 0, 0, 0, 0, 0, 0, 0, 0, 0]",brim
263410,user_1644,It has a wider brim.,3TPZPLC3M259U8TB5U817YNMZZW3PD,31.0,60153b9c1dc500a93d8dd242efdcdeb,cap,PartNet,26239157c6539065895d3362333efa72,cap,PartNet,False,cap/PartNet/26239157c6539065895d3362333efa72,cap/PartNet/60153b9c1dc500a93d8dd242efdcdeb,True,hat,hat,2,"['it', 'has', 'a', 'wide', '-er', 'brim']",6,it has a wide -er brim,train,train,train,train,"[1, 23, 24, 26, 83, 9, 601, 2, 0, 0, 0, 0, 0, 0, 0, 0, 0, 0]",brim
263413,user_1964,the top is flat with no button,3DPNQGW4LN8M2YUAQCEBB3OBIU264V,30.0,6cfb76b40fc41da2a6e67635b9d1cee5,cap,ShapeNet,e43656f7922bb7573d73b22cbe25cea9,cap,PartNet,False,cap/PartNet/e43656f7922bb7573d73b22cbe25cea9,cap/ShapeNet/6cfb76b40fc41da2a6e67635b9d1cee5,False,hat,cap,2,"['the', 'top', 'is', 'flat', 'with', 'no', 'button']",7,the top is flat with no button,train,train,train,train,"[1, 10, 99, 7, 129, 121, 123, 596, 2, 0, 0, 0, 0, 0, 0, 0, 0, 0]",crown
263416,user_1644,The brim is not as wide.,37XITHEISY2IJL59BFNR5WRV6U0CRF,16.0,b3ccfa337100028088f5610828331858,cap,PartNet,a1194f613435ee2d8ffc94a6ce28be5e,cap,PartNet,False,cap/PartNet/a1194f613435ee2d8ffc94a6ce28be5e,cap/PartNet/b3ccfa337100028088f5610828331858,False,hat,hat,2,"['the', 'brim', 'is', 'not', 'as', 'wide']",6,the brim is not as wide,train,train,train,train,"[1, 10, 601, 7, 40, 52, 83, 2, 0, 0, 0, 0, 0, 0, 0, 0, 0, 0]",brim
263418,user_1644,It does not have a decoration at the top.,3VAR3R6G1RUDA5NG2BQI9FQ75GR8OS,39.0,d5cdba69afacdbf19393051c3324a45f,cap,PartNet,17507563e90313433f19716eab42752,cap,PartNet,False,cap/PartNet/17507563e90313433f19716eab42752,cap/PartNet/d5cdba69afacdbf19393051c3324a45f,True,hat,hat,2,"['it', 'does', 'not', 'have', 'a', 'decoration', 'at', 'the', 'top']",9,it does not have a decoration at the top,train,train,train,train,"[1, 23, 39, 40, 84, 26, 639, 98, 10, 99, 2, 0, 0, 0, 0, 0, 0, 0]",crown
263419,user_1964,the brim is flat to the ground,3SNVL38CI6LWWHSELVEU4K5HB23CKJ,37.0,d5cdba69afacdbf19393051c3324a45f,cap,PartNet,17507563e90313433f19716eab42752,cap,PartNet,False,cap/PartNet/17507563e90313433f19716eab42752,cap/PartNet/d5cdba69afacdbf19393051c3324a45f,True,hat,hat,2,"['the', 'brim', 'is', 'flat', 'to', 'the', 'ground']",7,the brim is flat to the ground,train,train,train,train,"[1, 10, 601, 7, 129, 58, 10, 299, 2, 0, 0, 0, 0, 0, 0, 0, 0, 0]",brim
263422,user_2105,target has a taller height crown,3WS1NTTKE051M35K84UDT6BBUIF0F4,33.0,3b0a1a20ef0ce1a34c90f2ddc14dc59b,cap,ShapeNet,d243dfb497b2a51bf784e4a55df53109,cap,PartNet,False,cap/PartNet/d243dfb497b2a51bf784e4a55df53109,cap/ShapeNet/3b0a1a20ef0ce1a34c90f2ddc14dc59b,False,hat,cap,2,"['target', 'has', 'a', 'tall', '-er', 'height', 'crown']",7,target has a tall -er height crown,train,train,train,train,"[1, 11, 24, 26, 53, 9, 117, 606, 2, 0, 0, 0, 0, 0, 0, 0, 0, 0]",crown
263425,user_1644,The crown is not pointed.,3M0BCWMB8XP4HCUPW912HBTUGOBWBR,31.0,8670ef4375bbb95568b8a8e5babef621,cap,PartNet,d0919880bdf7eec8fe5dfc44db6ed8eb,cap,PartNet,False,cap/PartNet/d0919880bdf7eec8fe5dfc44db6ed8eb,cap/PartNet/8670ef4375bbb95568b8a8e5babef621,False,hat,hat,2,"['the', 'crown', 'is', 'not', 'pointed']",5,the crown is not pointed,train,train,train,train,"[1, 10, 606, 7, 40, 387, 2, 0, 0, 0, 0, 0, 0, 0, 0, 0, 0, 0]",crown
263428,user_1644,It does not have a wide brim.,3WYGZ5XF3Y8C3YHAIH4UJP9ZX5OKSK,45.0,31253a0f8eaa2c5c785f06f424b9d06,cap,PartNet,78ffdd0f1440161ca7591d4119c4254f,cap,PartNet,False,cap/PartNet/78ffdd0f1440161ca7591d4119c4254f,cap/PartNet/31253a0f8eaa2c5c785f06f424b9d06,False,hat,hat,2,"['it', 'does', 'not', 'have', 'a', 'wide', 'brim']",7,it does not have a wide brim,val,train,val,train,"[1, 23, 39, 40, 84, 26, 83, 601, 2, 0, 0, 0, 0, 0, 0, 0, 0, 0]",brim
263429,user_786,Its crown's cylindrical sides are more smoothly rounded and less faceted,3L0KT67Y8G97N36RMW5LSXOAVKXYST,115.0,8156dab09860124627526d19de7c3249,cap,PartNet,5dbe1341bec2f70cf0d11ae402ef940e,cap,PartNet,False,cap/PartNet/5dbe1341bec2f70cf0d11ae402ef940e,cap/PartNet/8156dab09860124627526d19de7c3249,True,hat,hat,2,"['its', 'crown', ""'s"", 'cylindrical', 'sides', 'are', 'more', 'smoothly', 'rounded', 'and', 'less', 'faceted']",12,its crown 's cylindrical sides are more smoothly rounded and less faceted,train,train,train,train,"[1, 5, 606, 12, 176, 360, 16, 34, 1523, 48, 47, 229, 931, 2, 0, 0, 0, 0]",crown
263431,user_2105,target does not have rolled band on bottom of crown,3UJ1CZ6IZJI9LFW7BU0OH0QH0GKS50,52.0,8156dab09860124627526d19de7c3249,cap,PartNet,5dbe1341bec2f70cf0d11ae402ef940e,cap,PartNet,False,cap/PartNet/5dbe1341bec2f70cf0d11ae402ef940e,cap/PartNet/8156dab09860124627526d19de7c3249,True,hat,hat,2,"['target', 'does', 'not', 'have', 'rolled', 'band', 'on', 'bottom', 'of', 'crown']",10,target does not have rolled band on bottom of crown,train,train,train,train,"[1, 11, 39, 40, 84, 733, 347, 20, 76, 38, 606, 2, 0, 0, 0, 0, 0, 0]",crown
263433,user_1633,The target has a button on top.,3R0T90IZ1U5RUVWVV4TF6SDO4LMCGG,22.0,373d717709b3e181bbda4bd2b976d8f7,cap,ShapeNet,a3d8771740fd7630afd6b353b2d4958f,cap,ShapeNet,False,cap/ShapeNet/a3d8771740fd7630afd6b353b2d4958f,cap/ShapeNet/373d717709b3e181bbda4bd2b976d8f7,False,cap,cap,2,"['the', 'target', 'has', 'a', 'button', 'on', 'top']",7,the target has a button on top,train,train,train,train,"[1, 10, 11, 24, 26, 596, 20, 99, 2, 0, 0, 0, 0, 0, 0, 0, 0, 0]",crown
263436,user_1644,The crown is taller.,3K4J6M3CXGM31GZXBQXO0XN04I0GAH,36.0,5a5c976be7015447f0d11ae402ef940e,cap,PartNet,dbed24c9057ad64ce8ce7d162fedd5be,cap,PartNet,False,cap/PartNet/dbed24c9057ad64ce8ce7d162fedd5be,cap/PartNet/5a5c976be7015447f0d11ae402ef940e,True,hat,hat,2,"['the', 'crown', 'is', 'tall', '-er']",5,the crown is tall -er,train,train,train,train,"[1, 10, 606, 7, 53, 9, 2, 0, 0, 0, 0, 0, 0, 0, 0, 0, 0, 0]",crown
263438,user_677,Its crown looks like half a planet.,3YWRV122CUS8NA7DYX2R8LIWN3O8UG,52.0,a4f94067b0ec9608e762cf5917cef4ef,cap,ShapeNet,7f1665745d2690d38217993582015a9c,cap,PartNet,False,cap/PartNet/7f1665745d2690d38217993582015a9c,cap/ShapeNet/a4f94067b0ec9608e762cf5917cef4ef,False,hat,cap,2,"['its', 'crown', 'looks', 'like', 'half', 'a', 'planet']",7,its crown looks like half a planet,train,train,train,train,"[1, 5, 606, 33, 35, 158, 26, 5432, 2, 0, 0, 0, 0, 0, 0, 0, 0, 0]",crown
263439,user_1644,It does not have a button at the top.,39JEC7537WUACSMQKZS16TGYR09CV4,36.0,a4f94067b0ec9608e762cf5917cef4ef,cap,ShapeNet,7f1665745d2690d38217993582015a9c,cap,PartNet,False,cap/PartNet/7f1665745d2690d38217993582015a9c,cap/ShapeNet/a4f94067b0ec9608e762cf5917cef4ef,False,hat,cap,2,"['it', 'does', 'not', 'have', 'a', 'button', 'at', 'the', 'top']",9,it does not have a button at the top,train,train,train,train,"[1, 23, 39, 40, 84, 26, 596, 98, 10, 99, 2, 0, 0, 0, 0, 0, 0, 0]",crown
263440,user_2105,target has no button on top of crown,3NC5L260MQFMPKX3APWOJ77TSLVFO9,53.0,a4f94067b0ec9608e762cf5917cef4ef,cap,ShapeNet,7f1665745d2690d38217993582015a9c,cap,PartNet,False,cap/PartNet/7f1665745d2690d38217993582015a9c,cap/ShapeNet/a4f94067b0ec9608e762cf5917cef4ef,False,hat,cap,2,"['target', 'has', 'no', 'button', 'on', 'top', 'of', 'crown']",8,target has no button on top of crown,train,train,train,train,"[1, 11, 24, 123, 596, 20, 99, 38, 606, 2, 0, 0, 0, 0, 0, 0, 0, 0]",crown
263441,user_786,Its brim has a slight upward curve,3TXWC2NHN1JSM2YJEKD5TGVJMCK9SP,107.0,233a6e7c31de58a33d4bab39ff8346fd,cap,PartNet,b968eb697fbce2d76bb31db0358e9c6,cap,PartNet,False,cap/PartNet/b968eb697fbce2d76bb31db0358e9c6,cap/PartNet/233a6e7c31de58a33d4bab39ff8346fd,True,hat,hat,2,"['its', 'brim', 'has', 'a', 'slight', 'upward', 'curve']",7,its brim has a slight upward curve,train,train,train,train,"[1, 5, 601, 24, 26, 160, 79, 43, 2, 0, 0, 0, 0, 0, 0, 0, 0, 0]",brim
263442,user_1644,The brim is wider and flatter.,3K2755HG5UWVLN6EKGI88DVUO61DFL,19.0,233a6e7c31de58a33d4bab39ff8346fd,cap,PartNet,b968eb697fbce2d76bb31db0358e9c6,cap,PartNet,False,cap/PartNet/b968eb697fbce2d76bb31db0358e9c6,cap/PartNet/233a6e7c31de58a33d4bab39ff8346fd,True,hat,hat,2,"['the', 'brim', 'is', 'wide', '-er', 'and', 'flat', '-er']",8,the brim is wide -er and flat -er,train,train,train,train,"[1, 10, 601, 7, 83, 9, 47, 129, 9, 2, 0, 0, 0, 0, 0, 0, 0, 0]",brim
263443,user_1964,the top is rounded,30OG32W0SW4C1LXVEZC5M0MOQ9LNES,34.0,233a6e7c31de58a33d4bab39ff8346fd,cap,PartNet,b968eb697fbce2d76bb31db0358e9c6,cap,PartNet,False,cap/PartNet/b968eb697fbce2d76bb31db0358e9c6,cap/PartNet/233a6e7c31de58a33d4bab39ff8346fd,True,hat,hat,2,"['the', 'top', 'is', 'rounded']",4,the top is rounded,train,train,train,train,"[1, 10, 99, 7, 48, 2, 0, 0, 0, 0, 0, 0, 0, 0, 0, 0, 0, 0]",crown
263446,user_1577,has a bill on the front of the hat,33FBRBDW6QSC1GQDC6HREFWQG288CV,88.0,cdaccc660448206b108354aa2159bc1e,cap,PartNet,bdfd9d3790158d2545b2d64b440991ad,cap,PartNet,False,cap/PartNet/bdfd9d3790158d2545b2d64b440991ad,cap/PartNet/cdaccc660448206b108354aa2159bc1e,False,hat,hat,2,"['has', 'a', 'bill', 'on', 'the', 'front', 'of', 'the', 'hat']",9,has a bill on the front of the hat,test,train,test,train,"[1, 24, 26, 603, 20, 10, 37, 38, 10, 602, 2, 0, 0, 0, 0, 0, 0, 0]",brim
263447,user_203,The crown diameter is smaller.,326O153BMKR3F96IP5Y2QVAUC6REDB,53.0,8173b6a303d2888671b99e20c1071f6c,cap,PartNet,569bfc3e920022e5561c6ec5086cfea5,cap,PartNet,False,cap/PartNet/569bfc3e920022e5561c6ec5086cfea5,cap/PartNet/8173b6a303d2888671b99e20c1071f6c,False,hat,hat,2,"['the', 'crown', 'diameter', 'is', 'small', '-er']",6,the crown diameter is small -er,train,train,train,train,"[1, 10, 606, 268, 7, 111, 9, 2, 0, 0, 0, 0, 0, 0, 0, 0, 0, 0]",crown
263448,user_1529,The brim goes all the way around.,339ANSOTR7VN9KEED5AGFN3CO7LKIR,36.0,8173b6a303d2888671b99e20c1071f6c,cap,PartNet,569bfc3e920022e5561c6ec5086cfea5,cap,PartNet,False,cap/PartNet/569bfc3e920022e5561c6ec5086cfea5,cap/PartNet/8173b6a303d2888671b99e20c1071f6c,False,hat,hat,2,"['the', 'brim', 'goes', 'all', 'the', 'way', 'around']",7,the brim goes all the way around,train,train,train,train,"[1, 10, 601, 394, 367, 10, 471, 239, 2, 0, 0, 0, 0, 0, 0, 0, 0, 0]",brim
263449,user_1644,It has a wide brim.,39O5D9O87VLQ0JK70PMVNYOF0GK3C2,15.0,8173b6a303d2888671b99e20c1071f6c,cap,PartNet,569bfc3e920022e5561c6ec5086cfea5,cap,PartNet,False,cap/PartNet/569bfc3e920022e5561c6ec5086cfea5,cap/PartNet/8173b6a303d2888671b99e20c1071f6c,False,hat,hat,2,"['it', 'has', 'a', 'wide', 'brim']",5,it has a wide brim,train,train,train,train,"[1, 23, 24, 26, 83, 601, 2, 0, 0, 0, 0, 0, 0, 0, 0, 0, 0, 0]",brim
263451,user_1644,The crown is wider.,324G5B4FB51O7AQEQLW15EYUWT670F,28.0,5dbe1341bec2f70cf0d11ae402ef940e,cap,PartNet,8173b6a303d2888671b99e20c1071f6c,cap,PartNet,False,cap/PartNet/8173b6a303d2888671b99e20c1071f6c,cap/PartNet/5dbe1341bec2f70cf0d11ae402ef940e,True,hat,hat,2,"['the', 'crown', 'is', 'wide', '-er']",5,the crown is wide -er,train,train,train,train,"[1, 10, 606, 7, 83, 9, 2, 0, 0, 0, 0, 0, 0, 0, 0, 0, 0, 0]",crown
263453,user_1143,The target has no brim,3SBEHTYCWPWITP3VHKB7OVINMMWIYM,35.0,1045ec5dd315bb09b3efe792e5724933,cap,PartNet,591262ba071ebd196c8bf2a864894125,cap,PartNet,False,cap/PartNet/591262ba071ebd196c8bf2a864894125,cap/PartNet/1045ec5dd315bb09b3efe792e5724933,False,hat,hat,2,"['the', 'target', 'has', 'no', 'brim']",5,the target has no brim,train,train,train,train,"[1, 10, 11, 24, 123, 601, 2, 0, 0, 0, 0, 0, 0, 0, 0, 0, 0, 0]",brim
263455,user_1633,The target is not a top hat.,3TUI152ZZDGYKHGBI397JAYZ6B3Q1Y,27.0,1045ec5dd315bb09b3efe792e5724933,cap,PartNet,591262ba071ebd196c8bf2a864894125,cap,PartNet,False,cap/PartNet/591262ba071ebd196c8bf2a864894125,cap/PartNet/1045ec5dd315bb09b3efe792e5724933,False,hat,hat,2,"['the', 'target', 'is', 'not', 'a', 'top', 'hat']",7,the target is not a top hat,train,train,train,train,"[1, 10, 11, 7, 40, 26, 99, 602, 2, 0, 0, 0, 0, 0, 0, 0, 0, 0]",crown
263458,user_2105,target has thicker top edge on crown,36TFCYNS463TXP21667K55AZK4DXHU,78.0,579cb458787e385af0d11ae402ef940e,cap,PartNet,3e5bdecbe9ed004ed65de3ff29a73cde,cap,PartNet,False,cap/PartNet/3e5bdecbe9ed004ed65de3ff29a73cde,cap/PartNet/579cb458787e385af0d11ae402ef940e,True,hat,hat,2,"['target', 'has', 'thick', '-er', 'top', 'edge', 'on', 'crown']",8,target has thick -er top edge on crown,train,train,train,train,"[1, 11, 24, 54, 9, 99, 631, 20, 606, 2, 0, 0, 0, 0, 0, 0, 0, 0]",crown
263463,user_1633,The target has a button on top.,3HSYG7LRBLREFF42D8VSS3IPGBCKK4,25.0,d18c3ce1f186c16976bb31db0358e9c6,cap,ShapeNet,8338e10954ae6c5296b84415a3f1393b,cap,ShapeNet,False,cap/ShapeNet/8338e10954ae6c5296b84415a3f1393b,cap/ShapeNet/d18c3ce1f186c16976bb31db0358e9c6,True,cap,cap,2,"['the', 'target', 'has', 'a', 'button', 'on', 'top']",7,the target has a button on top,train,train,train,train,"[1, 10, 11, 24, 26, 596, 20, 99, 2, 0, 0, 0, 0, 0, 0, 0, 0, 0]",crown
263464,user_1644,It has a button on the top.,30LSNF239WOSS4AOOZ4CFRHI774I28,19.0,d18c3ce1f186c16976bb31db0358e9c6,cap,ShapeNet,8338e10954ae6c5296b84415a3f1393b,cap,ShapeNet,False,cap/ShapeNet/8338e10954ae6c5296b84415a3f1393b,cap/ShapeNet/d18c3ce1f186c16976bb31db0358e9c6,True,cap,cap,2,"['it', 'has', 'a', 'button', 'on', 'the', 'top']",7,it has a button on the top,train,train,train,train,"[1, 23, 24, 26, 596, 20, 10, 99, 2, 0, 0, 0, 0, 0, 0, 0, 0, 0]",crown
263467,user_2105,target has shorter depth brim,3II4UPYCOL0SCCWNYWT2KCZ8V9XQDH,40.0,484d95c416ee10a74ce8c4cc4cdde9b4,cap,PartNet,47d8ea8d4f14119048908f59408795,cap,PartNet,False,cap/PartNet/47d8ea8d4f14119048908f59408795,cap/PartNet/484d95c416ee10a74ce8c4cc4cdde9b4,True,hat,hat,2,"['target', 'has', 'short', '-er', 'depth', 'brim']",6,target has short -er depth brim,train,train,train,train,"[1, 11, 24, 8, 9, 607, 601, 2, 0, 0, 0, 0, 0, 0, 0, 0, 0, 0]",brim
263469,user_1964,the brim is much thicker vertically,3VHHR074H5A146F0FEIK3YQIZRH7LO,52.0,320573ba807dc5578c26f7b0dfd20a86,cap,PartNet,eec8c8ff8efdda0f86b5dc4d3f7cea94,cap,PartNet,False,cap/PartNet/eec8c8ff8efdda0f86b5dc4d3f7cea94,cap/PartNet/320573ba807dc5578c26f7b0dfd20a86,False,hat,hat,2,"['the', 'brim', 'is', 'much', 'thick', '-er', 'vertically']",7,the brim is much thick -er vertically,test,train,test,train,"[1, 10, 601, 7, 59, 54, 9, 385, 2, 0, 0, 0, 0, 0, 0, 0, 0, 0]",brim
263470,user_2105,target has thicker brim,3Z4XG4ZF4AK04E1832DESSH0HLP8XS,36.0,320573ba807dc5578c26f7b0dfd20a86,cap,PartNet,eec8c8ff8efdda0f86b5dc4d3f7cea94,cap,PartNet,False,cap/PartNet/eec8c8ff8efdda0f86b5dc4d3f7cea94,cap/PartNet/320573ba807dc5578c26f7b0dfd20a86,False,hat,hat,2,"['target', 'has', 'thick', '-er', 'brim']",5,target has thick -er brim,test,train,test,train,"[1, 11, 24, 54, 9, 601, 2, 0, 0, 0, 0, 0, 0, 0, 0, 0, 0, 0]",brim
263471,user_786,Its crown's front center does NOT have an upside-down shield-like ornament,3J4Q2Z4UT0WRLIWEFRYSC0OT2PKQW7,80.0,a0fc32a763b57b85f0d11ae402ef940e,cap,ShapeNet,cfdd264126abf98d920db8ca8825dcda,cap,PartNet,False,cap/PartNet/cfdd264126abf98d920db8ca8825dcda,cap/ShapeNet/a0fc32a763b57b85f0d11ae402ef940e,True,hat,cap,2,"['its', 'crown', ""'s"", 'front', 'center', 'does', 'not', 'have', 'an', 'upside', 'down', 'shield', 'like', 'ornament']",14,its crown 's front center does not have an upside down shield like ornament,train,train,train,train,"[1, 5, 606, 12, 37, 165, 39, 40, 84, 72, 91, 44, 696, 35, 2793, 2, 0, 0]",crown
263473,user_2105,target has thicker disk shape on crown,3WJ1OXY92C9O81TFSSL08K62G0FA8P,49.0,a0fc32a763b57b85f0d11ae402ef940e,cap,ShapeNet,cfdd264126abf98d920db8ca8825dcda,cap,PartNet,False,cap/PartNet/cfdd264126abf98d920db8ca8825dcda,cap/ShapeNet/a0fc32a763b57b85f0d11ae402ef940e,True,hat,cap,2,"['target', 'has', 'thick', '-er', 'disk', 'shape', 'on', 'crown']",8,target has thick -er disk shape on crown,train,train,train,train,"[1, 11, 24, 54, 9, 647, 93, 20, 606, 2, 0, 0, 0, 0, 0, 0, 0, 0]",crown
263474,user_456,The target's brim is arched.,3GFK2QRXXBA2SWDGVZAPEPT26TJW5M,48.0,580042201e78dd85c17bd3d919c94388,cap,PartNet,ed52d2c2a9c1b606cf9bbc203a5cff99,cap,ShapeNet,False,cap/ShapeNet/ed52d2c2a9c1b606cf9bbc203a5cff99,cap/PartNet/580042201e78dd85c17bd3d919c94388,False,cap,hat,2,"['the', 'target', ""'s"", 'brim', 'is', 'arched']",6,the target 's brim is arched,train,train,train,train,"[1, 10, 11, 12, 601, 7, 366, 2, 0, 0, 0, 0, 0, 0, 0, 0, 0, 0]",brim
263477,user_1529,The crown is much taller.,3R3YRB5GRHWM6Y0SVVM54CORDQEAUA,72.0,60153b9c1dc500a93d8dd242efdcdeb,cap,PartNet,f6cdd30dec4cb8e71621c7edb823fc53,cap,PartNet,False,cap/PartNet/f6cdd30dec4cb8e71621c7edb823fc53,cap/PartNet/60153b9c1dc500a93d8dd242efdcdeb,True,hat,hat,2,"['the', 'crown', 'is', 'much', 'tall', '-er']",6,the crown is much tall -er,test,train,test,train,"[1, 10, 606, 7, 59, 53, 9, 2, 0, 0, 0, 0, 0, 0, 0, 0, 0, 0]",crown
263479,user_2105,target has smaller peak on top,3EWIJTFFVQ09GP5ODTA7BOQBIHH0E3,77.0,60153b9c1dc500a93d8dd242efdcdeb,cap,PartNet,f6cdd30dec4cb8e71621c7edb823fc53,cap,PartNet,False,cap/PartNet/f6cdd30dec4cb8e71621c7edb823fc53,cap/PartNet/60153b9c1dc500a93d8dd242efdcdeb,True,hat,hat,2,"['target', 'has', 'small', '-er', 'peak', 'on', 'top']",7,target has small -er peak on top,test,train,test,train,"[1, 11, 24, 111, 9, 2148, 20, 99, 2, 0, 0, 0, 0, 0, 0, 0, 0, 0]",crown
263480,user_203,The crown is not cylindrical.,3ERMJ6L4D0LLAOXLFQJZ3B57ZXG7M1,62.0,5549d6cf8c5c7f1e886d6fb5acc5844b,cap,PartNet,c1e8ad86328cefba1032b754478d4b36,cap,PartNet,False,cap/PartNet/c1e8ad86328cefba1032b754478d4b36,cap/PartNet/5549d6cf8c5c7f1e886d6fb5acc5844b,False,hat,hat,2,"['the', 'crown', 'is', 'not', 'cylindrical']",5,the crown is not cylindrical,train,train,train,train,"[1, 10, 606, 7, 40, 176, 2, 0, 0, 0, 0, 0, 0, 0, 0, 0, 0, 0]",crown
263481,user_786,Its crown's front center has a small fan,379J5II41Q9MDLUA2MWQ98IZLFSELQ,70.0,5549d6cf8c5c7f1e886d6fb5acc5844b,cap,PartNet,c1e8ad86328cefba1032b754478d4b36,cap,PartNet,False,cap/PartNet/c1e8ad86328cefba1032b754478d4b36,cap/PartNet/5549d6cf8c5c7f1e886d6fb5acc5844b,False,hat,hat,2,"['its', 'crown', ""'s"", 'front', 'center', 'has', 'a', 'small', 'fan']",9,its crown 's front center has a small fan,train,train,train,train,"[1, 5, 606, 12, 37, 165, 24, 26, 111, 861, 2, 0, 0, 0, 0, 0, 0, 0]",crown
263482,user_1644,It has creases at the top.,3S96KQ6I9OX54SOFF0NXPHAVFF5DTP,30.0,5549d6cf8c5c7f1e886d6fb5acc5844b,cap,PartNet,c1e8ad86328cefba1032b754478d4b36,cap,PartNet,False,cap/PartNet/c1e8ad86328cefba1032b754478d4b36,cap/PartNet/5549d6cf8c5c7f1e886d6fb5acc5844b,False,hat,hat,2,"['it', 'has', 'creases', 'at', 'the', 'top']",6,it has creases at the top,train,train,train,train,"[1, 23, 24, 613, 98, 10, 99, 2, 0, 0, 0, 0, 0, 0, 0, 0, 0, 0]",crown
263484,user_1644,The crown is taller.,3P4MQ7TPPZ5CT9WE1I56UXG96NTBBQ,23.0,dc3e5c0457defe87a52821bf1aa3b19a,cap,ShapeNet,dd2d95b294a7a8b4fa5b6212657ae4a4,cap,ShapeNet,False,cap/ShapeNet/dd2d95b294a7a8b4fa5b6212657ae4a4,cap/ShapeNet/dc3e5c0457defe87a52821bf1aa3b19a,True,cap,cap,2,"['the', 'crown', 'is', 'tall', '-er']",5,the crown is tall -er,val,train,val,train,"[1, 10, 606, 7, 53, 9, 2, 0, 0, 0, 0, 0, 0, 0, 0, 0, 0, 0]",crown
263485,user_2105,target has taller crown height,3S96KQ6I9OX54SOFF0NXPHAVFGYDTK,41.0,dc3e5c0457defe87a52821bf1aa3b19a,cap,ShapeNet,dd2d95b294a7a8b4fa5b6212657ae4a4,cap,ShapeNet,False,cap/ShapeNet/dd2d95b294a7a8b4fa5b6212657ae4a4,cap/ShapeNet/dc3e5c0457defe87a52821bf1aa3b19a,True,cap,cap,2,"['target', 'has', 'tall', '-er', 'crown', 'height']",6,target has tall -er crown height,val,train,val,train,"[1, 11, 24, 53, 9, 606, 117, 2, 0, 0, 0, 0, 0, 0, 0, 0, 0, 0]",crown
263486,user_786,Its crown does NOT have a big ball at the peak,3ZSY5X72NZ4JSA2C1KWI0WLCV8IORN,62.0,bfdcb0d592aa35698b3247ca9bcd5b10,cap,PartNet,9bd54e0123d3cd70a52821bf1aa3b19a,cap,ShapeNet,False,cap/ShapeNet/9bd54e0123d3cd70a52821bf1aa3b19a,cap/PartNet/bfdcb0d592aa35698b3247ca9bcd5b10,False,cap,hat,2,"['its', 'crown', 'does', 'not', 'have', 'a', 'big', 'ball', 'at', 'the', 'peak']",11,its crown does not have a big ball at the peak,train,train,train,train,"[1, 5, 606, 39, 40, 84, 26, 320, 668, 98, 10, 2148, 2, 0, 0, 0, 0, 0]",crown
263487,user_1644,The crown is not triangular.,3TXMY6UCAGHI7KQ9Y0YR06HQA8UQCO,33.0,bfdcb0d592aa35698b3247ca9bcd5b10,cap,PartNet,9bd54e0123d3cd70a52821bf1aa3b19a,cap,ShapeNet,False,cap/ShapeNet/9bd54e0123d3cd70a52821bf1aa3b19a,cap/PartNet/bfdcb0d592aa35698b3247ca9bcd5b10,False,cap,hat,2,"['the', 'crown', 'is', 'not', 'triangular']",5,the crown is not triangular,train,train,train,train,"[1, 10, 606, 7, 40, 564, 2, 0, 0, 0, 0, 0, 0, 0, 0, 0, 0, 0]",crown
263492,user_203,The crown has a crease.,3PB5A5BD0XZLIE1Z4NL4Q6LA3B47GT,48.0,1045ec5dd315bb09b3efe792e5724933,cap,PartNet,a14ab9b478087ce6b56d92c5d7b06038,cap,PartNet,False,cap/PartNet/a14ab9b478087ce6b56d92c5d7b06038,cap/PartNet/1045ec5dd315bb09b3efe792e5724933,True,hat,hat,2,"['the', 'crown', 'has', 'a', 'crease']",5,the crown has a crease,train,train,train,train,"[1, 10, 606, 24, 26, 766, 2, 0, 0, 0, 0, 0, 0, 0, 0, 0, 0, 0]",crown
263493,user_786,Its brim is wider,3GM6G9ZBKPQ88MUSSTM087XPOU6MTR,30.0,1045ec5dd315bb09b3efe792e5724933,cap,PartNet,a14ab9b478087ce6b56d92c5d7b06038,cap,PartNet,False,cap/PartNet/a14ab9b478087ce6b56d92c5d7b06038,cap/PartNet/1045ec5dd315bb09b3efe792e5724933,True,hat,hat,2,"['its', 'brim', 'is', 'wide', '-er']",5,its brim is wide -er,train,train,train,train,"[1, 5, 601, 7, 83, 9, 2, 0, 0, 0, 0, 0, 0, 0, 0, 0, 0, 0]",brim
263494,user_865,Target has a wider brim and decorative narrow middle trim,3C6FJU71TSMN2GYVB10L7Y6YGHOYUF,671.0,1045ec5dd315bb09b3efe792e5724933,cap,PartNet,a14ab9b478087ce6b56d92c5d7b06038,cap,PartNet,False,cap/PartNet/a14ab9b478087ce6b56d92c5d7b06038,cap/PartNet/1045ec5dd315bb09b3efe792e5724933,True,hat,hat,2,"['target', 'has', 'a', 'wide', '-er', 'brim', 'and', 'decorative', 'narrow', 'middle', 'trim']",11,target has a wide -er brim and decorative narrow middle trim,train,train,train,train,"[1, 11, 24, 26, 83, 9, 601, 47, 216, 210, 232, 760, 2, 0, 0, 0, 0, 0]",brim
263495,user_1143,The target has no point at the top pointing upwards,33LK57MYLVY7STGWII7464XC1E2SZF,42.0,889204300c03ae7dc8687ff9b0b4e4ac,cap,PartNet,3c75213433a0ad3cc039d45addffe3d3,cap,PartNet,False,cap/PartNet/3c75213433a0ad3cc039d45addffe3d3,cap/PartNet/889204300c03ae7dc8687ff9b0b4e4ac,True,hat,hat,2,"['the', 'target', 'has', 'no', 'point', 'at', 'the', 'top', 'pointing', 'upwards']",10,the target has no point at the top pointing upwards,train,train,train,train,"[1, 10, 11, 24, 123, 412, 98, 10, 99, 240, 209, 2, 0, 0, 0, 0, 0, 0]",crown
263496,user_1740,Its top tapers to the right.,326O153BMKR3F96IP5Y2QVAUC5JED1,50.0,889204300c03ae7dc8687ff9b0b4e4ac,cap,PartNet,3c75213433a0ad3cc039d45addffe3d3,cap,PartNet,False,cap/PartNet/3c75213433a0ad3cc039d45addffe3d3,cap/PartNet/889204300c03ae7dc8687ff9b0b4e4ac,True,hat,hat,2,"['its', 'top', 'tapers', 'to', 'the', 'right']",6,its top tapers to the right,train,train,train,train,"[1, 5, 99, 566, 58, 10, 118, 2, 0, 0, 0, 0, 0, 0, 0, 0, 0, 0]",crown
263500,user_1633,"The target has a visor, not a brim.",3L70J4KAZIF0PWP690WGUCK3RQKDA4,23.0,d874bb309edb91e04e5a22e049c207b1,cap,PartNet,df0dad9aa5876de3af81f84c1d08b8a2,cap,PartNet,False,cap/PartNet/df0dad9aa5876de3af81f84c1d08b8a2,cap/PartNet/d874bb309edb91e04e5a22e049c207b1,False,hat,hat,2,"['the', 'target', 'has', 'a', 'visor', 'not', 'a', 'brim']",8,the target has a visor not a brim,val,train,val,train,"[1, 10, 11, 24, 26, 605, 40, 26, 601, 2, 0, 0, 0, 0, 0, 0, 0, 0]",brim
263503,user_156,Its brim doesn't go all the way around its edge.,3RUIQRXJBDH0JR42J8JUM38JUC9LL0,26.0,49aa515f266763ceb2cbe98e0430a055,cap,PartNet,c721e05c676faf20a9aa61915b4add2d,cap,PartNet,False,cap/PartNet/c721e05c676faf20a9aa61915b4add2d,cap/PartNet/49aa515f266763ceb2cbe98e0430a055,False,hat,hat,2,"['its', 'brim', 'does', 'not', 'go', 'all', 'the', 'way', 'around', 'its', 'edge']",11,its brim does not go all the way around its edge,train,train,train,train,"[1, 5, 601, 39, 40, 741, 367, 10, 471, 239, 5, 631, 2, 0, 0, 0, 0, 0]",brim
263504,user_203,The crown is not cylindrical.,3JAOYWH7VKX5IP3TUBG4HUHOUIDL9O,74.0,49aa515f266763ceb2cbe98e0430a055,cap,PartNet,c721e05c676faf20a9aa61915b4add2d,cap,PartNet,False,cap/PartNet/c721e05c676faf20a9aa61915b4add2d,cap/PartNet/49aa515f266763ceb2cbe98e0430a055,False,hat,hat,2,"['the', 'crown', 'is', 'not', 'cylindrical']",5,the crown is not cylindrical,train,train,train,train,"[1, 10, 606, 7, 40, 176, 2, 0, 0, 0, 0, 0, 0, 0, 0, 0, 0, 0]",crown
263506,user_1529,The crown is taller.,3B2X28YI3Y86NXFJ5ROYJHUHSNB6BV,292.0,56bb0a2e6f729993fa5b6212657ae4a4,cap,PartNet,169bcc70358af368858829ea6212ee1a,cap,PartNet,False,cap/PartNet/169bcc70358af368858829ea6212ee1a,cap/PartNet/56bb0a2e6f729993fa5b6212657ae4a4,True,hat,hat,2,"['the', 'crown', 'is', 'tall', '-er']",5,the crown is tall -er,train,train,train,train,"[1, 10, 606, 7, 53, 9, 2, 0, 0, 0, 0, 0, 0, 0, 0, 0, 0, 0]",crown
263509,user_786,Its brim is thinner,3I0BTBYZAZE7MUMFDUM1IRIR0SEY06,46.0,47d8ea8d4f14119048908f59408795,cap,PartNet,aa9fa261b2643eec750b99f712bb1b4,cap,PartNet,False,cap/PartNet/aa9fa261b2643eec750b99f712bb1b4,cap/PartNet/47d8ea8d4f14119048908f59408795,True,hat,hat,2,"['its', 'brim', 'is', 'thin', '-er']",5,its brim is thin -er,train,train,train,train,"[1, 5, 601, 7, 60, 9, 2, 0, 0, 0, 0, 0, 0, 0, 0, 0, 0, 0]",brim
263510,user_920,The target's brim is deeper.,3YDGXNSEO1N96CDYJRB9VHK2OPS84J,33.0,47d8ea8d4f14119048908f59408795,cap,PartNet,aa9fa261b2643eec750b99f712bb1b4,cap,PartNet,False,cap/PartNet/aa9fa261b2643eec750b99f712bb1b4,cap/PartNet/47d8ea8d4f14119048908f59408795,True,hat,hat,2,"['the', 'target', ""'s"", 'brim', 'is', 'deep', '-er']",7,the target 's brim is deep -er,train,train,train,train,"[1, 10, 11, 12, 601, 7, 573, 9, 2, 0, 0, 0, 0, 0, 0, 0, 0, 0]",brim
263512,user_1633,The target has a shorter crown.,3FE7TXL1LKG592Y7179LOT84YHLQ2J,24.0,fc4bf4203c69da43b5c87aa520cf194f,cap,PartNet,f1a3280859c83c2ebfabbbce99807de9,cap,PartNet,False,cap/PartNet/f1a3280859c83c2ebfabbbce99807de9,cap/PartNet/fc4bf4203c69da43b5c87aa520cf194f,True,hat,hat,2,"['the', 'target', 'has', 'a', 'short', '-er', 'crown']",7,the target has a short -er crown,train,train,train,train,"[1, 10, 11, 24, 26, 8, 9, 606, 2, 0, 0, 0, 0, 0, 0, 0, 0, 0]",crown
263513,user_1644,The brim is wider.,3VSOLARPKD2O2LD4O5C4L8N7UWX393,21.0,fc4bf4203c69da43b5c87aa520cf194f,cap,PartNet,f1a3280859c83c2ebfabbbce99807de9,cap,PartNet,False,cap/PartNet/f1a3280859c83c2ebfabbbce99807de9,cap/PartNet/fc4bf4203c69da43b5c87aa520cf194f,True,hat,hat,2,"['the', 'brim', 'is', 'wide', '-er']",5,the brim is wide -er,train,train,train,train,"[1, 10, 601, 7, 83, 9, 2, 0, 0, 0, 0, 0, 0, 0, 0, 0, 0, 0]",brim
263514,user_1689,"Its brim is flat, not curvy.",3SNVL38CI6LWWHSELVEU4K5HB27CKN,51.0,fc4bf4203c69da43b5c87aa520cf194f,cap,PartNet,f1a3280859c83c2ebfabbbce99807de9,cap,PartNet,False,cap/PartNet/f1a3280859c83c2ebfabbbce99807de9,cap/PartNet/fc4bf4203c69da43b5c87aa520cf194f,True,hat,hat,2,"['its', 'brim', 'is', 'flat', 'not', 'curvy']",6,its brim is flat not curvy,train,train,train,train,"[1, 5, 601, 7, 129, 40, 179, 2, 0, 0, 0, 0, 0, 0, 0, 0, 0, 0]",brim
263515,user_786,Its crown's top has a button,34FNN24DCO26H18GA0SDZMEIH1Y5Y9,55.0,3f712e64c37ee460e4b30fdd654658ce,cap,PartNet,3b0a1a20ef0ce1a34c90f2ddc14dc59b,cap,ShapeNet,False,cap/ShapeNet/3b0a1a20ef0ce1a34c90f2ddc14dc59b,cap/PartNet/3f712e64c37ee460e4b30fdd654658ce,False,cap,hat,2,"['its', 'crown', ""'s"", 'top', 'has', 'a', 'button']",7,its crown 's top has a button,train,train,train,train,"[1, 5, 606, 12, 99, 24, 26, 596, 2, 0, 0, 0, 0, 0, 0, 0, 0, 0]",crown
263516,user_1633,The target has a button on the top.,3JJVG1YBEDQA4TF508ETRBGHWR75BJ,23.0,3f712e64c37ee460e4b30fdd654658ce,cap,PartNet,3b0a1a20ef0ce1a34c90f2ddc14dc59b,cap,ShapeNet,False,cap/ShapeNet/3b0a1a20ef0ce1a34c90f2ddc14dc59b,cap/PartNet/3f712e64c37ee460e4b30fdd654658ce,False,cap,hat,2,"['the', 'target', 'has', 'a', 'button', 'on', 'the', 'top']",8,the target has a button on the top,train,train,train,train,"[1, 10, 11, 24, 26, 596, 20, 10, 99, 2, 0, 0, 0, 0, 0, 0, 0, 0]",crown
263517,user_1644,It has a button on the top.,3O7L7BFSHGIKNKM4HJZDHSQ74AREI3,17.0,3f712e64c37ee460e4b30fdd654658ce,cap,PartNet,3b0a1a20ef0ce1a34c90f2ddc14dc59b,cap,ShapeNet,False,cap/ShapeNet/3b0a1a20ef0ce1a34c90f2ddc14dc59b,cap/PartNet/3f712e64c37ee460e4b30fdd654658ce,False,cap,hat,2,"['it', 'has', 'a', 'button', 'on', 'the', 'top']",7,it has a button on the top,train,train,train,train,"[1, 23, 24, 26, 596, 20, 10, 99, 2, 0, 0, 0, 0, 0, 0, 0, 0, 0]",crown
263518,user_203,The crown has more height.,3PB5A5BD0XZLIE1Z4NL4Q6LA3B3G71,40.0,2b1a1d63bd7e931c12a8043ef6529707,cap,PartNet,64802051170909e71fabf3cbd0fc77bc,cap,PartNet,False,cap/PartNet/64802051170909e71fabf3cbd0fc77bc,cap/PartNet/2b1a1d63bd7e931c12a8043ef6529707,False,hat,hat,2,"['the', 'crown', 'has', 'more', 'height']",5,the crown has more height,train,train,train,train,"[1, 10, 606, 24, 34, 117, 2, 0, 0, 0, 0, 0, 0, 0, 0, 0, 0, 0]",crown
263519,user_1644,The brim is not as wide.,3OHYZ19UGEYRTTGVZ9AW56W2V4ROAC,99.0,2b1a1d63bd7e931c12a8043ef6529707,cap,PartNet,64802051170909e71fabf3cbd0fc77bc,cap,PartNet,False,cap/PartNet/64802051170909e71fabf3cbd0fc77bc,cap/PartNet/2b1a1d63bd7e931c12a8043ef6529707,False,hat,hat,2,"['the', 'brim', 'is', 'not', 'as', 'wide']",6,the brim is not as wide,train,train,train,train,"[1, 10, 601, 7, 40, 52, 83, 2, 0, 0, 0, 0, 0, 0, 0, 0, 0, 0]",brim
263521,user_786,Its crown's top center has a button,3OS4RQUCRB826Q8U6KR2DN7ULMUBFJ,84.0,3a666502c0432522a3340564b56a7f70,cap,ShapeNet,9634ac7cd209cc7e230a4d129580843a,cap,PartNet,False,cap/PartNet/9634ac7cd209cc7e230a4d129580843a,cap/ShapeNet/3a666502c0432522a3340564b56a7f70,False,hat,cap,2,"['its', 'crown', ""'s"", 'top', 'center', 'has', 'a', 'button']",8,its crown 's top center has a button,train,train,train,train,"[1, 5, 606, 12, 99, 165, 24, 26, 596, 2, 0, 0, 0, 0, 0, 0, 0, 0]",crown
263524,user_786,Its crown is taller,3FE7TXL1LKG592Y7179LOT84YHHQ2F,25.0,5549d6cf8c5c7f1e886d6fb5acc5844b,cap,PartNet,3d8715e132379fc04ec272da715766dd,cap,PartNet,False,cap/PartNet/3d8715e132379fc04ec272da715766dd,cap/PartNet/5549d6cf8c5c7f1e886d6fb5acc5844b,True,hat,hat,2,"['its', 'crown', 'is', 'tall', '-er']",5,its crown is tall -er,test,train,test,train,"[1, 5, 606, 7, 53, 9, 2, 0, 0, 0, 0, 0, 0, 0, 0, 0, 0, 0]",crown
263526,user_1633,The target has a taller crown.,3C8HJ7UOP9N4UY3RYLBIUVY69PKMZX,19.0,5549d6cf8c5c7f1e886d6fb5acc5844b,cap,PartNet,3d8715e132379fc04ec272da715766dd,cap,PartNet,False,cap/PartNet/3d8715e132379fc04ec272da715766dd,cap/PartNet/5549d6cf8c5c7f1e886d6fb5acc5844b,True,hat,hat,2,"['the', 'target', 'has', 'a', 'tall', '-er', 'crown']",7,the target has a tall -er crown,test,train,test,train,"[1, 10, 11, 24, 26, 53, 9, 606, 2, 0, 0, 0, 0, 0, 0, 0, 0, 0]",crown
263527,user_615,the brim corners are 90 degree angles,3EJPLAJKEO925VIZB5415Z1KJQCZ69,90.0,d5cdba69afacdbf19393051c3324a45f,cap,PartNet,3a666502c0432522a3340564b56a7f70,cap,ShapeNet,False,cap/ShapeNet/3a666502c0432522a3340564b56a7f70,cap/PartNet/d5cdba69afacdbf19393051c3324a45f,False,cap,hat,2,"['the', 'brim', 'corners', 'are', 'ninety', 'degree', 'angles']",7,the brim corners are ninety degree angles,train,train,train,train,"[1, 10, 601, 735, 16, 104, 105, 340, 2, 0, 0, 0, 0, 0, 0, 0, 0, 0]",brim
263528,user_1633,The target does not have a ball at the top.,3U5JL4WY5M2ZLDE6RZN1BG1VFY04XM,28.0,d5cdba69afacdbf19393051c3324a45f,cap,PartNet,3a666502c0432522a3340564b56a7f70,cap,ShapeNet,False,cap/ShapeNet/3a666502c0432522a3340564b56a7f70,cap/PartNet/d5cdba69afacdbf19393051c3324a45f,False,cap,hat,2,"['the', 'target', 'does', 'not', 'have', 'a', 'ball', 'at', 'the', 'top']",10,the target does not have a ball at the top,train,train,train,train,"[1, 10, 11, 39, 40, 84, 26, 668, 98, 10, 99, 2, 0, 0, 0, 0, 0, 0]",crown
263530,user_456,The target's brim tapers outwards.,3VSOLARPKD2O2LD4O5C4L8N7UWC93O,83.0,34dfb5af71b1f327e21800cd80ebb26f,cap,PartNet,b3ccfa337100028088f5610828331858,cap,PartNet,False,cap/PartNet/b3ccfa337100028088f5610828331858,cap/PartNet/34dfb5af71b1f327e21800cd80ebb26f,False,hat,hat,2,"['the', 'target', ""'s"", 'brim', 'tapers', 'outwards']",6,the target 's brim tapers outwards,train,train,train,train,"[1, 10, 11, 12, 601, 566, 976, 2, 0, 0, 0, 0, 0, 0, 0, 0, 0, 0]",brim
263532,user_2105,target has triangular shaped crown,3OVR4I9USRCFCGDU5LS9H852IW4Q44,28.0,34dfb5af71b1f327e21800cd80ebb26f,cap,PartNet,b3ccfa337100028088f5610828331858,cap,PartNet,False,cap/PartNet/b3ccfa337100028088f5610828331858,cap/PartNet/34dfb5af71b1f327e21800cd80ebb26f,False,hat,hat,2,"['target', 'has', 'triangular', 'shaped', 'crown']",5,target has triangular shaped crown,train,train,train,train,"[1, 11, 24, 564, 14, 606, 2, 0, 0, 0, 0, 0, 0, 0, 0, 0, 0, 0]",crown
263535,user_1644,It does not have a brim.,3WR9XG3T65456Y8F9MJ3HHO7D5M74V,17.0,a826c25abe5d1e4b6c57e21624dd9952,cap,PartNet,dd2d95b294a7a8b4fa5b6212657ae4a4,cap,ShapeNet,False,cap/ShapeNet/dd2d95b294a7a8b4fa5b6212657ae4a4,cap/PartNet/a826c25abe5d1e4b6c57e21624dd9952,False,cap,hat,2,"['it', 'does', 'not', 'have', 'a', 'brim']",6,it does not have a brim,val,train,val,train,"[1, 23, 39, 40, 84, 26, 601, 2, 0, 0, 0, 0, 0, 0, 0, 0, 0, 0]",brim
263536,user_1123,The hat brim is wavy and wrinkled.,3WETL7AQWV151YBSLFZN9SI58ZT53R,70.0,bf120175fed89392954cc04e9b526b85,cap,PartNet,f257051157caf99f9a2840934f7f84bc,cap,PartNet,False,cap/PartNet/f257051157caf99f9a2840934f7f84bc,cap/PartNet/bf120175fed89392954cc04e9b526b85,True,hat,hat,2,"['the', 'hat', 'brim', 'is', 'wavy', 'and', 'wrinkled']",7,the hat brim is wavy and wrinkled,train,train,train,train,"[1, 10, 602, 601, 7, 660, 47, 1855, 2, 0, 0, 0, 0, 0, 0, 0, 0, 0]",brim
263538,user_1644,The brim is thinner.,34J10VATJHR9KNC9QAUDB9FLNDEIQI,40.0,bf120175fed89392954cc04e9b526b85,cap,PartNet,f257051157caf99f9a2840934f7f84bc,cap,PartNet,False,cap/PartNet/f257051157caf99f9a2840934f7f84bc,cap/PartNet/bf120175fed89392954cc04e9b526b85,True,hat,hat,2,"['the', 'brim', 'is', 'thin', '-er']",5,the brim is thin -er,train,train,train,train,"[1, 10, 601, 7, 60, 9, 2, 0, 0, 0, 0, 0, 0, 0, 0, 0, 0, 0]",brim
263539,user_203,The diameter of the crown is larger.,39RP059MEJM8C00BS7VF8DR3IN4MBZ,62.0,b9be3ecb04284bebdde3c649189c2dd4,cap,PartNet,d0313cadc2b4b2cc1372a4afda9e2f07,cap,PartNet,False,cap/PartNet/d0313cadc2b4b2cc1372a4afda9e2f07,cap/PartNet/b9be3ecb04284bebdde3c649189c2dd4,True,hat,hat,2,"['the', 'diameter', 'of', 'the', 'crown', 'is', 'large', '-er']",8,the diameter of the crown is large -er,train,train,train,train,"[1, 10, 268, 38, 10, 606, 7, 94, 9, 2, 0, 0, 0, 0, 0, 0, 0, 0]",crown
263541,user_2105,target has more crown area space,3X73LLYYQ37OLVOX40KB73J1IQ5NH2,54.0,b9be3ecb04284bebdde3c649189c2dd4,cap,PartNet,d0313cadc2b4b2cc1372a4afda9e2f07,cap,PartNet,False,cap/PartNet/d0313cadc2b4b2cc1372a4afda9e2f07,cap/PartNet/b9be3ecb04284bebdde3c649189c2dd4,True,hat,hat,2,"['target', 'has', 'more', 'crown', 'area', 'space']",6,target has more crown area space,train,train,train,train,"[1, 11, 24, 34, 606, 590, 744, 2, 0, 0, 0, 0, 0, 0, 0, 0, 0, 0]",crown
263545,user_156,Its brim has a crease down its center.,3PXX5PX6LZR7AZRMV45AZMW3O59ABV,43.0,a1194f613435ee2d8ffc94a6ce28be5e,cap,PartNet,1fd62459ef715e71617fb5e58b4b0232,cap,ShapeNet,False,cap/ShapeNet/1fd62459ef715e71617fb5e58b4b0232,cap/PartNet/a1194f613435ee2d8ffc94a6ce28be5e,True,cap,hat,2,"['its', 'brim', 'has', 'a', 'crease', 'down', 'its', 'center']",8,its brim has a crease down its center,test,train,test,train,"[1, 5, 601, 24, 26, 766, 44, 5, 165, 2, 0, 0, 0, 0, 0, 0, 0, 0]",brim
263546,user_786,Its crown's top has a large saddle-shaped depression,3MB8LZR5BHMPZLMKY87T73V45CPLKI,97.0,a1194f613435ee2d8ffc94a6ce28be5e,cap,PartNet,1fd62459ef715e71617fb5e58b4b0232,cap,ShapeNet,False,cap/ShapeNet/1fd62459ef715e71617fb5e58b4b0232,cap/PartNet/a1194f613435ee2d8ffc94a6ce28be5e,True,cap,hat,2,"['its', 'crown', ""'s"", 'top', 'has', 'a', 'large', 'saddle', 'shaped', 'depression']",10,its crown 's top has a large saddle shaped depression,test,train,test,train,"[1, 5, 606, 12, 99, 24, 26, 94, 2356, 14, 1662, 2, 0, 0, 0, 0, 0, 0]",crown
263547,user_1143,The target has not got a smooth top,3FE2ERCCZZ1YGXMXOSSTV1LXUQSPOU,162.0,a1194f613435ee2d8ffc94a6ce28be5e,cap,PartNet,1fd62459ef715e71617fb5e58b4b0232,cap,ShapeNet,False,cap/ShapeNet/1fd62459ef715e71617fb5e58b4b0232,cap/PartNet/a1194f613435ee2d8ffc94a6ce28be5e,True,cap,hat,2,"['the', 'target', 'has', 'not', 'got', 'a', 'smooth', 'top']",8,the target has not got a smooth top,test,train,test,train,"[1, 10, 11, 24, 40, 2111, 26, 379, 99, 2, 0, 0, 0, 0, 0, 0, 0, 0]",crown
263548,user_677,It is a tophat,3N1FSUEFL7TLN79P0ZMPH9Y3ZHX4DV,65.0,8670ef4375bbb95568b8a8e5babef621,cap,PartNet,b5a6c597fefeaa0598095901ddb7e8e7,cap,PartNet,False,cap/PartNet/b5a6c597fefeaa0598095901ddb7e8e7,cap/PartNet/8670ef4375bbb95568b8a8e5babef621,False,hat,hat,2,"['it', 'is', 'a', 'tophet']",4,it is a tophet,train,train,train,train,"[1, 23, 7, 26, 695, 2, 0, 0, 0, 0, 0, 0, 0, 0, 0, 0, 0, 0]",crown
263549,user_1633,The target is a top hat.,3LRKMWOKB7AENUZYO3SYFMK83K32ZM,19.0,8670ef4375bbb95568b8a8e5babef621,cap,PartNet,b5a6c597fefeaa0598095901ddb7e8e7,cap,PartNet,False,cap/PartNet/b5a6c597fefeaa0598095901ddb7e8e7,cap/PartNet/8670ef4375bbb95568b8a8e5babef621,False,hat,hat,2,"['the', 'target', 'is', 'a', 'top', 'hat']",6,the target is a top hat,train,train,train,train,"[1, 10, 11, 7, 26, 99, 602, 2, 0, 0, 0, 0, 0, 0, 0, 0, 0, 0]",crown
263550,user_1644,The crown is not pointed.,3RJSC4XJ12N9K6CV2SH47UKY5NB50Y,30.0,8670ef4375bbb95568b8a8e5babef621,cap,PartNet,b5a6c597fefeaa0598095901ddb7e8e7,cap,PartNet,False,cap/PartNet/b5a6c597fefeaa0598095901ddb7e8e7,cap/PartNet/8670ef4375bbb95568b8a8e5babef621,False,hat,hat,2,"['the', 'crown', 'is', 'not', 'pointed']",5,the crown is not pointed,train,train,train,train,"[1, 10, 606, 7, 40, 387, 2, 0, 0, 0, 0, 0, 0, 0, 0, 0, 0, 0]",crown
263551,user_865,Target decorative vertical lines on brim,3Z7EFSHGNB72GHRLKETJUEDJ7BNXCY,563.0,87c240c20a772f51e6e812c94ac516eb,cap,PartNet,2c67d217a62c320ce4b96e37c6ed18f3,cap,PartNet,False,cap/PartNet/2c67d217a62c320ce4b96e37c6ed18f3,cap/PartNet/87c240c20a772f51e6e812c94ac516eb,False,hat,hat,2,"['target', 'decorative', 'vertical', 'lines', 'on', 'brim']",6,target decorative vertical lines on brim,test,train,test,train,"[1, 11, 216, 283, 398, 20, 601, 2, 0, 0, 0, 0, 0, 0, 0, 0, 0, 0]",brim
263552,user_1633,The target has a taller crown.,326O153BMKR3F96IP5Y2QVAUC5IED0,29.0,87c240c20a772f51e6e812c94ac516eb,cap,PartNet,2c67d217a62c320ce4b96e37c6ed18f3,cap,PartNet,False,cap/PartNet/2c67d217a62c320ce4b96e37c6ed18f3,cap/PartNet/87c240c20a772f51e6e812c94ac516eb,False,hat,hat,2,"['the', 'target', 'has', 'a', 'tall', '-er', 'crown']",7,the target has a tall -er crown,test,train,test,train,"[1, 10, 11, 24, 26, 53, 9, 606, 2, 0, 0, 0, 0, 0, 0, 0, 0, 0]",crown
263553,user_1644,The brim is thicker.,36AHBNMV1T51LEN9P6AWXY2AUHNDYE,22.0,87c240c20a772f51e6e812c94ac516eb,cap,PartNet,2c67d217a62c320ce4b96e37c6ed18f3,cap,PartNet,False,cap/PartNet/2c67d217a62c320ce4b96e37c6ed18f3,cap/PartNet/87c240c20a772f51e6e812c94ac516eb,False,hat,hat,2,"['the', 'brim', 'is', 'thick', '-er']",5,the brim is thick -er,test,train,test,train,"[1, 10, 601, 7, 54, 9, 2, 0, 0, 0, 0, 0, 0, 0, 0, 0, 0, 0]",brim
263554,user_786,Its crown does NOT have a star at the front center,3ZPBJO59KRUFZJXKF668BY774LAHDJ,61.0,587e59afe62ea145f0d11ae402ef940e,cap,PartNet,deb19c41bc1e4ba5c8727b27ee96a4b7,cap,PartNet,False,cap/PartNet/deb19c41bc1e4ba5c8727b27ee96a4b7,cap/PartNet/587e59afe62ea145f0d11ae402ef940e,True,hat,hat,2,"['its', 'crown', 'does', 'not', 'have', 'a', 'star', 'at', 'the', 'front', 'center']",11,its crown does not have a star at the front center,train,train,train,train,"[1, 5, 606, 39, 40, 84, 26, 683, 98, 10, 37, 165, 2, 0, 0, 0, 0, 0]",crown
263558,user_1644,It does not have a button at the top.,3ZV9H2YQQF0ZEHQCHGMWZSVISWZ3W8,56.0,6cfb76b40fc41da2a6e67635b9d1cee5,cap,ShapeNet,3a666502c0432522a3340564b56a7f70,cap,ShapeNet,False,cap/ShapeNet/3a666502c0432522a3340564b56a7f70,cap/ShapeNet/6cfb76b40fc41da2a6e67635b9d1cee5,True,cap,cap,2,"['it', 'does', 'not', 'have', 'a', 'button', 'at', 'the', 'top']",9,it does not have a button at the top,train,train,train,train,"[1, 23, 39, 40, 84, 26, 596, 98, 10, 99, 2, 0, 0, 0, 0, 0, 0, 0]",crown
263560,user_786,Its crown looks more crumpled,320DUZ38G9FE29215WA1TWQJU61JG9,130.0,e1c16d76fa8d0289bcbb5732017b0d93,cap,PartNet,750d92eefed5179676bb31db0358e9c6,cap,PartNet,False,cap/PartNet/750d92eefed5179676bb31db0358e9c6,cap/PartNet/e1c16d76fa8d0289bcbb5732017b0d93,True,hat,hat,2,"['its', 'crown', 'looks', 'more', 'crumpled']",5,its crown looks more crumpled,train,train,train,train,"[1, 5, 606, 33, 34, 2029, 2, 0, 0, 0, 0, 0, 0, 0, 0, 0, 0, 0]",crown
263561,user_865,Target has a decorative button atop the crown,3PJ71Z61R6VSSIZP11YLXF8AWB419S,370.0,e1c16d76fa8d0289bcbb5732017b0d93,cap,PartNet,750d92eefed5179676bb31db0358e9c6,cap,PartNet,False,cap/PartNet/750d92eefed5179676bb31db0358e9c6,cap/PartNet/e1c16d76fa8d0289bcbb5732017b0d93,True,hat,hat,2,"['target', 'has', 'a', 'decorative', 'button', 'atop', 'the', 'crown']",8,target has a decorative button atop the crown,train,train,train,train,"[1, 11, 24, 26, 216, 596, 532, 10, 606, 2, 0, 0, 0, 0, 0, 0, 0, 0]",crown
263563,user_1633,The target has a shorter crown.,3Z2R0DQ0JJ7GCZ82SGELUCJQFET2EF,27.0,fc4bf4203c69da43b5c87aa520cf194f,cap,PartNet,a826c25abe5d1e4b6c57e21624dd9952,cap,PartNet,False,cap/PartNet/a826c25abe5d1e4b6c57e21624dd9952,cap/PartNet/fc4bf4203c69da43b5c87aa520cf194f,True,hat,hat,2,"['the', 'target', 'has', 'a', 'short', '-er', 'crown']",7,the target has a short -er crown,train,train,train,train,"[1, 10, 11, 24, 26, 8, 9, 606, 2, 0, 0, 0, 0, 0, 0, 0, 0, 0]",crown
263564,user_1644,The crown is wider.,3GNCZX450KG9ETSWE9NBU61S5A7PAG,29.0,fc4bf4203c69da43b5c87aa520cf194f,cap,PartNet,a826c25abe5d1e4b6c57e21624dd9952,cap,PartNet,False,cap/PartNet/a826c25abe5d1e4b6c57e21624dd9952,cap/PartNet/fc4bf4203c69da43b5c87aa520cf194f,True,hat,hat,2,"['the', 'crown', 'is', 'wide', '-er']",5,the crown is wide -er,train,train,train,train,"[1, 10, 606, 7, 83, 9, 2, 0, 0, 0, 0, 0, 0, 0, 0, 0, 0, 0]",crown
263565,user_2105,target has thicker brim,3I02618YA2ZTT26UKE42U7DMCD8PU1,29.0,fc4bf4203c69da43b5c87aa520cf194f,cap,PartNet,a826c25abe5d1e4b6c57e21624dd9952,cap,PartNet,False,cap/PartNet/a826c25abe5d1e4b6c57e21624dd9952,cap/PartNet/fc4bf4203c69da43b5c87aa520cf194f,True,hat,hat,2,"['target', 'has', 'thick', '-er', 'brim']",5,target has thick -er brim,train,train,train,train,"[1, 11, 24, 54, 9, 601, 2, 0, 0, 0, 0, 0, 0, 0, 0, 0, 0, 0]",brim
263570,user_1689,There is no button at its top.,3EFE17QCREYL18G2CW1X6XT75OJHSC,192.0,8338e10954ae6c5296b84415a3f1393b,cap,ShapeNet,1e749b3d20c65ef25c2a2c970803cfe2,cap,PartNet,False,cap/PartNet/1e749b3d20c65ef25c2a2c970803cfe2,cap/ShapeNet/8338e10954ae6c5296b84415a3f1393b,True,hat,cap,2,"['there', 'is', 'no', 'button', 'at', 'its', 'top']",7,there is no button at its top,train,train,train,train,"[1, 15, 7, 123, 596, 98, 5, 99, 2, 0, 0, 0, 0, 0, 0, 0, 0, 0]",crown
263581,user_203,It has a brim instead of a visor or bill.,3YMU66OBIP1IB37BHW7GHJA4HE6HGB,39.0,9bd54e0123d3cd70a52821bf1aa3b19a,cap,ShapeNet,b968eb697fbce2d76bb31db0358e9c6,cap,PartNet,False,cap/PartNet/b968eb697fbce2d76bb31db0358e9c6,cap/ShapeNet/9bd54e0123d3cd70a52821bf1aa3b19a,False,hat,cap,2,"['it', 'has', 'a', 'brim', 'instead', 'of', 'a', 'visor', 'or', 'bill']",10,it has a brim instead of a visor or bill,train,train,train,train,"[1, 23, 24, 26, 601, 97, 38, 26, 605, 124, 603, 2, 0, 0, 0, 0, 0, 0]",brim
263582,user_1644,It does not have a logo on the crown.,3U4J9857OG4PRXTOO1TQPVUDNX67B4,50.0,9bd54e0123d3cd70a52821bf1aa3b19a,cap,ShapeNet,b968eb697fbce2d76bb31db0358e9c6,cap,PartNet,False,cap/PartNet/b968eb697fbce2d76bb31db0358e9c6,cap/ShapeNet/9bd54e0123d3cd70a52821bf1aa3b19a,False,hat,cap,2,"['it', 'does', 'not', 'have', 'a', 'logo', 'on', 'the', 'crown']",9,it does not have a logo on the crown,train,train,train,train,"[1, 23, 39, 40, 84, 26, 604, 20, 10, 606, 2, 0, 0, 0, 0, 0, 0, 0]",crown
263583,user_1964,there is no button on top,3ND9UOO81MVGULG1NMQWVEPZSIPLW3,28.0,9bd54e0123d3cd70a52821bf1aa3b19a,cap,ShapeNet,b968eb697fbce2d76bb31db0358e9c6,cap,PartNet,False,cap/PartNet/b968eb697fbce2d76bb31db0358e9c6,cap/ShapeNet/9bd54e0123d3cd70a52821bf1aa3b19a,False,hat,cap,2,"['there', 'is', 'no', 'button', 'on', 'top']",6,there is no button on top,train,train,train,train,"[1, 15, 7, 123, 596, 20, 99, 2, 0, 0, 0, 0, 0, 0, 0, 0, 0, 0]",crown
263584,user_203,The crown is taller.,3IO1LGZLKBQNLZHC2F4OSF4GKH1869,46.0,e1c16d76fa8d0289bcbb5732017b0d93,cap,PartNet,5dbe1341bec2f70cf0d11ae402ef940e,cap,PartNet,False,cap/PartNet/5dbe1341bec2f70cf0d11ae402ef940e,cap/PartNet/e1c16d76fa8d0289bcbb5732017b0d93,False,hat,hat,2,"['the', 'crown', 'is', 'tall', '-er']",5,the crown is tall -er,train,train,train,train,"[1, 10, 606, 7, 53, 9, 2, 0, 0, 0, 0, 0, 0, 0, 0, 0, 0, 0]",crown
263585,user_1644,The top of the crown is flatter.,3KJYX6QCMB4XK6SWUR9NTXTTHL3JVC,22.0,e1c16d76fa8d0289bcbb5732017b0d93,cap,PartNet,5dbe1341bec2f70cf0d11ae402ef940e,cap,PartNet,False,cap/PartNet/5dbe1341bec2f70cf0d11ae402ef940e,cap/PartNet/e1c16d76fa8d0289bcbb5732017b0d93,False,hat,hat,2,"['the', 'top', 'of', 'the', 'crown', 'is', 'flat', '-er']",8,the top of the crown is flat -er,train,train,train,train,"[1, 10, 99, 38, 10, 606, 7, 129, 9, 2, 0, 0, 0, 0, 0, 0, 0, 0]",crown
263586,user_2105,target has taller crown height,3FTOP5WARHHHR5RGRULY8433NPWJ0Q,369.0,e1c16d76fa8d0289bcbb5732017b0d93,cap,PartNet,5dbe1341bec2f70cf0d11ae402ef940e,cap,PartNet,False,cap/PartNet/5dbe1341bec2f70cf0d11ae402ef940e,cap/PartNet/e1c16d76fa8d0289bcbb5732017b0d93,False,hat,hat,2,"['target', 'has', 'tall', '-er', 'crown', 'height']",6,target has tall -er crown height,train,train,train,train,"[1, 11, 24, 53, 9, 606, 117, 2, 0, 0, 0, 0, 0, 0, 0, 0, 0, 0]",crown
263588,user_1644,The crown at the top is smaller.,3X4JMASXCO2B9MT4328HAGKQFJWB04,38.0,e43656f7922bb7573d73b22cbe25cea9,cap,PartNet,8947e6433332d6a7ae642d04749e35b4,cap,PartNet,False,cap/PartNet/8947e6433332d6a7ae642d04749e35b4,cap/PartNet/e43656f7922bb7573d73b22cbe25cea9,True,hat,hat,2,"['the', 'crown', 'at', 'the', 'top', 'is', 'small', '-er']",8,the crown at the top is small -er,train,train,train,train,"[1, 10, 606, 98, 10, 99, 7, 111, 9, 2, 0, 0, 0, 0, 0, 0, 0, 0]",crown
263590,user_1529,The top is completely flat.,3QBD8R3Z23CCR40EQ805S3A23VOO4W,128.0,88adc86cf9004a01ed43c5a21cb8b385,cap,PartNet,8947e6433332d6a7ae642d04749e35b4,cap,PartNet,False,cap/PartNet/8947e6433332d6a7ae642d04749e35b4,cap/PartNet/88adc86cf9004a01ed43c5a21cb8b385,False,hat,hat,2,"['the', 'top', 'is', 'completely', 'flat']",5,the top is completely flat,train,train,train,train,"[1, 10, 99, 7, 169, 129, 2, 0, 0, 0, 0, 0, 0, 0, 0, 0, 0, 0]",crown
263591,user_1633,The target does not have a poof-ball on top.,3ZAK8W07I67Q5L2A3TPCF6CE442U03,28.0,88adc86cf9004a01ed43c5a21cb8b385,cap,PartNet,8947e6433332d6a7ae642d04749e35b4,cap,PartNet,False,cap/PartNet/8947e6433332d6a7ae642d04749e35b4,cap/PartNet/88adc86cf9004a01ed43c5a21cb8b385,False,hat,hat,2,"['the', 'target', 'does', 'not', 'have', 'a', 'poof', 'ball', 'on', 'top']",10,the target does not have a poof ball on top,train,train,train,train,"[1, 10, 11, 39, 40, 84, 26, 5099, 668, 20, 99, 2, 0, 0, 0, 0, 0, 0]",crown
263593,user_90,It has a taller crown,3VNXK88KKEB8EUFN8FIA43FQLGXV9Z,61.0,c5d20fc28adf769b1802624b30ec569e,cap,PartNet,21449a5560e5482d12fcd71c55eb9d74,cap,PartNet,False,cap/PartNet/21449a5560e5482d12fcd71c55eb9d74,cap/PartNet/c5d20fc28adf769b1802624b30ec569e,True,hat,hat,2,"['it', 'has', 'a', 'tall', '-er', 'crown']",6,it has a tall -er crown,train,train,train,train,"[1, 23, 24, 26, 53, 9, 606, 2, 0, 0, 0, 0, 0, 0, 0, 0, 0, 0]",crown
263594,user_786,Its crown is slightly taller,3S06PH7KSTX4V8C6DH3NJBR0NXND1R,61.0,c5d20fc28adf769b1802624b30ec569e,cap,PartNet,21449a5560e5482d12fcd71c55eb9d74,cap,PartNet,False,cap/PartNet/21449a5560e5482d12fcd71c55eb9d74,cap/PartNet/c5d20fc28adf769b1802624b30ec569e,True,hat,hat,2,"['its', 'crown', 'is', 'slightly', 'tall', '-er']",6,its crown is slightly tall -er,train,train,train,train,"[1, 5, 606, 7, 174, 53, 9, 2, 0, 0, 0, 0, 0, 0, 0, 0, 0, 0]",crown
263595,user_1644,The top of the crown is flat.,33LK57MYLVY7STGWII7464XC1E1ZSL,32.0,c5d20fc28adf769b1802624b30ec569e,cap,PartNet,21449a5560e5482d12fcd71c55eb9d74,cap,PartNet,False,cap/PartNet/21449a5560e5482d12fcd71c55eb9d74,cap/PartNet/c5d20fc28adf769b1802624b30ec569e,True,hat,hat,2,"['the', 'top', 'of', 'the', 'crown', 'is', 'flat']",7,the top of the crown is flat,train,train,train,train,"[1, 10, 99, 38, 10, 606, 7, 129, 2, 0, 0, 0, 0, 0, 0, 0, 0, 0]",crown
263596,user_203,The crown is not as tall.,3TMFV4NEPA7LFEWITXHSQ93T8JYW82,45.0,1e749b3d20c65ef25c2a2c970803cfe2,cap,PartNet,ed52d2c2a9c1b606cf9bbc203a5cff99,cap,ShapeNet,False,cap/ShapeNet/ed52d2c2a9c1b606cf9bbc203a5cff99,cap/PartNet/1e749b3d20c65ef25c2a2c970803cfe2,True,cap,hat,2,"['the', 'crown', 'is', 'not', 'as', 'tall']",6,the crown is not as tall,train,train,train,train,"[1, 10, 606, 7, 40, 52, 53, 2, 0, 0, 0, 0, 0, 0, 0, 0, 0, 0]",crown
263598,user_1644,The crown is shorter.,3QAPZX2QN66HL9T8K9F69NHMLDK02S,23.0,1e749b3d20c65ef25c2a2c970803cfe2,cap,PartNet,ed52d2c2a9c1b606cf9bbc203a5cff99,cap,ShapeNet,False,cap/ShapeNet/ed52d2c2a9c1b606cf9bbc203a5cff99,cap/PartNet/1e749b3d20c65ef25c2a2c970803cfe2,True,cap,hat,2,"['the', 'crown', 'is', 'short', '-er']",5,the crown is short -er,train,train,train,train,"[1, 10, 606, 7, 8, 9, 2, 0, 0, 0, 0, 0, 0, 0, 0, 0, 0, 0]",crown
263599,user_865,Target has less wide brim,3HL8HNGX47UJIXTX80D6MHC4XMPF9B,231.0,2b1a1d63bd7e931c12a8043ef6529707,cap,PartNet,7b168dc388c25bcc9dbdf196435b6c26,cap,PartNet,False,cap/PartNet/7b168dc388c25bcc9dbdf196435b6c26,cap/PartNet/2b1a1d63bd7e931c12a8043ef6529707,False,hat,hat,2,"['target', 'has', 'less', 'wide', 'brim']",5,target has less wide brim,val,train,val,train,"[1, 11, 24, 229, 83, 601, 2, 0, 0, 0, 0, 0, 0, 0, 0, 0, 0, 0]",brim
263600,user_920,The target's brim is thinner.,3Y9N9SS8L0405BQL0LH6746XLGTD39,36.0,2b1a1d63bd7e931c12a8043ef6529707,cap,PartNet,7b168dc388c25bcc9dbdf196435b6c26,cap,PartNet,False,cap/PartNet/7b168dc388c25bcc9dbdf196435b6c26,cap/PartNet/2b1a1d63bd7e931c12a8043ef6529707,False,hat,hat,2,"['the', 'target', ""'s"", 'brim', 'is', 'thin', '-er']",7,the target 's brim is thin -er,val,train,val,train,"[1, 10, 11, 12, 601, 7, 60, 9, 2, 0, 0, 0, 0, 0, 0, 0, 0, 0]",brim
263601,user_1644,The brim is thinner.,31QNSG6A5TM6PZVHLP9GYT4CFRL876,18.0,2b1a1d63bd7e931c12a8043ef6529707,cap,PartNet,7b168dc388c25bcc9dbdf196435b6c26,cap,PartNet,False,cap/PartNet/7b168dc388c25bcc9dbdf196435b6c26,cap/PartNet/2b1a1d63bd7e931c12a8043ef6529707,False,hat,hat,2,"['the', 'brim', 'is', 'thin', '-er']",5,the brim is thin -er,val,train,val,train,"[1, 10, 601, 7, 60, 9, 2, 0, 0, 0, 0, 0, 0, 0, 0, 0, 0, 0]",brim
263603,user_865,Target has a fish tale like brim,3ZDAD0O1T36J2YTW60O9JODNVY1XTX,694.0,d0313cadc2b4b2cc1372a4afda9e2f07,cap,PartNet,35450ea3b3158ed6eefb4d7820758668,cap,PartNet,False,cap/PartNet/35450ea3b3158ed6eefb4d7820758668,cap/PartNet/d0313cadc2b4b2cc1372a4afda9e2f07,False,hat,hat,2,"['target', 'has', 'a', 'fish', 'tale', 'like', 'brim']",7,target has a fish tale like brim,train,train,train,train,"[1, 11, 24, 26, 1645, 4534, 35, 601, 2, 0, 0, 0, 0, 0, 0, 0, 0, 0]",brim
263604,user_1644,The crown is more pointed at the top.,3R3YRB5GRHWM6Y0SVVM54CORDQFUAV,29.0,d0313cadc2b4b2cc1372a4afda9e2f07,cap,PartNet,35450ea3b3158ed6eefb4d7820758668,cap,PartNet,False,cap/PartNet/35450ea3b3158ed6eefb4d7820758668,cap/PartNet/d0313cadc2b4b2cc1372a4afda9e2f07,False,hat,hat,2,"['the', 'crown', 'is', 'more', 'pointed', 'at', 'the', 'top']",8,the crown is more pointed at the top,train,train,train,train,"[1, 10, 606, 7, 34, 387, 98, 10, 99, 2, 0, 0, 0, 0, 0, 0, 0, 0]",crown
263606,user_1633,The target has a button on top.,37Z929RLGB1B6H7XCQIMKGWVGIETSY,30.0,47d8ea8d4f14119048908f59408795,cap,PartNet,3dec0d851cba045fbf444790f25ea3db,cap,ShapeNet,False,cap/ShapeNet/3dec0d851cba045fbf444790f25ea3db,cap/PartNet/47d8ea8d4f14119048908f59408795,False,cap,hat,2,"['the', 'target', 'has', 'a', 'button', 'on', 'top']",7,the target has a button on top,train,train,train,train,"[1, 10, 11, 24, 26, 596, 20, 99, 2, 0, 0, 0, 0, 0, 0, 0, 0, 0]",crown
263609,user_1644,The crown is shorter.,3H8DHMCCWB4619YSLR95OQNZW2EDKJ,132.0,89717260f663fe13a9d8b37b5c73935c,cap,ShapeNet,61437489633f5d167c35d3c5d3b1fcf7,cap,ShapeNet,False,cap/ShapeNet/61437489633f5d167c35d3c5d3b1fcf7,cap/ShapeNet/89717260f663fe13a9d8b37b5c73935c,True,cap,cap,2,"['the', 'crown', 'is', 'short', '-er']",5,the crown is short -er,train,train,train,train,"[1, 10, 606, 7, 8, 9, 2, 0, 0, 0, 0, 0, 0, 0, 0, 0, 0, 0]",crown
263611,user_786,Its crown's front has the letter 'K' on it,3PB5A5BD0XZLIE1Z4NL4Q6LA3BF7G4,61.0,c68d509f6d2db0bab581cc9c4410f841,cap,PartNet,d95c45cbf4d197157f0aed56a80b2a7c,cap,PartNet,False,cap/PartNet/d95c45cbf4d197157f0aed56a80b2a7c,cap/PartNet/c68d509f6d2db0bab581cc9c4410f841,False,hat,hat,2,"['its', 'crown', ""'s"", 'front', 'has', 'the', 'letter', 'k', 'on', 'it']",10,its crown 's front has the letter k on it,train,train,train,train,"[1, 5, 606, 12, 37, 24, 10, 708, 1413, 20, 23, 2, 0, 0, 0, 0, 0, 0]",crown
263616,user_2105,target has taller height crown,3VSOLARPKD2O2LD4O5C4L8N7UW593H,32.0,a0ab4dc115f1b4f3b26ac8618c0d5a9,cap,PartNet,f257051157caf99f9a2840934f7f84bc,cap,PartNet,False,cap/PartNet/f257051157caf99f9a2840934f7f84bc,cap/PartNet/a0ab4dc115f1b4f3b26ac8618c0d5a9,False,hat,hat,2,"['target', 'has', 'tall', '-er', 'height', 'crown']",6,target has tall -er height crown,train,train,train,train,"[1, 11, 24, 53, 9, 117, 606, 2, 0, 0, 0, 0, 0, 0, 0, 0, 0, 0]",crown
263617,user_1143,The target has a pointed top,3K5TEWLKGX41PV8QC9ONHWET45UVIQ,50.0,c721e05c676faf20a9aa61915b4add2d,cap,PartNet,b83d5f0b18e727abad093ea2f0d8fa84,cap,PartNet,False,cap/PartNet/b83d5f0b18e727abad093ea2f0d8fa84,cap/PartNet/c721e05c676faf20a9aa61915b4add2d,False,hat,hat,2,"['the', 'target', 'has', 'a', 'pointed', 'top']",6,the target has a pointed top,train,train,train,train,"[1, 10, 11, 24, 26, 387, 99, 2, 0, 0, 0, 0, 0, 0, 0, 0, 0, 0]",crown
263618,user_1577,comes to a point and has no brim,3EJPLAJKEO925VIZB5415Z1KJP36Z5,70.0,c721e05c676faf20a9aa61915b4add2d,cap,PartNet,b83d5f0b18e727abad093ea2f0d8fa84,cap,PartNet,False,cap/PartNet/b83d5f0b18e727abad093ea2f0d8fa84,cap/PartNet/c721e05c676faf20a9aa61915b4add2d,False,hat,hat,2,"['comes', 'to', 'a', 'point', 'and', 'has', 'no', 'brim']",8,comes to a point and has no brim,train,train,train,train,"[1, 88, 58, 26, 412, 47, 24, 123, 601, 2, 0, 0, 0, 0, 0, 0, 0, 0]",brim
263619,user_1644,The crown is pointed and taller.,33JKGHPFYENAD9P8VX0OZ8RXZBBNMG,25.0,c721e05c676faf20a9aa61915b4add2d,cap,PartNet,b83d5f0b18e727abad093ea2f0d8fa84,cap,PartNet,False,cap/PartNet/b83d5f0b18e727abad093ea2f0d8fa84,cap/PartNet/c721e05c676faf20a9aa61915b4add2d,False,hat,hat,2,"['the', 'crown', 'is', 'pointed', 'and', 'tall', '-er']",7,the crown is pointed and tall -er,train,train,train,train,"[1, 10, 606, 7, 387, 47, 53, 9, 2, 0, 0, 0, 0, 0, 0, 0, 0, 0]",crown
263620,user_920,The target's brim is thinner.,3TK8OJTYM3ET6HVUP4E7QTF5QJPPVW,40.0,6795f4e6300d5606e639776fc2bb6cca,cap,PartNet,c49d544f3743bc08d23279d7571c8868,cap,PartNet,False,cap/PartNet/c49d544f3743bc08d23279d7571c8868,cap/PartNet/6795f4e6300d5606e639776fc2bb6cca,True,hat,hat,2,"['the', 'target', ""'s"", 'brim', 'is', 'thin', '-er']",7,the target 's brim is thin -er,train,train,train,train,"[1, 10, 11, 12, 601, 7, 60, 9, 2, 0, 0, 0, 0, 0, 0, 0, 0, 0]",brim
263621,user_1644,The crown is not as wide.,3K772S5NPA4KRPBKB1HSHGPS4YWEHW,25.0,6795f4e6300d5606e639776fc2bb6cca,cap,PartNet,c49d544f3743bc08d23279d7571c8868,cap,PartNet,False,cap/PartNet/c49d544f3743bc08d23279d7571c8868,cap/PartNet/6795f4e6300d5606e639776fc2bb6cca,True,hat,hat,2,"['the', 'crown', 'is', 'not', 'as', 'wide']",6,the crown is not as wide,train,train,train,train,"[1, 10, 606, 7, 40, 52, 83, 2, 0, 0, 0, 0, 0, 0, 0, 0, 0, 0]",crown
263623,user_1529,The brim is much wider.,3BXQMRHWK1RN8Z9HSYCAD3JR78XMU2,100.0,dc06523b3413d01d3ead562a41d49338,cap,PartNet,d15cf31f7ec69e948f5635ac8b18fdb9,cap,PartNet,False,cap/PartNet/d15cf31f7ec69e948f5635ac8b18fdb9,cap/PartNet/dc06523b3413d01d3ead562a41d49338,True,hat,hat,2,"['the', 'brim', 'is', 'much', 'wide', '-er']",6,the brim is much wide -er,train,train,train,train,"[1, 10, 601, 7, 59, 83, 9, 2, 0, 0, 0, 0, 0, 0, 0, 0, 0, 0]",brim
263625,user_2105,target has point on top of crown,3DYGAII7PN1119ZD35KXK6GX9SIPQC,51.0,dc06523b3413d01d3ead562a41d49338,cap,PartNet,d15cf31f7ec69e948f5635ac8b18fdb9,cap,PartNet,False,cap/PartNet/d15cf31f7ec69e948f5635ac8b18fdb9,cap/PartNet/dc06523b3413d01d3ead562a41d49338,True,hat,hat,2,"['target', 'has', 'point', 'on', 'top', 'of', 'crown']",7,target has point on top of crown,train,train,train,train,"[1, 11, 24, 412, 20, 99, 38, 606, 2, 0, 0, 0, 0, 0, 0, 0, 0, 0]",crown
263632,user_156,Its brim does not go around its entire edge.,3TVRFO09GM8VJLLRXRMIXX361KXLXY,33.0,b0b7e7e0e34b4f79487003545673a337,cap,PartNet,50a2b464627bdf9d47bc52f33b4b7312,cap,PartNet,False,cap/PartNet/50a2b464627bdf9d47bc52f33b4b7312,cap/PartNet/b0b7e7e0e34b4f79487003545673a337,False,hat,hat,2,"['its', 'brim', 'does', 'not', 'go', 'around', 'its', 'entire', 'edge']",9,its brim does not go around its entire edge,test,train,test,train,"[1, 5, 601, 39, 40, 741, 239, 5, 516, 631, 2, 0, 0, 0, 0, 0, 0, 0]",brim
263633,user_1143,The target has a rounded top,3OVR4I9USRCFCGDU5LS9H852IVEQ4C,33.0,b0b7e7e0e34b4f79487003545673a337,cap,PartNet,50a2b464627bdf9d47bc52f33b4b7312,cap,PartNet,False,cap/PartNet/50a2b464627bdf9d47bc52f33b4b7312,cap/PartNet/b0b7e7e0e34b4f79487003545673a337,False,hat,hat,2,"['the', 'target', 'has', 'a', 'rounded', 'top']",6,the target has a rounded top,test,train,test,train,"[1, 10, 11, 24, 26, 48, 99, 2, 0, 0, 0, 0, 0, 0, 0, 0, 0, 0]",crown
263634,user_1633,The target has a button on top.,3C6FJU71TSMN2GYVB10L7Y6YGHIUY5,24.0,b0b7e7e0e34b4f79487003545673a337,cap,PartNet,50a2b464627bdf9d47bc52f33b4b7312,cap,PartNet,False,cap/PartNet/50a2b464627bdf9d47bc52f33b4b7312,cap/PartNet/b0b7e7e0e34b4f79487003545673a337,False,hat,hat,2,"['the', 'target', 'has', 'a', 'button', 'on', 'top']",7,the target has a button on top,test,train,test,train,"[1, 10, 11, 24, 26, 596, 20, 99, 2, 0, 0, 0, 0, 0, 0, 0, 0, 0]",crown
263636,user_786,"It has a front-only visor, NOT an encircling brim",3K772S5NPA4KRPBKB1HSHGPS4YJEHJ,118.0,8670ef4375bbb95568b8a8e5babef621,cap,PartNet,2a46cf234503f21b3c91c1204c720f19,cap,PartNet,False,cap/PartNet/2a46cf234503f21b3c91c1204c720f19,cap/PartNet/8670ef4375bbb95568b8a8e5babef621,False,hat,hat,2,"['it', 'has', 'a', 'front', 'only', 'visor', 'not', 'an', 'encircling', 'brim']",10,it has a front only visor not an encircling brim,test,train,test,train,"[1, 23, 24, 26, 37, 133, 605, 40, 72, 625, 601, 2, 0, 0, 0, 0, 0, 0]",brim
263638,user_203,There is a decorative attachment on the crown.,3L4PIM1GQV9VMO6E775G2NJE9JHYRA,80.0,14103d87f108ab847cb2a55fa21392b7,cap,PartNet,647864ea6669f539379c6a1d59ef7283,cap,PartNet,False,cap/PartNet/647864ea6669f539379c6a1d59ef7283,cap/PartNet/14103d87f108ab847cb2a55fa21392b7,False,hat,hat,2,"['there', 'is', 'a', 'decorative', 'attachment', 'on', 'the', 'crown']",8,there is a decorative attachment on the crown,train,train,train,train,"[1, 15, 7, 26, 216, 335, 20, 10, 606, 2, 0, 0, 0, 0, 0, 0, 0, 0]",crown
263641,user_1529,The crown is a perfect cylinder.,3JPSL1DZ5US9B8GJYUAJQHWX5ULNAV,61.0,64802051170909e71fabf3cbd0fc77bc,cap,PartNet,6795f4e6300d5606e639776fc2bb6cca,cap,PartNet,False,cap/PartNet/6795f4e6300d5606e639776fc2bb6cca,cap/PartNet/64802051170909e71fabf3cbd0fc77bc,False,hat,hat,2,"['the', 'crown', 'is', 'a', 'perfect', 'cylinder']",6,the crown is a perfect cylinder,train,train,train,train,"[1, 10, 606, 7, 26, 688, 66, 2, 0, 0, 0, 0, 0, 0, 0, 0, 0, 0]",crown
263642,user_1633,The target is flat on top.,37UEWGM5HV1YWIVBVIY7O0842X51RA,24.0,64802051170909e71fabf3cbd0fc77bc,cap,PartNet,6795f4e6300d5606e639776fc2bb6cca,cap,PartNet,False,cap/PartNet/6795f4e6300d5606e639776fc2bb6cca,cap/PartNet/64802051170909e71fabf3cbd0fc77bc,False,hat,hat,2,"['the', 'target', 'is', 'flat', 'on', 'top']",6,the target is flat on top,train,train,train,train,"[1, 10, 11, 7, 129, 20, 99, 2, 0, 0, 0, 0, 0, 0, 0, 0, 0, 0]",crown
263644,user_786,"Its crowns peak is pointy, NOT flat",3NLZY2D53RIBAOKFBDRQ3P7D4HBLQ2,81.0,60153b9c1dc500a93d8dd242efdcdeb,cap,PartNet,320573ba807dc5578c26f7b0dfd20a86,cap,PartNet,False,cap/PartNet/320573ba807dc5578c26f7b0dfd20a86,cap/PartNet/60153b9c1dc500a93d8dd242efdcdeb,True,hat,hat,2,"['its', 'crowns', 'peak', 'is', 'pointy', 'not', 'flat']",7,its crowns peak is pointy not flat,train,train,train,train,"[1, 5, 652, 2148, 7, 397, 40, 129, 2, 0, 0, 0, 0, 0, 0, 0, 0, 0]",crown
263645,user_1644,It does not have a brim.,3RSDURM96CF6DK19L1LG3GKVUTOEY8,92.0,60153b9c1dc500a93d8dd242efdcdeb,cap,PartNet,320573ba807dc5578c26f7b0dfd20a86,cap,PartNet,False,cap/PartNet/320573ba807dc5578c26f7b0dfd20a86,cap/PartNet/60153b9c1dc500a93d8dd242efdcdeb,True,hat,hat,2,"['it', 'does', 'not', 'have', 'a', 'brim']",6,it does not have a brim,train,train,train,train,"[1, 23, 39, 40, 84, 26, 601, 2, 0, 0, 0, 0, 0, 0, 0, 0, 0, 0]",brim
263648,user_1529,The bottom of the crown tapers slightly into the visor.,30LB5CDZNE37RKWK9GOKWYRT6MHZ0X,153.0,3957332e2d23ff61ce2704286124606b,cap,ShapeNet,fa8124cce25881004fcdbc2114c724fa,cap,PartNet,False,cap/PartNet/fa8124cce25881004fcdbc2114c724fa,cap/ShapeNet/3957332e2d23ff61ce2704286124606b,True,hat,cap,2,"['the', 'bottom', 'of', 'the', 'crown', 'tapers', 'slightly', 'into', 'the', 'visor']",10,the bottom of the crown tapers slightly into the visor,train,train,train,train,"[1, 10, 76, 38, 10, 606, 566, 174, 148, 10, 605, 2, 0, 0, 0, 0, 0, 0]",crown
263650,user_203,The crown is not as long.,3PJ71Z61R6VSSIZP11YLXF8AWC719X,144.0,dc06523b3413d01d3ead562a41d49338,cap,PartNet,40f0c6599f0be25fce01c07526cf2aa4,cap,ShapeNet,False,cap/ShapeNet/40f0c6599f0be25fce01c07526cf2aa4,cap/PartNet/dc06523b3413d01d3ead562a41d49338,True,cap,hat,2,"['the', 'crown', 'is', 'not', 'as', 'long']",6,the crown is not as long,train,train,train,train,"[1, 10, 606, 7, 40, 52, 32, 2, 0, 0, 0, 0, 0, 0, 0, 0, 0, 0]",crown
263651,user_1644,The crown has eyelets.,3OLF68YTNBUXNG3206R6ICNO346AFK,24.0,dc06523b3413d01d3ead562a41d49338,cap,PartNet,40f0c6599f0be25fce01c07526cf2aa4,cap,ShapeNet,False,cap/ShapeNet/40f0c6599f0be25fce01c07526cf2aa4,cap/PartNet/dc06523b3413d01d3ead562a41d49338,True,cap,hat,2,"['the', 'crown', 'has', 'eyelets']",4,the crown has eyelets,train,train,train,train,"[1, 10, 606, 24, 750, 2, 0, 0, 0, 0, 0, 0, 0, 0, 0, 0, 0, 0]",crown
263652,user_2105,target has button on top of crown,3LRLIPTPES2832VG1HI3YPFTB0AAK9,28.0,dc06523b3413d01d3ead562a41d49338,cap,PartNet,40f0c6599f0be25fce01c07526cf2aa4,cap,ShapeNet,False,cap/ShapeNet/40f0c6599f0be25fce01c07526cf2aa4,cap/PartNet/dc06523b3413d01d3ead562a41d49338,True,cap,hat,2,"['target', 'has', 'button', 'on', 'top', 'of', 'crown']",7,target has button on top of crown,train,train,train,train,"[1, 11, 24, 596, 20, 99, 38, 606, 2, 0, 0, 0, 0, 0, 0, 0, 0, 0]",crown
263657,user_1644,The crown is taller.,3A4NIXBJ78SKP9MNJKK9MGN8UGBLMC,24.0,2b1a1d63bd7e931c12a8043ef6529707,cap,PartNet,26ded18f7b1ad4c83a444f07ecb8c124,cap,PartNet,False,cap/PartNet/26ded18f7b1ad4c83a444f07ecb8c124,cap/PartNet/2b1a1d63bd7e931c12a8043ef6529707,True,hat,hat,2,"['the', 'crown', 'is', 'tall', '-er']",5,the crown is tall -er,train,train,train,train,"[1, 10, 606, 7, 53, 9, 2, 0, 0, 0, 0, 0, 0, 0, 0, 0, 0, 0]",crown
263658,user_2105,target has thinner brim,32M8BPYGAVFI7YIVNEP1HVBJHRYIGI,32.0,2b1a1d63bd7e931c12a8043ef6529707,cap,PartNet,26ded18f7b1ad4c83a444f07ecb8c124,cap,PartNet,False,cap/PartNet/26ded18f7b1ad4c83a444f07ecb8c124,cap/PartNet/2b1a1d63bd7e931c12a8043ef6529707,True,hat,hat,2,"['target', 'has', 'thin', '-er', 'brim']",5,target has thin -er brim,train,train,train,train,"[1, 11, 24, 60, 9, 601, 2, 0, 0, 0, 0, 0, 0, 0, 0, 0, 0, 0]",brim
263664,user_786,"Its crown's front center has a square, NOT letters",33CID57106MJ3NEDD2FUQHE2UPV3LF,65.0,8338e10954ae6c5296b84415a3f1393b,cap,ShapeNet,a3d8771740fd7630afd6b353b2d4958f,cap,ShapeNet,False,cap/ShapeNet/a3d8771740fd7630afd6b353b2d4958f,cap/ShapeNet/8338e10954ae6c5296b84415a3f1393b,True,cap,cap,2,"['its', 'crown', ""'s"", 'front', 'center', 'has', 'a', 'square', 'not', 'letters']",10,its crown 's front center has a square not letters,train,train,train,train,"[1, 5, 606, 12, 37, 165, 24, 26, 50, 40, 1874, 2, 0, 0, 0, 0, 0, 0]",crown
263667,user_1644,It has a brim binding.,3NXNZ5RS1CQ634ERQHFUYPZNZXZ79Q,105.0,ce9fbdd20598b670548ef619bebf2d75,cap,PartNet,18387b36aa7b2d4af0d11ae402ef940e,cap,ShapeNet,False,cap/ShapeNet/18387b36aa7b2d4af0d11ae402ef940e,cap/PartNet/ce9fbdd20598b670548ef619bebf2d75,True,cap,hat,2,"['it', 'has', 'a', 'brim', 'binding']",5,it has a brim binding,train,train,train,train,"[1, 23, 24, 26, 601, 3330, 2, 0, 0, 0, 0, 0, 0, 0, 0, 0, 0, 0]",brim
263670,user_156,Its crown is dome shaped.,3UJ1CZ6IZJI9LFW7BU0OH0QH0FU5SL,24.0,1045ec5dd315bb09b3efe792e5724933,cap,PartNet,14df58bdedfbb41141edb96d309c9a23,cap,ShapeNet,False,cap/ShapeNet/14df58bdedfbb41141edb96d309c9a23,cap/PartNet/1045ec5dd315bb09b3efe792e5724933,False,cap,hat,2,"['its', 'crown', 'is', 'dome', 'shaped']",5,its crown is dome shaped,train,train,train,train,"[1, 5, 606, 7, 159, 14, 2, 0, 0, 0, 0, 0, 0, 0, 0, 0, 0, 0]",crown
263671,user_920,The target's top is rounded.,30X31N5D65J6RL8O6QR5PB63STVASW,38.0,1045ec5dd315bb09b3efe792e5724933,cap,PartNet,14df58bdedfbb41141edb96d309c9a23,cap,ShapeNet,False,cap/ShapeNet/14df58bdedfbb41141edb96d309c9a23,cap/PartNet/1045ec5dd315bb09b3efe792e5724933,False,cap,hat,2,"['the', 'target', ""'s"", 'top', 'is', 'rounded']",6,the target 's top is rounded,train,train,train,train,"[1, 10, 11, 12, 99, 7, 48, 2, 0, 0, 0, 0, 0, 0, 0, 0, 0, 0]",crown
263673,user_786,Its crown does not have a ball at the top,3K9FOBBF2JCQ7R7NVLZ9ZVC8Z7UNLP,59.0,5f988e8af9ac5b873d1423abb84263f3,cap,PartNet,bc05db27de8de6354bd07bcd9e7e0abf,cap,PartNet,False,cap/PartNet/bc05db27de8de6354bd07bcd9e7e0abf,cap/PartNet/5f988e8af9ac5b873d1423abb84263f3,False,hat,hat,2,"['its', 'crown', 'does', 'not', 'have', 'a', 'ball', 'at', 'the', 'top']",10,its crown does not have a ball at the top,train,train,train,train,"[1, 5, 606, 39, 40, 84, 26, 668, 98, 10, 99, 2, 0, 0, 0, 0, 0, 0]",crown
263675,user_2105,target has shorter height crown,3DEL4X4EL8EFJKSQG6B8R552A08XYB,68.0,5f988e8af9ac5b873d1423abb84263f3,cap,PartNet,bc05db27de8de6354bd07bcd9e7e0abf,cap,PartNet,False,cap/PartNet/bc05db27de8de6354bd07bcd9e7e0abf,cap/PartNet/5f988e8af9ac5b873d1423abb84263f3,False,hat,hat,2,"['target', 'has', 'short', '-er', 'height', 'crown']",6,target has short -er height crown,train,train,train,train,"[1, 11, 24, 8, 9, 117, 606, 2, 0, 0, 0, 0, 0, 0, 0, 0, 0, 0]",crown
263678,user_2105,target has hat band around bottom of crown,3VE8AYVF8OQJ4SAN387SMLHTDG98FH,49.0,6e983d20e0bf80296829cd4082fbdbdf,cap,ShapeNet,6c607b6b3d6fc1cdf0d11ae402ef940e,cap,ShapeNet,False,cap/ShapeNet/6c607b6b3d6fc1cdf0d11ae402ef940e,cap/ShapeNet/6e983d20e0bf80296829cd4082fbdbdf,False,cap,cap,2,"['target', 'has', 'hat', 'band', 'around', 'bottom', 'of', 'crown']",8,target has hat band around bottom of crown,test,train,test,train,"[1, 11, 24, 602, 347, 239, 76, 38, 606, 2, 0, 0, 0, 0, 0, 0, 0, 0]",crown
263681,user_1964,there is a ridge across the top,3R6P78PK7M48GCY6HQO5V2DSS7LTGF,35.0,ffa613d91ac07e38284432ce2f42f498,cap,PartNet,64802051170909e71fabf3cbd0fc77bc,cap,PartNet,False,cap/PartNet/64802051170909e71fabf3cbd0fc77bc,cap/PartNet/ffa613d91ac07e38284432ce2f42f498,True,hat,hat,2,"['there', 'is', 'a', 'ridge', 'across', 'the', 'top']",7,there is a ridge across the top,train,train,train,train,"[1, 15, 7, 26, 1275, 702, 10, 99, 2, 0, 0, 0, 0, 0, 0, 0, 0, 0]",crown
263683,user_1644,It does not have a decoration on the brim.,3WI0P0II63LSODBNBBI2P29DRVHDRN,29.0,5c4122d7fa08f514796410d3fd165433,cap,PartNet,b5a6c597fefeaa0598095901ddb7e8e7,cap,PartNet,False,cap/PartNet/b5a6c597fefeaa0598095901ddb7e8e7,cap/PartNet/5c4122d7fa08f514796410d3fd165433,True,hat,hat,2,"['it', 'does', 'not', 'have', 'a', 'decoration', 'on', 'the', 'brim']",9,it does not have a decoration on the brim,train,train,train,train,"[1, 23, 39, 40, 84, 26, 639, 20, 10, 601, 2, 0, 0, 0, 0, 0, 0, 0]",brim
263684,user_2105,target does not have piece sticking out from crown,3DYGAII7PN1119ZD35KXK6GX9S0PQU,48.0,5c4122d7fa08f514796410d3fd165433,cap,PartNet,b5a6c597fefeaa0598095901ddb7e8e7,cap,PartNet,False,cap/PartNet/b5a6c597fefeaa0598095901ddb7e8e7,cap/PartNet/5c4122d7fa08f514796410d3fd165433,True,hat,hat,2,"['target', 'does', 'not', 'have', 'piece', 'sticking', 'out', 'from', 'crown']",9,target does not have piece sticking out from crown,train,train,train,train,"[1, 11, 39, 40, 84, 65, 949, 89, 113, 606, 2, 0, 0, 0, 0, 0, 0, 0]",crown
263686,user_1577,edge of brim has a rounded profile that curves up,3GNA64GUZGXX8ZHUJQBJM0BGIR8Q5G,149.0,56bb0a2e6f729993fa5b6212657ae4a4,cap,PartNet,5eb9ab53213f5fff4e09ebaf49b0cb2f,cap,ShapeNet,False,cap/ShapeNet/5eb9ab53213f5fff4e09ebaf49b0cb2f,cap/PartNet/56bb0a2e6f729993fa5b6212657ae4a4,True,cap,hat,2,"['edge', 'of', 'brim', 'has', 'a', 'rounded', 'profile', 'that', 'curves', 'up']",10,edge of brim has a rounded profile that curves up,train,train,train,train,"[1, 631, 38, 601, 24, 26, 48, 658, 172, 156, 269, 2, 0, 0, 0, 0, 0, 0]",brim
263687,user_1644,The crown is shorter.,31T4R4OBOU9812LU21PL0F0V5JMC7Y,50.0,56bb0a2e6f729993fa5b6212657ae4a4,cap,PartNet,5eb9ab53213f5fff4e09ebaf49b0cb2f,cap,ShapeNet,False,cap/ShapeNet/5eb9ab53213f5fff4e09ebaf49b0cb2f,cap/PartNet/56bb0a2e6f729993fa5b6212657ae4a4,True,cap,hat,2,"['the', 'crown', 'is', 'short', '-er']",5,the crown is short -er,train,train,train,train,"[1, 10, 606, 7, 8, 9, 2, 0, 0, 0, 0, 0, 0, 0, 0, 0, 0, 0]",crown
263691,user_156,Its crown is flat at the top.,36TFCYNS463TXP21667K55AZK3NHXM,26.0,2854677f4c733bcc606dbe05096195ae,cap,PartNet,befe908292dd78d92ef65425c21143ca,cap,PartNet,False,cap/PartNet/befe908292dd78d92ef65425c21143ca,cap/PartNet/2854677f4c733bcc606dbe05096195ae,False,hat,hat,2,"['its', 'crown', 'is', 'flat', 'at', 'the', 'top']",7,its crown is flat at the top,train,train,train,train,"[1, 5, 606, 7, 129, 98, 10, 99, 2, 0, 0, 0, 0, 0, 0, 0, 0, 0]",crown
263693,user_1689,It has a lower crown.,3WETL7AQWV151YBSLFZN9SI5802532,73.0,2854677f4c733bcc606dbe05096195ae,cap,PartNet,befe908292dd78d92ef65425c21143ca,cap,PartNet,False,cap/PartNet/befe908292dd78d92ef65425c21143ca,cap/PartNet/2854677f4c733bcc606dbe05096195ae,False,hat,hat,2,"['it', 'has', 'a', 'low', '-er', 'crown']",6,it has a low -er crown,train,train,train,train,"[1, 23, 24, 26, 345, 9, 606, 2, 0, 0, 0, 0, 0, 0, 0, 0, 0, 0]",crown
263694,user_1143,The target has no brim around the entire base,3HHRAGRYXAYDOA6Q73WW9BLIPMAO9Y,46.0,d4910649489fc279dac5e8b93371e38a,cap,PartNet,8173b6a303d2888671b99e20c1071f6c,cap,PartNet,False,cap/PartNet/8173b6a303d2888671b99e20c1071f6c,cap/PartNet/d4910649489fc279dac5e8b93371e38a,False,hat,hat,2,"['the', 'target', 'has', 'no', 'brim', 'around', 'the', 'entire', 'base']",9,the target has no brim around the entire base,train,train,train,train,"[1, 10, 11, 24, 123, 601, 239, 10, 516, 103, 2, 0, 0, 0, 0, 0, 0, 0]",brim
263695,user_1489,It has a thin brim at the front,3JPSL1DZ5US9B8GJYUAJQHWX5VWNA8,72.0,d4910649489fc279dac5e8b93371e38a,cap,PartNet,8173b6a303d2888671b99e20c1071f6c,cap,PartNet,False,cap/PartNet/8173b6a303d2888671b99e20c1071f6c,cap/PartNet/d4910649489fc279dac5e8b93371e38a,False,hat,hat,2,"['it', 'has', 'a', 'thin', 'brim', 'at', 'the', 'front']",8,it has a thin brim at the front,train,train,train,train,"[1, 23, 24, 26, 60, 601, 98, 10, 37, 2, 0, 0, 0, 0, 0, 0, 0, 0]",brim
263696,user_1644,It does not have a wide brim.,30LB5CDZNE37RKWK9GOKWYRT6MJ0Z0,31.0,d4910649489fc279dac5e8b93371e38a,cap,PartNet,8173b6a303d2888671b99e20c1071f6c,cap,PartNet,False,cap/PartNet/8173b6a303d2888671b99e20c1071f6c,cap/PartNet/d4910649489fc279dac5e8b93371e38a,False,hat,hat,2,"['it', 'does', 'not', 'have', 'a', 'wide', 'brim']",7,it does not have a wide brim,train,train,train,train,"[1, 23, 39, 40, 84, 26, 83, 601, 2, 0, 0, 0, 0, 0, 0, 0, 0, 0]",brim
263700,user_203,The crown's diameter is larger.,3137ONMDKIY6RTG9RVZAWGDRPY7EGL,71.0,a14ab9b478087ce6b56d92c5d7b06038,cap,PartNet,5a5c976be7015447f0d11ae402ef940e,cap,PartNet,False,cap/PartNet/5a5c976be7015447f0d11ae402ef940e,cap/PartNet/a14ab9b478087ce6b56d92c5d7b06038,False,hat,hat,2,"['the', 'crown', ""'s"", 'diameter', 'is', 'large', '-er']",7,the crown 's diameter is large -er,train,train,train,train,"[1, 10, 606, 12, 268, 7, 94, 9, 2, 0, 0, 0, 0, 0, 0, 0, 0, 0]",crown
263701,user_1644,The crown is wider.,3CFJTT4SXVJZE57UUBL7BIYQINQ7ID,25.0,a14ab9b478087ce6b56d92c5d7b06038,cap,PartNet,5a5c976be7015447f0d11ae402ef940e,cap,PartNet,False,cap/PartNet/5a5c976be7015447f0d11ae402ef940e,cap/PartNet/a14ab9b478087ce6b56d92c5d7b06038,False,hat,hat,2,"['the', 'crown', 'is', 'wide', '-er']",5,the crown is wide -er,train,train,train,train,"[1, 10, 606, 7, 83, 9, 2, 0, 0, 0, 0, 0, 0, 0, 0, 0, 0, 0]",crown
263702,user_1964,the top is larger in surface area,3PJ71Z61R6VSSIZP11YLXF8AWB119P,39.0,a14ab9b478087ce6b56d92c5d7b06038,cap,PartNet,5a5c976be7015447f0d11ae402ef940e,cap,PartNet,False,cap/PartNet/5a5c976be7015447f0d11ae402ef940e,cap/PartNet/a14ab9b478087ce6b56d92c5d7b06038,False,hat,hat,2,"['the', 'top', 'is', 'large', '-er', 'in', 'surface', 'area']",8,the top is large -er in surface area,train,train,train,train,"[1, 10, 99, 7, 94, 9, 90, 334, 590, 2, 0, 0, 0, 0, 0, 0, 0, 0]",crown
263703,user_677,The crown is larger in diameter.,37WLF8U1WRJ7G0JDB41RIKD7FH06KV,45.0,4c818a2a478b13db1e4e75745130e652,cap,PartNet,f84abb697315dd7784c54dff812f6abb,cap,PartNet,False,cap/PartNet/f84abb697315dd7784c54dff812f6abb,cap/PartNet/4c818a2a478b13db1e4e75745130e652,False,hat,hat,2,"['the', 'crown', 'is', 'large', '-er', 'in', 'diameter']",7,the crown is large -er in diameter,train,train,train,train,"[1, 10, 606, 7, 94, 9, 90, 268, 2, 0, 0, 0, 0, 0, 0, 0, 0, 0]",crown
263704,user_1644,The crown is wider.,3WJEQKOXAAV6X19UT7CLTAJU2U2A1Y,15.0,4c818a2a478b13db1e4e75745130e652,cap,PartNet,f84abb697315dd7784c54dff812f6abb,cap,PartNet,False,cap/PartNet/f84abb697315dd7784c54dff812f6abb,cap/PartNet/4c818a2a478b13db1e4e75745130e652,False,hat,hat,2,"['the', 'crown', 'is', 'wide', '-er']",5,the crown is wide -er,train,train,train,train,"[1, 10, 606, 7, 83, 9, 2, 0, 0, 0, 0, 0, 0, 0, 0, 0, 0, 0]",crown
263705,user_2105,target has smaller brim,3FTYUGLFSWE3JQDPE45ZM14HZDAD5R,37.0,4c818a2a478b13db1e4e75745130e652,cap,PartNet,f84abb697315dd7784c54dff812f6abb,cap,PartNet,False,cap/PartNet/f84abb697315dd7784c54dff812f6abb,cap/PartNet/4c818a2a478b13db1e4e75745130e652,False,hat,hat,2,"['target', 'has', 'small', '-er', 'brim']",5,target has small -er brim,train,train,train,train,"[1, 11, 24, 111, 9, 601, 2, 0, 0, 0, 0, 0, 0, 0, 0, 0, 0, 0]",brim
263708,user_2105,target has greater brim depth,3VFJCI1K41SV0XLED1JAVNCA4NFRGT,49.0,56bb0a2e6f729993fa5b6212657ae4a4,cap,PartNet,56ca2cc23b627f65fdac1e69603928f,cap,PartNet,False,cap/PartNet/56ca2cc23b627f65fdac1e69603928f,cap/PartNet/56bb0a2e6f729993fa5b6212657ae4a4,False,hat,hat,2,"['target', 'has', 'great', '-er', 'brim', 'depth']",6,target has great -er brim depth,val,train,val,train,"[1, 11, 24, 188, 9, 601, 607, 2, 0, 0, 0, 0, 0, 0, 0, 0, 0, 0]",brim
263710,user_1633,The target is flat on top.,3GA6AFUKOQHHHRVNMH0WYPLVD8LH3L,20.0,e823673c1edd73fb97c426435543a860,cap,ShapeNet,587e59afe62ea145f0d11ae402ef940e,cap,PartNet,False,cap/PartNet/587e59afe62ea145f0d11ae402ef940e,cap/ShapeNet/e823673c1edd73fb97c426435543a860,False,hat,cap,2,"['the', 'target', 'is', 'flat', 'on', 'top']",6,the target is flat on top,train,train,train,train,"[1, 10, 11, 7, 129, 20, 99, 2, 0, 0, 0, 0, 0, 0, 0, 0, 0, 0]",crown
263713,user_1644,It does not have a button at the top.,31EUONYN2XWBLHJTA41S1TAFGESOVD,48.0,a1494210f6774b87b3e0e60b857dde8f,cap,ShapeNet,3d94467032aad372d2287f45c788597d,cap,PartNet,False,cap/PartNet/3d94467032aad372d2287f45c788597d,cap/ShapeNet/a1494210f6774b87b3e0e60b857dde8f,False,hat,cap,2,"['it', 'does', 'not', 'have', 'a', 'button', 'at', 'the', 'top']",9,it does not have a button at the top,train,train,train,train,"[1, 23, 39, 40, 84, 26, 596, 98, 10, 99, 2, 0, 0, 0, 0, 0, 0, 0]",crown
263717,user_2105,target has taller height crown,3SBEHTYCWPWITP3VHKB7OVINMN4YIC,31.0,8338e10954ae6c5296b84415a3f1393b,cap,ShapeNet,3c75213433a0ad3cc039d45addffe3d3,cap,PartNet,False,cap/PartNet/3c75213433a0ad3cc039d45addffe3d3,cap/ShapeNet/8338e10954ae6c5296b84415a3f1393b,False,hat,cap,2,"['target', 'has', 'tall', '-er', 'height', 'crown']",6,target has tall -er height crown,train,train,train,train,"[1, 11, 24, 53, 9, 117, 606, 2, 0, 0, 0, 0, 0, 0, 0, 0, 0, 0]",crown
263722,user_1644,The crown is not pointed.,3C6FJU71TSMN2GYVB10L7Y6YGHLUY8,20.0,e21bf79cf940999fecaafbe064b13083,cap,PartNet,8338e10954ae6c5296b84415a3f1393b,cap,ShapeNet,False,cap/ShapeNet/8338e10954ae6c5296b84415a3f1393b,cap/PartNet/e21bf79cf940999fecaafbe064b13083,False,cap,hat,2,"['the', 'crown', 'is', 'not', 'pointed']",5,the crown is not pointed,train,train,train,train,"[1, 10, 606, 7, 40, 387, 2, 0, 0, 0, 0, 0, 0, 0, 0, 0, 0, 0]",crown
263723,user_1964,the top does not come to a point,39L1G8WVWSK6DGA9KSXB625OWJQ137,31.0,e21bf79cf940999fecaafbe064b13083,cap,PartNet,8338e10954ae6c5296b84415a3f1393b,cap,ShapeNet,False,cap/ShapeNet/8338e10954ae6c5296b84415a3f1393b,cap/PartNet/e21bf79cf940999fecaafbe064b13083,False,cap,hat,2,"['the', 'top', 'does', 'not', 'come', 'to', 'a', 'point']",8,the top does not come to a point,train,train,train,train,"[1, 10, 99, 39, 40, 120, 58, 26, 412, 2, 0, 0, 0, 0, 0, 0, 0, 0]",crown
263724,user_615,the brim is shaped like a tire,3SLE99ER0P68B7ZU7WL9GFNCXRNZBU,87.0,d5cdba69afacdbf19393051c3324a45f,cap,PartNet,31253a0f8eaa2c5c785f06f424b9d06,cap,PartNet,False,cap/PartNet/31253a0f8eaa2c5c785f06f424b9d06,cap/PartNet/d5cdba69afacdbf19393051c3324a45f,True,hat,hat,2,"['the', 'brim', 'is', 'shaped', 'like', 'a', 'tire']",7,the brim is shaped like a tire,train,train,train,train,"[1, 10, 601, 7, 14, 35, 26, 3866, 2, 0, 0, 0, 0, 0, 0, 0, 0, 0]",brim
263726,user_2089,There is a distinct brim that is rounded.,35H6S234SCT4YHYA4HXLGVUPIR656A,176.0,d5cdba69afacdbf19393051c3324a45f,cap,PartNet,31253a0f8eaa2c5c785f06f424b9d06,cap,PartNet,False,cap/PartNet/31253a0f8eaa2c5c785f06f424b9d06,cap/PartNet/d5cdba69afacdbf19393051c3324a45f,True,hat,hat,2,"['there', 'is', 'a', 'distinct', 'brim', 'that', 'is', 'rounded']",8,there is a distinct brim that is rounded,train,train,train,train,"[1, 15, 7, 26, 221, 601, 172, 7, 48, 2, 0, 0, 0, 0, 0, 0, 0, 0]",brim
263730,user_786,"Its brim has slanted edges, NOT rounded vertical edges",3E13VNJ1NPOL3JSS5V4YA87DF2W1II,85.0,60153b9c1dc500a93d8dd242efdcdeb,cap,PartNet,c998a0afe9bcbe89bc4ac3caf16ef65,cap,PartNet,False,cap/PartNet/c998a0afe9bcbe89bc4ac3caf16ef65,cap/PartNet/60153b9c1dc500a93d8dd242efdcdeb,True,hat,hat,2,"['its', 'brim', 'has', 'slanted', 'edges', 'not', 'rounded', 'vertical', 'edges']",9,its brim has slanted edges not rounded vertical edges,test,train,test,train,"[1, 5, 601, 24, 674, 325, 40, 48, 283, 325, 2, 0, 0, 0, 0, 0, 0, 0]",brim
263731,user_1633,The target's brim turns downward.,3BV8HQ2ZZYU14NARZDO2O6ABA4X6A5,22.0,60153b9c1dc500a93d8dd242efdcdeb,cap,PartNet,c998a0afe9bcbe89bc4ac3caf16ef65,cap,PartNet,False,cap/PartNet/c998a0afe9bcbe89bc4ac3caf16ef65,cap/PartNet/60153b9c1dc500a93d8dd242efdcdeb,True,hat,hat,2,"['the', 'target', ""'s"", 'brim', 'turns', 'downward']",6,the target 's brim turns downward,test,train,test,train,"[1, 10, 11, 12, 601, 765, 42, 2, 0, 0, 0, 0, 0, 0, 0, 0, 0, 0]",brim
263732,user_1644,The brim is wider.,3TGOYF991ZF6L7EQ103W4D0LKT7UU7,17.0,60153b9c1dc500a93d8dd242efdcdeb,cap,PartNet,c998a0afe9bcbe89bc4ac3caf16ef65,cap,PartNet,False,cap/PartNet/c998a0afe9bcbe89bc4ac3caf16ef65,cap/PartNet/60153b9c1dc500a93d8dd242efdcdeb,True,hat,hat,2,"['the', 'brim', 'is', 'wide', '-er']",5,the brim is wide -er,test,train,test,train,"[1, 10, 601, 7, 83, 9, 2, 0, 0, 0, 0, 0, 0, 0, 0, 0, 0, 0]",brim
263734,user_1529,The crown is significantly higher.,36AHBNMV1T51LEN9P6AWXY2AUHMDYD,176.0,fa8124cce25881004fcdbc2114c724fa,cap,PartNet,3d8715e132379fc04ec272da715766dd,cap,PartNet,False,cap/PartNet/3d8715e132379fc04ec272da715766dd,cap/PartNet/fa8124cce25881004fcdbc2114c724fa,False,hat,hat,2,"['the', 'crown', 'is', 'significantly', 'high', '-er']",6,the crown is significantly high -er,test,train,test,train,"[1, 10, 606, 7, 777, 49, 9, 2, 0, 0, 0, 0, 0, 0, 0, 0, 0, 0]",crown
263735,user_1644,It has a brim.,3LKC68YZ3CWO06JY0E6ONVTTNNUOWN,20.0,fa8124cce25881004fcdbc2114c724fa,cap,PartNet,3d8715e132379fc04ec272da715766dd,cap,PartNet,False,cap/PartNet/3d8715e132379fc04ec272da715766dd,cap/PartNet/fa8124cce25881004fcdbc2114c724fa,False,hat,hat,2,"['it', 'has', 'a', 'brim']",4,it has a brim,test,train,test,train,"[1, 23, 24, 26, 601, 2, 0, 0, 0, 0, 0, 0, 0, 0, 0, 0, 0, 0]",brim
263737,user_1644,It has a button on the top.,3QAPZX2QN66HL9T8K9F69NHMLDK20U,16.0,320573ba807dc5578c26f7b0dfd20a86,cap,PartNet,fd63218d927ae58cbf444790f25ea3db,cap,ShapeNet,False,cap/ShapeNet/fd63218d927ae58cbf444790f25ea3db,cap/PartNet/320573ba807dc5578c26f7b0dfd20a86,False,cap,hat,2,"['it', 'has', 'a', 'button', 'on', 'the', 'top']",7,it has a button on the top,train,train,train,train,"[1, 23, 24, 26, 596, 20, 10, 99, 2, 0, 0, 0, 0, 0, 0, 0, 0, 0]",crown
263738,user_1964,there is a button on top,3A4TN5196MB5URR6FABXRSPPJLZCHF,45.0,320573ba807dc5578c26f7b0dfd20a86,cap,PartNet,fd63218d927ae58cbf444790f25ea3db,cap,ShapeNet,False,cap/ShapeNet/fd63218d927ae58cbf444790f25ea3db,cap/PartNet/320573ba807dc5578c26f7b0dfd20a86,False,cap,hat,2,"['there', 'is', 'a', 'button', 'on', 'top']",6,there is a button on top,train,train,train,train,"[1, 15, 7, 26, 596, 20, 99, 2, 0, 0, 0, 0, 0, 0, 0, 0, 0, 0]",crown
263739,user_203,The crown is tapered.,3VELCLL3GMC1TSQ24NYD7BULZADF1E,49.0,98698fc854d6a919a163a814bd04d6,cap,PartNet,62d4f8a7a8a1dc619ba80f08c401fbed,cap,PartNet,False,cap/PartNet/62d4f8a7a8a1dc619ba80f08c401fbed,cap/PartNet/98698fc854d6a919a163a814bd04d6,False,hat,hat,2,"['the', 'crown', 'is', 'tapered']",4,the crown is tapered,train,train,train,train,"[1, 10, 606, 7, 352, 2, 0, 0, 0, 0, 0, 0, 0, 0, 0, 0, 0, 0]",crown
263740,user_1644,The crown is shorter.,3V0Z7YWSI0TXEAUON63VUG7CF9ZV2H,20.0,98698fc854d6a919a163a814bd04d6,cap,PartNet,62d4f8a7a8a1dc619ba80f08c401fbed,cap,PartNet,False,cap/PartNet/62d4f8a7a8a1dc619ba80f08c401fbed,cap/PartNet/98698fc854d6a919a163a814bd04d6,False,hat,hat,2,"['the', 'crown', 'is', 'short', '-er']",5,the crown is short -er,train,train,train,train,"[1, 10, 606, 7, 8, 9, 2, 0, 0, 0, 0, 0, 0, 0, 0, 0, 0, 0]",crown
263741,user_2105,target has shorter crown height,3DHE4R9OCY4EWD4TYB49UF42SV02GQ,29.0,98698fc854d6a919a163a814bd04d6,cap,PartNet,62d4f8a7a8a1dc619ba80f08c401fbed,cap,PartNet,False,cap/PartNet/62d4f8a7a8a1dc619ba80f08c401fbed,cap/PartNet/98698fc854d6a919a163a814bd04d6,False,hat,hat,2,"['target', 'has', 'short', '-er', 'crown', 'height']",6,target has short -er crown height,train,train,train,train,"[1, 11, 24, 8, 9, 606, 117, 2, 0, 0, 0, 0, 0, 0, 0, 0, 0, 0]",crown
263742,user_1633,The target is not a top hat.,3YWRV122CUS8NA7DYX2R8LIWN2EU8Q,21.0,6e11cfa7d75ed04a4835c09e4900b4a9,cap,PartNet,72877ec0bb0b921fb10e410f6c99c299,cap,PartNet,False,cap/PartNet/72877ec0bb0b921fb10e410f6c99c299,cap/PartNet/6e11cfa7d75ed04a4835c09e4900b4a9,False,hat,hat,2,"['the', 'target', 'is', 'not', 'a', 'top', 'hat']",7,the target is not a top hat,train,train,train,train,"[1, 10, 11, 7, 40, 26, 99, 602, 2, 0, 0, 0, 0, 0, 0, 0, 0, 0]",crown
263743,user_1644,The crown is taller.,3IJXV6UZ1ZC9WOR93PJDGZPQJZGIRJ,27.0,6e11cfa7d75ed04a4835c09e4900b4a9,cap,PartNet,72877ec0bb0b921fb10e410f6c99c299,cap,PartNet,False,cap/PartNet/72877ec0bb0b921fb10e410f6c99c299,cap/PartNet/6e11cfa7d75ed04a4835c09e4900b4a9,False,hat,hat,2,"['the', 'crown', 'is', 'tall', '-er']",5,the crown is tall -er,train,train,train,train,"[1, 10, 606, 7, 53, 9, 2, 0, 0, 0, 0, 0, 0, 0, 0, 0, 0, 0]",crown
263745,user_786,Its brim is thicker,37WLF8U1WRJ7G0JDB41RIKD7FGR6KK,69.0,d4910649489fc279dac5e8b93371e38a,cap,PartNet,2c67d217a62c320ce4b96e37c6ed18f3,cap,PartNet,False,cap/PartNet/2c67d217a62c320ce4b96e37c6ed18f3,cap/PartNet/d4910649489fc279dac5e8b93371e38a,True,hat,hat,2,"['its', 'brim', 'is', 'thick', '-er']",5,its brim is thick -er,test,train,test,train,"[1, 5, 601, 7, 54, 9, 2, 0, 0, 0, 0, 0, 0, 0, 0, 0, 0, 0]",brim
263747,user_1644,The brim is thicker.,345LHZDEDZLMMD17MG7VH4AL7GO3U9,19.0,d4910649489fc279dac5e8b93371e38a,cap,PartNet,2c67d217a62c320ce4b96e37c6ed18f3,cap,PartNet,False,cap/PartNet/2c67d217a62c320ce4b96e37c6ed18f3,cap/PartNet/d4910649489fc279dac5e8b93371e38a,True,hat,hat,2,"['the', 'brim', 'is', 'thick', '-er']",5,the brim is thick -er,test,train,test,train,"[1, 10, 601, 7, 54, 9, 2, 0, 0, 0, 0, 0, 0, 0, 0, 0, 0, 0]",brim
263749,user_1143,The target has a more circular crown,3E1QT0TDFR23EJCD4GDDPIULT7T8IY,72.0,fe319939c7dc4a6ff691355a196da5f,cap,PartNet,c721e05c676faf20a9aa61915b4add2d,cap,PartNet,False,cap/PartNet/c721e05c676faf20a9aa61915b4add2d,cap/PartNet/fe319939c7dc4a6ff691355a196da5f,True,hat,hat,2,"['the', 'target', 'has', 'a', 'more', 'circular', 'crown']",7,the target has a more circular crown,train,train,train,train,"[1, 10, 11, 24, 26, 34, 102, 606, 2, 0, 0, 0, 0, 0, 0, 0, 0, 0]",crown
263752,user_1529,The brim is narrower.,3SNLUL3WO6G32HRWSMBVDQ42737LUZ,52.0,40f0c6599f0be25fce01c07526cf2aa4,cap,ShapeNet,e823673c1edd73fb97c426435543a860,cap,ShapeNet,False,cap/ShapeNet/e823673c1edd73fb97c426435543a860,cap/ShapeNet/40f0c6599f0be25fce01c07526cf2aa4,True,cap,cap,2,"['the', 'brim', 'is', 'narrow', '-er']",5,the brim is narrow -er,train,train,train,train,"[1, 10, 601, 7, 210, 9, 2, 0, 0, 0, 0, 0, 0, 0, 0, 0, 0, 0]",brim
263753,user_2105,target has not button on crown,3UWN2HHPU0YDB42DFUWABHQ3R1KNSL,30.0,40f0c6599f0be25fce01c07526cf2aa4,cap,ShapeNet,e823673c1edd73fb97c426435543a860,cap,ShapeNet,False,cap/ShapeNet/e823673c1edd73fb97c426435543a860,cap/ShapeNet/40f0c6599f0be25fce01c07526cf2aa4,True,cap,cap,2,"['target', 'has', 'not', 'button', 'on', 'crown']",6,target has not button on crown,train,train,train,train,"[1, 11, 24, 40, 596, 20, 606, 2, 0, 0, 0, 0, 0, 0, 0, 0, 0, 0]",crown
263756,user_2105,target has decorative objects on crown,3YW4XOSQKSEQCANSZCTCTBVO9XJ1UQ,46.0,8670ef4375bbb95568b8a8e5babef621,cap,PartNet,5f988e8af9ac5b873d1423abb84263f3,cap,PartNet,False,cap/PartNet/5f988e8af9ac5b873d1423abb84263f3,cap/PartNet/8670ef4375bbb95568b8a8e5babef621,True,hat,hat,2,"['target', 'has', 'decorative', 'objects', 'on', 'crown']",6,target has decorative objects on crown,train,train,train,train,"[1, 11, 24, 216, 1110, 20, 606, 2, 0, 0, 0, 0, 0, 0, 0, 0, 0, 0]",crown
263761,user_1644,It does not have a wide brim.,3TEM0PF1Q7Q4OJROHYZN568QI48D0D,46.0,c68d509f6d2db0bab581cc9c4410f841,cap,PartNet,88adc86cf9004a01ed43c5a21cb8b385,cap,PartNet,False,cap/PartNet/88adc86cf9004a01ed43c5a21cb8b385,cap/PartNet/c68d509f6d2db0bab581cc9c4410f841,True,hat,hat,2,"['it', 'does', 'not', 'have', 'a', 'wide', 'brim']",7,it does not have a wide brim,train,train,train,train,"[1, 23, 39, 40, 84, 26, 83, 601, 2, 0, 0, 0, 0, 0, 0, 0, 0, 0]",brim
263762,user_2105,target has ball on crown,3ERET4BTVO2UYJLB9B432U495IQK92,49.0,c68d509f6d2db0bab581cc9c4410f841,cap,PartNet,88adc86cf9004a01ed43c5a21cb8b385,cap,PartNet,False,cap/PartNet/88adc86cf9004a01ed43c5a21cb8b385,cap/PartNet/c68d509f6d2db0bab581cc9c4410f841,True,hat,hat,2,"['target', 'has', 'ball', 'on', 'crown']",5,target has ball on crown,train,train,train,train,"[1, 11, 24, 668, 20, 606, 2, 0, 0, 0, 0, 0, 0, 0, 0, 0, 0, 0]",crown
263767,user_1633,The target does not have a button on top.,30OG32W0SW4C1LXVEZC5M0MOQ9KENI,19.0,c0e8723dcc5f948890f80ab08ae6ce2,cap,PartNet,47d8ea8d4f14119048908f59408795,cap,PartNet,False,cap/PartNet/47d8ea8d4f14119048908f59408795,cap/PartNet/c0e8723dcc5f948890f80ab08ae6ce2,False,hat,hat,2,"['the', 'target', 'does', 'not', 'have', 'a', 'button', 'on', 'top']",9,the target does not have a button on top,train,train,train,train,"[1, 10, 11, 39, 40, 84, 26, 596, 20, 99, 2, 0, 0, 0, 0, 0, 0, 0]",crown
263768,user_1644,It has a brim.,3EJJQNKU9TY90TGPX71SGNOBJNMHRC,37.0,c0e8723dcc5f948890f80ab08ae6ce2,cap,PartNet,47d8ea8d4f14119048908f59408795,cap,PartNet,False,cap/PartNet/47d8ea8d4f14119048908f59408795,cap/PartNet/c0e8723dcc5f948890f80ab08ae6ce2,False,hat,hat,2,"['it', 'has', 'a', 'brim']",4,it has a brim,train,train,train,train,"[1, 23, 24, 26, 601, 2, 0, 0, 0, 0, 0, 0, 0, 0, 0, 0, 0, 0]",brim
263770,user_1644,The crown is taller.,34T446B1C27UJRLAH24CL0Q8X4XC0D,18.0,ed352b53b17b6119e762cf5917cef4ef,cap,ShapeNet,715964d98402b5c691f70edfed6ef8d,cap,PartNet,False,cap/PartNet/715964d98402b5c691f70edfed6ef8d,cap/ShapeNet/ed352b53b17b6119e762cf5917cef4ef,False,hat,cap,2,"['the', 'crown', 'is', 'tall', '-er']",5,the crown is tall -er,test,train,test,train,"[1, 10, 606, 7, 53, 9, 2, 0, 0, 0, 0, 0, 0, 0, 0, 0, 0, 0]",crown
263771,user_2105,target has taller crown height,3OF2M9AATIH94A3OD9Y2FI62KLWZKE,35.0,ed352b53b17b6119e762cf5917cef4ef,cap,ShapeNet,715964d98402b5c691f70edfed6ef8d,cap,PartNet,False,cap/PartNet/715964d98402b5c691f70edfed6ef8d,cap/ShapeNet/ed352b53b17b6119e762cf5917cef4ef,False,hat,cap,2,"['target', 'has', 'tall', '-er', 'crown', 'height']",6,target has tall -er crown height,test,train,test,train,"[1, 11, 24, 53, 9, 606, 117, 2, 0, 0, 0, 0, 0, 0, 0, 0, 0, 0]",crown
263772,user_1644,It is not a top hat.,392CY0QWG3K2VIPBSDN086EGRLX4IN,17.0,aa9fa261b2643eec750b99f712bb1b4,cap,PartNet,6cfb76b40fc41da2a6e67635b9d1cee5,cap,ShapeNet,False,cap/ShapeNet/6cfb76b40fc41da2a6e67635b9d1cee5,cap/PartNet/aa9fa261b2643eec750b99f712bb1b4,False,cap,hat,2,"['it', 'is', 'not', 'a', 'top', 'hat']",6,it is not a top hat,train,train,train,train,"[1, 23, 7, 40, 26, 99, 602, 2, 0, 0, 0, 0, 0, 0, 0, 0, 0, 0]",crown
263775,user_677,Its top is more flat.,3ON104KXQMPKWD9GHURF9XNO6X34W4,49.0,6f93656d083e985465bae2cb33eb4baa,cap,ShapeNet,2854677f4c733bcc606dbe05096195ae,cap,PartNet,False,cap/PartNet/2854677f4c733bcc606dbe05096195ae,cap/ShapeNet/6f93656d083e985465bae2cb33eb4baa,True,hat,cap,2,"['its', 'top', 'is', 'more', 'flat']",5,its top is more flat,train,train,train,train,"[1, 5, 99, 7, 34, 129, 2, 0, 0, 0, 0, 0, 0, 0, 0, 0, 0, 0]",crown
263776,user_1529,The top has a slightly larger flat area.,3R08VXYT7EOHF0RZJSPMC97YXYJ7WF,102.0,6f93656d083e985465bae2cb33eb4baa,cap,ShapeNet,2854677f4c733bcc606dbe05096195ae,cap,PartNet,False,cap/PartNet/2854677f4c733bcc606dbe05096195ae,cap/ShapeNet/6f93656d083e985465bae2cb33eb4baa,True,hat,cap,2,"['the', 'top', 'has', 'a', 'slightly', 'large', '-er', 'flat', 'area']",9,the top has a slightly large -er flat area,train,train,train,train,"[1, 10, 99, 24, 26, 174, 94, 9, 129, 590, 2, 0, 0, 0, 0, 0, 0, 0]",crown
263777,user_1644,It is not just a crown.,3R2UR8A0IC93P6OOAJ2APE70WP0OXG,76.0,6f93656d083e985465bae2cb33eb4baa,cap,ShapeNet,2854677f4c733bcc606dbe05096195ae,cap,PartNet,False,cap/PartNet/2854677f4c733bcc606dbe05096195ae,cap/ShapeNet/6f93656d083e985465bae2cb33eb4baa,True,hat,cap,2,"['it', 'is', 'not', 'just', 'a', 'crown']",6,it is not just a crown,train,train,train,train,"[1, 23, 7, 40, 406, 26, 606, 2, 0, 0, 0, 0, 0, 0, 0, 0, 0, 0]",crown
263778,user_90,The crown is flatter,3WSELTNVR5V76LL3VQWVZG2PUDZTAW,70.0,89717260f663fe13a9d8b37b5c73935c,cap,ShapeNet,a4f94067b0ec9608e762cf5917cef4ef,cap,ShapeNet,False,cap/ShapeNet/a4f94067b0ec9608e762cf5917cef4ef,cap/ShapeNet/89717260f663fe13a9d8b37b5c73935c,True,cap,cap,2,"['the', 'crown', 'is', 'flat', '-er']",5,the crown is flat -er,train,train,train,train,"[1, 10, 606, 7, 129, 9, 2, 0, 0, 0, 0, 0, 0, 0, 0, 0, 0, 0]",crown
263779,user_1529,"the crown goes up straight for a while, before tapering towards the top.",3SKRO2GZ73KC9EIG5YPANOMQ7651KD,110.0,89717260f663fe13a9d8b37b5c73935c,cap,ShapeNet,a4f94067b0ec9608e762cf5917cef4ef,cap,ShapeNet,False,cap/ShapeNet/a4f94067b0ec9608e762cf5917cef4ef,cap/ShapeNet/89717260f663fe13a9d8b37b5c73935c,True,cap,cap,2,"['the', 'crown', 'goes', 'up', 'straight', 'for', 'a', 'while', 'before', 'tapering', 'towards', 'the', 'top']",13,the crown goes up straight for a while before tapering towards the top,train,train,train,train,"[1, 10, 606, 394, 269, 114, 259, 26, 395, 162, 3081, 382, 10, 99, 2, 0, 0, 0]",crown
263780,user_2105,target has shorter height crown,3R8YZBNQ9JBCV3VD7JQGKKPC9YCQ76,44.0,89717260f663fe13a9d8b37b5c73935c,cap,ShapeNet,a4f94067b0ec9608e762cf5917cef4ef,cap,ShapeNet,False,cap/ShapeNet/a4f94067b0ec9608e762cf5917cef4ef,cap/ShapeNet/89717260f663fe13a9d8b37b5c73935c,True,cap,cap,2,"['target', 'has', 'short', '-er', 'height', 'crown']",6,target has short -er height crown,train,train,train,train,"[1, 11, 24, 8, 9, 117, 606, 2, 0, 0, 0, 0, 0, 0, 0, 0, 0, 0]",crown
263782,user_1529,The crown is a tall triangle.,3K772S5NPA4KRPBKB1HSHGPS4XBEH9,31.0,a0ab4dc115f1b4f3b26ac8618c0d5a9,cap,PartNet,bfdcb0d592aa35698b3247ca9bcd5b10,cap,PartNet,False,cap/PartNet/bfdcb0d592aa35698b3247ca9bcd5b10,cap/PartNet/a0ab4dc115f1b4f3b26ac8618c0d5a9,True,hat,hat,2,"['the', 'crown', 'is', 'a', 'tall', 'triangle']",6,the crown is a tall triangle,train,train,train,train,"[1, 10, 606, 7, 26, 53, 608, 2, 0, 0, 0, 0, 0, 0, 0, 0, 0, 0]",crown
263786,user_2105,target has taller crown height,33CID57106MJ3NEDD2FUQHE2UQLL3P,37.0,2854677f4c733bcc606dbe05096195ae,cap,PartNet,d5cdba69afacdbf19393051c3324a45f,cap,PartNet,False,cap/PartNet/d5cdba69afacdbf19393051c3324a45f,cap/PartNet/2854677f4c733bcc606dbe05096195ae,False,hat,hat,2,"['target', 'has', 'tall', '-er', 'crown', 'height']",6,target has tall -er crown height,train,train,train,train,"[1, 11, 24, 53, 9, 606, 117, 2, 0, 0, 0, 0, 0, 0, 0, 0, 0, 0]",crown
263787,user_203,It is not a top hat.,3EJJQNKU9TY90TGPX71SGNOBJNARHA,41.0,6795f4e6300d5606e639776fc2bb6cca,cap,PartNet,40f0c6599f0be25fce01c07526cf2aa4,cap,ShapeNet,False,cap/ShapeNet/40f0c6599f0be25fce01c07526cf2aa4,cap/PartNet/6795f4e6300d5606e639776fc2bb6cca,False,cap,hat,2,"['it', 'is', 'not', 'a', 'top', 'hat']",6,it is not a top hat,train,train,train,train,"[1, 23, 7, 40, 26, 99, 602, 2, 0, 0, 0, 0, 0, 0, 0, 0, 0, 0]",crown
263790,user_203,The edge of the brim is taller.,3A4NIXBJ78SKP9MNJKK9MGN8UHSLMV,75.0,7b62c58f5911d1061737058619bcd307,cap,PartNet,5549d6cf8c5c7f1e886d6fb5acc5844b,cap,PartNet,False,cap/PartNet/5549d6cf8c5c7f1e886d6fb5acc5844b,cap/PartNet/7b62c58f5911d1061737058619bcd307,True,hat,hat,2,"['the', 'edge', 'of', 'the', 'brim', 'is', 'tall', '-er']",8,the edge of the brim is tall -er,train,train,train,train,"[1, 10, 631, 38, 10, 601, 7, 53, 9, 2, 0, 0, 0, 0, 0, 0, 0, 0]",brim
263791,user_786,Its brim is narrower and thicker,33IZTU6J83UINYGHH0JJ9JH1TE3SXH,32.0,7b62c58f5911d1061737058619bcd307,cap,PartNet,5549d6cf8c5c7f1e886d6fb5acc5844b,cap,PartNet,False,cap/PartNet/5549d6cf8c5c7f1e886d6fb5acc5844b,cap/PartNet/7b62c58f5911d1061737058619bcd307,True,hat,hat,2,"['its', 'brim', 'is', 'narrow', '-er', 'and', 'thick', '-er']",8,its brim is narrow -er and thick -er,train,train,train,train,"[1, 5, 601, 7, 210, 9, 47, 54, 9, 2, 0, 0, 0, 0, 0, 0, 0, 0]",brim
263792,user_1644,The crown is wider.,3LRLIPTPES2832VG1HI3YPFTBZLKAS,38.0,7b62c58f5911d1061737058619bcd307,cap,PartNet,5549d6cf8c5c7f1e886d6fb5acc5844b,cap,PartNet,False,cap/PartNet/5549d6cf8c5c7f1e886d6fb5acc5844b,cap/PartNet/7b62c58f5911d1061737058619bcd307,True,hat,hat,2,"['the', 'crown', 'is', 'wide', '-er']",5,the crown is wide -er,train,train,train,train,"[1, 10, 606, 7, 83, 9, 2, 0, 0, 0, 0, 0, 0, 0, 0, 0, 0, 0]",crown
263793,user_203,It has a more ornate element on top of the crown.,3VHHR074H5A146F0FEIK3YQIZSOL7B,83.0,89717260f663fe13a9d8b37b5c73935c,cap,ShapeNet,1655aeff6e4ec121bfedd927d2c565df,cap,PartNet,False,cap/PartNet/1655aeff6e4ec121bfedd927d2c565df,cap/ShapeNet/89717260f663fe13a9d8b37b5c73935c,False,hat,cap,2,"['it', 'has', 'a', 'more', 'ornate', 'element', 'on', 'top', 'of', 'the', 'crown']",11,it has a more ornate element on top of the crown,train,train,train,train,"[1, 23, 24, 26, 34, 191, 2090, 20, 99, 38, 10, 606, 2, 0, 0, 0, 0, 0]",crown
263795,user_1644,The crown has an ornate decoration.,358010RM5GMYFQXLBVOOK618SIXVXP,47.0,89717260f663fe13a9d8b37b5c73935c,cap,ShapeNet,1655aeff6e4ec121bfedd927d2c565df,cap,PartNet,False,cap/PartNet/1655aeff6e4ec121bfedd927d2c565df,cap/ShapeNet/89717260f663fe13a9d8b37b5c73935c,False,hat,cap,2,"['the', 'crown', 'has', 'an', 'ornate', 'decoration']",6,the crown has an ornate decoration,train,train,train,train,"[1, 10, 606, 24, 72, 191, 639, 2, 0, 0, 0, 0, 0, 0, 0, 0, 0, 0]",crown
263800,user_786,Its crown's right bottom has many braille-like square dots on it,3MHW492WW26NLEYHXOMF9PLALFMMV7,83.0,e823673c1edd73fb97c426435543a860,cap,ShapeNet,be6604a272cf945bf691615c36cac509,cap,ShapeNet,False,cap/ShapeNet/be6604a272cf945bf691615c36cac509,cap/ShapeNet/e823673c1edd73fb97c426435543a860,True,cap,cap,2,"['its', 'crown', ""'s"", 'right', 'bottom', 'has', 'many', 'braille', 'like', 'square', 'dots', 'on', 'it']",13,its crown 's right bottom has many braille like square dots on it,train,train,train,train,"[1, 5, 606, 12, 118, 76, 24, 30, 5435, 35, 50, 720, 20, 23, 2, 0, 0, 0]",crown
263802,user_786,Its crown's very top has a button,3BEFOD78W8MOR1F2DSLS0ZLX8UGM4K,104.0,9634ac7cd209cc7e230a4d129580843a,cap,PartNet,56bb0a2e6f729993fa5b6212657ae4a4,cap,PartNet,False,cap/PartNet/56bb0a2e6f729993fa5b6212657ae4a4,cap/PartNet/9634ac7cd209cc7e230a4d129580843a,True,hat,hat,2,"['its', 'crown', ""'s"", 'very', 'top', 'has', 'a', 'button']",8,its crown 's very top has a button,train,train,train,train,"[1, 5, 606, 12, 62, 99, 24, 26, 596, 2, 0, 0, 0, 0, 0, 0, 0, 0]",crown
263807,user_2105,target does not have sharp point on crown top,3SB5N7Y3O5X7031FJO0VBRBNVXF0G3,66.0,c5d20fc28adf769b1802624b30ec569e,cap,PartNet,824e0bb9c53a50d27c010a074193cb9e,cap,PartNet,False,cap/PartNet/824e0bb9c53a50d27c010a074193cb9e,cap/PartNet/c5d20fc28adf769b1802624b30ec569e,True,hat,hat,2,"['target', 'does', 'not', 'have', 'sharp', 'point', 'on', 'crown', 'top']",9,target does not have sharp point on crown top,train,train,train,train,"[1, 11, 39, 40, 84, 206, 412, 20, 606, 99, 2, 0, 0, 0, 0, 0, 0, 0]",crown
263814,user_203,The sides of the crown are equal in height.,384PI804XUUAQ8A6EOUC05UQJ7NS0R,164.0,bf120175fed89392954cc04e9b526b85,cap,PartNet,cdaccc660448206b108354aa2159bc1e,cap,PartNet,False,cap/PartNet/cdaccc660448206b108354aa2159bc1e,cap/PartNet/bf120175fed89392954cc04e9b526b85,True,hat,hat,2,"['the', 'sides', 'of', 'the', 'crown', 'are', 'equal', 'in', 'height']",9,the sides of the crown are equal in height,train,train,train,train,"[1, 10, 360, 38, 10, 606, 16, 1001, 90, 117, 2, 0, 0, 0, 0, 0, 0, 0]",crown
263816,user_1964,the brim is thinner vertically,3ATTHHXXWCHTTKDLCOP55HBEKG1IXF,46.0,bf120175fed89392954cc04e9b526b85,cap,PartNet,cdaccc660448206b108354aa2159bc1e,cap,PartNet,False,cap/PartNet/cdaccc660448206b108354aa2159bc1e,cap/PartNet/bf120175fed89392954cc04e9b526b85,True,hat,hat,2,"['the', 'brim', 'is', 'thin', '-er', 'vertically']",6,the brim is thin -er vertically,train,train,train,train,"[1, 10, 601, 7, 60, 9, 385, 2, 0, 0, 0, 0, 0, 0, 0, 0, 0, 0]",brim
263820,user_615,the crown is shaped like a cone,3U5JL4WY5M2ZLDE6RZN1BG1VFZ94XX,81.0,a4ad860de76ad2b52a2d94519249662c,cap,PartNet,61aae9be231d6c263dc5b29818b9b22e,cap,PartNet,False,cap/PartNet/61aae9be231d6c263dc5b29818b9b22e,cap/PartNet/a4ad860de76ad2b52a2d94519249662c,False,hat,hat,2,"['the', 'crown', 'is', 'shaped', 'like', 'a', 'cone']",7,the crown is shaped like a cone,train,train,train,train,"[1, 10, 606, 7, 14, 35, 26, 143, 2, 0, 0, 0, 0, 0, 0, 0, 0, 0]",crown
263821,user_1644,The crown is thinner.,3R5F3LQFV4DSU1O3B1QVMZNB4PYOZD,27.0,a4ad860de76ad2b52a2d94519249662c,cap,PartNet,61aae9be231d6c263dc5b29818b9b22e,cap,PartNet,False,cap/PartNet/61aae9be231d6c263dc5b29818b9b22e,cap/PartNet/a4ad860de76ad2b52a2d94519249662c,False,hat,hat,2,"['the', 'crown', 'is', 'thin', '-er']",5,the crown is thin -er,train,train,train,train,"[1, 10, 606, 7, 60, 9, 2, 0, 0, 0, 0, 0, 0, 0, 0, 0, 0, 0]",crown
263823,user_786,"Its crown's peak has a button, NOT an indentation",3JCG6DTRV5JM1L0S3IZMKB67EO3QQ3,150.0,62d4f8a7a8a1dc619ba80f08c401fbed,cap,PartNet,6e983d20e0bf80296829cd4082fbdbdf,cap,ShapeNet,False,cap/ShapeNet/6e983d20e0bf80296829cd4082fbdbdf,cap/PartNet/62d4f8a7a8a1dc619ba80f08c401fbed,True,cap,hat,2,"['its', 'crown', ""'s"", 'peak', 'has', 'a', 'button', 'not', 'an', 'indentation']",10,its crown 's peak has a button not an indentation,train,train,train,train,"[1, 5, 606, 12, 2148, 24, 26, 596, 40, 72, 653, 2, 0, 0, 0, 0, 0, 0]",crown
263826,user_156,The tip of its crown bends backwards.,3PMBY0YE29WCFL9NHYN5EBR108RC9P,42.0,deb19c41bc1e4ba5c8727b27ee96a4b7,cap,PartNet,8670ef4375bbb95568b8a8e5babef621,cap,PartNet,False,cap/PartNet/8670ef4375bbb95568b8a8e5babef621,cap/PartNet/deb19c41bc1e4ba5c8727b27ee96a4b7,False,hat,hat,2,"['the', 'tip', 'of', 'its', 'crown', 'bends', 'backwards']",7,the tip of its crown bends backwards,train,train,train,train,"[1, 10, 357, 38, 5, 606, 193, 479, 2, 0, 0, 0, 0, 0, 0, 0, 0, 0]",crown
263827,user_1644,It has a brim.,39LNWE0K4WP1CGJQ7JEILACAQZ4IU9,64.0,deb19c41bc1e4ba5c8727b27ee96a4b7,cap,PartNet,8670ef4375bbb95568b8a8e5babef621,cap,PartNet,False,cap/PartNet/8670ef4375bbb95568b8a8e5babef621,cap/PartNet/deb19c41bc1e4ba5c8727b27ee96a4b7,False,hat,hat,2,"['it', 'has', 'a', 'brim']",4,it has a brim,train,train,train,train,"[1, 23, 24, 26, 601, 2, 0, 0, 0, 0, 0, 0, 0, 0, 0, 0, 0, 0]",brim
263828,user_2105,target has triangular shaped top,3F1567XTNYYG9MJ6MGO0YGGI4OZ9Q0,142.0,deb19c41bc1e4ba5c8727b27ee96a4b7,cap,PartNet,8670ef4375bbb95568b8a8e5babef621,cap,PartNet,False,cap/PartNet/8670ef4375bbb95568b8a8e5babef621,cap/PartNet/deb19c41bc1e4ba5c8727b27ee96a4b7,False,hat,hat,2,"['target', 'has', 'triangular', 'shaped', 'top']",5,target has triangular shaped top,train,train,train,train,"[1, 11, 24, 564, 14, 99, 2, 0, 0, 0, 0, 0, 0, 0, 0, 0, 0, 0]",crown
263829,user_786,Its brim diameter is larger,3FDJT1UU761BXWJZ6LRMQEZ7JLG5K3,33.0,5a5c976be7015447f0d11ae402ef940e,cap,PartNet,e255ff4ea19d21c06fc9a18d280b1515,cap,PartNet,False,cap/PartNet/e255ff4ea19d21c06fc9a18d280b1515,cap/PartNet/5a5c976be7015447f0d11ae402ef940e,False,hat,hat,2,"['its', 'brim', 'diameter', 'is', 'large', '-er']",6,its brim diameter is large -er,test,train,test,train,"[1, 5, 601, 268, 7, 94, 9, 2, 0, 0, 0, 0, 0, 0, 0, 0, 0, 0]",brim
263831,user_1644,It has a brim.,3AAJC4I4FILETQX6VOYQE36P5W8JZB,19.0,5a5c976be7015447f0d11ae402ef940e,cap,PartNet,e255ff4ea19d21c06fc9a18d280b1515,cap,PartNet,False,cap/PartNet/e255ff4ea19d21c06fc9a18d280b1515,cap/PartNet/5a5c976be7015447f0d11ae402ef940e,False,hat,hat,2,"['it', 'has', 'a', 'brim']",4,it has a brim,test,train,test,train,"[1, 23, 24, 26, 601, 2, 0, 0, 0, 0, 0, 0, 0, 0, 0, 0, 0, 0]",brim
263835,user_786,Its crown's front center does NOT have a raised logo,3WLEIWSYHQASW9Z4IHMRFFG37VSH2J,109.0,fe319939c7dc4a6ff691355a196da5f,cap,PartNet,4c818a2a478b13db1e4e75745130e652,cap,PartNet,False,cap/PartNet/4c818a2a478b13db1e4e75745130e652,cap/PartNet/fe319939c7dc4a6ff691355a196da5f,False,hat,hat,2,"['its', 'crown', ""'s"", 'front', 'center', 'does', 'not', 'have', 'a', 'raised', 'logo']",11,its crown 's front center does not have a raised logo,train,train,train,train,"[1, 5, 606, 12, 37, 165, 39, 40, 84, 26, 681, 604, 2, 0, 0, 0, 0, 0]",crown
263837,user_1689,There is no bulge at its top.,3SB5N7Y3O5X7031FJO0VBRBNVWNG0P,181.0,fe319939c7dc4a6ff691355a196da5f,cap,PartNet,4c818a2a478b13db1e4e75745130e652,cap,PartNet,False,cap/PartNet/4c818a2a478b13db1e4e75745130e652,cap/PartNet/fe319939c7dc4a6ff691355a196da5f,False,hat,hat,2,"['there', 'is', 'no', 'bulge', 'at', 'its', 'top']",7,there is no bulge at its top,train,train,train,train,"[1, 15, 7, 123, 231, 98, 5, 99, 2, 0, 0, 0, 0, 0, 0, 0, 0, 0]",crown
263838,user_203,It does not have an ornate item on top of the crown.,3VNL7UK1XHC22C2B66INDHDGRTUTFR,61.0,1655aeff6e4ec121bfedd927d2c565df,cap,PartNet,288e11d15d927943068951f59ff267e,cap,PartNet,False,cap/PartNet/288e11d15d927943068951f59ff267e,cap/PartNet/1655aeff6e4ec121bfedd927d2c565df,False,hat,hat,2,"['it', 'does', 'not', 'have', 'an', 'ornate', 'item', 'on', 'top', 'of', 'the', 'crown']",12,it does not have an ornate item on top of the crown,train,train,train,train,"[1, 23, 39, 40, 84, 72, 191, 1355, 20, 99, 38, 10, 606, 2, 0, 0, 0, 0]",crown
263839,user_1644,It does not have an ornate decoration on top of the crown.,388U7OUMF9UYPTATZZU7AVPUX500R7,31.0,1655aeff6e4ec121bfedd927d2c565df,cap,PartNet,288e11d15d927943068951f59ff267e,cap,PartNet,False,cap/PartNet/288e11d15d927943068951f59ff267e,cap/PartNet/1655aeff6e4ec121bfedd927d2c565df,False,hat,hat,2,"['it', 'does', 'not', 'have', 'an', 'ornate', 'decoration', 'on', 'top', 'of', 'the', 'crown']",12,it does not have an ornate decoration on top of the crown,train,train,train,train,"[1, 23, 39, 40, 84, 72, 191, 639, 20, 99, 38, 10, 606, 2, 0, 0, 0, 0]",crown
263840,user_1689,Its has a front brim only.,3VE8AYVF8OQJ4SAN387SMLHTDFZF8C,187.0,1655aeff6e4ec121bfedd927d2c565df,cap,PartNet,288e11d15d927943068951f59ff267e,cap,PartNet,False,cap/PartNet/288e11d15d927943068951f59ff267e,cap/PartNet/1655aeff6e4ec121bfedd927d2c565df,False,hat,hat,2,"['its', 'has', 'a', 'front', 'brim', 'only']",6,its has a front brim only,train,train,train,train,"[1, 5, 24, 26, 37, 601, 133, 2, 0, 0, 0, 0, 0, 0, 0, 0, 0, 0]",brim
263841,user_1143,The target has a sloped top,3FTOP5WARHHHR5RGRULY8433NO6J0Y,38.0,373d717709b3e181bbda4bd2b976d8f7,cap,ShapeNet,202fd00196d296a745b2d64b440991ad,cap,PartNet,False,cap/PartNet/202fd00196d296a745b2d64b440991ad,cap/ShapeNet/373d717709b3e181bbda4bd2b976d8f7,True,hat,cap,2,"['the', 'target', 'has', 'a', 'sloped', 'top']",6,the target has a sloped top,test,train,test,train,"[1, 10, 11, 24, 26, 781, 99, 2, 0, 0, 0, 0, 0, 0, 0, 0, 0, 0]",crown
263846,user_1644,It has a button on the top.,3LYA37P8ISGDMC087VIZT0ZZTH6KBN,14.0,dc06523b3413d01d3ead562a41d49338,cap,PartNet,9634ac7cd209cc7e230a4d129580843a,cap,PartNet,False,cap/PartNet/9634ac7cd209cc7e230a4d129580843a,cap/PartNet/dc06523b3413d01d3ead562a41d49338,True,hat,hat,2,"['it', 'has', 'a', 'button', 'on', 'the', 'top']",7,it has a button on the top,train,train,train,train,"[1, 23, 24, 26, 596, 20, 10, 99, 2, 0, 0, 0, 0, 0, 0, 0, 0, 0]",crown
263850,user_786,Its visor spans less of the crown's circumference,3NPI0JQDAQYETPR5K9ESPBRKTYBTPM,93.0,3b0a1a20ef0ce1a34c90f2ddc14dc59b,cap,ShapeNet,c0e8723dcc5f948890f80ab08ae6ce2,cap,PartNet,False,cap/PartNet/c0e8723dcc5f948890f80ab08ae6ce2,cap/ShapeNet/3b0a1a20ef0ce1a34c90f2ddc14dc59b,True,hat,cap,2,"['its', 'visor', 'spans', 'less', 'of', 'the', 'crown', ""'s"", 'circumference']",9,its visor spans less of the crown 's circumference,train,train,train,train,"[1, 5, 605, 1250, 229, 38, 10, 606, 12, 180, 2, 0, 0, 0, 0, 0, 0, 0]",crown
263851,user_1633,"The target's brim is squared, not rounded.",3OJSZ2ATDUPN2HCFNR2DM9ULD1G57X,22.0,3b0a1a20ef0ce1a34c90f2ddc14dc59b,cap,ShapeNet,c0e8723dcc5f948890f80ab08ae6ce2,cap,PartNet,False,cap/PartNet/c0e8723dcc5f948890f80ab08ae6ce2,cap/ShapeNet/3b0a1a20ef0ce1a34c90f2ddc14dc59b,True,hat,cap,2,"['the', 'target', ""'s"", 'brim', 'is', 'squared', 'not', 'rounded']",8,the target 's brim is squared not rounded,train,train,train,train,"[1, 10, 11, 12, 601, 7, 427, 40, 48, 2, 0, 0, 0, 0, 0, 0, 0, 0]",brim
263853,user_1644,The crown is thicker.,3NJM2BJS4YZX78PUYNJ201RG5C8PCW,57.0,b9be3ecb04284bebdde3c649189c2dd4,cap,PartNet,223e336d3f1490e4ecaafbe064b13083,cap,PartNet,False,cap/PartNet/223e336d3f1490e4ecaafbe064b13083,cap/PartNet/b9be3ecb04284bebdde3c649189c2dd4,True,hat,hat,2,"['the', 'crown', 'is', 'thick', '-er']",5,the crown is thick -er,test,train,test,train,"[1, 10, 606, 7, 54, 9, 2, 0, 0, 0, 0, 0, 0, 0, 0, 0, 0, 0]",crown
263858,user_1633,The target is more of a baseball cap than a top hat.,39LOEL67OUYOOGUUJD6QLCSWAPV83X,29.0,f649b3afc815fff1e657bffb92fd93ce,cap,PartNet,4bd0b6df02772d8f59c9250a427b57f,cap,ShapeNet,False,cap/ShapeNet/4bd0b6df02772d8f59c9250a427b57f,cap/PartNet/f649b3afc815fff1e657bffb92fd93ce,False,cap,hat,2,"['the', 'target', 'is', 'more', 'of', 'a', 'baseball', 'cap', 'than', 'a', 'top', 'hat']",12,the target is more of a baseball cap than a top hat,test,train,test,train,"[1, 10, 11, 7, 34, 38, 26, 599, 435, 131, 26, 99, 602, 2, 0, 0, 0, 0]",crown
263859,user_1644,The crown is shorter.,3SLE99ER0P68B7ZU7WL9GFNCXQGBZX,12.0,f649b3afc815fff1e657bffb92fd93ce,cap,PartNet,4bd0b6df02772d8f59c9250a427b57f,cap,ShapeNet,False,cap/ShapeNet/4bd0b6df02772d8f59c9250a427b57f,cap/PartNet/f649b3afc815fff1e657bffb92fd93ce,False,cap,hat,2,"['the', 'crown', 'is', 'short', '-er']",5,the crown is short -er,test,train,test,train,"[1, 10, 606, 7, 8, 9, 2, 0, 0, 0, 0, 0, 0, 0, 0, 0, 0, 0]",crown
263860,user_2105,target has shorter height crown,3N1FSUEFL7TLN79P0ZMPH9Y3ZHG4DE,29.0,f649b3afc815fff1e657bffb92fd93ce,cap,PartNet,4bd0b6df02772d8f59c9250a427b57f,cap,ShapeNet,False,cap/ShapeNet/4bd0b6df02772d8f59c9250a427b57f,cap/PartNet/f649b3afc815fff1e657bffb92fd93ce,False,cap,hat,2,"['target', 'has', 'short', '-er', 'height', 'crown']",6,target has short -er height crown,test,train,test,train,"[1, 11, 24, 8, 9, 117, 606, 2, 0, 0, 0, 0, 0, 0, 0, 0, 0, 0]",crown
263863,user_1644,It does not have a button at the top.,336KAV9KYSLEI4PTSHQF1FB6XQY2YU,84.0,8338e10954ae6c5296b84415a3f1393b,cap,ShapeNet,f40b47fcbf83b962f0d11ae402ef940e,cap,ShapeNet,False,cap/ShapeNet/f40b47fcbf83b962f0d11ae402ef940e,cap/ShapeNet/8338e10954ae6c5296b84415a3f1393b,False,cap,cap,2,"['it', 'does', 'not', 'have', 'a', 'button', 'at', 'the', 'top']",9,it does not have a button at the top,train,train,train,train,"[1, 23, 39, 40, 84, 26, 596, 98, 10, 99, 2, 0, 0, 0, 0, 0, 0, 0]",crown
263865,user_1644,The crown is shorter.,3AUQQEL7U7MQI0RA8JZHBSEXIBFV0X,22.0,5a5c976be7015447f0d11ae402ef940e,cap,PartNet,9673c2be589c2b9df0d11ae402ef940e,cap,ShapeNet,False,cap/ShapeNet/9673c2be589c2b9df0d11ae402ef940e,cap/PartNet/5a5c976be7015447f0d11ae402ef940e,True,cap,hat,2,"['the', 'crown', 'is', 'short', '-er']",5,the crown is short -er,test,train,test,train,"[1, 10, 606, 7, 8, 9, 2, 0, 0, 0, 0, 0, 0, 0, 0, 0, 0, 0]",crown
263867,user_1633,The target has a little button on the top.,3Q8GYXHFERVTEY7BE8AO2VMZEC7C5X,30.0,d0313cadc2b4b2cc1372a4afda9e2f07,cap,PartNet,3957332e2d23ff61ce2704286124606b,cap,ShapeNet,False,cap/ShapeNet/3957332e2d23ff61ce2704286124606b,cap/PartNet/d0313cadc2b4b2cc1372a4afda9e2f07,False,cap,hat,2,"['the', 'target', 'has', 'a', 'little', 'button', 'on', 'the', 'top']",9,the target has a little button on the top,train,train,train,train,"[1, 10, 11, 24, 26, 907, 596, 20, 10, 99, 2, 0, 0, 0, 0, 0, 0, 0]",crown
263868,user_1644,The crown is shorter.,31Q0U3WYDR8OEZBWM401JJH41LC17C,23.0,d0313cadc2b4b2cc1372a4afda9e2f07,cap,PartNet,3957332e2d23ff61ce2704286124606b,cap,ShapeNet,False,cap/ShapeNet/3957332e2d23ff61ce2704286124606b,cap/PartNet/d0313cadc2b4b2cc1372a4afda9e2f07,False,cap,hat,2,"['the', 'crown', 'is', 'short', '-er']",5,the crown is short -er,train,train,train,train,"[1, 10, 606, 7, 8, 9, 2, 0, 0, 0, 0, 0, 0, 0, 0, 0, 0, 0]",crown
263869,user_1964,this is not a top hat,3TE3O8573215L3D7EMYLTJI9U3K2RT,27.0,d0313cadc2b4b2cc1372a4afda9e2f07,cap,PartNet,3957332e2d23ff61ce2704286124606b,cap,ShapeNet,False,cap/ShapeNet/3957332e2d23ff61ce2704286124606b,cap/PartNet/d0313cadc2b4b2cc1372a4afda9e2f07,False,cap,hat,2,"['this', 'is', 'not', 'a', 'top', 'hat']",6,this is not a top hat,train,train,train,train,"[1, 301, 7, 40, 26, 99, 602, 2, 0, 0, 0, 0, 0, 0, 0, 0, 0, 0]",crown
263870,user_1633,"The target has a visor, not a brim.",3VSOLARPKD2O2LD4O5C4L8N7UVD93N,20.0,c68d509f6d2db0bab581cc9c4410f841,cap,PartNet,576d5a4b1d688680bed7e3eef8315549,cap,PartNet,False,cap/PartNet/576d5a4b1d688680bed7e3eef8315549,cap/PartNet/c68d509f6d2db0bab581cc9c4410f841,False,hat,hat,2,"['the', 'target', 'has', 'a', 'visor', 'not', 'a', 'brim']",8,the target has a visor not a brim,train,train,train,train,"[1, 10, 11, 24, 26, 605, 40, 26, 601, 2, 0, 0, 0, 0, 0, 0, 0, 0]",brim
263874,user_1644,The crown is shorter.,3MYYFCXHJ50OZRJG2PNXNU10C854GV,18.0,d0313cadc2b4b2cc1372a4afda9e2f07,cap,PartNet,b08d714d0617f5d5305be49cf697a665,cap,PartNet,False,cap/PartNet/b08d714d0617f5d5305be49cf697a665,cap/PartNet/d0313cadc2b4b2cc1372a4afda9e2f07,False,hat,hat,2,"['the', 'crown', 'is', 'short', '-er']",5,the crown is short -er,val,train,val,train,"[1, 10, 606, 7, 8, 9, 2, 0, 0, 0, 0, 0, 0, 0, 0, 0, 0, 0]",crown
263875,user_1689,Its crown is lower.,3QJOXOW4XLK6J3CV2YX59LXOLJ9MEP,135.0,d0313cadc2b4b2cc1372a4afda9e2f07,cap,PartNet,b08d714d0617f5d5305be49cf697a665,cap,PartNet,False,cap/PartNet/b08d714d0617f5d5305be49cf697a665,cap/PartNet/d0313cadc2b4b2cc1372a4afda9e2f07,False,hat,hat,2,"['its', 'crown', 'is', 'low', '-er']",5,its crown is low -er,val,train,val,train,"[1, 5, 606, 7, 345, 9, 2, 0, 0, 0, 0, 0, 0, 0, 0, 0, 0, 0]",crown
263883,user_786,Its crown's front bottom has a five-point star on it,3U0SRXB7CFY1AP2005W5L7L75ZJRNJ,45.0,cfdd264126abf98d920db8ca8825dcda,cap,PartNet,2a46cf234503f21b3c91c1204c720f19,cap,PartNet,False,cap/PartNet/2a46cf234503f21b3c91c1204c720f19,cap/PartNet/cfdd264126abf98d920db8ca8825dcda,True,hat,hat,2,"['its', 'crown', ""'s"", 'front', 'bottom', 'has', 'a', 'five', 'point', 'star', 'on', 'it']",12,its crown 's front bottom has a five point star on it,test,train,test,train,"[1, 5, 606, 12, 37, 76, 24, 26, 953, 412, 683, 20, 23, 2, 0, 0, 0, 0]",crown
263885,user_786,Its brim has a sharp upper edge and has less downward curvature,3GM6G9ZBKPQ88MUSSTM087XPOTXMTG,172.0,5f988e8af9ac5b873d1423abb84263f3,cap,PartNet,2935eced813475ffcd89d8aa7fd7b92c,cap,PartNet,False,cap/PartNet/2935eced813475ffcd89d8aa7fd7b92c,cap/PartNet/5f988e8af9ac5b873d1423abb84263f3,True,hat,hat,2,"['its', 'brim', 'has', 'a', 'sharp', 'upper', 'edge', 'and', 'has', 'less', 'downward', 'curvature']",12,its brim has a sharp upper edge and has less downward curvature,train,train,train,train,"[1, 5, 601, 24, 26, 206, 1050, 631, 47, 24, 229, 42, 749, 2, 0, 0, 0, 0]",brim
263886,user_1633,The target does not have a ball at the top.,30LSNF239WOSS4AOOZ4CFRHI7702IO,25.0,5f988e8af9ac5b873d1423abb84263f3,cap,PartNet,2935eced813475ffcd89d8aa7fd7b92c,cap,PartNet,False,cap/PartNet/2935eced813475ffcd89d8aa7fd7b92c,cap/PartNet/5f988e8af9ac5b873d1423abb84263f3,True,hat,hat,2,"['the', 'target', 'does', 'not', 'have', 'a', 'ball', 'at', 'the', 'top']",10,the target does not have a ball at the top,train,train,train,train,"[1, 10, 11, 39, 40, 84, 26, 668, 98, 10, 99, 2, 0, 0, 0, 0, 0, 0]",crown
263887,user_1644,It is a top hat.,3EG49X351W5D00IKANGG8EL9BP6X60,34.0,5f988e8af9ac5b873d1423abb84263f3,cap,PartNet,2935eced813475ffcd89d8aa7fd7b92c,cap,PartNet,False,cap/PartNet/2935eced813475ffcd89d8aa7fd7b92c,cap/PartNet/5f988e8af9ac5b873d1423abb84263f3,True,hat,hat,2,"['it', 'is', 'a', 'top', 'hat']",5,it is a top hat,train,train,train,train,"[1, 23, 7, 26, 99, 602, 2, 0, 0, 0, 0, 0, 0, 0, 0, 0, 0, 0]",crown
263888,user_786,Its crown's bottom 1/6 has completely vertical edges,3A4TN5196MB5URR6FABXRSPPJM5HCS,137.0,6f93656d083e985465bae2cb33eb4baa,cap,ShapeNet,591262ba071ebd196c8bf2a864894125,cap,PartNet,False,cap/PartNet/591262ba071ebd196c8bf2a864894125,cap/ShapeNet/6f93656d083e985465bae2cb33eb4baa,True,hat,cap,2,"['its', 'crown', ""'s"", 'bottom', 'one', 'six', 'has', 'completely', 'vertical', 'edges']",10,its crown 's bottom one six has completely vertical edges,train,train,train,train,"[1, 5, 606, 12, 76, 19, 553, 24, 169, 283, 325, 2, 0, 0, 0, 0, 0, 0]",crown
263890,user_1964,the top is not a half circle,34J10VATJHR9KNC9QAUDB9FLNDEQIQ,65.0,6f93656d083e985465bae2cb33eb4baa,cap,ShapeNet,591262ba071ebd196c8bf2a864894125,cap,PartNet,False,cap/PartNet/591262ba071ebd196c8bf2a864894125,cap/ShapeNet/6f93656d083e985465bae2cb33eb4baa,True,hat,cap,2,"['the', 'top', 'is', 'not', 'a', 'half', 'circle']",7,the top is not a half circle,train,train,train,train,"[1, 10, 99, 7, 40, 26, 158, 149, 2, 0, 0, 0, 0, 0, 0, 0, 0, 0]",crown
263893,user_2105,target has square shapes around crown,3Y9N9SS8L0405BQL0LH6746XLHLD33,46.0,1655aeff6e4ec121bfedd927d2c565df,cap,PartNet,ce9fbdd20598b670548ef619bebf2d75,cap,PartNet,False,cap/PartNet/ce9fbdd20598b670548ef619bebf2d75,cap/PartNet/1655aeff6e4ec121bfedd927d2c565df,False,hat,hat,2,"['target', 'has', 'square', 'shapes', 'around', 'crown']",6,target has square shapes around crown,train,train,train,train,"[1, 11, 24, 50, 980, 239, 606, 2, 0, 0, 0, 0, 0, 0, 0, 0, 0, 0]",crown
263895,user_1633,The target has a thinner brim.,3JBT3HLQFAVAF104Q13ABZS1EUYPZZ,22.0,233a6e7c31de58a33d4bab39ff8346fd,cap,PartNet,7b62c58f5911d1061737058619bcd307,cap,PartNet,False,cap/PartNet/7b62c58f5911d1061737058619bcd307,cap/PartNet/233a6e7c31de58a33d4bab39ff8346fd,True,hat,hat,2,"['the', 'target', 'has', 'a', 'thin', '-er', 'brim']",7,the target has a thin -er brim,train,train,train,train,"[1, 10, 11, 24, 26, 60, 9, 601, 2, 0, 0, 0, 0, 0, 0, 0, 0, 0]",brim
263896,user_1644,Crown is wider.,3E4GGUZ1TAKJYZ0CO2POS7WVZBT2K3,28.0,233a6e7c31de58a33d4bab39ff8346fd,cap,PartNet,7b62c58f5911d1061737058619bcd307,cap,PartNet,False,cap/PartNet/7b62c58f5911d1061737058619bcd307,cap/PartNet/233a6e7c31de58a33d4bab39ff8346fd,True,hat,hat,2,"['crown', 'is', 'wide', '-er']",4,crown is wide -er,train,train,train,train,"[1, 606, 7, 83, 9, 2, 0, 0, 0, 0, 0, 0, 0, 0, 0, 0, 0, 0]",crown
263897,user_786,Its crown does NOT have rectangular and vertical ridge-like protrusions,3VSOLARPKD2O2LD4O5C4L8N7UVE39I,113.0,81d58b65303dc155a8963fe61f2bc75f,cap,PartNet,b1701c999c33e44630c809a91a1466ef,cap,PartNet,False,cap/PartNet/b1701c999c33e44630c809a91a1466ef,cap/PartNet/81d58b65303dc155a8963fe61f2bc75f,False,hat,hat,2,"['its', 'crown', 'does', 'not', 'have', 'rectangular', 'and', 'vertical', 'ridge', 'like', 'protrusions']",11,its crown does not have rectangular and vertical ridge like protrusions,test,train,test,train,"[1, 5, 606, 39, 40, 84, 128, 47, 283, 1275, 35, 252, 2, 0, 0, 0, 0, 0]",crown
263903,user_90,It has a small break in the brim,3JW0YLFXRV9W5FS0R0XY4P6FQQFWWV,90.0,77f97b18d27a8905afd2bc3942374579,cap,PartNet,8156dab09860124627526d19de7c3249,cap,PartNet,False,cap/PartNet/8156dab09860124627526d19de7c3249,cap/PartNet/77f97b18d27a8905afd2bc3942374579,True,hat,hat,2,"['it', 'has', 'a', 'small', 'break', 'in', 'the', 'brim']",8,it has a small break in the brim,train,train,train,train,"[1, 23, 24, 26, 111, 2375, 90, 10, 601, 2, 0, 0, 0, 0, 0, 0, 0, 0]",brim
263905,user_2105,target has longer length crown,36V4Q8R5ZMTVG620BPS532M24NPMQV,54.0,77f97b18d27a8905afd2bc3942374579,cap,PartNet,8156dab09860124627526d19de7c3249,cap,PartNet,False,cap/PartNet/8156dab09860124627526d19de7c3249,cap/PartNet/77f97b18d27a8905afd2bc3942374579,True,hat,hat,2,"['target', 'has', 'long', '-er', 'length', 'crown']",6,target has long -er length crown,train,train,train,train,"[1, 11, 24, 32, 9, 155, 606, 2, 0, 0, 0, 0, 0, 0, 0, 0, 0, 0]",crown
263909,user_1529,The top is a hexagonal shape.,3U4J9857OG4PRXTOO1TQPVUDNYVB7Z,157.0,f84abb697315dd7784c54dff812f6abb,cap,PartNet,6a0080b5908b06f93d73b22cbe25cea9,cap,PartNet,False,cap/PartNet/6a0080b5908b06f93d73b22cbe25cea9,cap/PartNet/f84abb697315dd7784c54dff812f6abb,False,hat,hat,2,"['the', 'top', 'is', 'a', 'hexagonal', 'shape']",6,the top is a hexagonal shape,train,train,train,train,"[1, 10, 99, 7, 26, 642, 93, 2, 0, 0, 0, 0, 0, 0, 0, 0, 0, 0]",crown
263910,user_1644,The crown is not round.,3Z4GS9HPNX32PLQYBKHAKT8H47F77I,39.0,f84abb697315dd7784c54dff812f6abb,cap,PartNet,6a0080b5908b06f93d73b22cbe25cea9,cap,PartNet,False,cap/PartNet/6a0080b5908b06f93d73b22cbe25cea9,cap/PartNet/f84abb697315dd7784c54dff812f6abb,False,hat,hat,2,"['the', 'crown', 'is', 'not', 'round']",5,the crown is not round,train,train,train,train,"[1, 10, 606, 7, 40, 134, 2, 0, 0, 0, 0, 0, 0, 0, 0, 0, 0, 0]",crown
263911,user_2105,target has a taller crown,31Z0PCVWUM8PNJN5ONKBPP0ZT5B7T1,66.0,f84abb697315dd7784c54dff812f6abb,cap,PartNet,6a0080b5908b06f93d73b22cbe25cea9,cap,PartNet,False,cap/PartNet/6a0080b5908b06f93d73b22cbe25cea9,cap/PartNet/f84abb697315dd7784c54dff812f6abb,False,hat,hat,2,"['target', 'has', 'a', 'tall', '-er', 'crown']",6,target has a tall -er crown,train,train,train,train,"[1, 11, 24, 26, 53, 9, 606, 2, 0, 0, 0, 0, 0, 0, 0, 0, 0, 0]",crown
263914,user_2105,target has shorter height crown,3L4PIM1GQV9VMO6E775G2NJE9JNRY9,27.0,14df58bdedfbb41141edb96d309c9a23,cap,ShapeNet,ed352b53b17b6119e762cf5917cef4ef,cap,ShapeNet,False,cap/ShapeNet/ed352b53b17b6119e762cf5917cef4ef,cap/ShapeNet/14df58bdedfbb41141edb96d309c9a23,False,cap,cap,2,"['target', 'has', 'short', '-er', 'height', 'crown']",6,target has short -er height crown,train,train,train,train,"[1, 11, 24, 8, 9, 117, 606, 2, 0, 0, 0, 0, 0, 0, 0, 0, 0, 0]",crown
263918,user_1529,There is no brim or visor.,33LKR6A5KGDBCX83Z732OF9MQI21TN,89.0,a444fff8c769de616a10eb60523df1e9,cap,ShapeNet,23d52d07b2bd7973cbb1d488e5017b1e,cap,PartNet,False,cap/PartNet/23d52d07b2bd7973cbb1d488e5017b1e,cap/ShapeNet/a444fff8c769de616a10eb60523df1e9,True,hat,cap,2,"['there', 'is', 'no', 'brim', 'or', 'visor']",6,there is no brim or visor,train,train,train,train,"[1, 15, 7, 123, 601, 124, 605, 2, 0, 0, 0, 0, 0, 0, 0, 0, 0, 0]",brim
263921,user_786,Its crown is smoother and less faceted,3HPZF4IVNOMRGMHVPAFLDSKS9HBCYD,91.0,ad672c08a646c7419cd3f9e8648111d1,cap,PartNet,463013adc207ca16eb5d382c7eb13b28,cap,PartNet,False,cap/PartNet/463013adc207ca16eb5d382c7eb13b28,cap/PartNet/ad672c08a646c7419cd3f9e8648111d1,False,hat,hat,2,"['its', 'crown', 'is', 'smooth', '-er', 'and', 'less', 'faceted']",8,its crown is smooth -er and less faceted,train,train,train,train,"[1, 5, 606, 7, 379, 9, 47, 229, 931, 2, 0, 0, 0, 0, 0, 0, 0, 0]",crown
263927,user_786,Its crown is ridged textured like a heap of carefully laid down conical soft dung,3018Q3ZVOKJUQ68BR1R0Z1176RBRAO,68.0,6795f4e6300d5606e639776fc2bb6cca,cap,PartNet,26ded18f7b1ad4c83a444f07ecb8c124,cap,PartNet,False,cap/PartNet/26ded18f7b1ad4c83a444f07ecb8c124,cap/PartNet/6795f4e6300d5606e639776fc2bb6cca,False,hat,hat,2,"['its', 'crown', 'is', 'ridged', 'textured', 'like', 'a', 'heap', 'of', 'carefully', 'laid', 'down', 'conical', 'soft', 'dung']",15,its crown is ridged textured like a heap of carefully laid down conical soft dung,train,train,train,train,"[1, 5, 606, 7, 896, 2385, 35, 26, 3, 38, 3, 1344, 44, 399, 706, 3, 2, 0]",crown
263928,user_1633,The target is not a top hat.,30BUDKLTXFO8BWRPAZGJSJM2ZOOE5W,23.0,6795f4e6300d5606e639776fc2bb6cca,cap,PartNet,26ded18f7b1ad4c83a444f07ecb8c124,cap,PartNet,False,cap/PartNet/26ded18f7b1ad4c83a444f07ecb8c124,cap/PartNet/6795f4e6300d5606e639776fc2bb6cca,False,hat,hat,2,"['the', 'target', 'is', 'not', 'a', 'top', 'hat']",7,the target is not a top hat,train,train,train,train,"[1, 10, 11, 7, 40, 26, 99, 602, 2, 0, 0, 0, 0, 0, 0, 0, 0, 0]",crown
263929,user_1644,The crown is more pointed.,36DSNE9QZ7R2UMJZTFN9Y5ZLLRLOJS,22.0,6795f4e6300d5606e639776fc2bb6cca,cap,PartNet,26ded18f7b1ad4c83a444f07ecb8c124,cap,PartNet,False,cap/PartNet/26ded18f7b1ad4c83a444f07ecb8c124,cap/PartNet/6795f4e6300d5606e639776fc2bb6cca,False,hat,hat,2,"['the', 'crown', 'is', 'more', 'pointed']",5,the crown is more pointed,train,train,train,train,"[1, 10, 606, 7, 34, 387, 2, 0, 0, 0, 0, 0, 0, 0, 0, 0, 0, 0]",crown
263933,user_1644,The crown is thinner.,36W0OB37HY7I2K2G7OV52QQAS3KZH0,21.0,d243dfb497b2a51bf784e4a55df53109,cap,PartNet,3d8381bbd02ff8e23a579c3371197382,cap,PartNet,False,cap/PartNet/3d8381bbd02ff8e23a579c3371197382,cap/PartNet/d243dfb497b2a51bf784e4a55df53109,True,hat,hat,2,"['the', 'crown', 'is', 'thin', '-er']",5,the crown is thin -er,train,train,train,train,"[1, 10, 606, 7, 60, 9, 2, 0, 0, 0, 0, 0, 0, 0, 0, 0, 0, 0]",crown
263934,user_1964,there is no rectangle on the front of the crown,33TIN5LC063PIOASDQ5UB2JK3W8Y9I,50.0,d243dfb497b2a51bf784e4a55df53109,cap,PartNet,3d8381bbd02ff8e23a579c3371197382,cap,PartNet,False,cap/PartNet/3d8381bbd02ff8e23a579c3371197382,cap/PartNet/d243dfb497b2a51bf784e4a55df53109,True,hat,hat,2,"['there', 'is', 'no', 'rectangle', 'on', 'the', 'front', 'of', 'the', 'crown']",10,there is no rectangle on the front of the crown,train,train,train,train,"[1, 15, 7, 123, 425, 20, 10, 37, 38, 10, 606, 2, 0, 0, 0, 0, 0, 0]",crown
263935,user_203,The edge of the brim is not as tall.,3L0KT67Y8G97N36RMW5LSXOAVLDSY5,60.0,233a6e7c31de58a33d4bab39ff8346fd,cap,PartNet,b0b7e7e0e34b4f79487003545673a337,cap,PartNet,False,cap/PartNet/b0b7e7e0e34b4f79487003545673a337,cap/PartNet/233a6e7c31de58a33d4bab39ff8346fd,True,hat,hat,2,"['the', 'edge', 'of', 'the', 'brim', 'is', 'not', 'as', 'tall']",9,the edge of the brim is not as tall,train,train,train,train,"[1, 10, 631, 38, 10, 601, 7, 40, 52, 53, 2, 0, 0, 0, 0, 0, 0, 0]",brim
263936,user_786,Its brim is thinner,3TVRFO09GM8VJLLRXRMIXX361KVLXW,38.0,233a6e7c31de58a33d4bab39ff8346fd,cap,PartNet,b0b7e7e0e34b4f79487003545673a337,cap,PartNet,False,cap/PartNet/b0b7e7e0e34b4f79487003545673a337,cap/PartNet/233a6e7c31de58a33d4bab39ff8346fd,True,hat,hat,2,"['its', 'brim', 'is', 'thin', '-er']",5,its brim is thin -er,train,train,train,train,"[1, 5, 601, 7, 60, 9, 2, 0, 0, 0, 0, 0, 0, 0, 0, 0, 0, 0]",brim
263938,user_491,The target does not have a brim all the way around it.,3QY5DC2MXTDH2PH06B8XIDZIA6RFUS,82.0,13341d1c3636717e4773d7a183337d9,cap,PartNet,d3c12600578e3f57a8963fe61f2bc75f,cap,PartNet,False,cap/PartNet/d3c12600578e3f57a8963fe61f2bc75f,cap/PartNet/13341d1c3636717e4773d7a183337d9,True,hat,hat,2,"['the', 'target', 'does', 'not', 'have', 'a', 'brim', 'all', 'the', 'way', 'around', 'it']",12,the target does not have a brim all the way around it,test,train,test,train,"[1, 10, 11, 39, 40, 84, 26, 601, 367, 10, 471, 239, 23, 2, 0, 0, 0, 0]",brim
263942,user_786,Its crown's base is more smoothly circular and less faceted,3EFE17QCREYL18G2CW1X6XT75OKSHO,101.0,deb19c41bc1e4ba5c8727b27ee96a4b7,cap,PartNet,47d13a0b345864a7f72b7502ead7387b,cap,PartNet,False,cap/PartNet/47d13a0b345864a7f72b7502ead7387b,cap/PartNet/deb19c41bc1e4ba5c8727b27ee96a4b7,True,hat,hat,2,"['its', 'crown', ""'s"", 'base', 'is', 'more', 'smoothly', 'circular', 'and', 'less', 'faceted']",11,its crown 's base is more smoothly circular and less faceted,train,train,train,train,"[1, 5, 606, 12, 103, 7, 34, 1523, 102, 47, 229, 931, 2, 0, 0, 0, 0, 0]",crown
263943,user_1529,The top isn't completely flat.,3IXEICO794C6JJ905DFJJB03YTI6TQ,196.0,deb19c41bc1e4ba5c8727b27ee96a4b7,cap,PartNet,47d13a0b345864a7f72b7502ead7387b,cap,PartNet,False,cap/PartNet/47d13a0b345864a7f72b7502ead7387b,cap/PartNet/deb19c41bc1e4ba5c8727b27ee96a4b7,True,hat,hat,2,"['the', 'top', 'is', 'not', 'completely', 'flat']",6,the top is not completely flat,train,train,train,train,"[1, 10, 99, 7, 40, 169, 129, 2, 0, 0, 0, 0, 0, 0, 0, 0, 0, 0]",crown
263944,user_90,It has a rounded corners in the crown,3DH6GAKTY0I4OFS5HOZTOQLDI0JYZM,96.0,233a6e7c31de58a33d4bab39ff8346fd,cap,PartNet,a1194f613435ee2d8ffc94a6ce28be5e,cap,PartNet,False,cap/PartNet/a1194f613435ee2d8ffc94a6ce28be5e,cap/PartNet/233a6e7c31de58a33d4bab39ff8346fd,True,hat,hat,2,"['it', 'has', 'a', 'rounded', 'corners', 'in', 'the', 'crown']",8,it has a rounded corners in the crown,train,train,train,train,"[1, 23, 24, 26, 48, 735, 90, 10, 606, 2, 0, 0, 0, 0, 0, 0, 0, 0]",crown
263945,user_1644,It is not a top hat.,3Z9WI9EOZ1HNDP3U7NSVFB2XOU7HKW,31.0,233a6e7c31de58a33d4bab39ff8346fd,cap,PartNet,a1194f613435ee2d8ffc94a6ce28be5e,cap,PartNet,False,cap/PartNet/a1194f613435ee2d8ffc94a6ce28be5e,cap/PartNet/233a6e7c31de58a33d4bab39ff8346fd,True,hat,hat,2,"['it', 'is', 'not', 'a', 'top', 'hat']",6,it is not a top hat,train,train,train,train,"[1, 23, 7, 40, 26, 99, 602, 2, 0, 0, 0, 0, 0, 0, 0, 0, 0, 0]",crown
263946,user_1964,the top is rounded,3F0BG9B9MRGL45MZYT7AX6SE86L7YG,32.0,233a6e7c31de58a33d4bab39ff8346fd,cap,PartNet,a1194f613435ee2d8ffc94a6ce28be5e,cap,PartNet,False,cap/PartNet/a1194f613435ee2d8ffc94a6ce28be5e,cap/PartNet/233a6e7c31de58a33d4bab39ff8346fd,True,hat,hat,2,"['the', 'top', 'is', 'rounded']",4,the top is rounded,train,train,train,train,"[1, 10, 99, 7, 48, 2, 0, 0, 0, 0, 0, 0, 0, 0, 0, 0, 0, 0]",crown
263947,user_1143,The target has a brim the whole way around,3AUQQEL7U7MQI0RA8JZHBSEXIBE0V1,38.0,dc3e5c0457defe87a52821bf1aa3b19a,cap,ShapeNet,77e819e803f1fa8b616c08e4715af963,cap,PartNet,False,cap/PartNet/77e819e803f1fa8b616c08e4715af963,cap/ShapeNet/dc3e5c0457defe87a52821bf1aa3b19a,False,hat,cap,2,"['the', 'target', 'has', 'a', 'brim', 'the', 'whole', 'way', 'around']",9,the target has a brim the whole way around,train,train,train,train,"[1, 10, 11, 24, 26, 601, 10, 472, 471, 239, 2, 0, 0, 0, 0, 0, 0, 0]",brim
263949,user_1644,It does not have a button at the top.,32AT8R96GN2Q6UMMCV8WPCIXZWMUSR,38.0,dc3e5c0457defe87a52821bf1aa3b19a,cap,ShapeNet,77e819e803f1fa8b616c08e4715af963,cap,PartNet,False,cap/PartNet/77e819e803f1fa8b616c08e4715af963,cap/ShapeNet/dc3e5c0457defe87a52821bf1aa3b19a,False,hat,cap,2,"['it', 'does', 'not', 'have', 'a', 'button', 'at', 'the', 'top']",9,it does not have a button at the top,train,train,train,train,"[1, 23, 39, 40, 84, 26, 596, 98, 10, 99, 2, 0, 0, 0, 0, 0, 0, 0]",crown
263954,user_677,It is flatter on top,31Q0U3WYDR8OEZBWM401JJH41MK71S,47.0,647864ea6669f539379c6a1d59ef7283,cap,PartNet,a826c25abe5d1e4b6c57e21624dd9952,cap,PartNet,False,cap/PartNet/a826c25abe5d1e4b6c57e21624dd9952,cap/PartNet/647864ea6669f539379c6a1d59ef7283,False,hat,hat,2,"['it', 'is', 'flat', '-er', 'on', 'top']",6,it is flat -er on top,train,train,train,train,"[1, 23, 7, 129, 9, 20, 99, 2, 0, 0, 0, 0, 0, 0, 0, 0, 0, 0]",crown
263955,user_1644,The brim does not look like it is rolled up.,3NG53N1RLXCVV5ZHHB3XYFVXFLNP8Q,257.0,647864ea6669f539379c6a1d59ef7283,cap,PartNet,a826c25abe5d1e4b6c57e21624dd9952,cap,PartNet,False,cap/PartNet/a826c25abe5d1e4b6c57e21624dd9952,cap/PartNet/647864ea6669f539379c6a1d59ef7283,False,hat,hat,2,"['the', 'brim', 'does', 'not', 'look', 'like', 'it', 'is', 'rolled', 'up']",10,the brim does not look like it is rolled up,train,train,train,train,"[1, 10, 601, 39, 40, 186, 35, 23, 7, 733, 269, 2, 0, 0, 0, 0, 0, 0]",brim
263962,user_920,The target has a brim not a visor.,3N1FSUEFL7TLN79P0ZMPH9Y3ZGPD4U,34.0,81d58b65303dc155a8963fe61f2bc75f,cap,PartNet,58951c10aaeeff2afe8474bfd438f6d8,cap,PartNet,False,cap/PartNet/58951c10aaeeff2afe8474bfd438f6d8,cap/PartNet/81d58b65303dc155a8963fe61f2bc75f,False,hat,hat,2,"['the', 'target', 'has', 'a', 'brim', 'not', 'a', 'visor']",8,the target has a brim not a visor,train,train,train,train,"[1, 10, 11, 24, 26, 601, 40, 26, 605, 2, 0, 0, 0, 0, 0, 0, 0, 0]",brim
263965,user_203,It has a brim.,3X65QVEQI2G7GNAW6VQVJKIW03NLCC,42.0,47d13a0b345864a7f72b7502ead7387b,cap,PartNet,d874bb309edb91e04e5a22e049c207b1,cap,PartNet,False,cap/PartNet/d874bb309edb91e04e5a22e049c207b1,cap/PartNet/47d13a0b345864a7f72b7502ead7387b,False,hat,hat,2,"['it', 'has', 'a', 'brim']",4,it has a brim,train,train,train,train,"[1, 23, 24, 26, 601, 2, 0, 0, 0, 0, 0, 0, 0, 0, 0, 0, 0, 0]",brim
263968,user_203,The crown has a more gentle curve.,3GLB5JMZFZO1ZN29V0OQQYV6PM5GDT,131.0,90c6bffdc81cedbeb80102c6e0a7618a,cap,ShapeNet,89717260f663fe13a9d8b37b5c73935c,cap,ShapeNet,False,cap/ShapeNet/89717260f663fe13a9d8b37b5c73935c,cap/ShapeNet/90c6bffdc81cedbeb80102c6e0a7618a,True,cap,cap,2,"['the', 'crown', 'has', 'a', 'more', 'gentle', 'curve']",7,the crown has a more gentle curve,train,train,train,train,"[1, 10, 606, 24, 26, 34, 362, 43, 2, 0, 0, 0, 0, 0, 0, 0, 0, 0]",crown
263972,user_1644,It is a top hat.,3CTOC39K39JV9GR0CT67NJDQV2BJ7X,27.0,2b1a1d63bd7e931c12a8043ef6529707,cap,PartNet,c49d544f3743bc08d23279d7571c8868,cap,PartNet,False,cap/PartNet/c49d544f3743bc08d23279d7571c8868,cap/PartNet/2b1a1d63bd7e931c12a8043ef6529707,False,hat,hat,2,"['it', 'is', 'a', 'top', 'hat']",5,it is a top hat,train,train,train,train,"[1, 23, 7, 26, 99, 602, 2, 0, 0, 0, 0, 0, 0, 0, 0, 0, 0, 0]",crown
263973,user_2105,target has smaller brim,3VZLGYJEYN3FOA2VCSDR5CE4GUBZX3,35.0,2b1a1d63bd7e931c12a8043ef6529707,cap,PartNet,c49d544f3743bc08d23279d7571c8868,cap,PartNet,False,cap/PartNet/c49d544f3743bc08d23279d7571c8868,cap/PartNet/2b1a1d63bd7e931c12a8043ef6529707,False,hat,hat,2,"['target', 'has', 'small', '-er', 'brim']",5,target has small -er brim,train,train,train,train,"[1, 11, 24, 111, 9, 601, 2, 0, 0, 0, 0, 0, 0, 0, 0, 0, 0, 0]",brim
263975,user_1644,The crown is wider.,3ZGVPD4G6VA87TTB7ICUG9TY3YZZTW,20.0,233a6e7c31de58a33d4bab39ff8346fd,cap,PartNet,98698fc854d6a919a163a814bd04d6,cap,PartNet,False,cap/PartNet/98698fc854d6a919a163a814bd04d6,cap/PartNet/233a6e7c31de58a33d4bab39ff8346fd,True,hat,hat,2,"['the', 'crown', 'is', 'wide', '-er']",5,the crown is wide -er,train,train,train,train,"[1, 10, 606, 7, 83, 9, 2, 0, 0, 0, 0, 0, 0, 0, 0, 0, 0, 0]",crown
263976,user_1964,the crown is taller vertically,3X0H8UUIT3H3YYBR7VNX703UKCYSWP,26.0,233a6e7c31de58a33d4bab39ff8346fd,cap,PartNet,98698fc854d6a919a163a814bd04d6,cap,PartNet,False,cap/PartNet/98698fc854d6a919a163a814bd04d6,cap/PartNet/233a6e7c31de58a33d4bab39ff8346fd,True,hat,hat,2,"['the', 'crown', 'is', 'tall', '-er', 'vertically']",6,the crown is tall -er vertically,train,train,train,train,"[1, 10, 606, 7, 53, 9, 385, 2, 0, 0, 0, 0, 0, 0, 0, 0, 0, 0]",crown
263978,user_1633,The target has a thicker brim.,3L4PIM1GQV9VMO6E775G2NJE9IDRYX,18.0,a4ad860de76ad2b52a2d94519249662c,cap,PartNet,f567a4a2bc30d0ca18a6353ea60f11b6,cap,PartNet,False,cap/PartNet/f567a4a2bc30d0ca18a6353ea60f11b6,cap/PartNet/a4ad860de76ad2b52a2d94519249662c,True,hat,hat,2,"['the', 'target', 'has', 'a', 'thick', '-er', 'brim']",7,the target has a thick -er brim,train,train,train,train,"[1, 10, 11, 24, 26, 54, 9, 601, 2, 0, 0, 0, 0, 0, 0, 0, 0, 0]",brim
263979,user_1644,The brim is thicker.,3NPFYT4IZEXFXT7QM0P2K5YY539XG2,14.0,a4ad860de76ad2b52a2d94519249662c,cap,PartNet,f567a4a2bc30d0ca18a6353ea60f11b6,cap,PartNet,False,cap/PartNet/f567a4a2bc30d0ca18a6353ea60f11b6,cap/PartNet/a4ad860de76ad2b52a2d94519249662c,True,hat,hat,2,"['the', 'brim', 'is', 'thick', '-er']",5,the brim is thick -er,train,train,train,train,"[1, 10, 601, 7, 54, 9, 2, 0, 0, 0, 0, 0, 0, 0, 0, 0, 0, 0]",brim
263980,user_786,Its brim is thicker,3SPJ033423WEO0N1Z2W70WXNZ2RYJM,93.0,26239157c6539065895d3362333efa72,cap,PartNet,d0313cadc2b4b2cc1372a4afda9e2f07,cap,PartNet,False,cap/PartNet/d0313cadc2b4b2cc1372a4afda9e2f07,cap/PartNet/26239157c6539065895d3362333efa72,False,hat,hat,2,"['its', 'brim', 'is', 'thick', '-er']",5,its brim is thick -er,train,train,train,train,"[1, 5, 601, 7, 54, 9, 2, 0, 0, 0, 0, 0, 0, 0, 0, 0, 0, 0]",brim
263981,user_1644,The crown is taller.,30OG32W0SW4C1LXVEZC5M0MOQ9LENJ,18.0,26239157c6539065895d3362333efa72,cap,PartNet,d0313cadc2b4b2cc1372a4afda9e2f07,cap,PartNet,False,cap/PartNet/d0313cadc2b4b2cc1372a4afda9e2f07,cap/PartNet/26239157c6539065895d3362333efa72,False,hat,hat,2,"['the', 'crown', 'is', 'tall', '-er']",5,the crown is tall -er,train,train,train,train,"[1, 10, 606, 7, 53, 9, 2, 0, 0, 0, 0, 0, 0, 0, 0, 0, 0, 0]",crown
263982,user_2089,The crown looks like a volcano.,30MVJZJNHO6ZNZFTRQ4R1F4WQS59J5,318.0,26239157c6539065895d3362333efa72,cap,PartNet,d0313cadc2b4b2cc1372a4afda9e2f07,cap,PartNet,False,cap/PartNet/d0313cadc2b4b2cc1372a4afda9e2f07,cap/PartNet/26239157c6539065895d3362333efa72,False,hat,hat,2,"['the', 'crown', 'looks', 'like', 'a', 'volcano']",6,the crown looks like a volcano,train,train,train,train,"[1, 10, 606, 33, 35, 26, 1760, 2, 0, 0, 0, 0, 0, 0, 0, 0, 0, 0]",crown
263988,user_1644,The crown concaves slightly.,3PEIJLRY6VMBUFXQ15TK68KMZRZWX0,31.0,6f93656d083e985465bae2cb33eb4baa,cap,ShapeNet,5eb9ab53213f5fff4e09ebaf49b0cb2f,cap,ShapeNet,False,cap/ShapeNet/5eb9ab53213f5fff4e09ebaf49b0cb2f,cap/ShapeNet/6f93656d083e985465bae2cb33eb4baa,False,cap,cap,2,"['the', 'crown', 'concave', 'slightly']",4,the crown concave slightly,train,train,train,train,"[1, 10, 606, 390, 174, 2, 0, 0, 0, 0, 0, 0, 0, 0, 0, 0, 0, 0]",crown
263990,user_786,Its brim is thick,3NGI5ARFTVYDK5FWIQUIJ58P1GD1PG,126.0,a0ab4dc115f1b4f3b26ac8618c0d5a9,cap,PartNet,60153b9c1dc500a93d8dd242efdcdeb,cap,PartNet,False,cap/PartNet/60153b9c1dc500a93d8dd242efdcdeb,cap/PartNet/a0ab4dc115f1b4f3b26ac8618c0d5a9,True,hat,hat,2,"['its', 'brim', 'is', 'thick']",4,its brim is thick,train,train,train,train,"[1, 5, 601, 7, 54, 2, 0, 0, 0, 0, 0, 0, 0, 0, 0, 0, 0, 0]",brim
263992,user_203,The crown is not as tall.,3U0SRXB7CFY1AP2005W5L7L75ZRNRN,61.0,aa9fa261b2643eec750b99f712bb1b4,cap,PartNet,2f347d95d4a2dae3e762cf5917cef4ef,cap,ShapeNet,False,cap/ShapeNet/2f347d95d4a2dae3e762cf5917cef4ef,cap/PartNet/aa9fa261b2643eec750b99f712bb1b4,False,cap,hat,2,"['the', 'crown', 'is', 'not', 'as', 'tall']",6,the crown is not as tall,train,train,train,train,"[1, 10, 606, 7, 40, 52, 53, 2, 0, 0, 0, 0, 0, 0, 0, 0, 0, 0]",crown
263993,user_491,The target has a larger brim.,3JC6VJ2SADC5LJADUUEXW0WBE9L5AN,95.0,aa9fa261b2643eec750b99f712bb1b4,cap,PartNet,2f347d95d4a2dae3e762cf5917cef4ef,cap,ShapeNet,False,cap/ShapeNet/2f347d95d4a2dae3e762cf5917cef4ef,cap/PartNet/aa9fa261b2643eec750b99f712bb1b4,False,cap,hat,2,"['the', 'target', 'has', 'a', 'large', '-er', 'brim']",7,the target has a large -er brim,train,train,train,train,"[1, 10, 11, 24, 26, 94, 9, 601, 2, 0, 0, 0, 0, 0, 0, 0, 0, 0]",brim
263994,user_1644,The brim is wider and curls up on either side.,3PPTZCWALSDVFD1JQEIZB4IBJRZZQH,21.0,aa9fa261b2643eec750b99f712bb1b4,cap,PartNet,2f347d95d4a2dae3e762cf5917cef4ef,cap,ShapeNet,False,cap/ShapeNet/2f347d95d4a2dae3e762cf5917cef4ef,cap/PartNet/aa9fa261b2643eec750b99f712bb1b4,False,cap,hat,2,"['the', 'brim', 'is', 'wide', '-er', 'and', 'curls', 'up', 'on', 'either', 'side']",11,the brim is wide -er and curls up on either side,train,train,train,train,"[1, 10, 601, 7, 83, 9, 47, 376, 269, 20, 332, 22, 2, 0, 0, 0, 0, 0]",brim
263998,user_786,Its crown is less tall,3P59JYT76NDI1IQZIB3GTYJRIPO2TF,40.0,deb19c41bc1e4ba5c8727b27ee96a4b7,cap,PartNet,f0e597e2061f61c8e55ab527568c9127,cap,PartNet,False,cap/PartNet/f0e597e2061f61c8e55ab527568c9127,cap/PartNet/deb19c41bc1e4ba5c8727b27ee96a4b7,False,hat,hat,2,"['its', 'crown', 'is', 'less', 'tall']",5,its crown is less tall,train,train,train,train,"[1, 5, 606, 7, 229, 53, 2, 0, 0, 0, 0, 0, 0, 0, 0, 0, 0, 0]",crown
263999,user_1644,It does not have a square on top of the crown.,3ND9UOO81MVGULG1NMQWVEPZSIPWLE,35.0,deb19c41bc1e4ba5c8727b27ee96a4b7,cap,PartNet,f0e597e2061f61c8e55ab527568c9127,cap,PartNet,False,cap/PartNet/f0e597e2061f61c8e55ab527568c9127,cap/PartNet/deb19c41bc1e4ba5c8727b27ee96a4b7,False,hat,hat,2,"['it', 'does', 'not', 'have', 'a', 'square', 'on', 'top', 'of', 'the', 'crown']",11,it does not have a square on top of the crown,train,train,train,train,"[1, 23, 39, 40, 84, 26, 50, 20, 99, 38, 10, 606, 2, 0, 0, 0, 0, 0]",crown
264002,user_865,Target's brim is less wide,336YQZE83X76NKJ2RX425RRB8QG5MD,934.0,2b1a1d63bd7e931c12a8043ef6529707,cap,PartNet,a4ad860de76ad2b52a2d94519249662c,cap,PartNet,False,cap/PartNet/a4ad860de76ad2b52a2d94519249662c,cap/PartNet/2b1a1d63bd7e931c12a8043ef6529707,False,hat,hat,2,"['target', ""'s"", 'brim', 'is', 'less', 'wide']",6,target 's brim is less wide,train,train,train,train,"[1, 11, 12, 601, 7, 229, 83, 2, 0, 0, 0, 0, 0, 0, 0, 0, 0, 0]",brim
264003,user_1644,The brim is not as wide.,3CN4LGXD5ZHOLI4GWV93UU84H4Y4YW,23.0,2b1a1d63bd7e931c12a8043ef6529707,cap,PartNet,a4ad860de76ad2b52a2d94519249662c,cap,PartNet,False,cap/PartNet/a4ad860de76ad2b52a2d94519249662c,cap/PartNet/2b1a1d63bd7e931c12a8043ef6529707,False,hat,hat,2,"['the', 'brim', 'is', 'not', 'as', 'wide']",6,the brim is not as wide,train,train,train,train,"[1, 10, 601, 7, 40, 52, 83, 2, 0, 0, 0, 0, 0, 0, 0, 0, 0, 0]",brim
264004,user_786,It has a dent at the front left of the crown,3DOCMVPBTP7GVRA87YFOCNGX41LNNG,54.0,72877ec0bb0b921fb10e410f6c99c299,cap,PartNet,a14ab9b478087ce6b56d92c5d7b06038,cap,PartNet,False,cap/PartNet/a14ab9b478087ce6b56d92c5d7b06038,cap/PartNet/72877ec0bb0b921fb10e410f6c99c299,False,hat,hat,2,"['it', 'has', 'a', 'dent', 'at', 'the', 'front', 'left', 'of', 'the', 'crown']",11,it has a dent at the front left of the crown,train,train,train,train,"[1, 23, 24, 26, 4523, 98, 10, 37, 187, 38, 10, 606, 2, 0, 0, 0, 0, 0]",crown
264006,user_1964,the top is flat,3GS6S824SSQ6ILJMZZ6B86TOXDPNW7,24.0,72877ec0bb0b921fb10e410f6c99c299,cap,PartNet,a14ab9b478087ce6b56d92c5d7b06038,cap,PartNet,False,cap/PartNet/a14ab9b478087ce6b56d92c5d7b06038,cap/PartNet/72877ec0bb0b921fb10e410f6c99c299,False,hat,hat,2,"['the', 'top', 'is', 'flat']",4,the top is flat,train,train,train,train,"[1, 10, 99, 7, 129, 2, 0, 0, 0, 0, 0, 0, 0, 0, 0, 0, 0, 0]",crown
264007,user_203,The crown is not as tall.,3CTOC39K39JV9GR0CT67NJDQV3KJ78,71.0,d5cdba69afacdbf19393051c3324a45f,cap,PartNet,afa620df377ea0cb84c9f423db9b48d7,cap,PartNet,False,cap/PartNet/afa620df377ea0cb84c9f423db9b48d7,cap/PartNet/d5cdba69afacdbf19393051c3324a45f,False,hat,hat,2,"['the', 'crown', 'is', 'not', 'as', 'tall']",6,the crown is not as tall,train,train,train,train,"[1, 10, 606, 7, 40, 52, 53, 2, 0, 0, 0, 0, 0, 0, 0, 0, 0, 0]",crown
264009,user_1964,"there is a visor in front, no flared brim all the way around",3EA3QWIZ4KOMC3417EO8GEQ87KETI8,35.0,d5cdba69afacdbf19393051c3324a45f,cap,PartNet,afa620df377ea0cb84c9f423db9b48d7,cap,PartNet,False,cap/PartNet/afa620df377ea0cb84c9f423db9b48d7,cap/PartNet/d5cdba69afacdbf19393051c3324a45f,False,hat,hat,2,"['there', 'is', 'a', 'visor', 'in', 'front', 'no', 'flared', 'brim', 'all', 'the', 'way', 'around']",13,there is a visor in front no flared brim all the way around,train,train,train,train,"[1, 15, 7, 26, 605, 90, 37, 123, 569, 601, 367, 10, 471, 239, 2, 0, 0, 0]",brim
264010,user_786,Its crown does NOT have a rectangular card on the front center,3P1L2B7AD3I8PC7ZW0ZMEKCDPGTOLX,63.0,e1c16d76fa8d0289bcbb5732017b0d93,cap,PartNet,c2cf2cf35d08662945c5fa74440a4519,cap,PartNet,False,cap/PartNet/c2cf2cf35d08662945c5fa74440a4519,cap/PartNet/e1c16d76fa8d0289bcbb5732017b0d93,True,hat,hat,2,"['its', 'crown', 'does', 'not', 'have', 'a', 'rectangular', 'card', 'on', 'the', 'front', 'center']",12,its crown does not have a rectangular card on the front center,train,train,train,train,"[1, 5, 606, 39, 40, 84, 26, 128, 4600, 20, 10, 37, 165, 2, 0, 0, 0, 0]",crown
264013,user_786,"Its brim is horizontal, NOT vertical",3SITXWYCNX2J6CZF6EXOJU71PQGXBK,42.0,62d4f8a7a8a1dc619ba80f08c401fbed,cap,PartNet,90c6bffdc81cedbeb80102c6e0a7618a,cap,ShapeNet,False,cap/ShapeNet/90c6bffdc81cedbeb80102c6e0a7618a,cap/PartNet/62d4f8a7a8a1dc619ba80f08c401fbed,True,cap,hat,2,"['its', 'brim', 'is', 'horizontal', 'not', 'vertical']",6,its brim is horizontal not vertical,train,train,train,train,"[1, 5, 601, 7, 265, 40, 283, 2, 0, 0, 0, 0, 0, 0, 0, 0, 0, 0]",brim
264014,user_1633,The target has a button on top.,35LDD5557CX95345YK887GAT5G7KM9,18.0,62d4f8a7a8a1dc619ba80f08c401fbed,cap,PartNet,90c6bffdc81cedbeb80102c6e0a7618a,cap,ShapeNet,False,cap/ShapeNet/90c6bffdc81cedbeb80102c6e0a7618a,cap/PartNet/62d4f8a7a8a1dc619ba80f08c401fbed,True,cap,hat,2,"['the', 'target', 'has', 'a', 'button', 'on', 'top']",7,the target has a button on top,train,train,train,train,"[1, 10, 11, 24, 26, 596, 20, 99, 2, 0, 0, 0, 0, 0, 0, 0, 0, 0]",crown
264015,user_1644,It has a button at the top.,3SUWZRL0M064U0R3FIQOKP02VJW6E1,18.0,62d4f8a7a8a1dc619ba80f08c401fbed,cap,PartNet,90c6bffdc81cedbeb80102c6e0a7618a,cap,ShapeNet,False,cap/ShapeNet/90c6bffdc81cedbeb80102c6e0a7618a,cap/PartNet/62d4f8a7a8a1dc619ba80f08c401fbed,True,cap,hat,2,"['it', 'has', 'a', 'button', 'at', 'the', 'top']",7,it has a button at the top,train,train,train,train,"[1, 23, 24, 26, 596, 98, 10, 99, 2, 0, 0, 0, 0, 0, 0, 0, 0, 0]",crown
264022,user_491,The top of the target is pointed.,3PDJHANYK79GEAI55JYU5SXFNZN6HG,172.0,576d5a4b1d688680bed7e3eef8315549,cap,PartNet,17507563e90313433f19716eab42752,cap,PartNet,False,cap/PartNet/17507563e90313433f19716eab42752,cap/PartNet/576d5a4b1d688680bed7e3eef8315549,False,hat,hat,2,"['the', 'top', 'of', 'the', 'target', 'is', 'pointed']",7,the top of the target is pointed,train,train,train,train,"[1, 10, 99, 38, 10, 11, 7, 387, 2, 0, 0, 0, 0, 0, 0, 0, 0, 0]",crown
264023,user_1644,It has a wide brim.,30MVJZJNHO6ZNZFTRQ4R1F4WQS09J0,17.0,576d5a4b1d688680bed7e3eef8315549,cap,PartNet,17507563e90313433f19716eab42752,cap,PartNet,False,cap/PartNet/17507563e90313433f19716eab42752,cap/PartNet/576d5a4b1d688680bed7e3eef8315549,False,hat,hat,2,"['it', 'has', 'a', 'wide', 'brim']",5,it has a wide brim,train,train,train,train,"[1, 23, 24, 26, 83, 601, 2, 0, 0, 0, 0, 0, 0, 0, 0, 0, 0, 0]",brim
264024,user_1964,the crown comes to a point,3LS2AMNW5HJJG9NCO57IV6B7ZMDQOL,35.0,576d5a4b1d688680bed7e3eef8315549,cap,PartNet,17507563e90313433f19716eab42752,cap,PartNet,False,cap/PartNet/17507563e90313433f19716eab42752,cap/PartNet/576d5a4b1d688680bed7e3eef8315549,False,hat,hat,2,"['the', 'crown', 'comes', 'to', 'a', 'point']",6,the crown comes to a point,train,train,train,train,"[1, 10, 606, 88, 58, 26, 412, 2, 0, 0, 0, 0, 0, 0, 0, 0, 0, 0]",crown
264029,user_1644,The crown is taller.,3L0KT67Y8G97N36RMW5LSXOAVKXSYN,28.0,96a9f36ce97a067aa99fc65b413040d6,cap,PartNet,b1701c999c33e44630c809a91a1466ef,cap,PartNet,False,cap/PartNet/b1701c999c33e44630c809a91a1466ef,cap/PartNet/96a9f36ce97a067aa99fc65b413040d6,True,hat,hat,2,"['the', 'crown', 'is', 'tall', '-er']",5,the crown is tall -er,test,train,test,train,"[1, 10, 606, 7, 53, 9, 2, 0, 0, 0, 0, 0, 0, 0, 0, 0, 0, 0]",crown
264030,user_2105,target has larger crown,3F0BG9B9MRGL45MZYT7AX6SE87B7Y8,37.0,96a9f36ce97a067aa99fc65b413040d6,cap,PartNet,b1701c999c33e44630c809a91a1466ef,cap,PartNet,False,cap/PartNet/b1701c999c33e44630c809a91a1466ef,cap/PartNet/96a9f36ce97a067aa99fc65b413040d6,True,hat,hat,2,"['target', 'has', 'large', '-er', 'crown']",5,target has large -er crown,test,train,test,train,"[1, 11, 24, 94, 9, 606, 2, 0, 0, 0, 0, 0, 0, 0, 0, 0, 0, 0]",crown
264031,user_1529,The flat part on top of the hat is much larger.,3YW4XOSQKSEQCANSZCTCTBVO9W8U16,186.0,c721e05c676faf20a9aa61915b4add2d,cap,PartNet,223e336d3f1490e4ecaafbe064b13083,cap,PartNet,False,cap/PartNet/223e336d3f1490e4ecaafbe064b13083,cap/PartNet/c721e05c676faf20a9aa61915b4add2d,False,hat,hat,2,"['the', 'flat', 'part', 'on', 'top', 'of', 'the', 'hat', 'is', 'much', 'large', '-er']",12,the flat part on top of the hat is much large -er,test,train,test,train,"[1, 10, 129, 311, 20, 99, 38, 10, 602, 7, 59, 94, 9, 2, 0, 0, 0, 0]",crown
264032,user_1644,The crown is taller.,3KIBXJ1WD7NX56PHB0NLZKZY0GLOKR,16.0,c721e05c676faf20a9aa61915b4add2d,cap,PartNet,223e336d3f1490e4ecaafbe064b13083,cap,PartNet,False,cap/PartNet/223e336d3f1490e4ecaafbe064b13083,cap/PartNet/c721e05c676faf20a9aa61915b4add2d,False,hat,hat,2,"['the', 'crown', 'is', 'tall', '-er']",5,the crown is tall -er,test,train,test,train,"[1, 10, 606, 7, 53, 9, 2, 0, 0, 0, 0, 0, 0, 0, 0, 0, 0, 0]",crown
264033,user_1689,Its top is flat.,3QEMNNSB2ZSI6UR82XKWKLIDQIDD7C,86.0,c721e05c676faf20a9aa61915b4add2d,cap,PartNet,223e336d3f1490e4ecaafbe064b13083,cap,PartNet,False,cap/PartNet/223e336d3f1490e4ecaafbe064b13083,cap/PartNet/c721e05c676faf20a9aa61915b4add2d,False,hat,hat,2,"['its', 'top', 'is', 'flat']",4,its top is flat,test,train,test,train,"[1, 5, 99, 7, 129, 2, 0, 0, 0, 0, 0, 0, 0, 0, 0, 0, 0, 0]",crown
264034,user_203,It does not have a decorative attachment at the top of the crown.,3GLB5JMZFZO1ZN29V0OQQYV6PM5DGQ,85.0,34dfb5af71b1f327e21800cd80ebb26f,cap,PartNet,e21bf79cf940999fecaafbe064b13083,cap,PartNet,False,cap/PartNet/e21bf79cf940999fecaafbe064b13083,cap/PartNet/34dfb5af71b1f327e21800cd80ebb26f,False,hat,hat,2,"['it', 'does', 'not', 'have', 'a', 'decorative', 'attachment', 'at', 'the', 'top', 'of', 'the', 'crown']",13,it does not have a decorative attachment at the top of the crown,train,train,train,train,"[1, 23, 39, 40, 84, 26, 216, 335, 98, 10, 99, 38, 10, 606, 2, 0, 0, 0]",crown
264036,user_1644,It does not have a round decoration at the top of the crown.,3WOKGM4L739VSGID77D3G0KPMIG0OY,37.0,34dfb5af71b1f327e21800cd80ebb26f,cap,PartNet,e21bf79cf940999fecaafbe064b13083,cap,PartNet,False,cap/PartNet/e21bf79cf940999fecaafbe064b13083,cap/PartNet/34dfb5af71b1f327e21800cd80ebb26f,False,hat,hat,2,"['it', 'does', 'not', 'have', 'a', 'round', 'decoration', 'at', 'the', 'top', 'of', 'the', 'crown']",13,it does not have a round decoration at the top of the crown,train,train,train,train,"[1, 23, 39, 40, 84, 26, 134, 639, 98, 10, 99, 38, 10, 606, 2, 0, 0, 0]",crown
264037,user_786,"Its has a front-only visor, NOT a wrap-around brim",3FE2ERCCZZ1YGXMXOSSTV1LXUQRPOT,44.0,569bfc3e920022e5561c6ec5086cfea5,cap,PartNet,ffa613d91ac07e38284432ce2f42f498,cap,PartNet,False,cap/PartNet/ffa613d91ac07e38284432ce2f42f498,cap/PartNet/569bfc3e920022e5561c6ec5086cfea5,False,hat,hat,2,"['its', 'has', 'a', 'front', 'only', 'visor', 'not', 'a', 'wrap', 'around', 'brim']",11,its has a front only visor not a wrap around brim,train,train,train,train,"[1, 5, 24, 26, 37, 133, 605, 40, 26, 2657, 239, 601, 2, 0, 0, 0, 0, 0]",brim
264038,user_1644,The crown has a logo on it.,3QIYRE09Y5ADHK3J2BHQFG3U10K1NQ,19.0,569bfc3e920022e5561c6ec5086cfea5,cap,PartNet,ffa613d91ac07e38284432ce2f42f498,cap,PartNet,False,cap/PartNet/ffa613d91ac07e38284432ce2f42f498,cap/PartNet/569bfc3e920022e5561c6ec5086cfea5,False,hat,hat,2,"['the', 'crown', 'has', 'a', 'logo', 'on', 'it']",7,the crown has a logo on it,train,train,train,train,"[1, 10, 606, 24, 26, 604, 20, 23, 2, 0, 0, 0, 0, 0, 0, 0, 0, 0]",crown
264040,user_786,Its crown's front center does NOT have a logo,30ZX6P7VFAOONFUU6HPCRSWIKMPJ2H,96.0,3dec0d851cba045fbf444790f25ea3db,cap,ShapeNet,d04969c7d57ca56d3bdc1484b50b0501,cap,PartNet,False,cap/PartNet/d04969c7d57ca56d3bdc1484b50b0501,cap/ShapeNet/3dec0d851cba045fbf444790f25ea3db,False,hat,cap,2,"['its', 'crown', ""'s"", 'front', 'center', 'does', 'not', 'have', 'a', 'logo']",10,its crown 's front center does not have a logo,train,train,train,train,"[1, 5, 606, 12, 37, 165, 39, 40, 84, 26, 604, 2, 0, 0, 0, 0, 0, 0]",crown
264043,user_786,Its crown's front does NOT have a star,33CUSNVVNP5APD00VU1MCT07QCW880,67.0,587e59afe62ea145f0d11ae402ef940e,cap,PartNet,b88c6b7e33b1a7346c9866e8b1b4fc12,cap,PartNet,False,cap/PartNet/b88c6b7e33b1a7346c9866e8b1b4fc12,cap/PartNet/587e59afe62ea145f0d11ae402ef940e,False,hat,hat,2,"['its', 'crown', ""'s"", 'front', 'does', 'not', 'have', 'a', 'star']",9,its crown 's front does not have a star,val,train,val,train,"[1, 5, 606, 12, 37, 39, 40, 84, 26, 683, 2, 0, 0, 0, 0, 0, 0, 0]",crown
264045,user_1644,The brim is thicker.,382M9COHEJ8PWBH4B0OR0VEIY5CUEP,67.0,587e59afe62ea145f0d11ae402ef940e,cap,PartNet,b88c6b7e33b1a7346c9866e8b1b4fc12,cap,PartNet,False,cap/PartNet/b88c6b7e33b1a7346c9866e8b1b4fc12,cap/PartNet/587e59afe62ea145f0d11ae402ef940e,False,hat,hat,2,"['the', 'brim', 'is', 'thick', '-er']",5,the brim is thick -er,val,train,val,train,"[1, 10, 601, 7, 54, 9, 2, 0, 0, 0, 0, 0, 0, 0, 0, 0, 0, 0]",brim
264047,user_1644,The crown is taller.,3300DTYQT4AX4IANUR4MQUHTVK8EQ6,20.0,f0e597e2061f61c8e55ab527568c9127,cap,PartNet,aa9fa261b2643eec750b99f712bb1b4,cap,PartNet,False,cap/PartNet/aa9fa261b2643eec750b99f712bb1b4,cap/PartNet/f0e597e2061f61c8e55ab527568c9127,False,hat,hat,2,"['the', 'crown', 'is', 'tall', '-er']",5,the crown is tall -er,train,train,train,train,"[1, 10, 606, 7, 53, 9, 2, 0, 0, 0, 0, 0, 0, 0, 0, 0, 0, 0]",crown
264048,user_2105,target has taller height crown,3JC6VJ2SADC5LJADUUEXW0WBEAF5AJ,38.0,f0e597e2061f61c8e55ab527568c9127,cap,PartNet,aa9fa261b2643eec750b99f712bb1b4,cap,PartNet,False,cap/PartNet/aa9fa261b2643eec750b99f712bb1b4,cap/PartNet/f0e597e2061f61c8e55ab527568c9127,False,hat,hat,2,"['target', 'has', 'tall', '-er', 'height', 'crown']",6,target has tall -er height crown,train,train,train,train,"[1, 11, 24, 53, 9, 117, 606, 2, 0, 0, 0, 0, 0, 0, 0, 0, 0, 0]",crown
264051,user_1644,It has a button on the top.,3KIBXJ1WD7NX56PHB0NLZKZY0HUOK2,22.0,35bbeb0e828835a757c2f3d4234affb,cap,PartNet,89717260f663fe13a9d8b37b5c73935c,cap,ShapeNet,False,cap/ShapeNet/89717260f663fe13a9d8b37b5c73935c,cap/PartNet/35bbeb0e828835a757c2f3d4234affb,False,cap,hat,2,"['it', 'has', 'a', 'button', 'on', 'the', 'top']",7,it has a button on the top,train,train,train,train,"[1, 23, 24, 26, 596, 20, 10, 99, 2, 0, 0, 0, 0, 0, 0, 0, 0, 0]",crown
264052,user_203,The diameter of the brim is smaller.,35K3O9HUAD60DTKEGBTSEVDFOJHFEX,72.0,61aae9be231d6c263dc5b29818b9b22e,cap,PartNet,28fed983822a01dad2fd23ca8db6845b,cap,PartNet,False,cap/PartNet/28fed983822a01dad2fd23ca8db6845b,cap/PartNet/61aae9be231d6c263dc5b29818b9b22e,True,hat,hat,2,"['the', 'diameter', 'of', 'the', 'brim', 'is', 'small', '-er']",8,the diameter of the brim is small -er,train,train,train,train,"[1, 10, 268, 38, 10, 601, 7, 111, 9, 2, 0, 0, 0, 0, 0, 0, 0, 0]",brim
264053,user_786,Its brim is thicker,3W8CV64QJ4S3WTK33Q16P2OHD12H9B,99.0,61aae9be231d6c263dc5b29818b9b22e,cap,PartNet,28fed983822a01dad2fd23ca8db6845b,cap,PartNet,False,cap/PartNet/28fed983822a01dad2fd23ca8db6845b,cap/PartNet/61aae9be231d6c263dc5b29818b9b22e,True,hat,hat,2,"['its', 'brim', 'is', 'thick', '-er']",5,its brim is thick -er,train,train,train,train,"[1, 5, 601, 7, 54, 9, 2, 0, 0, 0, 0, 0, 0, 0, 0, 0, 0, 0]",brim
264054,user_1644,The brim is thicker.,37M28K1J0S6DSIPYJWIRXAFGWAHJAO,17.0,61aae9be231d6c263dc5b29818b9b22e,cap,PartNet,28fed983822a01dad2fd23ca8db6845b,cap,PartNet,False,cap/PartNet/28fed983822a01dad2fd23ca8db6845b,cap/PartNet/61aae9be231d6c263dc5b29818b9b22e,True,hat,hat,2,"['the', 'brim', 'is', 'thick', '-er']",5,the brim is thick -er,train,train,train,train,"[1, 10, 601, 7, 54, 9, 2, 0, 0, 0, 0, 0, 0, 0, 0, 0, 0, 0]",brim
264061,user_1529,The crown has more pronounced ridges.,3R6BYFZZP959JTBVBGJK2KYM4P2FXG,82.0,b5a6c597fefeaa0598095901ddb7e8e7,cap,PartNet,284f1361baa1afdaeb02cbc132e4be3,cap,PartNet,False,cap/PartNet/284f1361baa1afdaeb02cbc132e4be3,cap/PartNet/b5a6c597fefeaa0598095901ddb7e8e7,True,hat,hat,2,"['the', 'crown', 'has', 'more', 'pronounced', 'ridges']",6,the crown has more pronounced ridges,train,train,train,train,"[1, 10, 606, 24, 34, 1529, 584, 2, 0, 0, 0, 0, 0, 0, 0, 0, 0, 0]",crown
264062,user_2105,target has more defined vertical slatted lines in crown,3R9WASFE219YOOBACY75Z5EXCPFZFC,109.0,b5a6c597fefeaa0598095901ddb7e8e7,cap,PartNet,284f1361baa1afdaeb02cbc132e4be3,cap,PartNet,False,cap/PartNet/284f1361baa1afdaeb02cbc132e4be3,cap/PartNet/b5a6c597fefeaa0598095901ddb7e8e7,True,hat,hat,2,"['target', 'has', 'more', 'defined', 'vertical', 'slatted', 'lines', 'in', 'crown']",9,target has more defined vertical slatted lines in crown,train,train,train,train,"[1, 11, 24, 34, 643, 283, 1920, 398, 90, 606, 2, 0, 0, 0, 0, 0, 0, 0]",crown
264063,user_456,The target's brim is thick with rounded edges.,304SM51WA5XBAVDGC4R1KMQ9ACGBSU,90.0,35450ea3b3158ed6eefb4d7820758668,cap,PartNet,8670ef4375bbb95568b8a8e5babef621,cap,PartNet,False,cap/PartNet/8670ef4375bbb95568b8a8e5babef621,cap/PartNet/35450ea3b3158ed6eefb4d7820758668,True,hat,hat,2,"['the', 'target', ""'s"", 'brim', 'is', 'thick', 'with', 'rounded', 'edges']",9,the target 's brim is thick with rounded edges,train,train,train,train,"[1, 10, 11, 12, 601, 7, 54, 121, 48, 325, 2, 0, 0, 0, 0, 0, 0, 0]",brim
264064,user_1529,The crown is more smooth and rounded.,3KOPY89HMAVD8XQDAH3HA21AQ1IJ3N,63.0,35450ea3b3158ed6eefb4d7820758668,cap,PartNet,8670ef4375bbb95568b8a8e5babef621,cap,PartNet,False,cap/PartNet/8670ef4375bbb95568b8a8e5babef621,cap/PartNet/35450ea3b3158ed6eefb4d7820758668,True,hat,hat,2,"['the', 'crown', 'is', 'more', 'smooth', 'and', 'rounded']",7,the crown is more smooth and rounded,train,train,train,train,"[1, 10, 606, 7, 34, 379, 47, 48, 2, 0, 0, 0, 0, 0, 0, 0, 0, 0]",crown
264065,user_2105,target has taller height crown,3L4PIM1GQV9VMO6E775G2NJE9J5YRY,58.0,35450ea3b3158ed6eefb4d7820758668,cap,PartNet,8670ef4375bbb95568b8a8e5babef621,cap,PartNet,False,cap/PartNet/8670ef4375bbb95568b8a8e5babef621,cap/PartNet/35450ea3b3158ed6eefb4d7820758668,True,hat,hat,2,"['target', 'has', 'tall', '-er', 'height', 'crown']",6,target has tall -er height crown,train,train,train,train,"[1, 11, 24, 53, 9, 117, 606, 2, 0, 0, 0, 0, 0, 0, 0, 0, 0, 0]",crown
264066,user_920,The top of the target is flat.,3JWH6J9I9U6EUILB48AFLSG3NC8NBS,69.0,3c2a6e6704d24b71325036f2a8f48b04,cap,PartNet,c998a0afe9bcbe89bc4ac3caf16ef65,cap,PartNet,False,cap/PartNet/c998a0afe9bcbe89bc4ac3caf16ef65,cap/PartNet/3c2a6e6704d24b71325036f2a8f48b04,False,hat,hat,2,"['the', 'top', 'of', 'the', 'target', 'is', 'flat']",7,the top of the target is flat,test,train,test,train,"[1, 10, 99, 38, 10, 11, 7, 129, 2, 0, 0, 0, 0, 0, 0, 0, 0, 0]",crown
264067,user_1529,The crown is has six sides,3I7DHKZYGPT0HARL5A0PA172BPYF5A,220.0,3c2a6e6704d24b71325036f2a8f48b04,cap,PartNet,c998a0afe9bcbe89bc4ac3caf16ef65,cap,PartNet,False,cap/PartNet/c998a0afe9bcbe89bc4ac3caf16ef65,cap/PartNet/3c2a6e6704d24b71325036f2a8f48b04,False,hat,hat,2,"['the', 'crown', 'is', 'has', 'six', 'sides']",6,the crown is has six sides,test,train,test,train,"[1, 10, 606, 7, 24, 553, 360, 2, 0, 0, 0, 0, 0, 0, 0, 0, 0, 0]",crown
264070,user_1143,The target has panels on the crown,374TNBHA8DOVANREUSGGXX99DWDQYX,58.0,e823673c1edd73fb97c426435543a860,cap,ShapeNet,ad672c08a646c7419cd3f9e8648111d1,cap,PartNet,False,cap/PartNet/ad672c08a646c7419cd3f9e8648111d1,cap/ShapeNet/e823673c1edd73fb97c426435543a860,True,hat,cap,2,"['the', 'target', 'has', 'panels', 'on', 'the', 'crown']",7,the target has panels on the crown,train,train,train,train,"[1, 10, 11, 24, 1217, 20, 10, 606, 2, 0, 0, 0, 0, 0, 0, 0, 0, 0]",crown
264072,user_1644,The top is pointed.,3ZV9H2YQQF0ZEHQCHGMWZSVISXHW3L,21.0,fc4bf4203c69da43b5c87aa520cf194f,cap,PartNet,3b0f81cd74875acbb196d563c325e416,cap,PartNet,False,cap/PartNet/3b0f81cd74875acbb196d563c325e416,cap/PartNet/fc4bf4203c69da43b5c87aa520cf194f,False,hat,hat,2,"['the', 'top', 'is', 'pointed']",4,the top is pointed,train,train,train,train,"[1, 10, 99, 7, 387, 2, 0, 0, 0, 0, 0, 0, 0, 0, 0, 0, 0, 0]",crown
264073,user_1964,the top is not flat,39LOEL67OUYOOGUUJD6QLCSWAPW38T,107.0,fc4bf4203c69da43b5c87aa520cf194f,cap,PartNet,3b0f81cd74875acbb196d563c325e416,cap,PartNet,False,cap/PartNet/3b0f81cd74875acbb196d563c325e416,cap/PartNet/fc4bf4203c69da43b5c87aa520cf194f,False,hat,hat,2,"['the', 'top', 'is', 'not', 'flat']",5,the top is not flat,train,train,train,train,"[1, 10, 99, 7, 40, 129, 2, 0, 0, 0, 0, 0, 0, 0, 0, 0, 0, 0]",crown
264074,user_2105,target has no brim,386CSBG1O1FTR3H8O9LOE6PGENCQ6R,27.0,fc4bf4203c69da43b5c87aa520cf194f,cap,PartNet,3b0f81cd74875acbb196d563c325e416,cap,PartNet,False,cap/PartNet/3b0f81cd74875acbb196d563c325e416,cap/PartNet/fc4bf4203c69da43b5c87aa520cf194f,False,hat,hat,2,"['target', 'has', 'no', 'brim']",4,target has no brim,train,train,train,train,"[1, 11, 24, 123, 601, 2, 0, 0, 0, 0, 0, 0, 0, 0, 0, 0, 0, 0]",brim
264077,user_1964,there is no button on top,3WYP994K19K2058UFJ2IRSSIDV1Y68,30.0,dc3e5c0457defe87a52821bf1aa3b19a,cap,ShapeNet,3c2a6e6704d24b71325036f2a8f48b04,cap,PartNet,False,cap/PartNet/3c2a6e6704d24b71325036f2a8f48b04,cap/ShapeNet/dc3e5c0457defe87a52821bf1aa3b19a,False,hat,cap,2,"['there', 'is', 'no', 'button', 'on', 'top']",6,there is no button on top,train,train,train,train,"[1, 15, 7, 123, 596, 20, 99, 2, 0, 0, 0, 0, 0, 0, 0, 0, 0, 0]",crown
264078,user_203,The top of the crown has a ball.,3JBT3HLQFAVAF104Q13ABZS1EV3ZPG,46.0,3c2a6e6704d24b71325036f2a8f48b04,cap,PartNet,d5cdba69afacdbf19393051c3324a45f,cap,PartNet,False,cap/PartNet/d5cdba69afacdbf19393051c3324a45f,cap/PartNet/3c2a6e6704d24b71325036f2a8f48b04,True,hat,hat,2,"['the', 'top', 'of', 'the', 'crown', 'has', 'a', 'ball']",8,the top of the crown has a ball,train,train,train,train,"[1, 10, 99, 38, 10, 606, 24, 26, 668, 2, 0, 0, 0, 0, 0, 0, 0, 0]",crown
264079,user_1633,The target's crown is not crooked at the tip.,3HYA4D452TC8ID8YNRYRCU4QRF82FX,27.0,3c2a6e6704d24b71325036f2a8f48b04,cap,PartNet,d5cdba69afacdbf19393051c3324a45f,cap,PartNet,False,cap/PartNet/d5cdba69afacdbf19393051c3324a45f,cap/PartNet/3c2a6e6704d24b71325036f2a8f48b04,True,hat,hat,2,"['the', 'target', ""'s"", 'crown', 'is', 'not', 'crooked', 'at', 'the', 'tip']",10,the target 's crown is not crooked at the tip,train,train,train,train,"[1, 10, 11, 12, 606, 7, 40, 2534, 98, 10, 357, 2, 0, 0, 0, 0, 0, 0]",crown
264081,user_786,Its crown's top has a ball-like irregular polygonal solid,37TRT2X24SKIBSUQPAINSLZMET9JBS,156.0,8173b6a303d2888671b99e20c1071f6c,cap,PartNet,88adc86cf9004a01ed43c5a21cb8b385,cap,PartNet,False,cap/PartNet/88adc86cf9004a01ed43c5a21cb8b385,cap/PartNet/8173b6a303d2888671b99e20c1071f6c,False,hat,hat,2,"['its', 'crown', ""'s"", 'top', 'has', 'a', 'ball', 'like', 'irregular', 'polygonal', 'solid']",11,its crown 's top has a ball like irregular polygonal solid,train,train,train,train,"[1, 5, 606, 12, 99, 24, 26, 668, 35, 609, 663, 291, 2, 0, 0, 0, 0, 0]",crown
264084,user_1529,There are no appliques on the crown.,3U5NZHP4LTVOOG0AKFX3BSOWI4CPH4,46.0,3d8381bbd02ff8e23a579c3371197382,cap,PartNet,233a6e7c31de58a33d4bab39ff8346fd,cap,PartNet,False,cap/PartNet/233a6e7c31de58a33d4bab39ff8346fd,cap/PartNet/3d8381bbd02ff8e23a579c3371197382,True,hat,hat,2,"['there', 'are', 'no', 'appliques', 'on', 'the', 'crown']",7,there are no appliques on the crown,train,train,train,train,"[1, 15, 16, 123, 3, 20, 10, 606, 2, 0, 0, 0, 0, 0, 0, 0, 0, 0]",crown
264086,user_1644,The brim is thicker and not as wide.,3U84XHCDIE6OQ8ELSHBM81H6NYYZ4E,21.0,3d8381bbd02ff8e23a579c3371197382,cap,PartNet,233a6e7c31de58a33d4bab39ff8346fd,cap,PartNet,False,cap/PartNet/233a6e7c31de58a33d4bab39ff8346fd,cap/PartNet/3d8381bbd02ff8e23a579c3371197382,True,hat,hat,2,"['the', 'brim', 'is', 'thick', '-er', 'and', 'not', 'as', 'wide']",9,the brim is thick -er and not as wide,train,train,train,train,"[1, 10, 601, 7, 54, 9, 47, 40, 52, 83, 2, 0, 0, 0, 0, 0, 0, 0]",brim
264087,user_786,Its crown is slightly taller,3IX2EGZR7DC5RZBFL74DS04QWE5JRW,51.0,58951c10aaeeff2afe8474bfd438f6d8,cap,PartNet,5a5c976be7015447f0d11ae402ef940e,cap,PartNet,False,cap/PartNet/5a5c976be7015447f0d11ae402ef940e,cap/PartNet/58951c10aaeeff2afe8474bfd438f6d8,True,hat,hat,2,"['its', 'crown', 'is', 'slightly', 'tall', '-er']",6,its crown is slightly tall -er,train,train,train,train,"[1, 5, 606, 7, 174, 53, 9, 2, 0, 0, 0, 0, 0, 0, 0, 0, 0, 0]",crown
264088,user_1644,The crown is taller.,32XVDSJFP1QEON0F9E247KOZOGK2M4,31.0,58951c10aaeeff2afe8474bfd438f6d8,cap,PartNet,5a5c976be7015447f0d11ae402ef940e,cap,PartNet,False,cap/PartNet/5a5c976be7015447f0d11ae402ef940e,cap/PartNet/58951c10aaeeff2afe8474bfd438f6d8,True,hat,hat,2,"['the', 'crown', 'is', 'tall', '-er']",5,the crown is tall -er,train,train,train,train,"[1, 10, 606, 7, 53, 9, 2, 0, 0, 0, 0, 0, 0, 0, 0, 0, 0, 0]",crown
264094,user_1633,The target is not a top hat.,3HMVI3QICLL7TJ7X9DQ1WW115KK1YC,19.0,a4ad860de76ad2b52a2d94519249662c,cap,PartNet,56f2db4609b14073230a4d129580843a,cap,PartNet,False,cap/PartNet/56f2db4609b14073230a4d129580843a,cap/PartNet/a4ad860de76ad2b52a2d94519249662c,False,hat,hat,2,"['the', 'target', 'is', 'not', 'a', 'top', 'hat']",7,the target is not a top hat,train,train,train,train,"[1, 10, 11, 7, 40, 26, 99, 602, 2, 0, 0, 0, 0, 0, 0, 0, 0, 0]",crown
264095,user_1644,It does not have a brim.,3W8CV64QJ4S3WTK33Q16P2OHD0WH93,15.0,a4ad860de76ad2b52a2d94519249662c,cap,PartNet,56f2db4609b14073230a4d129580843a,cap,PartNet,False,cap/PartNet/56f2db4609b14073230a4d129580843a,cap/PartNet/a4ad860de76ad2b52a2d94519249662c,False,hat,hat,2,"['it', 'does', 'not', 'have', 'a', 'brim']",6,it does not have a brim,train,train,train,train,"[1, 23, 39, 40, 84, 26, 601, 2, 0, 0, 0, 0, 0, 0, 0, 0, 0, 0]",brim
264096,user_90,The crown is taller,3I2PTA7R3VN0QI2XQDFPOPUYFIUQKU,58.0,fe319939c7dc4a6ff691355a196da5f,cap,PartNet,ad672c08a646c7419cd3f9e8648111d1,cap,PartNet,False,cap/PartNet/ad672c08a646c7419cd3f9e8648111d1,cap/PartNet/fe319939c7dc4a6ff691355a196da5f,False,hat,hat,2,"['the', 'crown', 'is', 'tall', '-er']",5,the crown is tall -er,train,train,train,train,"[1, 10, 606, 7, 53, 9, 2, 0, 0, 0, 0, 0, 0, 0, 0, 0, 0, 0]",crown
264097,user_1644,It does not have a logo on the crown.,3OF2M9AATIH94A3OD9Y2FI62KL7ZKP,51.0,fe319939c7dc4a6ff691355a196da5f,cap,PartNet,ad672c08a646c7419cd3f9e8648111d1,cap,PartNet,False,cap/PartNet/ad672c08a646c7419cd3f9e8648111d1,cap/PartNet/fe319939c7dc4a6ff691355a196da5f,False,hat,hat,2,"['it', 'does', 'not', 'have', 'a', 'logo', 'on', 'the', 'crown']",9,it does not have a logo on the crown,train,train,train,train,"[1, 23, 39, 40, 84, 26, 604, 20, 10, 606, 2, 0, 0, 0, 0, 0, 0, 0]",crown
264098,user_1964,There is no button on top,3E337GFOLB1ALZTMKU2TM3703PZGN1,107.0,fe319939c7dc4a6ff691355a196da5f,cap,PartNet,ad672c08a646c7419cd3f9e8648111d1,cap,PartNet,False,cap/PartNet/ad672c08a646c7419cd3f9e8648111d1,cap/PartNet/fe319939c7dc4a6ff691355a196da5f,False,hat,hat,2,"['there', 'is', 'no', 'button', 'on', 'top']",6,there is no button on top,train,train,train,train,"[1, 15, 7, 123, 596, 20, 99, 2, 0, 0, 0, 0, 0, 0, 0, 0, 0, 0]",crown
264101,user_1644,The top of the crown has a ball decoration.,3PIWWX1FJLZOTBS2D2V4Q9IZMYVJJQ,19.0,3f712e64c37ee460e4b30fdd654658ce,cap,PartNet,bfdcb0d592aa35698b3247ca9bcd5b10,cap,PartNet,False,cap/PartNet/bfdcb0d592aa35698b3247ca9bcd5b10,cap/PartNet/3f712e64c37ee460e4b30fdd654658ce,False,hat,hat,2,"['the', 'top', 'of', 'the', 'crown', 'has', 'a', 'ball', 'decoration']",9,the top of the crown has a ball decoration,train,train,train,train,"[1, 10, 99, 38, 10, 606, 24, 26, 668, 639, 2, 0, 0, 0, 0, 0, 0, 0]",crown
264102,user_786,"Its brim is horizontal, NOT vertical",3Z4XG4ZF4AK04E1832DESSH0HKVX8L,47.0,60153b9c1dc500a93d8dd242efdcdeb,cap,PartNet,fa8124cce25881004fcdbc2114c724fa,cap,PartNet,False,cap/PartNet/fa8124cce25881004fcdbc2114c724fa,cap/PartNet/60153b9c1dc500a93d8dd242efdcdeb,False,hat,hat,2,"['its', 'brim', 'is', 'horizontal', 'not', 'vertical']",6,its brim is horizontal not vertical,train,train,train,train,"[1, 5, 601, 7, 265, 40, 283, 2, 0, 0, 0, 0, 0, 0, 0, 0, 0, 0]",brim
264103,user_920,The target does not have a rounded brim.,3W92K5RLWWAPD7DB5P5TSNAOZJO5VQ,57.0,60153b9c1dc500a93d8dd242efdcdeb,cap,PartNet,fa8124cce25881004fcdbc2114c724fa,cap,PartNet,False,cap/PartNet/fa8124cce25881004fcdbc2114c724fa,cap/PartNet/60153b9c1dc500a93d8dd242efdcdeb,False,hat,hat,2,"['the', 'target', 'does', 'not', 'have', 'a', 'rounded', 'brim']",8,the target does not have a rounded brim,train,train,train,train,"[1, 10, 11, 39, 40, 84, 26, 48, 601, 2, 0, 0, 0, 0, 0, 0, 0, 0]",brim
264108,user_203,The crown is longer.,3KKG4CDWKKR9KHW8OJHNVDFD8WT94U,65.0,d18c3ce1f186c16976bb31db0358e9c6,cap,ShapeNet,7cf439aa8382299047765668cf4023ed,cap,ShapeNet,False,cap/ShapeNet/7cf439aa8382299047765668cf4023ed,cap/ShapeNet/d18c3ce1f186c16976bb31db0358e9c6,True,cap,cap,2,"['the', 'crown', 'is', 'long', '-er']",5,the crown is long -er,train,train,train,train,"[1, 10, 606, 7, 32, 9, 2, 0, 0, 0, 0, 0, 0, 0, 0, 0, 0, 0]",crown
264111,user_156,Its brim surrounds its entire edge.,3KAKFY4PGWVHDM67SZIHY1MADL1I3G,25.0,ed52d2c2a9c1b606cf9bbc203a5cff99,cap,ShapeNet,3d94467032aad372d2287f45c788597d,cap,PartNet,False,cap/PartNet/3d94467032aad372d2287f45c788597d,cap/ShapeNet/ed52d2c2a9c1b606cf9bbc203a5cff99,True,hat,cap,2,"['its', 'brim', 'surrounds', 'its', 'entire', 'edge']",6,its brim surrounds its entire edge,train,train,train,train,"[1, 5, 601, 740, 5, 516, 631, 2, 0, 0, 0, 0, 0, 0, 0, 0, 0, 0]",brim
264114,user_1529,"The Brim is more flat in the front, rather than rounded.",3STRJBFXOYKDIYUP7H9KTU5LZPVTKD,158.0,dc06523b3413d01d3ead562a41d49338,cap,PartNet,a444fff8c769de616a10eb60523df1e9,cap,ShapeNet,False,cap/ShapeNet/a444fff8c769de616a10eb60523df1e9,cap/PartNet/dc06523b3413d01d3ead562a41d49338,False,cap,hat,2,"['the', 'brim', 'is', 'more', 'flat', 'in', 'the', 'front', 'rather', 'than', 'rounded']",11,the brim is more flat in the front rather than rounded,train,train,train,train,"[1, 10, 601, 7, 34, 129, 90, 10, 37, 466, 131, 48, 2, 0, 0, 0, 0, 0]",brim
264115,user_1644,There is a button on the top.,3ZY8KE4ISLWE6TW9PHTWQY5FVFAQVN,44.0,dc06523b3413d01d3ead562a41d49338,cap,PartNet,a444fff8c769de616a10eb60523df1e9,cap,ShapeNet,False,cap/ShapeNet/a444fff8c769de616a10eb60523df1e9,cap/PartNet/dc06523b3413d01d3ead562a41d49338,False,cap,hat,2,"['there', 'is', 'a', 'button', 'on', 'the', 'top']",7,there is a button on the top,train,train,train,train,"[1, 15, 7, 26, 596, 20, 10, 99, 2, 0, 0, 0, 0, 0, 0, 0, 0, 0]",crown
264117,user_203,The crown has a rectangle on top of it.,36V4Q8R5ZMTVG620BPS532M24N7QMH,66.0,8173b6a303d2888671b99e20c1071f6c,cap,PartNet,deb19c41bc1e4ba5c8727b27ee96a4b7,cap,PartNet,False,cap/PartNet/deb19c41bc1e4ba5c8727b27ee96a4b7,cap/PartNet/8173b6a303d2888671b99e20c1071f6c,False,hat,hat,2,"['the', 'crown', 'has', 'a', 'rectangle', 'on', 'top', 'of', 'it']",9,the crown has a rectangle on top of it,train,train,train,train,"[1, 10, 606, 24, 26, 425, 20, 99, 38, 23, 2, 0, 0, 0, 0, 0, 0, 0]",crown
264126,user_203,The crown is not shaped like a hexagon.,3IXQG4FA2VRT5GHH3YRA3RLJIOUB9M,75.0,d12f1b6c7df969f39fd67caf3bf15730,cap,PartNet,288e11d15d927943068951f59ff267e,cap,PartNet,False,cap/PartNet/288e11d15d927943068951f59ff267e,cap/PartNet/d12f1b6c7df969f39fd67caf3bf15730,True,hat,hat,2,"['the', 'crown', 'is', 'not', 'shaped', 'like', 'a', 'hexagon']",8,the crown is not shaped like a hexagon,train,train,train,train,"[1, 10, 606, 7, 40, 14, 35, 26, 246, 2, 0, 0, 0, 0, 0, 0, 0, 0]",crown
264127,user_1644,It does not have a brim.,386PBUZZXHQUO1G2GN7H6OVRQMGLJ8,38.0,d12f1b6c7df969f39fd67caf3bf15730,cap,PartNet,288e11d15d927943068951f59ff267e,cap,PartNet,False,cap/PartNet/288e11d15d927943068951f59ff267e,cap/PartNet/d12f1b6c7df969f39fd67caf3bf15730,True,hat,hat,2,"['it', 'does', 'not', 'have', 'a', 'brim']",6,it does not have a brim,train,train,train,train,"[1, 23, 39, 40, 84, 26, 601, 2, 0, 0, 0, 0, 0, 0, 0, 0, 0, 0]",brim
264128,user_2105,target has longer width crown,39O5D9O87VLQ0JK70PMVNYOF0H73CR,69.0,d12f1b6c7df969f39fd67caf3bf15730,cap,PartNet,288e11d15d927943068951f59ff267e,cap,PartNet,False,cap/PartNet/288e11d15d927943068951f59ff267e,cap/PartNet/d12f1b6c7df969f39fd67caf3bf15730,True,hat,hat,2,"['target', 'has', 'long', '-er', 'width', 'crown']",6,target has long -er width crown,train,train,train,train,"[1, 11, 24, 32, 9, 358, 606, 2, 0, 0, 0, 0, 0, 0, 0, 0, 0, 0]",crown
264131,user_1644,The top of the crown is not as pointed.,3VW6495TLLT4JPI0L2XAAJCBC5TYY7,63.0,5f988e8af9ac5b873d1423abb84263f3,cap,PartNet,824e0bb9c53a50d27c010a074193cb9e,cap,PartNet,False,cap/PartNet/824e0bb9c53a50d27c010a074193cb9e,cap/PartNet/5f988e8af9ac5b873d1423abb84263f3,False,hat,hat,2,"['the', 'top', 'of', 'the', 'crown', 'is', 'not', 'as', 'pointed']",9,the top of the crown is not as pointed,train,train,train,train,"[1, 10, 99, 38, 10, 606, 7, 40, 52, 387, 2, 0, 0, 0, 0, 0, 0, 0]",crown
264133,user_1143,The target has a rounded top,32M8BPYGAVFI7YIVNEP1HVBJHQ6IGO,42.0,b9c7e3530d7128abf0d11ae402ef940e,cap,PartNet,61437489633f5d167c35d3c5d3b1fcf7,cap,ShapeNet,False,cap/ShapeNet/61437489633f5d167c35d3c5d3b1fcf7,cap/PartNet/b9c7e3530d7128abf0d11ae402ef940e,False,cap,hat,2,"['the', 'target', 'has', 'a', 'rounded', 'top']",6,the target has a rounded top,train,train,train,train,"[1, 10, 11, 24, 26, 48, 99, 2, 0, 0, 0, 0, 0, 0, 0, 0, 0, 0]",crown
264139,user_786,Its crown is taller,33SA9F9TRZN2OF69603SIJZFJMVEWI,110.0,8173b6a303d2888671b99e20c1071f6c,cap,PartNet,14103d87f108ab847cb2a55fa21392b7,cap,PartNet,False,cap/PartNet/14103d87f108ab847cb2a55fa21392b7,cap/PartNet/8173b6a303d2888671b99e20c1071f6c,True,hat,hat,2,"['its', 'crown', 'is', 'tall', '-er']",5,its crown is tall -er,train,train,train,train,"[1, 5, 606, 7, 53, 9, 2, 0, 0, 0, 0, 0, 0, 0, 0, 0, 0, 0]",crown
264140,user_1644,The crown is more rounded at the top.,34V1S5K3GUUNZ40M77A2SBZR4MG69R,34.0,8173b6a303d2888671b99e20c1071f6c,cap,PartNet,14103d87f108ab847cb2a55fa21392b7,cap,PartNet,False,cap/PartNet/14103d87f108ab847cb2a55fa21392b7,cap/PartNet/8173b6a303d2888671b99e20c1071f6c,True,hat,hat,2,"['the', 'crown', 'is', 'more', 'rounded', 'at', 'the', 'top']",8,the crown is more rounded at the top,train,train,train,train,"[1, 10, 606, 7, 34, 48, 98, 10, 99, 2, 0, 0, 0, 0, 0, 0, 0, 0]",crown
264142,user_1633,The target is not a top hat.,3W8CV64QJ4S3WTK33Q16P2OHD0V9HU,23.0,5c4122d7fa08f514796410d3fd165433,cap,PartNet,dc3e5c0457defe87a52821bf1aa3b19a,cap,ShapeNet,False,cap/ShapeNet/dc3e5c0457defe87a52821bf1aa3b19a,cap/PartNet/5c4122d7fa08f514796410d3fd165433,False,cap,hat,2,"['the', 'target', 'is', 'not', 'a', 'top', 'hat']",7,the target is not a top hat,train,train,train,train,"[1, 10, 11, 7, 40, 26, 99, 602, 2, 0, 0, 0, 0, 0, 0, 0, 0, 0]",crown
264143,user_1644,It has a logo on the crown.,3QEMNNSB2ZSI6UR82XKWKLIDQIID7H,17.0,5c4122d7fa08f514796410d3fd165433,cap,PartNet,dc3e5c0457defe87a52821bf1aa3b19a,cap,ShapeNet,False,cap/ShapeNet/dc3e5c0457defe87a52821bf1aa3b19a,cap/PartNet/5c4122d7fa08f514796410d3fd165433,False,cap,hat,2,"['it', 'has', 'a', 'logo', 'on', 'the', 'crown']",7,it has a logo on the crown,train,train,train,train,"[1, 23, 24, 26, 604, 20, 10, 606, 2, 0, 0, 0, 0, 0, 0, 0, 0, 0]",crown
264150,user_920,The target has athinner brim.,3TUI152ZZDGYKHGBI397JAYZ6B4Q1Z,31.0,f649b3afc815fff1e657bffb92fd93ce,cap,PartNet,45322773dbfa4b11851dfc313e1c5e29,cap,PartNet,False,cap/PartNet/45322773dbfa4b11851dfc313e1c5e29,cap/PartNet/f649b3afc815fff1e657bffb92fd93ce,True,hat,hat,2,"['the', 'target', 'has', 'thin', '-er', 'brim']",6,the target has thin -er brim,val,train,val,train,"[1, 10, 11, 24, 60, 9, 601, 2, 0, 0, 0, 0, 0, 0, 0, 0, 0, 0]",brim
264154,user_1633,The target's cap is more rounded than flat on the top.,3VBEN272MMS71CLRSQJFLXH6QO6SGO,34.0,fe319939c7dc4a6ff691355a196da5f,cap,PartNet,620b921e3f1a504258a12735d0a1edc9,cap,PartNet,False,cap/PartNet/620b921e3f1a504258a12735d0a1edc9,cap/PartNet/fe319939c7dc4a6ff691355a196da5f,True,hat,hat,2,"['the', 'target', ""'s"", 'cap', 'is', 'more', 'rounded', 'than', 'flat', 'on', 'the', 'top']",12,the target 's cap is more rounded than flat on the top,train,train,train,train,"[1, 10, 11, 12, 435, 7, 34, 48, 131, 129, 20, 10, 99, 2, 0, 0, 0, 0]",crown
264155,user_1644,It does not have a logo on the crown.,3CCZ6YKWR9CRG0082O0X05LR8R859D,24.0,fe319939c7dc4a6ff691355a196da5f,cap,PartNet,620b921e3f1a504258a12735d0a1edc9,cap,PartNet,False,cap/PartNet/620b921e3f1a504258a12735d0a1edc9,cap/PartNet/fe319939c7dc4a6ff691355a196da5f,True,hat,hat,2,"['it', 'does', 'not', 'have', 'a', 'logo', 'on', 'the', 'crown']",9,it does not have a logo on the crown,train,train,train,train,"[1, 23, 39, 40, 84, 26, 604, 20, 10, 606, 2, 0, 0, 0, 0, 0, 0, 0]",crown
264157,user_1644,The hat has a brim.,32M8BPYGAVFI7YIVNEP1HVBJHQ5GIL,83.0,3b0a1a20ef0ce1a34c90f2ddc14dc59b,cap,ShapeNet,985e86f7ecaec93d41c01a2987577d0c,cap,PartNet,False,cap/PartNet/985e86f7ecaec93d41c01a2987577d0c,cap/ShapeNet/3b0a1a20ef0ce1a34c90f2ddc14dc59b,False,hat,cap,2,"['the', 'hat', 'has', 'a', 'brim']",5,the hat has a brim,train,train,train,train,"[1, 10, 602, 24, 26, 601, 2, 0, 0, 0, 0, 0, 0, 0, 0, 0, 0, 0]",brim
264159,user_156,Its crown is taller in height.,336KAV9KYSLEI4PTSHQF1FB6XQZ2YV,31.0,befe908292dd78d92ef65425c21143ca,cap,PartNet,31253a0f8eaa2c5c785f06f424b9d06,cap,PartNet,False,cap/PartNet/31253a0f8eaa2c5c785f06f424b9d06,cap/PartNet/befe908292dd78d92ef65425c21143ca,False,hat,hat,2,"['its', 'crown', 'is', 'tall', '-er', 'in', 'height']",7,its crown is tall -er in height,train,train,train,train,"[1, 5, 606, 7, 53, 9, 90, 117, 2, 0, 0, 0, 0, 0, 0, 0, 0, 0]",crown
264160,user_865,Target  brim is a circular dome below cone shape,3GU1KF0O4KUEX3XOKNN7PHLYNRCPBT,558.0,befe908292dd78d92ef65425c21143ca,cap,PartNet,31253a0f8eaa2c5c785f06f424b9d06,cap,PartNet,False,cap/PartNet/31253a0f8eaa2c5c785f06f424b9d06,cap/PartNet/befe908292dd78d92ef65425c21143ca,False,hat,hat,2,"['target', 'brim', 'is', 'a', 'circular', 'dome', 'below', 'cone', 'shape']",9,target brim is a circular dome below cone shape,train,train,train,train,"[1, 11, 601, 7, 26, 102, 159, 170, 143, 93, 2, 0, 0, 0, 0, 0, 0, 0]",brim
264161,user_1644,The brim is thicker.,3ON104KXQMPKWD9GHURF9XNO6WV4WU,17.0,befe908292dd78d92ef65425c21143ca,cap,PartNet,31253a0f8eaa2c5c785f06f424b9d06,cap,PartNet,False,cap/PartNet/31253a0f8eaa2c5c785f06f424b9d06,cap/PartNet/befe908292dd78d92ef65425c21143ca,False,hat,hat,2,"['the', 'brim', 'is', 'thick', '-er']",5,the brim is thick -er,train,train,train,train,"[1, 10, 601, 7, 54, 9, 2, 0, 0, 0, 0, 0, 0, 0, 0, 0, 0, 0]",brim
264163,user_1529,"The crown isn't quite as round, and has wider flat parts.",3QUO65DNQWHB82UT5ERN578W28EUOR,81.0,647864ea6669f539379c6a1d59ef7283,cap,PartNet,3f712e64c37ee460e4b30fdd654658ce,cap,PartNet,False,cap/PartNet/3f712e64c37ee460e4b30fdd654658ce,cap/PartNet/647864ea6669f539379c6a1d59ef7283,False,hat,hat,2,"['the', 'crown', 'is', 'not', 'quite', 'as', 'round', 'and', 'has', 'wide', '-er', 'flat', 'parts']",13,the crown is not quite as round and has wide -er flat parts,train,train,train,train,"[1, 10, 606, 7, 40, 1308, 52, 134, 47, 24, 83, 9, 129, 215, 2, 0, 0, 0]",crown
264165,user_786,Its brim is narrower,37TRT2X24SKIBSUQPAINSLZMETABJL,30.0,284f1361baa1afdaeb02cbc132e4be3,cap,PartNet,877e513fb193967693b82513fdd39969,cap,PartNet,False,cap/PartNet/877e513fb193967693b82513fdd39969,cap/PartNet/284f1361baa1afdaeb02cbc132e4be3,True,hat,hat,2,"['its', 'brim', 'is', 'narrow', '-er']",5,its brim is narrow -er,train,train,train,train,"[1, 5, 601, 7, 210, 9, 2, 0, 0, 0, 0, 0, 0, 0, 0, 0, 0, 0]",brim
264166,user_1644,The brim is not as wide.,3W92K5RLWWAPD7DB5P5TSNAOZJNV5F,21.0,284f1361baa1afdaeb02cbc132e4be3,cap,PartNet,877e513fb193967693b82513fdd39969,cap,PartNet,False,cap/PartNet/877e513fb193967693b82513fdd39969,cap/PartNet/284f1361baa1afdaeb02cbc132e4be3,True,hat,hat,2,"['the', 'brim', 'is', 'not', 'as', 'wide']",6,the brim is not as wide,train,train,train,train,"[1, 10, 601, 7, 40, 52, 83, 2, 0, 0, 0, 0, 0, 0, 0, 0, 0, 0]",brim
264168,user_2105,target has taller height crown,3B3WTRP3DDVZH3HLK5YZ2YIFOIN29H,39.0,c5d20fc28adf769b1802624b30ec569e,cap,PartNet,e21bf79cf940999fecaafbe064b13083,cap,PartNet,False,cap/PartNet/e21bf79cf940999fecaafbe064b13083,cap/PartNet/c5d20fc28adf769b1802624b30ec569e,True,hat,hat,2,"['target', 'has', 'tall', '-er', 'height', 'crown']",6,target has tall -er height crown,train,train,train,train,"[1, 11, 24, 53, 9, 117, 606, 2, 0, 0, 0, 0, 0, 0, 0, 0, 0, 0]",crown
264169,user_786,Its crown has a smaller diameter,3OS4RQUCRB826Q8U6KR2DN7ULLLBF8,157.0,7b62c58f5911d1061737058619bcd307,cap,PartNet,484d95c416ee10a74ce8c4cc4cdde9b4,cap,PartNet,False,cap/PartNet/484d95c416ee10a74ce8c4cc4cdde9b4,cap/PartNet/7b62c58f5911d1061737058619bcd307,True,hat,hat,2,"['its', 'crown', 'has', 'a', 'small', '-er', 'diameter']",7,its crown has a small -er diameter,train,train,train,train,"[1, 5, 606, 24, 26, 111, 9, 268, 2, 0, 0, 0, 0, 0, 0, 0, 0, 0]",crown
264170,user_1633,The target is more of a boater than a top hat.,31QNSG6A5TM6PZVHLP9GYT4CFRH781,27.0,7b62c58f5911d1061737058619bcd307,cap,PartNet,484d95c416ee10a74ce8c4cc4cdde9b4,cap,PartNet,False,cap/PartNet/484d95c416ee10a74ce8c4cc4cdde9b4,cap/PartNet/7b62c58f5911d1061737058619bcd307,True,hat,hat,2,"['the', 'target', 'is', 'more', 'of', 'a', 'boater', 'than', 'a', 'top', 'hat']",11,the target is more of a boater than a top hat,train,train,train,train,"[1, 10, 11, 7, 34, 38, 26, 612, 131, 26, 99, 602, 2, 0, 0, 0, 0, 0]",crown
264171,user_1644,It is not a top hat.,3HUTX6F6VWG2OQLRMUHHZOD4JGZ2OJ,18.0,7b62c58f5911d1061737058619bcd307,cap,PartNet,484d95c416ee10a74ce8c4cc4cdde9b4,cap,PartNet,False,cap/PartNet/484d95c416ee10a74ce8c4cc4cdde9b4,cap/PartNet/7b62c58f5911d1061737058619bcd307,True,hat,hat,2,"['it', 'is', 'not', 'a', 'top', 'hat']",6,it is not a top hat,train,train,train,train,"[1, 23, 7, 40, 26, 99, 602, 2, 0, 0, 0, 0, 0, 0, 0, 0, 0, 0]",crown
323603,user_505,Target does not have a domed top,3OXV7EAXLGJ1K2B6QY9S1YW54U4638,32.0,61437489633f5d167c35d3c5d3b1fcf7,cap,ShapeNet,c5d20fc28adf769b1802624b30ec569e,cap,PartNet,False,cap/PartNet/c5d20fc28adf769b1802624b30ec569e,cap/ShapeNet/61437489633f5d167c35d3c5d3b1fcf7,False,hat,cap,2,"['target', 'does', 'not', 'have', 'a', 'domed', 'top']",7,target does not have a domed top,train,train,train,train,"[1, 11, 39, 40, 84, 26, 2201, 99, 2, 0, 0, 0, 0, 0, 0, 0, 0, 0]",crown
323604,user_742,The crown of the hat is rounder,3M0BCWMB8XP4HCUPW912HBTUGOABW5,58.0,96a9f36ce97a067aa99fc65b413040d6,cap,PartNet,b1701c999c33e44630c809a91a1466ef,cap,PartNet,False,cap/PartNet/b1701c999c33e44630c809a91a1466ef,cap/PartNet/96a9f36ce97a067aa99fc65b413040d6,True,hat,hat,2,"['the', 'crown', 'of', 'the', 'hat', 'is', 'round', '-er']",8,the crown of the hat is round -er,test,train,test,train,"[1, 10, 606, 38, 10, 602, 7, 134, 9, 2, 0, 0, 0, 0, 0, 0, 0, 0]",crown
