,workerid,utterance,assignmentid,worktimeinseconds,source_model_name,source_object_class,source_dataset,target_model_name,target_object_class,target_dataset,is_patched,target_uid,source_uid,hard_context,target_original_object_class,source_original_object_class,saliency,tokens,tokens_len,utterance_spelled,target_unary_split,source_unary_split,listening_split,changeit_split,tokens_encoded,part_keywords
61420,user_745,The bag has two handles,3CFJTT4SXVJZE57UUBL7BIYQI9FI7L,126.0,5afe31025e8574ea8d6e12c39b2d5023,bag,ShapeNet,a333a7047900101ffc854afc3ce25be,bag,PartNet,False,bag/PartNet/a333a7047900101ffc854afc3ce25be,bag/ShapeNet/5afe31025e8574ea8d6e12c39b2d5023,True,bag,bag,0,"['the', 'bag', 'has', 'two', 'handles']",5,the bag has two handles,train,train,train,train,"[1, 10, 1909, 24, 17, 18, 2, 0, 0, 0, 0, 0, 0, 0, 0, 0, 0, 0]",strap
61424,user_1796,There are two straps.,3KRVW3HTZPE7TMHD3THAY213MUFMSR,79.0,add50bbf543ba7eaeab2bd7322386ffd,bag,PartNet,4e4fcfffec161ecaed13f430b2941481,bag,ShapeNet,False,bag/ShapeNet/4e4fcfffec161ecaed13f430b2941481,bag/PartNet/add50bbf543ba7eaeab2bd7322386ffd,False,bag,bag,0,"['there', 'are', 'two', 'straps']",4,there are two straps,train,train,train,train,"[1, 15, 16, 17, 716, 2, 0, 0, 0, 0, 0, 0, 0, 0, 0, 0, 0, 0]",strap
61427,user_1031,The body is made of a rigid material.,3H7Z272LX90QACJ0B0C13KH3Z4ZLPN,169.0,6ca911066e1f7d32749d52b3e269018,bag,PartNet,5f3af8ff93de34c9e7922afdefd88b6e,bag,ShapeNet,False,bag/ShapeNet/5f3af8ff93de34c9e7922afdefd88b6e,bag/PartNet/6ca911066e1f7d32749d52b3e269018,False,bag,bag,0,"['the', 'body', 'is', 'made', 'of', 'a', 'rigid', 'material']",8,the body is made of a rigid material,test,train,test,train,"[1, 10, 45, 7, 916, 38, 26, 1963, 1768, 2, 0, 0, 0, 0, 0, 0, 0, 0]",body
61428,user_1298,There is a handle,3KAKFY4PGWVHDM67SZIHY1MAD4II3Z,48.0,6ca911066e1f7d32749d52b3e269018,bag,PartNet,5f3af8ff93de34c9e7922afdefd88b6e,bag,ShapeNet,False,bag/ShapeNet/5f3af8ff93de34c9e7922afdefd88b6e,bag/PartNet/6ca911066e1f7d32749d52b3e269018,False,bag,bag,0,"['there', 'is', 'a', 'handle']",4,there is a handle,test,train,test,train,"[1, 15, 7, 26, 29, 2, 0, 0, 0, 0, 0, 0, 0, 0, 0, 0, 0, 0]",strap
61430,user_1298,The handle is smaller,3BV8HQ2ZZYU14NARZDO2O6ABANKA6Y,109.0,d9fb0b4c7b6f84d0abc49cae1a831a9e,bag,PartNet,c5c0f63f94ddf4c258d149fbd24761c4,bag,ShapeNet,False,bag/ShapeNet/c5c0f63f94ddf4c258d149fbd24761c4,bag/PartNet/d9fb0b4c7b6f84d0abc49cae1a831a9e,False,bag,bag,0,"['the', 'handle', 'is', 'small', '-er']",5,the handle is small -er,train,train,train,train,"[1, 10, 29, 7, 111, 9, 2, 0, 0, 0, 0, 0, 0, 0, 0, 0, 0, 0]",strap
61435,user_156,It has a handle.,37QW5D2ZRIFS8XF99S7RTK082QG8SH,54.0,a405a7ca363c7c41bbda4bd2b976d8f7,bag,PartNet,8bc53bae41a8105f5c7506815f553527,bag,ShapeNet,False,bag/ShapeNet/8bc53bae41a8105f5c7506815f553527,bag/PartNet/a405a7ca363c7c41bbda4bd2b976d8f7,False,bag,bag,0,"['it', 'has', 'a', 'handle']",4,it has a handle,train,train,train,train,"[1, 23, 24, 26, 29, 2, 0, 0, 0, 0, 0, 0, 0, 0, 0, 0, 0, 0]",strap
61436,user_649,It has a single handle.,3Q5C1WP23OU9RVXDYBL4LZ38AY215K,104.0,a405a7ca363c7c41bbda4bd2b976d8f7,bag,PartNet,8bc53bae41a8105f5c7506815f553527,bag,ShapeNet,False,bag/ShapeNet/8bc53bae41a8105f5c7506815f553527,bag/PartNet/a405a7ca363c7c41bbda4bd2b976d8f7,False,bag,bag,0,"['it', 'has', 'a', 'single', 'handle']",5,it has a single handle,train,train,train,train,"[1, 23, 24, 26, 86, 29, 2, 0, 0, 0, 0, 0, 0, 0, 0, 0, 0, 0]",strap
61437,user_2044,It has a handle,36NEMU28XH6003YMNYRBVR4OS7JMWE,86.0,a405a7ca363c7c41bbda4bd2b976d8f7,bag,PartNet,8bc53bae41a8105f5c7506815f553527,bag,ShapeNet,False,bag/ShapeNet/8bc53bae41a8105f5c7506815f553527,bag/PartNet/a405a7ca363c7c41bbda4bd2b976d8f7,False,bag,bag,0,"['it', 'has', 'a', 'handle']",4,it has a handle,train,train,train,train,"[1, 23, 24, 26, 29, 2, 0, 0, 0, 0, 0, 0, 0, 0, 0, 0, 0, 0]",strap
61447,user_786,It has a strap,3Z7VU45IP0A7Y9H25ZSKA3A3BX0Z1F,102.0,1b84dededd445058e44a5473032f38f,bag,ShapeNet,f872a64810c123a47abde6405e4d8323,bag,ShapeNet,False,bag/ShapeNet/f872a64810c123a47abde6405e4d8323,bag/ShapeNet/1b84dededd445058e44a5473032f38f,False,bag,bag,0,"['it', 'has', 'a', 'strap']",4,it has a strap,train,train,train,train,"[1, 23, 24, 26, 628, 2, 0, 0, 0, 0, 0, 0, 0, 0, 0, 0, 0, 0]",strap
61449,user_2048,it has a shoulder strap,38JBBYETQQ3QFDNPWUX9NRGOZB34ET,54.0,1b84dededd445058e44a5473032f38f,bag,ShapeNet,f872a64810c123a47abde6405e4d8323,bag,ShapeNet,False,bag/ShapeNet/f872a64810c123a47abde6405e4d8323,bag/ShapeNet/1b84dededd445058e44a5473032f38f,False,bag,bag,0,"['it', 'has', 'a', 'shoulder', 'strap']",5,it has a shoulder strap,train,train,train,train,"[1, 23, 24, 26, 1767, 628, 2, 0, 0, 0, 0, 0, 0, 0, 0, 0, 0, 0]",strap
61450,user_156,It has three handles.,3P4RDNWND7ZSY08WVKA4E83Z94UJI8,35.0,add50bbf543ba7eaeab2bd7322386ffd,bag,PartNet,22065bf26a7da50a5c4dc8ac281ba59d,bag,ShapeNet,False,bag/ShapeNet/22065bf26a7da50a5c4dc8ac281ba59d,bag/PartNet/add50bbf543ba7eaeab2bd7322386ffd,False,bag,bag,0,"['it', 'has', 'three', 'handles']",4,it has three handles,train,train,train,train,"[1, 23, 24, 80, 18, 2, 0, 0, 0, 0, 0, 0, 0, 0, 0, 0, 0, 0]",strap
61452,user_2002,The body is longer,33C7UALJVNRSEDGFW9S7XJDZCPU18F,50.0,add50bbf543ba7eaeab2bd7322386ffd,bag,PartNet,22065bf26a7da50a5c4dc8ac281ba59d,bag,ShapeNet,False,bag/ShapeNet/22065bf26a7da50a5c4dc8ac281ba59d,bag/PartNet/add50bbf543ba7eaeab2bd7322386ffd,False,bag,bag,0,"['the', 'body', 'is', 'long', '-er']",5,the body is long -er,train,train,train,train,"[1, 10, 45, 7, 32, 9, 2, 0, 0, 0, 0, 0, 0, 0, 0, 0, 0, 0]",body
61456,user_203,The handles are attached to the top.,3RJSC4XJ12N9K6CV2SH47UKY57A501,113.0,71ead7f072106c63ed13f430b2941481,bag,ShapeNet,6187bd900c3bc002ed13f430b2941481,bag,ShapeNet,False,bag/ShapeNet/6187bd900c3bc002ed13f430b2941481,bag/ShapeNet/71ead7f072106c63ed13f430b2941481,False,bag,bag,0,"['the', 'handles', 'are', 'attached', 'to', 'the', 'top']",7,the handles are attached to the top,train,train,train,train,"[1, 10, 18, 16, 115, 58, 10, 99, 2, 0, 0, 0, 0, 0, 0, 0, 0, 0]",strap
61460,user_1298,It has no handles,33C7UALJVNRSEDGFW9S7XJDZCOA18T,48.0,93ca5243aa73b5de81157c9325bb0e45,bag,ShapeNet,1614bc965545308e5de21284bb515a83,bag,PartNet,False,bag/PartNet/1614bc965545308e5de21284bb515a83,bag/ShapeNet/93ca5243aa73b5de81157c9325bb0e45,False,bag,bag,0,"['it', 'has', 'no', 'handles']",4,it has no handles,train,train,train,train,"[1, 23, 24, 123, 18, 2, 0, 0, 0, 0, 0, 0, 0, 0, 0, 0, 0, 0]",strap
61464,user_1706,It has no handles; it is a clutch,379J5II41Q9MDLUA2MWQ98IZLYJELJ,104.0,d7dff9ecaf5f063cb1eb0742a46d174e,bag,PartNet,d495ae2cd034f066abc49cae1a831a9e,bag,PartNet,False,bag/PartNet/d495ae2cd034f066abc49cae1a831a9e,bag/PartNet/d7dff9ecaf5f063cb1eb0742a46d174e,False,bag,bag,0,"['it', 'has', 'no', 'handles', 'it', 'is', 'a', 'clutch']",8,it has no handles it is a clutch,train,train,train,train,"[1, 23, 24, 123, 18, 23, 7, 26, 3331, 2, 0, 0, 0, 0, 0, 0, 0, 0]",strap
61469,user_677,The target has one strap.,38JBBYETQQ3QFDNPWUX9NRGOZBU4EK,63.0,c3546b0830a79ea64be35abb02d18d44,bag,PartNet,10a885f5971d9d4ce858db1dc3499392,bag,ShapeNet,False,bag/ShapeNet/10a885f5971d9d4ce858db1dc3499392,bag/PartNet/c3546b0830a79ea64be35abb02d18d44,True,bag,bag,0,"['the', 'target', 'has', 'one', 'strap']",5,the target has one strap,train,train,train,train,"[1, 10, 11, 24, 19, 628, 2, 0, 0, 0, 0, 0, 0, 0, 0, 0, 0, 0]",strap
61471,user_12,The bag body has rivets and metal ring ornaments.,3TDXMTX3CDNGA5TPB1GF54YUNVFI60,94.0,d3bd250ca3cb8e29976855a35549333,bag,ShapeNet,2ca6df7a5377825cfee773c7de26c274,bag,ShapeNet,False,bag/ShapeNet/2ca6df7a5377825cfee773c7de26c274,bag/ShapeNet/d3bd250ca3cb8e29976855a35549333,False,bag,bag,0,"['the', 'bag', 'body', 'has', 'rivets', 'and', 'metal', 'ring', 'ornaments']",9,the bag body has rivets and metal ring ornaments,val,train,val,train,"[1, 10, 1909, 45, 24, 1405, 47, 1206, 557, 2077, 2, 0, 0, 0, 0, 0, 0, 0]",body
61473,user_505,Target has higher handles,3BXQMRHWK1RN8Z9HSYCAD3JR7RBUMQ,45.0,d3bd250ca3cb8e29976855a35549333,bag,ShapeNet,2ca6df7a5377825cfee773c7de26c274,bag,ShapeNet,False,bag/ShapeNet/2ca6df7a5377825cfee773c7de26c274,bag/ShapeNet/d3bd250ca3cb8e29976855a35549333,False,bag,bag,0,"['target', 'has', 'high', '-er', 'handles']",5,target has high -er handles,val,train,val,train,"[1, 11, 24, 49, 9, 18, 2, 0, 0, 0, 0, 0, 0, 0, 0, 0, 0, 0]",strap
61474,user_786,It has two handles instead of one,3XUHV3NRVMRKV6IR00OPDMJFRO15HS,139.0,88d375bc79ef32532e50abc7a1305908,bag,ShapeNet,6881468dd51c214922022e93ae2b2b5b,bag,ShapeNet,False,bag/ShapeNet/6881468dd51c214922022e93ae2b2b5b,bag/ShapeNet/88d375bc79ef32532e50abc7a1305908,True,bag,bag,0,"['it', 'has', 'two', 'handles', 'instead', 'of', 'one']",7,it has two handles instead of one,train,train,train,train,"[1, 23, 24, 17, 18, 97, 38, 19, 2, 0, 0, 0, 0, 0, 0, 0, 0, 0]",strap
61475,user_1604,It has two handles.,336KAV9KYSLEI4PTSHQF1FB6XBMY2K,75.0,88d375bc79ef32532e50abc7a1305908,bag,ShapeNet,6881468dd51c214922022e93ae2b2b5b,bag,ShapeNet,False,bag/ShapeNet/6881468dd51c214922022e93ae2b2b5b,bag/ShapeNet/88d375bc79ef32532e50abc7a1305908,True,bag,bag,0,"['it', 'has', 'two', 'handles']",4,it has two handles,train,train,train,train,"[1, 23, 24, 17, 18, 2, 0, 0, 0, 0, 0, 0, 0, 0, 0, 0, 0, 0]",strap
61476,user_1711,two handles,340UGXU9D0U6YM3Q6QD10Z24YJDVUW,29.0,88d375bc79ef32532e50abc7a1305908,bag,ShapeNet,6881468dd51c214922022e93ae2b2b5b,bag,ShapeNet,False,bag/ShapeNet/6881468dd51c214922022e93ae2b2b5b,bag/ShapeNet/88d375bc79ef32532e50abc7a1305908,True,bag,bag,0,"['two', 'handles']",2,two handles,train,train,train,train,"[1, 17, 18, 2, 0, 0, 0, 0, 0, 0, 0, 0, 0, 0, 0, 0, 0, 0]",strap
61478,user_899,The target bag only has one handle.,3GU1KF0O4KUEX3XOKNN7PHLYNBRPBC,36.0,f5800755a78fc83957be02cb1dc1e62,bag,ShapeNet,11d831e89c65adeddeb12bc39b9090ab,bag,PartNet,False,bag/PartNet/11d831e89c65adeddeb12bc39b9090ab,bag/ShapeNet/f5800755a78fc83957be02cb1dc1e62,False,bag,bag,0,"['the', 'target', 'bag', 'only', 'has', 'one', 'handle']",7,the target bag only has one handle,train,train,train,train,"[1, 10, 11, 1909, 133, 24, 19, 29, 2, 0, 0, 0, 0, 0, 0, 0, 0, 0]",strap
61479,user_1124,Target has one strap,336KAV9KYSLEI4PTSHQF1FB6XAW2YW,155.0,f5800755a78fc83957be02cb1dc1e62,bag,ShapeNet,11d831e89c65adeddeb12bc39b9090ab,bag,PartNet,False,bag/PartNet/11d831e89c65adeddeb12bc39b9090ab,bag/ShapeNet/f5800755a78fc83957be02cb1dc1e62,False,bag,bag,0,"['target', 'has', 'one', 'strap']",4,target has one strap,train,train,train,train,"[1, 11, 24, 19, 628, 2, 0, 0, 0, 0, 0, 0, 0, 0, 0, 0, 0, 0]",strap
61483,user_507,the handle has many holes,3HQUKB7LNH7WBZ2M12PY2JM5W0XHHW,26.0,21b60b5519668987a75d03186a0409e2,bag,PartNet,3077a9b76724b6d35de21284bb515a83,bag,ShapeNet,False,bag/ShapeNet/3077a9b76724b6d35de21284bb515a83,bag/PartNet/21b60b5519668987a75d03186a0409e2,True,bag,bag,0,"['the', 'handle', 'has', 'many', 'holes']",5,the handle has many holes,train,train,train,train,"[1, 10, 29, 24, 30, 234, 2, 0, 0, 0, 0, 0, 0, 0, 0, 0, 0, 0]",strap
61484,user_786,The handle has four large finger holes in it,3TVSS0C0E3T4DYO6WVSNH5ZGMEOTWT,87.0,21b60b5519668987a75d03186a0409e2,bag,PartNet,3077a9b76724b6d35de21284bb515a83,bag,ShapeNet,False,bag/ShapeNet/3077a9b76724b6d35de21284bb515a83,bag/PartNet/21b60b5519668987a75d03186a0409e2,True,bag,bag,0,"['the', 'handle', 'has', 'four', 'large', 'finger', 'holes', 'in', 'it']",9,the handle has four large finger holes in it,train,train,train,train,"[1, 10, 29, 24, 322, 94, 1382, 234, 90, 23, 2, 0, 0, 0, 0, 0, 0, 0]",strap
61486,user_713,single handle,3HFNH7HEMJ7VOW6E0MUAQX258JAQGO,192.0,54020887fae8cea02d9a3aad1271738b,bag,PartNet,20b4891228ecfb4876bb31db0358e9c6,bag,ShapeNet,False,bag/ShapeNet/20b4891228ecfb4876bb31db0358e9c6,bag/PartNet/54020887fae8cea02d9a3aad1271738b,True,bag,bag,0,"['single', 'handle']",2,single handle,train,train,train,train,"[1, 86, 29, 2, 0, 0, 0, 0, 0, 0, 0, 0, 0, 0, 0, 0, 0, 0]",strap
61488,user_1894,The top is curved at both ends of the body.,3G2UL9A02F7JLLCTSACIEF8L9FD763,296.0,54020887fae8cea02d9a3aad1271738b,bag,PartNet,20b4891228ecfb4876bb31db0358e9c6,bag,ShapeNet,False,bag/ShapeNet/20b4891228ecfb4876bb31db0358e9c6,bag/PartNet/54020887fae8cea02d9a3aad1271738b,True,bag,bag,0,"['the', 'top', 'is', 'curved', 'at', 'both', 'ends', 'of', 'the', 'body']",10,the top is curved at both ends of the body,train,train,train,train,"[1, 10, 99, 7, 51, 98, 470, 247, 38, 10, 45, 2, 0, 0, 0, 0, 0, 0]",body
61496,user_1298,The handle is smaller,3X73LLYYQ37OLVOX40KB73J1I8BNH8,42.0,68b7ca73de30ad6df2197da8dec8488d,bag,ShapeNet,6b094dc5129ab53fed13f430b2941481,bag,PartNet,False,bag/PartNet/6b094dc5129ab53fed13f430b2941481,bag/ShapeNet/68b7ca73de30ad6df2197da8dec8488d,False,bag,bag,0,"['the', 'handle', 'is', 'small', '-er']",5,the handle is small -er,val,train,val,train,"[1, 10, 29, 7, 111, 9, 2, 0, 0, 0, 0, 0, 0, 0, 0, 0, 0, 0]",strap
61499,user_203,It has only one handle.,3QUO65DNQWHB82UT5ERN578W2QWUO9,189.0,d7dff9ecaf5f063cb1eb0742a46d174e,bag,PartNet,8e3eb521577dddea7d2c1de1b4d2a6e4,bag,PartNet,False,bag/PartNet/8e3eb521577dddea7d2c1de1b4d2a6e4,bag/PartNet/d7dff9ecaf5f063cb1eb0742a46d174e,True,bag,bag,0,"['it', 'has', 'only', 'one', 'handle']",5,it has only one handle,train,train,train,train,"[1, 23, 24, 133, 19, 29, 2, 0, 0, 0, 0, 0, 0, 0, 0, 0, 0, 0]",strap
61500,user_1298,The body is larger,3S06PH7KSTX4V8C6DH3NJBR0NF01DS,40.0,d7dff9ecaf5f063cb1eb0742a46d174e,bag,PartNet,8e3eb521577dddea7d2c1de1b4d2a6e4,bag,PartNet,False,bag/PartNet/8e3eb521577dddea7d2c1de1b4d2a6e4,bag/PartNet/d7dff9ecaf5f063cb1eb0742a46d174e,True,bag,bag,0,"['the', 'body', 'is', 'large', '-er']",5,the body is large -er,train,train,train,train,"[1, 10, 45, 7, 94, 9, 2, 0, 0, 0, 0, 0, 0, 0, 0, 0, 0, 0]",body
61502,user_923,It has one strap,3FK0YFF9P196B1SQBGN6WL4NCRQVVR,92.0,30bf69aa24dbb3fc9de193e488fc4dce,bag,ShapeNet,788eee4bfb4f27ecc33cda78d407d98a,bag,PartNet,False,bag/PartNet/788eee4bfb4f27ecc33cda78d407d98a,bag/ShapeNet/30bf69aa24dbb3fc9de193e488fc4dce,True,bag,bag,0,"['it', 'has', 'one', 'strap']",4,it has one strap,train,train,train,train,"[1, 23, 24, 19, 628, 2, 0, 0, 0, 0, 0, 0, 0, 0, 0, 0, 0, 0]",strap
61503,user_1689,The target has a thinner body.,30ZX6P7VFAOONFUU6HPCRSWIK5V2J8,181.0,30bf69aa24dbb3fc9de193e488fc4dce,bag,ShapeNet,788eee4bfb4f27ecc33cda78d407d98a,bag,PartNet,False,bag/PartNet/788eee4bfb4f27ecc33cda78d407d98a,bag/ShapeNet/30bf69aa24dbb3fc9de193e488fc4dce,True,bag,bag,0,"['the', 'target', 'has', 'a', 'thin', '-er', 'body']",7,the target has a thin -er body,train,train,train,train,"[1, 10, 11, 24, 26, 60, 9, 45, 2, 0, 0, 0, 0, 0, 0, 0, 0, 0]",body
61504,user_786,It has one big handle that spans about 2/3 of the top's length,3NKQQ8O390YK4534F5D7UDWXYDXDU5,160.0,21b60b5519668987a75d03186a0409e2,bag,PartNet,151d033af5381fd4c1e1e64c8ea306ea,bag,ShapeNet,False,bag/ShapeNet/151d033af5381fd4c1e1e64c8ea306ea,bag/PartNet/21b60b5519668987a75d03186a0409e2,False,bag,bag,0,"['it', 'has', 'one', 'big', 'handle', 'that', 'spans', 'about', 'two', 'three', 'of', 'the', 'top', ""'s"", 'length']",15,it has one big handle that spans about two three of the top 's length,train,train,train,train,"[1, 23, 24, 19, 320, 29, 172, 1250, 519, 17, 80, 38, 10, 99, 12, 155, 2, 0]",strap
61505,user_891,it has a handle,3ZSY5X72NZ4JSA2C1KWI0WLCVSUOR3,41.0,21b60b5519668987a75d03186a0409e2,bag,PartNet,151d033af5381fd4c1e1e64c8ea306ea,bag,ShapeNet,False,bag/ShapeNet/151d033af5381fd4c1e1e64c8ea306ea,bag/PartNet/21b60b5519668987a75d03186a0409e2,False,bag,bag,0,"['it', 'has', 'a', 'handle']",4,it has a handle,train,train,train,train,"[1, 23, 24, 26, 29, 2, 0, 0, 0, 0, 0, 0, 0, 0, 0, 0, 0, 0]",strap
61507,user_507,it has a pleated body,3WAKVUDHUY94NW2UOSALULM1C54U79,36.0,c5285f62ab36c0b84a001c5cd830d507,bag,PartNet,71ead7f072106c63ed13f430b2941481,bag,ShapeNet,False,bag/ShapeNet/71ead7f072106c63ed13f430b2941481,bag/PartNet/c5285f62ab36c0b84a001c5cd830d507,True,bag,bag,0,"['it', 'has', 'a', 'pleated', 'body']",5,it has a pleated body,train,train,train,train,"[1, 23, 24, 26, 884, 45, 2, 0, 0, 0, 0, 0, 0, 0, 0, 0, 0, 0]",body
61509,user_1139,It has a wider handle,3ZDAD0O1T36J2YTW60O9JODNVI7TX3,125.0,c5285f62ab36c0b84a001c5cd830d507,bag,PartNet,71ead7f072106c63ed13f430b2941481,bag,ShapeNet,False,bag/ShapeNet/71ead7f072106c63ed13f430b2941481,bag/PartNet/c5285f62ab36c0b84a001c5cd830d507,True,bag,bag,0,"['it', 'has', 'a', 'wide', '-er', 'handle']",6,it has a wide -er handle,train,train,train,train,"[1, 23, 24, 26, 83, 9, 29, 2, 0, 0, 0, 0, 0, 0, 0, 0, 0, 0]",strap
61510,user_156,It has one handle.,3MH9DQ757Y5NGPDVHVEF0YZUB71GUA,33.0,f297885d4918000ec8724d5673a063a6,bag,ShapeNet,4a175db3a8cad99b5dd5ceb34f6e33d9,bag,ShapeNet,False,bag/ShapeNet/4a175db3a8cad99b5dd5ceb34f6e33d9,bag/ShapeNet/f297885d4918000ec8724d5673a063a6,True,bag,bag,0,"['it', 'has', 'one', 'handle']",4,it has one handle,train,train,train,train,"[1, 23, 24, 19, 29, 2, 0, 0, 0, 0, 0, 0, 0, 0, 0, 0, 0, 0]",strap
61516,user_1298,The body is shaped like a box,3K9FOBBF2JCQ7R7NVLZ9ZVC8ZP4NLZ,45.0,5afe31025e8574ea8d6e12c39b2d5023,bag,ShapeNet,54931ecfaf7c4e08302e608f9e1070d0,bag,PartNet,False,bag/PartNet/54931ecfaf7c4e08302e608f9e1070d0,bag/ShapeNet/5afe31025e8574ea8d6e12c39b2d5023,True,bag,bag,0,"['the', 'body', 'is', 'shaped', 'like', 'a', 'box']",7,the body is shaped like a box,train,train,train,train,"[1, 10, 45, 7, 14, 35, 26, 451, 2, 0, 0, 0, 0, 0, 0, 0, 0, 0]",body
61525,user_1298,The body has minimal design,3UXUOQ9OKGQK8NOWINTUUKA75YX7AN,55.0,811f592148958510abc49cae1a831a9e,bag,PartNet,c5285f62ab36c0b84a001c5cd830d507,bag,PartNet,False,bag/PartNet/c5285f62ab36c0b84a001c5cd830d507,bag/PartNet/811f592148958510abc49cae1a831a9e,True,bag,bag,0,"['the', 'body', 'has', 'minimal', 'design']",5,the body has minimal design,train,train,train,train,"[1, 10, 45, 24, 1319, 192, 2, 0, 0, 0, 0, 0, 0, 0, 0, 0, 0, 0]",body
61526,user_1424,It has two triangular handles,3WLEIWSYHQASW9Z4IHMRFFG37D52HH,299.0,811f592148958510abc49cae1a831a9e,bag,PartNet,c5285f62ab36c0b84a001c5cd830d507,bag,PartNet,False,bag/PartNet/c5285f62ab36c0b84a001c5cd830d507,bag/PartNet/811f592148958510abc49cae1a831a9e,True,bag,bag,0,"['it', 'has', 'two', 'triangular', 'handles']",5,it has two triangular handles,train,train,train,train,"[1, 23, 24, 17, 564, 18, 2, 0, 0, 0, 0, 0, 0, 0, 0, 0, 0, 0]",strap
61527,user_1572,The straps form a shape like a triangle.,3Z9WI9EOZ1HNDP3U7NSVFB2XODKHKB,202.0,811f592148958510abc49cae1a831a9e,bag,PartNet,c5285f62ab36c0b84a001c5cd830d507,bag,PartNet,False,bag/PartNet/c5285f62ab36c0b84a001c5cd830d507,bag/PartNet/811f592148958510abc49cae1a831a9e,True,bag,bag,0,"['the', 'straps', 'form', 'a', 'shape', 'like', 'a', 'triangle']",8,the straps form a shape like a triangle,train,train,train,train,"[1, 10, 716, 67, 26, 93, 35, 26, 608, 2, 0, 0, 0, 0, 0, 0, 0, 0]",strap
61528,user_156,It has two handles.,3UNH76FOCUY4P8TM2Z9ZGOP43ESYMW,48.0,151d033af5381fd4c1e1e64c8ea306ea,bag,ShapeNet,d3bd250ca3cb8e29976855a35549333,bag,ShapeNet,False,bag/ShapeNet/d3bd250ca3cb8e29976855a35549333,bag/ShapeNet/151d033af5381fd4c1e1e64c8ea306ea,True,bag,bag,0,"['it', 'has', 'two', 'handles']",4,it has two handles,train,train,train,train,"[1, 23, 24, 17, 18, 2, 0, 0, 0, 0, 0, 0, 0, 0, 0, 0, 0, 0]",strap
61530,user_2020,Has two handles,3WQ3B2KGEA9BGBEMZLCHOL30KUK1BH,53.0,151d033af5381fd4c1e1e64c8ea306ea,bag,ShapeNet,d3bd250ca3cb8e29976855a35549333,bag,ShapeNet,True,bag/ShapeNet/d3bd250ca3cb8e29976855a35549333,bag/ShapeNet/151d033af5381fd4c1e1e64c8ea306ea,True,bag,bag,0,"['has', 'two', 'handles']",3,has two handles,train,train,train,train,"[1, 24, 17, 18, 2, 0, 0, 0, 0, 0, 0, 0, 0, 0, 0, 0, 0, 0]",strap
61533,user_2044,It does not have a handle on the top,3PDJHANYK79GEAI55JYU5SXFNK76H6,47.0,54931ecfaf7c4e08302e608f9e1070d0,bag,PartNet,ec1b9ac45597e4cd9318cfd6c0d37d9b,bag,PartNet,False,bag/PartNet/ec1b9ac45597e4cd9318cfd6c0d37d9b,bag/PartNet/54931ecfaf7c4e08302e608f9e1070d0,False,bag,bag,0,"['it', 'does', 'not', 'have', 'a', 'handle', 'on', 'the', 'top']",9,it does not have a handle on the top,train,train,train,train,"[1, 23, 39, 40, 84, 26, 29, 20, 10, 99, 2, 0, 0, 0, 0, 0, 0, 0]",strap
61535,user_786,It has two handles consisting of big circles cut out from the front and back faces,3U84XHCDIE6OQ8ELSHBM81H6NIZ4ZO,211.0,4a1f62dbe8b091eabc49cae1a831a9e,bag,ShapeNet,d923ce406ab7303985907cb2b3be2209,bag,PartNet,False,bag/PartNet/d923ce406ab7303985907cb2b3be2209,bag/ShapeNet/4a1f62dbe8b091eabc49cae1a831a9e,True,bag,bag,0,"['it', 'has', 'two', 'handles', 'consisting', 'of', 'big', 'circles', 'cut', 'out', 'from', 'the', 'front', 'and', 'back', 'faces']",16,it has two handles consisting of big circles cut out from the front and back faces,train,train,train,train,"[1, 23, 24, 17, 18, 2650, 38, 320, 452, 1231, 89, 113, 10, 37, 47, 183, 75, 2]",strap
61536,user_891,it has a different shape handle,33NF62TLXLVJ4VYKVNVGROIC16IJKE,48.0,4a1f62dbe8b091eabc49cae1a831a9e,bag,ShapeNet,d923ce406ab7303985907cb2b3be2209,bag,PartNet,False,bag/PartNet/d923ce406ab7303985907cb2b3be2209,bag/ShapeNet/4a1f62dbe8b091eabc49cae1a831a9e,True,bag,bag,0,"['it', 'has', 'a', 'different', 'shape', 'handle']",6,it has a different shape handle,train,train,train,train,"[1, 23, 24, 26, 306, 93, 29, 2, 0, 0, 0, 0, 0, 0, 0, 0, 0, 0]",strap
61537,user_757,It has a very long strap,32SCWG5HIJX8RRGTOW6ZE1Z69936PT,154.0,6be0fb1d4872e759285e5a1f74237618,bag,PartNet,5c12982724d7f3d28bc9f09e7c72cc8a,bag,PartNet,False,bag/PartNet/5c12982724d7f3d28bc9f09e7c72cc8a,bag/PartNet/6be0fb1d4872e759285e5a1f74237618,False,bag,bag,0,"['it', 'has', 'a', 'very', 'long', 'strap']",6,it has a very long strap,train,train,train,train,"[1, 23, 24, 26, 62, 32, 628, 2, 0, 0, 0, 0, 0, 0, 0, 0, 0, 0]",strap
61538,user_1298,The straps are much longer,3B3WTRP3DDVZH3HLK5YZ2YIFO0R92S,41.0,6be0fb1d4872e759285e5a1f74237618,bag,PartNet,5c12982724d7f3d28bc9f09e7c72cc8a,bag,PartNet,False,bag/PartNet/5c12982724d7f3d28bc9f09e7c72cc8a,bag/PartNet/6be0fb1d4872e759285e5a1f74237618,False,bag,bag,0,"['the', 'straps', 'are', 'much', 'long', '-er']",6,the straps are much long -er,train,train,train,train,"[1, 10, 716, 16, 59, 32, 9, 2, 0, 0, 0, 0, 0, 0, 0, 0, 0, 0]",strap
61539,user_2044,It has a long handle,39U1BHVTDNK7M0MIMBHLC8OJONZT3W,48.0,6be0fb1d4872e759285e5a1f74237618,bag,PartNet,5c12982724d7f3d28bc9f09e7c72cc8a,bag,PartNet,False,bag/PartNet/5c12982724d7f3d28bc9f09e7c72cc8a,bag/PartNet/6be0fb1d4872e759285e5a1f74237618,False,bag,bag,0,"['it', 'has', 'a', 'long', 'handle']",5,it has a long handle,train,train,train,train,"[1, 23, 24, 26, 32, 29, 2, 0, 0, 0, 0, 0, 0, 0, 0, 0, 0, 0]",strap
61540,user_677,The target has pockets,31N2WW6R9TJX3V4HRRCWV49IXC43F7,89.0,eebc8d35d05e49b86afa58a86636d6be,bag,PartNet,dc52131684ed9cbbfe4a8257a424ee86,bag,ShapeNet,False,bag/ShapeNet/dc52131684ed9cbbfe4a8257a424ee86,bag/PartNet/eebc8d35d05e49b86afa58a86636d6be,False,bag,bag,0,"['the', 'target', 'has', 'pockets']",4,the target has pockets,train,train,train,train,"[1, 10, 11, 24, 2930, 2, 0, 0, 0, 0, 0, 0, 0, 0, 0, 0, 0, 0]",body
61541,user_891,it has clips on the handle,3L2IS5HSFCBTQHUH4ZRAQI8RCGKUNN,42.0,eebc8d35d05e49b86afa58a86636d6be,bag,PartNet,dc52131684ed9cbbfe4a8257a424ee86,bag,ShapeNet,False,bag/ShapeNet/dc52131684ed9cbbfe4a8257a424ee86,bag/PartNet/eebc8d35d05e49b86afa58a86636d6be,False,bag,bag,0,"['it', 'has', 'clips', 'on', 'the', 'handle']",6,it has clips on the handle,train,train,train,train,"[1, 23, 24, 3318, 20, 10, 29, 2, 0, 0, 0, 0, 0, 0, 0, 0, 0, 0]",strap
61542,user_2048,The handles are much longer,34T446B1C27UJRLAH24CL0Q8XNA0CG,49.0,eebc8d35d05e49b86afa58a86636d6be,bag,PartNet,dc52131684ed9cbbfe4a8257a424ee86,bag,ShapeNet,True,bag/ShapeNet/dc52131684ed9cbbfe4a8257a424ee86,bag/PartNet/eebc8d35d05e49b86afa58a86636d6be,False,bag,bag,0,"['the', 'handles', 'are', 'much', 'long', '-er']",6,the handles are much long -er,train,train,train,train,"[1, 10, 18, 16, 59, 32, 9, 2, 0, 0, 0, 0, 0, 0, 0, 0, 0, 0]",strap
61543,user_41,it has tabs at the bottom of the handles,33FBRBDW6QSC1GQDC6HREFWQGM4C8Z,119.0,61c9570c3d12e47cd061bb85232b3b01,bag,PartNet,5ce403455e28451b76bb31db0358e9c6,bag,PartNet,False,bag/PartNet/5ce403455e28451b76bb31db0358e9c6,bag/PartNet/61c9570c3d12e47cd061bb85232b3b01,True,bag,bag,0,"['it', 'has', 'tabs', 'at', 'the', 'bottom', 'of', 'the', 'handles']",9,it has tabs at the bottom of the handles,test,train,test,train,"[1, 23, 24, 2755, 98, 10, 76, 38, 10, 18, 2, 0, 0, 0, 0, 0, 0, 0]",strap
61544,user_786,"It has thicker, more circular handles",34Z02EIMIU6B58NL3OZ2AAQCLAX0TO,189.0,61c9570c3d12e47cd061bb85232b3b01,bag,PartNet,5ce403455e28451b76bb31db0358e9c6,bag,PartNet,False,bag/PartNet/5ce403455e28451b76bb31db0358e9c6,bag/PartNet/61c9570c3d12e47cd061bb85232b3b01,True,bag,bag,0,"['it', 'has', 'thick', '-er', 'more', 'circular', 'handles']",7,it has thick -er more circular handles,test,train,test,train,"[1, 23, 24, 54, 9, 34, 102, 18, 2, 0, 0, 0, 0, 0, 0, 0, 0, 0]",strap
61545,user_1602,The straps have a greater thickness.,3O7L7BFSHGIKNKM4HJZDHSQ74UPEI5,81.0,61c9570c3d12e47cd061bb85232b3b01,bag,PartNet,5ce403455e28451b76bb31db0358e9c6,bag,PartNet,False,bag/PartNet/5ce403455e28451b76bb31db0358e9c6,bag/PartNet/61c9570c3d12e47cd061bb85232b3b01,True,bag,bag,0,"['the', 'straps', 'have', 'a', 'great', '-er', 'thickness']",7,the straps have a great -er thickness,test,train,test,train,"[1, 10, 716, 84, 26, 188, 9, 1577, 2, 0, 0, 0, 0, 0, 0, 0, 0, 0]",strap
61546,user_156,It has three diamond shapes on its body.,3DYGAII7PN1119ZD35KXK6GX9DGQPH,99.0,4e4fcfffec161ecaed13f430b2941481,bag,ShapeNet,581af450a3a8009abc49cae1a831a9e,bag,ShapeNet,False,bag/ShapeNet/581af450a3a8009abc49cae1a831a9e,bag/ShapeNet/4e4fcfffec161ecaed13f430b2941481,True,bag,bag,0,"['it', 'has', 'three', 'diamond', 'shapes', 'on', 'its', 'body']",8,it has three diamond shapes on its body,train,train,train,train,"[1, 23, 24, 80, 413, 980, 20, 5, 45, 2, 0, 0, 0, 0, 0, 0, 0, 0]",body
61550,user_428,The body of the target is oval shaped.,339ANSOTR7VN9KEED5AGFN3COQLKIT,162.0,c3426d26e0408be4285e5a1f74237618,bag,ShapeNet,1b70bb39da3c559f8a729a9d838530b4,bag,PartNet,False,bag/PartNet/1b70bb39da3c559f8a729a9d838530b4,bag/ShapeNet/c3426d26e0408be4285e5a1f74237618,False,bag,bag,0,"['the', 'body', 'of', 'the', 'target', 'is', 'oval', 'shaped']",8,the body of the target is oval shaped,train,train,train,train,"[1, 10, 45, 38, 10, 11, 7, 130, 14, 2, 0, 0, 0, 0, 0, 0, 0, 0]",body
61552,user_677,The target's handle is geometric,39GHHAVOMHKYQT9HAV80K7TG4L0J4Y,117.0,23d04b1d0e700f9674dc49346c29fd4d,bag,PartNet,f5108ede5ca11f041f6736765dee4fa9,bag,ShapeNet,False,bag/ShapeNet/f5108ede5ca11f041f6736765dee4fa9,bag/PartNet/23d04b1d0e700f9674dc49346c29fd4d,False,bag,bag,0,"['the', 'target', ""'s"", 'handle', 'is', 'geometric']",6,the target 's handle is geometric,test,train,test,train,"[1, 10, 11, 12, 29, 7, 1588, 2, 0, 0, 0, 0, 0, 0, 0, 0, 0, 0]",strap
61553,user_786,Its body height is about half of its body length,386CSBG1O1FTR3H8O9LOE6PGE5A6Q5,234.0,23d04b1d0e700f9674dc49346c29fd4d,bag,PartNet,f5108ede5ca11f041f6736765dee4fa9,bag,ShapeNet,False,bag/ShapeNet/f5108ede5ca11f041f6736765dee4fa9,bag/PartNet/23d04b1d0e700f9674dc49346c29fd4d,False,bag,bag,0,"['its', 'body', 'height', 'is', 'about', 'half', 'of', 'its', 'body', 'length']",10,its body height is about half of its body length,test,train,test,train,"[1, 5, 45, 117, 7, 519, 158, 38, 5, 45, 155, 2, 0, 0, 0, 0, 0, 0]",body
61557,user_1954,Smaller more triangular handle,3ON104KXQMPKWD9GHURF9XNO6I54WC,42.0,5d4f774fdda6fa1dcd99ccc7ff441abf,bag,ShapeNet,61c9570c3d12e47cd061bb85232b3b01,bag,PartNet,False,bag/PartNet/61c9570c3d12e47cd061bb85232b3b01,bag/ShapeNet/5d4f774fdda6fa1dcd99ccc7ff441abf,True,bag,bag,0,"['small', '-er', 'more', 'triangular', 'handle']",5,small -er more triangular handle,train,train,train,train,"[1, 111, 9, 34, 564, 29, 2, 0, 0, 0, 0, 0, 0, 0, 0, 0, 0, 0]",strap
61564,user_505,Target has thinner handles,35LDD5557CX95345YK887GAT5ZBMKH,64.0,c5a37b5192fba85b9ca96b2737246fca,bag,PartNet,1342fc4f613687f92569b963af585e33,bag,ShapeNet,False,bag/ShapeNet/1342fc4f613687f92569b963af585e33,bag/PartNet/c5a37b5192fba85b9ca96b2737246fca,True,bag,bag,0,"['target', 'has', 'thin', '-er', 'handles']",5,target has thin -er handles,train,train,train,train,"[1, 11, 24, 60, 9, 18, 2, 0, 0, 0, 0, 0, 0, 0, 0, 0, 0, 0]",strap
61565,user_1424,The bag handles are very thin,3YJ6NA41JD9KFMV08F0ON54BVISPJT,129.0,c5a37b5192fba85b9ca96b2737246fca,bag,PartNet,1342fc4f613687f92569b963af585e33,bag,ShapeNet,False,bag/ShapeNet/1342fc4f613687f92569b963af585e33,bag/PartNet/c5a37b5192fba85b9ca96b2737246fca,True,bag,bag,0,"['the', 'bag', 'handles', 'are', 'very', 'thin']",6,the bag handles are very thin,train,train,train,train,"[1, 10, 1909, 18, 16, 62, 60, 2, 0, 0, 0, 0, 0, 0, 0, 0, 0, 0]",strap
61566,user_2044,The handles are thin and string-like,34HJIJKLP7P7HO9BRKMJNV4AZ7WV4I,73.0,c5a37b5192fba85b9ca96b2737246fca,bag,PartNet,1342fc4f613687f92569b963af585e33,bag,ShapeNet,False,bag/ShapeNet/1342fc4f613687f92569b963af585e33,bag/PartNet/c5a37b5192fba85b9ca96b2737246fca,True,bag,bag,0,"['the', 'handles', 'are', 'thin', 'and', 'string', 'like']",7,the handles are thin and string like,train,train,train,train,"[1, 10, 18, 16, 60, 47, 751, 35, 2, 0, 0, 0, 0, 0, 0, 0, 0, 0]",strap
61567,user_505,Target has a circular handle,3BEFOD78W8MOR1F2DSLS0ZLX8DM4MA,86.0,8bc53bae41a8105f5c7506815f553527,bag,ShapeNet,d9015890f9691fd593daa1a1c18444ab,bag,ShapeNet,False,bag/ShapeNet/d9015890f9691fd593daa1a1c18444ab,bag/ShapeNet/8bc53bae41a8105f5c7506815f553527,True,bag,bag,0,"['target', 'has', 'a', 'circular', 'handle']",5,target has a circular handle,train,train,train,train,"[1, 11, 24, 26, 102, 29, 2, 0, 0, 0, 0, 0, 0, 0, 0, 0, 0, 0]",strap
61570,user_33,The handle is wider and a different shape/cut out.,3WMINLGALDWQK4JS9415A62L69LACG,262.0,83ab18386e87bf4efef598dabc93c115,bag,ShapeNet,402a7a310d576236d9141c0f0d30ee38,bag,PartNet,False,bag/PartNet/402a7a310d576236d9141c0f0d30ee38,bag/ShapeNet/83ab18386e87bf4efef598dabc93c115,False,bag,bag,0,"['the', 'handle', 'is', 'wide', '-er', 'and', 'a', 'different', 'shape', 'cut', 'out']",11,the handle is wide -er and a different shape cut out,val,train,val,train,"[1, 10, 29, 7, 83, 9, 47, 26, 306, 93, 1231, 89, 2, 0, 0, 0, 0, 0]",strap
61572,user_787,It has shorter handles,3300DTYQT4AX4IANUR4MQUHTV3VQE7,52.0,83ab18386e87bf4efef598dabc93c115,bag,ShapeNet,402a7a310d576236d9141c0f0d30ee38,bag,PartNet,False,bag/PartNet/402a7a310d576236d9141c0f0d30ee38,bag/ShapeNet/83ab18386e87bf4efef598dabc93c115,False,bag,bag,0,"['it', 'has', 'short', '-er', 'handles']",5,it has short -er handles,val,train,val,train,"[1, 23, 24, 8, 9, 18, 2, 0, 0, 0, 0, 0, 0, 0, 0, 0, 0, 0]",strap
61573,user_677,The target's straps go into the bag.,37U1UTWH9XFG7IFWU37M3AVCGM1R8C,213.0,e450a063965ce182372d50f0ef237781,bag,ShapeNet,30bf69aa24dbb3fc9de193e488fc4dce,bag,ShapeNet,False,bag/ShapeNet/30bf69aa24dbb3fc9de193e488fc4dce,bag/ShapeNet/e450a063965ce182372d50f0ef237781,True,bag,bag,0,"['the', 'target', ""'s"", 'straps', 'go', 'into', 'the', 'bag']",8,the target 's straps go into the bag,train,train,train,train,"[1, 10, 11, 12, 716, 741, 148, 10, 1909, 2, 0, 0, 0, 0, 0, 0, 0, 0]",strap
61574,user_1139,It has smaller handles,3NG53N1RLXCVV5ZHHB3XYFVXF6EP8N,71.0,e450a063965ce182372d50f0ef237781,bag,ShapeNet,30bf69aa24dbb3fc9de193e488fc4dce,bag,ShapeNet,False,bag/ShapeNet/30bf69aa24dbb3fc9de193e488fc4dce,bag/ShapeNet/e450a063965ce182372d50f0ef237781,True,bag,bag,0,"['it', 'has', 'small', '-er', 'handles']",5,it has small -er handles,train,train,train,train,"[1, 23, 24, 111, 9, 18, 2, 0, 0, 0, 0, 0, 0, 0, 0, 0, 0, 0]",strap
61575,user_1894,The length of the body is wavy.,3YGXWBAF72ABIF3B03REX3GLEZ24CC,441.0,e450a063965ce182372d50f0ef237781,bag,ShapeNet,30bf69aa24dbb3fc9de193e488fc4dce,bag,ShapeNet,False,bag/ShapeNet/30bf69aa24dbb3fc9de193e488fc4dce,bag/ShapeNet/e450a063965ce182372d50f0ef237781,True,bag,bag,0,"['the', 'length', 'of', 'the', 'body', 'is', 'wavy']",7,the length of the body is wavy,train,train,train,train,"[1, 10, 155, 38, 10, 45, 7, 660, 2, 0, 0, 0, 0, 0, 0, 0, 0, 0]",body
61576,user_1298,The body is not smooth,3S0TNUHWKVBM68WRC2C2YLE81L3D8L,46.0,54e27cf366f198db1a3b39b07e4b3d0f,bag,PartNet,22b7d6fa819d62aefc69b7db9c6d5ad9,bag,ShapeNet,False,bag/ShapeNet/22b7d6fa819d62aefc69b7db9c6d5ad9,bag/PartNet/54e27cf366f198db1a3b39b07e4b3d0f,True,bag,bag,0,"['the', 'body', 'is', 'not', 'smooth']",5,the body is not smooth,test,train,test,train,"[1, 10, 45, 7, 40, 379, 2, 0, 0, 0, 0, 0, 0, 0, 0, 0, 0, 0]",body
61580,user_1298,The body is smiller,3ITXP059PYCHSEBS0W4IIA9MIZ3SJA,66.0,6be0fb1d4872e759285e5a1f74237618,bag,PartNet,e8039f73cf912ff5e8c69fd29511206a,bag,ShapeNet,False,bag/ShapeNet/e8039f73cf912ff5e8c69fd29511206a,bag/PartNet/6be0fb1d4872e759285e5a1f74237618,True,bag,bag,0,"['the', 'body', 'is', 'miller']",4,the body is miller,train,train,train,train,"[1, 10, 45, 7, 3, 2, 0, 0, 0, 0, 0, 0, 0, 0, 0, 0, 0, 0]",body
61592,user_786,Its handles are thicker,3QBD8R3Z23CCR40EQ805S3A23EM4OC,107.0,f297885d4918000ec8724d5673a063a6,bag,ShapeNet,2970e5486815e72ccd99ccc7ff441abf,bag,ShapeNet,False,bag/ShapeNet/2970e5486815e72ccd99ccc7ff441abf,bag/ShapeNet/f297885d4918000ec8724d5673a063a6,True,bag,bag,0,"['its', 'handles', 'are', 'thick', '-er']",5,its handles are thick -er,train,train,train,train,"[1, 5, 18, 16, 54, 9, 2, 0, 0, 0, 0, 0, 0, 0, 0, 0, 0, 0]",strap
61593,user_1796,The straps are thicker.,3V26SBZTBF74T52ADA1C2XUFODXZZQ,51.0,f297885d4918000ec8724d5673a063a6,bag,ShapeNet,2970e5486815e72ccd99ccc7ff441abf,bag,ShapeNet,False,bag/ShapeNet/2970e5486815e72ccd99ccc7ff441abf,bag/ShapeNet/f297885d4918000ec8724d5673a063a6,True,bag,bag,0,"['the', 'straps', 'are', 'thick', '-er']",5,the straps are thick -er,train,train,train,train,"[1, 10, 716, 16, 54, 9, 2, 0, 0, 0, 0, 0, 0, 0, 0, 0, 0, 0]",strap
61594,user_786,Its handles are curved instead of square,3I3WADAZ9SXUNN4E4DJFXVGG39SO5A,187.0,68e4ba38895d820df6fec4b901a12701,bag,ShapeNet,eebc8d35d05e49b86afa58a86636d6be,bag,PartNet,False,bag/PartNet/eebc8d35d05e49b86afa58a86636d6be,bag/ShapeNet/68e4ba38895d820df6fec4b901a12701,False,bag,bag,0,"['its', 'handles', 'are', 'curved', 'instead', 'of', 'square']",7,its handles are curved instead of square,train,train,train,train,"[1, 5, 18, 16, 51, 97, 38, 50, 2, 0, 0, 0, 0, 0, 0, 0, 0, 0]",strap
61596,user_1894,It has double top handles.,3ZPBJO59KRUFZJXKF668BY7744THD4,191.0,68e4ba38895d820df6fec4b901a12701,bag,ShapeNet,eebc8d35d05e49b86afa58a86636d6be,bag,PartNet,False,bag/PartNet/eebc8d35d05e49b86afa58a86636d6be,bag/ShapeNet/68e4ba38895d820df6fec4b901a12701,False,bag,bag,0,"['it', 'has', 'double', 'top', 'handles']",5,it has double top handles,train,train,train,train,"[1, 23, 24, 527, 99, 18, 2, 0, 0, 0, 0, 0, 0, 0, 0, 0, 0, 0]",strap
61597,user_156,It has one handle.,3YDGXNSEO1N96CDYJRB9VHK2OB084Z,36.0,adfe9029a1ca723eb8966aeece708f87,bag,ShapeNet,bb6eba59b185e6bce8a1430c80ad4e85,bag,PartNet,False,bag/PartNet/bb6eba59b185e6bce8a1430c80ad4e85,bag/ShapeNet/adfe9029a1ca723eb8966aeece708f87,False,bag,bag,0,"['it', 'has', 'one', 'handle']",4,it has one handle,train,train,train,train,"[1, 23, 24, 19, 29, 2, 0, 0, 0, 0, 0, 0, 0, 0, 0, 0, 0, 0]",strap
61598,user_1416,It has a much smaller handle.,38SKSKU7R3QYTQWWY5MHUNGRDQ6ILA,292.0,adfe9029a1ca723eb8966aeece708f87,bag,ShapeNet,bb6eba59b185e6bce8a1430c80ad4e85,bag,PartNet,False,bag/PartNet/bb6eba59b185e6bce8a1430c80ad4e85,bag/ShapeNet/adfe9029a1ca723eb8966aeece708f87,False,bag,bag,0,"['it', 'has', 'a', 'much', 'small', '-er', 'handle']",7,it has a much small -er handle,train,train,train,train,"[1, 23, 24, 26, 59, 111, 9, 29, 2, 0, 0, 0, 0, 0, 0, 0, 0, 0]",strap
61606,user_156,It has one handle.,33FOTY3KEOEUQG6SDL8CZ59I2IAC1V,83.0,61c9570c3d12e47cd061bb85232b3b01,bag,PartNet,e1838a13ace989545de21284bb515a83,bag,ShapeNet,False,bag/ShapeNet/e1838a13ace989545de21284bb515a83,bag/PartNet/61c9570c3d12e47cd061bb85232b3b01,False,bag,bag,0,"['it', 'has', 'one', 'handle']",4,it has one handle,train,train,train,train,"[1, 23, 24, 19, 29, 2, 0, 0, 0, 0, 0, 0, 0, 0, 0, 0, 0, 0]",strap
61608,user_1954,More rounded handle,3R5F3LQFV4DSU1O3B1QVMZNB4B9OZW,65.0,61c9570c3d12e47cd061bb85232b3b01,bag,PartNet,e1838a13ace989545de21284bb515a83,bag,ShapeNet,False,bag/ShapeNet/e1838a13ace989545de21284bb515a83,bag/PartNet/61c9570c3d12e47cd061bb85232b3b01,False,bag,bag,0,"['more', 'rounded', 'handle']",3,more rounded handle,train,train,train,train,"[1, 34, 48, 29, 2, 0, 0, 0, 0, 0, 0, 0, 0, 0, 0, 0, 0, 0]",strap
61612,user_203,The handle is higher.,3DHE4R9OCY4EWD4TYB49UF42SE62GY,115.0,a1822be832091e036afa58a86636d6be,bag,ShapeNet,e1838a13ace989545de21284bb515a83,bag,ShapeNet,False,bag/ShapeNet/e1838a13ace989545de21284bb515a83,bag/ShapeNet/a1822be832091e036afa58a86636d6be,True,bag,bag,0,"['the', 'handle', 'is', 'high', '-er']",5,the handle is high -er,train,train,train,train,"[1, 10, 29, 7, 49, 9, 2, 0, 0, 0, 0, 0, 0, 0, 0, 0, 0, 0]",strap
61613,user_549,The handles are larger.,3JCG6DTRV5JM1L0S3IZMKB67E89QQD,158.0,a1822be832091e036afa58a86636d6be,bag,ShapeNet,e1838a13ace989545de21284bb515a83,bag,ShapeNet,False,bag/ShapeNet/e1838a13ace989545de21284bb515a83,bag/ShapeNet/a1822be832091e036afa58a86636d6be,True,bag,bag,0,"['the', 'handles', 'are', 'large', '-er']",5,the handles are large -er,train,train,train,train,"[1, 10, 18, 16, 94, 9, 2, 0, 0, 0, 0, 0, 0, 0, 0, 0, 0, 0]",strap
61616,user_1792,the handle is much larger;,3TE3O8573215L3D7EMYLTJI9UNN2R0,75.0,506a05b6ba66bde0b726426d6c667c7,bag,ShapeNet,4a175db3a8cad99b5dd5ceb34f6e33d9,bag,ShapeNet,False,bag/ShapeNet/4a175db3a8cad99b5dd5ceb34f6e33d9,bag/ShapeNet/506a05b6ba66bde0b726426d6c667c7,False,bag,bag,0,"['the', 'handle', 'is', 'much', 'large', '-er']",6,the handle is much large -er,train,train,train,train,"[1, 10, 29, 7, 59, 94, 9, 2, 0, 0, 0, 0, 0, 0, 0, 0, 0, 0]",strap
61618,user_507,it has 2 back straps,37UQDCYH6ZO40BRUTIKQQ7OKQC9V7V,50.0,e90e27c3020d25dd76bb31db0358e9c6,bag,ShapeNet,80530cf532d86195bff3b8b883ab202d,bag,PartNet,False,bag/PartNet/80530cf532d86195bff3b8b883ab202d,bag/ShapeNet/e90e27c3020d25dd76bb31db0358e9c6,False,bag,bag,0,"['it', 'has', 'two', 'back', 'straps']",5,it has two back straps,train,train,train,train,"[1, 23, 24, 17, 183, 716, 2, 0, 0, 0, 0, 0, 0, 0, 0, 0, 0, 0]",strap
61620,user_1703,The handle is much smaller,3LS2AMNW5HJJG9NCO57IV6B7Z99OQP,220.0,e90e27c3020d25dd76bb31db0358e9c6,bag,ShapeNet,80530cf532d86195bff3b8b883ab202d,bag,PartNet,False,bag/PartNet/80530cf532d86195bff3b8b883ab202d,bag/ShapeNet/e90e27c3020d25dd76bb31db0358e9c6,False,bag,bag,0,"['the', 'handle', 'is', 'much', 'small', '-er']",6,the handle is much small -er,train,train,train,train,"[1, 10, 29, 7, 59, 111, 9, 2, 0, 0, 0, 0, 0, 0, 0, 0, 0, 0]",strap
61623,user_2044,Its handle is shorter height-wise and longer length-wise,3STRJBFXOYKDIYUP7H9KTU5LZ9OKT1,45.0,669fe6ae83e64a544608027d921be76e,bag,PartNet,450a4589a15dc4926afa58a86636d6be,bag,PartNet,False,bag/PartNet/450a4589a15dc4926afa58a86636d6be,bag/PartNet/669fe6ae83e64a544608027d921be76e,False,bag,bag,0,"['its', 'handle', 'is', 'short', '-er', 'height', 'wise', 'and', 'long', '-er', 'length', 'wise']",12,its handle is short -er height wise and long -er length wise,train,train,train,train,"[1, 5, 29, 7, 8, 9, 117, 359, 47, 32, 9, 155, 359, 2, 0, 0, 0, 0]",strap
61626,user_1298,The straps are on the side,3IOEN3P9S9C5AZXR3UV9D5H86T561X,40.0,d9015890f9691fd593daa1a1c18444ab,bag,ShapeNet,c7e6a0525b997bda3667e024d1341456,bag,PartNet,False,bag/PartNet/c7e6a0525b997bda3667e024d1341456,bag/ShapeNet/d9015890f9691fd593daa1a1c18444ab,False,bag,bag,0,"['the', 'straps', 'are', 'on', 'the', 'side']",6,the straps are on the side,train,train,train,train,"[1, 10, 716, 16, 20, 10, 22, 2, 0, 0, 0, 0, 0, 0, 0, 0, 0, 0]",strap
61627,user_203,It has two handles.,3IGI0VL649DYDCAK8DF1RCG2UVHNOQ,75.0,2022610a5d1a8455abc49cae1a831a9e,bag,ShapeNet,30bf69aa24dbb3fc9de193e488fc4dce,bag,ShapeNet,False,bag/ShapeNet/30bf69aa24dbb3fc9de193e488fc4dce,bag/ShapeNet/2022610a5d1a8455abc49cae1a831a9e,False,bag,bag,0,"['it', 'has', 'two', 'handles']",4,it has two handles,train,train,train,train,"[1, 23, 24, 17, 18, 2, 0, 0, 0, 0, 0, 0, 0, 0, 0, 0, 0, 0]",strap
61629,user_2048,it has two handles,37Z929RLGB1B6H7XCQIMKGWVG1STSE,31.0,2022610a5d1a8455abc49cae1a831a9e,bag,ShapeNet,30bf69aa24dbb3fc9de193e488fc4dce,bag,ShapeNet,False,bag/ShapeNet/30bf69aa24dbb3fc9de193e488fc4dce,bag/ShapeNet/2022610a5d1a8455abc49cae1a831a9e,False,bag,bag,0,"['it', 'has', 'two', 'handles']",4,it has two handles,train,train,train,train,"[1, 23, 24, 17, 18, 2, 0, 0, 0, 0, 0, 0, 0, 0, 0, 0, 0, 0]",strap
61633,user_677,The target has soft straps,3VNXK88KKEB8EUFN8FIA43FQLYZ9VF,104.0,e6daa1435018a044da5feafe6f1c8fc,bag,ShapeNet,506a05b6ba66bde0b726426d6c667c7,bag,ShapeNet,False,bag/ShapeNet/506a05b6ba66bde0b726426d6c667c7,bag/ShapeNet/e6daa1435018a044da5feafe6f1c8fc,True,bag,bag,0,"['the', 'target', 'has', 'soft', 'straps']",5,the target has soft straps,train,train,train,train,"[1, 10, 11, 24, 706, 716, 2, 0, 0, 0, 0, 0, 0, 0, 0, 0, 0, 0]",strap
61634,user_1894,The side body is triangular.,3TPZPLC3M259U8TB5U817YNMZIK3P3,208.0,e6daa1435018a044da5feafe6f1c8fc,bag,ShapeNet,506a05b6ba66bde0b726426d6c667c7,bag,ShapeNet,False,bag/ShapeNet/506a05b6ba66bde0b726426d6c667c7,bag/ShapeNet/e6daa1435018a044da5feafe6f1c8fc,True,bag,bag,0,"['the', 'side', 'body', 'is', 'triangular']",5,the side body is triangular,train,train,train,train,"[1, 10, 22, 45, 7, 564, 2, 0, 0, 0, 0, 0, 0, 0, 0, 0, 0, 0]",body
61635,user_2089,The body is not square.,3VHP9MDGRPDLGV00KKNXO7DC3PYFCY,296.0,e6daa1435018a044da5feafe6f1c8fc,bag,ShapeNet,506a05b6ba66bde0b726426d6c667c7,bag,ShapeNet,False,bag/ShapeNet/506a05b6ba66bde0b726426d6c667c7,bag/ShapeNet/e6daa1435018a044da5feafe6f1c8fc,True,bag,bag,0,"['the', 'body', 'is', 'not', 'square']",5,the body is not square,train,train,train,train,"[1, 10, 45, 7, 40, 50, 2, 0, 0, 0, 0, 0, 0, 0, 0, 0, 0, 0]",body
61638,user_2044,It does not have a handle,3AAJC4I4FILETQX6VOYQE36P5GFZJ2,25.0,4a175db3a8cad99b5dd5ceb34f6e33d9,bag,ShapeNet,6cf7d7479ebac5fe18457223b2b684b3,bag,PartNet,False,bag/PartNet/6cf7d7479ebac5fe18457223b2b684b3,bag/ShapeNet/4a175db3a8cad99b5dd5ceb34f6e33d9,False,bag,bag,0,"['it', 'does', 'not', 'have', 'a', 'handle']",6,it does not have a handle,train,train,train,train,"[1, 23, 39, 40, 84, 26, 29, 2, 0, 0, 0, 0, 0, 0, 0, 0, 0, 0]",strap
61639,user_739,it has thin handles,3EFVCAY5L52Z9UWJMYYD1J9L65WJ81,77.0,adfe9029a1ca723eb8966aeece708f87,bag,ShapeNet,4a1f62dbe8b091eabc49cae1a831a9e,bag,ShapeNet,False,bag/ShapeNet/4a1f62dbe8b091eabc49cae1a831a9e,bag/ShapeNet/adfe9029a1ca723eb8966aeece708f87,True,bag,bag,0,"['it', 'has', 'thin', 'handles']",4,it has thin handles,train,train,train,train,"[1, 23, 24, 60, 18, 2, 0, 0, 0, 0, 0, 0, 0, 0, 0, 0, 0, 0]",strap
61641,user_2115,well separated handles,34QN5IT0T1KS7OVX0QO7JEUP7XU80P,137.0,adfe9029a1ca723eb8966aeece708f87,bag,ShapeNet,4a1f62dbe8b091eabc49cae1a831a9e,bag,ShapeNet,True,bag/ShapeNet/4a1f62dbe8b091eabc49cae1a831a9e,bag/ShapeNet/adfe9029a1ca723eb8966aeece708f87,True,bag,bag,0,"['well', 'separated', 'handles']",3,well separated handles,train,train,train,train,"[1, 1069, 386, 18, 2, 0, 0, 0, 0, 0, 0, 0, 0, 0, 0, 0, 0, 0]",strap
61645,user_33,The handle is the same kind found on luggage and rolling backpacks.,3RKNTXVS3ORNP06DGPVNR8QXEW7A46,120.0,uc15ab6cd-e35a-40e0-83d2-7e05e88dd395,bag,PartNet,68e4ba38895d820df6fec4b901a12701,bag,ShapeNet,False,bag/ShapeNet/68e4ba38895d820df6fec4b901a12701,bag/PartNet/uc15ab6cd-e35a-40e0-83d2-7e05e88dd395,False,bag,bag,0,"['the', 'handle', 'is', 'the', 'same', 'kind', 'found', 'on', 'luggage', 'and', 'rolling', 'backpacks']",12,the handle is the same kind found on luggage and rolling backpacks,train,train,train,train,"[1, 10, 29, 7, 10, 300, 1136, 2461, 20, 3335, 47, 2372, 3, 2, 0, 0, 0, 0]",strap
61647,user_2115,shorter body,3QECW5O0KJUA0F9M0U5ER5M32IOT5I,95.0,uc15ab6cd-e35a-40e0-83d2-7e05e88dd395,bag,PartNet,68e4ba38895d820df6fec4b901a12701,bag,ShapeNet,True,bag/ShapeNet/68e4ba38895d820df6fec4b901a12701,bag/PartNet/uc15ab6cd-e35a-40e0-83d2-7e05e88dd395,False,bag,bag,0,"['short', '-er', 'body']",3,short -er body,train,train,train,train,"[1, 8, 9, 45, 2, 0, 0, 0, 0, 0, 0, 0, 0, 0, 0, 0, 0, 0]",body
61653,user_787,The handles are more rounded,3RUIQRXJBDH0JR42J8JUM38JUU8LLZ,67.0,7565e6f425dd6d376d987ae9a225629c,bag,ShapeNet,402a7a310d576236d9141c0f0d30ee38,bag,PartNet,False,bag/PartNet/402a7a310d576236d9141c0f0d30ee38,bag/ShapeNet/7565e6f425dd6d376d987ae9a225629c,True,bag,bag,0,"['the', 'handles', 'are', 'more', 'rounded']",5,the handles are more rounded,val,train,val,train,"[1, 10, 18, 16, 34, 48, 2, 0, 0, 0, 0, 0, 0, 0, 0, 0, 0, 0]",strap
61655,user_1298,The body is much larger,3OLF68YTNBUXNG3206R6ICNO3MVFAE,50.0,4a67dccd91447cfa504721639e19f609,bag,PartNet,6cf7d7479ebac5fe18457223b2b684b3,bag,PartNet,False,bag/PartNet/6cf7d7479ebac5fe18457223b2b684b3,bag/PartNet/4a67dccd91447cfa504721639e19f609,True,bag,bag,0,"['the', 'body', 'is', 'much', 'large', '-er']",6,the body is much large -er,train,train,train,train,"[1, 10, 45, 7, 59, 94, 9, 2, 0, 0, 0, 0, 0, 0, 0, 0, 0, 0]",body
61663,user_156,It has two handles.,3CPLWGV3MQSV6P6E6OWJUMLDZYDN9Y,33.0,aca3e1adcde4b3813a75e6d000e08290,bag,PartNet,35c950ccd57d9cde3774dede79959b94,bag,PartNet,False,bag/PartNet/35c950ccd57d9cde3774dede79959b94,bag/PartNet/aca3e1adcde4b3813a75e6d000e08290,True,bag,bag,0,"['it', 'has', 'two', 'handles']",4,it has two handles,test,train,test,train,"[1, 23, 24, 17, 18, 2, 0, 0, 0, 0, 0, 0, 0, 0, 0, 0, 0, 0]",strap
61664,user_1298,There are two handles,3E4GGUZ1TAKJYZ0CO2POS7WVZVO2K2,41.0,aca3e1adcde4b3813a75e6d000e08290,bag,PartNet,35c950ccd57d9cde3774dede79959b94,bag,PartNet,False,bag/PartNet/35c950ccd57d9cde3774dede79959b94,bag/PartNet/aca3e1adcde4b3813a75e6d000e08290,True,bag,bag,0,"['there', 'are', 'two', 'handles']",4,there are two handles,test,train,test,train,"[1, 15, 16, 17, 18, 2, 0, 0, 0, 0, 0, 0, 0, 0, 0, 0, 0, 0]",strap
61666,user_203,It has more handles.,35L9RVQFCQB1GL8611WXLYBVQ5UHUM,50.0,d9fb0b4c7b6f84d0abc49cae1a831a9e,bag,PartNet,2ca6df7a5377825cfee773c7de26c274,bag,ShapeNet,False,bag/ShapeNet/2ca6df7a5377825cfee773c7de26c274,bag/PartNet/d9fb0b4c7b6f84d0abc49cae1a831a9e,True,bag,bag,0,"['it', 'has', 'more', 'handles']",4,it has more handles,val,train,val,train,"[1, 23, 24, 34, 18, 2, 0, 0, 0, 0, 0, 0, 0, 0, 0, 0, 0, 0]",strap
61668,user_1298,There are two handles,3HSYG7LRBLREFF42D8VSS3IPGVWKKS,62.0,d9fb0b4c7b6f84d0abc49cae1a831a9e,bag,PartNet,2ca6df7a5377825cfee773c7de26c274,bag,ShapeNet,False,bag/ShapeNet/2ca6df7a5377825cfee773c7de26c274,bag/PartNet/d9fb0b4c7b6f84d0abc49cae1a831a9e,True,bag,bag,0,"['there', 'are', 'two', 'handles']",4,there are two handles,val,train,val,train,"[1, 15, 16, 17, 18, 2, 0, 0, 0, 0, 0, 0, 0, 0, 0, 0, 0, 0]",strap
61670,user_1298,The body has a rectangle shape,3YGXWBAF72ABIF3B03REX3GLE0BC4V,51.0,cbc2328cadf8dc573394926146371698,bag,ShapeNet,d331a7bbfb0e7301e858db1dc3499392,bag,ShapeNet,False,bag/ShapeNet/d331a7bbfb0e7301e858db1dc3499392,bag/ShapeNet/cbc2328cadf8dc573394926146371698,True,bag,bag,0,"['the', 'body', 'has', 'a', 'rectangle', 'shape']",6,the body has a rectangle shape,train,train,train,train,"[1, 10, 45, 24, 26, 425, 93, 2, 0, 0, 0, 0, 0, 0, 0, 0, 0, 0]",body
61675,user_203,It has a logo on the body.,324G5B4FB51O7AQEQLW15EYUWDW709,61.0,e1838a13ace989545de21284bb515a83,bag,ShapeNet,2cf9dc107cf70f511f6736765dee4fa9,bag,PartNet,False,bag/PartNet/2cf9dc107cf70f511f6736765dee4fa9,bag/ShapeNet/e1838a13ace989545de21284bb515a83,False,bag,bag,0,"['it', 'has', 'a', 'logo', 'on', 'the', 'body']",7,it has a logo on the body,test,train,test,train,"[1, 23, 24, 26, 604, 20, 10, 45, 2, 0, 0, 0, 0, 0, 0, 0, 0, 0]",body
61677,user_1298,There is a logo on the body,3SNLUL3WO6G32HRWSMBVDQ427L1UL2,45.0,e1838a13ace989545de21284bb515a83,bag,ShapeNet,2cf9dc107cf70f511f6736765dee4fa9,bag,PartNet,False,bag/PartNet/2cf9dc107cf70f511f6736765dee4fa9,bag/ShapeNet/e1838a13ace989545de21284bb515a83,False,bag,bag,0,"['there', 'is', 'a', 'logo', 'on', 'the', 'body']",7,there is a logo on the body,test,train,test,train,"[1, 15, 7, 26, 604, 20, 10, 45, 2, 0, 0, 0, 0, 0, 0, 0, 0, 0]",body
61678,user_442,It has small straps meant to hand hold,3DHE4R9OCY4EWD4TYB49UF42SDA2G0,127.0,adfe9029a1ca723eb8966aeece708f87,bag,ShapeNet,a1822be832091e036afa58a86636d6be,bag,ShapeNet,False,bag/ShapeNet/a1822be832091e036afa58a86636d6be,bag/ShapeNet/adfe9029a1ca723eb8966aeece708f87,True,bag,bag,0,"['it', 'has', 'small', 'straps', 'meant', 'to', 'hand', 'hold']",8,it has small straps meant to hand hold,train,train,train,train,"[1, 23, 24, 111, 716, 203, 58, 211, 1111, 2, 0, 0, 0, 0, 0, 0, 0, 0]",strap
61679,user_1298,The handles are smaller,3AMYWKA6YDFQ6R4S9WTKP1UGZ4S6OX,55.0,adfe9029a1ca723eb8966aeece708f87,bag,ShapeNet,a1822be832091e036afa58a86636d6be,bag,ShapeNet,False,bag/ShapeNet/a1822be832091e036afa58a86636d6be,bag/ShapeNet/adfe9029a1ca723eb8966aeece708f87,True,bag,bag,0,"['the', 'handles', 'are', 'small', '-er']",5,the handles are small -er,train,train,train,train,"[1, 10, 18, 16, 111, 9, 2, 0, 0, 0, 0, 0, 0, 0, 0, 0, 0, 0]",strap
61680,user_1778,has a smaller handle,3VBEN272MMS71CLRSQJFLXH6Q70SGK,129.0,adfe9029a1ca723eb8966aeece708f87,bag,ShapeNet,a1822be832091e036afa58a86636d6be,bag,ShapeNet,False,bag/ShapeNet/a1822be832091e036afa58a86636d6be,bag/ShapeNet/adfe9029a1ca723eb8966aeece708f87,True,bag,bag,0,"['has', 'a', 'small', '-er', 'handle']",5,has a small -er handle,train,train,train,train,"[1, 24, 26, 111, 9, 29, 2, 0, 0, 0, 0, 0, 0, 0, 0, 0, 0, 0]",strap
61681,user_476,It has no strap,3TYCR1GOTECKOGL6Y9A3UIJH944LZ8,312.0,feeae9bd7f1336693a75e6d000e08290,bag,PartNet,a405a7ca363c7c41bbda4bd2b976d8f7,bag,PartNet,False,bag/PartNet/a405a7ca363c7c41bbda4bd2b976d8f7,bag/PartNet/feeae9bd7f1336693a75e6d000e08290,False,bag,bag,0,"['it', 'has', 'no', 'strap']",4,it has no strap,train,train,train,train,"[1, 23, 24, 123, 628, 2, 0, 0, 0, 0, 0, 0, 0, 0, 0, 0, 0, 0]",strap
61683,user_2005,it has a plain square shaped body,3TVRFO09GM8VJLLRXRMIXX36144LX9,60.0,feeae9bd7f1336693a75e6d000e08290,bag,PartNet,a405a7ca363c7c41bbda4bd2b976d8f7,bag,PartNet,False,bag/PartNet/a405a7ca363c7c41bbda4bd2b976d8f7,bag/PartNet/feeae9bd7f1336693a75e6d000e08290,False,bag,bag,0,"['it', 'has', 'a', 'plain', 'square', 'shaped', 'body']",7,it has a plain square shaped body,train,train,train,train,"[1, 23, 24, 26, 559, 50, 14, 45, 2, 0, 0, 0, 0, 0, 0, 0, 0, 0]",body
61689,user_2115,"single handle, pointy triangle",323Q6SJS8K9CX3BG6C1YZYASGICFHI,258.0,d7e81ad000b90c26bc4ac3caf16ef65,bag,PartNet,2f97f841aff238b74245c6fcbfdfe98a,bag,ShapeNet,True,bag/ShapeNet/2f97f841aff238b74245c6fcbfdfe98a,bag/PartNet/d7e81ad000b90c26bc4ac3caf16ef65,False,bag,bag,0,"['single', 'handle', 'pointy', 'triangle']",4,single handle pointy triangle,train,train,train,train,"[1, 86, 29, 397, 608, 2, 0, 0, 0, 0, 0, 0, 0, 0, 0, 0, 0, 0]",strap
61690,user_640,The target has handles,32AT8R96GN2Q6UMMCV8WPCIXZGLUSU,544.0,d71ffec5db3f9a6334b3fa0a9f7ca3f,bag,PartNet,a55b721ea5a29d7f639ff561fa3f5bac,bag,ShapeNet,False,bag/ShapeNet/a55b721ea5a29d7f639ff561fa3f5bac,bag/PartNet/d71ffec5db3f9a6334b3fa0a9f7ca3f,False,bag,bag,0,"['the', 'target', 'has', 'handles']",4,the target has handles,train,train,train,train,"[1, 10, 11, 24, 18, 2, 0, 0, 0, 0, 0, 0, 0, 0, 0, 0, 0, 0]",strap
61691,user_1298,The body is shaped like a rectangle,3S4AW7T80DB4LJXHDGKD0M68883L4W,89.0,d71ffec5db3f9a6334b3fa0a9f7ca3f,bag,PartNet,a55b721ea5a29d7f639ff561fa3f5bac,bag,ShapeNet,False,bag/ShapeNet/a55b721ea5a29d7f639ff561fa3f5bac,bag/PartNet/d71ffec5db3f9a6334b3fa0a9f7ca3f,False,bag,bag,0,"['the', 'body', 'is', 'shaped', 'like', 'a', 'rectangle']",7,the body is shaped like a rectangle,train,train,train,train,"[1, 10, 45, 7, 14, 35, 26, 425, 2, 0, 0, 0, 0, 0, 0, 0, 0, 0]",body
61692,user_2063,It has two handles that fold on the top,3Z7VU45IP0A7Y9H25ZSKA3A3BX4Z1J,84.0,d71ffec5db3f9a6334b3fa0a9f7ca3f,bag,PartNet,a55b721ea5a29d7f639ff561fa3f5bac,bag,ShapeNet,False,bag/ShapeNet/a55b721ea5a29d7f639ff561fa3f5bac,bag/PartNet/d71ffec5db3f9a6334b3fa0a9f7ca3f,False,bag,bag,0,"['it', 'has', 'two', 'handles', 'that', 'fold', 'on', 'the', 'top']",9,it has two handles that fold on the top,train,train,train,train,"[1, 23, 24, 17, 18, 172, 705, 20, 10, 99, 2, 0, 0, 0, 0, 0, 0, 0]",strap
61695,user_2115,the handle is short,3S0TNUHWKVBM68WRC2C2YLE81M48DJ,318.0,1b70bb39da3c559f8a729a9d838530b4,bag,PartNet,10a885f5971d9d4ce858db1dc3499392,bag,ShapeNet,True,bag/ShapeNet/10a885f5971d9d4ce858db1dc3499392,bag/PartNet/1b70bb39da3c559f8a729a9d838530b4,False,bag,bag,0,"['the', 'handle', 'is', 'short']",4,the handle is short,train,train,train,train,"[1, 10, 29, 7, 8, 2, 0, 0, 0, 0, 0, 0, 0, 0, 0, 0, 0, 0]",strap
61698,user_1298,The length of the body is larger,3PMBY0YE29WCFL9NHYN5EBR10SBC9D,46.0,68e4ba38895d820df6fec4b901a12701,bag,ShapeNet,68b7ca73de30ad6df2197da8dec8488d,bag,ShapeNet,False,bag/ShapeNet/68b7ca73de30ad6df2197da8dec8488d,bag/ShapeNet/68e4ba38895d820df6fec4b901a12701,True,bag,bag,0,"['the', 'length', 'of', 'the', 'body', 'is', 'large', '-er']",8,the length of the body is large -er,train,train,train,train,"[1, 10, 155, 38, 10, 45, 7, 94, 9, 2, 0, 0, 0, 0, 0, 0, 0, 0]",body
61701,user_2044,Its body is triangular in shape,33FBRBDW6QSC1GQDC6HREFWQGNTC8Q,49.0,10a885f5971d9d4ce858db1dc3499392,bag,ShapeNet,93ca5243aa73b5de81157c9325bb0e45,bag,ShapeNet,False,bag/ShapeNet/93ca5243aa73b5de81157c9325bb0e45,bag/ShapeNet/10a885f5971d9d4ce858db1dc3499392,False,bag,bag,0,"['its', 'body', 'is', 'triangular', 'in', 'shape']",6,its body is triangular in shape,train,train,train,train,"[1, 5, 45, 7, 564, 90, 93, 2, 0, 0, 0, 0, 0, 0, 0, 0, 0, 0]",body
61705,user_156,It has one handle.,3PW9OPU9PSDHSYEQGSJ6NS0WQRY21D,24.0,f872a64810c123a47abde6405e4d8323,bag,ShapeNet,2022610a5d1a8455abc49cae1a831a9e,bag,ShapeNet,False,bag/ShapeNet/2022610a5d1a8455abc49cae1a831a9e,bag/ShapeNet/f872a64810c123a47abde6405e4d8323,False,bag,bag,0,"['it', 'has', 'one', 'handle']",4,it has one handle,train,train,train,train,"[1, 23, 24, 19, 29, 2, 0, 0, 0, 0, 0, 0, 0, 0, 0, 0, 0, 0]",strap
61706,user_786,It has a giant thin handle whose height is slightly more than the bag's height,3Z7ISHFUH2OP991N4K1ZPDXBP3E8ZG,123.0,f872a64810c123a47abde6405e4d8323,bag,ShapeNet,2022610a5d1a8455abc49cae1a831a9e,bag,ShapeNet,False,bag/ShapeNet/2022610a5d1a8455abc49cae1a831a9e,bag/ShapeNet/f872a64810c123a47abde6405e4d8323,False,bag,bag,0,"['it', 'has', 'a', 'giant', 'thin', 'handle', 'whose', 'height', 'is', 'slightly', 'more', 'than', 'the', 'bag', ""'s"", 'height']",16,it has a giant thin handle whose height is slightly more than the bag 's height,train,train,train,train,"[1, 23, 24, 26, 1123, 60, 29, 872, 117, 7, 174, 34, 131, 10, 1909, 12, 117, 2]",strap
61707,user_2048,It has a single handle,3P529IW9K0EEJZU6XXGWRQ3ZXYCLFK,39.0,f872a64810c123a47abde6405e4d8323,bag,ShapeNet,2022610a5d1a8455abc49cae1a831a9e,bag,ShapeNet,True,bag/ShapeNet/2022610a5d1a8455abc49cae1a831a9e,bag/ShapeNet/f872a64810c123a47abde6405e4d8323,False,bag,bag,0,"['it', 'has', 'a', 'single', 'handle']",5,it has a single handle,train,train,train,train,"[1, 23, 24, 26, 86, 29, 2, 0, 0, 0, 0, 0, 0, 0, 0, 0, 0, 0]",strap
61709,user_507,it has a round handle,31QNSG6A5TM6PZVHLP9GYT4CFE6871,49.0,6be0fb1d4872e759285e5a1f74237618,bag,PartNet,d9015890f9691fd593daa1a1c18444ab,bag,ShapeNet,False,bag/ShapeNet/d9015890f9691fd593daa1a1c18444ab,bag/PartNet/6be0fb1d4872e759285e5a1f74237618,False,bag,bag,0,"['it', 'has', 'a', 'round', 'handle']",5,it has a round handle,train,train,train,train,"[1, 23, 24, 26, 134, 29, 2, 0, 0, 0, 0, 0, 0, 0, 0, 0, 0, 0]",strap
61711,user_156,It has one handle.,3KIBXJ1WD7NX56PHB0NLZKZY02UKO4,43.0,4a1f62dbe8b091eabc49cae1a831a9e,bag,ShapeNet,3077a9b76724b6d35de21284bb515a83,bag,ShapeNet,False,bag/ShapeNet/3077a9b76724b6d35de21284bb515a83,bag/ShapeNet/4a1f62dbe8b091eabc49cae1a831a9e,False,bag,bag,0,"['it', 'has', 'one', 'handle']",4,it has one handle,train,train,train,train,"[1, 23, 24, 19, 29, 2, 0, 0, 0, 0, 0, 0, 0, 0, 0, 0, 0, 0]",strap
61712,user_549,The bag has a handle with four holes for fingers.,3K9FOBBF2JCQ7R7NVLZ9ZVC8ZVFLNK,69.0,4a1f62dbe8b091eabc49cae1a831a9e,bag,ShapeNet,3077a9b76724b6d35de21284bb515a83,bag,ShapeNet,False,bag/ShapeNet/3077a9b76724b6d35de21284bb515a83,bag/ShapeNet/4a1f62dbe8b091eabc49cae1a831a9e,False,bag,bag,0,"['the', 'bag', 'has', 'a', 'handle', 'with', 'four', 'holes', 'for', 'fingers']",10,the bag has a handle with four holes for fingers,train,train,train,train,"[1, 10, 1909, 24, 26, 29, 121, 322, 234, 259, 1415, 2, 0, 0, 0, 0, 0, 0]",strap
61713,user_786,Its handle has four big holes for putting fingers through,3HFNH7HEMJ7VOW6E0MUAQX258J6QGK,121.0,4a1f62dbe8b091eabc49cae1a831a9e,bag,ShapeNet,3077a9b76724b6d35de21284bb515a83,bag,ShapeNet,False,bag/ShapeNet/3077a9b76724b6d35de21284bb515a83,bag/ShapeNet/4a1f62dbe8b091eabc49cae1a831a9e,False,bag,bag,0,"['its', 'handle', 'has', 'four', 'big', 'holes', 'for', 'putting', 'fingers', 'through']",10,its handle has four big holes for putting fingers through,train,train,train,train,"[1, 5, 29, 24, 322, 320, 234, 259, 3350, 1415, 1140, 2, 0, 0, 0, 0, 0, 0]",strap
61716,user_2044,It straps are thicker.,3ATTHHXXWCHTTKDLCOP55HBEK1LIX5,79.0,1b70bb39da3c559f8a729a9d838530b4,bag,PartNet,80530cf532d86195bff3b8b883ab202d,bag,PartNet,False,bag/PartNet/80530cf532d86195bff3b8b883ab202d,bag/PartNet/1b70bb39da3c559f8a729a9d838530b4,True,bag,bag,0,"['it', 'straps', 'are', 'thick', '-er']",5,it straps are thick -er,train,train,train,train,"[1, 23, 716, 16, 54, 9, 2, 0, 0, 0, 0, 0, 0, 0, 0, 0, 0, 0]",strap
61717,user_428,The target has thinner handles.,37Z929RLGB1B6H7XCQIMKGWVG1CTSY,75.0,6187bd900c3bc002ed13f430b2941481,bag,ShapeNet,39381a2718d2a1d4d5f008f38a566dee,bag,ShapeNet,False,bag/ShapeNet/39381a2718d2a1d4d5f008f38a566dee,bag/ShapeNet/6187bd900c3bc002ed13f430b2941481,False,bag,bag,0,"['the', 'target', 'has', 'thin', '-er', 'handles']",6,the target has thin -er handles,train,train,train,train,"[1, 10, 11, 24, 60, 9, 18, 2, 0, 0, 0, 0, 0, 0, 0, 0, 0, 0]",strap
61718,user_786,It has two string-like handles taped to the insides of the front and back faces,3R2UR8A0IC93P6OOAJ2APE70W9IXOB,120.0,6187bd900c3bc002ed13f430b2941481,bag,ShapeNet,39381a2718d2a1d4d5f008f38a566dee,bag,ShapeNet,False,bag/ShapeNet/39381a2718d2a1d4d5f008f38a566dee,bag/ShapeNet/6187bd900c3bc002ed13f430b2941481,False,bag,bag,0,"['it', 'has', 'two', 'string', 'like', 'handles', 'taped', 'to', 'the', 'insides', 'of', 'the', 'front', 'and', 'back', 'faces']",16,it has two string like handles taped to the insides of the front and back faces,train,train,train,train,"[1, 23, 24, 17, 751, 35, 18, 3351, 58, 10, 2848, 38, 10, 37, 47, 183, 75, 2]",strap
61719,user_2063,The handles are very thin,3SKRO2GZ73KC9EIG5YPANOMQ7OP1KX,70.0,6187bd900c3bc002ed13f430b2941481,bag,ShapeNet,39381a2718d2a1d4d5f008f38a566dee,bag,ShapeNet,False,bag/ShapeNet/39381a2718d2a1d4d5f008f38a566dee,bag/ShapeNet/6187bd900c3bc002ed13f430b2941481,False,bag,bag,0,"['the', 'handles', 'are', 'very', 'thin']",5,the handles are very thin,train,train,train,train,"[1, 10, 18, 16, 62, 60, 2, 0, 0, 0, 0, 0, 0, 0, 0, 0, 0, 0]",strap
61720,user_156,It has one handle.,3EA3QWIZ4KOMC3417EO8GEQ876CIT3,29.0,d7e81ad000b90c26bc4ac3caf16ef65,bag,PartNet,45f56ad8c0f4059323166544c0deb60f,bag,ShapeNet,False,bag/ShapeNet/45f56ad8c0f4059323166544c0deb60f,bag/PartNet/d7e81ad000b90c26bc4ac3caf16ef65,True,bag,bag,0,"['it', 'has', 'one', 'handle']",4,it has one handle,train,train,train,train,"[1, 23, 24, 19, 29, 2, 0, 0, 0, 0, 0, 0, 0, 0, 0, 0, 0, 0]",strap
61722,user_2005,the handle forms a semi-circle,3JNQLM5FT6FUI5IU921P779AOUZL2S,195.0,d7e81ad000b90c26bc4ac3caf16ef65,bag,PartNet,45f56ad8c0f4059323166544c0deb60f,bag,ShapeNet,False,bag/ShapeNet/45f56ad8c0f4059323166544c0deb60f,bag/PartNet/d7e81ad000b90c26bc4ac3caf16ef65,True,bag,bag,0,"['the', 'handle', 'forms', 'a', 'semi', 'circle']",6,the handle forms a semi circle,train,train,train,train,"[1, 10, 29, 383, 26, 407, 149, 2, 0, 0, 0, 0, 0, 0, 0, 0, 0, 0]",strap
61726,user_99,It doesn't have a handle,3UNH76FOCUY4P8TM2Z9ZGOP43EJMYB,280.0,a333a7047900101ffc854afc3ce25be,bag,PartNet,7f5c12e8a1312ff8230a4d129580843a,bag,PartNet,True,bag/PartNet/7f5c12e8a1312ff8230a4d129580843a,bag/PartNet/a333a7047900101ffc854afc3ce25be,True,bag,bag,0,"['it', 'does', 'not', 'have', 'a', 'handle']",6,it does not have a handle,train,train,train,train,"[1, 23, 39, 40, 84, 26, 29, 2, 0, 0, 0, 0, 0, 0, 0, 0, 0, 0]",strap
61731,user_2044,It does not have a pocket on the front,3DBQWDE4Y8RC52423YJ2I6GBD155NY,73.0,4a67dccd91447cfa504721639e19f609,bag,PartNet,1614bc965545308e5de21284bb515a83,bag,PartNet,False,bag/PartNet/1614bc965545308e5de21284bb515a83,bag/PartNet/4a67dccd91447cfa504721639e19f609,True,bag,bag,0,"['it', 'does', 'not', 'have', 'a', 'pocket', 'on', 'the', 'front']",9,it does not have a pocket on the front,train,train,train,train,"[1, 23, 39, 40, 84, 26, 1425, 20, 10, 37, 2, 0, 0, 0, 0, 0, 0, 0]",body
61733,user_1602,The body has a shorter height.,39RP059MEJM8C00BS7VF8DR3I6WBMI,119.0,774fcae246e7ad25c8724d5673a063a6,bag,ShapeNet,5afca35479b347786f0abe366609662,bag,ShapeNet,False,bag/ShapeNet/5afca35479b347786f0abe366609662,bag/ShapeNet/774fcae246e7ad25c8724d5673a063a6,False,bag,bag,0,"['the', 'body', 'has', 'a', 'short', '-er', 'height']",7,the body has a short -er height,train,train,train,train,"[1, 10, 45, 24, 26, 8, 9, 117, 2, 0, 0, 0, 0, 0, 0, 0, 0, 0]",body
61734,user_2115,body has smooth curves,3ND9UOO81MVGULG1NMQWVEPZS2AWL3,114.0,774fcae246e7ad25c8724d5673a063a6,bag,ShapeNet,5afca35479b347786f0abe366609662,bag,ShapeNet,True,bag/ShapeNet/5afca35479b347786f0abe366609662,bag/ShapeNet/774fcae246e7ad25c8724d5673a063a6,False,bag,bag,0,"['body', 'has', 'smooth', 'curves']",4,body has smooth curves,train,train,train,train,"[1, 45, 24, 379, 156, 2, 0, 0, 0, 0, 0, 0, 0, 0, 0, 0, 0, 0]",body
61735,user_786,It has no handles,3JMSRU9HQKNP9Q64GQYWWHG1CWWEVD,132.0,dc0f03ff60628a16978cfd2f5138d5f5,bag,PartNet,e0eb0b7925869326aa7b926be24dab3d,bag,ShapeNet,False,bag/ShapeNet/e0eb0b7925869326aa7b926be24dab3d,bag/PartNet/dc0f03ff60628a16978cfd2f5138d5f5,False,bag,bag,0,"['it', 'has', 'no', 'handles']",4,it has no handles,train,train,train,train,"[1, 23, 24, 123, 18, 2, 0, 0, 0, 0, 0, 0, 0, 0, 0, 0, 0, 0]",strap
61736,user_1298,There are no handles,3QJOXOW4XLK6J3CV2YX59LXOL21MEJ,83.0,dc0f03ff60628a16978cfd2f5138d5f5,bag,PartNet,e0eb0b7925869326aa7b926be24dab3d,bag,ShapeNet,False,bag/ShapeNet/e0eb0b7925869326aa7b926be24dab3d,bag/PartNet/dc0f03ff60628a16978cfd2f5138d5f5,False,bag,bag,0,"['there', 'are', 'no', 'handles']",4,there are no handles,train,train,train,train,"[1, 15, 16, 123, 18, 2, 0, 0, 0, 0, 0, 0, 0, 0, 0, 0, 0, 0]",strap
61737,user_2116,The target doesn't  have any handles.,3OXV7EAXLGJ1K2B6QY9S1YW54EK36P,165.0,dc0f03ff60628a16978cfd2f5138d5f5,bag,PartNet,e0eb0b7925869326aa7b926be24dab3d,bag,ShapeNet,False,bag/ShapeNet/e0eb0b7925869326aa7b926be24dab3d,bag/PartNet/dc0f03ff60628a16978cfd2f5138d5f5,False,bag,bag,0,"['the', 'target', 'does', 'not', 'have', 'any', 'handles']",7,the target does not have any handles,train,train,train,train,"[1, 10, 11, 39, 40, 84, 278, 18, 2, 0, 0, 0, 0, 0, 0, 0, 0, 0]",strap
61739,user_677,The target has straps,3Z7VU45IP0A7Y9H25ZSKA3A3BZ3Z1M,169.0,5afca35479b347786f0abe366609662,bag,ShapeNet,65680f336a50db976afa58a86636d6be,bag,ShapeNet,False,bag/ShapeNet/65680f336a50db976afa58a86636d6be,bag/ShapeNet/5afca35479b347786f0abe366609662,False,bag,bag,0,"['the', 'target', 'has', 'straps']",4,the target has straps,test,train,test,train,"[1, 10, 11, 24, 716, 2, 0, 0, 0, 0, 0, 0, 0, 0, 0, 0, 0, 0]",strap
61740,user_1298,The body is larger,3ATTHHXXWCHTTKDLCOP55HBEKZMIX2,45.0,5afca35479b347786f0abe366609662,bag,ShapeNet,65680f336a50db976afa58a86636d6be,bag,ShapeNet,False,bag/ShapeNet/65680f336a50db976afa58a86636d6be,bag/ShapeNet/5afca35479b347786f0abe366609662,False,bag,bag,0,"['the', 'body', 'is', 'large', '-er']",5,the body is large -er,test,train,test,train,"[1, 10, 45, 7, 94, 9, 2, 0, 0, 0, 0, 0, 0, 0, 0, 0, 0, 0]",body
61741,user_156,It has two handles.,3JNQLM5FT6FUI5IU921P779AOX2L21,32.0,5afca35479b347786f0abe366609662,bag,ShapeNet,f297885d4918000ec8724d5673a063a6,bag,ShapeNet,False,bag/ShapeNet/f297885d4918000ec8724d5673a063a6,bag/ShapeNet/5afca35479b347786f0abe366609662,False,bag,bag,0,"['it', 'has', 'two', 'handles']",4,it has two handles,train,train,train,train,"[1, 23, 24, 17, 18, 2, 0, 0, 0, 0, 0, 0, 0, 0, 0, 0, 0, 0]",strap
61742,user_677,The target has straps,31Q0U3WYDR8OEZBWM401JJH415C17G,136.0,5afca35479b347786f0abe366609662,bag,ShapeNet,f297885d4918000ec8724d5673a063a6,bag,ShapeNet,False,bag/ShapeNet/f297885d4918000ec8724d5673a063a6,bag/ShapeNet/5afca35479b347786f0abe366609662,False,bag,bag,0,"['the', 'target', 'has', 'straps']",4,the target has straps,train,train,train,train,"[1, 10, 11, 24, 716, 2, 0, 0, 0, 0, 0, 0, 0, 0, 0, 0, 0, 0]",strap
61743,user_2044,It has two handles at the top,3F6KKYWMNDU79FJVI41LGI43QI5DNG,369.0,5afca35479b347786f0abe366609662,bag,ShapeNet,f297885d4918000ec8724d5673a063a6,bag,ShapeNet,False,bag/ShapeNet/f297885d4918000ec8724d5673a063a6,bag/ShapeNet/5afca35479b347786f0abe366609662,False,bag,bag,0,"['it', 'has', 'two', 'handles', 'at', 'the', 'top']",7,it has two handles at the top,train,train,train,train,"[1, 23, 24, 17, 18, 98, 10, 99, 2, 0, 0, 0, 0, 0, 0, 0, 0, 0]",strap
61744,user_507,it has a handle on top,35K3O9HUAD60DTKEGBTSEVDFO5SFEG,36.0,6be0fb1d4872e759285e5a1f74237618,bag,PartNet,5afe31025e8574ea8d6e12c39b2d5023,bag,ShapeNet,False,bag/ShapeNet/5afe31025e8574ea8d6e12c39b2d5023,bag/PartNet/6be0fb1d4872e759285e5a1f74237618,True,bag,bag,0,"['it', 'has', 'a', 'handle', 'on', 'top']",6,it has a handle on top,train,train,train,train,"[1, 23, 24, 26, 29, 20, 99, 2, 0, 0, 0, 0, 0, 0, 0, 0, 0, 0]",strap
61750,user_238,The target has handles less in height,3Z4XG4ZF4AK04E1832DESSH0H4V8X0,273.0,1342fc4f613687f92569b963af585e33,bag,ShapeNet,ca99439f802c0a866fa19c90652e38e,bag,PartNet,False,bag/PartNet/ca99439f802c0a866fa19c90652e38e,bag/ShapeNet/1342fc4f613687f92569b963af585e33,True,bag,bag,0,"['the', 'target', 'has', 'handles', 'less', 'in', 'height']",7,the target has handles less in height,val,train,val,train,"[1, 10, 11, 24, 18, 229, 90, 117, 2, 0, 0, 0, 0, 0, 0, 0, 0, 0]",strap
61752,user_786,Its handles are slightly thicker and not as tall,3KWTYT0872WMH21HRL3N5ECM85K5L9,172.0,1342fc4f613687f92569b963af585e33,bag,ShapeNet,ca99439f802c0a866fa19c90652e38e,bag,PartNet,False,bag/PartNet/ca99439f802c0a866fa19c90652e38e,bag/ShapeNet/1342fc4f613687f92569b963af585e33,True,bag,bag,0,"['its', 'handles', 'are', 'slightly', 'thick', '-er', 'and', 'not', 'as', 'tall']",10,its handles are slightly thick -er and not as tall,val,train,val,train,"[1, 5, 18, 16, 174, 54, 9, 47, 40, 52, 53, 2, 0, 0, 0, 0, 0, 0]",strap
61753,user_156,It has two handles.,3ATPCQ38JA33N7KX5WJU7XU490ZAYQ,44.0,151d033af5381fd4c1e1e64c8ea306ea,bag,ShapeNet,71ead7f072106c63ed13f430b2941481,bag,ShapeNet,False,bag/ShapeNet/71ead7f072106c63ed13f430b2941481,bag/ShapeNet/151d033af5381fd4c1e1e64c8ea306ea,False,bag,bag,0,"['it', 'has', 'two', 'handles']",4,it has two handles,train,train,train,train,"[1, 23, 24, 17, 18, 2, 0, 0, 0, 0, 0, 0, 0, 0, 0, 0, 0, 0]",strap
61754,user_923,It has two loops for straps,317HQ483I9LOHQZHAI2W7FKGIMSIN0,172.0,151d033af5381fd4c1e1e64c8ea306ea,bag,ShapeNet,71ead7f072106c63ed13f430b2941481,bag,ShapeNet,False,bag/ShapeNet/71ead7f072106c63ed13f430b2941481,bag/ShapeNet/151d033af5381fd4c1e1e64c8ea306ea,False,bag,bag,0,"['it', 'has', 'two', 'loops', 'for', 'straps']",6,it has two loops for straps,train,train,train,train,"[1, 23, 24, 17, 349, 259, 716, 2, 0, 0, 0, 0, 0, 0, 0, 0, 0, 0]",strap
61755,user_2063,The handles are thicker in size,3WS1NTTKE051M35K84UDT6BBU030FS,70.0,151d033af5381fd4c1e1e64c8ea306ea,bag,ShapeNet,71ead7f072106c63ed13f430b2941481,bag,ShapeNet,False,bag/ShapeNet/71ead7f072106c63ed13f430b2941481,bag/ShapeNet/151d033af5381fd4c1e1e64c8ea306ea,False,bag,bag,0,"['the', 'handles', 'are', 'thick', '-er', 'in', 'size']",7,the handles are thick -er in size,train,train,train,train,"[1, 10, 18, 16, 54, 9, 90, 377, 2, 0, 0, 0, 0, 0, 0, 0, 0, 0]",strap
61760,user_1298,The body has a more rectangle shape,354P56DE9MWO8JAQZNFLFK4DR59S7B,53.0,151d033af5381fd4c1e1e64c8ea306ea,bag,ShapeNet,8e3eb521577dddea7d2c1de1b4d2a6e4,bag,PartNet,False,bag/PartNet/8e3eb521577dddea7d2c1de1b4d2a6e4,bag/ShapeNet/151d033af5381fd4c1e1e64c8ea306ea,False,bag,bag,0,"['the', 'body', 'has', 'a', 'more', 'rectangle', 'shape']",7,the body has a more rectangle shape,train,train,train,train,"[1, 10, 45, 24, 26, 34, 425, 93, 2, 0, 0, 0, 0, 0, 0, 0, 0, 0]",body
61765,user_203,It does not have handles.,3180JW2OT65GMCDHO0RAPZZU4G55JX,72.0,e49f6ae8fa76e90a285e5a1f74237618,bag,ShapeNet,3edc3bc2ecf58aae40090e51144242ea,bag,ShapeNet,False,bag/ShapeNet/3edc3bc2ecf58aae40090e51144242ea,bag/ShapeNet/e49f6ae8fa76e90a285e5a1f74237618,False,bag,bag,0,"['it', 'does', 'not', 'have', 'handles']",5,it does not have handles,train,train,train,train,"[1, 23, 39, 40, 84, 18, 2, 0, 0, 0, 0, 0, 0, 0, 0, 0, 0, 0]",strap
61766,user_786,It has no handle,3ZWFC4W1UW0PMXPJ2HDSD2CY3QNRF2,181.0,e49f6ae8fa76e90a285e5a1f74237618,bag,ShapeNet,3edc3bc2ecf58aae40090e51144242ea,bag,ShapeNet,False,bag/ShapeNet/3edc3bc2ecf58aae40090e51144242ea,bag/ShapeNet/e49f6ae8fa76e90a285e5a1f74237618,False,bag,bag,0,"['it', 'has', 'no', 'handle']",4,it has no handle,train,train,train,train,"[1, 23, 24, 123, 29, 2, 0, 0, 0, 0, 0, 0, 0, 0, 0, 0, 0, 0]",strap
61768,user_156,It has one handle.,3VHHR074H5A146F0FEIK3YQIZDU7L9,34.0,ec1b9ac45597e4cd9318cfd6c0d37d9b,bag,PartNet,83ab18386e87bf4efef598dabc93c115,bag,ShapeNet,False,bag/ShapeNet/83ab18386e87bf4efef598dabc93c115,bag/PartNet/ec1b9ac45597e4cd9318cfd6c0d37d9b,False,bag,bag,0,"['it', 'has', 'one', 'handle']",4,it has one handle,train,train,train,train,"[1, 23, 24, 19, 29, 2, 0, 0, 0, 0, 0, 0, 0, 0, 0, 0, 0, 0]",strap
61769,user_238,The target has a handle,3LO69W1SU56KXZQ18HME9B3BYHQGL0,587.0,ec1b9ac45597e4cd9318cfd6c0d37d9b,bag,PartNet,83ab18386e87bf4efef598dabc93c115,bag,ShapeNet,False,bag/ShapeNet/83ab18386e87bf4efef598dabc93c115,bag/PartNet/ec1b9ac45597e4cd9318cfd6c0d37d9b,False,bag,bag,0,"['the', 'target', 'has', 'a', 'handle']",5,the target has a handle,train,train,train,train,"[1, 10, 11, 24, 26, 29, 2, 0, 0, 0, 0, 0, 0, 0, 0, 0, 0, 0]",strap
61770,user_529,The target does have a strap.,3RGU30DZTC1EUJYNGZ8W61AGQBXMJ6,92.0,ec1b9ac45597e4cd9318cfd6c0d37d9b,bag,PartNet,83ab18386e87bf4efef598dabc93c115,bag,ShapeNet,False,bag/ShapeNet/83ab18386e87bf4efef598dabc93c115,bag/PartNet/ec1b9ac45597e4cd9318cfd6c0d37d9b,False,bag,bag,0,"['the', 'target', 'does', 'have', 'a', 'strap']",6,the target does have a strap,train,train,train,train,"[1, 10, 11, 39, 84, 26, 628, 2, 0, 0, 0, 0, 0, 0, 0, 0, 0, 0]",strap
61774,user_549,There is handle on the top and the side.,392CY0QWG3K2VIPBSDN086EGR6BI4L,104.0,766fe076d4cdef8cf0117851f0671fde,bag,ShapeNet,8ea3fa037107ec737426c116c412c132,bag,ShapeNet,False,bag/ShapeNet/8ea3fa037107ec737426c116c412c132,bag/ShapeNet/766fe076d4cdef8cf0117851f0671fde,True,bag,bag,0,"['there', 'is', 'handle', 'on', 'the', 'top', 'and', 'the', 'side']",9,there is handle on the top and the side,test,train,test,train,"[1, 15, 7, 29, 20, 10, 99, 47, 10, 22, 2, 0, 0, 0, 0, 0, 0, 0]",strap
61775,user_677,The target has a handle on its side,3V0Z7YWSI0TXEAUON63VUG7CFUC2V7,87.0,766fe076d4cdef8cf0117851f0671fde,bag,ShapeNet,8ea3fa037107ec737426c116c412c132,bag,ShapeNet,False,bag/ShapeNet/8ea3fa037107ec737426c116c412c132,bag/ShapeNet/766fe076d4cdef8cf0117851f0671fde,True,bag,bag,0,"['the', 'target', 'has', 'a', 'handle', 'on', 'its', 'side']",8,the target has a handle on its side,test,train,test,train,"[1, 10, 11, 24, 26, 29, 20, 5, 22, 2, 0, 0, 0, 0, 0, 0, 0, 0]",strap
61776,user_2115,it has two handles,3AWETUDC94LIYFD0D6DQ22RPS0PZIN,67.0,766fe076d4cdef8cf0117851f0671fde,bag,ShapeNet,8ea3fa037107ec737426c116c412c132,bag,ShapeNet,False,bag/ShapeNet/8ea3fa037107ec737426c116c412c132,bag/ShapeNet/766fe076d4cdef8cf0117851f0671fde,True,bag,bag,0,"['it', 'has', 'two', 'handles']",4,it has two handles,test,train,test,train,"[1, 23, 24, 17, 18, 2, 0, 0, 0, 0, 0, 0, 0, 0, 0, 0, 0, 0]",strap
61781,user_549,The bag has handles.,3JJVG1YBEDQA4TF508ETRBGHWCN5B5,67.0,5654b9e3d9b62661ae0c7300d2b2cc1d,bag,PartNet,c3426d26e0408be4285e5a1f74237618,bag,ShapeNet,False,bag/ShapeNet/c3426d26e0408be4285e5a1f74237618,bag/PartNet/5654b9e3d9b62661ae0c7300d2b2cc1d,False,bag,bag,0,"['the', 'bag', 'has', 'handles']",4,the bag has handles,train,train,train,train,"[1, 10, 1909, 24, 18, 2, 0, 0, 0, 0, 0, 0, 0, 0, 0, 0, 0, 0]",strap
61782,user_677,The target has two handles,3W2LOLRXLD802JHX3S4PTF43BM1RK1,354.0,5654b9e3d9b62661ae0c7300d2b2cc1d,bag,PartNet,c3426d26e0408be4285e5a1f74237618,bag,ShapeNet,False,bag/ShapeNet/c3426d26e0408be4285e5a1f74237618,bag/PartNet/5654b9e3d9b62661ae0c7300d2b2cc1d,False,bag,bag,0,"['the', 'target', 'has', 'two', 'handles']",5,the target has two handles,train,train,train,train,"[1, 10, 11, 24, 17, 18, 2, 0, 0, 0, 0, 0, 0, 0, 0, 0, 0, 0]",strap
61783,user_203,The body has more height.,3X3OR7WPZ1T54KKJPJAQHYMDAU08LR,125.0,788eee4bfb4f27ecc33cda78d407d98a,bag,PartNet,8569a0c606bbba73d9985ad45fbb635e,bag,ShapeNet,False,bag/ShapeNet/8569a0c606bbba73d9985ad45fbb635e,bag/PartNet/788eee4bfb4f27ecc33cda78d407d98a,False,bag,bag,0,"['the', 'body', 'has', 'more', 'height']",5,the body has more height,train,train,train,train,"[1, 10, 45, 24, 34, 117, 2, 0, 0, 0, 0, 0, 0, 0, 0, 0, 0, 0]",body
61784,user_1298,The handle is smaller,3BEFOD78W8MOR1F2DSLS0ZLX8D14MP,49.0,788eee4bfb4f27ecc33cda78d407d98a,bag,PartNet,8569a0c606bbba73d9985ad45fbb635e,bag,ShapeNet,False,bag/ShapeNet/8569a0c606bbba73d9985ad45fbb635e,bag/PartNet/788eee4bfb4f27ecc33cda78d407d98a,False,bag,bag,0,"['the', 'handle', 'is', 'small', '-er']",5,the handle is small -er,train,train,train,train,"[1, 10, 29, 7, 111, 9, 2, 0, 0, 0, 0, 0, 0, 0, 0, 0, 0, 0]",strap
61786,user_203,It does not have a shoulder strap.,3KAKFY4PGWVHDM67SZIHY1MAD5Z3I3,113.0,f872a64810c123a47abde6405e4d8323,bag,ShapeNet,c4cb5bcb1a9399ae504721639e19f609,bag,ShapeNet,False,bag/ShapeNet/c4cb5bcb1a9399ae504721639e19f609,bag/ShapeNet/f872a64810c123a47abde6405e4d8323,True,bag,bag,0,"['it', 'does', 'not', 'have', 'a', 'shoulder', 'strap']",7,it does not have a shoulder strap,train,train,train,train,"[1, 23, 39, 40, 84, 26, 1767, 628, 2, 0, 0, 0, 0, 0, 0, 0, 0, 0]",strap
61787,user_786,"It has one handle, NOT two",3QJOXOW4XLK6J3CV2YX59LXOL3CEMO,83.0,f872a64810c123a47abde6405e4d8323,bag,ShapeNet,c4cb5bcb1a9399ae504721639e19f609,bag,ShapeNet,False,bag/ShapeNet/c4cb5bcb1a9399ae504721639e19f609,bag/ShapeNet/f872a64810c123a47abde6405e4d8323,True,bag,bag,0,"['it', 'has', 'one', 'handle', 'not', 'two']",6,it has one handle not two,train,train,train,train,"[1, 23, 24, 19, 29, 40, 17, 2, 0, 0, 0, 0, 0, 0, 0, 0, 0, 0]",strap
61788,user_1389,"The target has one top handle, not two.",31EUONYN2XWBLHJTA41S1TAFGY1OVQ,200.0,f872a64810c123a47abde6405e4d8323,bag,ShapeNet,c4cb5bcb1a9399ae504721639e19f609,bag,ShapeNet,False,bag/ShapeNet/c4cb5bcb1a9399ae504721639e19f609,bag/ShapeNet/f872a64810c123a47abde6405e4d8323,True,bag,bag,0,"['the', 'target', 'has', 'one', 'top', 'handle', 'not', 'two']",8,the target has one top handle not two,train,train,train,train,"[1, 10, 11, 24, 19, 99, 29, 40, 17, 2, 0, 0, 0, 0, 0, 0, 0, 0]",strap
61789,user_238,The target does not have handles,39GHHAVOMHKYQT9HAV80K7TG4NE4J1,1043.0,6187bd900c3bc002ed13f430b2941481,bag,ShapeNet,7f5c12e8a1312ff8230a4d129580843a,bag,PartNet,False,bag/PartNet/7f5c12e8a1312ff8230a4d129580843a,bag/ShapeNet/6187bd900c3bc002ed13f430b2941481,False,bag,bag,0,"['the', 'target', 'does', 'not', 'have', 'handles']",6,the target does not have handles,train,train,train,train,"[1, 10, 11, 39, 40, 84, 18, 2, 0, 0, 0, 0, 0, 0, 0, 0, 0, 0]",strap
61790,user_1191,It does not have straps.,3Z9WI9EOZ1HNDP3U7NSVFB2XOH0HKZ,73.0,6187bd900c3bc002ed13f430b2941481,bag,ShapeNet,7f5c12e8a1312ff8230a4d129580843a,bag,PartNet,False,bag/PartNet/7f5c12e8a1312ff8230a4d129580843a,bag/ShapeNet/6187bd900c3bc002ed13f430b2941481,False,bag,bag,0,"['it', 'does', 'not', 'have', 'straps']",5,it does not have straps,train,train,train,train,"[1, 23, 39, 40, 84, 716, 2, 0, 0, 0, 0, 0, 0, 0, 0, 0, 0, 0]",strap
61791,user_1298,It does not have handles,3H7Z272LX90QACJ0B0C13KH3Z49LPX,67.0,6187bd900c3bc002ed13f430b2941481,bag,ShapeNet,7f5c12e8a1312ff8230a4d129580843a,bag,PartNet,False,bag/PartNet/7f5c12e8a1312ff8230a4d129580843a,bag/ShapeNet/6187bd900c3bc002ed13f430b2941481,False,bag,bag,0,"['it', 'does', 'not', 'have', 'handles']",5,it does not have handles,train,train,train,train,"[1, 23, 39, 40, 84, 18, 2, 0, 0, 0, 0, 0, 0, 0, 0, 0, 0, 0]",strap
61792,user_529,It does not have a strap.,3WEV0KO0OOL4PSB0Q0I7FCE9DGHDSU,226.0,f72de241037d474e76bb31db0358e9c6,bag,ShapeNet,6be0fb1d4872e759285e5a1f74237618,bag,PartNet,False,bag/PartNet/6be0fb1d4872e759285e5a1f74237618,bag/ShapeNet/f72de241037d474e76bb31db0358e9c6,False,bag,bag,0,"['it', 'does', 'not', 'have', 'a', 'strap']",6,it does not have a strap,train,train,train,train,"[1, 23, 39, 40, 84, 26, 628, 2, 0, 0, 0, 0, 0, 0, 0, 0, 0, 0]",strap
61793,user_787,There is no strap,3L2IS5HSFCBTQHUH4ZRAQI8RCG1NUX,45.0,f72de241037d474e76bb31db0358e9c6,bag,ShapeNet,6be0fb1d4872e759285e5a1f74237618,bag,PartNet,False,bag/PartNet/6be0fb1d4872e759285e5a1f74237618,bag/ShapeNet/f72de241037d474e76bb31db0358e9c6,False,bag,bag,0,"['there', 'is', 'no', 'strap']",4,there is no strap,train,train,train,train,"[1, 15, 7, 123, 628, 2, 0, 0, 0, 0, 0, 0, 0, 0, 0, 0, 0, 0]",strap
61794,user_2063,It does not contain a strap,3S3AMIZX3WYOIBM4TES707ARRCKDCN,65.0,f72de241037d474e76bb31db0358e9c6,bag,ShapeNet,6be0fb1d4872e759285e5a1f74237618,bag,PartNet,False,bag/PartNet/6be0fb1d4872e759285e5a1f74237618,bag/ShapeNet/f72de241037d474e76bb31db0358e9c6,False,bag,bag,0,"['it', 'does', 'not', 'contain', 'a', 'strap']",6,it does not contain a strap,train,train,train,train,"[1, 23, 39, 40, 1778, 26, 628, 2, 0, 0, 0, 0, 0, 0, 0, 0, 0, 0]",strap
61795,user_203,It has a handle.,3EQHHY4HQUL6VANGGU67SM7ECOR5GW,157.0,e8039f73cf912ff5e8c69fd29511206a,bag,ShapeNet,20b4891228ecfb4876bb31db0358e9c6,bag,ShapeNet,False,bag/ShapeNet/20b4891228ecfb4876bb31db0358e9c6,bag/ShapeNet/e8039f73cf912ff5e8c69fd29511206a,False,bag,bag,0,"['it', 'has', 'a', 'handle']",4,it has a handle,train,train,train,train,"[1, 23, 24, 26, 29, 2, 0, 0, 0, 0, 0, 0, 0, 0, 0, 0, 0, 0]",strap
61801,user_203,It has handles.,37WLF8U1WRJ7G0JDB41RIKD7F0NK6Y,70.0,5afca35479b347786f0abe366609662,bag,ShapeNet,dc0f03ff60628a16978cfd2f5138d5f5,bag,PartNet,False,bag/PartNet/dc0f03ff60628a16978cfd2f5138d5f5,bag/ShapeNet/5afca35479b347786f0abe366609662,False,bag,bag,0,"['it', 'has', 'handles']",3,it has handles,train,train,train,train,"[1, 23, 24, 18, 2, 0, 0, 0, 0, 0, 0, 0, 0, 0, 0, 0, 0, 0]",strap
61802,user_1298,The handles are longer,3R08VXYT7EOHF0RZJSPMC97YXH3W7Q,54.0,5afca35479b347786f0abe366609662,bag,ShapeNet,dc0f03ff60628a16978cfd2f5138d5f5,bag,PartNet,False,bag/PartNet/dc0f03ff60628a16978cfd2f5138d5f5,bag/ShapeNet/5afca35479b347786f0abe366609662,False,bag,bag,0,"['the', 'handles', 'are', 'long', '-er']",5,the handles are long -er,train,train,train,train,"[1, 10, 18, 16, 32, 9, 2, 0, 0, 0, 0, 0, 0, 0, 0, 0, 0, 0]",strap
61803,user_1792,it has a strap,3X4MXAO0BIHRXJBES6NSHQYYYUGRW5,185.0,5afca35479b347786f0abe366609662,bag,ShapeNet,dc0f03ff60628a16978cfd2f5138d5f5,bag,PartNet,False,bag/PartNet/dc0f03ff60628a16978cfd2f5138d5f5,bag/ShapeNet/5afca35479b347786f0abe366609662,False,bag,bag,0,"['it', 'has', 'a', 'strap']",4,it has a strap,train,train,train,train,"[1, 23, 24, 26, 628, 2, 0, 0, 0, 0, 0, 0, 0, 0, 0, 0, 0, 0]",strap
61806,user_2063,The handle is more rounded,3A0EX8ZRNAH86HPPBAJQ28EARFOYB7,209.0,68e4ba38895d820df6fec4b901a12701,bag,ShapeNet,581af450a3a8009abc49cae1a831a9e,bag,ShapeNet,False,bag/ShapeNet/581af450a3a8009abc49cae1a831a9e,bag/ShapeNet/68e4ba38895d820df6fec4b901a12701,False,bag,bag,0,"['the', 'handle', 'is', 'more', 'rounded']",5,the handle is more rounded,train,train,train,train,"[1, 10, 29, 7, 34, 48, 2, 0, 0, 0, 0, 0, 0, 0, 0, 0, 0, 0]",strap
61807,user_12,The metal ornaments are rectangular shaped and are not fastened to the bag body with rivets.,3X1FV8S5JZKNT42VMLOKWK1DPBDVGB,324.0,758dd5af7f18ed9acd99ccc7ff441abf,bag,ShapeNet,e5fea6c1dacf3ed4cd99ccc7ff441abf,bag,ShapeNet,False,bag/ShapeNet/e5fea6c1dacf3ed4cd99ccc7ff441abf,bag/ShapeNet/758dd5af7f18ed9acd99ccc7ff441abf,True,bag,bag,0,"['the', 'metal', 'ornaments', 'are', 'rectangular', 'shaped', 'and', 'are', 'not', 'fastened', 'to', 'the', 'bag', 'body', 'with', 'rivets']",16,the metal ornaments are rectangular shaped and are not fastened to the bag body with rivets,train,train,train,train,"[1, 10, 1206, 2077, 16, 128, 14, 47, 16, 40, 3354, 58, 10, 1909, 45, 121, 1405, 2]",body
61809,user_787,The handles are taller,3IJXV6UZ1ZC9WOR93PJDGZPQJI2IR7,67.0,758dd5af7f18ed9acd99ccc7ff441abf,bag,ShapeNet,e5fea6c1dacf3ed4cd99ccc7ff441abf,bag,ShapeNet,False,bag/ShapeNet/e5fea6c1dacf3ed4cd99ccc7ff441abf,bag/ShapeNet/758dd5af7f18ed9acd99ccc7ff441abf,True,bag,bag,0,"['the', 'handles', 'are', 'tall', '-er']",5,the handles are tall -er,train,train,train,train,"[1, 10, 18, 16, 53, 9, 2, 0, 0, 0, 0, 0, 0, 0, 0, 0, 0, 0]",strap
61813,user_1298,There are handles,3137ONMDKIY6RTG9RVZAWGDRPGIEGW,56.0,5afca35479b347786f0abe366609662,bag,ShapeNet,811f592148958510abc49cae1a831a9e,bag,PartNet,False,bag/PartNet/811f592148958510abc49cae1a831a9e,bag/ShapeNet/5afca35479b347786f0abe366609662,False,bag,bag,0,"['there', 'are', 'handles']",3,there are handles,train,train,train,train,"[1, 15, 16, 18, 2, 0, 0, 0, 0, 0, 0, 0, 0, 0, 0, 0, 0, 0]",strap
61814,user_1396,has two handles,35K3O9HUAD60DTKEGBTSEVDFO5PEFC,49.0,5afca35479b347786f0abe366609662,bag,ShapeNet,811f592148958510abc49cae1a831a9e,bag,PartNet,True,bag/PartNet/811f592148958510abc49cae1a831a9e,bag/ShapeNet/5afca35479b347786f0abe366609662,False,bag,bag,0,"['has', 'two', 'handles']",3,has two handles,train,train,train,train,"[1, 24, 17, 18, 2, 0, 0, 0, 0, 0, 0, 0, 0, 0, 0, 0, 0, 0]",strap
61815,user_2005,it has a tube shaped body,3I02618YA2ZTT26UKE42U7DMCZDUPJ,78.0,5afca35479b347786f0abe366609662,bag,ShapeNet,811f592148958510abc49cae1a831a9e,bag,PartNet,False,bag/PartNet/811f592148958510abc49cae1a831a9e,bag/ShapeNet/5afca35479b347786f0abe366609662,False,bag,bag,0,"['it', 'has', 'a', 'tube', 'shaped', 'body']",6,it has a tube shaped body,train,train,train,train,"[1, 23, 24, 26, 218, 14, 45, 2, 0, 0, 0, 0, 0, 0, 0, 0, 0, 0]",body
61831,user_757,It has two large handles on top,3OS4RQUCRB826Q8U6KR2DN7UL4QBFF,152.0,631fd8c280dfb9d5cd3852d63efc4336,bag,ShapeNet,54020887fae8cea02d9a3aad1271738b,bag,PartNet,False,bag/PartNet/54020887fae8cea02d9a3aad1271738b,bag/ShapeNet/631fd8c280dfb9d5cd3852d63efc4336,True,bag,bag,0,"['it', 'has', 'two', 'large', 'handles', 'on', 'top']",7,it has two large handles on top,train,train,train,train,"[1, 23, 24, 17, 94, 18, 20, 99, 2, 0, 0, 0, 0, 0, 0, 0, 0, 0]",strap
61832,user_1298,It has handles,3P4MQ7TPPZ5CT9WE1I56UXG967ABBB,42.0,631fd8c280dfb9d5cd3852d63efc4336,bag,ShapeNet,54020887fae8cea02d9a3aad1271738b,bag,PartNet,False,bag/PartNet/54020887fae8cea02d9a3aad1271738b,bag/ShapeNet/631fd8c280dfb9d5cd3852d63efc4336,True,bag,bag,0,"['it', 'has', 'handles']",3,it has handles,train,train,train,train,"[1, 23, 24, 18, 2, 0, 0, 0, 0, 0, 0, 0, 0, 0, 0, 0, 0, 0]",strap
61834,user_156,It has no handles.,3II4UPYCOL0SCCWNYWT2KCZ8VUIQD8,484.0,450a4589a15dc4926afa58a86636d6be,bag,PartNet,3edc3bc2ecf58aae40090e51144242ea,bag,ShapeNet,False,bag/ShapeNet/3edc3bc2ecf58aae40090e51144242ea,bag/PartNet/450a4589a15dc4926afa58a86636d6be,True,bag,bag,0,"['it', 'has', 'no', 'handles']",4,it has no handles,train,train,train,train,"[1, 23, 24, 123, 18, 2, 0, 0, 0, 0, 0, 0, 0, 0, 0, 0, 0, 0]",strap
61835,user_786,It has no handle,3D4CH1LGECMPWXPSJKJO42CGYKK9G1,105.0,450a4589a15dc4926afa58a86636d6be,bag,PartNet,3edc3bc2ecf58aae40090e51144242ea,bag,ShapeNet,False,bag/ShapeNet/3edc3bc2ecf58aae40090e51144242ea,bag/PartNet/450a4589a15dc4926afa58a86636d6be,True,bag,bag,0,"['it', 'has', 'no', 'handle']",4,it has no handle,train,train,train,train,"[1, 23, 24, 123, 29, 2, 0, 0, 0, 0, 0, 0, 0, 0, 0, 0, 0, 0]",strap
61836,user_1796,There are no handles.,3Z7ISHFUH2OP991N4K1ZPDXBP4QZ8L,65.0,450a4589a15dc4926afa58a86636d6be,bag,PartNet,3edc3bc2ecf58aae40090e51144242ea,bag,ShapeNet,False,bag/ShapeNet/3edc3bc2ecf58aae40090e51144242ea,bag/PartNet/450a4589a15dc4926afa58a86636d6be,True,bag,bag,0,"['there', 'are', 'no', 'handles']",4,there are no handles,train,train,train,train,"[1, 15, 16, 123, 18, 2, 0, 0, 0, 0, 0, 0, 0, 0, 0, 0, 0, 0]",strap
61840,user_203,It has a shoulder strap.,3P59JYT76NDI1IQZIB3GTYJRI8Z2TS,326.0,d331a7bbfb0e7301e858db1dc3499392,bag,ShapeNet,22065bf26a7da50a5c4dc8ac281ba59d,bag,ShapeNet,False,bag/ShapeNet/22065bf26a7da50a5c4dc8ac281ba59d,bag/ShapeNet/d331a7bbfb0e7301e858db1dc3499392,True,bag,bag,0,"['it', 'has', 'a', 'shoulder', 'strap']",5,it has a shoulder strap,train,train,train,train,"[1, 23, 24, 26, 1767, 628, 2, 0, 0, 0, 0, 0, 0, 0, 0, 0, 0, 0]",strap
61841,user_505,Target has three handles,3FTYUGLFSWE3JQDPE45ZM14HZWW5D7,31.0,d331a7bbfb0e7301e858db1dc3499392,bag,ShapeNet,22065bf26a7da50a5c4dc8ac281ba59d,bag,ShapeNet,False,bag/ShapeNet/22065bf26a7da50a5c4dc8ac281ba59d,bag/ShapeNet/d331a7bbfb0e7301e858db1dc3499392,True,bag,bag,0,"['target', 'has', 'three', 'handles']",4,target has three handles,train,train,train,train,"[1, 11, 24, 80, 18, 2, 0, 0, 0, 0, 0, 0, 0, 0, 0, 0, 0, 0]",strap
61842,user_1298,There is a strap,3LRLIPTPES2832VG1HI3YPFTBJ4AK5,120.0,d331a7bbfb0e7301e858db1dc3499392,bag,ShapeNet,22065bf26a7da50a5c4dc8ac281ba59d,bag,ShapeNet,False,bag/ShapeNet/22065bf26a7da50a5c4dc8ac281ba59d,bag/ShapeNet/d331a7bbfb0e7301e858db1dc3499392,True,bag,bag,0,"['there', 'is', 'a', 'strap']",4,there is a strap,train,train,train,train,"[1, 15, 7, 26, 628, 2, 0, 0, 0, 0, 0, 0, 0, 0, 0, 0, 0, 0]",strap
61844,user_1396,the handles are closer to each other,33FOTY3KEOEUQG6SDL8CZ59I2JT1C5,90.0,93ca5243aa73b5de81157c9325bb0e45,bag,ShapeNet,450a4589a15dc4926afa58a86636d6be,bag,PartNet,True,bag/PartNet/450a4589a15dc4926afa58a86636d6be,bag/ShapeNet/93ca5243aa73b5de81157c9325bb0e45,True,bag,bag,0,"['the', 'handles', 'are', 'close', '-er', 'to', 'each', 'other']",8,the handles are close -er to each other,train,train,train,train,"[1, 10, 18, 16, 1025, 9, 58, 21, 396, 2, 0, 0, 0, 0, 0, 0, 0, 0]",strap
61846,user_451,The Target bag has a smaller handle,3SITXWYCNX2J6CZF6EXOJU71PCDXBP,157.0,dc0f03ff60628a16978cfd2f5138d5f5,bag,PartNet,8569a0c606bbba73d9985ad45fbb635e,bag,ShapeNet,False,bag/ShapeNet/8569a0c606bbba73d9985ad45fbb635e,bag/PartNet/dc0f03ff60628a16978cfd2f5138d5f5,True,bag,bag,0,"['the', 'target', 'bag', 'has', 'a', 'small', '-er', 'handle']",8,the target bag has a small -er handle,train,train,train,train,"[1, 10, 11, 1909, 24, 26, 111, 9, 29, 2, 0, 0, 0, 0, 0, 0, 0, 0]",strap
61849,user_156,It has one handle.,3V0Z7YWSI0TXEAUON63VUG7CFV42V1,33.0,c5a37b5192fba85b9ca96b2737246fca,bag,PartNet,feeae9bd7f1336693a75e6d000e08290,bag,PartNet,False,bag/PartNet/feeae9bd7f1336693a75e6d000e08290,bag/PartNet/c5a37b5192fba85b9ca96b2737246fca,True,bag,bag,0,"['it', 'has', 'one', 'handle']",4,it has one handle,train,train,train,train,"[1, 23, 24, 19, 29, 2, 0, 0, 0, 0, 0, 0, 0, 0, 0, 0, 0, 0]",strap
61851,user_948,It jas one strap,3DEL4X4EL8EFJKSQG6B8R552AJPXYU,37.0,c5a37b5192fba85b9ca96b2737246fca,bag,PartNet,feeae9bd7f1336693a75e6d000e08290,bag,PartNet,False,bag/PartNet/feeae9bd7f1336693a75e6d000e08290,bag/PartNet/c5a37b5192fba85b9ca96b2737246fca,True,bag,bag,0,"['it', 'jas', 'one', 'strap']",4,it jas one strap,train,train,train,train,"[1, 23, 1919, 19, 628, 2, 0, 0, 0, 0, 0, 0, 0, 0, 0, 0, 0, 0]",strap
61852,user_203,It does not have two handles.,3TGOYF991ZF6L7EQ103W4D0LKDWUU0,101.0,d331a7bbfb0e7301e858db1dc3499392,bag,ShapeNet,e90e27c3020d25dd76bb31db0358e9c6,bag,ShapeNet,False,bag/ShapeNet/e90e27c3020d25dd76bb31db0358e9c6,bag/ShapeNet/d331a7bbfb0e7301e858db1dc3499392,False,bag,bag,0,"['it', 'does', 'not', 'have', 'two', 'handles']",6,it does not have two handles,train,train,train,train,"[1, 23, 39, 40, 84, 17, 18, 2, 0, 0, 0, 0, 0, 0, 0, 0, 0, 0]",strap
61853,user_923,The strap is one long loop,3OXV7EAXLGJ1K2B6QY9S1YW54E663E,151.0,d331a7bbfb0e7301e858db1dc3499392,bag,ShapeNet,e90e27c3020d25dd76bb31db0358e9c6,bag,ShapeNet,False,bag/ShapeNet/e90e27c3020d25dd76bb31db0358e9c6,bag/ShapeNet/d331a7bbfb0e7301e858db1dc3499392,False,bag,bag,0,"['the', 'strap', 'is', 'one', 'long', 'loop']",6,the strap is one long loop,train,train,train,train,"[1, 10, 628, 7, 19, 32, 549, 2, 0, 0, 0, 0, 0, 0, 0, 0, 0, 0]",strap
61854,user_2044,Its handle is longer,3GNA64GUZGXX8ZHUJQBJM0BGICTQ57,37.0,d331a7bbfb0e7301e858db1dc3499392,bag,ShapeNet,e90e27c3020d25dd76bb31db0358e9c6,bag,ShapeNet,False,bag/ShapeNet/e90e27c3020d25dd76bb31db0358e9c6,bag/ShapeNet/d331a7bbfb0e7301e858db1dc3499392,False,bag,bag,0,"['its', 'handle', 'is', 'long', '-er']",5,its handle is long -er,train,train,train,train,"[1, 5, 29, 7, 32, 9, 2, 0, 0, 0, 0, 0, 0, 0, 0, 0, 0, 0]",strap
61855,user_156,It has one handle.,3YDGXNSEO1N96CDYJRB9VHK2OB9484,40.0,21b60b5519668987a75d03186a0409e2,bag,PartNet,c5c0f63f94ddf4c258d149fbd24761c4,bag,ShapeNet,False,bag/ShapeNet/c5c0f63f94ddf4c258d149fbd24761c4,bag/PartNet/21b60b5519668987a75d03186a0409e2,True,bag,bag,0,"['it', 'has', 'one', 'handle']",4,it has one handle,train,train,train,train,"[1, 23, 24, 19, 29, 2, 0, 0, 0, 0, 0, 0, 0, 0, 0, 0, 0, 0]",strap
61856,user_588,The target has a handle.,3T111IHZ5GJGLNY6ZVD036QN0SX9RX,123.0,21b60b5519668987a75d03186a0409e2,bag,PartNet,c5c0f63f94ddf4c258d149fbd24761c4,bag,ShapeNet,False,bag/ShapeNet/c5c0f63f94ddf4c258d149fbd24761c4,bag/PartNet/21b60b5519668987a75d03186a0409e2,True,bag,bag,0,"['the', 'target', 'has', 'a', 'handle']",5,the target has a handle,train,train,train,train,"[1, 10, 11, 24, 26, 29, 2, 0, 0, 0, 0, 0, 0, 0, 0, 0, 0, 0]",strap
61857,user_786,It has a handle,34PGFRQONQ4AZVS1K1EJFZC7OCXJWE,123.0,21b60b5519668987a75d03186a0409e2,bag,PartNet,c5c0f63f94ddf4c258d149fbd24761c4,bag,ShapeNet,False,bag/ShapeNet/c5c0f63f94ddf4c258d149fbd24761c4,bag/PartNet/21b60b5519668987a75d03186a0409e2,True,bag,bag,0,"['it', 'has', 'a', 'handle']",4,it has a handle,train,train,train,train,"[1, 23, 24, 26, 29, 2, 0, 0, 0, 0, 0, 0, 0, 0, 0, 0, 0, 0]",strap
61860,user_1796,There is no handle.,3SKRO2GZ73KC9EIG5YPANOMQ7UF1KZ,130.0,bb6eba59b185e6bce8a1430c80ad4e85,bag,PartNet,dcc01017dcaa0eb06cc88f0bd373634c,bag,PartNet,False,bag/PartNet/dcc01017dcaa0eb06cc88f0bd373634c,bag/PartNet/bb6eba59b185e6bce8a1430c80ad4e85,True,bag,bag,0,"['there', 'is', 'no', 'handle']",4,there is no handle,train,train,train,train,"[1, 15, 7, 123, 29, 2, 0, 0, 0, 0, 0, 0, 0, 0, 0, 0, 0, 0]",strap
61862,user_786,It has no handle,3PS7W85Z81VT12BY3KIV3LR5OE49TM,90.0,c5c0f63f94ddf4c258d149fbd24761c4,bag,ShapeNet,fee3c970d7e854103f5881eaf72c4aa0,bag,PartNet,False,bag/PartNet/fee3c970d7e854103f5881eaf72c4aa0,bag/ShapeNet/c5c0f63f94ddf4c258d149fbd24761c4,True,bag,bag,0,"['it', 'has', 'no', 'handle']",4,it has no handle,val,train,val,train,"[1, 23, 24, 123, 29, 2, 0, 0, 0, 0, 0, 0, 0, 0, 0, 0, 0, 0]",strap
61869,user_2115,the handles are small,3FPRZHYEP00MZSQ7R6H0DQC4L7M3VR,66.0,74c548ef3ca7b1987515e7bb7dba4019,bag,ShapeNet,abba6df6294f20c569ea850160c0b35,bag,ShapeNet,False,bag/ShapeNet/abba6df6294f20c569ea850160c0b35,bag/ShapeNet/74c548ef3ca7b1987515e7bb7dba4019,True,bag,bag,0,"['the', 'handles', 'are', 'small']",4,the handles are small,test,train,test,train,"[1, 10, 18, 16, 111, 2, 0, 0, 0, 0, 0, 0, 0, 0, 0, 0, 0, 0]",strap
61870,user_156,"Its handle is far, far taller.",3Z7EFSHGNB72GHRLKETJUEDJ7XRCXP,35.0,2022610a5d1a8455abc49cae1a831a9e,bag,ShapeNet,5c12982724d7f3d28bc9f09e7c72cc8a,bag,PartNet,False,bag/PartNet/5c12982724d7f3d28bc9f09e7c72cc8a,bag/ShapeNet/2022610a5d1a8455abc49cae1a831a9e,True,bag,bag,0,"['its', 'handle', 'is', 'far', 'far', 'tall', '-er']",7,its handle is far far tall -er,train,train,train,train,"[1, 5, 29, 7, 78, 78, 53, 9, 2, 0, 0, 0, 0, 0, 0, 0, 0, 0]",strap
61871,user_549,The strap is very long.,31EUONYN2XWBLHJTA41S1TAFGZ8VO6,98.0,2022610a5d1a8455abc49cae1a831a9e,bag,ShapeNet,5c12982724d7f3d28bc9f09e7c72cc8a,bag,PartNet,False,bag/PartNet/5c12982724d7f3d28bc9f09e7c72cc8a,bag/ShapeNet/2022610a5d1a8455abc49cae1a831a9e,True,bag,bag,0,"['the', 'strap', 'is', 'very', 'long']",5,the strap is very long,train,train,train,train,"[1, 10, 628, 7, 62, 32, 2, 0, 0, 0, 0, 0, 0, 0, 0, 0, 0, 0]",strap
61872,user_786,It has a very long strap whose height is about 3 times the bag's height,3L70J4KAZIF0PWP690WGUCK3RA6DAU,176.0,2022610a5d1a8455abc49cae1a831a9e,bag,ShapeNet,5c12982724d7f3d28bc9f09e7c72cc8a,bag,PartNet,False,bag/PartNet/5c12982724d7f3d28bc9f09e7c72cc8a,bag/ShapeNet/2022610a5d1a8455abc49cae1a831a9e,True,bag,bag,0,"['it', 'has', 'a', 'very', 'long', 'strap', 'whose', 'height', 'is', 'about', 'three', 'times', 'the', 'bag', ""'s"", 'height']",16,it has a very long strap whose height is about three times the bag 's height,train,train,train,train,"[1, 23, 24, 26, 62, 32, 628, 872, 117, 7, 519, 80, 323, 10, 1909, 12, 117, 2]",strap
61875,user_786,"It has one handle, NOT two",3Y5140Z9DZ9OKBBUQXFOB4PBI13PID,246.0,d7e81ad000b90c26bc4ac3caf16ef65,bag,PartNet,cbc1512b28e9ed382bef451de0ed6949,bag,ShapeNet,False,bag/ShapeNet/cbc1512b28e9ed382bef451de0ed6949,bag/PartNet/d7e81ad000b90c26bc4ac3caf16ef65,True,bag,bag,0,"['it', 'has', 'one', 'handle', 'not', 'two']",6,it has one handle not two,test,train,test,train,"[1, 23, 24, 19, 29, 40, 17, 2, 0, 0, 0, 0, 0, 0, 0, 0, 0, 0]",strap
61877,user_1298,The body is more rounded,384PI804XUUAQ8A6EOUC05UQJQ80SM,187.0,5654b9e3d9b62661ae0c7300d2b2cc1d,bag,PartNet,5afe31025e8574ea8d6e12c39b2d5023,bag,ShapeNet,False,bag/ShapeNet/5afe31025e8574ea8d6e12c39b2d5023,bag/PartNet/5654b9e3d9b62661ae0c7300d2b2cc1d,False,bag,bag,0,"['the', 'body', 'is', 'more', 'rounded']",5,the body is more rounded,train,train,train,train,"[1, 10, 45, 7, 34, 48, 2, 0, 0, 0, 0, 0, 0, 0, 0, 0, 0, 0]",body
61881,user_2063,It has one single strap,3HYA4D452TC8ID8YNRYRCU4QRZJF2P,109.0,7565e6f425dd6d376d987ae9a225629c,bag,ShapeNet,cbc1512b28e9ed382bef451de0ed6949,bag,ShapeNet,False,bag/ShapeNet/cbc1512b28e9ed382bef451de0ed6949,bag/ShapeNet/7565e6f425dd6d376d987ae9a225629c,False,bag,bag,0,"['it', 'has', 'one', 'single', 'strap']",5,it has one single strap,test,train,test,train,"[1, 23, 24, 19, 86, 628, 2, 0, 0, 0, 0, 0, 0, 0, 0, 0, 0, 0]",strap
61883,user_786,It has no strap,3ZSY5X72NZ4JSA2C1KWI0WLCVRKORR,172.0,22065bf26a7da50a5c4dc8ac281ba59d,bag,ShapeNet,157fa29bcf6b890d76bb31db0358e9c6,bag,ShapeNet,False,bag/ShapeNet/157fa29bcf6b890d76bb31db0358e9c6,bag/ShapeNet/22065bf26a7da50a5c4dc8ac281ba59d,False,bag,bag,0,"['it', 'has', 'no', 'strap']",4,it has no strap,test,train,test,train,"[1, 23, 24, 123, 628, 2, 0, 0, 0, 0, 0, 0, 0, 0, 0, 0, 0, 0]",strap
61887,user_1792,it has a small  strap,3IJXV6UZ1ZC9WOR93PJDGZPQJJJIRQ,159.0,feeae9bd7f1336693a75e6d000e08290,bag,PartNet,669fe6ae83e64a544608027d921be76e,bag,PartNet,False,bag/PartNet/669fe6ae83e64a544608027d921be76e,bag/PartNet/feeae9bd7f1336693a75e6d000e08290,True,bag,bag,0,"['it', 'has', 'a', 'small', 'strap']",5,it has a small strap,train,train,train,train,"[1, 23, 24, 26, 111, 628, 2, 0, 0, 0, 0, 0, 0, 0, 0, 0, 0, 0]",strap
61888,user_156,It has no handles.,3TE3O8573215L3D7EMYLTJI9UPX2RE,26.0,61c9570c3d12e47cd061bb85232b3b01,bag,PartNet,4a67dccd91447cfa504721639e19f609,bag,PartNet,False,bag/PartNet/4a67dccd91447cfa504721639e19f609,bag/PartNet/61c9570c3d12e47cd061bb85232b3b01,False,bag,bag,0,"['it', 'has', 'no', 'handles']",4,it has no handles,train,train,train,train,"[1, 23, 24, 123, 18, 2, 0, 0, 0, 0, 0, 0, 0, 0, 0, 0, 0, 0]",strap
61889,user_588,The target has no handle.,33FOTY3KEOEUQG6SDL8CZ59I2F61CA,54.0,61c9570c3d12e47cd061bb85232b3b01,bag,PartNet,4a67dccd91447cfa504721639e19f609,bag,PartNet,False,bag/PartNet/4a67dccd91447cfa504721639e19f609,bag/PartNet/61c9570c3d12e47cd061bb85232b3b01,False,bag,bag,0,"['the', 'target', 'has', 'no', 'handle']",5,the target has no handle,train,train,train,train,"[1, 10, 11, 24, 123, 29, 2, 0, 0, 0, 0, 0, 0, 0, 0, 0, 0, 0]",strap
61892,user_1298,The are two handles,3NPI0JQDAQYETPR5K9ESPBRKTIUTP9,68.0,577bfb3d22deeb3af71e06115e9c3b3e,bag,PartNet,e450a063965ce182372d50f0ef237781,bag,ShapeNet,False,bag/ShapeNet/e450a063965ce182372d50f0ef237781,bag/PartNet/577bfb3d22deeb3af71e06115e9c3b3e,False,bag,bag,0,"['the', 'are', 'two', 'handles']",4,the are two handles,train,train,train,train,"[1, 10, 16, 17, 18, 2, 0, 0, 0, 0, 0, 0, 0, 0, 0, 0, 0, 0]",strap
61893,user_1424,The body of the bag is narrower,3P4MQ7TPPZ5CT9WE1I56UXG9667BB6,321.0,577bfb3d22deeb3af71e06115e9c3b3e,bag,PartNet,e450a063965ce182372d50f0ef237781,bag,ShapeNet,False,bag/ShapeNet/e450a063965ce182372d50f0ef237781,bag/PartNet/577bfb3d22deeb3af71e06115e9c3b3e,False,bag,bag,0,"['the', 'body', 'of', 'the', 'bag', 'is', 'narrow', '-er']",8,the body of the bag is narrow -er,train,train,train,train,"[1, 10, 45, 38, 10, 1909, 7, 210, 9, 2, 0, 0, 0, 0, 0, 0, 0, 0]",body
61902,user_1298,The width of the body is much smaller,3BDCF01OGZNKJQB12N8KGBAF3AAYL4,99.0,c3546b0830a79ea64be35abb02d18d44,bag,PartNet,e8039f73cf912ff5e8c69fd29511206a,bag,ShapeNet,False,bag/ShapeNet/e8039f73cf912ff5e8c69fd29511206a,bag/PartNet/c3546b0830a79ea64be35abb02d18d44,False,bag,bag,0,"['the', 'width', 'of', 'the', 'body', 'is', 'much', 'small', '-er']",9,the width of the body is much small -er,train,train,train,train,"[1, 10, 358, 38, 10, 45, 7, 59, 111, 9, 2, 0, 0, 0, 0, 0, 0, 0]",body
61907,user_203,It has backpack straps.,3WETL7AQWV151YBSLFZN9SI58JR53T,96.0,93ca5243aa73b5de81157c9325bb0e45,bag,ShapeNet,876114d9d568b250b3628215e327f7d4,bag,PartNet,False,bag/PartNet/876114d9d568b250b3628215e327f7d4,bag/ShapeNet/93ca5243aa73b5de81157c9325bb0e45,False,bag,bag,0,"['it', 'has', 'backpack', 'straps']",4,it has backpack straps,train,train,train,train,"[1, 23, 24, 3332, 716, 2, 0, 0, 0, 0, 0, 0, 0, 0, 0, 0, 0, 0]",strap
61909,user_156,Its handles are touching one another.,3LBXNTKX0TO0IJKI8UJSSOCB1COX9T,32.0,2970e5486815e72ccd99ccc7ff441abf,bag,ShapeNet,adfe9029a1ca723eb8966aeece708f87,bag,ShapeNet,False,bag/ShapeNet/adfe9029a1ca723eb8966aeece708f87,bag/ShapeNet/2970e5486815e72ccd99ccc7ff441abf,True,bag,bag,0,"['its', 'handles', 'are', 'touching', 'one', 'another']",6,its handles are touching one another,train,train,train,train,"[1, 5, 18, 16, 882, 19, 518, 2, 0, 0, 0, 0, 0, 0, 0, 0, 0, 0]",strap
61913,user_801,It has a round handle.,30OG32W0SW4C1LXVEZC5M0MOQTKNEV,148.0,61c9570c3d12e47cd061bb85232b3b01,bag,PartNet,83ab18386e87bf4efef598dabc93c115,bag,ShapeNet,False,bag/ShapeNet/83ab18386e87bf4efef598dabc93c115,bag/PartNet/61c9570c3d12e47cd061bb85232b3b01,True,bag,bag,0,"['it', 'has', 'a', 'round', 'handle']",5,it has a round handle,train,train,train,train,"[1, 23, 24, 26, 134, 29, 2, 0, 0, 0, 0, 0, 0, 0, 0, 0, 0, 0]",strap
61914,user_2044,It has one handle,39U1BHVTDNK7M0MIMBHLC8OJOMM3TR,39.0,61c9570c3d12e47cd061bb85232b3b01,bag,PartNet,83ab18386e87bf4efef598dabc93c115,bag,ShapeNet,False,bag/ShapeNet/83ab18386e87bf4efef598dabc93c115,bag/PartNet/61c9570c3d12e47cd061bb85232b3b01,True,bag,bag,0,"['it', 'has', 'one', 'handle']",4,it has one handle,train,train,train,train,"[1, 23, 24, 19, 29, 2, 0, 0, 0, 0, 0, 0, 0, 0, 0, 0, 0, 0]",strap
61916,user_948,It has a strap,33C7UALJVNRSEDGFW9S7XJDZCPC814,48.0,4a175db3a8cad99b5dd5ceb34f6e33d9,bag,ShapeNet,fdd6a114f831fad4a344805881e35292,bag,PartNet,False,bag/PartNet/fdd6a114f831fad4a344805881e35292,bag/ShapeNet/4a175db3a8cad99b5dd5ceb34f6e33d9,False,bag,bag,0,"['it', 'has', 'a', 'strap']",4,it has a strap,train,train,train,train,"[1, 23, 24, 26, 628, 2, 0, 0, 0, 0, 0, 0, 0, 0, 0, 0, 0, 0]",strap
61917,user_2063,The strap is long and narrow,3G5W44VEU9B9DT8JNHADUBQW9D8KGG,113.0,4a175db3a8cad99b5dd5ceb34f6e33d9,bag,ShapeNet,fdd6a114f831fad4a344805881e35292,bag,PartNet,False,bag/PartNet/fdd6a114f831fad4a344805881e35292,bag/ShapeNet/4a175db3a8cad99b5dd5ceb34f6e33d9,False,bag,bag,0,"['the', 'strap', 'is', 'long', 'and', 'narrow']",6,the strap is long and narrow,train,train,train,train,"[1, 10, 628, 7, 32, 47, 210, 2, 0, 0, 0, 0, 0, 0, 0, 0, 0, 0]",strap
61919,user_507,the target has a square handle instead of oval,31T4R4OBOU9812LU21PL0F0V55S7C7,56.0,8e3eb521577dddea7d2c1de1b4d2a6e4,bag,PartNet,5f3af8ff93de34c9e7922afdefd88b6e,bag,ShapeNet,False,bag/ShapeNet/5f3af8ff93de34c9e7922afdefd88b6e,bag/PartNet/8e3eb521577dddea7d2c1de1b4d2a6e4,True,bag,bag,0,"['the', 'target', 'has', 'a', 'square', 'handle', 'instead', 'of', 'oval']",9,the target has a square handle instead of oval,test,train,test,train,"[1, 10, 11, 24, 26, 50, 29, 97, 38, 130, 2, 0, 0, 0, 0, 0, 0, 0]",strap
61920,user_2044,Its handle is much shorter,3U4J9857OG4PRXTOO1TQPVUDNH8B7E,57.0,8e3eb521577dddea7d2c1de1b4d2a6e4,bag,PartNet,5f3af8ff93de34c9e7922afdefd88b6e,bag,ShapeNet,False,bag/ShapeNet/5f3af8ff93de34c9e7922afdefd88b6e,bag/PartNet/8e3eb521577dddea7d2c1de1b4d2a6e4,True,bag,bag,0,"['its', 'handle', 'is', 'much', 'short', '-er']",6,its handle is much short -er,test,train,test,train,"[1, 5, 29, 7, 59, 8, 9, 2, 0, 0, 0, 0, 0, 0, 0, 0, 0, 0]",strap
61925,user_757,It has ver thin handles,3K4J6M3CXGM31GZXBQXO0XN041RGAA,92.0,5654b9e3d9b62661ae0c7300d2b2cc1d,bag,PartNet,d7dff9ecaf5f063cb1eb0742a46d174e,bag,PartNet,False,bag/PartNet/d7dff9ecaf5f063cb1eb0742a46d174e,bag/PartNet/5654b9e3d9b62661ae0c7300d2b2cc1d,False,bag,bag,0,"['it', 'has', 'ver', 'thin', 'handles']",5,it has ver thin handles,train,train,train,train,"[1, 23, 24, 3359, 60, 18, 2, 0, 0, 0, 0, 0, 0, 0, 0, 0, 0, 0]",strap
61930,user_786,It has one semi-circular handle whose span is slightly greater than the top length,3EQHHY4HQUL6VANGGU67SM7ECO1G5H,125.0,adfe9029a1ca723eb8966aeece708f87,bag,ShapeNet,c3a5009c4867f7293c8d0fdfb1cc2535,bag,ShapeNet,False,bag/ShapeNet/c3a5009c4867f7293c8d0fdfb1cc2535,bag/ShapeNet/adfe9029a1ca723eb8966aeece708f87,True,bag,bag,0,"['it', 'has', 'one', 'semi', 'circular', 'handle', 'whose', 'span', 'is', 'slightly', 'great', '-er', 'than', 'the', 'top', 'length']",16,it has one semi circular handle whose span is slightly great -er than the top length,train,train,train,train,"[1, 23, 24, 19, 407, 102, 29, 872, 1907, 7, 174, 188, 9, 131, 10, 99, 155, 2]",strap
61931,user_2044,Its handle connects to the sides,3LOZAJ85YF6PIZZJNL4DI14XV5RX2C,475.0,adfe9029a1ca723eb8966aeece708f87,bag,ShapeNet,c3a5009c4867f7293c8d0fdfb1cc2535,bag,ShapeNet,False,bag/ShapeNet/c3a5009c4867f7293c8d0fdfb1cc2535,bag/ShapeNet/adfe9029a1ca723eb8966aeece708f87,True,bag,bag,0,"['its', 'handle', 'connects', 'to', 'the', 'sides']",6,its handle connects to the sides,train,train,train,train,"[1, 5, 29, 219, 58, 10, 360, 2, 0, 0, 0, 0, 0, 0, 0, 0, 0, 0]",strap
61932,user_2115,outside pockets,3X3OR7WPZ1T54KKJPJAQHYMDAVE8L7,46.0,adfe9029a1ca723eb8966aeece708f87,bag,ShapeNet,c3a5009c4867f7293c8d0fdfb1cc2535,bag,ShapeNet,True,bag/ShapeNet/c3a5009c4867f7293c8d0fdfb1cc2535,bag/ShapeNet/adfe9029a1ca723eb8966aeece708f87,True,bag,bag,0,"['outside', 'pockets']",2,outside pockets,train,train,train,train,"[1, 1636, 2930, 2, 0, 0, 0, 0, 0, 0, 0, 0, 0, 0, 0, 0, 0, 0]",body
61933,user_677,The targer has no straps,3LJ7UR74RJ6U9J02PT0SDEAXD3TN4Q,83.0,45f56ad8c0f4059323166544c0deb60f,bag,ShapeNet,54e27cf366f198db1a3b39b07e4b3d0f,bag,PartNet,False,bag/PartNet/54e27cf366f198db1a3b39b07e4b3d0f,bag/ShapeNet/45f56ad8c0f4059323166544c0deb60f,False,bag,bag,0,"['the', 'target', 'has', 'no', 'straps']",5,the target has no straps,train,train,train,train,"[1, 10, 11, 24, 123, 716, 2, 0, 0, 0, 0, 0, 0, 0, 0, 0, 0, 0]",strap
61935,user_2114,It doesnt have a handle,3R0T90IZ1U5RUVWVV4TF6SDO44YCGU,116.0,45f56ad8c0f4059323166544c0deb60f,bag,ShapeNet,54e27cf366f198db1a3b39b07e4b3d0f,bag,PartNet,False,bag/PartNet/54e27cf366f198db1a3b39b07e4b3d0f,bag/ShapeNet/45f56ad8c0f4059323166544c0deb60f,False,bag,bag,0,"['it', 'doesnt', 'have', 'a', 'handle']",5,it doesnt have a handle,train,train,train,train,"[1, 23, 798, 84, 26, 29, 2, 0, 0, 0, 0, 0, 0, 0, 0, 0, 0, 0]",strap
61937,user_1806,The straps are attached directly to the outer bag without hardware.,37UQDCYH6ZO40BRUTIKQQ7OKQC97V7,267.0,758dd5af7f18ed9acd99ccc7ff441abf,bag,ShapeNet,74c548ef3ca7b1987515e7bb7dba4019,bag,ShapeNet,False,bag/ShapeNet/74c548ef3ca7b1987515e7bb7dba4019,bag/ShapeNet/758dd5af7f18ed9acd99ccc7ff441abf,False,bag,bag,0,"['the', 'straps', 'are', 'attached', 'directly', 'to', 'the', 'outer', 'bag', 'without', 'hardware']",11,the straps are attached directly to the outer bag without hardware,train,train,train,train,"[1, 10, 716, 16, 115, 309, 58, 10, 973, 1909, 803, 1602, 2, 0, 0, 0, 0, 0]",strap
61938,user_2044,Its handles are taller,3E7TUJ2EGEFMKDF1HUIGYH9JLTM9DB,229.0,758dd5af7f18ed9acd99ccc7ff441abf,bag,ShapeNet,74c548ef3ca7b1987515e7bb7dba4019,bag,ShapeNet,False,bag/ShapeNet/74c548ef3ca7b1987515e7bb7dba4019,bag/ShapeNet/758dd5af7f18ed9acd99ccc7ff441abf,False,bag,bag,0,"['its', 'handles', 'are', 'tall', '-er']",5,its handles are tall -er,train,train,train,train,"[1, 5, 18, 16, 53, 9, 2, 0, 0, 0, 0, 0, 0, 0, 0, 0, 0, 0]",strap
61939,user_786,"It has two taller, very thin, string-like handles",3VSOLARPKD2O2LD4O5C4L8N7UI293M,153.0,7565e6f425dd6d376d987ae9a225629c,bag,ShapeNet,f297885d4918000ec8724d5673a063a6,bag,ShapeNet,False,bag/ShapeNet/f297885d4918000ec8724d5673a063a6,bag/ShapeNet/7565e6f425dd6d376d987ae9a225629c,True,bag,bag,0,"['it', 'has', 'two', 'tall', '-er', 'very', 'thin', 'string', 'like', 'handles']",10,it has two tall -er very thin string like handles,train,train,train,train,"[1, 23, 24, 17, 53, 9, 62, 60, 751, 35, 18, 2, 0, 0, 0, 0, 0, 0]",strap
61940,user_2002,The handles are much longer,3TVSS0C0E3T4DYO6WVSNH5ZGMFKWTU,81.0,7565e6f425dd6d376d987ae9a225629c,bag,ShapeNet,f297885d4918000ec8724d5673a063a6,bag,ShapeNet,False,bag/ShapeNet/f297885d4918000ec8724d5673a063a6,bag/ShapeNet/7565e6f425dd6d376d987ae9a225629c,True,bag,bag,0,"['the', 'handles', 'are', 'much', 'long', '-er']",6,the handles are much long -er,train,train,train,train,"[1, 10, 18, 16, 59, 32, 9, 2, 0, 0, 0, 0, 0, 0, 0, 0, 0, 0]",strap
61941,user_2044,Its handles are taller,3MHW492WW26NLEYHXOMF9PLALZ0MVP,259.0,7565e6f425dd6d376d987ae9a225629c,bag,ShapeNet,f297885d4918000ec8724d5673a063a6,bag,ShapeNet,False,bag/ShapeNet/f297885d4918000ec8724d5673a063a6,bag/ShapeNet/7565e6f425dd6d376d987ae9a225629c,True,bag,bag,0,"['its', 'handles', 'are', 'tall', '-er']",5,its handles are tall -er,train,train,train,train,"[1, 5, 18, 16, 53, 9, 2, 0, 0, 0, 0, 0, 0, 0, 0, 0, 0, 0]",strap
61945,user_1416,It has a taller body.,3ZQIG0FLQG9JQQSV1QS2INN1JZ9WVH,131.0,83ab18386e87bf4efef598dabc93c115,bag,ShapeNet,8bc53bae41a8105f5c7506815f553527,bag,ShapeNet,False,bag/ShapeNet/8bc53bae41a8105f5c7506815f553527,bag/ShapeNet/83ab18386e87bf4efef598dabc93c115,True,bag,bag,0,"['it', 'has', 'a', 'tall', '-er', 'body']",6,it has a tall -er body,train,train,train,train,"[1, 23, 24, 26, 53, 9, 45, 2, 0, 0, 0, 0, 0, 0, 0, 0, 0, 0]",body
61946,user_1894,It has a tall narrow body.,3WLEIWSYHQASW9Z4IHMRFFG37D92HL,144.0,83ab18386e87bf4efef598dabc93c115,bag,ShapeNet,8bc53bae41a8105f5c7506815f553527,bag,ShapeNet,False,bag/ShapeNet/8bc53bae41a8105f5c7506815f553527,bag/ShapeNet/83ab18386e87bf4efef598dabc93c115,True,bag,bag,0,"['it', 'has', 'a', 'tall', 'narrow', 'body']",6,it has a tall narrow body,train,train,train,train,"[1, 23, 24, 26, 53, 210, 45, 2, 0, 0, 0, 0, 0, 0, 0, 0, 0, 0]",body
61947,user_2044,It handle does not span its entire length,37WLF8U1WRJ7G0JDB41RIKD7F1JK6W,41.0,83ab18386e87bf4efef598dabc93c115,bag,ShapeNet,8bc53bae41a8105f5c7506815f553527,bag,ShapeNet,False,bag/ShapeNet/8bc53bae41a8105f5c7506815f553527,bag/ShapeNet/83ab18386e87bf4efef598dabc93c115,True,bag,bag,0,"['it', 'handle', 'does', 'not', 'span', 'its', 'entire', 'length']",8,it handle does not span its entire length,train,train,train,train,"[1, 23, 29, 39, 40, 1907, 5, 516, 155, 2, 0, 0, 0, 0, 0, 0, 0, 0]",strap
61948,user_156,Its handle is curved.,36AHBNMV1T51LEN9P6AWXY2AU3WDYV,46.0,68e4ba38895d820df6fec4b901a12701,bag,ShapeNet,45f56ad8c0f4059323166544c0deb60f,bag,ShapeNet,False,bag/ShapeNet/45f56ad8c0f4059323166544c0deb60f,bag/ShapeNet/68e4ba38895d820df6fec4b901a12701,False,bag,bag,0,"['its', 'handle', 'is', 'curved']",4,its handle is curved,train,train,train,train,"[1, 5, 29, 7, 51, 2, 0, 0, 0, 0, 0, 0, 0, 0, 0, 0, 0, 0]",strap
61950,user_2002,The handle is wider,39LNWE0K4WP1CGJQ7JEILACAQIWIU3,53.0,68e4ba38895d820df6fec4b901a12701,bag,ShapeNet,45f56ad8c0f4059323166544c0deb60f,bag,ShapeNet,False,bag/ShapeNet/45f56ad8c0f4059323166544c0deb60f,bag/ShapeNet/68e4ba38895d820df6fec4b901a12701,False,bag,bag,0,"['the', 'handle', 'is', 'wide', '-er']",5,the handle is wide -er,train,train,train,train,"[1, 10, 29, 7, 83, 9, 2, 0, 0, 0, 0, 0, 0, 0, 0, 0, 0, 0]",strap
61956,user_1796,There are 2 handles on the top.,3ZOTGHDK5K4VTP2PG9WNQ6Q8HUDSOV,70.0,9296663dcefe3f6d9830ee784de3bbf2,bag,PartNet,5ce403455e28451b76bb31db0358e9c6,bag,PartNet,False,bag/PartNet/5ce403455e28451b76bb31db0358e9c6,bag/PartNet/9296663dcefe3f6d9830ee784de3bbf2,False,bag,bag,0,"['there', 'are', 'two', 'handles', 'on', 'the', 'top']",7,there are two handles on the top,test,train,test,train,"[1, 15, 16, 17, 18, 20, 10, 99, 2, 0, 0, 0, 0, 0, 0, 0, 0, 0]",strap
61958,user_507,it has solid handles instead of open,3ZPPDN2SLXPRCJT1DPT04ZR4L7UE9K,49.0,1342fc4f613687f92569b963af585e33,bag,ShapeNet,a333a7047900101ffc854afc3ce25be,bag,PartNet,False,bag/PartNet/a333a7047900101ffc854afc3ce25be,bag/ShapeNet/1342fc4f613687f92569b963af585e33,False,bag,bag,0,"['it', 'has', 'solid', 'handles', 'instead', 'of', 'open']",7,it has solid handles instead of open,train,train,train,train,"[1, 23, 24, 291, 18, 97, 38, 312, 2, 0, 0, 0, 0, 0, 0, 0, 0, 0]",strap
61959,user_1396,The handles are solid,3ZAK8W07I67Q5L2A3TPCF6CE4RTU04,59.0,1342fc4f613687f92569b963af585e33,bag,ShapeNet,a333a7047900101ffc854afc3ce25be,bag,PartNet,True,bag/PartNet/a333a7047900101ffc854afc3ce25be,bag/ShapeNet/1342fc4f613687f92569b963af585e33,False,bag,bag,0,"['the', 'handles', 'are', 'solid']",4,the handles are solid,train,train,train,train,"[1, 10, 18, 16, 291, 2, 0, 0, 0, 0, 0, 0, 0, 0, 0, 0, 0, 0]",strap
61972,user_203,It has strap.,39U1BHVTDNK7M0MIMBHLC8OJOMF3TK,129.0,d5881d42567baaf5dc19a9901b7e9a4f,bag,ShapeNet,cd1e74f430acfaf0504721639e19f609,bag,ShapeNet,False,bag/ShapeNet/cd1e74f430acfaf0504721639e19f609,bag/ShapeNet/d5881d42567baaf5dc19a9901b7e9a4f,True,bag,bag,0,"['it', 'has', 'strap']",3,it has strap,train,train,train,train,"[1, 23, 24, 628, 2, 0, 0, 0, 0, 0, 0, 0, 0, 0, 0, 0, 0, 0]",strap
61973,user_1298,It has a strap,3NL0RFNU0HGT1DFZSG8CLMTTJ844KI,49.0,d5881d42567baaf5dc19a9901b7e9a4f,bag,ShapeNet,cd1e74f430acfaf0504721639e19f609,bag,ShapeNet,False,bag/ShapeNet/cd1e74f430acfaf0504721639e19f609,bag/ShapeNet/d5881d42567baaf5dc19a9901b7e9a4f,True,bag,bag,0,"['it', 'has', 'a', 'strap']",4,it has a strap,train,train,train,train,"[1, 23, 24, 26, 628, 2, 0, 0, 0, 0, 0, 0, 0, 0, 0, 0, 0, 0]",strap
61974,user_2115,it has a strap,3SKRO2GZ73KC9EIG5YPANOMQ7P31KD,111.0,d5881d42567baaf5dc19a9901b7e9a4f,bag,ShapeNet,cd1e74f430acfaf0504721639e19f609,bag,ShapeNet,False,bag/ShapeNet/cd1e74f430acfaf0504721639e19f609,bag/ShapeNet/d5881d42567baaf5dc19a9901b7e9a4f,True,bag,bag,0,"['it', 'has', 'a', 'strap']",4,it has a strap,train,train,train,train,"[1, 23, 24, 26, 628, 2, 0, 0, 0, 0, 0, 0, 0, 0, 0, 0, 0, 0]",strap
61976,user_1424,The bag has one very small handle in the centre at the top,3MB8LZR5BHMPZLMKY87T73V45UXKLP,310.0,4a175db3a8cad99b5dd5ceb34f6e33d9,bag,ShapeNet,577bfb3d22deeb3af71e06115e9c3b3e,bag,PartNet,False,bag/PartNet/577bfb3d22deeb3af71e06115e9c3b3e,bag/ShapeNet/4a175db3a8cad99b5dd5ceb34f6e33d9,False,bag,bag,0,"['the', 'bag', 'has', 'one', 'very', 'small', 'handle', 'in', 'the', 'centre', 'at', 'the', 'top']",13,the bag has one very small handle in the centre at the top,train,train,train,train,"[1, 10, 1909, 24, 19, 62, 111, 29, 90, 10, 1623, 98, 10, 99, 2, 0, 0, 0]",strap
61981,user_152,it has 2 short handles,3SPJ033423WEO0N1Z2W70WXNZLIJY0,257.0,876114d9d568b250b3628215e327f7d4,bag,PartNet,35c950ccd57d9cde3774dede79959b94,bag,PartNet,False,bag/PartNet/35c950ccd57d9cde3774dede79959b94,bag/PartNet/876114d9d568b250b3628215e327f7d4,False,bag,bag,0,"['it', 'has', 'two', 'short', 'handles']",5,it has two short handles,test,train,test,train,"[1, 23, 24, 17, 8, 18, 2, 0, 0, 0, 0, 0, 0, 0, 0, 0, 0, 0]",strap
61983,user_203,It does not have shoulder straps.,3PEIJLRY6VMBUFXQ15TK68KMZBYWX3,77.0,876114d9d568b250b3628215e327f7d4,bag,PartNet,35c950ccd57d9cde3774dede79959b94,bag,PartNet,False,bag/PartNet/35c950ccd57d9cde3774dede79959b94,bag/PartNet/876114d9d568b250b3628215e327f7d4,False,bag,bag,0,"['it', 'does', 'not', 'have', 'shoulder', 'straps']",6,it does not have shoulder straps,test,train,test,train,"[1, 23, 39, 40, 84, 1767, 716, 2, 0, 0, 0, 0, 0, 0, 0, 0, 0, 0]",strap
61985,user_1894,It has a long stiff rectangular handle.,3NG53N1RLXCVV5ZHHB3XYFVXF48P8D,76.0,f872a64810c123a47abde6405e4d8323,bag,ShapeNet,68b7ca73de30ad6df2197da8dec8488d,bag,ShapeNet,False,bag/ShapeNet/68b7ca73de30ad6df2197da8dec8488d,bag/ShapeNet/f872a64810c123a47abde6405e4d8323,False,bag,bag,0,"['it', 'has', 'a', 'long', 'stiff', 'rectangular', 'handle']",7,it has a long stiff rectangular handle,train,train,train,train,"[1, 23, 24, 26, 32, 2278, 128, 29, 2, 0, 0, 0, 0, 0, 0, 0, 0, 0]",strap
61988,user_787,It has thin straps,3QFUFYSY908ILRNLR5HF591OBCRF4V,48.0,d923ce406ab7303985907cb2b3be2209,bag,PartNet,d7e81ad000b90c26bc4ac3caf16ef65,bag,PartNet,False,bag/PartNet/d7e81ad000b90c26bc4ac3caf16ef65,bag/PartNet/d923ce406ab7303985907cb2b3be2209,False,bag,bag,0,"['it', 'has', 'thin', 'straps']",4,it has thin straps,train,train,train,train,"[1, 23, 24, 60, 716, 2, 0, 0, 0, 0, 0, 0, 0, 0, 0, 0, 0, 0]",strap
61989,user_923,It has two narrow straps,3UXUOQ9OKGQK8NOWINTUUKA75ZIA7D,100.0,d923ce406ab7303985907cb2b3be2209,bag,PartNet,d7e81ad000b90c26bc4ac3caf16ef65,bag,PartNet,True,bag/PartNet/d7e81ad000b90c26bc4ac3caf16ef65,bag/PartNet/d923ce406ab7303985907cb2b3be2209,False,bag,bag,0,"['it', 'has', 'two', 'narrow', 'straps']",5,it has two narrow straps,train,train,train,train,"[1, 23, 24, 17, 210, 716, 2, 0, 0, 0, 0, 0, 0, 0, 0, 0, 0, 0]",strap
61990,user_41,it has two handles,3X08E93BHXB0HLYO907Q818PE5466G,50.0,c4cb5bcb1a9399ae504721639e19f609,bag,ShapeNet,23d04b1d0e700f9674dc49346c29fd4d,bag,PartNet,False,bag/PartNet/23d04b1d0e700f9674dc49346c29fd4d,bag/ShapeNet/c4cb5bcb1a9399ae504721639e19f609,False,bag,bag,0,"['it', 'has', 'two', 'handles']",4,it has two handles,train,train,train,train,"[1, 23, 24, 17, 18, 2, 0, 0, 0, 0, 0, 0, 0, 0, 0, 0, 0, 0]",strap
61992,user_2063,It has two thin handles,3OWEPKL08B5RS6ILRRYZGQU745VN7M,65.0,c4cb5bcb1a9399ae504721639e19f609,bag,ShapeNet,23d04b1d0e700f9674dc49346c29fd4d,bag,PartNet,False,bag/PartNet/23d04b1d0e700f9674dc49346c29fd4d,bag/ShapeNet/c4cb5bcb1a9399ae504721639e19f609,False,bag,bag,0,"['it', 'has', 'two', 'thin', 'handles']",5,it has two thin handles,train,train,train,train,"[1, 23, 24, 17, 60, 18, 2, 0, 0, 0, 0, 0, 0, 0, 0, 0, 0, 0]",strap
61993,user_328,The target has more front pockets.,30BUDKLTXFO8BWRPAZGJSJM2Z7N5EO,447.0,c4cb5bcb1a9399ae504721639e19f609,bag,ShapeNet,ec1b9ac45597e4cd9318cfd6c0d37d9b,bag,PartNet,False,bag/PartNet/ec1b9ac45597e4cd9318cfd6c0d37d9b,bag/ShapeNet/c4cb5bcb1a9399ae504721639e19f609,True,bag,bag,0,"['the', 'target', 'has', 'more', 'front', 'pockets']",6,the target has more front pockets,train,train,train,train,"[1, 10, 11, 24, 34, 37, 2930, 2, 0, 0, 0, 0, 0, 0, 0, 0, 0, 0]",body
61994,user_505,Target has no handle on the top,32N49TQG3IBMJDPS0LWA0YQARHKAV0,47.0,c4cb5bcb1a9399ae504721639e19f609,bag,ShapeNet,ec1b9ac45597e4cd9318cfd6c0d37d9b,bag,PartNet,False,bag/PartNet/ec1b9ac45597e4cd9318cfd6c0d37d9b,bag/ShapeNet/c4cb5bcb1a9399ae504721639e19f609,True,bag,bag,0,"['target', 'has', 'no', 'handle', 'on', 'the', 'top']",7,target has no handle on the top,train,train,train,train,"[1, 11, 24, 123, 29, 20, 10, 99, 2, 0, 0, 0, 0, 0, 0, 0, 0, 0]",strap
61995,user_529,This target has two front pockets.,384PI804XUUAQ8A6EOUC05UQJR90SP,141.0,c4cb5bcb1a9399ae504721639e19f609,bag,ShapeNet,ec1b9ac45597e4cd9318cfd6c0d37d9b,bag,PartNet,False,bag/PartNet/ec1b9ac45597e4cd9318cfd6c0d37d9b,bag/ShapeNet/c4cb5bcb1a9399ae504721639e19f609,True,bag,bag,0,"['this', 'target', 'has', 'two', 'front', 'pockets']",6,this target has two front pockets,train,train,train,train,"[1, 301, 11, 24, 17, 37, 2930, 2, 0, 0, 0, 0, 0, 0, 0, 0, 0, 0]",body
61996,user_881,The handle is thinner in size.,31LM9EDVONLKC1JNS0NWJGZGV05NJ3,166.0,c3a5009c4867f7293c8d0fdfb1cc2535,bag,ShapeNet,88d375bc79ef32532e50abc7a1305908,bag,ShapeNet,False,bag/ShapeNet/88d375bc79ef32532e50abc7a1305908,bag/ShapeNet/c3a5009c4867f7293c8d0fdfb1cc2535,True,bag,bag,0,"['the', 'handle', 'is', 'thin', '-er', 'in', 'size']",7,the handle is thin -er in size,train,train,train,train,"[1, 10, 29, 7, 60, 9, 90, 377, 2, 0, 0, 0, 0, 0, 0, 0, 0, 0]",strap
61998,user_2115,body is difeerent,3CCZ6YKWR9CRG0082O0X05LR8BM95Z,103.0,c3a5009c4867f7293c8d0fdfb1cc2535,bag,ShapeNet,88d375bc79ef32532e50abc7a1305908,bag,ShapeNet,False,bag/ShapeNet/88d375bc79ef32532e50abc7a1305908,bag/ShapeNet/c3a5009c4867f7293c8d0fdfb1cc2535,True,bag,bag,0,"['body', 'is', 'different']",3,body is different,train,train,train,train,"[1, 45, 7, 306, 2, 0, 0, 0, 0, 0, 0, 0, 0, 0, 0, 0, 0, 0]",body
62001,user_1298,The body is wider,3018Q3ZVOKJUQ68BR1R0Z1176ARARP,46.0,8e3eb521577dddea7d2c1de1b4d2a6e4,bag,PartNet,5afca35479b347786f0abe366609662,bag,ShapeNet,False,bag/ShapeNet/5afca35479b347786f0abe366609662,bag/PartNet/8e3eb521577dddea7d2c1de1b4d2a6e4,True,bag,bag,0,"['the', 'body', 'is', 'wide', '-er']",5,the body is wide -er,train,train,train,train,"[1, 10, 45, 7, 83, 9, 2, 0, 0, 0, 0, 0, 0, 0, 0, 0, 0, 0]",body
62005,user_1298,There is no handle on the bad,3OUYGIZWR9RDDGUEM7QI50PFW6P0PU,93.0,669fe6ae83e64a544608027d921be76e,bag,PartNet,u6fcd385e-7198-45ac-8e5e-79619683b01e,bag,PartNet,False,bag/PartNet/u6fcd385e-7198-45ac-8e5e-79619683b01e,bag/PartNet/669fe6ae83e64a544608027d921be76e,False,bag,bag,0,"['there', 'is', 'no', 'handle', 'on', 'the', 'bad']",7,there is no handle on the bad,train,train,train,train,"[1, 15, 7, 123, 29, 20, 10, 2785, 2, 0, 0, 0, 0, 0, 0, 0, 0, 0]",strap
62006,user_1604,It doesn't have a handle.,3RWE2M8QWJ3DAVI16SDQ1BKKWTZ0ND,55.0,669fe6ae83e64a544608027d921be76e,bag,PartNet,u6fcd385e-7198-45ac-8e5e-79619683b01e,bag,PartNet,False,bag/PartNet/u6fcd385e-7198-45ac-8e5e-79619683b01e,bag/PartNet/669fe6ae83e64a544608027d921be76e,False,bag,bag,0,"['it', 'does', 'not', 'have', 'a', 'handle']",6,it does not have a handle,train,train,train,train,"[1, 23, 39, 40, 84, 26, 29, 2, 0, 0, 0, 0, 0, 0, 0, 0, 0, 0]",strap
62008,user_203,It has only one handle.,32RIADZISUXRPWS7XPHEC8K303XS45,66.0,dc0f03ff60628a16978cfd2f5138d5f5,bag,PartNet,54931ecfaf7c4e08302e608f9e1070d0,bag,PartNet,False,bag/PartNet/54931ecfaf7c4e08302e608f9e1070d0,bag/PartNet/dc0f03ff60628a16978cfd2f5138d5f5,False,bag,bag,0,"['it', 'has', 'only', 'one', 'handle']",5,it has only one handle,train,train,train,train,"[1, 23, 24, 133, 19, 29, 2, 0, 0, 0, 0, 0, 0, 0, 0, 0, 0, 0]",strap
62009,user_505,Target has only one handle,3VW04L3ZLVZQJF2GBAP68RYT8C4XXV,48.0,dc0f03ff60628a16978cfd2f5138d5f5,bag,PartNet,54931ecfaf7c4e08302e608f9e1070d0,bag,PartNet,False,bag/PartNet/54931ecfaf7c4e08302e608f9e1070d0,bag/PartNet/dc0f03ff60628a16978cfd2f5138d5f5,False,bag,bag,0,"['target', 'has', 'only', 'one', 'handle']",5,target has only one handle,train,train,train,train,"[1, 11, 24, 133, 19, 29, 2, 0, 0, 0, 0, 0, 0, 0, 0, 0, 0, 0]",strap
62012,user_1298,The body is completely round,3E337GFOLB1ALZTMKU2TM37039LNGY,66.0,6ca911066e1f7d32749d52b3e269018,bag,PartNet,ab624df270f2c5358bc9f09e7c72cc8a,bag,PartNet,False,bag/PartNet/ab624df270f2c5358bc9f09e7c72cc8a,bag/PartNet/6ca911066e1f7d32749d52b3e269018,False,bag,bag,0,"['the', 'body', 'is', 'completely', 'round']",5,the body is completely round,train,train,train,train,"[1, 10, 45, 7, 169, 134, 2, 0, 0, 0, 0, 0, 0, 0, 0, 0, 0, 0]",body
62014,user_786,It has two big straps on the back like a knapsack,3XIQGXAUME1W40WPTXL8ESL56JI7X3,151.0,20b4891228ecfb4876bb31db0358e9c6,bag,ShapeNet,c3546b0830a79ea64be35abb02d18d44,bag,PartNet,False,bag/PartNet/c3546b0830a79ea64be35abb02d18d44,bag/ShapeNet/20b4891228ecfb4876bb31db0358e9c6,False,bag,bag,0,"['it', 'has', 'two', 'big', 'straps', 'on', 'the', 'back', 'like', 'a', 'knapsack']",11,it has two big straps on the back like a knapsack,train,train,train,train,"[1, 23, 24, 17, 320, 716, 20, 10, 183, 35, 26, 3336, 2, 0, 0, 0, 0, 0]",strap
62015,user_1298,It has straps,3E47SOBEYSP5QM2QLSTIR4Q4JHYIC0,34.0,20b4891228ecfb4876bb31db0358e9c6,bag,ShapeNet,c3546b0830a79ea64be35abb02d18d44,bag,PartNet,False,bag/PartNet/c3546b0830a79ea64be35abb02d18d44,bag/ShapeNet/20b4891228ecfb4876bb31db0358e9c6,False,bag,bag,0,"['it', 'has', 'straps']",3,it has straps,train,train,train,train,"[1, 23, 24, 716, 2, 0, 0, 0, 0, 0, 0, 0, 0, 0, 0, 0, 0, 0]",strap
62016,user_2063,It has two straps that are visible,3BEFOD78W8MOR1F2DSLS0ZLX8EQM4Y,99.0,20b4891228ecfb4876bb31db0358e9c6,bag,ShapeNet,c3546b0830a79ea64be35abb02d18d44,bag,PartNet,False,bag/PartNet/c3546b0830a79ea64be35abb02d18d44,bag/ShapeNet/20b4891228ecfb4876bb31db0358e9c6,False,bag,bag,0,"['it', 'has', 'two', 'straps', 'that', 'are', 'visible']",7,it has two straps that are visible,train,train,train,train,"[1, 23, 24, 17, 716, 172, 16, 185, 2, 0, 0, 0, 0, 0, 0, 0, 0, 0]",strap
62018,user_1245,It does not have rounded handles.,3HYA4D452TC8ID8YNRYRCU4QRYMF2Q,161.0,d331a7bbfb0e7301e858db1dc3499392,bag,ShapeNet,5654b9e3d9b62661ae0c7300d2b2cc1d,bag,PartNet,False,bag/PartNet/5654b9e3d9b62661ae0c7300d2b2cc1d,bag/ShapeNet/d331a7bbfb0e7301e858db1dc3499392,False,bag,bag,0,"['it', 'does', 'not', 'have', 'rounded', 'handles']",6,it does not have rounded handles,train,train,train,train,"[1, 23, 39, 40, 84, 48, 18, 2, 0, 0, 0, 0, 0, 0, 0, 0, 0, 0]",strap
62019,user_1298,The height of the body is much taller,3BQU611VFRDAHN2K5EDECLQTU7B99W,121.0,d331a7bbfb0e7301e858db1dc3499392,bag,ShapeNet,5654b9e3d9b62661ae0c7300d2b2cc1d,bag,PartNet,False,bag/PartNet/5654b9e3d9b62661ae0c7300d2b2cc1d,bag/ShapeNet/d331a7bbfb0e7301e858db1dc3499392,False,bag,bag,0,"['the', 'height', 'of', 'the', 'body', 'is', 'much', 'tall', '-er']",9,the height of the body is much tall -er,train,train,train,train,"[1, 10, 117, 38, 10, 45, 7, 59, 53, 9, 2, 0, 0, 0, 0, 0, 0, 0]",body
62020,user_12,"There is only one handle, not two and it is thinner.",3N8OEVH1FTJGVXAW9SFE61G7K48OOQ,104.0,adfe9029a1ca723eb8966aeece708f87,bag,ShapeNet,fdd6a114f831fad4a344805881e35292,bag,PartNet,False,bag/PartNet/fdd6a114f831fad4a344805881e35292,bag/ShapeNet/adfe9029a1ca723eb8966aeece708f87,True,bag,bag,0,"['there', 'is', 'only', 'one', 'handle', 'not', 'two', 'and', 'it', 'is', 'thin', '-er']",12,there is only one handle not two and it is thin -er,train,train,train,train,"[1, 15, 7, 133, 19, 29, 40, 17, 47, 23, 7, 60, 9, 2, 0, 0, 0, 0]",strap
62021,user_677,The strap is taller.,39LNWE0K4WP1CGJQ7JEILACAQHDIUI,412.0,adfe9029a1ca723eb8966aeece708f87,bag,ShapeNet,fdd6a114f831fad4a344805881e35292,bag,PartNet,False,bag/PartNet/fdd6a114f831fad4a344805881e35292,bag/ShapeNet/adfe9029a1ca723eb8966aeece708f87,True,bag,bag,0,"['the', 'strap', 'is', 'tall', '-er']",5,the strap is tall -er,train,train,train,train,"[1, 10, 628, 7, 53, 9, 2, 0, 0, 0, 0, 0, 0, 0, 0, 0, 0, 0]",strap
62022,user_2115,it has a long handle,3R6P78PK7M48GCY6HQO5V2DSSRJTGH,73.0,adfe9029a1ca723eb8966aeece708f87,bag,ShapeNet,fdd6a114f831fad4a344805881e35292,bag,PartNet,True,bag/PartNet/fdd6a114f831fad4a344805881e35292,bag/ShapeNet/adfe9029a1ca723eb8966aeece708f87,True,bag,bag,0,"['it', 'has', 'a', 'long', 'handle']",5,it has a long handle,train,train,train,train,"[1, 23, 24, 26, 32, 29, 2, 0, 0, 0, 0, 0, 0, 0, 0, 0, 0, 0]",strap
62026,user_238,it has a different handle,3WYP994K19K2058UFJ2IRSSIDFEY6P,976.0,d9015890f9691fd593daa1a1c18444ab,bag,ShapeNet,758dd5af7f18ed9acd99ccc7ff441abf,bag,ShapeNet,False,bag/ShapeNet/758dd5af7f18ed9acd99ccc7ff441abf,bag/ShapeNet/d9015890f9691fd593daa1a1c18444ab,False,bag,bag,0,"['it', 'has', 'a', 'different', 'handle']",5,it has a different handle,train,train,train,train,"[1, 23, 24, 26, 306, 29, 2, 0, 0, 0, 0, 0, 0, 0, 0, 0, 0, 0]",strap
62027,user_786,It has two handles instead of one,3UJ1CZ6IZJI9LFW7BU0OH0QH0Z55S0,123.0,d9015890f9691fd593daa1a1c18444ab,bag,ShapeNet,758dd5af7f18ed9acd99ccc7ff441abf,bag,ShapeNet,False,bag/ShapeNet/758dd5af7f18ed9acd99ccc7ff441abf,bag/ShapeNet/d9015890f9691fd593daa1a1c18444ab,False,bag,bag,0,"['it', 'has', 'two', 'handles', 'instead', 'of', 'one']",7,it has two handles instead of one,train,train,train,train,"[1, 23, 24, 17, 18, 97, 38, 19, 2, 0, 0, 0, 0, 0, 0, 0, 0, 0]",strap
62028,user_1139,It has two handles,3L70J4KAZIF0PWP690WGUCK3RBBDA1,72.0,d9015890f9691fd593daa1a1c18444ab,bag,ShapeNet,758dd5af7f18ed9acd99ccc7ff441abf,bag,ShapeNet,False,bag/ShapeNet/758dd5af7f18ed9acd99ccc7ff441abf,bag/ShapeNet/d9015890f9691fd593daa1a1c18444ab,False,bag,bag,0,"['it', 'has', 'two', 'handles']",4,it has two handles,train,train,train,train,"[1, 23, 24, 17, 18, 2, 0, 0, 0, 0, 0, 0, 0, 0, 0, 0, 0, 0]",strap
62032,user_149,Shorter shoulder strap.,38F5OAUN5P5ZIAWAOT3MB6XBIU1H7O,100.0,fdd6a114f831fad4a344805881e35292,bag,PartNet,e90e27c3020d25dd76bb31db0358e9c6,bag,ShapeNet,False,bag/ShapeNet/e90e27c3020d25dd76bb31db0358e9c6,bag/PartNet/fdd6a114f831fad4a344805881e35292,True,bag,bag,0,"['short', '-er', 'shoulder', 'strap']",4,short -er shoulder strap,train,train,train,train,"[1, 8, 9, 1767, 628, 2, 0, 0, 0, 0, 0, 0, 0, 0, 0, 0, 0, 0]",strap
62034,user_1298,The body is more modern,3OVHNO1VE8U1Q4XELSCFB5BC0U6DZM,56.0,fdd6a114f831fad4a344805881e35292,bag,PartNet,e90e27c3020d25dd76bb31db0358e9c6,bag,ShapeNet,False,bag/ShapeNet/e90e27c3020d25dd76bb31db0358e9c6,bag/PartNet/fdd6a114f831fad4a344805881e35292,True,bag,bag,0,"['the', 'body', 'is', 'more', 'modern']",5,the body is more modern,train,train,train,train,"[1, 10, 45, 7, 34, 458, 2, 0, 0, 0, 0, 0, 0, 0, 0, 0, 0, 0]",body
62035,user_786,It has big handles whose total height is about 80% of the bag height,3JWH6J9I9U6EUILB48AFLSG3NVUNBG,162.0,30bf69aa24dbb3fc9de193e488fc4dce,bag,ShapeNet,1b9ef45fefefa35ed13f430b2941481,bag,ShapeNet,False,bag/ShapeNet/1b9ef45fefefa35ed13f430b2941481,bag/ShapeNet/30bf69aa24dbb3fc9de193e488fc4dce,True,bag,bag,0,"['it', 'has', 'big', 'handles', 'whose', 'total', 'height', 'is', 'about', '80', 'of', 'the', 'bag', 'height']",14,it has big handles whose total height is about 80 of the bag height,val,train,val,train,"[1, 23, 24, 320, 18, 872, 1106, 117, 7, 519, 5606, 38, 10, 1909, 117, 2, 0, 0]",strap
62036,user_1161,The target handles are attached to the outside of the bag.,3ATTHHXXWCHTTKDLCOP55HBEKZFIXV,266.0,30bf69aa24dbb3fc9de193e488fc4dce,bag,ShapeNet,1b9ef45fefefa35ed13f430b2941481,bag,ShapeNet,False,bag/ShapeNet/1b9ef45fefefa35ed13f430b2941481,bag/ShapeNet/30bf69aa24dbb3fc9de193e488fc4dce,True,bag,bag,0,"['the', 'target', 'handles', 'are', 'attached', 'to', 'the', 'outside', 'of', 'the', 'bag']",11,the target handles are attached to the outside of the bag,val,train,val,train,"[1, 10, 11, 18, 16, 115, 58, 10, 1636, 38, 10, 1909, 2, 0, 0, 0, 0, 0]",strap
62037,user_2044,Its handles are thicker,3I33IC7ZWHVDMMRQCBCZYTTZUKGA2J,37.0,30bf69aa24dbb3fc9de193e488fc4dce,bag,ShapeNet,1b9ef45fefefa35ed13f430b2941481,bag,ShapeNet,False,bag/ShapeNet/1b9ef45fefefa35ed13f430b2941481,bag/ShapeNet/30bf69aa24dbb3fc9de193e488fc4dce,True,bag,bag,0,"['its', 'handles', 'are', 'thick', '-er']",5,its handles are thick -er,val,train,val,train,"[1, 5, 18, 16, 54, 9, 2, 0, 0, 0, 0, 0, 0, 0, 0, 0, 0, 0]",strap
62042,user_1689,The target has thinner handles.,35DR22AR5FDE3HV2RLII1B9P1H5X3X,212.0,c3a5009c4867f7293c8d0fdfb1cc2535,bag,ShapeNet,61c9570c3d12e47cd061bb85232b3b01,bag,PartNet,False,bag/PartNet/61c9570c3d12e47cd061bb85232b3b01,bag/ShapeNet/c3a5009c4867f7293c8d0fdfb1cc2535,False,bag,bag,0,"['the', 'target', 'has', 'thin', '-er', 'handles']",6,the target has thin -er handles,train,train,train,train,"[1, 10, 11, 24, 60, 9, 18, 2, 0, 0, 0, 0, 0, 0, 0, 0, 0, 0]",strap
62043,user_2005,it has two triangle shaped handles,3OCHAWUVGQDKZF39CRAHIXQRC4YKX4,100.0,c3a5009c4867f7293c8d0fdfb1cc2535,bag,ShapeNet,61c9570c3d12e47cd061bb85232b3b01,bag,PartNet,False,bag/PartNet/61c9570c3d12e47cd061bb85232b3b01,bag/ShapeNet/c3a5009c4867f7293c8d0fdfb1cc2535,False,bag,bag,0,"['it', 'has', 'two', 'triangle', 'shaped', 'handles']",6,it has two triangle shaped handles,train,train,train,train,"[1, 23, 24, 17, 608, 14, 18, 2, 0, 0, 0, 0, 0, 0, 0, 0, 0, 0]",strap
62044,user_156,It has two handles.,34BBWHLWHC4E4K8V2JTJ3YX7B03IW2,30.0,669fe6ae83e64a544608027d921be76e,bag,PartNet,b1234d3adf9e476e9432386574f02229,bag,ShapeNet,False,bag/ShapeNet/b1234d3adf9e476e9432386574f02229,bag/PartNet/669fe6ae83e64a544608027d921be76e,False,bag,bag,0,"['it', 'has', 'two', 'handles']",4,it has two handles,train,train,train,train,"[1, 23, 24, 17, 18, 2, 0, 0, 0, 0, 0, 0, 0, 0, 0, 0, 0, 0]",strap
62045,user_549,"The bag has two, thin handles.",3ZDAD0O1T36J2YTW60O9JODNVMATXE,54.0,669fe6ae83e64a544608027d921be76e,bag,PartNet,b1234d3adf9e476e9432386574f02229,bag,ShapeNet,False,bag/ShapeNet/b1234d3adf9e476e9432386574f02229,bag/PartNet/669fe6ae83e64a544608027d921be76e,False,bag,bag,0,"['the', 'bag', 'has', 'two', 'thin', 'handles']",6,the bag has two thin handles,train,train,train,train,"[1, 10, 1909, 24, 17, 60, 18, 2, 0, 0, 0, 0, 0, 0, 0, 0, 0, 0]",strap
62056,user_203,The body is tapered.,3BGYGHDBBZDOHJWMZWJKSBA1IV122F,137.0,7565e6f425dd6d376d987ae9a225629c,bag,ShapeNet,93ca5243aa73b5de81157c9325bb0e45,bag,ShapeNet,False,bag/ShapeNet/93ca5243aa73b5de81157c9325bb0e45,bag/ShapeNet/7565e6f425dd6d376d987ae9a225629c,True,bag,bag,0,"['the', 'body', 'is', 'tapered']",4,the body is tapered,train,train,train,train,"[1, 10, 45, 7, 352, 2, 0, 0, 0, 0, 0, 0, 0, 0, 0, 0, 0, 0]",body
62057,user_1298,The handles are smaller,3MRNMEIQW7ZHLFGA6RL63Q0ELLKDLP,39.0,7565e6f425dd6d376d987ae9a225629c,bag,ShapeNet,93ca5243aa73b5de81157c9325bb0e45,bag,ShapeNet,False,bag/ShapeNet/93ca5243aa73b5de81157c9325bb0e45,bag/ShapeNet/7565e6f425dd6d376d987ae9a225629c,True,bag,bag,0,"['the', 'handles', 'are', 'small', '-er']",5,the handles are small -er,train,train,train,train,"[1, 10, 18, 16, 111, 9, 2, 0, 0, 0, 0, 0, 0, 0, 0, 0, 0, 0]",strap
62058,user_2005,the body has a cone shape,3AMW0RGHOFVGYCMLNDSGGCLS40TNPN,84.0,7565e6f425dd6d376d987ae9a225629c,bag,ShapeNet,93ca5243aa73b5de81157c9325bb0e45,bag,ShapeNet,False,bag/ShapeNet/93ca5243aa73b5de81157c9325bb0e45,bag/ShapeNet/7565e6f425dd6d376d987ae9a225629c,True,bag,bag,0,"['the', 'body', 'has', 'a', 'cone', 'shape']",6,the body has a cone shape,train,train,train,train,"[1, 10, 45, 24, 26, 143, 93, 2, 0, 0, 0, 0, 0, 0, 0, 0, 0, 0]",body
62062,user_786,Its two top handles are semi-circular at the very top instead of rectangular,3KYQYYSHYX0PR0J7JJ1YV748GRBOD5,227.0,a55b721ea5a29d7f639ff561fa3f5bac,bag,ShapeNet,c5285f62ab36c0b84a001c5cd830d507,bag,PartNet,False,bag/PartNet/c5285f62ab36c0b84a001c5cd830d507,bag/ShapeNet/a55b721ea5a29d7f639ff561fa3f5bac,False,bag,bag,0,"['its', 'two', 'top', 'handles', 'are', 'semi', 'circular', 'at', 'the', 'very', 'top', 'instead', 'of', 'rectangular']",14,its two top handles are semi circular at the very top instead of rectangular,train,train,train,train,"[1, 5, 17, 99, 18, 16, 407, 102, 98, 10, 62, 99, 97, 38, 128, 2, 0, 0]",strap
62063,user_1577,Has a triangular handle,3QFUFYSY908ILRNLR5HF591OBDT4FO,170.0,a55b721ea5a29d7f639ff561fa3f5bac,bag,ShapeNet,c5285f62ab36c0b84a001c5cd830d507,bag,PartNet,False,bag/PartNet/c5285f62ab36c0b84a001c5cd830d507,bag/ShapeNet/a55b721ea5a29d7f639ff561fa3f5bac,False,bag,bag,0,"['has', 'a', 'triangular', 'handle']",4,has a triangular handle,train,train,train,train,"[1, 24, 26, 564, 29, 2, 0, 0, 0, 0, 0, 0, 0, 0, 0, 0, 0, 0]",strap
62066,user_156,It has one handle.,3VP0C6EFSIP26OJGWGE7XX5B47TM6K,46.0,adfe9029a1ca723eb8966aeece708f87,bag,ShapeNet,2022610a5d1a8455abc49cae1a831a9e,bag,ShapeNet,False,bag/ShapeNet/2022610a5d1a8455abc49cae1a831a9e,bag/ShapeNet/adfe9029a1ca723eb8966aeece708f87,True,bag,bag,0,"['it', 'has', 'one', 'handle']",4,it has one handle,train,train,train,train,"[1, 23, 24, 19, 29, 2, 0, 0, 0, 0, 0, 0, 0, 0, 0, 0, 0, 0]",strap
62070,user_2115,it has a different body,3T3IWE1XG8GZT1SKKMTHPGHUYEJTQ3,52.0,71ead7f072106c63ed13f430b2941481,bag,ShapeNet,4a1f62dbe8b091eabc49cae1a831a9e,bag,ShapeNet,False,bag/ShapeNet/4a1f62dbe8b091eabc49cae1a831a9e,bag/ShapeNet/71ead7f072106c63ed13f430b2941481,False,bag,bag,0,"['it', 'has', 'a', 'different', 'body']",5,it has a different body,train,train,train,train,"[1, 23, 24, 26, 306, 45, 2, 0, 0, 0, 0, 0, 0, 0, 0, 0, 0, 0]",body
62072,user_786,It has a much wider handle,3F0BG9B9MRGL45MZYT7AX6SE8QAY70,92.0,151d033af5381fd4c1e1e64c8ea306ea,bag,ShapeNet,11d831e89c65adeddeb12bc39b9090ab,bag,PartNet,False,bag/PartNet/11d831e89c65adeddeb12bc39b9090ab,bag/ShapeNet/151d033af5381fd4c1e1e64c8ea306ea,True,bag,bag,0,"['it', 'has', 'a', 'much', 'wide', '-er', 'handle']",7,it has a much wide -er handle,train,train,train,train,"[1, 23, 24, 26, 59, 83, 9, 29, 2, 0, 0, 0, 0, 0, 0, 0, 0, 0]",strap
62073,user_1298,The strap is larger,33C7UALJVNRSEDGFW9S7XJDZCO118K,48.0,151d033af5381fd4c1e1e64c8ea306ea,bag,ShapeNet,11d831e89c65adeddeb12bc39b9090ab,bag,PartNet,False,bag/PartNet/11d831e89c65adeddeb12bc39b9090ab,bag/ShapeNet/151d033af5381fd4c1e1e64c8ea306ea,True,bag,bag,0,"['the', 'strap', 'is', 'large', '-er']",5,the strap is large -er,train,train,train,train,"[1, 10, 628, 7, 94, 9, 2, 0, 0, 0, 0, 0, 0, 0, 0, 0, 0, 0]",strap
62075,user_1298,The height of the body is taller,3YDGXNSEO1N96CDYJRB9VHK2O9F84A,54.0,6881468dd51c214922022e93ae2b2b5b,bag,ShapeNet,abba6df6294f20c569ea850160c0b35,bag,ShapeNet,False,bag/ShapeNet/abba6df6294f20c569ea850160c0b35,bag/ShapeNet/6881468dd51c214922022e93ae2b2b5b,False,bag,bag,0,"['the', 'height', 'of', 'the', 'body', 'is', 'tall', '-er']",8,the height of the body is tall -er,test,train,test,train,"[1, 10, 117, 38, 10, 45, 7, 53, 9, 2, 0, 0, 0, 0, 0, 0, 0, 0]",body
62076,user_2115,the handles are short,3CPLWGV3MQSV6P6E6OWJUMLDZWSN99,69.0,6881468dd51c214922022e93ae2b2b5b,bag,ShapeNet,abba6df6294f20c569ea850160c0b35,bag,ShapeNet,False,bag/ShapeNet/abba6df6294f20c569ea850160c0b35,bag/ShapeNet/6881468dd51c214922022e93ae2b2b5b,False,bag,bag,0,"['the', 'handles', 'are', 'short']",4,the handles are short,test,train,test,train,"[1, 10, 18, 16, 8, 2, 0, 0, 0, 0, 0, 0, 0, 0, 0, 0, 0, 0]",strap
62077,user_238,the handle is much smaller,3MTMREQS4XBZY2PXQV16M09OYQ4AWS,83.0,581af450a3a8009abc49cae1a831a9e,bag,ShapeNet,bdd8f97110e50efbfdc945e188300ad,bag,PartNet,False,bag/PartNet/bdd8f97110e50efbfdc945e188300ad,bag/ShapeNet/581af450a3a8009abc49cae1a831a9e,False,bag,bag,0,"['the', 'handle', 'is', 'much', 'small', '-er']",6,the handle is much small -er,test,train,test,train,"[1, 10, 29, 7, 59, 111, 9, 2, 0, 0, 0, 0, 0, 0, 0, 0, 0, 0]",strap
62079,user_1298,The body is much larger,3QL2OFSM98BX4NDHI86AWCML5G0NCT,41.0,581af450a3a8009abc49cae1a831a9e,bag,ShapeNet,bdd8f97110e50efbfdc945e188300ad,bag,PartNet,False,bag/PartNet/bdd8f97110e50efbfdc945e188300ad,bag/ShapeNet/581af450a3a8009abc49cae1a831a9e,False,bag,bag,0,"['the', 'body', 'is', 'much', 'large', '-er']",6,the body is much large -er,test,train,test,train,"[1, 10, 45, 7, 59, 94, 9, 2, 0, 0, 0, 0, 0, 0, 0, 0, 0, 0]",body
62080,user_677,The target has handles.,3U4J9857OG4PRXTOO1TQPVUDNGS7BS,109.0,e0eb0b7925869326aa7b926be24dab3d,bag,ShapeNet,ca99439f802c0a866fa19c90652e38e,bag,PartNet,False,bag/PartNet/ca99439f802c0a866fa19c90652e38e,bag/ShapeNet/e0eb0b7925869326aa7b926be24dab3d,False,bag,bag,0,"['the', 'target', 'has', 'handles']",4,the target has handles,val,train,val,train,"[1, 10, 11, 24, 18, 2, 0, 0, 0, 0, 0, 0, 0, 0, 0, 0, 0, 0]",strap
62081,user_739,It has handles,3TAYZSBPLN1HMIDKTBYQJTN5GOGS2M,161.0,e0eb0b7925869326aa7b926be24dab3d,bag,ShapeNet,ca99439f802c0a866fa19c90652e38e,bag,PartNet,False,bag/PartNet/ca99439f802c0a866fa19c90652e38e,bag/ShapeNet/e0eb0b7925869326aa7b926be24dab3d,False,bag,bag,0,"['it', 'has', 'handles']",3,it has handles,val,train,val,train,"[1, 23, 24, 18, 2, 0, 0, 0, 0, 0, 0, 0, 0, 0, 0, 0, 0, 0]",strap
62082,user_2002,It has handles,3JBT3HLQFAVAF104Q13ABZS1ED0ZPD,90.0,e0eb0b7925869326aa7b926be24dab3d,bag,ShapeNet,ca99439f802c0a866fa19c90652e38e,bag,PartNet,False,bag/PartNet/ca99439f802c0a866fa19c90652e38e,bag/ShapeNet/e0eb0b7925869326aa7b926be24dab3d,False,bag,bag,0,"['it', 'has', 'handles']",3,it has handles,val,train,val,train,"[1, 23, 24, 18, 2, 0, 0, 0, 0, 0, 0, 0, 0, 0, 0, 0, 0, 0]",strap
62083,user_203,It has only one handle.,34S6N1K2ZXCYXVLCSN4WUBFCDE6LH1,260.0,30bf69aa24dbb3fc9de193e488fc4dce,bag,ShapeNet,feeae9bd7f1336693a75e6d000e08290,bag,PartNet,False,bag/PartNet/feeae9bd7f1336693a75e6d000e08290,bag/ShapeNet/30bf69aa24dbb3fc9de193e488fc4dce,False,bag,bag,0,"['it', 'has', 'only', 'one', 'handle']",5,it has only one handle,train,train,train,train,"[1, 23, 24, 133, 19, 29, 2, 0, 0, 0, 0, 0, 0, 0, 0, 0, 0, 0]",strap
62085,user_2044,Its handle is tall and squared at the top,3OE22WJIGKHETE79KRJRUC3WHS6UQB,44.0,30bf69aa24dbb3fc9de193e488fc4dce,bag,ShapeNet,feeae9bd7f1336693a75e6d000e08290,bag,PartNet,False,bag/PartNet/feeae9bd7f1336693a75e6d000e08290,bag/ShapeNet/30bf69aa24dbb3fc9de193e488fc4dce,False,bag,bag,0,"['its', 'handle', 'is', 'tall', 'and', 'squared', 'at', 'the', 'top']",9,its handle is tall and squared at the top,train,train,train,train,"[1, 5, 29, 7, 53, 47, 427, 98, 10, 99, 2, 0, 0, 0, 0, 0, 0, 0]",strap
62092,user_156,It does not have handles.,3NG53N1RLXCVV5ZHHB3XYFVXF7UP85,32.0,39381a2718d2a1d4d5f008f38a566dee,bag,ShapeNet,9042addf05ddc7d3be15cb713d84cd3d,bag,PartNet,False,bag/PartNet/9042addf05ddc7d3be15cb713d84cd3d,bag/ShapeNet/39381a2718d2a1d4d5f008f38a566dee,True,bag,bag,0,"['it', 'does', 'not', 'have', 'handles']",5,it does not have handles,test,train,test,train,"[1, 23, 39, 40, 84, 18, 2, 0, 0, 0, 0, 0, 0, 0, 0, 0, 0, 0]",strap
62095,user_156,It has two handles.,3ITXP059PYCHSEBS0W4IIA9MI22JS6,30.0,c4cb5bcb1a9399ae504721639e19f609,bag,ShapeNet,cbc2328cadf8dc573394926146371698,bag,ShapeNet,False,bag/ShapeNet/cbc2328cadf8dc573394926146371698,bag/ShapeNet/c4cb5bcb1a9399ae504721639e19f609,True,bag,bag,0,"['it', 'has', 'two', 'handles']",4,it has two handles,train,train,train,train,"[1, 23, 24, 17, 18, 2, 0, 0, 0, 0, 0, 0, 0, 0, 0, 0, 0, 0]",strap
62096,user_203,It has more handles.,3P4RDNWND7ZSY08WVKA4E83Z929IJI,96.0,c4cb5bcb1a9399ae504721639e19f609,bag,ShapeNet,cbc2328cadf8dc573394926146371698,bag,ShapeNet,False,bag/ShapeNet/cbc2328cadf8dc573394926146371698,bag/ShapeNet/c4cb5bcb1a9399ae504721639e19f609,True,bag,bag,0,"['it', 'has', 'more', 'handles']",4,it has more handles,train,train,train,train,"[1, 23, 24, 34, 18, 2, 0, 0, 0, 0, 0, 0, 0, 0, 0, 0, 0, 0]",strap
62097,user_2044,It has two pockets on the outside,3Z2R0DQ0JJ7GCZ82SGELUCJQFYYE20,83.0,c4cb5bcb1a9399ae504721639e19f609,bag,ShapeNet,cbc2328cadf8dc573394926146371698,bag,ShapeNet,False,bag/ShapeNet/cbc2328cadf8dc573394926146371698,bag/ShapeNet/c4cb5bcb1a9399ae504721639e19f609,True,bag,bag,0,"['it', 'has', 'two', 'pockets', 'on', 'the', 'outside']",7,it has two pockets on the outside,train,train,train,train,"[1, 23, 24, 17, 2930, 20, 10, 1636, 2, 0, 0, 0, 0, 0, 0, 0, 0, 0]",body
62098,user_156,It has two handles.,3RWE2M8QWJ3DAVI16SDQ1BKKWUKN0N,36.0,bb6eba59b185e6bce8a1430c80ad4e85,bag,PartNet,cbc2328cadf8dc573394926146371698,bag,ShapeNet,False,bag/ShapeNet/cbc2328cadf8dc573394926146371698,bag/PartNet/bb6eba59b185e6bce8a1430c80ad4e85,False,bag,bag,0,"['it', 'has', 'two', 'handles']",4,it has two handles,train,train,train,train,"[1, 23, 24, 17, 18, 2, 0, 0, 0, 0, 0, 0, 0, 0, 0, 0, 0, 0]",strap
62099,user_203,It has two handles.,3X0H8UUIT3H3YYBR7VNX703UKWWSWR,74.0,bb6eba59b185e6bce8a1430c80ad4e85,bag,PartNet,cbc2328cadf8dc573394926146371698,bag,ShapeNet,False,bag/ShapeNet/cbc2328cadf8dc573394926146371698,bag/PartNet/bb6eba59b185e6bce8a1430c80ad4e85,False,bag,bag,0,"['it', 'has', 'two', 'handles']",4,it has two handles,train,train,train,train,"[1, 23, 24, 17, 18, 2, 0, 0, 0, 0, 0, 0, 0, 0, 0, 0, 0, 0]",strap
62100,user_2002,It has pockets in the front,3R6BYFZZP959JTBVBGJK2KYM48GXFE,62.0,bb6eba59b185e6bce8a1430c80ad4e85,bag,PartNet,cbc2328cadf8dc573394926146371698,bag,ShapeNet,False,bag/ShapeNet/cbc2328cadf8dc573394926146371698,bag/PartNet/bb6eba59b185e6bce8a1430c80ad4e85,False,bag,bag,0,"['it', 'has', 'pockets', 'in', 'the', 'front']",6,it has pockets in the front,train,train,train,train,"[1, 23, 24, 2930, 90, 10, 37, 2, 0, 0, 0, 0, 0, 0, 0, 0, 0, 0]",body
62102,user_786,It looks like a giant paper grocery bag with big wide paper handles,338JKRMM28SH1CU8VWF6LXZ1J12HA8,197.0,a1822be832091e036afa58a86636d6be,bag,ShapeNet,7565e6f425dd6d376d987ae9a225629c,bag,ShapeNet,False,bag/ShapeNet/7565e6f425dd6d376d987ae9a225629c,bag/ShapeNet/a1822be832091e036afa58a86636d6be,True,bag,bag,0,"['it', 'looks', 'like', 'a', 'giant', 'paper', 'grocery', 'bag', 'with', 'big', 'wide', 'paper', 'handles']",13,it looks like a giant paper grocery bag with big wide paper handles,train,train,train,train,"[1, 23, 33, 35, 26, 1123, 1619, 3345, 1909, 121, 320, 83, 1619, 18, 2, 0, 0, 0]",strap
62104,user_677,The target has straps.,3LBXNTKX0TO0IJKI8UJSSOCB1969XH,119.0,4a67dccd91447cfa504721639e19f609,bag,PartNet,f5800755a78fc83957be02cb1dc1e62,bag,ShapeNet,False,bag/ShapeNet/f5800755a78fc83957be02cb1dc1e62,bag/PartNet/4a67dccd91447cfa504721639e19f609,False,bag,bag,0,"['the', 'target', 'has', 'straps']",4,the target has straps,train,train,train,train,"[1, 10, 11, 24, 716, 2, 0, 0, 0, 0, 0, 0, 0, 0, 0, 0, 0, 0]",strap
62105,user_786,It has handles,3R9WASFE219YOOBACY75Z5EXC7MFZZ,111.0,4a67dccd91447cfa504721639e19f609,bag,PartNet,f5800755a78fc83957be02cb1dc1e62,bag,ShapeNet,False,bag/ShapeNet/f5800755a78fc83957be02cb1dc1e62,bag/PartNet/4a67dccd91447cfa504721639e19f609,False,bag,bag,0,"['it', 'has', 'handles']",3,it has handles,train,train,train,train,"[1, 23, 24, 18, 2, 0, 0, 0, 0, 0, 0, 0, 0, 0, 0, 0, 0, 0]",strap
62106,user_1298,There are handles,320DUZ38G9FE29215WA1TWQJUO8GJD,68.0,4a67dccd91447cfa504721639e19f609,bag,PartNet,f5800755a78fc83957be02cb1dc1e62,bag,ShapeNet,False,bag/ShapeNet/f5800755a78fc83957be02cb1dc1e62,bag/PartNet/4a67dccd91447cfa504721639e19f609,False,bag,bag,0,"['there', 'are', 'handles']",3,there are handles,train,train,train,train,"[1, 15, 16, 18, 2, 0, 0, 0, 0, 0, 0, 0, 0, 0, 0, 0, 0, 0]",strap
62109,user_2063,The straps are thinner and more narrow,3OONKJ5DKECWC3LN5NAS0HG8D5ROBO,150.0,c5285f62ab36c0b84a001c5cd830d507,bag,PartNet,d5881d42567baaf5dc19a9901b7e9a4f,bag,ShapeNet,False,bag/ShapeNet/d5881d42567baaf5dc19a9901b7e9a4f,bag/PartNet/c5285f62ab36c0b84a001c5cd830d507,True,bag,bag,0,"['the', 'straps', 'are', 'thin', '-er', 'and', 'more', 'narrow']",8,the straps are thin -er and more narrow,train,train,train,train,"[1, 10, 716, 16, 60, 9, 47, 34, 210, 2, 0, 0, 0, 0, 0, 0, 0, 0]",strap
62113,user_156,It has no handles.,3EKVH9QME0XBKTU2WL31OU15FO2D2F,27.0,8e3eb521577dddea7d2c1de1b4d2a6e4,bag,PartNet,a405a7ca363c7c41bbda4bd2b976d8f7,bag,PartNet,False,bag/PartNet/a405a7ca363c7c41bbda4bd2b976d8f7,bag/PartNet/8e3eb521577dddea7d2c1de1b4d2a6e4,True,bag,bag,0,"['it', 'has', 'no', 'handles']",4,it has no handles,train,train,train,train,"[1, 23, 24, 123, 18, 2, 0, 0, 0, 0, 0, 0, 0, 0, 0, 0, 0, 0]",strap
62119,user_156,It has two handles.,3TEM0PF1Q7Q4OJROHYZN568QIQID0V,25.0,8e3eb521577dddea7d2c1de1b4d2a6e4,bag,PartNet,adfe9029a1ca723eb8966aeece708f87,bag,ShapeNet,False,bag/ShapeNet/adfe9029a1ca723eb8966aeece708f87,bag/PartNet/8e3eb521577dddea7d2c1de1b4d2a6e4,False,bag,bag,0,"['it', 'has', 'two', 'handles']",4,it has two handles,train,train,train,train,"[1, 23, 24, 17, 18, 2, 0, 0, 0, 0, 0, 0, 0, 0, 0, 0, 0, 0]",strap
62120,user_507,it has a wide arching handle,3PJUZCGDJ89A3IJA0M70CPVIA4V98F,34.0,8e3eb521577dddea7d2c1de1b4d2a6e4,bag,PartNet,adfe9029a1ca723eb8966aeece708f87,bag,ShapeNet,False,bag/ShapeNet/adfe9029a1ca723eb8966aeece708f87,bag/PartNet/8e3eb521577dddea7d2c1de1b4d2a6e4,False,bag,bag,0,"['it', 'has', 'a', 'wide', 'arching', 'handle']",6,it has a wide arching handle,train,train,train,train,"[1, 23, 24, 26, 83, 839, 29, 2, 0, 0, 0, 0, 0, 0, 0, 0, 0, 0]",strap
62123,user_1298,The handles are larger,3MB8LZR5BHMPZLMKY87T73V45U2KLU,57.0,80530cf532d86195bff3b8b883ab202d,bag,PartNet,1b9ef45fefefa35ed13f430b2941481,bag,ShapeNet,False,bag/ShapeNet/1b9ef45fefefa35ed13f430b2941481,bag/PartNet/80530cf532d86195bff3b8b883ab202d,False,bag,bag,0,"['the', 'handles', 'are', 'large', '-er']",5,the handles are large -er,val,train,val,train,"[1, 10, 18, 16, 94, 9, 2, 0, 0, 0, 0, 0, 0, 0, 0, 0, 0, 0]",strap
62128,user_678,"The target has one, not two handles.",3KV0LJBBH4EVS7H0O4H58SW70RDMRI,132.0,d7dff9ecaf5f063cb1eb0742a46d174e,bag,PartNet,788eee4bfb4f27ecc33cda78d407d98a,bag,PartNet,False,bag/PartNet/788eee4bfb4f27ecc33cda78d407d98a,bag/PartNet/d7dff9ecaf5f063cb1eb0742a46d174e,False,bag,bag,0,"['the', 'target', 'has', 'one', 'not', 'two', 'handles']",7,the target has one not two handles,train,train,train,train,"[1, 10, 11, 24, 19, 40, 17, 18, 2, 0, 0, 0, 0, 0, 0, 0, 0, 0]",strap
62129,user_786,It has a single wide loop of a handle that spans the length of the bag,3TYCR1GOTECKOGL6Y9A3UIJH93UZLA,148.0,d7dff9ecaf5f063cb1eb0742a46d174e,bag,PartNet,788eee4bfb4f27ecc33cda78d407d98a,bag,PartNet,False,bag/PartNet/788eee4bfb4f27ecc33cda78d407d98a,bag/PartNet/d7dff9ecaf5f063cb1eb0742a46d174e,False,bag,bag,0,"['it', 'has', 'a', 'single', 'wide', 'loop', 'of', 'a', 'handle', 'that', 'spans', 'the', 'length', 'of', 'the', 'bag']",16,it has a single wide loop of a handle that spans the length of the bag,train,train,train,train,"[1, 23, 24, 26, 86, 83, 549, 38, 26, 29, 172, 1250, 10, 155, 38, 10, 1909, 2]",strap
62130,user_2063,It has one long handle,3S0TNUHWKVBM68WRC2C2YLE81L1D8J,73.0,d7dff9ecaf5f063cb1eb0742a46d174e,bag,PartNet,788eee4bfb4f27ecc33cda78d407d98a,bag,PartNet,False,bag/PartNet/788eee4bfb4f27ecc33cda78d407d98a,bag/PartNet/d7dff9ecaf5f063cb1eb0742a46d174e,False,bag,bag,0,"['it', 'has', 'one', 'long', 'handle']",5,it has one long handle,train,train,train,train,"[1, 23, 24, 19, 32, 29, 2, 0, 0, 0, 0, 0, 0, 0, 0, 0, 0, 0]",strap
62131,user_238,The target has handles lesser in length.,33LK57MYLVY7STGWII7464XC11SZSM,91.0,151d033af5381fd4c1e1e64c8ea306ea,bag,ShapeNet,1342fc4f613687f92569b963af585e33,bag,ShapeNet,False,bag/ShapeNet/1342fc4f613687f92569b963af585e33,bag/ShapeNet/151d033af5381fd4c1e1e64c8ea306ea,False,bag,bag,0,"['the', 'target', 'has', 'handles', 'less', '-er', 'in', 'length']",8,the target has handles less -er in length,train,train,train,train,"[1, 10, 11, 24, 18, 229, 9, 90, 155, 2, 0, 0, 0, 0, 0, 0, 0, 0]",strap
62132,user_507,it has 2 handles instead of 1,3XUHV3NRVMRKV6IR00OPDMJFRR6H5F,39.0,151d033af5381fd4c1e1e64c8ea306ea,bag,ShapeNet,1342fc4f613687f92569b963af585e33,bag,ShapeNet,False,bag/ShapeNet/1342fc4f613687f92569b963af585e33,bag/ShapeNet/151d033af5381fd4c1e1e64c8ea306ea,False,bag,bag,0,"['it', 'has', 'two', 'handles', 'instead', 'of', 'one']",7,it has two handles instead of one,train,train,train,train,"[1, 23, 24, 17, 18, 97, 38, 19, 2, 0, 0, 0, 0, 0, 0, 0, 0, 0]",strap
62133,user_2044,Its handles are thinner is taller height-wise,3AUQQEL7U7MQI0RA8JZHBSEXIWXV0L,46.0,151d033af5381fd4c1e1e64c8ea306ea,bag,ShapeNet,1342fc4f613687f92569b963af585e33,bag,ShapeNet,False,bag/ShapeNet/1342fc4f613687f92569b963af585e33,bag/ShapeNet/151d033af5381fd4c1e1e64c8ea306ea,False,bag,bag,0,"['its', 'handles', 'are', 'thin', '-er', 'is', 'tall', '-er', 'height', 'wise']",10,its handles are thin -er is tall -er height wise,train,train,train,train,"[1, 5, 18, 16, 60, 9, 7, 53, 9, 117, 359, 2, 0, 0, 0, 0, 0, 0]",strap
62135,user_1689,The target has a thinner body.,3B4YI393VBPARHUINQDWAB09EIKSSU,144.0,a55b721ea5a29d7f639ff561fa3f5bac,bag,ShapeNet,e5fea6c1dacf3ed4cd99ccc7ff441abf,bag,ShapeNet,False,bag/ShapeNet/e5fea6c1dacf3ed4cd99ccc7ff441abf,bag/ShapeNet/a55b721ea5a29d7f639ff561fa3f5bac,False,bag,bag,0,"['the', 'target', 'has', 'a', 'thin', '-er', 'body']",7,the target has a thin -er body,train,train,train,train,"[1, 10, 11, 24, 26, 60, 9, 45, 2, 0, 0, 0, 0, 0, 0, 0, 0, 0]",body
62136,user_2044,Its handles are taller and rounded at the top,33F859I5686MKMZ01AF2G8J71LKHB4,111.0,a55b721ea5a29d7f639ff561fa3f5bac,bag,ShapeNet,e5fea6c1dacf3ed4cd99ccc7ff441abf,bag,ShapeNet,False,bag/ShapeNet/e5fea6c1dacf3ed4cd99ccc7ff441abf,bag/ShapeNet/a55b721ea5a29d7f639ff561fa3f5bac,False,bag,bag,0,"['its', 'handles', 'are', 'tall', '-er', 'and', 'rounded', 'at', 'the', 'top']",10,its handles are tall -er and rounded at the top,train,train,train,train,"[1, 5, 18, 16, 53, 9, 47, 48, 98, 10, 99, 2, 0, 0, 0, 0, 0, 0]",strap
62140,user_891,it has handles,31HQ4X3T3U3NN4ZS3HGVYPMEMP0SL6,86.0,54e27cf366f198db1a3b39b07e4b3d0f,bag,PartNet,23d04b1d0e700f9674dc49346c29fd4d,bag,PartNet,False,bag/PartNet/23d04b1d0e700f9674dc49346c29fd4d,bag/PartNet/54e27cf366f198db1a3b39b07e4b3d0f,True,bag,bag,0,"['it', 'has', 'handles']",3,it has handles,train,train,train,train,"[1, 23, 24, 18, 2, 0, 0, 0, 0, 0, 0, 0, 0, 0, 0, 0, 0, 0]",strap
62142,user_1792,it has a strap,3A9AA95ATYFC8NGFJDWUMVL6DFP5PB,97.0,54e27cf366f198db1a3b39b07e4b3d0f,bag,PartNet,23d04b1d0e700f9674dc49346c29fd4d,bag,PartNet,False,bag/PartNet/23d04b1d0e700f9674dc49346c29fd4d,bag/PartNet/54e27cf366f198db1a3b39b07e4b3d0f,True,bag,bag,0,"['it', 'has', 'a', 'strap']",4,it has a strap,train,train,train,train,"[1, 23, 24, 26, 628, 2, 0, 0, 0, 0, 0, 0, 0, 0, 0, 0, 0, 0]",strap
62147,user_505,Target has the handles on the top,32KTQ2V7RF8PO7LEUNHJH7WDU6D9MQ,76.0,c3546b0830a79ea64be35abb02d18d44,bag,PartNet,811f592148958510abc49cae1a831a9e,bag,PartNet,False,bag/PartNet/811f592148958510abc49cae1a831a9e,bag/PartNet/c3546b0830a79ea64be35abb02d18d44,True,bag,bag,0,"['target', 'has', 'the', 'handles', 'on', 'the', 'top']",7,target has the handles on the top,train,train,train,train,"[1, 11, 24, 10, 18, 20, 10, 99, 2, 0, 0, 0, 0, 0, 0, 0, 0, 0]",strap
62148,user_549,The bag has two small handles near the top.,3G2UL9A02F7JLLCTSACIEF8L9H7670,86.0,c3546b0830a79ea64be35abb02d18d44,bag,PartNet,811f592148958510abc49cae1a831a9e,bag,PartNet,False,bag/PartNet/811f592148958510abc49cae1a831a9e,bag/PartNet/c3546b0830a79ea64be35abb02d18d44,True,bag,bag,0,"['the', 'bag', 'has', 'two', 'small', 'handles', 'near', 'the', 'top']",9,the bag has two small handles near the top,train,train,train,train,"[1, 10, 1909, 24, 17, 111, 18, 348, 10, 99, 2, 0, 0, 0, 0, 0, 0, 0]",strap
62152,user_507,it does not have an arching handle,3F6KKYWMNDU79FJVI41LGI43QKANDZ,71.0,74c548ef3ca7b1987515e7bb7dba4019,bag,ShapeNet,e6daa1435018a044da5feafe6f1c8fc,bag,ShapeNet,False,bag/ShapeNet/e6daa1435018a044da5feafe6f1c8fc,bag/ShapeNet/74c548ef3ca7b1987515e7bb7dba4019,False,bag,bag,0,"['it', 'does', 'not', 'have', 'an', 'arching', 'handle']",7,it does not have an arching handle,train,train,train,train,"[1, 23, 39, 40, 84, 72, 839, 29, 2, 0, 0, 0, 0, 0, 0, 0, 0, 0]",strap
62153,user_1298,The handles are much smaller,3634BBTX0QNCTYM0CUJJZAB7GUWIFH,41.0,74c548ef3ca7b1987515e7bb7dba4019,bag,ShapeNet,e6daa1435018a044da5feafe6f1c8fc,bag,ShapeNet,False,bag/ShapeNet/e6daa1435018a044da5feafe6f1c8fc,bag/ShapeNet/74c548ef3ca7b1987515e7bb7dba4019,False,bag,bag,0,"['the', 'handles', 'are', 'much', 'small', '-er']",6,the handles are much small -er,train,train,train,train,"[1, 10, 18, 16, 59, 111, 9, 2, 0, 0, 0, 0, 0, 0, 0, 0, 0, 0]",strap
62154,user_2063,It does not contain a handle,35USIKEBNT98O64G8HT7ACUB9UA6N5,87.0,74c548ef3ca7b1987515e7bb7dba4019,bag,ShapeNet,e6daa1435018a044da5feafe6f1c8fc,bag,ShapeNet,False,bag/ShapeNet/e6daa1435018a044da5feafe6f1c8fc,bag/ShapeNet/74c548ef3ca7b1987515e7bb7dba4019,False,bag,bag,0,"['it', 'does', 'not', 'contain', 'a', 'handle']",6,it does not contain a handle,train,train,train,train,"[1, 23, 39, 40, 1778, 26, 29, 2, 0, 0, 0, 0, 0, 0, 0, 0, 0, 0]",strap
62155,user_1298,The body has a more rectangle shape,3RKNTXVS3ORNP06DGPVNR8QXEW94A2,53.0,506a05b6ba66bde0b726426d6c667c7,bag,ShapeNet,e6daa1435018a044da5feafe6f1c8fc,bag,ShapeNet,False,bag/ShapeNet/e6daa1435018a044da5feafe6f1c8fc,bag/ShapeNet/506a05b6ba66bde0b726426d6c667c7,True,bag,bag,0,"['the', 'body', 'has', 'a', 'more', 'rectangle', 'shape']",7,the body has a more rectangle shape,train,train,train,train,"[1, 10, 45, 24, 26, 34, 425, 93, 2, 0, 0, 0, 0, 0, 0, 0, 0, 0]",body
62156,user_1894,It has a block like main body.,3YW4XOSQKSEQCANSZCTCTBVO9FSU1S,371.0,506a05b6ba66bde0b726426d6c667c7,bag,ShapeNet,e6daa1435018a044da5feafe6f1c8fc,bag,ShapeNet,False,bag/ShapeNet/e6daa1435018a044da5feafe6f1c8fc,bag/ShapeNet/506a05b6ba66bde0b726426d6c667c7,True,bag,bag,0,"['it', 'has', 'a', 'block', 'like', 'main', 'body']",7,it has a block like main body,train,train,train,train,"[1, 23, 24, 26, 885, 35, 855, 45, 2, 0, 0, 0, 0, 0, 0, 0, 0, 0]",body
62159,user_786,The front face has two pockets each covered with a flap,373ERPL3YQ1Z527KX1IHU6RZU08RTP,174.0,61c9570c3d12e47cd061bb85232b3b01,bag,PartNet,dc52131684ed9cbbfe4a8257a424ee86,bag,ShapeNet,False,bag/ShapeNet/dc52131684ed9cbbfe4a8257a424ee86,bag/PartNet/61c9570c3d12e47cd061bb85232b3b01,True,bag,bag,0,"['the', 'front', 'face', 'has', 'two', 'pockets', 'each', 'covered', 'with', 'a', 'flap']",11,the front face has two pockets each covered with a flap,train,train,train,train,"[1, 10, 37, 56, 24, 17, 2930, 21, 865, 121, 26, 2249, 2, 0, 0, 0, 0, 0]",body
62161,user_33,There is only one handle that appears to be solid not able to be moved.,37C0GNLMHHWZ2UD3JNF4E7IHVQ86DN,157.0,788eee4bfb4f27ecc33cda78d407d98a,bag,PartNet,d9fb0b4c7b6f84d0abc49cae1a831a9e,bag,PartNet,False,bag/PartNet/d9fb0b4c7b6f84d0abc49cae1a831a9e,bag/PartNet/788eee4bfb4f27ecc33cda78d407d98a,True,bag,bag,0,"['there', 'is', 'only', 'one', 'handle', 'that', 'appears', 'to', 'be', 'solid', 'not', 'able', 'to', 'be', 'moved']",15,there is only one handle that appears to be solid not able to be moved,train,train,train,train,"[1, 15, 7, 133, 19, 29, 172, 411, 58, 204, 291, 40, 1559, 58, 204, 1169, 2, 0]",strap
62165,user_786,The top handle only spans about 1/3 of the top length,37Z929RLGB1B6H7XCQIMKGWVG1XTSJ,164.0,e450a063965ce182372d50f0ef237781,bag,ShapeNet,a1822be832091e036afa58a86636d6be,bag,ShapeNet,False,bag/ShapeNet/a1822be832091e036afa58a86636d6be,bag/ShapeNet/e450a063965ce182372d50f0ef237781,False,bag,bag,0,"['the', 'top', 'handle', 'only', 'spans', 'about', 'one', 'three', 'of', 'the', 'top', 'length']",12,the top handle only spans about one three of the top length,train,train,train,train,"[1, 10, 99, 29, 133, 1250, 519, 19, 80, 38, 10, 99, 155, 2, 0, 0, 0, 0]",strap
62167,user_156,It has one handle.,3ZR9AIQJUD2RON8VONYU22EK5DR40B,55.0,1b84dededd445058e44a5473032f38f,bag,ShapeNet,d9fb0b4c7b6f84d0abc49cae1a831a9e,bag,PartNet,False,bag/PartNet/d9fb0b4c7b6f84d0abc49cae1a831a9e,bag/ShapeNet/1b84dededd445058e44a5473032f38f,False,bag,bag,0,"['it', 'has', 'one', 'handle']",4,it has one handle,train,train,train,train,"[1, 23, 24, 19, 29, 2, 0, 0, 0, 0, 0, 0, 0, 0, 0, 0, 0, 0]",strap
62170,user_156,It has two handles.,3Y9N9SS8L0405BQL0LH6746XL25D3T,57.0,c4cb5bcb1a9399ae504721639e19f609,bag,ShapeNet,a55b721ea5a29d7f639ff561fa3f5bac,bag,ShapeNet,False,bag/ShapeNet/a55b721ea5a29d7f639ff561fa3f5bac,bag/ShapeNet/c4cb5bcb1a9399ae504721639e19f609,True,bag,bag,0,"['it', 'has', 'two', 'handles']",4,it has two handles,train,train,train,train,"[1, 23, 24, 17, 18, 2, 0, 0, 0, 0, 0, 0, 0, 0, 0, 0, 0, 0]",strap
62171,user_203,It has two handles.,3TVRFO09GM8VJLLRXRMIXX36138XLN,95.0,c4cb5bcb1a9399ae504721639e19f609,bag,ShapeNet,a55b721ea5a29d7f639ff561fa3f5bac,bag,ShapeNet,False,bag/ShapeNet/a55b721ea5a29d7f639ff561fa3f5bac,bag/ShapeNet/c4cb5bcb1a9399ae504721639e19f609,True,bag,bag,0,"['it', 'has', 'two', 'handles']",4,it has two handles,train,train,train,train,"[1, 23, 24, 17, 18, 2, 0, 0, 0, 0, 0, 0, 0, 0, 0, 0, 0, 0]",strap
62172,user_549,The bag has two handles.,39DD6S19JR46IABEHNNZHNTX088EZL,98.0,c4cb5bcb1a9399ae504721639e19f609,bag,ShapeNet,a55b721ea5a29d7f639ff561fa3f5bac,bag,ShapeNet,False,bag/ShapeNet/a55b721ea5a29d7f639ff561fa3f5bac,bag/ShapeNet/c4cb5bcb1a9399ae504721639e19f609,True,bag,bag,0,"['the', 'bag', 'has', 'two', 'handles']",5,the bag has two handles,train,train,train,train,"[1, 10, 1909, 24, 17, 18, 2, 0, 0, 0, 0, 0, 0, 0, 0, 0, 0, 0]",strap
62175,user_2002,The handles are longer,3DPNQGW4LN8M2YUAQCEBB3OBIE8463,51.0,68b7ca73de30ad6df2197da8dec8488d,bag,ShapeNet,2970e5486815e72ccd99ccc7ff441abf,bag,ShapeNet,False,bag/ShapeNet/2970e5486815e72ccd99ccc7ff441abf,bag/ShapeNet/68b7ca73de30ad6df2197da8dec8488d,False,bag,bag,0,"['the', 'handles', 'are', 'long', '-er']",5,the handles are long -er,train,train,train,train,"[1, 10, 18, 16, 32, 9, 2, 0, 0, 0, 0, 0, 0, 0, 0, 0, 0, 0]",strap
62176,user_33,The straps are placed in a backpack style.,3HMIGG0U4NZP4JRI8YZGB6O9J93Y88,118.0,811f592148958510abc49cae1a831a9e,bag,PartNet,c3546b0830a79ea64be35abb02d18d44,bag,PartNet,False,bag/PartNet/c3546b0830a79ea64be35abb02d18d44,bag/PartNet/811f592148958510abc49cae1a831a9e,True,bag,bag,0,"['the', 'straps', 'are', 'placed', 'in', 'a', 'backpack', 'style']",8,the straps are placed in a backpack style,train,train,train,train,"[1, 10, 716, 16, 260, 90, 26, 3332, 250, 2, 0, 0, 0, 0, 0, 0, 0, 0]",strap
62177,user_1298,The straps are on the side instead of the top,3VHHR074H5A146F0FEIK3YQIZACL7Z,42.0,811f592148958510abc49cae1a831a9e,bag,PartNet,c3546b0830a79ea64be35abb02d18d44,bag,PartNet,False,bag/PartNet/c3546b0830a79ea64be35abb02d18d44,bag/PartNet/811f592148958510abc49cae1a831a9e,True,bag,bag,0,"['the', 'straps', 'are', 'on', 'the', 'side', 'instead', 'of', 'the', 'top']",10,the straps are on the side instead of the top,train,train,train,train,"[1, 10, 716, 16, 20, 10, 22, 97, 38, 10, 99, 2, 0, 0, 0, 0, 0, 0]",strap
62178,user_1792,it has a strap,339ANSOTR7VN9KEED5AGFN3CORPKIZ,86.0,811f592148958510abc49cae1a831a9e,bag,PartNet,c3546b0830a79ea64be35abb02d18d44,bag,PartNet,False,bag/PartNet/c3546b0830a79ea64be35abb02d18d44,bag/PartNet/811f592148958510abc49cae1a831a9e,True,bag,bag,0,"['it', 'has', 'a', 'strap']",4,it has a strap,train,train,train,train,"[1, 23, 24, 26, 628, 2, 0, 0, 0, 0, 0, 0, 0, 0, 0, 0, 0, 0]",strap
62186,user_786,It has one handle instead of two,3DZQRBDBSN867093XBCV23SXM3U3SO,239.0,eebc8d35d05e49b86afa58a86636d6be,bag,PartNet,766fe076d4cdef8cf0117851f0671fde,bag,ShapeNet,False,bag/ShapeNet/766fe076d4cdef8cf0117851f0671fde,bag/PartNet/eebc8d35d05e49b86afa58a86636d6be,True,bag,bag,0,"['it', 'has', 'one', 'handle', 'instead', 'of', 'two']",7,it has one handle instead of two,train,train,train,train,"[1, 23, 24, 19, 29, 97, 38, 17, 2, 0, 0, 0, 0, 0, 0, 0, 0, 0]",strap
62187,user_1298,The body is much larger,3KAKFY4PGWVHDM67SZIHY1MAD4L3IN,68.0,eebc8d35d05e49b86afa58a86636d6be,bag,PartNet,766fe076d4cdef8cf0117851f0671fde,bag,ShapeNet,False,bag/ShapeNet/766fe076d4cdef8cf0117851f0671fde,bag/PartNet/eebc8d35d05e49b86afa58a86636d6be,True,bag,bag,0,"['the', 'body', 'is', 'much', 'large', '-er']",6,the body is much large -er,train,train,train,train,"[1, 10, 45, 7, 59, 94, 9, 2, 0, 0, 0, 0, 0, 0, 0, 0, 0, 0]",body
62188,user_786,It has no handle,34S6N1K2ZXCYXVLCSN4WUBFCDDELH7,133.0,e8039f73cf912ff5e8c69fd29511206a,bag,ShapeNet,4a67dccd91447cfa504721639e19f609,bag,PartNet,False,bag/PartNet/4a67dccd91447cfa504721639e19f609,bag/ShapeNet/e8039f73cf912ff5e8c69fd29511206a,True,bag,bag,0,"['it', 'has', 'no', 'handle']",4,it has no handle,train,train,train,train,"[1, 23, 24, 123, 29, 2, 0, 0, 0, 0, 0, 0, 0, 0, 0, 0, 0, 0]",strap
62190,user_1894,It has a bulky body.,3JBT3HLQFAVAF104Q13ABZS1EDHPZK,115.0,e8039f73cf912ff5e8c69fd29511206a,bag,ShapeNet,4a67dccd91447cfa504721639e19f609,bag,PartNet,False,bag/PartNet/4a67dccd91447cfa504721639e19f609,bag/ShapeNet/e8039f73cf912ff5e8c69fd29511206a,True,bag,bag,0,"['it', 'has', 'a', 'bulky', 'body']",5,it has a bulky body,train,train,train,train,"[1, 23, 24, 26, 483, 45, 2, 0, 0, 0, 0, 0, 0, 0, 0, 0, 0, 0]",body
62193,user_1389,The target has two top handles.,33L7PJKHCIRTNXSOYSCH3PWU48J8TT,255.0,10a885f5971d9d4ce858db1dc3499392,bag,ShapeNet,a67a7117a961d743e3f7a74e12a274ef,bag,PartNet,False,bag/PartNet/a67a7117a961d743e3f7a74e12a274ef,bag/ShapeNet/10a885f5971d9d4ce858db1dc3499392,True,bag,bag,0,"['the', 'target', 'has', 'two', 'top', 'handles']",6,the target has two top handles,train,train,train,train,"[1, 10, 11, 24, 17, 99, 18, 2, 0, 0, 0, 0, 0, 0, 0, 0, 0, 0]",strap
62194,user_203,The body does not have a name inscribed on it.,3OCHAWUVGQDKZF39CRAHIXQRC4GXKZ,237.0,c3426d26e0408be4285e5a1f74237618,bag,ShapeNet,f872a64810c123a47abde6405e4d8323,bag,ShapeNet,False,bag/ShapeNet/f872a64810c123a47abde6405e4d8323,bag/ShapeNet/c3426d26e0408be4285e5a1f74237618,True,bag,bag,0,"['the', 'body', 'does', 'not', 'have', 'a', 'name', 'inscribed', 'on', 'it']",10,the body does not have a name inscribed on it,train,train,train,train,"[1, 10, 45, 39, 40, 84, 26, 1332, 3370, 20, 23, 2, 0, 0, 0, 0, 0, 0]",body
62195,user_786,It has a strap,3L4PIM1GQV9VMO6E775G2NJE91RYRK,85.0,c3426d26e0408be4285e5a1f74237618,bag,ShapeNet,f872a64810c123a47abde6405e4d8323,bag,ShapeNet,False,bag/ShapeNet/f872a64810c123a47abde6405e4d8323,bag/ShapeNet/c3426d26e0408be4285e5a1f74237618,True,bag,bag,0,"['it', 'has', 'a', 'strap']",4,it has a strap,train,train,train,train,"[1, 23, 24, 26, 628, 2, 0, 0, 0, 0, 0, 0, 0, 0, 0, 0, 0, 0]",strap
62196,user_1298,There is a strap,3W92K5RLWWAPD7DB5P5TSNAOZ215V5,61.0,c3426d26e0408be4285e5a1f74237618,bag,ShapeNet,f872a64810c123a47abde6405e4d8323,bag,ShapeNet,False,bag/ShapeNet/f872a64810c123a47abde6405e4d8323,bag/ShapeNet/c3426d26e0408be4285e5a1f74237618,True,bag,bag,0,"['there', 'is', 'a', 'strap']",4,there is a strap,train,train,train,train,"[1, 15, 7, 26, 628, 2, 0, 0, 0, 0, 0, 0, 0, 0, 0, 0, 0, 0]",strap
62197,user_156,It has one handle.,3PWWM24LHURZ3YYBFDSL22N44X428X,34.0,a55b721ea5a29d7f639ff561fa3f5bac,bag,ShapeNet,577bfb3d22deeb3af71e06115e9c3b3e,bag,PartNet,False,bag/PartNet/577bfb3d22deeb3af71e06115e9c3b3e,bag/ShapeNet/a55b721ea5a29d7f639ff561fa3f5bac,True,bag,bag,0,"['it', 'has', 'one', 'handle']",4,it has one handle,train,train,train,train,"[1, 23, 24, 19, 29, 2, 0, 0, 0, 0, 0, 0, 0, 0, 0, 0, 0, 0]",strap
62198,user_507,it has a single handle instead of 2,3Y9N9SS8L0405BQL0LH6746XL3OD3E,35.0,a55b721ea5a29d7f639ff561fa3f5bac,bag,ShapeNet,577bfb3d22deeb3af71e06115e9c3b3e,bag,PartNet,False,bag/PartNet/577bfb3d22deeb3af71e06115e9c3b3e,bag/ShapeNet/a55b721ea5a29d7f639ff561fa3f5bac,True,bag,bag,0,"['it', 'has', 'a', 'single', 'handle', 'instead', 'of', 'two']",8,it has a single handle instead of two,train,train,train,train,"[1, 23, 24, 26, 86, 29, 97, 38, 17, 2, 0, 0, 0, 0, 0, 0, 0, 0]",strap
62199,user_787,It has straps going all the way around it,3WLEIWSYHQASW9Z4IHMRFFG37D72HJ,56.0,a55b721ea5a29d7f639ff561fa3f5bac,bag,ShapeNet,577bfb3d22deeb3af71e06115e9c3b3e,bag,PartNet,False,bag/PartNet/577bfb3d22deeb3af71e06115e9c3b3e,bag/ShapeNet/a55b721ea5a29d7f639ff561fa3f5bac,True,bag,bag,0,"['it', 'has', 'straps', 'going', 'all', 'the', 'way', 'around', 'it']",9,it has straps going all the way around it,train,train,train,train,"[1, 23, 24, 716, 701, 367, 10, 471, 239, 23, 2, 0, 0, 0, 0, 0, 0, 0]",strap
62200,user_156,"Its handles are rounded, not flat.",3VHHR074H5A146F0FEIK3YQIZDTL7M,59.0,adfe9029a1ca723eb8966aeece708f87,bag,ShapeNet,74c548ef3ca7b1987515e7bb7dba4019,bag,ShapeNet,False,bag/ShapeNet/74c548ef3ca7b1987515e7bb7dba4019,bag/ShapeNet/adfe9029a1ca723eb8966aeece708f87,True,bag,bag,0,"['its', 'handles', 'are', 'rounded', 'not', 'flat']",6,its handles are rounded not flat,train,train,train,train,"[1, 5, 18, 16, 48, 40, 129, 2, 0, 0, 0, 0, 0, 0, 0, 0, 0, 0]",strap
62202,user_1298,The length of the body is longer,3WETL7AQWV151YBSLFZN9SI58JF35F,64.0,adfe9029a1ca723eb8966aeece708f87,bag,ShapeNet,74c548ef3ca7b1987515e7bb7dba4019,bag,ShapeNet,False,bag/ShapeNet/74c548ef3ca7b1987515e7bb7dba4019,bag/ShapeNet/adfe9029a1ca723eb8966aeece708f87,True,bag,bag,0,"['the', 'length', 'of', 'the', 'body', 'is', 'long', '-er']",8,the length of the body is long -er,train,train,train,train,"[1, 10, 155, 38, 10, 45, 7, 32, 9, 2, 0, 0, 0, 0, 0, 0, 0, 0]",body
62206,user_156,Its handle is much smaller.,3QXNC7EIPKOSLTE75IULJAP0R2709Z,76.0,74c548ef3ca7b1987515e7bb7dba4019,bag,ShapeNet,65680f336a50db976afa58a86636d6be,bag,ShapeNet,False,bag/ShapeNet/65680f336a50db976afa58a86636d6be,bag/ShapeNet/74c548ef3ca7b1987515e7bb7dba4019,True,bag,bag,0,"['its', 'handle', 'is', 'much', 'small', '-er']",6,its handle is much small -er,test,train,test,train,"[1, 5, 29, 7, 59, 111, 9, 2, 0, 0, 0, 0, 0, 0, 0, 0, 0, 0]",strap
62207,user_1298,The handles are longer,3ERMJ6L4D0LLAOXLFQJZ3B57ZF3M73,105.0,74c548ef3ca7b1987515e7bb7dba4019,bag,ShapeNet,65680f336a50db976afa58a86636d6be,bag,ShapeNet,False,bag/ShapeNet/65680f336a50db976afa58a86636d6be,bag/ShapeNet/74c548ef3ca7b1987515e7bb7dba4019,True,bag,bag,0,"['the', 'handles', 'are', 'long', '-er']",5,the handles are long -er,test,train,test,train,"[1, 10, 18, 16, 32, 9, 2, 0, 0, 0, 0, 0, 0, 0, 0, 0, 0, 0]",strap
62209,user_203,It has only one handle.,37W3JXSD6810UKN061FMPMRV1G5YWM,249.0,a67a7117a961d743e3f7a74e12a274ef,bag,PartNet,bb6eba59b185e6bce8a1430c80ad4e85,bag,PartNet,False,bag/PartNet/bb6eba59b185e6bce8a1430c80ad4e85,bag/PartNet/a67a7117a961d743e3f7a74e12a274ef,True,bag,bag,0,"['it', 'has', 'only', 'one', 'handle']",5,it has only one handle,train,train,train,train,"[1, 23, 24, 133, 19, 29, 2, 0, 0, 0, 0, 0, 0, 0, 0, 0, 0, 0]",strap
62210,user_507,it has a rugged body,39GAF6DQWTTQPPCS423HPXX7NQ9V1Y,41.0,a67a7117a961d743e3f7a74e12a274ef,bag,PartNet,bb6eba59b185e6bce8a1430c80ad4e85,bag,PartNet,False,bag/PartNet/bb6eba59b185e6bce8a1430c80ad4e85,bag/PartNet/a67a7117a961d743e3f7a74e12a274ef,True,bag,bag,0,"['it', 'has', 'a', 'rugged', 'body']",5,it has a rugged body,train,train,train,train,"[1, 23, 24, 26, 3371, 45, 2, 0, 0, 0, 0, 0, 0, 0, 0, 0, 0, 0]",body
62211,user_2044,It has a single handle at the top,3A4NIXBJ78SKP9MNJKK9MGN8U12MLA,75.0,a67a7117a961d743e3f7a74e12a274ef,bag,PartNet,bb6eba59b185e6bce8a1430c80ad4e85,bag,PartNet,False,bag/PartNet/bb6eba59b185e6bce8a1430c80ad4e85,bag/PartNet/a67a7117a961d743e3f7a74e12a274ef,True,bag,bag,0,"['it', 'has', 'a', 'single', 'handle', 'at', 'the', 'top']",8,it has a single handle at the top,train,train,train,train,"[1, 23, 24, 26, 86, 29, 98, 10, 99, 2, 0, 0, 0, 0, 0, 0, 0, 0]",strap
62215,user_883,Does not have handles.,3N1FSUEFL7TLN79P0ZMPH9Y3Z1Y4D0,106.0,c3426d26e0408be4285e5a1f74237618,bag,ShapeNet,e8521dbe5e8b6449945dfc8fc6d25afd,bag,PartNet,False,bag/PartNet/e8521dbe5e8b6449945dfc8fc6d25afd,bag/ShapeNet/c3426d26e0408be4285e5a1f74237618,True,bag,bag,0,"['does', 'not', 'have', 'handles']",4,does not have handles,train,train,train,train,"[1, 39, 40, 84, 18, 2, 0, 0, 0, 0, 0, 0, 0, 0, 0, 0, 0, 0]",strap
62218,user_507,it has no strap,3SLE99ER0P68B7ZU7WL9GFNCXD5ZBK,34.0,f72de241037d474e76bb31db0358e9c6,bag,ShapeNet,dcc01017dcaa0eb06cc88f0bd373634c,bag,PartNet,False,bag/PartNet/dcc01017dcaa0eb06cc88f0bd373634c,bag/ShapeNet/f72de241037d474e76bb31db0358e9c6,False,bag,bag,0,"['it', 'has', 'no', 'strap']",4,it has no strap,train,train,train,train,"[1, 23, 24, 123, 628, 2, 0, 0, 0, 0, 0, 0, 0, 0, 0, 0, 0, 0]",strap
62220,user_1396,it does not have a long strap,3ERET4BTVO2UYJLB9B432U4954QK9A,41.0,f72de241037d474e76bb31db0358e9c6,bag,ShapeNet,dcc01017dcaa0eb06cc88f0bd373634c,bag,PartNet,True,bag/PartNet/dcc01017dcaa0eb06cc88f0bd373634c,bag/ShapeNet/f72de241037d474e76bb31db0358e9c6,False,bag,bag,0,"['it', 'does', 'not', 'have', 'a', 'long', 'strap']",7,it does not have a long strap,train,train,train,train,"[1, 23, 39, 40, 84, 26, 32, 628, 2, 0, 0, 0, 0, 0, 0, 0, 0, 0]",strap
62224,user_203,It has only one handle.,3OS4RQUCRB826Q8U6KR2DN7UL5FFBA,72.0,1342fc4f613687f92569b963af585e33,bag,ShapeNet,f5108ede5ca11f041f6736765dee4fa9,bag,ShapeNet,False,bag/ShapeNet/f5108ede5ca11f041f6736765dee4fa9,bag/ShapeNet/1342fc4f613687f92569b963af585e33,True,bag,bag,0,"['it', 'has', 'only', 'one', 'handle']",5,it has only one handle,test,train,test,train,"[1, 23, 24, 133, 19, 29, 2, 0, 0, 0, 0, 0, 0, 0, 0, 0, 0, 0]",strap
62225,user_1689,The target has a thinner body.,3X66WABAJYB3HV0C2BIEDP9UYSFG3W,363.0,1342fc4f613687f92569b963af585e33,bag,ShapeNet,f5108ede5ca11f041f6736765dee4fa9,bag,ShapeNet,False,bag/ShapeNet/f5108ede5ca11f041f6736765dee4fa9,bag/ShapeNet/1342fc4f613687f92569b963af585e33,True,bag,bag,0,"['the', 'target', 'has', 'a', 'thin', '-er', 'body']",7,the target has a thin -er body,test,train,test,train,"[1, 10, 11, 24, 26, 60, 9, 45, 2, 0, 0, 0, 0, 0, 0, 0, 0, 0]",body
62226,user_2020,single solid handle,37M28K1J0S6DSIPYJWIRXAFGWTYAJY,39.0,1342fc4f613687f92569b963af585e33,bag,ShapeNet,f5108ede5ca11f041f6736765dee4fa9,bag,ShapeNet,True,bag/ShapeNet/f5108ede5ca11f041f6736765dee4fa9,bag/ShapeNet/1342fc4f613687f92569b963af585e33,True,bag,bag,0,"['single', 'solid', 'handle']",3,single solid handle,test,train,test,train,"[1, 86, 291, 29, 2, 0, 0, 0, 0, 0, 0, 0, 0, 0, 0, 0, 0, 0]",strap
62228,user_786,"Its overall shape is like a rectangle piece of luggage, NOT a strapless handbag",3STRJBFXOYKDIYUP7H9KTU5LZ8TKT4,82.0,3edc3bc2ecf58aae40090e51144242ea,bag,ShapeNet,669fe6ae83e64a544608027d921be76e,bag,PartNet,False,bag/PartNet/669fe6ae83e64a544608027d921be76e,bag/ShapeNet/3edc3bc2ecf58aae40090e51144242ea,False,bag,bag,0,"['its', 'overall', 'shape', 'is', 'like', 'a', 'rectangle', 'piece', 'of', 'luggage', 'not', 'a', 'strapless', 'handbag']",14,its overall shape is like a rectangle piece of luggage not a strapless handbag,train,train,train,train,"[1, 5, 201, 93, 7, 35, 26, 425, 65, 38, 3335, 40, 26, 3, 3327, 2, 0, 0]",strap
62230,user_156,It has a handle.,3WJ1OXY92C9O81TFSSL08K62GLU8A8,57.0,1614bc965545308e5de21284bb515a83,bag,PartNet,2f97f841aff238b74245c6fcbfdfe98a,bag,ShapeNet,False,bag/ShapeNet/2f97f841aff238b74245c6fcbfdfe98a,bag/PartNet/1614bc965545308e5de21284bb515a83,True,bag,bag,0,"['it', 'has', 'a', 'handle']",4,it has a handle,train,train,train,train,"[1, 23, 24, 26, 29, 2, 0, 0, 0, 0, 0, 0, 0, 0, 0, 0, 0, 0]",strap
62231,user_507,it has one long handle instead of a button handle,3VA45EW49PGVZ53V3QH3U53ZRXH1O7,53.0,1614bc965545308e5de21284bb515a83,bag,PartNet,2f97f841aff238b74245c6fcbfdfe98a,bag,ShapeNet,False,bag/ShapeNet/2f97f841aff238b74245c6fcbfdfe98a,bag/PartNet/1614bc965545308e5de21284bb515a83,True,bag,bag,0,"['it', 'has', 'one', 'long', 'handle', 'instead', 'of', 'a', 'button', 'handle']",10,it has one long handle instead of a button handle,train,train,train,train,"[1, 23, 24, 19, 32, 29, 97, 38, 26, 596, 29, 2, 0, 0, 0, 0, 0, 0]",strap
62232,user_923,It has a strap,3MD9PLUKKK7ACGORAMQI7AN6EZTZND,157.0,1614bc965545308e5de21284bb515a83,bag,PartNet,2f97f841aff238b74245c6fcbfdfe98a,bag,ShapeNet,False,bag/ShapeNet/2f97f841aff238b74245c6fcbfdfe98a,bag/PartNet/1614bc965545308e5de21284bb515a83,True,bag,bag,0,"['it', 'has', 'a', 'strap']",4,it has a strap,train,train,train,train,"[1, 23, 24, 26, 628, 2, 0, 0, 0, 0, 0, 0, 0, 0, 0, 0, 0, 0]",strap
62239,user_203,The handles are longer.,3634BBTX0QNCTYM0CUJJZAB7GV3IFQ,249.0,dc0f03ff60628a16978cfd2f5138d5f5,bag,PartNet,c5a37b5192fba85b9ca96b2737246fca,bag,PartNet,False,bag/PartNet/c5a37b5192fba85b9ca96b2737246fca,bag/PartNet/dc0f03ff60628a16978cfd2f5138d5f5,True,bag,bag,0,"['the', 'handles', 'are', 'long', '-er']",5,the handles are long -er,train,train,train,train,"[1, 10, 18, 16, 32, 9, 2, 0, 0, 0, 0, 0, 0, 0, 0, 0, 0, 0]",strap
62240,user_238,The target has handles greater in height.,3XM0HYN6NMSC4698UEPXQPRJQBDEPG,498.0,dc0f03ff60628a16978cfd2f5138d5f5,bag,PartNet,c5a37b5192fba85b9ca96b2737246fca,bag,PartNet,False,bag/PartNet/c5a37b5192fba85b9ca96b2737246fca,bag/PartNet/dc0f03ff60628a16978cfd2f5138d5f5,True,bag,bag,0,"['the', 'target', 'has', 'handles', 'great', '-er', 'in', 'height']",8,the target has handles great -er in height,train,train,train,train,"[1, 10, 11, 24, 18, 188, 9, 90, 117, 2, 0, 0, 0, 0, 0, 0, 0, 0]",strap
62241,user_507,the back has thicker handles,3CN4LGXD5ZHOLI4GWV93UU84HRO4YW,33.0,dc0f03ff60628a16978cfd2f5138d5f5,bag,PartNet,c5a37b5192fba85b9ca96b2737246fca,bag,PartNet,False,bag/PartNet/c5a37b5192fba85b9ca96b2737246fca,bag/PartNet/dc0f03ff60628a16978cfd2f5138d5f5,True,bag,bag,0,"['the', 'back', 'has', 'thick', '-er', 'handles']",6,the back has thick -er handles,train,train,train,train,"[1, 10, 183, 24, 54, 9, 18, 2, 0, 0, 0, 0, 0, 0, 0, 0, 0, 0]",strap
62242,user_442,It has a short strap,3PM8NZGV8096AI14PWUEEJ20B9IXQZ,103.0,fdd6a114f831fad4a344805881e35292,bag,PartNet,5d4f774fdda6fa1dcd99ccc7ff441abf,bag,ShapeNet,False,bag/ShapeNet/5d4f774fdda6fa1dcd99ccc7ff441abf,bag/PartNet/fdd6a114f831fad4a344805881e35292,True,bag,bag,0,"['it', 'has', 'a', 'short', 'strap']",5,it has a short strap,train,train,train,train,"[1, 23, 24, 26, 8, 628, 2, 0, 0, 0, 0, 0, 0, 0, 0, 0, 0, 0]",strap
62243,user_891,it has a shorter handle,37W3JXSD6810UKN061FMPMRV1H0YWJ,44.0,fdd6a114f831fad4a344805881e35292,bag,PartNet,5d4f774fdda6fa1dcd99ccc7ff441abf,bag,ShapeNet,False,bag/ShapeNet/5d4f774fdda6fa1dcd99ccc7ff441abf,bag/PartNet/fdd6a114f831fad4a344805881e35292,True,bag,bag,0,"['it', 'has', 'a', 'short', '-er', 'handle']",6,it has a short -er handle,train,train,train,train,"[1, 23, 24, 26, 8, 9, 29, 2, 0, 0, 0, 0, 0, 0, 0, 0, 0, 0]",strap
62244,user_1424,It has two handles instead of one,3SBEHTYCWPWITP3VHKB7OVINM58YIG,140.0,fdd6a114f831fad4a344805881e35292,bag,PartNet,5d4f774fdda6fa1dcd99ccc7ff441abf,bag,ShapeNet,False,bag/ShapeNet/5d4f774fdda6fa1dcd99ccc7ff441abf,bag/PartNet/fdd6a114f831fad4a344805881e35292,True,bag,bag,0,"['it', 'has', 'two', 'handles', 'instead', 'of', 'one']",7,it has two handles instead of one,train,train,train,train,"[1, 23, 24, 17, 18, 97, 38, 19, 2, 0, 0, 0, 0, 0, 0, 0, 0, 0]",strap
62248,user_156,It has two handles.,3C5W7UE9CHJFP33CX3NXXAIV1BZMXL,39.0,83ab18386e87bf4efef598dabc93c115,bag,ShapeNet,4e4fcfffec161ecaed13f430b2941481,bag,ShapeNet,False,bag/ShapeNet/4e4fcfffec161ecaed13f430b2941481,bag/ShapeNet/83ab18386e87bf4efef598dabc93c115,True,bag,bag,0,"['it', 'has', 'two', 'handles']",4,it has two handles,train,train,train,train,"[1, 23, 24, 17, 18, 2, 0, 0, 0, 0, 0, 0, 0, 0, 0, 0, 0, 0]",strap
62249,user_451,The strap on the first bag is thicker and longer,3TYCR1GOTECKOGL6Y9A3UIJH96NZL9,130.0,83ab18386e87bf4efef598dabc93c115,bag,ShapeNet,4e4fcfffec161ecaed13f430b2941481,bag,ShapeNet,False,bag/ShapeNet/4e4fcfffec161ecaed13f430b2941481,bag/ShapeNet/83ab18386e87bf4efef598dabc93c115,True,bag,bag,0,"['the', 'strap', 'on', 'the', 'first', 'bag', 'is', 'thick', '-er', 'and', 'long', '-er']",12,the strap on the first bag is thick -er and long -er,train,train,train,train,"[1, 10, 628, 20, 10, 370, 1909, 7, 54, 9, 47, 32, 9, 2, 0, 0, 0, 0]",strap
62251,user_787,It has handles,3NJM2BJS4YZX78PUYNJ201RG5VWCP9,54.0,3edc3bc2ecf58aae40090e51144242ea,bag,ShapeNet,a67a7117a961d743e3f7a74e12a274ef,bag,PartNet,False,bag/PartNet/a67a7117a961d743e3f7a74e12a274ef,bag/ShapeNet/3edc3bc2ecf58aae40090e51144242ea,False,bag,bag,0,"['it', 'has', 'handles']",3,it has handles,train,train,train,train,"[1, 23, 24, 18, 2, 0, 0, 0, 0, 0, 0, 0, 0, 0, 0, 0, 0, 0]",strap
62252,user_1298,It has handles,3IQ1VMJRYVDOM6CPXKRE8G1D0OYA9F,57.0,3edc3bc2ecf58aae40090e51144242ea,bag,ShapeNet,a67a7117a961d743e3f7a74e12a274ef,bag,PartNet,False,bag/PartNet/a67a7117a961d743e3f7a74e12a274ef,bag/ShapeNet/3edc3bc2ecf58aae40090e51144242ea,False,bag,bag,0,"['it', 'has', 'handles']",3,it has handles,train,train,train,train,"[1, 23, 24, 18, 2, 0, 0, 0, 0, 0, 0, 0, 0, 0, 0, 0, 0, 0]",strap
191699,user_1298,There are two handles,382M9COHEJ8PWBH4B0OR0VEIYPXEUY,70.0,5afe31025e8574ea8d6e12c39b2d5023,bag,ShapeNet,a333a7047900101ffc854afc3ce25be,bag,PartNet,False,bag/PartNet/a333a7047900101ffc854afc3ce25be,bag/ShapeNet/5afe31025e8574ea8d6e12c39b2d5023,True,bag,bag,1,"['there', 'are', 'two', 'handles']",4,there are two handles,train,train,train,train,"[1, 15, 16, 17, 18, 2, 0, 0, 0, 0, 0, 0, 0, 0, 0, 0, 0, 0]",strap
191700,user_757,It has a more rounded carrying strap,3NGMS9VZTNBSJ7KABMDYWDYF021FFK,291.0,add50bbf543ba7eaeab2bd7322386ffd,bag,PartNet,4e4fcfffec161ecaed13f430b2941481,bag,ShapeNet,False,bag/ShapeNet/4e4fcfffec161ecaed13f430b2941481,bag/PartNet/add50bbf543ba7eaeab2bd7322386ffd,False,bag,bag,1,"['it', 'has', 'a', 'more', 'rounded', 'carrying', 'strap']",7,it has a more rounded carrying strap,train,train,train,train,"[1, 23, 24, 26, 34, 48, 2470, 628, 2, 0, 0, 0, 0, 0, 0, 0, 0, 0]",strap
191704,user_1031,It has a handle.,3H7Z272LX90QACJ0B0C13KH3Z4ZLPN,169.0,6ca911066e1f7d32749d52b3e269018,bag,PartNet,5f3af8ff93de34c9e7922afdefd88b6e,bag,ShapeNet,False,bag/ShapeNet/5f3af8ff93de34c9e7922afdefd88b6e,bag/PartNet/6ca911066e1f7d32749d52b3e269018,False,bag,bag,1,"['it', 'has', 'a', 'handle']",4,it has a handle,test,train,test,train,"[1, 23, 24, 26, 29, 2, 0, 0, 0, 0, 0, 0, 0, 0, 0, 0, 0, 0]",strap
191706,user_786,It has a low straight handle that is NOT curved like a circle,3BEFOD78W8MOR1F2DSLS0ZLX8EF4M5,192.0,d9fb0b4c7b6f84d0abc49cae1a831a9e,bag,PartNet,c5c0f63f94ddf4c258d149fbd24761c4,bag,ShapeNet,False,bag/ShapeNet/c5c0f63f94ddf4c258d149fbd24761c4,bag/PartNet/d9fb0b4c7b6f84d0abc49cae1a831a9e,False,bag,bag,1,"['it', 'has', 'a', 'low', 'straight', 'handle', 'that', 'is', 'not', 'curved', 'like', 'a', 'circle']",13,it has a low straight handle that is not curved like a circle,train,train,train,train,"[1, 23, 24, 26, 345, 114, 29, 172, 7, 40, 51, 35, 26, 149, 2, 0, 0, 0]",strap
191707,user_1298,There is piping along the body,3BV8HQ2ZZYU14NARZDO2O6ABANKA6Y,109.0,d9fb0b4c7b6f84d0abc49cae1a831a9e,bag,PartNet,c5c0f63f94ddf4c258d149fbd24761c4,bag,ShapeNet,False,bag/ShapeNet/c5c0f63f94ddf4c258d149fbd24761c4,bag/PartNet/d9fb0b4c7b6f84d0abc49cae1a831a9e,False,bag,bag,1,"['there', 'is', 'piping', 'along', 'the', 'body']",6,there is piping along the body,train,train,train,train,"[1, 15, 7, 562, 480, 10, 45, 2, 0, 0, 0, 0, 0, 0, 0, 0, 0, 0]",body
191708,user_2115,handle is short,337RC3OW07V3FWGWXCL09C6LLT3LVD,181.0,d9fb0b4c7b6f84d0abc49cae1a831a9e,bag,PartNet,c5c0f63f94ddf4c258d149fbd24761c4,bag,ShapeNet,True,bag/ShapeNet/c5c0f63f94ddf4c258d149fbd24761c4,bag/PartNet/d9fb0b4c7b6f84d0abc49cae1a831a9e,False,bag,bag,1,"['handle', 'is', 'short']",3,handle is short,train,train,train,train,"[1, 29, 7, 8, 2, 0, 0, 0, 0, 0, 0, 0, 0, 0, 0, 0, 0, 0]",strap
191714,user_2044,The body is triangular in shape,36NEMU28XH6003YMNYRBVR4OS7JMWE,86.0,a405a7ca363c7c41bbda4bd2b976d8f7,bag,PartNet,8bc53bae41a8105f5c7506815f553527,bag,ShapeNet,False,bag/ShapeNet/8bc53bae41a8105f5c7506815f553527,bag/PartNet/a405a7ca363c7c41bbda4bd2b976d8f7,False,bag,bag,1,"['the', 'body', 'is', 'triangular', 'in', 'shape']",6,the body is triangular in shape,train,train,train,train,"[1, 10, 45, 7, 564, 90, 93, 2, 0, 0, 0, 0, 0, 0, 0, 0, 0, 0]",body
191717,user_1298,The body is slimmer,3KV0LJBBH4EVS7H0O4H58SW70RIRMS,47.0,4a1f62dbe8b091eabc49cae1a831a9e,bag,ShapeNet,157fa29bcf6b890d76bb31db0358e9c6,bag,ShapeNet,False,bag/ShapeNet/157fa29bcf6b890d76bb31db0358e9c6,bag/ShapeNet/4a1f62dbe8b091eabc49cae1a831a9e,True,bag,bag,1,"['the', 'body', 'is', 'slim', '-er']",5,the body is slim -er,test,train,test,train,"[1, 10, 45, 7, 829, 9, 2, 0, 0, 0, 0, 0, 0, 0, 0, 0, 0, 0]",body
191724,user_786,The handle's handgrip is a rectangular block,3Z7VU45IP0A7Y9H25ZSKA3A3BX0Z1F,102.0,1b84dededd445058e44a5473032f38f,bag,ShapeNet,f872a64810c123a47abde6405e4d8323,bag,ShapeNet,False,bag/ShapeNet/f872a64810c123a47abde6405e4d8323,bag/ShapeNet/1b84dededd445058e44a5473032f38f,False,bag,bag,1,"['the', 'handle', ""'s"", 'handgrip', 'is', 'a', 'rectangular', 'block']",8,the handle 's handgrip is a rectangular block,train,train,train,train,"[1, 10, 29, 12, 5042, 7, 26, 128, 885, 2, 0, 0, 0, 0, 0, 0, 0, 0]",strap
191725,user_787,It has a handle and strap,3IQ1VMJRYVDOM6CPXKRE8G1D0OR9A7,57.0,1b84dededd445058e44a5473032f38f,bag,ShapeNet,f872a64810c123a47abde6405e4d8323,bag,ShapeNet,False,bag/ShapeNet/f872a64810c123a47abde6405e4d8323,bag/ShapeNet/1b84dededd445058e44a5473032f38f,False,bag,bag,1,"['it', 'has', 'a', 'handle', 'and', 'strap']",6,it has a handle and strap,train,train,train,train,"[1, 23, 24, 26, 29, 47, 628, 2, 0, 0, 0, 0, 0, 0, 0, 0, 0, 0]",strap
191726,user_2048,it has a pocket with zipper on front,38JBBYETQQ3QFDNPWUX9NRGOZB34ET,54.0,1b84dededd445058e44a5473032f38f,bag,ShapeNet,f872a64810c123a47abde6405e4d8323,bag,ShapeNet,False,bag/ShapeNet/f872a64810c123a47abde6405e4d8323,bag/ShapeNet/1b84dededd445058e44a5473032f38f,False,bag,bag,1,"['it', 'has', 'a', 'pocket', 'with', 'zipper', 'on', 'front']",8,it has a pocket with zipper on front,train,train,train,train,"[1, 23, 24, 26, 1425, 121, 3343, 20, 37, 2, 0, 0, 0, 0, 0, 0, 0, 0]",body
191728,user_1651,It has two straps in the middle,3C5W7UE9CHJFP33CX3NXXAIV19IMX0,132.0,add50bbf543ba7eaeab2bd7322386ffd,bag,PartNet,22065bf26a7da50a5c4dc8ac281ba59d,bag,ShapeNet,False,bag/ShapeNet/22065bf26a7da50a5c4dc8ac281ba59d,bag/PartNet/add50bbf543ba7eaeab2bd7322386ffd,False,bag,bag,1,"['it', 'has', 'two', 'straps', 'in', 'the', 'middle']",7,it has two straps in the middle,train,train,train,train,"[1, 23, 24, 17, 716, 90, 10, 232, 2, 0, 0, 0, 0, 0, 0, 0, 0, 0]",strap
191729,user_2002,The handles are shorter,33C7UALJVNRSEDGFW9S7XJDZCPU18F,50.0,add50bbf543ba7eaeab2bd7322386ffd,bag,PartNet,22065bf26a7da50a5c4dc8ac281ba59d,bag,ShapeNet,False,bag/ShapeNet/22065bf26a7da50a5c4dc8ac281ba59d,bag/PartNet/add50bbf543ba7eaeab2bd7322386ffd,False,bag,bag,1,"['the', 'handles', 'are', 'short', '-er']",5,the handles are short -er,train,train,train,train,"[1, 10, 18, 16, 8, 9, 2, 0, 0, 0, 0, 0, 0, 0, 0, 0, 0, 0]",strap
191733,user_203,The body does not have triangular designs.,3RJSC4XJ12N9K6CV2SH47UKY57A501,113.0,71ead7f072106c63ed13f430b2941481,bag,ShapeNet,6187bd900c3bc002ed13f430b2941481,bag,ShapeNet,False,bag/ShapeNet/6187bd900c3bc002ed13f430b2941481,bag/ShapeNet/71ead7f072106c63ed13f430b2941481,False,bag,bag,1,"['the', 'body', 'does', 'not', 'have', 'triangular', 'designs']",7,the body does not have triangular designs,train,train,train,train,"[1, 10, 45, 39, 40, 84, 564, 1743, 2, 0, 0, 0, 0, 0, 0, 0, 0, 0]",body
191735,user_1298,The handles are angles,36ZN444YTTR6ZBZTBX29M4KL8VVIOB,122.0,71ead7f072106c63ed13f430b2941481,bag,ShapeNet,6187bd900c3bc002ed13f430b2941481,bag,ShapeNet,False,bag/ShapeNet/6187bd900c3bc002ed13f430b2941481,bag/ShapeNet/71ead7f072106c63ed13f430b2941481,False,bag,bag,1,"['the', 'handles', 'are', 'angles']",4,the handles are angles,train,train,train,train,"[1, 10, 18, 16, 340, 2, 0, 0, 0, 0, 0, 0, 0, 0, 0, 0, 0, 0]",strap
191737,user_1298,The body is much smaller,33C7UALJVNRSEDGFW9S7XJDZCOA18T,48.0,93ca5243aa73b5de81157c9325bb0e45,bag,ShapeNet,1614bc965545308e5de21284bb515a83,bag,PartNet,False,bag/PartNet/1614bc965545308e5de21284bb515a83,bag/ShapeNet/93ca5243aa73b5de81157c9325bb0e45,False,bag,bag,1,"['the', 'body', 'is', 'much', 'small', '-er']",6,the body is much small -er,train,train,train,train,"[1, 10, 45, 7, 59, 111, 9, 2, 0, 0, 0, 0, 0, 0, 0, 0, 0, 0]",body
191742,user_156,It has two carrying straps.,304SM51WA5XBAVDGC4R1KMQ9AXMBS6,53.0,d9fb0b4c7b6f84d0abc49cae1a831a9e,bag,PartNet,9296663dcefe3f6d9830ee784de3bbf2,bag,PartNet,False,bag/PartNet/9296663dcefe3f6d9830ee784de3bbf2,bag/PartNet/d9fb0b4c7b6f84d0abc49cae1a831a9e,False,bag,bag,1,"['it', 'has', 'two', 'carrying', 'straps']",5,it has two carrying straps,train,train,train,train,"[1, 23, 24, 17, 2470, 716, 2, 0, 0, 0, 0, 0, 0, 0, 0, 0, 0, 0]",strap
191743,user_507,it has straps on the back,392CY0QWG3K2VIPBSDN086EGR8M4IM,27.0,d9fb0b4c7b6f84d0abc49cae1a831a9e,bag,PartNet,9296663dcefe3f6d9830ee784de3bbf2,bag,PartNet,False,bag/PartNet/9296663dcefe3f6d9830ee784de3bbf2,bag/PartNet/d9fb0b4c7b6f84d0abc49cae1a831a9e,False,bag,bag,1,"['it', 'has', 'straps', 'on', 'the', 'back']",6,it has straps on the back,train,train,train,train,"[1, 23, 24, 716, 20, 10, 183, 2, 0, 0, 0, 0, 0, 0, 0, 0, 0, 0]",strap
191744,user_677,It has a smaller handle on top,39ASUFLU6Z0HDFBZG5ZEK2DMS8BEXP,65.0,d9fb0b4c7b6f84d0abc49cae1a831a9e,bag,PartNet,9296663dcefe3f6d9830ee784de3bbf2,bag,PartNet,False,bag/PartNet/9296663dcefe3f6d9830ee784de3bbf2,bag/PartNet/d9fb0b4c7b6f84d0abc49cae1a831a9e,False,bag,bag,1,"['it', 'has', 'a', 'small', '-er', 'handle', 'on', 'top']",8,it has a small -er handle on top,train,train,train,train,"[1, 23, 24, 26, 111, 9, 29, 20, 99, 2, 0, 0, 0, 0, 0, 0, 0, 0]",strap
191745,user_156,It has no carrying straps.,3VHHR074H5A146F0FEIK3YQIZC27LF,32.0,c3546b0830a79ea64be35abb02d18d44,bag,PartNet,10a885f5971d9d4ce858db1dc3499392,bag,ShapeNet,False,bag/ShapeNet/10a885f5971d9d4ce858db1dc3499392,bag/PartNet/c3546b0830a79ea64be35abb02d18d44,True,bag,bag,1,"['it', 'has', 'no', 'carrying', 'straps']",5,it has no carrying straps,train,train,train,train,"[1, 23, 24, 123, 2470, 716, 2, 0, 0, 0, 0, 0, 0, 0, 0, 0, 0, 0]",strap
191747,user_786,It has a handle on top,3N2BF7Y2VSNI3D3XSZ5BUOU1DMQHMZ,94.0,c3546b0830a79ea64be35abb02d18d44,bag,PartNet,10a885f5971d9d4ce858db1dc3499392,bag,ShapeNet,False,bag/ShapeNet/10a885f5971d9d4ce858db1dc3499392,bag/PartNet/c3546b0830a79ea64be35abb02d18d44,True,bag,bag,1,"['it', 'has', 'a', 'handle', 'on', 'top']",6,it has a handle on top,train,train,train,train,"[1, 23, 24, 26, 29, 20, 99, 2, 0, 0, 0, 0, 0, 0, 0, 0, 0, 0]",strap
191751,user_786,Its handles attach to the front face instead of the side face,3XUHV3NRVMRKV6IR00OPDMJFRO15HS,139.0,88d375bc79ef32532e50abc7a1305908,bag,ShapeNet,6881468dd51c214922022e93ae2b2b5b,bag,ShapeNet,False,bag/ShapeNet/6881468dd51c214922022e93ae2b2b5b,bag/ShapeNet/88d375bc79ef32532e50abc7a1305908,True,bag,bag,1,"['its', 'handles', 'attach', 'to', 'the', 'front', 'face', 'instead', 'of', 'the', 'side', 'face']",12,its handles attach to the front face instead of the side face,train,train,train,train,"[1, 5, 18, 415, 58, 10, 37, 56, 97, 38, 10, 22, 56, 2, 0, 0, 0, 0]",strap
191752,user_1604,The handles attach to the front and back.,336KAV9KYSLEI4PTSHQF1FB6XBMY2K,75.0,88d375bc79ef32532e50abc7a1305908,bag,ShapeNet,6881468dd51c214922022e93ae2b2b5b,bag,ShapeNet,False,bag/ShapeNet/6881468dd51c214922022e93ae2b2b5b,bag/ShapeNet/88d375bc79ef32532e50abc7a1305908,True,bag,bag,1,"['the', 'handles', 'attach', 'to', 'the', 'front', 'and', 'back']",8,the handles attach to the front and back,train,train,train,train,"[1, 10, 18, 415, 58, 10, 37, 47, 183, 2, 0, 0, 0, 0, 0, 0, 0, 0]",strap
191754,user_507,it has one handle instead of 2,3XXU1SWE8OO6QCOCXO8LF50KXO4A0B,34.0,f5800755a78fc83957be02cb1dc1e62,bag,ShapeNet,11d831e89c65adeddeb12bc39b9090ab,bag,PartNet,False,bag/PartNet/11d831e89c65adeddeb12bc39b9090ab,bag/ShapeNet/f5800755a78fc83957be02cb1dc1e62,False,bag,bag,1,"['it', 'has', 'one', 'handle', 'instead', 'of', 'two']",7,it has one handle instead of two,train,train,train,train,"[1, 23, 24, 19, 29, 97, 38, 17, 2, 0, 0, 0, 0, 0, 0, 0, 0, 0]",strap
191756,user_1124,Target body is square shaped.,336KAV9KYSLEI4PTSHQF1FB6XAW2YW,155.0,f5800755a78fc83957be02cb1dc1e62,bag,ShapeNet,11d831e89c65adeddeb12bc39b9090ab,bag,PartNet,False,bag/PartNet/11d831e89c65adeddeb12bc39b9090ab,bag/ShapeNet/f5800755a78fc83957be02cb1dc1e62,False,bag,bag,1,"['target', 'body', 'is', 'square', 'shaped']",5,target body is square shaped,train,train,train,train,"[1, 11, 45, 7, 50, 14, 2, 0, 0, 0, 0, 0, 0, 0, 0, 0, 0, 0]",body
191765,user_1894,It has a single top handle.,3G2UL9A02F7JLLCTSACIEF8L9FD763,296.0,54020887fae8cea02d9a3aad1271738b,bag,PartNet,20b4891228ecfb4876bb31db0358e9c6,bag,ShapeNet,False,bag/ShapeNet/20b4891228ecfb4876bb31db0358e9c6,bag/PartNet/54020887fae8cea02d9a3aad1271738b,True,bag,bag,1,"['it', 'has', 'a', 'single', 'top', 'handle']",6,it has a single top handle,train,train,train,train,"[1, 23, 24, 26, 86, 99, 29, 2, 0, 0, 0, 0, 0, 0, 0, 0, 0, 0]",strap
191766,user_156,It has two carrying straps.,32SVAV9L3H2274N9GBQ4H3YR0YHA3V,33.0,bb6eba59b185e6bce8a1430c80ad4e85,bag,PartNet,1b70bb39da3c559f8a729a9d838530b4,bag,PartNet,False,bag/PartNet/1b70bb39da3c559f8a729a9d838530b4,bag/PartNet/bb6eba59b185e6bce8a1430c80ad4e85,True,bag,bag,1,"['it', 'has', 'two', 'carrying', 'straps']",5,it has two carrying straps,train,train,train,train,"[1, 23, 24, 17, 2470, 716, 2, 0, 0, 0, 0, 0, 0, 0, 0, 0, 0, 0]",strap
191767,user_786,It has two backpack straps at the back face,3IFS6Q0HJKCLX3RMIEJI69UM5LDISP,164.0,bb6eba59b185e6bce8a1430c80ad4e85,bag,PartNet,1b70bb39da3c559f8a729a9d838530b4,bag,PartNet,False,bag/PartNet/1b70bb39da3c559f8a729a9d838530b4,bag/PartNet/bb6eba59b185e6bce8a1430c80ad4e85,True,bag,bag,1,"['it', 'has', 'two', 'backpack', 'straps', 'at', 'the', 'back', 'face']",9,it has two backpack straps at the back face,train,train,train,train,"[1, 23, 24, 17, 3332, 716, 98, 10, 183, 56, 2, 0, 0, 0, 0, 0, 0, 0]",strap
191772,user_203,The body has an ornament.,3L4D84MIL1LS25XCP2SJEW2K9P4HJY,839.0,68b7ca73de30ad6df2197da8dec8488d,bag,ShapeNet,6b094dc5129ab53fed13f430b2941481,bag,PartNet,False,bag/PartNet/6b094dc5129ab53fed13f430b2941481,bag/ShapeNet/68b7ca73de30ad6df2197da8dec8488d,False,bag,bag,1,"['the', 'body', 'has', 'an', 'ornament']",5,the body has an ornament,val,train,val,train,"[1, 10, 45, 24, 72, 2793, 2, 0, 0, 0, 0, 0, 0, 0, 0, 0, 0, 0]",body
191774,user_2114,It has two handles.,3L2IS5HSFCBTQHUH4ZRAQI8RCGSNUO,99.0,68b7ca73de30ad6df2197da8dec8488d,bag,ShapeNet,6b094dc5129ab53fed13f430b2941481,bag,PartNet,False,bag/PartNet/6b094dc5129ab53fed13f430b2941481,bag/ShapeNet/68b7ca73de30ad6df2197da8dec8488d,False,bag,bag,1,"['it', 'has', 'two', 'handles']",4,it has two handles,val,train,val,train,"[1, 23, 24, 17, 18, 2, 0, 0, 0, 0, 0, 0, 0, 0, 0, 0, 0, 0]",strap
191776,user_203,The handle is not as high.,3QUO65DNQWHB82UT5ERN578W2QWUO9,189.0,d7dff9ecaf5f063cb1eb0742a46d174e,bag,PartNet,8e3eb521577dddea7d2c1de1b4d2a6e4,bag,PartNet,False,bag/PartNet/8e3eb521577dddea7d2c1de1b4d2a6e4,bag/PartNet/d7dff9ecaf5f063cb1eb0742a46d174e,True,bag,bag,1,"['the', 'handle', 'is', 'not', 'as', 'high']",6,the handle is not as high,train,train,train,train,"[1, 10, 29, 7, 40, 52, 49, 2, 0, 0, 0, 0, 0, 0, 0, 0, 0, 0]",strap
191777,user_1298,The handle is smaller,3S06PH7KSTX4V8C6DH3NJBR0NF01DS,40.0,d7dff9ecaf5f063cb1eb0742a46d174e,bag,PartNet,8e3eb521577dddea7d2c1de1b4d2a6e4,bag,PartNet,False,bag/PartNet/8e3eb521577dddea7d2c1de1b4d2a6e4,bag/PartNet/d7dff9ecaf5f063cb1eb0742a46d174e,True,bag,bag,1,"['the', 'handle', 'is', 'small', '-er']",5,the handle is small -er,train,train,train,train,"[1, 10, 29, 7, 111, 9, 2, 0, 0, 0, 0, 0, 0, 0, 0, 0, 0, 0]",strap
191780,user_1689,It has a single handle.,30ZX6P7VFAOONFUU6HPCRSWIK5V2J8,181.0,30bf69aa24dbb3fc9de193e488fc4dce,bag,ShapeNet,788eee4bfb4f27ecc33cda78d407d98a,bag,PartNet,False,bag/PartNet/788eee4bfb4f27ecc33cda78d407d98a,bag/ShapeNet/30bf69aa24dbb3fc9de193e488fc4dce,True,bag,bag,1,"['it', 'has', 'a', 'single', 'handle']",5,it has a single handle,train,train,train,train,"[1, 23, 24, 26, 86, 29, 2, 0, 0, 0, 0, 0, 0, 0, 0, 0, 0, 0]",strap
191785,user_786,Its handles are more semi-circular than triangular,3KWTYT0872WMH21HRL3N5ECM88A5L5,231.0,c5285f62ab36c0b84a001c5cd830d507,bag,PartNet,71ead7f072106c63ed13f430b2941481,bag,ShapeNet,False,bag/ShapeNet/71ead7f072106c63ed13f430b2941481,bag/PartNet/c5285f62ab36c0b84a001c5cd830d507,True,bag,bag,1,"['its', 'handles', 'are', 'more', 'semi', 'circular', 'than', 'triangular']",8,its handles are more semi circular than triangular,train,train,train,train,"[1, 5, 18, 16, 34, 407, 102, 131, 564, 2, 0, 0, 0, 0, 0, 0, 0, 0]",strap
191793,user_1298,The handle is smaller,3K9FOBBF2JCQ7R7NVLZ9ZVC8ZP4NLZ,45.0,5afe31025e8574ea8d6e12c39b2d5023,bag,ShapeNet,54931ecfaf7c4e08302e608f9e1070d0,bag,PartNet,False,bag/PartNet/54931ecfaf7c4e08302e608f9e1070d0,bag/ShapeNet/5afe31025e8574ea8d6e12c39b2d5023,True,bag,bag,1,"['the', 'handle', 'is', 'small', '-er']",5,the handle is small -er,train,train,train,train,"[1, 10, 29, 7, 111, 9, 2, 0, 0, 0, 0, 0, 0, 0, 0, 0, 0, 0]",strap
191795,user_2048,it's handle can be lowered into a rectangle,37Z929RLGB1B6H7XCQIMKGWVG1UTSG,47.0,5afe31025e8574ea8d6e12c39b2d5023,bag,ShapeNet,54931ecfaf7c4e08302e608f9e1070d0,bag,PartNet,False,bag/PartNet/54931ecfaf7c4e08302e608f9e1070d0,bag/ShapeNet/5afe31025e8574ea8d6e12c39b2d5023,True,bag,bag,1,"['it', 'is', 'handle', 'can', 'be', 'lowered', 'into', 'a', 'rectangle']",9,it is handle can be lowered into a rectangle,train,train,train,train,"[1, 23, 7, 29, 1168, 204, 1659, 148, 26, 425, 2, 0, 0, 0, 0, 0, 0, 0]",strap
191802,user_1298,The handles are wider,3UXUOQ9OKGQK8NOWINTUUKA75YX7AN,55.0,811f592148958510abc49cae1a831a9e,bag,PartNet,c5285f62ab36c0b84a001c5cd830d507,bag,PartNet,False,bag/PartNet/c5285f62ab36c0b84a001c5cd830d507,bag/PartNet/811f592148958510abc49cae1a831a9e,True,bag,bag,1,"['the', 'handles', 'are', 'wide', '-er']",5,the handles are wide -er,train,train,train,train,"[1, 10, 18, 16, 83, 9, 2, 0, 0, 0, 0, 0, 0, 0, 0, 0, 0, 0]",strap
191805,user_156,"Its body has curved edges, not hard angles.",3UNH76FOCUY4P8TM2Z9ZGOP43ESYMW,48.0,151d033af5381fd4c1e1e64c8ea306ea,bag,ShapeNet,d3bd250ca3cb8e29976855a35549333,bag,ShapeNet,False,bag/ShapeNet/d3bd250ca3cb8e29976855a35549333,bag/ShapeNet/151d033af5381fd4c1e1e64c8ea306ea,True,bag,bag,1,"['its', 'body', 'has', 'curved', 'edges', 'not', 'hard', 'angles']",8,its body has curved edges not hard angles,train,train,train,train,"[1, 5, 45, 24, 51, 325, 40, 629, 340, 2, 0, 0, 0, 0, 0, 0, 0, 0]",body
191807,user_2020,Handles are shorter,3WQ3B2KGEA9BGBEMZLCHOL30KUK1BH,53.0,151d033af5381fd4c1e1e64c8ea306ea,bag,ShapeNet,d3bd250ca3cb8e29976855a35549333,bag,ShapeNet,True,bag/ShapeNet/d3bd250ca3cb8e29976855a35549333,bag/ShapeNet/151d033af5381fd4c1e1e64c8ea306ea,True,bag,bag,1,"['handles', 'are', 'short', '-er']",4,handles are short -er,train,train,train,train,"[1, 18, 16, 8, 9, 2, 0, 0, 0, 0, 0, 0, 0, 0, 0, 0, 0, 0]",strap
191808,user_786,It has no handle on top,3YT88D1N0AR8JHWVS23TBH1N59BK3I,116.0,54931ecfaf7c4e08302e608f9e1070d0,bag,PartNet,ec1b9ac45597e4cd9318cfd6c0d37d9b,bag,PartNet,False,bag/PartNet/ec1b9ac45597e4cd9318cfd6c0d37d9b,bag/PartNet/54931ecfaf7c4e08302e608f9e1070d0,False,bag,bag,1,"['it', 'has', 'no', 'handle', 'on', 'top']",6,it has no handle on top,train,train,train,train,"[1, 23, 24, 123, 29, 20, 99, 2, 0, 0, 0, 0, 0, 0, 0, 0, 0, 0]",strap
191809,user_891,it has more pockets,3EJJQNKU9TY90TGPX71SGNOBJ57HRX,81.0,54931ecfaf7c4e08302e608f9e1070d0,bag,PartNet,ec1b9ac45597e4cd9318cfd6c0d37d9b,bag,PartNet,False,bag/PartNet/ec1b9ac45597e4cd9318cfd6c0d37d9b,bag/PartNet/54931ecfaf7c4e08302e608f9e1070d0,False,bag,bag,1,"['it', 'has', 'more', 'pockets']",4,it has more pockets,train,train,train,train,"[1, 23, 24, 34, 2930, 2, 0, 0, 0, 0, 0, 0, 0, 0, 0, 0, 0, 0]",body
191815,user_1298,The body has a modern design,3B3WTRP3DDVZH3HLK5YZ2YIFO0R92S,41.0,6be0fb1d4872e759285e5a1f74237618,bag,PartNet,5c12982724d7f3d28bc9f09e7c72cc8a,bag,PartNet,False,bag/PartNet/5c12982724d7f3d28bc9f09e7c72cc8a,bag/PartNet/6be0fb1d4872e759285e5a1f74237618,False,bag,bag,1,"['the', 'body', 'has', 'a', 'modern', 'design']",6,the body has a modern design,train,train,train,train,"[1, 10, 45, 24, 26, 458, 192, 2, 0, 0, 0, 0, 0, 0, 0, 0, 0, 0]",body
191817,user_677,The strap is taller,31N2WW6R9TJX3V4HRRCWV49IXC43F7,89.0,eebc8d35d05e49b86afa58a86636d6be,bag,PartNet,dc52131684ed9cbbfe4a8257a424ee86,bag,ShapeNet,False,bag/ShapeNet/dc52131684ed9cbbfe4a8257a424ee86,bag/PartNet/eebc8d35d05e49b86afa58a86636d6be,False,bag,bag,1,"['the', 'strap', 'is', 'tall', '-er']",5,the strap is tall -er,train,train,train,train,"[1, 10, 628, 7, 53, 9, 2, 0, 0, 0, 0, 0, 0, 0, 0, 0, 0, 0]",strap
191818,user_891,it has pockets,3L2IS5HSFCBTQHUH4ZRAQI8RCGKUNN,42.0,eebc8d35d05e49b86afa58a86636d6be,bag,PartNet,dc52131684ed9cbbfe4a8257a424ee86,bag,ShapeNet,False,bag/ShapeNet/dc52131684ed9cbbfe4a8257a424ee86,bag/PartNet/eebc8d35d05e49b86afa58a86636d6be,False,bag,bag,1,"['it', 'has', 'pockets']",3,it has pockets,train,train,train,train,"[1, 23, 24, 2930, 2, 0, 0, 0, 0, 0, 0, 0, 0, 0, 0, 0, 0, 0]",body
191819,user_2048,It has outside pockets,34T446B1C27UJRLAH24CL0Q8XNA0CG,49.0,eebc8d35d05e49b86afa58a86636d6be,bag,PartNet,dc52131684ed9cbbfe4a8257a424ee86,bag,ShapeNet,True,bag/ShapeNet/dc52131684ed9cbbfe4a8257a424ee86,bag/PartNet/eebc8d35d05e49b86afa58a86636d6be,False,bag,bag,1,"['it', 'has', 'outside', 'pockets']",4,it has outside pockets,train,train,train,train,"[1, 23, 24, 1636, 2930, 2, 0, 0, 0, 0, 0, 0, 0, 0, 0, 0, 0, 0]",body
191820,user_41,it has studs at the bottom of the handles,33FBRBDW6QSC1GQDC6HREFWQGM4C8Z,119.0,61c9570c3d12e47cd061bb85232b3b01,bag,PartNet,5ce403455e28451b76bb31db0358e9c6,bag,PartNet,False,bag/PartNet/5ce403455e28451b76bb31db0358e9c6,bag/PartNet/61c9570c3d12e47cd061bb85232b3b01,True,bag,bag,1,"['it', 'has', 'studs', 'at', 'the', 'bottom', 'of', 'the', 'handles']",9,it has studs at the bottom of the handles,test,train,test,train,"[1, 23, 24, 1599, 98, 10, 76, 38, 10, 18, 2, 0, 0, 0, 0, 0, 0, 0]",strap
191822,user_1602,The body has tabs with studs.,3O7L7BFSHGIKNKM4HJZDHSQ74UPEI5,81.0,61c9570c3d12e47cd061bb85232b3b01,bag,PartNet,5ce403455e28451b76bb31db0358e9c6,bag,PartNet,False,bag/PartNet/5ce403455e28451b76bb31db0358e9c6,bag/PartNet/61c9570c3d12e47cd061bb85232b3b01,True,bag,bag,1,"['the', 'body', 'has', 'tabs', 'with', 'studs']",6,the body has tabs with studs,test,train,test,train,"[1, 10, 45, 24, 2755, 121, 1599, 2, 0, 0, 0, 0, 0, 0, 0, 0, 0, 0]",body
191825,user_507,the handle has a bend in it,3NG53N1RLXCVV5ZHHB3XYFVXF8EP8R,43.0,4e4fcfffec161ecaed13f430b2941481,bag,ShapeNet,581af450a3a8009abc49cae1a831a9e,bag,ShapeNet,False,bag/ShapeNet/581af450a3a8009abc49cae1a831a9e,bag/ShapeNet/4e4fcfffec161ecaed13f430b2941481,True,bag,bag,1,"['the', 'handle', 'has', 'a', 'bend', 'in', 'it']",7,the handle has a bend in it,train,train,train,train,"[1, 10, 29, 24, 26, 190, 90, 23, 2, 0, 0, 0, 0, 0, 0, 0, 0, 0]",strap
191826,user_156,It has only one handle.,34BBWHLWHC4E4K8V2JTJ3YX7B02IW1,31.0,c3426d26e0408be4285e5a1f74237618,bag,ShapeNet,1b70bb39da3c559f8a729a9d838530b4,bag,PartNet,False,bag/PartNet/1b70bb39da3c559f8a729a9d838530b4,bag/ShapeNet/c3426d26e0408be4285e5a1f74237618,False,bag,bag,1,"['it', 'has', 'only', 'one', 'handle']",5,it has only one handle,train,train,train,train,"[1, 23, 24, 133, 19, 29, 2, 0, 0, 0, 0, 0, 0, 0, 0, 0, 0, 0]",strap
191827,user_428,It has one handle at the top.,339ANSOTR7VN9KEED5AGFN3COQLKIT,162.0,c3426d26e0408be4285e5a1f74237618,bag,ShapeNet,1b70bb39da3c559f8a729a9d838530b4,bag,PartNet,False,bag/PartNet/1b70bb39da3c559f8a729a9d838530b4,bag/ShapeNet/c3426d26e0408be4285e5a1f74237618,False,bag,bag,1,"['it', 'has', 'one', 'handle', 'at', 'the', 'top']",7,it has one handle at the top,train,train,train,train,"[1, 23, 24, 19, 29, 98, 10, 99, 2, 0, 0, 0, 0, 0, 0, 0, 0, 0]",strap
191830,user_786,It has one thick handle (not two) with a rectangular cross section,386CSBG1O1FTR3H8O9LOE6PGE5A6Q5,234.0,23d04b1d0e700f9674dc49346c29fd4d,bag,PartNet,f5108ede5ca11f041f6736765dee4fa9,bag,ShapeNet,False,bag/ShapeNet/f5108ede5ca11f041f6736765dee4fa9,bag/PartNet/23d04b1d0e700f9674dc49346c29fd4d,False,bag,bag,1,"['it', 'has', 'one', 'thick', 'handle', 'not', 'two', 'with', 'a', 'rectangular', 'cross', 'section']",12,it has one thick handle not two with a rectangular cross section,test,train,test,train,"[1, 23, 24, 19, 54, 29, 40, 17, 121, 26, 128, 28, 354, 2, 0, 0, 0, 0]",strap
191831,user_1604,It has a thick handle.,3N2BF7Y2VSNI3D3XSZ5BUOU1DKQMH0,106.0,23d04b1d0e700f9674dc49346c29fd4d,bag,PartNet,f5108ede5ca11f041f6736765dee4fa9,bag,ShapeNet,False,bag/ShapeNet/f5108ede5ca11f041f6736765dee4fa9,bag/PartNet/23d04b1d0e700f9674dc49346c29fd4d,False,bag,bag,1,"['it', 'has', 'a', 'thick', 'handle']",5,it has a thick handle,test,train,test,train,"[1, 23, 24, 26, 54, 29, 2, 0, 0, 0, 0, 0, 0, 0, 0, 0, 0, 0]",strap
191835,user_156,"Its handles are angular, not curved.",3SKRO2GZ73KC9EIG5YPANOMQ7RN1K1,103.0,93ca5243aa73b5de81157c9325bb0e45,bag,ShapeNet,6187bd900c3bc002ed13f430b2941481,bag,ShapeNet,False,bag/ShapeNet/6187bd900c3bc002ed13f430b2941481,bag/ShapeNet/93ca5243aa73b5de81157c9325bb0e45,True,bag,bag,1,"['its', 'handles', 'are', 'angular', 'not', 'curved']",6,its handles are angular not curved,train,train,train,train,"[1, 5, 18, 16, 426, 40, 51, 2, 0, 0, 0, 0, 0, 0, 0, 0, 0, 0]",strap
191836,user_677,Its handles are geometric,3YWRV122CUS8NA7DYX2R8LIWNNUU8C,127.0,93ca5243aa73b5de81157c9325bb0e45,bag,ShapeNet,6187bd900c3bc002ed13f430b2941481,bag,ShapeNet,False,bag/ShapeNet/6187bd900c3bc002ed13f430b2941481,bag/ShapeNet/93ca5243aa73b5de81157c9325bb0e45,True,bag,bag,1,"['its', 'handles', 'are', 'geometric']",4,its handles are geometric,train,train,train,train,"[1, 5, 18, 16, 1588, 2, 0, 0, 0, 0, 0, 0, 0, 0, 0, 0, 0, 0]",strap
191837,user_786,Its handles contain only straight lines with no curves,3E7TUJ2EGEFMKDF1HUIGYH9JLRI9D3,141.0,93ca5243aa73b5de81157c9325bb0e45,bag,ShapeNet,6187bd900c3bc002ed13f430b2941481,bag,ShapeNet,False,bag/ShapeNet/6187bd900c3bc002ed13f430b2941481,bag/ShapeNet/93ca5243aa73b5de81157c9325bb0e45,True,bag,bag,1,"['its', 'handles', 'contain', 'only', 'straight', 'lines', 'with', 'no', 'curves']",9,its handles contain only straight lines with no curves,train,train,train,train,"[1, 5, 18, 1778, 133, 114, 398, 121, 123, 156, 2, 0, 0, 0, 0, 0, 0, 0]",strap
191843,user_2044,The body is less wrinkled,34HJIJKLP7P7HO9BRKMJNV4AZ7WV4I,73.0,c5a37b5192fba85b9ca96b2737246fca,bag,PartNet,1342fc4f613687f92569b963af585e33,bag,ShapeNet,False,bag/ShapeNet/1342fc4f613687f92569b963af585e33,bag/PartNet/c5a37b5192fba85b9ca96b2737246fca,True,bag,bag,1,"['the', 'body', 'is', 'less', 'wrinkled']",5,the body is less wrinkled,train,train,train,train,"[1, 10, 45, 7, 229, 1855, 2, 0, 0, 0, 0, 0, 0, 0, 0, 0, 0, 0]",body
191845,user_786,It has a handle shaped like the top 3/4 of a big wide circular ring,3IRIK4HM3CDPX27PJRKTU10ZARBC6A,256.0,8bc53bae41a8105f5c7506815f553527,bag,ShapeNet,d9015890f9691fd593daa1a1c18444ab,bag,ShapeNet,False,bag/ShapeNet/d9015890f9691fd593daa1a1c18444ab,bag/ShapeNet/8bc53bae41a8105f5c7506815f553527,True,bag,bag,1,"['it', 'has', 'a', 'handle', 'shaped', 'like', 'the', 'top', 'three', 'four', 'of', 'a', 'big', 'wide', 'circular', 'ring']",16,it has a handle shaped like the top three four of a big wide circular ring,train,train,train,train,"[1, 23, 24, 26, 29, 14, 35, 10, 99, 80, 322, 38, 26, 320, 83, 102, 557, 2]",strap
191848,user_156,"Its body has curved edges, not hard angles.",3F0BG9B9MRGL45MZYT7AX6SE8PXY7L,55.0,83ab18386e87bf4efef598dabc93c115,bag,ShapeNet,402a7a310d576236d9141c0f0d30ee38,bag,PartNet,False,bag/PartNet/402a7a310d576236d9141c0f0d30ee38,bag/ShapeNet/83ab18386e87bf4efef598dabc93c115,False,bag,bag,1,"['its', 'body', 'has', 'curved', 'edges', 'not', 'hard', 'angles']",8,its body has curved edges not hard angles,val,train,val,train,"[1, 5, 45, 24, 51, 325, 40, 629, 340, 2, 0, 0, 0, 0, 0, 0, 0, 0]",body
191853,user_1298,It has handles,3S0TNUHWKVBM68WRC2C2YLE81L3D8L,46.0,54e27cf366f198db1a3b39b07e4b3d0f,bag,PartNet,22b7d6fa819d62aefc69b7db9c6d5ad9,bag,ShapeNet,False,bag/ShapeNet/22b7d6fa819d62aefc69b7db9c6d5ad9,bag/PartNet/54e27cf366f198db1a3b39b07e4b3d0f,True,bag,bag,1,"['it', 'has', 'handles']",3,it has handles,test,train,test,train,"[1, 23, 24, 18, 2, 0, 0, 0, 0, 0, 0, 0, 0, 0, 0, 0, 0, 0]",strap
191854,user_1706,"It has ""t-shirt"" style handles",37TRT2X24SKIBSUQPAINSLZMEC1BJE,242.0,54e27cf366f198db1a3b39b07e4b3d0f,bag,PartNet,22b7d6fa819d62aefc69b7db9c6d5ad9,bag,ShapeNet,False,bag/ShapeNet/22b7d6fa819d62aefc69b7db9c6d5ad9,bag/PartNet/54e27cf366f198db1a3b39b07e4b3d0f,True,bag,bag,1,"['it', 'has', 'it', 'shirt', ""'"", 'style', 'handles']",7,it has it shirt ' style handles,test,train,test,train,"[1, 23, 24, 23, 3426, 587, 250, 18, 2, 0, 0, 0, 0, 0, 0, 0, 0, 0]",strap
191856,user_476,It has a handle on top.,3CPLWGV3MQSV6P6E6OWJUMLDZWP9NS,115.0,6be0fb1d4872e759285e5a1f74237618,bag,PartNet,e8039f73cf912ff5e8c69fd29511206a,bag,ShapeNet,False,bag/ShapeNet/e8039f73cf912ff5e8c69fd29511206a,bag/PartNet/6be0fb1d4872e759285e5a1f74237618,True,bag,bag,1,"['it', 'has', 'a', 'handle', 'on', 'top']",6,it has a handle on top,train,train,train,train,"[1, 23, 24, 26, 29, 20, 99, 2, 0, 0, 0, 0, 0, 0, 0, 0, 0, 0]",strap
191860,user_786,It has big loopy handles whose height is about 2/3 of the bag's height,3ON104KXQMPKWD9GHURF9XNO6FUW4N,132.0,c5c0f63f94ddf4c258d149fbd24761c4,bag,ShapeNet,5d4f774fdda6fa1dcd99ccc7ff441abf,bag,ShapeNet,False,bag/ShapeNet/5d4f774fdda6fa1dcd99ccc7ff441abf,bag/ShapeNet/c5c0f63f94ddf4c258d149fbd24761c4,False,bag,bag,1,"['it', 'has', 'big', 'loopy', 'handles', 'whose', 'height', 'is', 'about', 'two', 'three', 'of', 'the', 'bag', ""'s"", 'height']",16,it has big loopy handles whose height is about two three of the bag 's height,train,train,train,train,"[1, 23, 24, 320, 3, 18, 872, 117, 7, 519, 17, 80, 38, 10, 1909, 12, 117, 2]",strap
191861,user_2048,It has a double handle,3IUZPWIU1Q05AFYJ2MEVGECK31XKWE,91.0,c5c0f63f94ddf4c258d149fbd24761c4,bag,ShapeNet,5d4f774fdda6fa1dcd99ccc7ff441abf,bag,ShapeNet,False,bag/ShapeNet/5d4f774fdda6fa1dcd99ccc7ff441abf,bag/ShapeNet/c5c0f63f94ddf4c258d149fbd24761c4,False,bag,bag,1,"['it', 'has', 'a', 'double', 'handle']",5,it has a double handle,train,train,train,train,"[1, 23, 24, 26, 527, 29, 2, 0, 0, 0, 0, 0, 0, 0, 0, 0, 0, 0]",strap
191868,user_451,The Target bag has thicker leather straps,3W92K5RLWWAPD7DB5P5TSNAOZ5J5VT,140.0,f297885d4918000ec8724d5673a063a6,bag,ShapeNet,2970e5486815e72ccd99ccc7ff441abf,bag,ShapeNet,False,bag/ShapeNet/2970e5486815e72ccd99ccc7ff441abf,bag/ShapeNet/f297885d4918000ec8724d5673a063a6,True,bag,bag,1,"['the', 'target', 'bag', 'has', 'thick', '-er', 'leather', 'straps']",8,the target bag has thick -er leather straps,train,train,train,train,"[1, 10, 11, 1909, 24, 54, 9, 3342, 716, 2, 0, 0, 0, 0, 0, 0, 0, 0]",strap
191872,user_1630,round handle vs. square,3U8YCDAGXR9YDSVTMK5755FP13A0QM,135.0,68e4ba38895d820df6fec4b901a12701,bag,ShapeNet,eebc8d35d05e49b86afa58a86636d6be,bag,PartNet,False,bag/PartNet/eebc8d35d05e49b86afa58a86636d6be,bag/ShapeNet/68e4ba38895d820df6fec4b901a12701,False,bag,bag,1,"['round', 'handle', 'vs', 'square']",4,round handle vs square,train,train,train,train,"[1, 134, 29, 523, 50, 2, 0, 0, 0, 0, 0, 0, 0, 0, 0, 0, 0, 0]",strap
191873,user_1894,It has a triangular side on the body.,3ZPBJO59KRUFZJXKF668BY7744THD4,191.0,68e4ba38895d820df6fec4b901a12701,bag,ShapeNet,eebc8d35d05e49b86afa58a86636d6be,bag,PartNet,False,bag/PartNet/eebc8d35d05e49b86afa58a86636d6be,bag/ShapeNet/68e4ba38895d820df6fec4b901a12701,False,bag,bag,1,"['it', 'has', 'a', 'triangular', 'side', 'on', 'the', 'body']",8,it has a triangular side on the body,train,train,train,train,"[1, 23, 24, 26, 564, 22, 20, 10, 45, 2, 0, 0, 0, 0, 0, 0, 0, 0]",body
191876,user_2044,Its handles are shorter,3LRLIPTPES2832VG1HI3YPFTBK2KAF,41.0,adfe9029a1ca723eb8966aeece708f87,bag,ShapeNet,bb6eba59b185e6bce8a1430c80ad4e85,bag,PartNet,False,bag/PartNet/bb6eba59b185e6bce8a1430c80ad4e85,bag/ShapeNet/adfe9029a1ca723eb8966aeece708f87,False,bag,bag,1,"['its', 'handles', 'are', 'short', '-er']",5,its handles are short -er,train,train,train,train,"[1, 5, 18, 16, 8, 9, 2, 0, 0, 0, 0, 0, 0, 0, 0, 0, 0, 0]",strap
191878,user_507,it has no handle,3ZY8KE4ISLWE6TW9PHTWQY5FV2ZQVM,29.0,93ca5243aa73b5de81157c9325bb0e45,bag,ShapeNet,fee3c970d7e854103f5881eaf72c4aa0,bag,PartNet,False,bag/PartNet/fee3c970d7e854103f5881eaf72c4aa0,bag/ShapeNet/93ca5243aa73b5de81157c9325bb0e45,False,bag,bag,1,"['it', 'has', 'no', 'handle']",4,it has no handle,val,train,val,train,"[1, 23, 24, 123, 29, 2, 0, 0, 0, 0, 0, 0, 0, 0, 0, 0, 0, 0]",strap
191879,user_1298,It does not have handles,3SUWZRL0M064U0R3FIQOKP02V2RE66,187.0,93ca5243aa73b5de81157c9325bb0e45,bag,ShapeNet,fee3c970d7e854103f5881eaf72c4aa0,bag,PartNet,False,bag/PartNet/fee3c970d7e854103f5881eaf72c4aa0,bag/ShapeNet/93ca5243aa73b5de81157c9325bb0e45,False,bag,bag,1,"['it', 'does', 'not', 'have', 'handles']",5,it does not have handles,val,train,val,train,"[1, 23, 39, 40, 84, 18, 2, 0, 0, 0, 0, 0, 0, 0, 0, 0, 0, 0]",strap
191883,user_156,Its handles are not connected to raised flaps.,33FOTY3KEOEUQG6SDL8CZ59I2IAC1V,83.0,61c9570c3d12e47cd061bb85232b3b01,bag,PartNet,e1838a13ace989545de21284bb515a83,bag,ShapeNet,False,bag/ShapeNet/e1838a13ace989545de21284bb515a83,bag/PartNet/61c9570c3d12e47cd061bb85232b3b01,False,bag,bag,1,"['its', 'handles', 'are', 'not', 'connected', 'to', 'raised', 'flaps']",8,its handles are not connected to raised flaps,train,train,train,train,"[1, 5, 18, 16, 40, 127, 58, 681, 673, 2, 0, 0, 0, 0, 0, 0, 0, 0]",strap
191884,user_203,It has only one handle.,3LJ7UR74RJ6U9J02PT0SDEAXD4O4N4,128.0,61c9570c3d12e47cd061bb85232b3b01,bag,PartNet,e1838a13ace989545de21284bb515a83,bag,ShapeNet,False,bag/ShapeNet/e1838a13ace989545de21284bb515a83,bag/PartNet/61c9570c3d12e47cd061bb85232b3b01,False,bag,bag,1,"['it', 'has', 'only', 'one', 'handle']",5,it has only one handle,train,train,train,train,"[1, 23, 24, 133, 19, 29, 2, 0, 0, 0, 0, 0, 0, 0, 0, 0, 0, 0]",strap
191889,user_203,The body is not as wide at the bottom.,3DHE4R9OCY4EWD4TYB49UF42SE62GY,115.0,a1822be832091e036afa58a86636d6be,bag,ShapeNet,e1838a13ace989545de21284bb515a83,bag,ShapeNet,False,bag/ShapeNet/e1838a13ace989545de21284bb515a83,bag/ShapeNet/a1822be832091e036afa58a86636d6be,True,bag,bag,1,"['the', 'body', 'is', 'not', 'as', 'wide', 'at', 'the', 'bottom']",9,the body is not as wide at the bottom,train,train,train,train,"[1, 10, 45, 7, 40, 52, 83, 98, 10, 76, 2, 0, 0, 0, 0, 0, 0, 0]",body
191891,user_2116,The target has one handle.,3DBQWDE4Y8RC52423YJ2I6GBD0Z5NQ,152.0,a1822be832091e036afa58a86636d6be,bag,ShapeNet,e1838a13ace989545de21284bb515a83,bag,ShapeNet,False,bag/ShapeNet/e1838a13ace989545de21284bb515a83,bag/ShapeNet/a1822be832091e036afa58a86636d6be,True,bag,bag,1,"['the', 'target', 'has', 'one', 'handle']",5,the target has one handle,train,train,train,train,"[1, 10, 11, 24, 19, 29, 2, 0, 0, 0, 0, 0, 0, 0, 0, 0, 0, 0]",strap
191892,user_786,It has a long handle extending up from the back,345LHZDEDZLMMD17MG7VH4AL70NU33,110.0,506a05b6ba66bde0b726426d6c667c7,bag,ShapeNet,4a175db3a8cad99b5dd5ceb34f6e33d9,bag,ShapeNet,False,bag/ShapeNet/4a175db3a8cad99b5dd5ceb34f6e33d9,bag/ShapeNet/506a05b6ba66bde0b726426d6c667c7,False,bag,bag,1,"['it', 'has', 'a', 'long', 'handle', 'extending', 'up', 'from', 'the', 'back']",10,it has a long handle extending up from the back,train,train,train,train,"[1, 23, 24, 26, 32, 29, 112, 269, 113, 10, 183, 2, 0, 0, 0, 0, 0, 0]",strap
191895,user_507,it has a smaller handle on top,37UQDCYH6ZO40BRUTIKQQ7OKQC9V7V,50.0,e90e27c3020d25dd76bb31db0358e9c6,bag,ShapeNet,80530cf532d86195bff3b8b883ab202d,bag,PartNet,False,bag/PartNet/80530cf532d86195bff3b8b883ab202d,bag/ShapeNet/e90e27c3020d25dd76bb31db0358e9c6,False,bag,bag,1,"['it', 'has', 'a', 'small', '-er', 'handle', 'on', 'top']",8,it has a small -er handle on top,train,train,train,train,"[1, 23, 24, 26, 111, 9, 29, 20, 99, 2, 0, 0, 0, 0, 0, 0, 0, 0]",strap
191899,user_1298,The handle is round,382M9COHEJ8PWBH4B0OR0VEIYPYEUZ,39.0,669fe6ae83e64a544608027d921be76e,bag,PartNet,450a4589a15dc4926afa58a86636d6be,bag,PartNet,False,bag/PartNet/450a4589a15dc4926afa58a86636d6be,bag/PartNet/669fe6ae83e64a544608027d921be76e,False,bag,bag,1,"['the', 'handle', 'is', 'round']",4,the handle is round,train,train,train,train,"[1, 10, 29, 7, 134, 2, 0, 0, 0, 0, 0, 0, 0, 0, 0, 0, 0, 0]",strap
191900,user_2044,Its handle is rounded at the top,3STRJBFXOYKDIYUP7H9KTU5LZ9OKT1,45.0,669fe6ae83e64a544608027d921be76e,bag,PartNet,450a4589a15dc4926afa58a86636d6be,bag,PartNet,False,bag/PartNet/450a4589a15dc4926afa58a86636d6be,bag/PartNet/669fe6ae83e64a544608027d921be76e,False,bag,bag,1,"['its', 'handle', 'is', 'rounded', 'at', 'the', 'top']",7,its handle is rounded at the top,train,train,train,train,"[1, 5, 29, 7, 48, 98, 10, 99, 2, 0, 0, 0, 0, 0, 0, 0, 0, 0]",strap
191902,user_156,It has no handles.,30ZX6P7VFAOONFUU6HPCRSWIK8XJ2X,31.0,d9015890f9691fd593daa1a1c18444ab,bag,ShapeNet,c7e6a0525b997bda3667e024d1341456,bag,PartNet,False,bag/PartNet/c7e6a0525b997bda3667e024d1341456,bag/ShapeNet/d9015890f9691fd593daa1a1c18444ab,False,bag,bag,1,"['it', 'has', 'no', 'handles']",4,it has no handles,train,train,train,train,"[1, 23, 24, 123, 18, 2, 0, 0, 0, 0, 0, 0, 0, 0, 0, 0, 0, 0]",strap
191905,user_1298,There are two straps,3IKZ72A5B6947ZXR9AWB4I7O2UMNF0,55.0,2022610a5d1a8455abc49cae1a831a9e,bag,ShapeNet,30bf69aa24dbb3fc9de193e488fc4dce,bag,ShapeNet,False,bag/ShapeNet/30bf69aa24dbb3fc9de193e488fc4dce,bag/ShapeNet/2022610a5d1a8455abc49cae1a831a9e,False,bag,bag,1,"['there', 'are', 'two', 'straps']",4,there are two straps,train,train,train,train,"[1, 15, 16, 17, 716, 2, 0, 0, 0, 0, 0, 0, 0, 0, 0, 0, 0, 0]",strap
191908,user_1298,There are no handles,3TOK3KHVJVB9ARIXS6YCVFUCUF6O78,31.0,4a1f62dbe8b091eabc49cae1a831a9e,bag,ShapeNet,uc15ab6cd-e35a-40e0-83d2-7e05e88dd395,bag,PartNet,False,bag/PartNet/uc15ab6cd-e35a-40e0-83d2-7e05e88dd395,bag/ShapeNet/4a1f62dbe8b091eabc49cae1a831a9e,False,bag,bag,1,"['there', 'are', 'no', 'handles']",4,there are no handles,train,train,train,train,"[1, 15, 16, 123, 18, 2, 0, 0, 0, 0, 0, 0, 0, 0, 0, 0, 0, 0]",strap
191911,user_1894,It has floppy top handles.,3TPZPLC3M259U8TB5U817YNMZIK3P3,208.0,e6daa1435018a044da5feafe6f1c8fc,bag,ShapeNet,506a05b6ba66bde0b726426d6c667c7,bag,ShapeNet,False,bag/ShapeNet/506a05b6ba66bde0b726426d6c667c7,bag/ShapeNet/e6daa1435018a044da5feafe6f1c8fc,True,bag,bag,1,"['it', 'has', 'floppy', 'top', 'handles']",5,it has floppy top handles,train,train,train,train,"[1, 23, 24, 4598, 99, 18, 2, 0, 0, 0, 0, 0, 0, 0, 0, 0, 0, 0]",strap
191914,user_1298,It does not have a handle,3QECW5O0KJUA0F9M0U5ER5M32H6T5Y,33.0,4a175db3a8cad99b5dd5ceb34f6e33d9,bag,ShapeNet,6cf7d7479ebac5fe18457223b2b684b3,bag,PartNet,False,bag/PartNet/6cf7d7479ebac5fe18457223b2b684b3,bag/ShapeNet/4a175db3a8cad99b5dd5ceb34f6e33d9,False,bag,bag,1,"['it', 'does', 'not', 'have', 'a', 'handle']",6,it does not have a handle,train,train,train,train,"[1, 23, 39, 40, 84, 26, 29, 2, 0, 0, 0, 0, 0, 0, 0, 0, 0, 0]",strap
191917,user_2005,it has two small thin handles,37FMASSAYEKMGHAK7SXNGKKM1XMBIC,89.0,adfe9029a1ca723eb8966aeece708f87,bag,ShapeNet,4a1f62dbe8b091eabc49cae1a831a9e,bag,ShapeNet,False,bag/ShapeNet/4a1f62dbe8b091eabc49cae1a831a9e,bag/ShapeNet/adfe9029a1ca723eb8966aeece708f87,True,bag,bag,1,"['it', 'has', 'two', 'small', 'thin', 'handles']",6,it has two small thin handles,train,train,train,train,"[1, 23, 24, 17, 111, 60, 18, 2, 0, 0, 0, 0, 0, 0, 0, 0, 0, 0]",strap
191918,user_2115,not triangular body,34QN5IT0T1KS7OVX0QO7JEUP7XU80P,137.0,adfe9029a1ca723eb8966aeece708f87,bag,ShapeNet,4a1f62dbe8b091eabc49cae1a831a9e,bag,ShapeNet,True,bag/ShapeNet/4a1f62dbe8b091eabc49cae1a831a9e,bag/ShapeNet/adfe9029a1ca723eb8966aeece708f87,True,bag,bag,1,"['not', 'triangular', 'body']",3,not triangular body,train,train,train,train,"[1, 40, 564, 45, 2, 0, 0, 0, 0, 0, 0, 0, 0, 0, 0, 0, 0, 0]",body
191919,user_677,It has one strap,3BWI6RSP7I2NY058YSVGQ30YQFWE7U,57.0,756066117169dbc96c1d5082d1bdea19,bag,ShapeNet,aca3e1adcde4b3813a75e6d000e08290,bag,PartNet,False,bag/PartNet/aca3e1adcde4b3813a75e6d000e08290,bag/ShapeNet/756066117169dbc96c1d5082d1bdea19,False,bag,bag,1,"['it', 'has', 'one', 'strap']",4,it has one strap,train,train,train,train,"[1, 23, 24, 19, 628, 2, 0, 0, 0, 0, 0, 0, 0, 0, 0, 0, 0, 0]",strap
191924,user_2115,it has a handle,3QECW5O0KJUA0F9M0U5ER5M32IOT5I,95.0,uc15ab6cd-e35a-40e0-83d2-7e05e88dd395,bag,PartNet,68e4ba38895d820df6fec4b901a12701,bag,ShapeNet,True,bag/ShapeNet/68e4ba38895d820df6fec4b901a12701,bag/PartNet/uc15ab6cd-e35a-40e0-83d2-7e05e88dd395,False,bag,bag,1,"['it', 'has', 'a', 'handle']",4,it has a handle,train,train,train,train,"[1, 23, 24, 26, 29, 2, 0, 0, 0, 0, 0, 0, 0, 0, 0, 0, 0, 0]",strap
191926,user_1680,The target has straps attached to the sides of the purse.,32M8BPYGAVFI7YIVNEP1HVBJHBBGIX,139.0,811f592148958510abc49cae1a831a9e,bag,PartNet,e49f6ae8fa76e90a285e5a1f74237618,bag,ShapeNet,False,bag/ShapeNet/e49f6ae8fa76e90a285e5a1f74237618,bag/PartNet/811f592148958510abc49cae1a831a9e,False,bag,bag,1,"['the', 'target', 'has', 'straps', 'attached', 'to', 'the', 'sides', 'of', 'the', 'purse']",11,the target has straps attached to the sides of the purse,train,train,train,train,"[1, 10, 11, 24, 716, 115, 58, 10, 360, 38, 10, 3344, 2, 0, 0, 0, 0, 0]",strap
191934,user_787,It has long thin handles,3KV0LJBBH4EVS7H0O4H58SW70RNRMX,50.0,581af450a3a8009abc49cae1a831a9e,bag,ShapeNet,d7e81ad000b90c26bc4ac3caf16ef65,bag,PartNet,False,bag/PartNet/d7e81ad000b90c26bc4ac3caf16ef65,bag/ShapeNet/581af450a3a8009abc49cae1a831a9e,True,bag,bag,1,"['it', 'has', 'long', 'thin', 'handles']",5,it has long thin handles,train,train,train,train,"[1, 23, 24, 32, 60, 18, 2, 0, 0, 0, 0, 0, 0, 0, 0, 0, 0, 0]",strap
191942,user_2116,the target has two handles.,351SEKWQS2A1RXYV63ML33F3LRMMDE,96.0,aca3e1adcde4b3813a75e6d000e08290,bag,PartNet,35c950ccd57d9cde3774dede79959b94,bag,PartNet,False,bag/PartNet/35c950ccd57d9cde3774dede79959b94,bag/PartNet/aca3e1adcde4b3813a75e6d000e08290,True,bag,bag,1,"['the', 'target', 'has', 'two', 'handles']",5,the target has two handles,test,train,test,train,"[1, 10, 11, 24, 17, 18, 2, 0, 0, 0, 0, 0, 0, 0, 0, 0, 0, 0]",strap
191944,user_746,it has two handles,3SUWZRL0M064U0R3FIQOKP02V3I6ER,137.0,d9fb0b4c7b6f84d0abc49cae1a831a9e,bag,PartNet,2ca6df7a5377825cfee773c7de26c274,bag,ShapeNet,False,bag/ShapeNet/2ca6df7a5377825cfee773c7de26c274,bag/PartNet/d9fb0b4c7b6f84d0abc49cae1a831a9e,True,bag,bag,1,"['it', 'has', 'two', 'handles']",4,it has two handles,val,train,val,train,"[1, 23, 24, 17, 18, 2, 0, 0, 0, 0, 0, 0, 0, 0, 0, 0, 0, 0]",strap
191946,user_156,It has no visible pockets on its front.,31IBVUNM9USHF460B1I2EZ11OZEFV3,60.0,cbc2328cadf8dc573394926146371698,bag,ShapeNet,d331a7bbfb0e7301e858db1dc3499392,bag,ShapeNet,False,bag/ShapeNet/d331a7bbfb0e7301e858db1dc3499392,bag/ShapeNet/cbc2328cadf8dc573394926146371698,True,bag,bag,1,"['it', 'has', 'no', 'visible', 'pockets', 'on', 'its', 'front']",8,it has no visible pockets on its front,train,train,train,train,"[1, 23, 24, 123, 185, 2930, 20, 5, 37, 2, 0, 0, 0, 0, 0, 0, 0, 0]",body
191950,user_786,It has two thin string-like handles attached to the inside front and inside back faces,3HWRJOOET7V9HYP0MVTRLUWUDS7ESD,179.0,93ca5243aa73b5de81157c9325bb0e45,bag,ShapeNet,39381a2718d2a1d4d5f008f38a566dee,bag,ShapeNet,False,bag/ShapeNet/39381a2718d2a1d4d5f008f38a566dee,bag/ShapeNet/93ca5243aa73b5de81157c9325bb0e45,True,bag,bag,1,"['it', 'has', 'two', 'thin', 'string', 'like', 'handles', 'attached', 'to', 'the', 'inside', 'front', 'and', 'inside', 'back', 'faces']",16,it has two thin string like handles attached to the inside front and inside back faces,train,train,train,train,"[1, 23, 24, 17, 60, 751, 35, 18, 115, 58, 10, 292, 37, 47, 292, 183, 75, 2]",strap
191951,user_1604,It does not have straps.,3XIQGXAUME1W40WPTXL8ESL56LDX7S,70.0,93ca5243aa73b5de81157c9325bb0e45,bag,ShapeNet,39381a2718d2a1d4d5f008f38a566dee,bag,ShapeNet,False,bag/ShapeNet/39381a2718d2a1d4d5f008f38a566dee,bag/ShapeNet/93ca5243aa73b5de81157c9325bb0e45,True,bag,bag,1,"['it', 'does', 'not', 'have', 'straps']",5,it does not have straps,train,train,train,train,"[1, 23, 39, 40, 84, 716, 2, 0, 0, 0, 0, 0, 0, 0, 0, 0, 0, 0]",strap
191954,user_1298,There are no handles,3SNLUL3WO6G32HRWSMBVDQ427L1UL2,45.0,e1838a13ace989545de21284bb515a83,bag,ShapeNet,2cf9dc107cf70f511f6736765dee4fa9,bag,PartNet,False,bag/PartNet/2cf9dc107cf70f511f6736765dee4fa9,bag/ShapeNet/e1838a13ace989545de21284bb515a83,False,bag,bag,1,"['there', 'are', 'no', 'handles']",4,there are no handles,test,train,test,train,"[1, 15, 16, 123, 18, 2, 0, 0, 0, 0, 0, 0, 0, 0, 0, 0, 0, 0]",strap
191959,user_505,Target has no handles,36AHBNMV1T51LEN9P6AWXY2AU1VDYQ,42.0,feeae9bd7f1336693a75e6d000e08290,bag,PartNet,a405a7ca363c7c41bbda4bd2b976d8f7,bag,PartNet,False,bag/PartNet/a405a7ca363c7c41bbda4bd2b976d8f7,bag/PartNet/feeae9bd7f1336693a75e6d000e08290,False,bag,bag,1,"['target', 'has', 'no', 'handles']",4,target has no handles,train,train,train,train,"[1, 11, 24, 123, 18, 2, 0, 0, 0, 0, 0, 0, 0, 0, 0, 0, 0, 0]",strap
191960,user_2005,it does not have handles,3TVRFO09GM8VJLLRXRMIXX36144LX9,60.0,feeae9bd7f1336693a75e6d000e08290,bag,PartNet,a405a7ca363c7c41bbda4bd2b976d8f7,bag,PartNet,False,bag/PartNet/a405a7ca363c7c41bbda4bd2b976d8f7,bag/PartNet/feeae9bd7f1336693a75e6d000e08290,False,bag,bag,1,"['it', 'does', 'not', 'have', 'handles']",5,it does not have handles,train,train,train,train,"[1, 23, 39, 40, 84, 18, 2, 0, 0, 0, 0, 0, 0, 0, 0, 0, 0, 0]",strap
191966,user_2115,it has short handle,323Q6SJS8K9CX3BG6C1YZYASGICFHI,258.0,d7e81ad000b90c26bc4ac3caf16ef65,bag,PartNet,2f97f841aff238b74245c6fcbfdfe98a,bag,ShapeNet,True,bag/ShapeNet/2f97f841aff238b74245c6fcbfdfe98a,bag/PartNet/d7e81ad000b90c26bc4ac3caf16ef65,False,bag,bag,1,"['it', 'has', 'short', 'handle']",4,it has short handle,train,train,train,train,"[1, 23, 24, 8, 29, 2, 0, 0, 0, 0, 0, 0, 0, 0, 0, 0, 0, 0]",strap
191968,user_1298,There are two handles,3S4AW7T80DB4LJXHDGKD0M68883L4W,89.0,d71ffec5db3f9a6334b3fa0a9f7ca3f,bag,PartNet,a55b721ea5a29d7f639ff561fa3f5bac,bag,ShapeNet,False,bag/ShapeNet/a55b721ea5a29d7f639ff561fa3f5bac,bag/PartNet/d71ffec5db3f9a6334b3fa0a9f7ca3f,False,bag,bag,1,"['there', 'are', 'two', 'handles']",4,there are two handles,train,train,train,train,"[1, 15, 16, 17, 18, 2, 0, 0, 0, 0, 0, 0, 0, 0, 0, 0, 0, 0]",strap
191970,user_203,It has a handle.,37Z929RLGB1B6H7XCQIMKGWVG27STU,215.0,1b70bb39da3c559f8a729a9d838530b4,bag,PartNet,10a885f5971d9d4ce858db1dc3499392,bag,ShapeNet,False,bag/ShapeNet/10a885f5971d9d4ce858db1dc3499392,bag/PartNet/1b70bb39da3c559f8a729a9d838530b4,False,bag,bag,1,"['it', 'has', 'a', 'handle']",4,it has a handle,train,train,train,train,"[1, 23, 24, 26, 29, 2, 0, 0, 0, 0, 0, 0, 0, 0, 0, 0, 0, 0]",strap
191975,user_1298,The body has a more rectangle shape,3PMBY0YE29WCFL9NHYN5EBR10SBC9D,46.0,68e4ba38895d820df6fec4b901a12701,bag,ShapeNet,68b7ca73de30ad6df2197da8dec8488d,bag,ShapeNet,False,bag/ShapeNet/68b7ca73de30ad6df2197da8dec8488d,bag/ShapeNet/68e4ba38895d820df6fec4b901a12701,True,bag,bag,1,"['the', 'body', 'has', 'a', 'more', 'rectangle', 'shape']",7,the body has a more rectangle shape,train,train,train,train,"[1, 10, 45, 24, 26, 34, 425, 93, 2, 0, 0, 0, 0, 0, 0, 0, 0, 0]",body
191976,user_1161,The target bag has two handles,3ATPCQ38JA33N7KX5WJU7XU49X3YAC,170.0,10a885f5971d9d4ce858db1dc3499392,bag,ShapeNet,93ca5243aa73b5de81157c9325bb0e45,bag,ShapeNet,False,bag/ShapeNet/93ca5243aa73b5de81157c9325bb0e45,bag/ShapeNet/10a885f5971d9d4ce858db1dc3499392,False,bag,bag,1,"['the', 'target', 'bag', 'has', 'two', 'handles']",6,the target bag has two handles,train,train,train,train,"[1, 10, 11, 1909, 24, 17, 18, 2, 0, 0, 0, 0, 0, 0, 0, 0, 0, 0]",strap
191977,user_1424,The bag has two thin piping for handles,3NAPMVF0ZY8V3KTS580FO2R9TAA27G,196.0,10a885f5971d9d4ce858db1dc3499392,bag,ShapeNet,93ca5243aa73b5de81157c9325bb0e45,bag,ShapeNet,False,bag/ShapeNet/93ca5243aa73b5de81157c9325bb0e45,bag/ShapeNet/10a885f5971d9d4ce858db1dc3499392,False,bag,bag,1,"['the', 'bag', 'has', 'two', 'thin', 'piping', 'for', 'handles']",8,the bag has two thin piping for handles,train,train,train,train,"[1, 10, 1909, 24, 17, 60, 562, 259, 18, 2, 0, 0, 0, 0, 0, 0, 0, 0]",strap
191978,user_2044,Its has a handle on either edge,33FBRBDW6QSC1GQDC6HREFWQGNTC8Q,49.0,10a885f5971d9d4ce858db1dc3499392,bag,ShapeNet,93ca5243aa73b5de81157c9325bb0e45,bag,ShapeNet,False,bag/ShapeNet/93ca5243aa73b5de81157c9325bb0e45,bag/ShapeNet/10a885f5971d9d4ce858db1dc3499392,False,bag,bag,1,"['its', 'has', 'a', 'handle', 'on', 'either', 'edge']",7,its has a handle on either edge,train,train,train,train,"[1, 5, 24, 26, 29, 20, 332, 631, 2, 0, 0, 0, 0, 0, 0, 0, 0, 0]",strap
191982,user_156,It does not have any carrying straps.,3PW9OPU9PSDHSYEQGSJ6NS0WQRY21D,24.0,f872a64810c123a47abde6405e4d8323,bag,ShapeNet,2022610a5d1a8455abc49cae1a831a9e,bag,ShapeNet,False,bag/ShapeNet/2022610a5d1a8455abc49cae1a831a9e,bag/ShapeNet/f872a64810c123a47abde6405e4d8323,False,bag,bag,1,"['it', 'does', 'not', 'have', 'any', 'carrying', 'straps']",7,it does not have any carrying straps,train,train,train,train,"[1, 23, 39, 40, 84, 278, 2470, 716, 2, 0, 0, 0, 0, 0, 0, 0, 0, 0]",strap
191985,user_156,It has a handle at its top.,3HMVI3QICLL7TJ7X9DQ1WW1156W1YW,25.0,6be0fb1d4872e759285e5a1f74237618,bag,PartNet,d9015890f9691fd593daa1a1c18444ab,bag,ShapeNet,False,bag/ShapeNet/d9015890f9691fd593daa1a1c18444ab,bag/PartNet/6be0fb1d4872e759285e5a1f74237618,False,bag,bag,1,"['it', 'has', 'a', 'handle', 'at', 'its', 'top']",7,it has a handle at its top,train,train,train,train,"[1, 23, 24, 26, 29, 98, 5, 99, 2, 0, 0, 0, 0, 0, 0, 0, 0, 0]",strap
191987,user_1796,The handles are circular.,3TMFV4NEPA7LFEWITXHSQ93T82M8W4,76.0,6be0fb1d4872e759285e5a1f74237618,bag,PartNet,d9015890f9691fd593daa1a1c18444ab,bag,ShapeNet,False,bag/ShapeNet/d9015890f9691fd593daa1a1c18444ab,bag/PartNet/6be0fb1d4872e759285e5a1f74237618,False,bag,bag,1,"['the', 'handles', 'are', 'circular']",4,the handles are circular,train,train,train,train,"[1, 10, 18, 16, 102, 2, 0, 0, 0, 0, 0, 0, 0, 0, 0, 0, 0, 0]",strap
191988,user_156,Its handle has holes for the fingers to go through.,3KIBXJ1WD7NX56PHB0NLZKZY02UKO4,43.0,4a1f62dbe8b091eabc49cae1a831a9e,bag,ShapeNet,3077a9b76724b6d35de21284bb515a83,bag,ShapeNet,False,bag/ShapeNet/3077a9b76724b6d35de21284bb515a83,bag/ShapeNet/4a1f62dbe8b091eabc49cae1a831a9e,False,bag,bag,1,"['its', 'handle', 'has', 'holes', 'for', 'the', 'fingers', 'to', 'go', 'through']",10,its handle has holes for the fingers to go through,train,train,train,train,"[1, 5, 29, 24, 234, 259, 10, 1415, 58, 741, 1140, 2, 0, 0, 0, 0, 0, 0]",strap
191991,user_507,the bag has a smaller handle,3JV9LGBJWV7S3KTYL9261S75TMTOGN,39.0,1b70bb39da3c559f8a729a9d838530b4,bag,PartNet,80530cf532d86195bff3b8b883ab202d,bag,PartNet,False,bag/PartNet/80530cf532d86195bff3b8b883ab202d,bag/PartNet/1b70bb39da3c559f8a729a9d838530b4,True,bag,bag,1,"['the', 'bag', 'has', 'a', 'small', '-er', 'handle']",7,the bag has a small -er handle,train,train,train,train,"[1, 10, 1909, 24, 26, 111, 9, 29, 2, 0, 0, 0, 0, 0, 0, 0, 0, 0]",strap
191992,user_615,a handle thicker in the middle than on the ends,3TVRFO09GM8VJLLRXRMIXX3617CLXN,267.0,1b70bb39da3c559f8a729a9d838530b4,bag,PartNet,80530cf532d86195bff3b8b883ab202d,bag,PartNet,False,bag/PartNet/80530cf532d86195bff3b8b883ab202d,bag/PartNet/1b70bb39da3c559f8a729a9d838530b4,True,bag,bag,1,"['a', 'handle', 'thick', '-er', 'in', 'the', 'middle', 'than', 'on', 'the', 'ends']",11,a handle thick -er in the middle than on the ends,train,train,train,train,"[1, 26, 29, 54, 9, 90, 10, 232, 131, 20, 10, 247, 2, 0, 0, 0, 0, 0]",strap
191993,user_2044,Its handle has a thick grip,3ATTHHXXWCHTTKDLCOP55HBEK1LIX5,79.0,1b70bb39da3c559f8a729a9d838530b4,bag,PartNet,80530cf532d86195bff3b8b883ab202d,bag,PartNet,False,bag/PartNet/80530cf532d86195bff3b8b883ab202d,bag/PartNet/1b70bb39da3c559f8a729a9d838530b4,True,bag,bag,1,"['its', 'handle', 'has', 'a', 'thick', 'grip']",6,its handle has a thick grip,train,train,train,train,"[1, 5, 29, 24, 26, 54, 1400, 2, 0, 0, 0, 0, 0, 0, 0, 0, 0, 0]",strap
191994,user_428,The body of the target is open.,37Z929RLGB1B6H7XCQIMKGWVG1CTSY,75.0,6187bd900c3bc002ed13f430b2941481,bag,ShapeNet,39381a2718d2a1d4d5f008f38a566dee,bag,ShapeNet,False,bag/ShapeNet/39381a2718d2a1d4d5f008f38a566dee,bag/ShapeNet/6187bd900c3bc002ed13f430b2941481,False,bag,bag,1,"['the', 'body', 'of', 'the', 'target', 'is', 'open']",7,the body of the target is open,train,train,train,train,"[1, 10, 45, 38, 10, 11, 7, 312, 2, 0, 0, 0, 0, 0, 0, 0, 0, 0]",body
191998,user_505,Target has only one handle,3R0T90IZ1U5RUVWVV4TF6SDO451CGZ,46.0,d7e81ad000b90c26bc4ac3caf16ef65,bag,PartNet,45f56ad8c0f4059323166544c0deb60f,bag,ShapeNet,False,bag/ShapeNet/45f56ad8c0f4059323166544c0deb60f,bag/PartNet/d7e81ad000b90c26bc4ac3caf16ef65,True,bag,bag,1,"['target', 'has', 'only', 'one', 'handle']",5,target has only one handle,train,train,train,train,"[1, 11, 24, 133, 19, 29, 2, 0, 0, 0, 0, 0, 0, 0, 0, 0, 0, 0]",strap
191999,user_2005,the front of the body has a square shape,3JNQLM5FT6FUI5IU921P779AOUZL2S,195.0,d7e81ad000b90c26bc4ac3caf16ef65,bag,PartNet,45f56ad8c0f4059323166544c0deb60f,bag,ShapeNet,False,bag/ShapeNet/45f56ad8c0f4059323166544c0deb60f,bag/PartNet/d7e81ad000b90c26bc4ac3caf16ef65,True,bag,bag,1,"['the', 'front', 'of', 'the', 'body', 'has', 'a', 'square', 'shape']",9,the front of the body has a square shape,train,train,train,train,"[1, 10, 37, 38, 10, 45, 24, 26, 50, 93, 2, 0, 0, 0, 0, 0, 0, 0]",body
192000,user_505,Target has a much larger handle,3I33IC7ZWHVDMMRQCBCZYTTZUILA2K,46.0,10a885f5971d9d4ce858db1dc3499392,bag,ShapeNet,88d375bc79ef32532e50abc7a1305908,bag,ShapeNet,False,bag/ShapeNet/88d375bc79ef32532e50abc7a1305908,bag/ShapeNet/10a885f5971d9d4ce858db1dc3499392,False,bag,bag,1,"['target', 'has', 'a', 'much', 'large', '-er', 'handle']",7,target has a much large -er handle,train,train,train,train,"[1, 11, 24, 26, 59, 94, 9, 29, 2, 0, 0, 0, 0, 0, 0, 0, 0, 0]",strap
192001,user_588,The target has as longer handle.,3HWRJOOET7V9HYP0MVTRLUWUDRVESZ,173.0,10a885f5971d9d4ce858db1dc3499392,bag,ShapeNet,88d375bc79ef32532e50abc7a1305908,bag,ShapeNet,False,bag/ShapeNet/88d375bc79ef32532e50abc7a1305908,bag/ShapeNet/10a885f5971d9d4ce858db1dc3499392,False,bag,bag,1,"['the', 'target', 'has', 'as', 'long', '-er', 'handle']",7,the target has as long -er handle,train,train,train,train,"[1, 10, 11, 24, 52, 32, 9, 29, 2, 0, 0, 0, 0, 0, 0, 0, 0, 0]",strap
192010,user_1602,It does not have straps.,39RP059MEJM8C00BS7VF8DR3I6WBMI,119.0,774fcae246e7ad25c8724d5673a063a6,bag,ShapeNet,5afca35479b347786f0abe366609662,bag,ShapeNet,False,bag/ShapeNet/5afca35479b347786f0abe366609662,bag/ShapeNet/774fcae246e7ad25c8724d5673a063a6,False,bag,bag,1,"['it', 'does', 'not', 'have', 'straps']",5,it does not have straps,train,train,train,train,"[1, 23, 39, 40, 84, 716, 2, 0, 0, 0, 0, 0, 0, 0, 0, 0, 0, 0]",strap
192011,user_2115,it has no handles,3ND9UOO81MVGULG1NMQWVEPZS2AWL3,114.0,774fcae246e7ad25c8724d5673a063a6,bag,ShapeNet,5afca35479b347786f0abe366609662,bag,ShapeNet,True,bag/ShapeNet/5afca35479b347786f0abe366609662,bag/ShapeNet/774fcae246e7ad25c8724d5673a063a6,False,bag,bag,1,"['it', 'has', 'no', 'handles']",4,it has no handles,train,train,train,train,"[1, 23, 24, 123, 18, 2, 0, 0, 0, 0, 0, 0, 0, 0, 0, 0, 0, 0]",strap
192013,user_1298,The body is much slimmer,3QJOXOW4XLK6J3CV2YX59LXOL21MEJ,83.0,dc0f03ff60628a16978cfd2f5138d5f5,bag,PartNet,e0eb0b7925869326aa7b926be24dab3d,bag,ShapeNet,False,bag/ShapeNet/e0eb0b7925869326aa7b926be24dab3d,bag/PartNet/dc0f03ff60628a16978cfd2f5138d5f5,False,bag,bag,1,"['the', 'body', 'is', 'much', 'slim', '-er']",6,the body is much slim -er,train,train,train,train,"[1, 10, 45, 7, 59, 829, 9, 2, 0, 0, 0, 0, 0, 0, 0, 0, 0, 0]",body
192015,user_203,It has two handles.,3C5W7UE9CHJFP33CX3NXXAIV198MXQ,240.0,5afca35479b347786f0abe366609662,bag,ShapeNet,65680f336a50db976afa58a86636d6be,bag,ShapeNet,False,bag/ShapeNet/65680f336a50db976afa58a86636d6be,bag/ShapeNet/5afca35479b347786f0abe366609662,False,bag,bag,1,"['it', 'has', 'two', 'handles']",4,it has two handles,test,train,test,train,"[1, 23, 24, 17, 18, 2, 0, 0, 0, 0, 0, 0, 0, 0, 0, 0, 0, 0]",strap
192017,user_1298,It has handles,3ATTHHXXWCHTTKDLCOP55HBEKZMIX2,45.0,5afca35479b347786f0abe366609662,bag,ShapeNet,65680f336a50db976afa58a86636d6be,bag,ShapeNet,False,bag/ShapeNet/65680f336a50db976afa58a86636d6be,bag/ShapeNet/5afca35479b347786f0abe366609662,False,bag,bag,1,"['it', 'has', 'handles']",3,it has handles,test,train,test,train,"[1, 23, 24, 18, 2, 0, 0, 0, 0, 0, 0, 0, 0, 0, 0, 0, 0, 0]",strap
192023,user_923,It has a handle on the top,37ZHEEHM6YFKO2PB98EK7CW1ZPQ37A,165.0,6be0fb1d4872e759285e5a1f74237618,bag,PartNet,5afe31025e8574ea8d6e12c39b2d5023,bag,ShapeNet,False,bag/ShapeNet/5afe31025e8574ea8d6e12c39b2d5023,bag/PartNet/6be0fb1d4872e759285e5a1f74237618,True,bag,bag,1,"['it', 'has', 'a', 'handle', 'on', 'the', 'top']",7,it has a handle on the top,train,train,train,train,"[1, 23, 24, 26, 29, 20, 10, 99, 2, 0, 0, 0, 0, 0, 0, 0, 0, 0]",strap
192024,user_156,It has one handle.,3R2UR8A0IC93P6OOAJ2APE70WB8XO5,22.0,30bf69aa24dbb3fc9de193e488fc4dce,bag,ShapeNet,54cd45b275f551b276bb31db0358e9c6,bag,ShapeNet,False,bag/ShapeNet/54cd45b275f551b276bb31db0358e9c6,bag/ShapeNet/30bf69aa24dbb3fc9de193e488fc4dce,False,bag,bag,1,"['it', 'has', 'one', 'handle']",4,it has one handle,val,train,val,train,"[1, 23, 24, 19, 29, 2, 0, 0, 0, 0, 0, 0, 0, 0, 0, 0, 0, 0]",strap
192026,user_1604,It has two straps.,3KGTPGBS6ZEX1V5OIGTQYU5T1NC2UR,87.0,30bf69aa24dbb3fc9de193e488fc4dce,bag,ShapeNet,54cd45b275f551b276bb31db0358e9c6,bag,ShapeNet,False,bag/ShapeNet/54cd45b275f551b276bb31db0358e9c6,bag/ShapeNet/30bf69aa24dbb3fc9de193e488fc4dce,False,bag,bag,1,"['it', 'has', 'two', 'straps']",4,it has two straps,val,train,val,train,"[1, 23, 24, 17, 716, 2, 0, 0, 0, 0, 0, 0, 0, 0, 0, 0, 0, 0]",strap
192028,user_507,it has shorter handles,3IOEN3P9S9C5AZXR3UV9D5H86XM16H,50.0,1342fc4f613687f92569b963af585e33,bag,ShapeNet,ca99439f802c0a866fa19c90652e38e,bag,PartNet,False,bag/PartNet/ca99439f802c0a866fa19c90652e38e,bag/ShapeNet/1342fc4f613687f92569b963af585e33,True,bag,bag,1,"['it', 'has', 'short', '-er', 'handles']",5,it has short -er handles,val,train,val,train,"[1, 23, 24, 8, 9, 18, 2, 0, 0, 0, 0, 0, 0, 0, 0, 0, 0, 0]",strap
192036,user_786,Its front face has a large rectangular bulge that may be a pocket,392CY0QWG3K2VIPBSDN086EGR55I4D,198.0,151d033af5381fd4c1e1e64c8ea306ea,bag,ShapeNet,8e3eb521577dddea7d2c1de1b4d2a6e4,bag,PartNet,False,bag/PartNet/8e3eb521577dddea7d2c1de1b4d2a6e4,bag/ShapeNet/151d033af5381fd4c1e1e64c8ea306ea,False,bag,bag,1,"['its', 'front', 'face', 'has', 'a', 'large', 'rectangular', 'bulge', 'that', 'may', 'be', 'a', 'pocket']",13,its front face has a large rectangular bulge that may be a pocket,train,train,train,train,"[1, 5, 37, 56, 24, 26, 94, 128, 231, 172, 2547, 204, 26, 1425, 2, 0, 0, 0]",body
192037,user_1298,The handle is smaller,354P56DE9MWO8JAQZNFLFK4DR59S7B,53.0,151d033af5381fd4c1e1e64c8ea306ea,bag,ShapeNet,8e3eb521577dddea7d2c1de1b4d2a6e4,bag,PartNet,False,bag/PartNet/8e3eb521577dddea7d2c1de1b4d2a6e4,bag/ShapeNet/151d033af5381fd4c1e1e64c8ea306ea,False,bag,bag,1,"['the', 'handle', 'is', 'small', '-er']",5,the handle is small -er,train,train,train,train,"[1, 10, 29, 7, 111, 9, 2, 0, 0, 0, 0, 0, 0, 0, 0, 0, 0, 0]",strap
192038,user_1711,smaller handle,3XCC1ODXDN4MDMFSGXOMP1GCASURQU,56.0,151d033af5381fd4c1e1e64c8ea306ea,bag,ShapeNet,8e3eb521577dddea7d2c1de1b4d2a6e4,bag,PartNet,True,bag/PartNet/8e3eb521577dddea7d2c1de1b4d2a6e4,bag/ShapeNet/151d033af5381fd4c1e1e64c8ea306ea,False,bag,bag,1,"['small', '-er', 'handle']",3,small -er handle,train,train,train,train,"[1, 111, 9, 29, 2, 0, 0, 0, 0, 0, 0, 0, 0, 0, 0, 0, 0, 0]",strap
192042,user_203,The body is not tapered.,3180JW2OT65GMCDHO0RAPZZU4G55JX,72.0,e49f6ae8fa76e90a285e5a1f74237618,bag,ShapeNet,3edc3bc2ecf58aae40090e51144242ea,bag,ShapeNet,False,bag/ShapeNet/3edc3bc2ecf58aae40090e51144242ea,bag/ShapeNet/e49f6ae8fa76e90a285e5a1f74237618,False,bag,bag,1,"['the', 'body', 'is', 'not', 'tapered']",5,the body is not tapered,train,train,train,train,"[1, 10, 45, 7, 40, 352, 2, 0, 0, 0, 0, 0, 0, 0, 0, 0, 0, 0]",body
192044,user_1954,No handles on product,33ISQZVXPRFEDJGQTIXWG1S96F3CCN,80.0,e49f6ae8fa76e90a285e5a1f74237618,bag,ShapeNet,3edc3bc2ecf58aae40090e51144242ea,bag,ShapeNet,False,bag/ShapeNet/3edc3bc2ecf58aae40090e51144242ea,bag/ShapeNet/e49f6ae8fa76e90a285e5a1f74237618,False,bag,bag,1,"['no', 'handles', 'on', 'product']",4,no handles on product,train,train,train,train,"[1, 123, 18, 20, 4435, 2, 0, 0, 0, 0, 0, 0, 0, 0, 0, 0, 0, 0]",strap
192045,user_156,It does not have any external pockets.,3VHHR074H5A146F0FEIK3YQIZDU7L9,34.0,ec1b9ac45597e4cd9318cfd6c0d37d9b,bag,PartNet,83ab18386e87bf4efef598dabc93c115,bag,ShapeNet,False,bag/ShapeNet/83ab18386e87bf4efef598dabc93c115,bag/PartNet/ec1b9ac45597e4cd9318cfd6c0d37d9b,False,bag,bag,1,"['it', 'does', 'not', 'have', 'any', 'external', 'pockets']",7,it does not have any external pockets,train,train,train,train,"[1, 23, 39, 40, 84, 278, 1100, 2930, 2, 0, 0, 0, 0, 0, 0, 0, 0, 0]",body
192060,user_203,The handle is not as long.,3X3OR7WPZ1T54KKJPJAQHYMDAU08LR,125.0,788eee4bfb4f27ecc33cda78d407d98a,bag,PartNet,8569a0c606bbba73d9985ad45fbb635e,bag,ShapeNet,False,bag/ShapeNet/8569a0c606bbba73d9985ad45fbb635e,bag/PartNet/788eee4bfb4f27ecc33cda78d407d98a,False,bag,bag,1,"['the', 'handle', 'is', 'not', 'as', 'long']",6,the handle is not as long,train,train,train,train,"[1, 10, 29, 7, 40, 52, 32, 2, 0, 0, 0, 0, 0, 0, 0, 0, 0, 0]",strap
192063,user_203,It does not have two handles.,3KAKFY4PGWVHDM67SZIHY1MAD5Z3I3,113.0,f872a64810c123a47abde6405e4d8323,bag,ShapeNet,c4cb5bcb1a9399ae504721639e19f609,bag,ShapeNet,False,bag/ShapeNet/c4cb5bcb1a9399ae504721639e19f609,bag/ShapeNet/f872a64810c123a47abde6405e4d8323,True,bag,bag,1,"['it', 'does', 'not', 'have', 'two', 'handles']",6,it does not have two handles,train,train,train,train,"[1, 23, 39, 40, 84, 17, 18, 2, 0, 0, 0, 0, 0, 0, 0, 0, 0, 0]",strap
192065,user_1389,The target does not have a strap.,31EUONYN2XWBLHJTA41S1TAFGY1OVQ,200.0,f872a64810c123a47abde6405e4d8323,bag,ShapeNet,c4cb5bcb1a9399ae504721639e19f609,bag,ShapeNet,False,bag/ShapeNet/c4cb5bcb1a9399ae504721639e19f609,bag/ShapeNet/f872a64810c123a47abde6405e4d8323,True,bag,bag,1,"['the', 'target', 'does', 'not', 'have', 'a', 'strap']",7,the target does not have a strap,train,train,train,train,"[1, 10, 11, 39, 40, 84, 26, 628, 2, 0, 0, 0, 0, 0, 0, 0, 0, 0]",strap
192076,user_1298,The straps are soild,3HWRJOOET7V9HYP0MVTRLUWUDR7ESB,79.0,6cf7d7479ebac5fe18457223b2b684b3,bag,PartNet,5654b9e3d9b62661ae0c7300d2b2cc1d,bag,PartNet,False,bag/PartNet/5654b9e3d9b62661ae0c7300d2b2cc1d,bag/PartNet/6cf7d7479ebac5fe18457223b2b684b3,True,bag,bag,1,"['the', 'straps', 'are', 'sold']",4,the straps are sold,train,train,train,train,"[1, 10, 716, 16, 2693, 2, 0, 0, 0, 0, 0, 0, 0, 0, 0, 0, 0, 0]",strap
192082,user_1298,The body has more designs on it,3X4JMASXCO2B9MT4328HAGKQF2F0BE,39.0,68e4ba38895d820df6fec4b901a12701,bag,ShapeNet,581af450a3a8009abc49cae1a831a9e,bag,ShapeNet,False,bag/ShapeNet/581af450a3a8009abc49cae1a831a9e,bag/ShapeNet/68e4ba38895d820df6fec4b901a12701,False,bag,bag,1,"['the', 'body', 'has', 'more', 'designs', 'on', 'it']",7,the body has more designs on it,train,train,train,train,"[1, 10, 45, 24, 34, 1743, 20, 23, 2, 0, 0, 0, 0, 0, 0, 0, 0, 0]",body
192085,user_33,The clasps where the handles meet on the bag are rectangular in shape.,3LRKMWOKB7AENUZYO3SYFMK833G2Z1,93.0,758dd5af7f18ed9acd99ccc7ff441abf,bag,ShapeNet,e5fea6c1dacf3ed4cd99ccc7ff441abf,bag,ShapeNet,False,bag/ShapeNet/e5fea6c1dacf3ed4cd99ccc7ff441abf,bag/ShapeNet/758dd5af7f18ed9acd99ccc7ff441abf,True,bag,bag,1,"['the', 'clasps', 'where', 'the', 'handles', 'meet', 'on', 'the', 'bag', 'are', 'rectangular', 'in', 'shape']",13,the clasps where the handles meet on the bag are rectangular in shape,train,train,train,train,"[1, 10, 3349, 409, 10, 18, 1052, 20, 10, 1909, 16, 128, 90, 93, 2, 0, 0, 0]",strap
192090,user_1298,The body has an oval shape,3137ONMDKIY6RTG9RVZAWGDRPGIEGW,56.0,5afca35479b347786f0abe366609662,bag,ShapeNet,811f592148958510abc49cae1a831a9e,bag,PartNet,False,bag/PartNet/811f592148958510abc49cae1a831a9e,bag/ShapeNet/5afca35479b347786f0abe366609662,False,bag,bag,1,"['the', 'body', 'has', 'an', 'oval', 'shape']",6,the body has an oval shape,train,train,train,train,"[1, 10, 45, 24, 72, 130, 93, 2, 0, 0, 0, 0, 0, 0, 0, 0, 0, 0]",body
192091,user_1396,its body is shorter,35K3O9HUAD60DTKEGBTSEVDFO5PEFC,49.0,5afca35479b347786f0abe366609662,bag,ShapeNet,811f592148958510abc49cae1a831a9e,bag,PartNet,True,bag/PartNet/811f592148958510abc49cae1a831a9e,bag/ShapeNet/5afca35479b347786f0abe366609662,False,bag,bag,1,"['its', 'body', 'is', 'short', '-er']",5,its body is short -er,train,train,train,train,"[1, 5, 45, 7, 8, 9, 2, 0, 0, 0, 0, 0, 0, 0, 0, 0, 0, 0]",body
192092,user_2005,it has two rounded handles,3I02618YA2ZTT26UKE42U7DMCZDUPJ,78.0,5afca35479b347786f0abe366609662,bag,ShapeNet,811f592148958510abc49cae1a831a9e,bag,PartNet,False,bag/PartNet/811f592148958510abc49cae1a831a9e,bag/ShapeNet/5afca35479b347786f0abe366609662,False,bag,bag,1,"['it', 'has', 'two', 'rounded', 'handles']",5,it has two rounded handles,train,train,train,train,"[1, 23, 24, 17, 48, 18, 2, 0, 0, 0, 0, 0, 0, 0, 0, 0, 0, 0]",strap
192102,user_549,The bag has a brand near the handles.,3K3R2QNK8DW81FQN3P858HD77TD9UH,68.0,8bc53bae41a8105f5c7506815f553527,bag,ShapeNet,c3426d26e0408be4285e5a1f74237618,bag,ShapeNet,False,bag/ShapeNet/c3426d26e0408be4285e5a1f74237618,bag/ShapeNet/8bc53bae41a8105f5c7506815f553527,True,bag,bag,1,"['the', 'bag', 'has', 'a', 'brand', 'near', 'the', 'handles']",8,the bag has a brand near the handles,train,train,train,train,"[1, 10, 1909, 24, 26, 1948, 348, 10, 18, 2, 0, 0, 0, 0, 0, 0, 0, 0]",strap
192109,user_1298,It has a logo on the body,3P4MQ7TPPZ5CT9WE1I56UXG967ABBB,42.0,631fd8c280dfb9d5cd3852d63efc4336,bag,ShapeNet,54020887fae8cea02d9a3aad1271738b,bag,PartNet,False,bag/PartNet/54020887fae8cea02d9a3aad1271738b,bag/ShapeNet/631fd8c280dfb9d5cd3852d63efc4336,True,bag,bag,1,"['it', 'has', 'a', 'logo', 'on', 'the', 'body']",7,it has a logo on the body,train,train,train,train,"[1, 23, 24, 26, 604, 20, 10, 45, 2, 0, 0, 0, 0, 0, 0, 0, 0, 0]",body
192110,user_2005,it has two handles,3CFJTT4SXVJZE57UUBL7BIYQI7WI7Y,44.0,631fd8c280dfb9d5cd3852d63efc4336,bag,ShapeNet,54020887fae8cea02d9a3aad1271738b,bag,PartNet,False,bag/PartNet/54020887fae8cea02d9a3aad1271738b,bag/ShapeNet/631fd8c280dfb9d5cd3852d63efc4336,True,bag,bag,1,"['it', 'has', 'two', 'handles']",4,it has two handles,train,train,train,train,"[1, 23, 24, 17, 18, 2, 0, 0, 0, 0, 0, 0, 0, 0, 0, 0, 0, 0]",strap
192118,user_505,Two of target's handles are tied together,3FTYUGLFSWE3JQDPE45ZM14HZWW5D7,31.0,d331a7bbfb0e7301e858db1dc3499392,bag,ShapeNet,22065bf26a7da50a5c4dc8ac281ba59d,bag,ShapeNet,False,bag/ShapeNet/22065bf26a7da50a5c4dc8ac281ba59d,bag/ShapeNet/d331a7bbfb0e7301e858db1dc3499392,True,bag,bag,1,"['two', 'of', 'target', ""'s"", 'handles', 'are', 'tied', 'together']",8,two of target 's handles are tied together,train,train,train,train,"[1, 17, 38, 11, 12, 18, 16, 3160, 220, 2, 0, 0, 0, 0, 0, 0, 0, 0]",strap
192119,user_1298,The handles touch,3LRLIPTPES2832VG1HI3YPFTBJ4AK5,120.0,d331a7bbfb0e7301e858db1dc3499392,bag,ShapeNet,22065bf26a7da50a5c4dc8ac281ba59d,bag,ShapeNet,False,bag/ShapeNet/22065bf26a7da50a5c4dc8ac281ba59d,bag/ShapeNet/d331a7bbfb0e7301e858db1dc3499392,True,bag,bag,1,"['the', 'handles', 'touch']",3,the handles touch,train,train,train,train,"[1, 10, 18, 1298, 2, 0, 0, 0, 0, 0, 0, 0, 0, 0, 0, 0, 0, 0]",strap
192124,user_507,it has 1 handle instead of 2,31T4R4OBOU9812LU21PL0F0V55UC7E,59.0,dc0f03ff60628a16978cfd2f5138d5f5,bag,PartNet,8569a0c606bbba73d9985ad45fbb635e,bag,ShapeNet,False,bag/ShapeNet/8569a0c606bbba73d9985ad45fbb635e,bag/PartNet/dc0f03ff60628a16978cfd2f5138d5f5,True,bag,bag,1,"['it', 'has', 'one', 'handle', 'instead', 'of', 'two']",7,it has one handle instead of two,train,train,train,train,"[1, 23, 24, 19, 29, 97, 38, 17, 2, 0, 0, 0, 0, 0, 0, 0, 0, 0]",strap
192125,user_649,It has a small single handle.,3QFUFYSY908ILRNLR5HF591OBCPF4T,143.0,dc0f03ff60628a16978cfd2f5138d5f5,bag,PartNet,8569a0c606bbba73d9985ad45fbb635e,bag,ShapeNet,False,bag/ShapeNet/8569a0c606bbba73d9985ad45fbb635e,bag/PartNet/dc0f03ff60628a16978cfd2f5138d5f5,True,bag,bag,1,"['it', 'has', 'a', 'small', 'single', 'handle']",6,it has a small single handle,train,train,train,train,"[1, 23, 24, 26, 111, 86, 29, 2, 0, 0, 0, 0, 0, 0, 0, 0, 0, 0]",strap
192126,user_156,Its handle is much taller in height.,3V0Z7YWSI0TXEAUON63VUG7CFV42V1,33.0,c5a37b5192fba85b9ca96b2737246fca,bag,PartNet,feeae9bd7f1336693a75e6d000e08290,bag,PartNet,False,bag/PartNet/feeae9bd7f1336693a75e6d000e08290,bag/PartNet/c5a37b5192fba85b9ca96b2737246fca,True,bag,bag,1,"['its', 'handle', 'is', 'much', 'tall', '-er', 'in', 'height']",8,its handle is much tall -er in height,train,train,train,train,"[1, 5, 29, 7, 59, 53, 9, 90, 117, 2, 0, 0, 0, 0, 0, 0, 0, 0]",strap
192128,user_948,It has pockets,3DEL4X4EL8EFJKSQG6B8R552AJPXYU,37.0,c5a37b5192fba85b9ca96b2737246fca,bag,PartNet,feeae9bd7f1336693a75e6d000e08290,bag,PartNet,False,bag/PartNet/feeae9bd7f1336693a75e6d000e08290,bag/PartNet/c5a37b5192fba85b9ca96b2737246fca,True,bag,bag,1,"['it', 'has', 'pockets']",3,it has pockets,train,train,train,train,"[1, 23, 24, 2930, 2, 0, 0, 0, 0, 0, 0, 0, 0, 0, 0, 0, 0, 0]",body
192135,user_203,The handle is not as high.,3634BBTX0QNCTYM0CUJJZAB7GVYFII,219.0,bb6eba59b185e6bce8a1430c80ad4e85,bag,PartNet,dcc01017dcaa0eb06cc88f0bd373634c,bag,PartNet,False,bag/PartNet/dcc01017dcaa0eb06cc88f0bd373634c,bag/PartNet/bb6eba59b185e6bce8a1430c80ad4e85,True,bag,bag,1,"['the', 'handle', 'is', 'not', 'as', 'high']",6,the handle is not as high,train,train,train,train,"[1, 10, 29, 7, 40, 52, 49, 2, 0, 0, 0, 0, 0, 0, 0, 0, 0, 0]",strap
192136,user_786,Its handle is flush with the top surface,39N5ACM9HGGV9AIRM39BYBQ8ZB4P9I,102.0,bb6eba59b185e6bce8a1430c80ad4e85,bag,PartNet,dcc01017dcaa0eb06cc88f0bd373634c,bag,PartNet,False,bag/PartNet/dcc01017dcaa0eb06cc88f0bd373634c,bag/PartNet/bb6eba59b185e6bce8a1430c80ad4e85,True,bag,bag,1,"['its', 'handle', 'is', 'flush', 'with', 'the', 'top', 'surface']",8,its handle is flush with the top surface,train,train,train,train,"[1, 5, 29, 7, 1230, 121, 10, 99, 334, 2, 0, 0, 0, 0, 0, 0, 0, 0]",strap
192139,user_786,Its side has a small pocket on top of a larger rectangular pocket,3PS7W85Z81VT12BY3KIV3LR5OE49TM,90.0,c5c0f63f94ddf4c258d149fbd24761c4,bag,ShapeNet,fee3c970d7e854103f5881eaf72c4aa0,bag,PartNet,False,bag/PartNet/fee3c970d7e854103f5881eaf72c4aa0,bag/ShapeNet/c5c0f63f94ddf4c258d149fbd24761c4,True,bag,bag,1,"['its', 'side', 'has', 'a', 'small', 'pocket', 'on', 'top', 'of', 'a', 'large', '-er', 'rectangular', 'pocket']",14,its side has a small pocket on top of a large -er rectangular pocket,val,train,val,train,"[1, 5, 22, 24, 26, 111, 1425, 20, 99, 38, 26, 94, 9, 128, 1425, 2, 0, 0]",body
192140,user_1298,It does not have a handle,3UWN2HHPU0YDB42DFUWABHQ3RJFNSG,39.0,c5c0f63f94ddf4c258d149fbd24761c4,bag,ShapeNet,fee3c970d7e854103f5881eaf72c4aa0,bag,PartNet,False,bag/PartNet/fee3c970d7e854103f5881eaf72c4aa0,bag/ShapeNet/c5c0f63f94ddf4c258d149fbd24761c4,True,bag,bag,1,"['it', 'does', 'not', 'have', 'a', 'handle']",6,it does not have a handle,val,train,val,train,"[1, 23, 39, 40, 84, 26, 29, 2, 0, 0, 0, 0, 0, 0, 0, 0, 0, 0]",strap
192142,user_786,"It has thinner, taller handles",3SITXWYCNX2J6CZF6EXOJU71PAGXBO,155.0,e450a063965ce182372d50f0ef237781,bag,ShapeNet,6881468dd51c214922022e93ae2b2b5b,bag,ShapeNet,False,bag/ShapeNet/6881468dd51c214922022e93ae2b2b5b,bag/ShapeNet/e450a063965ce182372d50f0ef237781,False,bag,bag,1,"['it', 'has', 'thin', '-er', 'tall', '-er', 'handles']",7,it has thin -er tall -er handles,train,train,train,train,"[1, 23, 24, 60, 9, 53, 9, 18, 2, 0, 0, 0, 0, 0, 0, 0, 0, 0]",strap
192145,user_1602,The straps have a greater height.,31Q0U3WYDR8OEZBWM401JJH415817C,157.0,74c548ef3ca7b1987515e7bb7dba4019,bag,ShapeNet,abba6df6294f20c569ea850160c0b35,bag,ShapeNet,False,bag/ShapeNet/abba6df6294f20c569ea850160c0b35,bag/ShapeNet/74c548ef3ca7b1987515e7bb7dba4019,True,bag,bag,1,"['the', 'straps', 'have', 'a', 'great', '-er', 'height']",7,the straps have a great -er height,test,train,test,train,"[1, 10, 716, 84, 26, 188, 9, 117, 2, 0, 0, 0, 0, 0, 0, 0, 0, 0]",strap
192147,user_156,It does not have a heart shape on its body.,3Z7EFSHGNB72GHRLKETJUEDJ7XRCXP,35.0,2022610a5d1a8455abc49cae1a831a9e,bag,ShapeNet,5c12982724d7f3d28bc9f09e7c72cc8a,bag,PartNet,False,bag/PartNet/5c12982724d7f3d28bc9f09e7c72cc8a,bag/ShapeNet/2022610a5d1a8455abc49cae1a831a9e,True,bag,bag,1,"['it', 'does', 'not', 'have', 'a', 'heart', 'shape', 'on', 'its', 'body']",10,it does not have a heart shape on its body,train,train,train,train,"[1, 23, 39, 40, 84, 26, 795, 93, 20, 5, 45, 2, 0, 0, 0, 0, 0, 0]",body
192151,user_505,Target has only one handle,3GA6AFUKOQHHHRVNMH0WYPLVDSI3H8,45.0,d7e81ad000b90c26bc4ac3caf16ef65,bag,PartNet,cbc1512b28e9ed382bef451de0ed6949,bag,ShapeNet,False,bag/ShapeNet/cbc1512b28e9ed382bef451de0ed6949,bag/PartNet/d7e81ad000b90c26bc4ac3caf16ef65,True,bag,bag,1,"['target', 'has', 'only', 'one', 'handle']",5,target has only one handle,test,train,test,train,"[1, 11, 24, 133, 19, 29, 2, 0, 0, 0, 0, 0, 0, 0, 0, 0, 0, 0]",strap
192153,user_588,The target's handle is rounded.,3LYA37P8ISGDMC087VIZT0ZZT04BKE,211.0,5654b9e3d9b62661ae0c7300d2b2cc1d,bag,PartNet,5afe31025e8574ea8d6e12c39b2d5023,bag,ShapeNet,False,bag/ShapeNet/5afe31025e8574ea8d6e12c39b2d5023,bag/PartNet/5654b9e3d9b62661ae0c7300d2b2cc1d,False,bag,bag,1,"['the', 'target', ""'s"", 'handle', 'is', 'rounded']",6,the target 's handle is rounded,train,train,train,train,"[1, 10, 11, 12, 29, 7, 48, 2, 0, 0, 0, 0, 0, 0, 0, 0, 0, 0]",strap
192154,user_1298,The body is sleeker,384PI804XUUAQ8A6EOUC05UQJQ80SM,187.0,5654b9e3d9b62661ae0c7300d2b2cc1d,bag,PartNet,5afe31025e8574ea8d6e12c39b2d5023,bag,ShapeNet,False,bag/ShapeNet/5afe31025e8574ea8d6e12c39b2d5023,bag/PartNet/5654b9e3d9b62661ae0c7300d2b2cc1d,False,bag,bag,1,"['the', 'body', 'is', 'sleek', '-er']",5,the body is sleek -er,train,train,train,train,"[1, 10, 45, 7, 1956, 9, 2, 0, 0, 0, 0, 0, 0, 0, 0, 0, 0, 0]",body
192155,user_2101,It has one small circular handle on the top,39DD6S19JR46IABEHNNZHNTX07TEZ4,112.0,5654b9e3d9b62661ae0c7300d2b2cc1d,bag,PartNet,5afe31025e8574ea8d6e12c39b2d5023,bag,ShapeNet,False,bag/ShapeNet/5afe31025e8574ea8d6e12c39b2d5023,bag/PartNet/5654b9e3d9b62661ae0c7300d2b2cc1d,False,bag,bag,1,"['it', 'has', 'one', 'small', 'circular', 'handle', 'on', 'the', 'top']",9,it has one small circular handle on the top,train,train,train,train,"[1, 23, 24, 19, 111, 102, 29, 20, 10, 99, 2, 0, 0, 0, 0, 0, 0, 0]",strap
192157,user_923,It has one long loop for the strap,308XBLVESKXZ9GD3XFRWUCLDOTWRBN,110.0,7565e6f425dd6d376d987ae9a225629c,bag,ShapeNet,cbc1512b28e9ed382bef451de0ed6949,bag,ShapeNet,False,bag/ShapeNet/cbc1512b28e9ed382bef451de0ed6949,bag/ShapeNet/7565e6f425dd6d376d987ae9a225629c,False,bag,bag,1,"['it', 'has', 'one', 'long', 'loop', 'for', 'the', 'strap']",8,it has one long loop for the strap,test,train,test,train,"[1, 23, 24, 19, 32, 549, 259, 10, 628, 2, 0, 0, 0, 0, 0, 0, 0, 0]",strap
192162,user_156,It has only one visible pocket.,333U7HK6IB8BQPSA369TNBNMHZSDJ6,76.0,feeae9bd7f1336693a75e6d000e08290,bag,PartNet,669fe6ae83e64a544608027d921be76e,bag,PartNet,False,bag/PartNet/669fe6ae83e64a544608027d921be76e,bag/PartNet/feeae9bd7f1336693a75e6d000e08290,True,bag,bag,1,"['it', 'has', 'only', 'one', 'visible', 'pocket']",6,it has only one visible pocket,train,train,train,train,"[1, 23, 24, 133, 19, 185, 1425, 2, 0, 0, 0, 0, 0, 0, 0, 0, 0, 0]",body
192166,user_588,The target has a front pocket.,33FOTY3KEOEUQG6SDL8CZ59I2F61CA,54.0,61c9570c3d12e47cd061bb85232b3b01,bag,PartNet,4a67dccd91447cfa504721639e19f609,bag,PartNet,False,bag/PartNet/4a67dccd91447cfa504721639e19f609,bag/PartNet/61c9570c3d12e47cd061bb85232b3b01,False,bag,bag,1,"['the', 'target', 'has', 'a', 'front', 'pocket']",6,the target has a front pocket,train,train,train,train,"[1, 10, 11, 24, 26, 37, 1425, 2, 0, 0, 0, 0, 0, 0, 0, 0, 0, 0]",body
192167,user_786,It has no handles,3DIP6YHAPELRYEAR8XNM43WT1Y18E8,135.0,61c9570c3d12e47cd061bb85232b3b01,bag,PartNet,4a67dccd91447cfa504721639e19f609,bag,PartNet,False,bag/PartNet/4a67dccd91447cfa504721639e19f609,bag/PartNet/61c9570c3d12e47cd061bb85232b3b01,False,bag,bag,1,"['it', 'has', 'no', 'handles']",4,it has no handles,train,train,train,train,"[1, 23, 24, 123, 18, 2, 0, 0, 0, 0, 0, 0, 0, 0, 0, 0, 0, 0]",strap
192168,user_505,Target has tall handles,3JV9LGBJWV7S3KTYL9261S75TJSOGG,88.0,577bfb3d22deeb3af71e06115e9c3b3e,bag,PartNet,e450a063965ce182372d50f0ef237781,bag,ShapeNet,False,bag/ShapeNet/e450a063965ce182372d50f0ef237781,bag/PartNet/577bfb3d22deeb3af71e06115e9c3b3e,False,bag,bag,1,"['target', 'has', 'tall', 'handles']",4,target has tall handles,train,train,train,train,"[1, 11, 24, 53, 18, 2, 0, 0, 0, 0, 0, 0, 0, 0, 0, 0, 0, 0]",strap
192169,user_1298,The width of the body is smaller,3NPI0JQDAQYETPR5K9ESPBRKTIUTP9,68.0,577bfb3d22deeb3af71e06115e9c3b3e,bag,PartNet,e450a063965ce182372d50f0ef237781,bag,ShapeNet,False,bag/ShapeNet/e450a063965ce182372d50f0ef237781,bag/PartNet/577bfb3d22deeb3af71e06115e9c3b3e,False,bag,bag,1,"['the', 'width', 'of', 'the', 'body', 'is', 'small', '-er']",8,the width of the body is small -er,train,train,train,train,"[1, 10, 358, 38, 10, 45, 7, 111, 9, 2, 0, 0, 0, 0, 0, 0, 0, 0]",body
192170,user_1424,It has two handles,3P4MQ7TPPZ5CT9WE1I56UXG9667BB6,321.0,577bfb3d22deeb3af71e06115e9c3b3e,bag,PartNet,e450a063965ce182372d50f0ef237781,bag,ShapeNet,False,bag/ShapeNet/e450a063965ce182372d50f0ef237781,bag/PartNet/577bfb3d22deeb3af71e06115e9c3b3e,False,bag,bag,1,"['it', 'has', 'two', 'handles']",4,it has two handles,train,train,train,train,"[1, 23, 24, 17, 18, 2, 0, 0, 0, 0, 0, 0, 0, 0, 0, 0, 0, 0]",strap
192172,user_832,does not have a handle,3NGI5ARFTVYDK5FWIQUIJ58P1251PG,102.0,68b7ca73de30ad6df2197da8dec8488d,bag,ShapeNet,9042addf05ddc7d3be15cb713d84cd3d,bag,PartNet,True,bag/PartNet/9042addf05ddc7d3be15cb713d84cd3d,bag/ShapeNet/68b7ca73de30ad6df2197da8dec8488d,False,bag,bag,1,"['does', 'not', 'have', 'a', 'handle']",5,does not have a handle,test,train,test,train,"[1, 39, 40, 84, 26, 29, 2, 0, 0, 0, 0, 0, 0, 0, 0, 0, 0, 0]",strap
192177,user_203,It does not have straps.,3DPNQGW4LN8M2YUAQCEBB3OBIEQ46L,114.0,c3546b0830a79ea64be35abb02d18d44,bag,PartNet,e8039f73cf912ff5e8c69fd29511206a,bag,ShapeNet,False,bag/ShapeNet/e8039f73cf912ff5e8c69fd29511206a,bag/PartNet/c3546b0830a79ea64be35abb02d18d44,False,bag,bag,1,"['it', 'does', 'not', 'have', 'straps']",5,it does not have straps,train,train,train,train,"[1, 23, 39, 40, 84, 716, 2, 0, 0, 0, 0, 0, 0, 0, 0, 0, 0, 0]",strap
192178,user_505,Target does not have straps,30IQTZXKAMZIMPW58Y0ZZDBIY6A0XW,39.0,c3546b0830a79ea64be35abb02d18d44,bag,PartNet,e8039f73cf912ff5e8c69fd29511206a,bag,ShapeNet,False,bag/ShapeNet/e8039f73cf912ff5e8c69fd29511206a,bag/PartNet/c3546b0830a79ea64be35abb02d18d44,False,bag,bag,1,"['target', 'does', 'not', 'have', 'straps']",5,target does not have straps,train,train,train,train,"[1, 11, 39, 40, 84, 716, 2, 0, 0, 0, 0, 0, 0, 0, 0, 0, 0, 0]",strap
192179,user_1298,The length of the body is larger,3BDCF01OGZNKJQB12N8KGBAF3AAYL4,99.0,c3546b0830a79ea64be35abb02d18d44,bag,PartNet,e8039f73cf912ff5e8c69fd29511206a,bag,ShapeNet,False,bag/ShapeNet/e8039f73cf912ff5e8c69fd29511206a,bag/PartNet/c3546b0830a79ea64be35abb02d18d44,False,bag,bag,1,"['the', 'length', 'of', 'the', 'body', 'is', 'large', '-er']",8,the length of the body is large -er,train,train,train,train,"[1, 10, 155, 38, 10, 45, 7, 94, 9, 2, 0, 0, 0, 0, 0, 0, 0, 0]",body
192180,user_505,Target has curved handles,3L6L49WXW2QQJUUWLT46JXABMJ545V,51.0,c5a37b5192fba85b9ca96b2737246fca,bag,PartNet,756066117169dbc96c1d5082d1bdea19,bag,ShapeNet,False,bag/ShapeNet/756066117169dbc96c1d5082d1bdea19,bag/PartNet/c5a37b5192fba85b9ca96b2737246fca,False,bag,bag,1,"['target', 'has', 'curved', 'handles']",4,target has curved handles,train,train,train,train,"[1, 11, 24, 51, 18, 2, 0, 0, 0, 0, 0, 0, 0, 0, 0, 0, 0, 0]",strap
192181,user_1135,The target bag has hardware on its handles.,3KKG4CDWKKR9KHW8OJHNVDFD8FJ49H,111.0,c5a37b5192fba85b9ca96b2737246fca,bag,PartNet,756066117169dbc96c1d5082d1bdea19,bag,ShapeNet,False,bag/ShapeNet/756066117169dbc96c1d5082d1bdea19,bag/PartNet/c5a37b5192fba85b9ca96b2737246fca,False,bag,bag,1,"['the', 'target', 'bag', 'has', 'hardware', 'on', 'its', 'handles']",8,the target bag has hardware on its handles,train,train,train,train,"[1, 10, 11, 1909, 24, 1602, 20, 5, 18, 2, 0, 0, 0, 0, 0, 0, 0, 0]",strap
192182,user_2044,Its body is not angular,3RXCAC0YITIPIS6IESDA46H5EFL8GW,105.0,c5a37b5192fba85b9ca96b2737246fca,bag,PartNet,756066117169dbc96c1d5082d1bdea19,bag,ShapeNet,False,bag/ShapeNet/756066117169dbc96c1d5082d1bdea19,bag/PartNet/c5a37b5192fba85b9ca96b2737246fca,False,bag,bag,1,"['its', 'body', 'is', 'not', 'angular']",5,its body is not angular,train,train,train,train,"[1, 5, 45, 7, 40, 426, 2, 0, 0, 0, 0, 0, 0, 0, 0, 0, 0, 0]",body
192184,user_203,The body is not tapered.,3WETL7AQWV151YBSLFZN9SI58JR53T,96.0,93ca5243aa73b5de81157c9325bb0e45,bag,ShapeNet,876114d9d568b250b3628215e327f7d4,bag,PartNet,False,bag/PartNet/876114d9d568b250b3628215e327f7d4,bag/ShapeNet/93ca5243aa73b5de81157c9325bb0e45,False,bag,bag,1,"['the', 'body', 'is', 'not', 'tapered']",5,the body is not tapered,train,train,train,train,"[1, 10, 45, 7, 40, 352, 2, 0, 0, 0, 0, 0, 0, 0, 0, 0, 0, 0]",body
192187,user_1298,The body is wider at the bottom,36W0OB37HY7I2K2G7OV52QQASMXHZX,115.0,2970e5486815e72ccd99ccc7ff441abf,bag,ShapeNet,adfe9029a1ca723eb8966aeece708f87,bag,ShapeNet,False,bag/ShapeNet/adfe9029a1ca723eb8966aeece708f87,bag/ShapeNet/2970e5486815e72ccd99ccc7ff441abf,True,bag,bag,1,"['the', 'body', 'is', 'wide', '-er', 'at', 'the', 'bottom']",8,the body is wide -er at the bottom,train,train,train,train,"[1, 10, 45, 7, 83, 9, 98, 10, 76, 2, 0, 0, 0, 0, 0, 0, 0, 0]",body
192191,user_2044,The handle is much larger,39U1BHVTDNK7M0MIMBHLC8OJOMM3TR,39.0,61c9570c3d12e47cd061bb85232b3b01,bag,PartNet,83ab18386e87bf4efef598dabc93c115,bag,ShapeNet,False,bag/ShapeNet/83ab18386e87bf4efef598dabc93c115,bag/PartNet/61c9570c3d12e47cd061bb85232b3b01,True,bag,bag,1,"['the', 'handle', 'is', 'much', 'large', '-er']",6,the handle is much large -er,train,train,train,train,"[1, 10, 29, 7, 59, 94, 9, 2, 0, 0, 0, 0, 0, 0, 0, 0, 0, 0]",strap
192195,user_505,"Target has a small, narrow handle",3M81GAB8A2CZXFY3K02WPMB8S7KQBB,62.0,8e3eb521577dddea7d2c1de1b4d2a6e4,bag,PartNet,5f3af8ff93de34c9e7922afdefd88b6e,bag,ShapeNet,False,bag/ShapeNet/5f3af8ff93de34c9e7922afdefd88b6e,bag/PartNet/8e3eb521577dddea7d2c1de1b4d2a6e4,True,bag,bag,1,"['target', 'has', 'a', 'small', 'narrow', 'handle']",6,target has a small narrow handle,test,train,test,train,"[1, 11, 24, 26, 111, 210, 29, 2, 0, 0, 0, 0, 0, 0, 0, 0, 0, 0]",strap
192198,user_156,Its locking clasps are at the top of its body.,3RJSC4XJ12N9K6CV2SH47UKY59I50D,39.0,6be0fb1d4872e759285e5a1f74237618,bag,PartNet,21b60b5519668987a75d03186a0409e2,bag,PartNet,False,bag/PartNet/21b60b5519668987a75d03186a0409e2,bag/PartNet/6be0fb1d4872e759285e5a1f74237618,True,bag,bag,1,"['its', 'locking', 'clasps', 'are', 'at', 'the', 'top', 'of', 'its', 'body']",10,its locking clasps are at the top of its body,train,train,train,train,"[1, 5, 2896, 3349, 16, 98, 10, 99, 38, 5, 45, 2, 0, 0, 0, 0, 0, 0]",body
192201,user_156,It does not have a frame attached to its body.,3YMU66OBIP1IB37BHW7GHJA4HZ1GHB,733.0,5654b9e3d9b62661ae0c7300d2b2cc1d,bag,PartNet,d7dff9ecaf5f063cb1eb0742a46d174e,bag,PartNet,False,bag/PartNet/d7dff9ecaf5f063cb1eb0742a46d174e,bag/PartNet/5654b9e3d9b62661ae0c7300d2b2cc1d,False,bag,bag,1,"['it', 'does', 'not', 'have', 'a', 'frame', 'attached', 'to', 'its', 'body']",10,it does not have a frame attached to its body,train,train,train,train,"[1, 23, 39, 40, 84, 26, 1034, 115, 58, 5, 45, 2, 0, 0, 0, 0, 0, 0]",body
192203,user_786,Its sides do not have protruding pockets,3WS1NTTKE051M35K84UDT6BBU1O0FF,86.0,5654b9e3d9b62661ae0c7300d2b2cc1d,bag,PartNet,d7dff9ecaf5f063cb1eb0742a46d174e,bag,PartNet,False,bag/PartNet/d7dff9ecaf5f063cb1eb0742a46d174e,bag/PartNet/5654b9e3d9b62661ae0c7300d2b2cc1d,False,bag,bag,1,"['its', 'sides', 'do', 'not', 'have', 'protruding', 'pockets']",7,its sides do not have protruding pockets,train,train,train,train,"[1, 5, 360, 338, 40, 84, 391, 2930, 2, 0, 0, 0, 0, 0, 0, 0, 0, 0]",body
192207,user_786,It has two pockets on the front face,3EQHHY4HQUL6VANGGU67SM7ECO1G5H,125.0,adfe9029a1ca723eb8966aeece708f87,bag,ShapeNet,c3a5009c4867f7293c8d0fdfb1cc2535,bag,ShapeNet,False,bag/ShapeNet/c3a5009c4867f7293c8d0fdfb1cc2535,bag/ShapeNet/adfe9029a1ca723eb8966aeece708f87,True,bag,bag,1,"['it', 'has', 'two', 'pockets', 'on', 'the', 'front', 'face']",8,it has two pockets on the front face,train,train,train,train,"[1, 23, 24, 17, 2930, 20, 10, 37, 56, 2, 0, 0, 0, 0, 0, 0, 0, 0]",body
192208,user_2044,It has two front pockets,3LOZAJ85YF6PIZZJNL4DI14XV5RX2C,475.0,adfe9029a1ca723eb8966aeece708f87,bag,ShapeNet,c3a5009c4867f7293c8d0fdfb1cc2535,bag,ShapeNet,False,bag/ShapeNet/c3a5009c4867f7293c8d0fdfb1cc2535,bag/ShapeNet/adfe9029a1ca723eb8966aeece708f87,True,bag,bag,1,"['it', 'has', 'two', 'front', 'pockets']",5,it has two front pockets,train,train,train,train,"[1, 23, 24, 17, 37, 2930, 2, 0, 0, 0, 0, 0, 0, 0, 0, 0, 0, 0]",body
192209,user_2115,single fat handle,3X3OR7WPZ1T54KKJPJAQHYMDAVE8L7,46.0,adfe9029a1ca723eb8966aeece708f87,bag,ShapeNet,c3a5009c4867f7293c8d0fdfb1cc2535,bag,ShapeNet,True,bag/ShapeNet/c3a5009c4867f7293c8d0fdfb1cc2535,bag/ShapeNet/adfe9029a1ca723eb8966aeece708f87,True,bag,bag,1,"['single', 'fat', 'handle']",3,single fat handle,train,train,train,train,"[1, 86, 866, 29, 2, 0, 0, 0, 0, 0, 0, 0, 0, 0, 0, 0, 0, 0]",strap
192217,user_2002,The handles are thinner,3TVSS0C0E3T4DYO6WVSNH5ZGMFKWTU,81.0,7565e6f425dd6d376d987ae9a225629c,bag,ShapeNet,f297885d4918000ec8724d5673a063a6,bag,ShapeNet,False,bag/ShapeNet/f297885d4918000ec8724d5673a063a6,bag/ShapeNet/7565e6f425dd6d376d987ae9a225629c,True,bag,bag,1,"['the', 'handles', 'are', 'thin', '-er']",5,the handles are thin -er,train,train,train,train,"[1, 10, 18, 16, 60, 9, 2, 0, 0, 0, 0, 0, 0, 0, 0, 0, 0, 0]",strap
192222,user_1416,It has smaller handles.,3ZQIG0FLQG9JQQSV1QS2INN1JZ9WVH,131.0,83ab18386e87bf4efef598dabc93c115,bag,ShapeNet,8bc53bae41a8105f5c7506815f553527,bag,ShapeNet,False,bag/ShapeNet/8bc53bae41a8105f5c7506815f553527,bag/ShapeNet/83ab18386e87bf4efef598dabc93c115,True,bag,bag,1,"['it', 'has', 'small', '-er', 'handles']",5,it has small -er handles,train,train,train,train,"[1, 23, 24, 111, 9, 18, 2, 0, 0, 0, 0, 0, 0, 0, 0, 0, 0, 0]",strap
192223,user_1894,It has a small arched top handle.,3WLEIWSYHQASW9Z4IHMRFFG37D92HL,144.0,83ab18386e87bf4efef598dabc93c115,bag,ShapeNet,8bc53bae41a8105f5c7506815f553527,bag,ShapeNet,False,bag/ShapeNet/8bc53bae41a8105f5c7506815f553527,bag/ShapeNet/83ab18386e87bf4efef598dabc93c115,True,bag,bag,1,"['it', 'has', 'a', 'small', 'arched', 'top', 'handle']",7,it has a small arched top handle,train,train,train,train,"[1, 23, 24, 26, 111, 366, 99, 29, 2, 0, 0, 0, 0, 0, 0, 0, 0, 0]",strap
192231,user_156,It has two handles.,3YDTZAI2WZ9RVCTDK62UG7XUA4814K,38.0,9296663dcefe3f6d9830ee784de3bbf2,bag,PartNet,5ce403455e28451b76bb31db0358e9c6,bag,PartNet,False,bag/PartNet/5ce403455e28451b76bb31db0358e9c6,bag/PartNet/9296663dcefe3f6d9830ee784de3bbf2,False,bag,bag,1,"['it', 'has', 'two', 'handles']",4,it has two handles,test,train,test,train,"[1, 23, 24, 17, 18, 2, 0, 0, 0, 0, 0, 0, 0, 0, 0, 0, 0, 0]",strap
192236,user_1396,the body is shorter,3ZAK8W07I67Q5L2A3TPCF6CE4RTU04,59.0,1342fc4f613687f92569b963af585e33,bag,ShapeNet,a333a7047900101ffc854afc3ce25be,bag,PartNet,True,bag/PartNet/a333a7047900101ffc854afc3ce25be,bag/ShapeNet/1342fc4f613687f92569b963af585e33,False,bag,bag,1,"['the', 'body', 'is', 'short', '-er']",5,the body is short -er,train,train,train,train,"[1, 10, 45, 7, 8, 9, 2, 0, 0, 0, 0, 0, 0, 0, 0, 0, 0, 0]",body
192248,user_2063,The handle is thinner in size,3LUY3GC631TRVRUY76BRKFZ24LR7PZ,98.0,5d4f774fdda6fa1dcd99ccc7ff441abf,bag,ShapeNet,39c0ab6acbbe08664901899b99d63624,bag,PartNet,False,bag/PartNet/39c0ab6acbbe08664901899b99d63624,bag/ShapeNet/5d4f774fdda6fa1dcd99ccc7ff441abf,True,bag,bag,1,"['the', 'handle', 'is', 'thin', '-er', 'in', 'size']",7,the handle is thin -er in size,train,train,train,train,"[1, 10, 29, 7, 60, 9, 90, 377, 2, 0, 0, 0, 0, 0, 0, 0, 0, 0]",strap
192249,user_203,The handle is not as high.,39U1BHVTDNK7M0MIMBHLC8OJOMF3TK,129.0,d5881d42567baaf5dc19a9901b7e9a4f,bag,ShapeNet,cd1e74f430acfaf0504721639e19f609,bag,ShapeNet,False,bag/ShapeNet/cd1e74f430acfaf0504721639e19f609,bag/ShapeNet/d5881d42567baaf5dc19a9901b7e9a4f,True,bag,bag,1,"['the', 'handle', 'is', 'not', 'as', 'high']",6,the handle is not as high,train,train,train,train,"[1, 10, 29, 7, 40, 52, 49, 2, 0, 0, 0, 0, 0, 0, 0, 0, 0, 0]",strap
192250,user_1298,The handles are smaller,3NL0RFNU0HGT1DFZSG8CLMTTJ844KI,49.0,d5881d42567baaf5dc19a9901b7e9a4f,bag,ShapeNet,cd1e74f430acfaf0504721639e19f609,bag,ShapeNet,False,bag/ShapeNet/cd1e74f430acfaf0504721639e19f609,bag/ShapeNet/d5881d42567baaf5dc19a9901b7e9a4f,True,bag,bag,1,"['the', 'handles', 'are', 'small', '-er']",5,the handles are small -er,train,train,train,train,"[1, 10, 18, 16, 111, 9, 2, 0, 0, 0, 0, 0, 0, 0, 0, 0, 0, 0]",strap
192251,user_2115,it has a short handle,3SKRO2GZ73KC9EIG5YPANOMQ7P31KD,111.0,d5881d42567baaf5dc19a9901b7e9a4f,bag,ShapeNet,cd1e74f430acfaf0504721639e19f609,bag,ShapeNet,False,bag/ShapeNet/cd1e74f430acfaf0504721639e19f609,bag/ShapeNet/d5881d42567baaf5dc19a9901b7e9a4f,True,bag,bag,1,"['it', 'has', 'a', 'short', 'handle']",5,it has a short handle,train,train,train,train,"[1, 23, 24, 26, 8, 29, 2, 0, 0, 0, 0, 0, 0, 0, 0, 0, 0, 0]",strap
192259,user_156,It has two handles.,3URFVVM167BN76807N24L5F0MXVZUI,29.0,876114d9d568b250b3628215e327f7d4,bag,PartNet,35c950ccd57d9cde3774dede79959b94,bag,PartNet,False,bag/PartNet/35c950ccd57d9cde3774dede79959b94,bag/PartNet/876114d9d568b250b3628215e327f7d4,False,bag,bag,1,"['it', 'has', 'two', 'handles']",4,it has two handles,test,train,test,train,"[1, 23, 24, 17, 18, 2, 0, 0, 0, 0, 0, 0, 0, 0, 0, 0, 0, 0]",strap
192260,user_203,The body is tapered.,3PEIJLRY6VMBUFXQ15TK68KMZBYWX3,77.0,876114d9d568b250b3628215e327f7d4,bag,PartNet,35c950ccd57d9cde3774dede79959b94,bag,PartNet,False,bag/PartNet/35c950ccd57d9cde3774dede79959b94,bag/PartNet/876114d9d568b250b3628215e327f7d4,False,bag,bag,1,"['the', 'body', 'is', 'tapered']",4,the body is tapered,test,train,test,train,"[1, 10, 45, 7, 352, 2, 0, 0, 0, 0, 0, 0, 0, 0, 0, 0, 0, 0]",body
192261,user_786,It has a long handle,3KWTYT0872WMH21HRL3N5ECM84YL51,157.0,f872a64810c123a47abde6405e4d8323,bag,ShapeNet,68b7ca73de30ad6df2197da8dec8488d,bag,ShapeNet,False,bag/ShapeNet/68b7ca73de30ad6df2197da8dec8488d,bag/ShapeNet/f872a64810c123a47abde6405e4d8323,False,bag,bag,1,"['it', 'has', 'a', 'long', 'handle']",5,it has a long handle,train,train,train,train,"[1, 23, 24, 26, 32, 29, 2, 0, 0, 0, 0, 0, 0, 0, 0, 0, 0, 0]",strap
192263,user_1920,type of handle,3OS46CRSLHSLWBDPA8FYKTOOVXM6VW,102.0,f872a64810c123a47abde6405e4d8323,bag,ShapeNet,68b7ca73de30ad6df2197da8dec8488d,bag,ShapeNet,False,bag/ShapeNet/68b7ca73de30ad6df2197da8dec8488d,bag/ShapeNet/f872a64810c123a47abde6405e4d8323,False,bag,bag,1,"['type', 'of', 'handle']",3,type of handle,train,train,train,train,"[1, 522, 38, 29, 2, 0, 0, 0, 0, 0, 0, 0, 0, 0, 0, 0, 0, 0]",strap
192270,user_328,The target has water-bottle sized side pockets.,30BUDKLTXFO8BWRPAZGJSJM2Z7N5EO,447.0,c4cb5bcb1a9399ae504721639e19f609,bag,ShapeNet,ec1b9ac45597e4cd9318cfd6c0d37d9b,bag,PartNet,False,bag/PartNet/ec1b9ac45597e4cd9318cfd6c0d37d9b,bag/ShapeNet/c4cb5bcb1a9399ae504721639e19f609,True,bag,bag,1,"['the', 'target', 'has', 'water', 'bottle', 'sized', 'side', 'pockets']",8,the target has water bottle sized side pockets,train,train,train,train,"[1, 10, 11, 24, 139, 577, 1002, 22, 2930, 2, 0, 0, 0, 0, 0, 0, 0, 0]",body
192272,user_529,This target has two side pockets.,384PI804XUUAQ8A6EOUC05UQJR90SP,141.0,c4cb5bcb1a9399ae504721639e19f609,bag,ShapeNet,ec1b9ac45597e4cd9318cfd6c0d37d9b,bag,PartNet,False,bag/PartNet/ec1b9ac45597e4cd9318cfd6c0d37d9b,bag/ShapeNet/c4cb5bcb1a9399ae504721639e19f609,True,bag,bag,1,"['this', 'target', 'has', 'two', 'side', 'pockets']",6,this target has two side pockets,train,train,train,train,"[1, 301, 11, 24, 17, 22, 2930, 2, 0, 0, 0, 0, 0, 0, 0, 0, 0, 0]",body
192274,user_899,The target bag has a thinner handle.,37TRT2X24SKIBSUQPAINSLZMECLBJY,59.0,c3a5009c4867f7293c8d0fdfb1cc2535,bag,ShapeNet,88d375bc79ef32532e50abc7a1305908,bag,ShapeNet,False,bag/ShapeNet/88d375bc79ef32532e50abc7a1305908,bag/ShapeNet/c3a5009c4867f7293c8d0fdfb1cc2535,True,bag,bag,1,"['the', 'target', 'bag', 'has', 'a', 'thin', '-er', 'handle']",8,the target bag has a thin -er handle,train,train,train,train,"[1, 10, 11, 1909, 24, 26, 60, 9, 29, 2, 0, 0, 0, 0, 0, 0, 0, 0]",strap
192275,user_2115,it has long handle,3CCZ6YKWR9CRG0082O0X05LR8BM95Z,103.0,c3a5009c4867f7293c8d0fdfb1cc2535,bag,ShapeNet,88d375bc79ef32532e50abc7a1305908,bag,ShapeNet,False,bag/ShapeNet/88d375bc79ef32532e50abc7a1305908,bag/ShapeNet/c3a5009c4867f7293c8d0fdfb1cc2535,True,bag,bag,1,"['it', 'has', 'long', 'handle']",4,it has long handle,train,train,train,train,"[1, 23, 24, 32, 29, 2, 0, 0, 0, 0, 0, 0, 0, 0, 0, 0, 0, 0]",strap
192277,user_677,It does not have a strap,3PWWM24LHURZ3YYBFDSL22N44VW28L,95.0,8e3eb521577dddea7d2c1de1b4d2a6e4,bag,PartNet,5afca35479b347786f0abe366609662,bag,ShapeNet,False,bag/ShapeNet/5afca35479b347786f0abe366609662,bag/PartNet/8e3eb521577dddea7d2c1de1b4d2a6e4,True,bag,bag,1,"['it', 'does', 'not', 'have', 'a', 'strap']",6,it does not have a strap,train,train,train,train,"[1, 23, 39, 40, 84, 26, 628, 2, 0, 0, 0, 0, 0, 0, 0, 0, 0, 0]",strap
192286,user_505,Target has a very small handle,3VW04L3ZLVZQJF2GBAP68RYT8C4XXV,48.0,dc0f03ff60628a16978cfd2f5138d5f5,bag,PartNet,54931ecfaf7c4e08302e608f9e1070d0,bag,PartNet,False,bag/PartNet/54931ecfaf7c4e08302e608f9e1070d0,bag/PartNet/dc0f03ff60628a16978cfd2f5138d5f5,False,bag,bag,1,"['target', 'has', 'a', 'very', 'small', 'handle']",6,target has a very small handle,train,train,train,train,"[1, 11, 24, 26, 62, 111, 29, 2, 0, 0, 0, 0, 0, 0, 0, 0, 0, 0]",strap
192288,user_428,It has a handle.,3Z7ISHFUH2OP991N4K1ZPDXBP4GZ8B,55.0,6ca911066e1f7d32749d52b3e269018,bag,PartNet,ab624df270f2c5358bc9f09e7c72cc8a,bag,PartNet,False,bag/PartNet/ab624df270f2c5358bc9f09e7c72cc8a,bag/PartNet/6ca911066e1f7d32749d52b3e269018,False,bag,bag,1,"['it', 'has', 'a', 'handle']",4,it has a handle,train,train,train,train,"[1, 23, 24, 26, 29, 2, 0, 0, 0, 0, 0, 0, 0, 0, 0, 0, 0, 0]",strap
192290,user_1792,it has a easy handle  tab,3IAEQB9FMGDXW9S9A5S8C1HUJTPDWL,265.0,6ca911066e1f7d32749d52b3e269018,bag,PartNet,ab624df270f2c5358bc9f09e7c72cc8a,bag,PartNet,False,bag/PartNet/ab624df270f2c5358bc9f09e7c72cc8a,bag/PartNet/6ca911066e1f7d32749d52b3e269018,False,bag,bag,1,"['it', 'has', 'a', 'easy', 'handle', 'tab']",6,it has a easy handle tab,train,train,train,train,"[1, 23, 24, 26, 1845, 29, 3239, 2, 0, 0, 0, 0, 0, 0, 0, 0, 0, 0]",strap
192292,user_1298,There are no designs on the body,3E47SOBEYSP5QM2QLSTIR4Q4JHYIC0,34.0,20b4891228ecfb4876bb31db0358e9c6,bag,ShapeNet,c3546b0830a79ea64be35abb02d18d44,bag,PartNet,False,bag/PartNet/c3546b0830a79ea64be35abb02d18d44,bag/ShapeNet/20b4891228ecfb4876bb31db0358e9c6,False,bag,bag,1,"['there', 'are', 'no', 'designs', 'on', 'the', 'body']",7,there are no designs on the body,train,train,train,train,"[1, 15, 16, 123, 1743, 20, 10, 45, 2, 0, 0, 0, 0, 0, 0, 0, 0, 0]",body
192293,user_2063,There is an empty space between the strap and bag,3BEFOD78W8MOR1F2DSLS0ZLX8EQM4Y,99.0,20b4891228ecfb4876bb31db0358e9c6,bag,ShapeNet,c3546b0830a79ea64be35abb02d18d44,bag,PartNet,False,bag/PartNet/c3546b0830a79ea64be35abb02d18d44,bag/ShapeNet/20b4891228ecfb4876bb31db0358e9c6,False,bag,bag,1,"['there', 'is', 'an', 'empty', 'space', 'between', 'the', 'strap', 'and', 'bag']",10,there is an empty space between the strap and bag,train,train,train,train,"[1, 15, 7, 72, 1046, 744, 657, 10, 628, 47, 1909, 2, 0, 0, 0, 0, 0, 0]",strap
192297,user_12,The bag body has a geometric shape and pattern.,3N8OEVH1FTJGVXAW9SFE61G7K48OOQ,104.0,adfe9029a1ca723eb8966aeece708f87,bag,ShapeNet,fdd6a114f831fad4a344805881e35292,bag,PartNet,False,bag/PartNet/fdd6a114f831fad4a344805881e35292,bag/ShapeNet/adfe9029a1ca723eb8966aeece708f87,True,bag,bag,1,"['the', 'bag', 'body', 'has', 'a', 'geometric', 'shape', 'and', 'pattern']",9,the bag body has a geometric shape and pattern,train,train,train,train,"[1, 10, 1909, 45, 24, 26, 1588, 93, 47, 1337, 2, 0, 0, 0, 0, 0, 0, 0]",body
192298,user_677,The strap covers the length of the entire top,39LNWE0K4WP1CGJQ7JEILACAQHDIUI,412.0,adfe9029a1ca723eb8966aeece708f87,bag,ShapeNet,fdd6a114f831fad4a344805881e35292,bag,PartNet,False,bag/PartNet/fdd6a114f831fad4a344805881e35292,bag/ShapeNet/adfe9029a1ca723eb8966aeece708f87,True,bag,bag,1,"['the', 'strap', 'covers', 'the', 'length', 'of', 'the', 'entire', 'top']",9,the strap covers the length of the entire top,train,train,train,train,"[1, 10, 628, 622, 10, 155, 38, 10, 516, 99, 2, 0, 0, 0, 0, 0, 0, 0]",strap
192299,user_2115,body has ornament,3R6P78PK7M48GCY6HQO5V2DSSRJTGH,73.0,adfe9029a1ca723eb8966aeece708f87,bag,ShapeNet,fdd6a114f831fad4a344805881e35292,bag,PartNet,True,bag/PartNet/fdd6a114f831fad4a344805881e35292,bag/ShapeNet/adfe9029a1ca723eb8966aeece708f87,True,bag,bag,1,"['body', 'has', 'ornament']",3,body has ornament,train,train,train,train,"[1, 45, 24, 2793, 2, 0, 0, 0, 0, 0, 0, 0, 0, 0, 0, 0, 0, 0]",body
192310,user_203,The handle is not as high.,386CSBG1O1FTR3H8O9LOE6PGE6IQ6Z,104.0,fdd6a114f831fad4a344805881e35292,bag,PartNet,e90e27c3020d25dd76bb31db0358e9c6,bag,ShapeNet,False,bag/ShapeNet/e90e27c3020d25dd76bb31db0358e9c6,bag/PartNet/fdd6a114f831fad4a344805881e35292,True,bag,bag,1,"['the', 'handle', 'is', 'not', 'as', 'high']",6,the handle is not as high,train,train,train,train,"[1, 10, 29, 7, 40, 52, 49, 2, 0, 0, 0, 0, 0, 0, 0, 0, 0, 0]",strap
192313,user_1161,There are tabs at the base of the handles.,3ATTHHXXWCHTTKDLCOP55HBEKZFIXV,266.0,30bf69aa24dbb3fc9de193e488fc4dce,bag,ShapeNet,1b9ef45fefefa35ed13f430b2941481,bag,ShapeNet,False,bag/ShapeNet/1b9ef45fefefa35ed13f430b2941481,bag/ShapeNet/30bf69aa24dbb3fc9de193e488fc4dce,True,bag,bag,1,"['there', 'are', 'tabs', 'at', 'the', 'base', 'of', 'the', 'handles']",9,there are tabs at the base of the handles,val,train,val,train,"[1, 15, 16, 2755, 98, 10, 103, 38, 10, 18, 2, 0, 0, 0, 0, 0, 0, 0]",strap
192318,user_1416,It has triangular handles.,3PDJHANYK79GEAI55JYU5SXFNI5H6B,118.0,c3a5009c4867f7293c8d0fdfb1cc2535,bag,ShapeNet,61c9570c3d12e47cd061bb85232b3b01,bag,PartNet,False,bag/PartNet/61c9570c3d12e47cd061bb85232b3b01,bag/ShapeNet/c3a5009c4867f7293c8d0fdfb1cc2535,False,bag,bag,1,"['it', 'has', 'triangular', 'handles']",4,it has triangular handles,train,train,train,train,"[1, 23, 24, 564, 18, 2, 0, 0, 0, 0, 0, 0, 0, 0, 0, 0, 0, 0]",strap
192320,user_2005,it does not have front pockets,3OCHAWUVGQDKZF39CRAHIXQRC4YKX4,100.0,c3a5009c4867f7293c8d0fdfb1cc2535,bag,ShapeNet,61c9570c3d12e47cd061bb85232b3b01,bag,PartNet,False,bag/PartNet/61c9570c3d12e47cd061bb85232b3b01,bag/ShapeNet/c3a5009c4867f7293c8d0fdfb1cc2535,False,bag,bag,1,"['it', 'does', 'not', 'have', 'front', 'pockets']",6,it does not have front pockets,train,train,train,train,"[1, 23, 39, 40, 84, 37, 2930, 2, 0, 0, 0, 0, 0, 0, 0, 0, 0, 0]",body
192323,user_1298,There are two handles,36W0OB37HY7I2K2G7OV52QQASN4ZHO,39.0,669fe6ae83e64a544608027d921be76e,bag,PartNet,b1234d3adf9e476e9432386574f02229,bag,ShapeNet,False,bag/ShapeNet/b1234d3adf9e476e9432386574f02229,bag/PartNet/669fe6ae83e64a544608027d921be76e,False,bag,bag,1,"['there', 'are', 'two', 'handles']",4,there are two handles,train,train,train,train,"[1, 15, 16, 17, 18, 2, 0, 0, 0, 0, 0, 0, 0, 0, 0, 0, 0, 0]",strap
192332,user_1298,The length of the body is much smaller,3JNQLM5FT6FUI5IU921P779AOVF2LR,50.0,a405a7ca363c7c41bbda4bd2b976d8f7,bag,PartNet,21b60b5519668987a75d03186a0409e2,bag,PartNet,False,bag/PartNet/21b60b5519668987a75d03186a0409e2,bag/PartNet/a405a7ca363c7c41bbda4bd2b976d8f7,False,bag,bag,1,"['the', 'length', 'of', 'the', 'body', 'is', 'much', 'small', '-er']",9,the length of the body is much small -er,train,train,train,train,"[1, 10, 155, 38, 10, 45, 7, 59, 111, 9, 2, 0, 0, 0, 0, 0, 0, 0]",body
192333,user_203,The body is not open at the top.,3BGYGHDBBZDOHJWMZWJKSBA1IV122F,137.0,7565e6f425dd6d376d987ae9a225629c,bag,ShapeNet,93ca5243aa73b5de81157c9325bb0e45,bag,ShapeNet,False,bag/ShapeNet/93ca5243aa73b5de81157c9325bb0e45,bag/ShapeNet/7565e6f425dd6d376d987ae9a225629c,True,bag,bag,1,"['the', 'body', 'is', 'not', 'open', 'at', 'the', 'top']",8,the body is not open at the top,train,train,train,train,"[1, 10, 45, 7, 40, 312, 98, 10, 99, 2, 0, 0, 0, 0, 0, 0, 0, 0]",body
192344,user_507,it has one handle instead of 2,30MVJZJNHO6ZNZFTRQ4R1F4WQFV9J5,39.0,adfe9029a1ca723eb8966aeece708f87,bag,ShapeNet,2022610a5d1a8455abc49cae1a831a9e,bag,ShapeNet,False,bag/ShapeNet/2022610a5d1a8455abc49cae1a831a9e,bag/ShapeNet/adfe9029a1ca723eb8966aeece708f87,True,bag,bag,1,"['it', 'has', 'one', 'handle', 'instead', 'of', 'two']",7,it has one handle instead of two,train,train,train,train,"[1, 23, 24, 19, 29, 97, 38, 17, 2, 0, 0, 0, 0, 0, 0, 0, 0, 0]",strap
192346,user_786,The handles are much thinner,3U5NZHP4LTVOOG0AKFX3BSOWIOTPHP,195.0,71ead7f072106c63ed13f430b2941481,bag,ShapeNet,4a1f62dbe8b091eabc49cae1a831a9e,bag,ShapeNet,False,bag/ShapeNet/4a1f62dbe8b091eabc49cae1a831a9e,bag/ShapeNet/71ead7f072106c63ed13f430b2941481,False,bag,bag,1,"['the', 'handles', 'are', 'much', 'thin', '-er']",6,the handles are much thin -er,train,train,train,train,"[1, 10, 18, 16, 59, 60, 9, 2, 0, 0, 0, 0, 0, 0, 0, 0, 0, 0]",strap
192347,user_2115,the handles are small,3T3IWE1XG8GZT1SKKMTHPGHUYEJTQ3,52.0,71ead7f072106c63ed13f430b2941481,bag,ShapeNet,4a1f62dbe8b091eabc49cae1a831a9e,bag,ShapeNet,False,bag/ShapeNet/4a1f62dbe8b091eabc49cae1a831a9e,bag/ShapeNet/71ead7f072106c63ed13f430b2941481,False,bag,bag,1,"['the', 'handles', 'are', 'small']",4,the handles are small,train,train,train,train,"[1, 10, 18, 16, 111, 2, 0, 0, 0, 0, 0, 0, 0, 0, 0, 0, 0, 0]",strap
192350,user_1298,The body is larger,33C7UALJVNRSEDGFW9S7XJDZCO118K,48.0,151d033af5381fd4c1e1e64c8ea306ea,bag,ShapeNet,11d831e89c65adeddeb12bc39b9090ab,bag,PartNet,False,bag/PartNet/11d831e89c65adeddeb12bc39b9090ab,bag/ShapeNet/151d033af5381fd4c1e1e64c8ea306ea,True,bag,bag,1,"['the', 'body', 'is', 'large', '-er']",5,the body is large -er,train,train,train,train,"[1, 10, 45, 7, 94, 9, 2, 0, 0, 0, 0, 0, 0, 0, 0, 0, 0, 0]",body
192351,user_677,It's straps are smaller,3CP1TO84PVUGGGF9HFLIQIDD25U52L,136.0,6881468dd51c214922022e93ae2b2b5b,bag,ShapeNet,abba6df6294f20c569ea850160c0b35,bag,ShapeNet,False,bag/ShapeNet/abba6df6294f20c569ea850160c0b35,bag/ShapeNet/6881468dd51c214922022e93ae2b2b5b,False,bag,bag,1,"['it', 'is', 'straps', 'are', 'small', '-er']",6,it is straps are small -er,test,train,test,train,"[1, 23, 7, 716, 16, 111, 9, 2, 0, 0, 0, 0, 0, 0, 0, 0, 0, 0]",strap
192352,user_1298,There are no designs on the body,3YDGXNSEO1N96CDYJRB9VHK2O9F84A,54.0,6881468dd51c214922022e93ae2b2b5b,bag,ShapeNet,abba6df6294f20c569ea850160c0b35,bag,ShapeNet,False,bag/ShapeNet/abba6df6294f20c569ea850160c0b35,bag/ShapeNet/6881468dd51c214922022e93ae2b2b5b,False,bag,bag,1,"['there', 'are', 'no', 'designs', 'on', 'the', 'body']",7,there are no designs on the body,test,train,test,train,"[1, 15, 16, 123, 1743, 20, 10, 45, 2, 0, 0, 0, 0, 0, 0, 0, 0, 0]",body
192356,user_1298,The handles are much smaller,3QL2OFSM98BX4NDHI86AWCML5G0NCT,41.0,581af450a3a8009abc49cae1a831a9e,bag,ShapeNet,bdd8f97110e50efbfdc945e188300ad,bag,PartNet,False,bag/PartNet/bdd8f97110e50efbfdc945e188300ad,bag/ShapeNet/581af450a3a8009abc49cae1a831a9e,False,bag,bag,1,"['the', 'handles', 'are', 'much', 'small', '-er']",6,the handles are much small -er,test,train,test,train,"[1, 10, 18, 16, 59, 111, 9, 2, 0, 0, 0, 0, 0, 0, 0, 0, 0, 0]",strap
192359,user_2002,It has a pocket on the front,3JBT3HLQFAVAF104Q13ABZS1ED0ZPD,90.0,e0eb0b7925869326aa7b926be24dab3d,bag,ShapeNet,ca99439f802c0a866fa19c90652e38e,bag,PartNet,False,bag/PartNet/ca99439f802c0a866fa19c90652e38e,bag/ShapeNet/e0eb0b7925869326aa7b926be24dab3d,False,bag,bag,1,"['it', 'has', 'a', 'pocket', 'on', 'the', 'front']",7,it has a pocket on the front,val,train,val,train,"[1, 23, 24, 26, 1425, 20, 10, 37, 2, 0, 0, 0, 0, 0, 0, 0, 0, 0]",body
192360,user_203,The handle is higher.,34S6N1K2ZXCYXVLCSN4WUBFCDE6LH1,260.0,30bf69aa24dbb3fc9de193e488fc4dce,bag,ShapeNet,feeae9bd7f1336693a75e6d000e08290,bag,PartNet,False,bag/PartNet/feeae9bd7f1336693a75e6d000e08290,bag/ShapeNet/30bf69aa24dbb3fc9de193e488fc4dce,False,bag,bag,1,"['the', 'handle', 'is', 'high', '-er']",5,the handle is high -er,train,train,train,train,"[1, 10, 29, 7, 49, 9, 2, 0, 0, 0, 0, 0, 0, 0, 0, 0, 0, 0]",strap
192362,user_2044,It has front pockets,3OE22WJIGKHETE79KRJRUC3WHS6UQB,44.0,30bf69aa24dbb3fc9de193e488fc4dce,bag,ShapeNet,feeae9bd7f1336693a75e6d000e08290,bag,PartNet,False,bag/PartNet/feeae9bd7f1336693a75e6d000e08290,bag/ShapeNet/30bf69aa24dbb3fc9de193e488fc4dce,False,bag,bag,1,"['it', 'has', 'front', 'pockets']",4,it has front pockets,train,train,train,train,"[1, 23, 24, 37, 2930, 2, 0, 0, 0, 0, 0, 0, 0, 0, 0, 0, 0, 0]",body
192372,user_156,It has two external pockets on its front.,3ITXP059PYCHSEBS0W4IIA9MI22JS6,30.0,c4cb5bcb1a9399ae504721639e19f609,bag,ShapeNet,cbc2328cadf8dc573394926146371698,bag,ShapeNet,False,bag/ShapeNet/cbc2328cadf8dc573394926146371698,bag/ShapeNet/c4cb5bcb1a9399ae504721639e19f609,True,bag,bag,1,"['it', 'has', 'two', 'external', 'pockets', 'on', 'its', 'front']",8,it has two external pockets on its front,train,train,train,train,"[1, 23, 24, 17, 1100, 2930, 20, 5, 37, 2, 0, 0, 0, 0, 0, 0, 0, 0]",body
192374,user_2044,It has two handles and a strap,3Z2R0DQ0JJ7GCZ82SGELUCJQFYYE20,83.0,c4cb5bcb1a9399ae504721639e19f609,bag,ShapeNet,cbc2328cadf8dc573394926146371698,bag,ShapeNet,False,bag/ShapeNet/cbc2328cadf8dc573394926146371698,bag/ShapeNet/c4cb5bcb1a9399ae504721639e19f609,True,bag,bag,1,"['it', 'has', 'two', 'handles', 'and', 'a', 'strap']",7,it has two handles and a strap,train,train,train,train,"[1, 23, 24, 17, 18, 47, 26, 628, 2, 0, 0, 0, 0, 0, 0, 0, 0, 0]",strap
192375,user_156,It has a carrying strap.,3RWE2M8QWJ3DAVI16SDQ1BKKWUKN0N,36.0,bb6eba59b185e6bce8a1430c80ad4e85,bag,PartNet,cbc2328cadf8dc573394926146371698,bag,ShapeNet,False,bag/ShapeNet/cbc2328cadf8dc573394926146371698,bag/PartNet/bb6eba59b185e6bce8a1430c80ad4e85,False,bag,bag,1,"['it', 'has', 'a', 'carrying', 'strap']",5,it has a carrying strap,train,train,train,train,"[1, 23, 24, 26, 2470, 628, 2, 0, 0, 0, 0, 0, 0, 0, 0, 0, 0, 0]",strap
192377,user_2002,The handles are longer,3R6BYFZZP959JTBVBGJK2KYM48GXFE,62.0,bb6eba59b185e6bce8a1430c80ad4e85,bag,PartNet,cbc2328cadf8dc573394926146371698,bag,ShapeNet,False,bag/ShapeNet/cbc2328cadf8dc573394926146371698,bag/PartNet/bb6eba59b185e6bce8a1430c80ad4e85,False,bag,bag,1,"['the', 'handles', 'are', 'long', '-er']",5,the handles are long -er,train,train,train,train,"[1, 10, 18, 16, 32, 9, 2, 0, 0, 0, 0, 0, 0, 0, 0, 0, 0, 0]",strap
192385,user_1986,Its handles are thinner.,3N1FSUEFL7TLN79P0ZMPH9Y3ZZ14DZ,140.0,c5285f62ab36c0b84a001c5cd830d507,bag,PartNet,d5881d42567baaf5dc19a9901b7e9a4f,bag,ShapeNet,False,bag/ShapeNet/d5881d42567baaf5dc19a9901b7e9a4f,bag/PartNet/c5285f62ab36c0b84a001c5cd830d507,True,bag,bag,1,"['its', 'handles', 'are', 'thin', '-er']",5,its handles are thin -er,train,train,train,train,"[1, 5, 18, 16, 60, 9, 2, 0, 0, 0, 0, 0, 0, 0, 0, 0, 0, 0]",strap
192386,user_2063,The body is shaped like a square,3OONKJ5DKECWC3LN5NAS0HG8D5ROBO,150.0,c5285f62ab36c0b84a001c5cd830d507,bag,PartNet,d5881d42567baaf5dc19a9901b7e9a4f,bag,ShapeNet,False,bag/ShapeNet/d5881d42567baaf5dc19a9901b7e9a4f,bag/PartNet/c5285f62ab36c0b84a001c5cd830d507,True,bag,bag,1,"['the', 'body', 'is', 'shaped', 'like', 'a', 'square']",7,the body is shaped like a square,train,train,train,train,"[1, 10, 45, 7, 14, 35, 26, 50, 2, 0, 0, 0, 0, 0, 0, 0, 0, 0]",body
192387,user_481,It has a strap,31T4R4OBOU9812LU21PL0F0V553C7N,126.0,dcc01017dcaa0eb06cc88f0bd373634c,bag,PartNet,631fd8c280dfb9d5cd3852d63efc4336,bag,ShapeNet,True,bag/ShapeNet/631fd8c280dfb9d5cd3852d63efc4336,bag/PartNet/dcc01017dcaa0eb06cc88f0bd373634c,True,bag,bag,1,"['it', 'has', 'a', 'strap']",4,it has a strap,train,train,train,train,"[1, 23, 24, 26, 628, 2, 0, 0, 0, 0, 0, 0, 0, 0, 0, 0, 0, 0]",strap
192388,user_507,is has a strap as a handle,36PW28KO41P5H2365V700U2ORPAAET,40.0,dcc01017dcaa0eb06cc88f0bd373634c,bag,PartNet,631fd8c280dfb9d5cd3852d63efc4336,bag,ShapeNet,False,bag/ShapeNet/631fd8c280dfb9d5cd3852d63efc4336,bag/PartNet/dcc01017dcaa0eb06cc88f0bd373634c,True,bag,bag,1,"['is', 'has', 'a', 'strap', 'as', 'a', 'handle']",7,is has a strap as a handle,train,train,train,train,"[1, 7, 24, 26, 628, 52, 26, 29, 2, 0, 0, 0, 0, 0, 0, 0, 0, 0]",strap
192389,user_948,It has a strap underneath,3DI28L7YXC79NEQ69CE7PT9LNWL1EF,58.0,dcc01017dcaa0eb06cc88f0bd373634c,bag,PartNet,631fd8c280dfb9d5cd3852d63efc4336,bag,ShapeNet,False,bag/ShapeNet/631fd8c280dfb9d5cd3852d63efc4336,bag/PartNet/dcc01017dcaa0eb06cc88f0bd373634c,True,bag,bag,1,"['it', 'has', 'a', 'strap', 'underneath']",5,it has a strap underneath,train,train,train,train,"[1, 23, 24, 26, 628, 263, 2, 0, 0, 0, 0, 0, 0, 0, 0, 0, 0, 0]",strap
192394,user_1298,The straps are on the side,3AUQQEL7U7MQI0RA8JZHBSEXIUV0VK,47.0,cbc2328cadf8dc573394926146371698,bag,ShapeNet,c7e6a0525b997bda3667e024d1341456,bag,PartNet,False,bag/PartNet/c7e6a0525b997bda3667e024d1341456,bag/ShapeNet/cbc2328cadf8dc573394926146371698,True,bag,bag,1,"['the', 'straps', 'are', 'on', 'the', 'side']",6,the straps are on the side,train,train,train,train,"[1, 10, 716, 16, 20, 10, 22, 2, 0, 0, 0, 0, 0, 0, 0, 0, 0, 0]",strap
192399,user_156,It has two handles.,351SEKWQS2A1RXYV63ML33F3LQNDM4,38.0,80530cf532d86195bff3b8b883ab202d,bag,PartNet,1b9ef45fefefa35ed13f430b2941481,bag,ShapeNet,False,bag/ShapeNet/1b9ef45fefefa35ed13f430b2941481,bag/PartNet/80530cf532d86195bff3b8b883ab202d,False,bag,bag,1,"['it', 'has', 'two', 'handles']",4,it has two handles,val,train,val,train,"[1, 23, 24, 17, 18, 2, 0, 0, 0, 0, 0, 0, 0, 0, 0, 0, 0, 0]",strap
192401,user_1416,It has pleats on the body.,3W8CV64QJ4S3WTK33Q16P2OHDJD9HE,71.0,80530cf532d86195bff3b8b883ab202d,bag,PartNet,1b9ef45fefefa35ed13f430b2941481,bag,ShapeNet,False,bag/ShapeNet/1b9ef45fefefa35ed13f430b2941481,bag/PartNet/80530cf532d86195bff3b8b883ab202d,False,bag,bag,1,"['it', 'has', 'pleats', 'on', 'the', 'body']",6,it has pleats on the body,val,train,val,train,"[1, 23, 24, 4079, 20, 10, 45, 2, 0, 0, 0, 0, 0, 0, 0, 0, 0, 0]",body
192407,user_2063,The body is much narrower,3S0TNUHWKVBM68WRC2C2YLE81L1D8J,73.0,d7dff9ecaf5f063cb1eb0742a46d174e,bag,PartNet,788eee4bfb4f27ecc33cda78d407d98a,bag,PartNet,False,bag/PartNet/788eee4bfb4f27ecc33cda78d407d98a,bag/PartNet/d7dff9ecaf5f063cb1eb0742a46d174e,False,bag,bag,1,"['the', 'body', 'is', 'much', 'narrow', '-er']",6,the body is much narrow -er,train,train,train,train,"[1, 10, 45, 7, 59, 210, 9, 2, 0, 0, 0, 0, 0, 0, 0, 0, 0, 0]",body
192412,user_1689,The side view of its body looks like a cone.,3B4YI393VBPARHUINQDWAB09EIKSSU,144.0,a55b721ea5a29d7f639ff561fa3f5bac,bag,ShapeNet,e5fea6c1dacf3ed4cd99ccc7ff441abf,bag,ShapeNet,False,bag/ShapeNet/e5fea6c1dacf3ed4cd99ccc7ff441abf,bag/ShapeNet/a55b721ea5a29d7f639ff561fa3f5bac,False,bag,bag,1,"['the', 'side', 'view', 'of', 'its', 'body', 'looks', 'like', 'a', 'cone']",10,the side view of its body looks like a cone,train,train,train,train,"[1, 10, 22, 1375, 38, 5, 45, 33, 35, 26, 143, 2, 0, 0, 0, 0, 0, 0]",body
192418,user_1298,It has handles,3FTYUGLFSWE3JQDPE45ZM14HZVZD5G,49.0,54e27cf366f198db1a3b39b07e4b3d0f,bag,PartNet,23d04b1d0e700f9674dc49346c29fd4d,bag,PartNet,False,bag/PartNet/23d04b1d0e700f9674dc49346c29fd4d,bag/PartNet/54e27cf366f198db1a3b39b07e4b3d0f,True,bag,bag,1,"['it', 'has', 'handles']",3,it has handles,train,train,train,train,"[1, 23, 24, 18, 2, 0, 0, 0, 0, 0, 0, 0, 0, 0, 0, 0, 0, 0]",strap
192425,user_549,The bag has metal ornamentation near the handles.,3G2UL9A02F7JLLCTSACIEF8L9H7670,86.0,c3546b0830a79ea64be35abb02d18d44,bag,PartNet,811f592148958510abc49cae1a831a9e,bag,PartNet,False,bag/PartNet/811f592148958510abc49cae1a831a9e,bag/PartNet/c3546b0830a79ea64be35abb02d18d44,True,bag,bag,1,"['the', 'bag', 'has', 'metal', 'ornamentation', 'near', 'the', 'handles']",8,the bag has metal ornamentation near the handles,train,train,train,train,"[1, 10, 1909, 24, 1206, 1829, 348, 10, 18, 2, 0, 0, 0, 0, 0, 0, 0, 0]",strap
192430,user_1298,There is piping along the body,3634BBTX0QNCTYM0CUJJZAB7GUWIFH,41.0,74c548ef3ca7b1987515e7bb7dba4019,bag,ShapeNet,e6daa1435018a044da5feafe6f1c8fc,bag,ShapeNet,False,bag/ShapeNet/e6daa1435018a044da5feafe6f1c8fc,bag/ShapeNet/74c548ef3ca7b1987515e7bb7dba4019,False,bag,bag,1,"['there', 'is', 'piping', 'along', 'the', 'body']",6,there is piping along the body,train,train,train,train,"[1, 15, 7, 562, 480, 10, 45, 2, 0, 0, 0, 0, 0, 0, 0, 0, 0, 0]",body
192432,user_1298,There are handles on the top,3RKNTXVS3ORNP06DGPVNR8QXEW94A2,53.0,506a05b6ba66bde0b726426d6c667c7,bag,ShapeNet,e6daa1435018a044da5feafe6f1c8fc,bag,ShapeNet,False,bag/ShapeNet/e6daa1435018a044da5feafe6f1c8fc,bag/ShapeNet/506a05b6ba66bde0b726426d6c667c7,True,bag,bag,1,"['there', 'are', 'handles', 'on', 'the', 'top']",6,there are handles on the top,train,train,train,train,"[1, 15, 16, 18, 20, 10, 99, 2, 0, 0, 0, 0, 0, 0, 0, 0, 0, 0]",strap
192433,user_1894,"It has small handles on the top, near the center.",3YW4XOSQKSEQCANSZCTCTBVO9FSU1S,371.0,506a05b6ba66bde0b726426d6c667c7,bag,ShapeNet,e6daa1435018a044da5feafe6f1c8fc,bag,ShapeNet,False,bag/ShapeNet/e6daa1435018a044da5feafe6f1c8fc,bag/ShapeNet/506a05b6ba66bde0b726426d6c667c7,True,bag,bag,1,"['it', 'has', 'small', 'handles', 'on', 'the', 'top', 'near', 'the', 'center']",10,it has small handles on the top near the center,train,train,train,train,"[1, 23, 24, 111, 18, 20, 10, 99, 348, 10, 165, 2, 0, 0, 0, 0, 0, 0]",strap
192436,user_786,The handles attach to the front face with a square ring and a tab,373ERPL3YQ1Z527KX1IHU6RZU08RTP,174.0,61c9570c3d12e47cd061bb85232b3b01,bag,PartNet,dc52131684ed9cbbfe4a8257a424ee86,bag,ShapeNet,False,bag/ShapeNet/dc52131684ed9cbbfe4a8257a424ee86,bag/PartNet/61c9570c3d12e47cd061bb85232b3b01,True,bag,bag,1,"['the', 'handles', 'attach', 'to', 'the', 'front', 'face', 'with', 'a', 'square', 'ring', 'and', 'a', 'tab']",14,the handles attach to the front face with a square ring and a tab,train,train,train,train,"[1, 10, 18, 415, 58, 10, 37, 56, 121, 26, 50, 557, 47, 26, 3239, 2, 0, 0]",strap
192439,user_786,Its handle only spans about half the top's length,3Y4W8Q93L1DKHKS4KVNCQZYGCJ3DVP,143.0,788eee4bfb4f27ecc33cda78d407d98a,bag,PartNet,d9fb0b4c7b6f84d0abc49cae1a831a9e,bag,PartNet,False,bag/PartNet/d9fb0b4c7b6f84d0abc49cae1a831a9e,bag/PartNet/788eee4bfb4f27ecc33cda78d407d98a,True,bag,bag,1,"['its', 'handle', 'only', 'spans', 'about', 'half', 'the', 'top', ""'s"", 'length']",10,its handle only spans about half the top 's length,train,train,train,train,"[1, 5, 29, 133, 1250, 519, 158, 10, 99, 12, 155, 2, 0, 0, 0, 0, 0, 0]",strap
192440,user_1135,The target bag has a smaller handle.,39GXDJN2OV780PWD3NCW47KF1TZ8V9,83.0,788eee4bfb4f27ecc33cda78d407d98a,bag,PartNet,d9fb0b4c7b6f84d0abc49cae1a831a9e,bag,PartNet,False,bag/PartNet/d9fb0b4c7b6f84d0abc49cae1a831a9e,bag/PartNet/788eee4bfb4f27ecc33cda78d407d98a,True,bag,bag,1,"['the', 'target', 'bag', 'has', 'a', 'small', '-er', 'handle']",8,the target bag has a small -er handle,train,train,train,train,"[1, 10, 11, 1909, 24, 26, 111, 9, 29, 2, 0, 0, 0, 0, 0, 0, 0, 0]",strap
192443,user_1090,The handle is overall smaller as well as shorter,3TMSXRD2X8T34ECXUC8DBZGLUVWW1M,192.0,e450a063965ce182372d50f0ef237781,bag,ShapeNet,a1822be832091e036afa58a86636d6be,bag,ShapeNet,False,bag/ShapeNet/a1822be832091e036afa58a86636d6be,bag/ShapeNet/e450a063965ce182372d50f0ef237781,False,bag,bag,1,"['the', 'handle', 'is', 'overall', 'small', '-er', 'as', 'well', 'as', 'short', '-er']",11,the handle is overall small -er as well as short -er,train,train,train,train,"[1, 10, 29, 7, 201, 111, 9, 52, 1069, 52, 8, 9, 2, 0, 0, 0, 0, 0]",strap
192446,user_545,The handle is shorter,3C44YUNSI3I7C0V8YJEDK79YQWIPDY,252.0,1b84dededd445058e44a5473032f38f,bag,ShapeNet,d9fb0b4c7b6f84d0abc49cae1a831a9e,bag,PartNet,False,bag/PartNet/d9fb0b4c7b6f84d0abc49cae1a831a9e,bag/ShapeNet/1b84dededd445058e44a5473032f38f,False,bag,bag,1,"['the', 'handle', 'is', 'short', '-er']",5,the handle is short -er,train,train,train,train,"[1, 10, 29, 7, 8, 9, 2, 0, 0, 0, 0, 0, 0, 0, 0, 0, 0, 0]",strap
192448,user_203,There is a design on the body.,3TVRFO09GM8VJLLRXRMIXX36138XLN,95.0,c4cb5bcb1a9399ae504721639e19f609,bag,ShapeNet,a55b721ea5a29d7f639ff561fa3f5bac,bag,ShapeNet,False,bag/ShapeNet/a55b721ea5a29d7f639ff561fa3f5bac,bag/ShapeNet/c4cb5bcb1a9399ae504721639e19f609,True,bag,bag,1,"['there', 'is', 'a', 'design', 'on', 'the', 'body']",7,there is a design on the body,train,train,train,train,"[1, 15, 7, 26, 192, 20, 10, 45, 2, 0, 0, 0, 0, 0, 0, 0, 0, 0]",body
192450,user_1068,Its handle is stiff,3PH3VY7DJNQ0ZAX52NH53T0X7BOWZS,334.0,68b7ca73de30ad6df2197da8dec8488d,bag,ShapeNet,2970e5486815e72ccd99ccc7ff441abf,bag,ShapeNet,False,bag/ShapeNet/2970e5486815e72ccd99ccc7ff441abf,bag/ShapeNet/68b7ca73de30ad6df2197da8dec8488d,False,bag,bag,1,"['its', 'handle', 'is', 'stiff']",4,its handle is stiff,train,train,train,train,"[1, 5, 29, 7, 2278, 2, 0, 0, 0, 0, 0, 0, 0, 0, 0, 0, 0, 0]",strap
192462,user_396,It has a folding handle,3TK8OJTYM3ET6HVUP4E7QTF5Q4VPV8,671.0,eebc8d35d05e49b86afa58a86636d6be,bag,PartNet,766fe076d4cdef8cf0117851f0671fde,bag,ShapeNet,False,bag/ShapeNet/766fe076d4cdef8cf0117851f0671fde,bag/PartNet/eebc8d35d05e49b86afa58a86636d6be,True,bag,bag,1,"['it', 'has', 'a', 'folding', 'handle']",5,it has a folding handle,train,train,train,train,"[1, 23, 24, 26, 1084, 29, 2, 0, 0, 0, 0, 0, 0, 0, 0, 0, 0, 0]",strap
192463,user_786,Its handle is shaped like a low wide rectangular 'U' bent towards the front face,3DZQRBDBSN867093XBCV23SXM3U3SO,239.0,eebc8d35d05e49b86afa58a86636d6be,bag,PartNet,766fe076d4cdef8cf0117851f0671fde,bag,ShapeNet,False,bag/ShapeNet/766fe076d4cdef8cf0117851f0671fde,bag/PartNet/eebc8d35d05e49b86afa58a86636d6be,True,bag,bag,1,"['its', 'handle', 'is', 'shaped', 'like', 'a', 'low', 'wide', 'rectangular', 'u', 'bent', 'towards', 'the', 'front', 'face']",15,its handle is shaped like a low wide rectangular u bent towards the front face,train,train,train,train,"[1, 5, 29, 7, 14, 35, 26, 345, 83, 128, 92, 173, 382, 10, 37, 56, 2, 0]",strap
192464,user_1298,There is a design on the body which goes to the feet,3KAKFY4PGWVHDM67SZIHY1MAD4L3IN,68.0,eebc8d35d05e49b86afa58a86636d6be,bag,PartNet,766fe076d4cdef8cf0117851f0671fde,bag,ShapeNet,False,bag/ShapeNet/766fe076d4cdef8cf0117851f0671fde,bag/PartNet/eebc8d35d05e49b86afa58a86636d6be,True,bag,bag,1,"['there', 'is', 'a', 'design', 'on', 'the', 'body', 'which', 'goes', 'to', 'the', 'feet']",12,there is a design on the body which goes to the feet,train,train,train,train,"[1, 15, 7, 26, 192, 20, 10, 45, 422, 394, 58, 10, 200, 2, 0, 0, 0, 0]",body
192465,user_786,Its front face has a pocket,34S6N1K2ZXCYXVLCSN4WUBFCDDELH7,133.0,e8039f73cf912ff5e8c69fd29511206a,bag,ShapeNet,4a67dccd91447cfa504721639e19f609,bag,PartNet,False,bag/PartNet/4a67dccd91447cfa504721639e19f609,bag/ShapeNet/e8039f73cf912ff5e8c69fd29511206a,True,bag,bag,1,"['its', 'front', 'face', 'has', 'a', 'pocket']",6,its front face has a pocket,train,train,train,train,"[1, 5, 37, 56, 24, 26, 1425, 2, 0, 0, 0, 0, 0, 0, 0, 0, 0, 0]",body
192470,user_1389,The target does not have one top handle,33L7PJKHCIRTNXSOYSCH3PWU48J8TT,255.0,10a885f5971d9d4ce858db1dc3499392,bag,ShapeNet,a67a7117a961d743e3f7a74e12a274ef,bag,PartNet,False,bag/PartNet/a67a7117a961d743e3f7a74e12a274ef,bag/ShapeNet/10a885f5971d9d4ce858db1dc3499392,True,bag,bag,1,"['the', 'target', 'does', 'not', 'have', 'one', 'top', 'handle']",8,the target does not have one top handle,train,train,train,train,"[1, 10, 11, 39, 40, 84, 19, 99, 29, 2, 0, 0, 0, 0, 0, 0, 0, 0]",strap
192471,user_203,It has a shoulder strap.,3OCHAWUVGQDKZF39CRAHIXQRC4GXKZ,237.0,c3426d26e0408be4285e5a1f74237618,bag,ShapeNet,f872a64810c123a47abde6405e4d8323,bag,ShapeNet,False,bag/ShapeNet/f872a64810c123a47abde6405e4d8323,bag/ShapeNet/c3426d26e0408be4285e5a1f74237618,True,bag,bag,1,"['it', 'has', 'a', 'shoulder', 'strap']",5,it has a shoulder strap,train,train,train,train,"[1, 23, 24, 26, 1767, 628, 2, 0, 0, 0, 0, 0, 0, 0, 0, 0, 0, 0]",strap
192473,user_1298,The handles are held together with a lock,3W92K5RLWWAPD7DB5P5TSNAOZ215V5,61.0,c3426d26e0408be4285e5a1f74237618,bag,ShapeNet,f872a64810c123a47abde6405e4d8323,bag,ShapeNet,False,bag/ShapeNet/f872a64810c123a47abde6405e4d8323,bag/ShapeNet/c3426d26e0408be4285e5a1f74237618,True,bag,bag,1,"['the', 'handles', 'are', 'held', 'together', 'with', 'a', 'lock']",8,the handles are held together with a lock,train,train,train,train,"[1, 10, 18, 16, 212, 220, 121, 26, 1027, 2, 0, 0, 0, 0, 0, 0, 0, 0]",strap
192475,user_507,it has buckles over the body,3Y9N9SS8L0405BQL0LH6746XL3OD3E,35.0,a55b721ea5a29d7f639ff561fa3f5bac,bag,ShapeNet,577bfb3d22deeb3af71e06115e9c3b3e,bag,PartNet,False,bag/PartNet/577bfb3d22deeb3af71e06115e9c3b3e,bag/ShapeNet/a55b721ea5a29d7f639ff561fa3f5bac,True,bag,bag,1,"['it', 'has', 'buckles', 'over', 'the', 'body']",6,it has buckles over the body,train,train,train,train,"[1, 23, 24, 5045, 267, 10, 45, 2, 0, 0, 0, 0, 0, 0, 0, 0, 0, 0]",body
192476,user_787,The handle is smaller,3WLEIWSYHQASW9Z4IHMRFFG37D72HJ,56.0,a55b721ea5a29d7f639ff561fa3f5bac,bag,ShapeNet,577bfb3d22deeb3af71e06115e9c3b3e,bag,PartNet,False,bag/PartNet/577bfb3d22deeb3af71e06115e9c3b3e,bag/ShapeNet/a55b721ea5a29d7f639ff561fa3f5bac,True,bag,bag,1,"['the', 'handle', 'is', 'small', '-er']",5,the handle is small -er,train,train,train,train,"[1, 10, 29, 7, 111, 9, 2, 0, 0, 0, 0, 0, 0, 0, 0, 0, 0, 0]",strap
192478,user_507,it has thinner handles,3R6BYFZZP959JTBVBGJK2KYM4B0FXM,41.0,adfe9029a1ca723eb8966aeece708f87,bag,ShapeNet,74c548ef3ca7b1987515e7bb7dba4019,bag,ShapeNet,False,bag/ShapeNet/74c548ef3ca7b1987515e7bb7dba4019,bag/ShapeNet/adfe9029a1ca723eb8966aeece708f87,True,bag,bag,1,"['it', 'has', 'thin', '-er', 'handles']",5,it has thin -er handles,train,train,train,train,"[1, 23, 24, 60, 9, 18, 2, 0, 0, 0, 0, 0, 0, 0, 0, 0, 0, 0]",strap
192479,user_1298,There are no designs on the body,3WETL7AQWV151YBSLFZN9SI58JF35F,64.0,adfe9029a1ca723eb8966aeece708f87,bag,ShapeNet,74c548ef3ca7b1987515e7bb7dba4019,bag,ShapeNet,False,bag/ShapeNet/74c548ef3ca7b1987515e7bb7dba4019,bag/ShapeNet/adfe9029a1ca723eb8966aeece708f87,True,bag,bag,1,"['there', 'are', 'no', 'designs', 'on', 'the', 'body']",7,there are no designs on the body,train,train,train,train,"[1, 15, 16, 123, 1743, 20, 10, 45, 2, 0, 0, 0, 0, 0, 0, 0, 0, 0]",body
192483,user_156,It has a hem around its opening that's wider than its body.,3QXNC7EIPKOSLTE75IULJAP0R2709Z,76.0,74c548ef3ca7b1987515e7bb7dba4019,bag,ShapeNet,65680f336a50db976afa58a86636d6be,bag,ShapeNet,False,bag/ShapeNet/65680f336a50db976afa58a86636d6be,bag/ShapeNet/74c548ef3ca7b1987515e7bb7dba4019,True,bag,bag,1,"['it', 'has', 'a', 'hem', 'around', 'its', 'opening', 'that', 'is', 'wide', '-er', 'than', 'its', 'body']",14,it has a hem around its opening that is wide -er than its body,test,train,test,train,"[1, 23, 24, 26, 3, 239, 5, 197, 172, 7, 83, 9, 131, 5, 45, 2, 0, 0]",body
192484,user_1298,The body is much wider,3ERMJ6L4D0LLAOXLFQJZ3B57ZF3M73,105.0,74c548ef3ca7b1987515e7bb7dba4019,bag,ShapeNet,65680f336a50db976afa58a86636d6be,bag,ShapeNet,False,bag/ShapeNet/65680f336a50db976afa58a86636d6be,bag/ShapeNet/74c548ef3ca7b1987515e7bb7dba4019,True,bag,bag,1,"['the', 'body', 'is', 'much', 'wide', '-er']",6,the body is much wide -er,test,train,test,train,"[1, 10, 45, 7, 59, 83, 9, 2, 0, 0, 0, 0, 0, 0, 0, 0, 0, 0]",body
192485,user_1416,It has a shorter handle.,3GS6S824SSQ6ILJMZZ6B86TOXW5WNY,75.0,74c548ef3ca7b1987515e7bb7dba4019,bag,ShapeNet,65680f336a50db976afa58a86636d6be,bag,ShapeNet,False,bag/ShapeNet/65680f336a50db976afa58a86636d6be,bag/ShapeNet/74c548ef3ca7b1987515e7bb7dba4019,True,bag,bag,1,"['it', 'has', 'a', 'short', '-er', 'handle']",6,it has a short -er handle,test,train,test,train,"[1, 23, 24, 26, 8, 9, 29, 2, 0, 0, 0, 0, 0, 0, 0, 0, 0, 0]",strap
192486,user_203,The body is higher.,37W3JXSD6810UKN061FMPMRV1G5YWM,249.0,a67a7117a961d743e3f7a74e12a274ef,bag,PartNet,bb6eba59b185e6bce8a1430c80ad4e85,bag,PartNet,False,bag/PartNet/bb6eba59b185e6bce8a1430c80ad4e85,bag/PartNet/a67a7117a961d743e3f7a74e12a274ef,True,bag,bag,1,"['the', 'body', 'is', 'high', '-er']",5,the body is high -er,train,train,train,train,"[1, 10, 45, 7, 49, 9, 2, 0, 0, 0, 0, 0, 0, 0, 0, 0, 0, 0]",body
192487,user_507,it has 1 handle instead of 2,39GAF6DQWTTQPPCS423HPXX7NQ9V1Y,41.0,a67a7117a961d743e3f7a74e12a274ef,bag,PartNet,bb6eba59b185e6bce8a1430c80ad4e85,bag,PartNet,False,bag/PartNet/bb6eba59b185e6bce8a1430c80ad4e85,bag/PartNet/a67a7117a961d743e3f7a74e12a274ef,True,bag,bag,1,"['it', 'has', 'one', 'handle', 'instead', 'of', 'two']",7,it has one handle instead of two,train,train,train,train,"[1, 23, 24, 19, 29, 97, 38, 17, 2, 0, 0, 0, 0, 0, 0, 0, 0, 0]",strap
192494,user_1572,There are no straps.,3CP1TO84PVUGGGF9HFLIQIDD24825U,128.0,c3426d26e0408be4285e5a1f74237618,bag,ShapeNet,e8521dbe5e8b6449945dfc8fc6d25afd,bag,PartNet,False,bag/PartNet/e8521dbe5e8b6449945dfc8fc6d25afd,bag/ShapeNet/c3426d26e0408be4285e5a1f74237618,True,bag,bag,1,"['there', 'are', 'no', 'straps']",4,there are no straps,train,train,train,train,"[1, 15, 16, 123, 716, 2, 0, 0, 0, 0, 0, 0, 0, 0, 0, 0, 0, 0]",strap
192501,user_203,The handle is not rounded.,3OS4RQUCRB826Q8U6KR2DN7UL5FFBA,72.0,1342fc4f613687f92569b963af585e33,bag,ShapeNet,f5108ede5ca11f041f6736765dee4fa9,bag,ShapeNet,False,bag/ShapeNet/f5108ede5ca11f041f6736765dee4fa9,bag/ShapeNet/1342fc4f613687f92569b963af585e33,True,bag,bag,1,"['the', 'handle', 'is', 'not', 'rounded']",5,the handle is not rounded,test,train,test,train,"[1, 10, 29, 7, 40, 48, 2, 0, 0, 0, 0, 0, 0, 0, 0, 0, 0, 0]",strap
192502,user_1689,It has a single handle.,3X66WABAJYB3HV0C2BIEDP9UYSFG3W,363.0,1342fc4f613687f92569b963af585e33,bag,ShapeNet,f5108ede5ca11f041f6736765dee4fa9,bag,ShapeNet,False,bag/ShapeNet/f5108ede5ca11f041f6736765dee4fa9,bag/ShapeNet/1342fc4f613687f92569b963af585e33,True,bag,bag,1,"['it', 'has', 'a', 'single', 'handle']",5,it has a single handle,test,train,test,train,"[1, 23, 24, 26, 86, 29, 2, 0, 0, 0, 0, 0, 0, 0, 0, 0, 0, 0]",strap
192503,user_2020,body is longer and less wide,37M28K1J0S6DSIPYJWIRXAFGWTYAJY,39.0,1342fc4f613687f92569b963af585e33,bag,ShapeNet,f5108ede5ca11f041f6736765dee4fa9,bag,ShapeNet,True,bag/ShapeNet/f5108ede5ca11f041f6736765dee4fa9,bag/ShapeNet/1342fc4f613687f92569b963af585e33,True,bag,bag,1,"['body', 'is', 'long', '-er', 'and', 'less', 'wide']",7,body is long -er and less wide,test,train,test,train,"[1, 45, 7, 32, 9, 47, 229, 83, 2, 0, 0, 0, 0, 0, 0, 0, 0, 0]",body
192511,user_786,Its handles are pointed down like the letter 'U',32VNZTT0A9XFOHSUI0H9MYF7E0KR4K,150.0,54931ecfaf7c4e08302e608f9e1070d0,bag,PartNet,506a05b6ba66bde0b726426d6c667c7,bag,ShapeNet,False,bag/ShapeNet/506a05b6ba66bde0b726426d6c667c7,bag/PartNet/54931ecfaf7c4e08302e608f9e1070d0,False,bag,bag,1,"['its', 'handles', 'are', 'pointed', 'down', 'like', 'the', 'letter', 'u']",9,its handles are pointed down like the letter u,train,train,train,train,"[1, 5, 18, 16, 387, 44, 35, 10, 708, 92, 2, 0, 0, 0, 0, 0, 0, 0]",strap
192516,user_203,The body is not as wide.,3634BBTX0QNCTYM0CUJJZAB7GV3IFQ,249.0,dc0f03ff60628a16978cfd2f5138d5f5,bag,PartNet,c5a37b5192fba85b9ca96b2737246fca,bag,PartNet,False,bag/PartNet/c5a37b5192fba85b9ca96b2737246fca,bag/PartNet/dc0f03ff60628a16978cfd2f5138d5f5,True,bag,bag,1,"['the', 'body', 'is', 'not', 'as', 'wide']",6,the body is not as wide,train,train,train,train,"[1, 10, 45, 7, 40, 52, 83, 2, 0, 0, 0, 0, 0, 0, 0, 0, 0, 0]",body
192520,user_891,it has clasps on the handle,37W3JXSD6810UKN061FMPMRV1H0YWJ,44.0,fdd6a114f831fad4a344805881e35292,bag,PartNet,5d4f774fdda6fa1dcd99ccc7ff441abf,bag,ShapeNet,False,bag/ShapeNet/5d4f774fdda6fa1dcd99ccc7ff441abf,bag/PartNet/fdd6a114f831fad4a344805881e35292,True,bag,bag,1,"['it', 'has', 'clasps', 'on', 'the', 'handle']",6,it has clasps on the handle,train,train,train,train,"[1, 23, 24, 3349, 20, 10, 29, 2, 0, 0, 0, 0, 0, 0, 0, 0, 0, 0]",strap
192521,user_1424,The handles are shorter,3SBEHTYCWPWITP3VHKB7OVINM58YIG,140.0,fdd6a114f831fad4a344805881e35292,bag,PartNet,5d4f774fdda6fa1dcd99ccc7ff441abf,bag,ShapeNet,False,bag/ShapeNet/5d4f774fdda6fa1dcd99ccc7ff441abf,bag/PartNet/fdd6a114f831fad4a344805881e35292,True,bag,bag,1,"['the', 'handles', 'are', 'short', '-er']",5,the handles are short -er,train,train,train,train,"[1, 10, 18, 16, 8, 9, 2, 0, 0, 0, 0, 0, 0, 0, 0, 0, 0, 0]",strap
192530,user_2005,it has handles,30ZX6P7VFAOONFUU6HPCRSWIK6XJ2T,69.0,3edc3bc2ecf58aae40090e51144242ea,bag,ShapeNet,a67a7117a961d743e3f7a74e12a274ef,bag,PartNet,False,bag/PartNet/a67a7117a961d743e3f7a74e12a274ef,bag/ShapeNet/3edc3bc2ecf58aae40090e51144242ea,False,bag,bag,1,"['it', 'has', 'handles']",3,it has handles,train,train,train,train,"[1, 23, 24, 18, 2, 0, 0, 0, 0, 0, 0, 0, 0, 0, 0, 0, 0, 0]",strap
321438,user_745,The bag has solid handles,3CFJTT4SXVJZE57UUBL7BIYQI9FI7L,126.0,5afe31025e8574ea8d6e12c39b2d5023,bag,ShapeNet,a333a7047900101ffc854afc3ce25be,bag,PartNet,False,bag/PartNet/a333a7047900101ffc854afc3ce25be,bag/ShapeNet/5afe31025e8574ea8d6e12c39b2d5023,True,bag,bag,2,"['the', 'bag', 'has', 'solid', 'handles']",5,the bag has solid handles,train,train,train,train,"[1, 10, 1909, 24, 291, 18, 2, 0, 0, 0, 0, 0, 0, 0, 0, 0, 0, 0]",strap
321440,user_1298,The handles are not straps but full handles,382M9COHEJ8PWBH4B0OR0VEIYPXEUY,70.0,5afe31025e8574ea8d6e12c39b2d5023,bag,ShapeNet,a333a7047900101ffc854afc3ce25be,bag,PartNet,False,bag/PartNet/a333a7047900101ffc854afc3ce25be,bag/ShapeNet/5afe31025e8574ea8d6e12c39b2d5023,True,bag,bag,2,"['the', 'handles', 'are', 'not', 'straps', 'but', 'full', 'handles']",8,the handles are not straps but full handles,train,train,train,train,"[1, 10, 18, 16, 40, 716, 207, 217, 18, 2, 0, 0, 0, 0, 0, 0, 0, 0]",strap
321457,user_948,It has taller handles,3IOEN3P9S9C5AZXR3UV9D5H86UT61N,72.0,4a1f62dbe8b091eabc49cae1a831a9e,bag,ShapeNet,157fa29bcf6b890d76bb31db0358e9c6,bag,ShapeNet,False,bag/ShapeNet/157fa29bcf6b890d76bb31db0358e9c6,bag/ShapeNet/4a1f62dbe8b091eabc49cae1a831a9e,True,bag,bag,2,"['it', 'has', 'tall', '-er', 'handles']",5,it has tall -er handles,test,train,test,train,"[1, 23, 24, 53, 9, 18, 2, 0, 0, 0, 0, 0, 0, 0, 0, 0, 0, 0]",strap
321466,user_787,It has an outside pocket,3IQ1VMJRYVDOM6CPXKRE8G1D0OR9A7,57.0,1b84dededd445058e44a5473032f38f,bag,ShapeNet,f872a64810c123a47abde6405e4d8323,bag,ShapeNet,False,bag/ShapeNet/f872a64810c123a47abde6405e4d8323,bag/ShapeNet/1b84dededd445058e44a5473032f38f,False,bag,bag,2,"['it', 'has', 'an', 'outside', 'pocket']",5,it has an outside pocket,train,train,train,train,"[1, 23, 24, 72, 1636, 1425, 2, 0, 0, 0, 0, 0, 0, 0, 0, 0, 0, 0]",body
321467,user_2048,It has a handle connector,38JBBYETQQ3QFDNPWUX9NRGOZB34ET,54.0,1b84dededd445058e44a5473032f38f,bag,ShapeNet,f872a64810c123a47abde6405e4d8323,bag,ShapeNet,False,bag/ShapeNet/f872a64810c123a47abde6405e4d8323,bag/ShapeNet/1b84dededd445058e44a5473032f38f,False,bag,bag,2,"['it', 'has', 'a', 'handle', 'connector']",5,it has a handle connector,train,train,train,train,"[1, 23, 24, 26, 29, 2322, 2, 0, 0, 0, 0, 0, 0, 0, 0, 0, 0, 0]",strap
321469,user_1651,"It has a longer, thicker handle",3C5W7UE9CHJFP33CX3NXXAIV19IMX0,132.0,add50bbf543ba7eaeab2bd7322386ffd,bag,PartNet,22065bf26a7da50a5c4dc8ac281ba59d,bag,ShapeNet,False,bag/ShapeNet/22065bf26a7da50a5c4dc8ac281ba59d,bag/PartNet/add50bbf543ba7eaeab2bd7322386ffd,False,bag,bag,2,"['it', 'has', 'a', 'long', '-er', 'thick', '-er', 'handle']",8,it has a long -er thick -er handle,train,train,train,train,"[1, 23, 24, 26, 32, 9, 54, 9, 29, 2, 0, 0, 0, 0, 0, 0, 0, 0]",strap
321470,user_2002,It has a long strap,33C7UALJVNRSEDGFW9S7XJDZCPU18F,50.0,add50bbf543ba7eaeab2bd7322386ffd,bag,PartNet,22065bf26a7da50a5c4dc8ac281ba59d,bag,ShapeNet,False,bag/ShapeNet/22065bf26a7da50a5c4dc8ac281ba59d,bag/PartNet/add50bbf543ba7eaeab2bd7322386ffd,False,bag,bag,2,"['it', 'has', 'a', 'long', 'strap']",5,it has a long strap,train,train,train,train,"[1, 23, 24, 26, 32, 628, 2, 0, 0, 0, 0, 0, 0, 0, 0, 0, 0, 0]",strap
321471,user_203,The body does not have triangular designs.,3LQ8PUHQFNLW7UD67K7J2VNKWAEIHM,284.0,71ead7f072106c63ed13f430b2941481,bag,ShapeNet,f5800755a78fc83957be02cb1dc1e62,bag,ShapeNet,False,bag/ShapeNet/f5800755a78fc83957be02cb1dc1e62,bag/ShapeNet/71ead7f072106c63ed13f430b2941481,True,bag,bag,2,"['the', 'body', 'does', 'not', 'have', 'triangular', 'designs']",7,the body does not have triangular designs,train,train,train,train,"[1, 10, 45, 39, 40, 84, 564, 1743, 2, 0, 0, 0, 0, 0, 0, 0, 0, 0]",body
321472,user_505,Target has taller handles,3PMBY0YE29WCFL9NHYN5EBR10SGC9I,54.0,71ead7f072106c63ed13f430b2941481,bag,ShapeNet,f5800755a78fc83957be02cb1dc1e62,bag,ShapeNet,False,bag/ShapeNet/f5800755a78fc83957be02cb1dc1e62,bag/ShapeNet/71ead7f072106c63ed13f430b2941481,True,bag,bag,2,"['target', 'has', 'tall', '-er', 'handles']",5,target has tall -er handles,train,train,train,train,"[1, 11, 24, 53, 9, 18, 2, 0, 0, 0, 0, 0, 0, 0, 0, 0, 0, 0]",strap
321473,user_507,it has buckles supporting the handles,3634BBTX0QNCTYM0CUJJZAB7GYZIFS,33.0,71ead7f072106c63ed13f430b2941481,bag,ShapeNet,f5800755a78fc83957be02cb1dc1e62,bag,ShapeNet,False,bag/ShapeNet/f5800755a78fc83957be02cb1dc1e62,bag/ShapeNet/71ead7f072106c63ed13f430b2941481,True,bag,bag,2,"['it', 'has', 'buckles', 'supporting', 'the', 'handles']",6,it has buckles supporting the handles,train,train,train,train,"[1, 23, 24, 5045, 1130, 10, 18, 2, 0, 0, 0, 0, 0, 0, 0, 0, 0, 0]",strap
321474,user_203,The handles are not round.,3RJSC4XJ12N9K6CV2SH47UKY57A501,113.0,71ead7f072106c63ed13f430b2941481,bag,ShapeNet,6187bd900c3bc002ed13f430b2941481,bag,ShapeNet,False,bag/ShapeNet/6187bd900c3bc002ed13f430b2941481,bag/ShapeNet/71ead7f072106c63ed13f430b2941481,False,bag,bag,2,"['the', 'handles', 'are', 'not', 'round']",5,the handles are not round,train,train,train,train,"[1, 10, 18, 16, 40, 134, 2, 0, 0, 0, 0, 0, 0, 0, 0, 0, 0, 0]",strap
321475,user_786,Its handle looks much smaller relative to the bag's height.,3PDJHANYK79GEAI55JYU5SXFNI16HW,294.0,71ead7f072106c63ed13f430b2941481,bag,ShapeNet,6187bd900c3bc002ed13f430b2941481,bag,ShapeNet,False,bag/ShapeNet/6187bd900c3bc002ed13f430b2941481,bag/ShapeNet/71ead7f072106c63ed13f430b2941481,False,bag,bag,2,"['its', 'handle', 'looks', 'much', 'small', '-er', 'relative', 'to', 'the', 'bag', ""'s"", 'height']",12,its handle looks much small -er relative to the bag 's height,train,train,train,train,"[1, 5, 29, 33, 59, 111, 9, 1951, 58, 10, 1909, 12, 117, 2, 0, 0, 0, 0]",strap
321477,user_757,It has no handles or straps,3TXWC2NHN1JSM2YJEKD5TGVJMU59SA,135.0,93ca5243aa73b5de81157c9325bb0e45,bag,ShapeNet,1614bc965545308e5de21284bb515a83,bag,PartNet,False,bag/PartNet/1614bc965545308e5de21284bb515a83,bag/ShapeNet/93ca5243aa73b5de81157c9325bb0e45,False,bag,bag,2,"['it', 'has', 'no', 'handles', 'or', 'straps']",6,it has no handles or straps,train,train,train,train,"[1, 23, 24, 123, 18, 124, 716, 2, 0, 0, 0, 0, 0, 0, 0, 0, 0, 0]",strap
321480,user_33,No visible handle or straps.,33F859I5686MKMZ01AF2G8J71JDBHN,73.0,d7dff9ecaf5f063cb1eb0742a46d174e,bag,PartNet,d495ae2cd034f066abc49cae1a831a9e,bag,PartNet,False,bag/PartNet/d495ae2cd034f066abc49cae1a831a9e,bag/PartNet/d7dff9ecaf5f063cb1eb0742a46d174e,False,bag,bag,2,"['no', 'visible', 'handle', 'or', 'straps']",5,no visible handle or straps,train,train,train,train,"[1, 123, 185, 29, 124, 716, 2, 0, 0, 0, 0, 0, 0, 0, 0, 0, 0, 0]",strap
321483,user_156,It has visible external pockets.,304SM51WA5XBAVDGC4R1KMQ9AXMBS6,53.0,d9fb0b4c7b6f84d0abc49cae1a831a9e,bag,PartNet,9296663dcefe3f6d9830ee784de3bbf2,bag,PartNet,False,bag/PartNet/9296663dcefe3f6d9830ee784de3bbf2,bag/PartNet/d9fb0b4c7b6f84d0abc49cae1a831a9e,False,bag,bag,2,"['it', 'has', 'visible', 'external', 'pockets']",5,it has visible external pockets,train,train,train,train,"[1, 23, 24, 185, 1100, 2930, 2, 0, 0, 0, 0, 0, 0, 0, 0, 0, 0, 0]",body
321484,user_507,it has many pockets,392CY0QWG3K2VIPBSDN086EGR8M4IM,27.0,d9fb0b4c7b6f84d0abc49cae1a831a9e,bag,PartNet,9296663dcefe3f6d9830ee784de3bbf2,bag,PartNet,False,bag/PartNet/9296663dcefe3f6d9830ee784de3bbf2,bag/PartNet/d9fb0b4c7b6f84d0abc49cae1a831a9e,False,bag,bag,2,"['it', 'has', 'many', 'pockets']",4,it has many pockets,train,train,train,train,"[1, 23, 24, 30, 2930, 2, 0, 0, 0, 0, 0, 0, 0, 0, 0, 0, 0, 0]",body
321485,user_677,Straps hang down beneath it,39ASUFLU6Z0HDFBZG5ZEK2DMS8BEXP,65.0,d9fb0b4c7b6f84d0abc49cae1a831a9e,bag,PartNet,9296663dcefe3f6d9830ee784de3bbf2,bag,PartNet,False,bag/PartNet/9296663dcefe3f6d9830ee784de3bbf2,bag/PartNet/d9fb0b4c7b6f84d0abc49cae1a831a9e,False,bag,bag,2,"['straps', 'hang', 'down', 'beneath', 'it']",5,straps hang down beneath it,train,train,train,train,"[1, 716, 895, 44, 177, 23, 2, 0, 0, 0, 0, 0, 0, 0, 0, 0, 0, 0]",strap
321486,user_156,It has one handle.,3VHHR074H5A146F0FEIK3YQIZC27LF,32.0,c3546b0830a79ea64be35abb02d18d44,bag,PartNet,10a885f5971d9d4ce858db1dc3499392,bag,ShapeNet,False,bag/ShapeNet/10a885f5971d9d4ce858db1dc3499392,bag/PartNet/c3546b0830a79ea64be35abb02d18d44,True,bag,bag,2,"['it', 'has', 'one', 'handle']",4,it has one handle,train,train,train,train,"[1, 23, 24, 19, 29, 2, 0, 0, 0, 0, 0, 0, 0, 0, 0, 0, 0, 0]",strap
321488,user_786,It does NOT have straps on the back face,3N2BF7Y2VSNI3D3XSZ5BUOU1DMQHMZ,94.0,c3546b0830a79ea64be35abb02d18d44,bag,PartNet,10a885f5971d9d4ce858db1dc3499392,bag,ShapeNet,False,bag/ShapeNet/10a885f5971d9d4ce858db1dc3499392,bag/PartNet/c3546b0830a79ea64be35abb02d18d44,True,bag,bag,2,"['it', 'does', 'not', 'have', 'straps', 'on', 'the', 'back', 'face']",9,it does not have straps on the back face,train,train,train,train,"[1, 23, 39, 40, 84, 716, 20, 10, 183, 56, 2, 0, 0, 0, 0, 0, 0, 0]",strap
321489,user_12,The double handles are taller in height.,3TDXMTX3CDNGA5TPB1GF54YUNVFI60,94.0,d3bd250ca3cb8e29976855a35549333,bag,ShapeNet,2ca6df7a5377825cfee773c7de26c274,bag,ShapeNet,False,bag/ShapeNet/2ca6df7a5377825cfee773c7de26c274,bag/ShapeNet/d3bd250ca3cb8e29976855a35549333,False,bag,bag,2,"['the', 'double', 'handles', 'are', 'tall', '-er', 'in', 'height']",8,the double handles are tall -er in height,val,train,val,train,"[1, 10, 527, 18, 16, 53, 9, 90, 117, 2, 0, 0, 0, 0, 0, 0, 0, 0]",strap
321490,user_203,The handles are higher.,3TXD01ZLD6A749KBMUCER92RL0FU4K,63.0,d3bd250ca3cb8e29976855a35549333,bag,ShapeNet,2ca6df7a5377825cfee773c7de26c274,bag,ShapeNet,False,bag/ShapeNet/2ca6df7a5377825cfee773c7de26c274,bag/ShapeNet/d3bd250ca3cb8e29976855a35549333,False,bag,bag,2,"['the', 'handles', 'are', 'high', '-er']",5,the handles are high -er,val,train,val,train,"[1, 10, 18, 16, 49, 9, 2, 0, 0, 0, 0, 0, 0, 0, 0, 0, 0, 0]",strap
321491,user_505,Target has straps,3BXQMRHWK1RN8Z9HSYCAD3JR7RBUMQ,45.0,d3bd250ca3cb8e29976855a35549333,bag,ShapeNet,2ca6df7a5377825cfee773c7de26c274,bag,ShapeNet,False,bag/ShapeNet/2ca6df7a5377825cfee773c7de26c274,bag/ShapeNet/d3bd250ca3cb8e29976855a35549333,False,bag,bag,2,"['target', 'has', 'straps']",3,target has straps,val,train,val,train,"[1, 11, 24, 716, 2, 0, 0, 0, 0, 0, 0, 0, 0, 0, 0, 0, 0, 0]",strap
321505,user_786,"Its handle is very low, flat, and not semicircular",3DH6GAKTY0I4OFS5HOZTOQLDIIEZYI,79.0,54020887fae8cea02d9a3aad1271738b,bag,PartNet,20b4891228ecfb4876bb31db0358e9c6,bag,ShapeNet,False,bag/ShapeNet/20b4891228ecfb4876bb31db0358e9c6,bag/PartNet/54020887fae8cea02d9a3aad1271738b,True,bag,bag,2,"['its', 'handle', 'is', 'very', 'low', 'flat', 'and', 'not', 'semicircular']",9,its handle is very low flat and not semicircular,train,train,train,train,"[1, 5, 29, 7, 62, 345, 129, 47, 40, 990, 2, 0, 0, 0, 0, 0, 0, 0]",strap
321507,user_156,Its handle is not of rigid shape.,32SVAV9L3H2274N9GBQ4H3YR0YHA3V,33.0,bb6eba59b185e6bce8a1430c80ad4e85,bag,PartNet,1b70bb39da3c559f8a729a9d838530b4,bag,PartNet,False,bag/PartNet/1b70bb39da3c559f8a729a9d838530b4,bag/PartNet/bb6eba59b185e6bce8a1430c80ad4e85,True,bag,bag,2,"['its', 'handle', 'is', 'not', 'of', 'rigid', 'shape']",7,its handle is not of rigid shape,train,train,train,train,"[1, 5, 29, 7, 40, 38, 1963, 93, 2, 0, 0, 0, 0, 0, 0, 0, 0, 0]",strap
321509,user_2044,It has two straps on  the back,3OS46CRSLHSLWBDPA8FYKTOOVZH6VV,202.0,bb6eba59b185e6bce8a1430c80ad4e85,bag,PartNet,1b70bb39da3c559f8a729a9d838530b4,bag,PartNet,False,bag/PartNet/1b70bb39da3c559f8a729a9d838530b4,bag/PartNet/bb6eba59b185e6bce8a1430c80ad4e85,True,bag,bag,2,"['it', 'has', 'two', 'straps', 'on', 'the', 'back']",7,it has two straps on the back,train,train,train,train,"[1, 23, 24, 17, 716, 20, 10, 183, 2, 0, 0, 0, 0, 0, 0, 0, 0, 0]",strap
321513,user_203,It has two handles.,3L4D84MIL1LS25XCP2SJEW2K9P4HJY,839.0,68b7ca73de30ad6df2197da8dec8488d,bag,ShapeNet,6b094dc5129ab53fed13f430b2941481,bag,PartNet,False,bag/PartNet/6b094dc5129ab53fed13f430b2941481,bag/ShapeNet/68b7ca73de30ad6df2197da8dec8488d,False,bag,bag,2,"['it', 'has', 'two', 'handles']",4,it has two handles,val,train,val,train,"[1, 23, 24, 17, 18, 2, 0, 0, 0, 0, 0, 0, 0, 0, 0, 0, 0, 0]",strap
321517,user_203,The side of the body is rounded at the top and bottom.,3QUO65DNQWHB82UT5ERN578W2QWUO9,189.0,d7dff9ecaf5f063cb1eb0742a46d174e,bag,PartNet,8e3eb521577dddea7d2c1de1b4d2a6e4,bag,PartNet,False,bag/PartNet/8e3eb521577dddea7d2c1de1b4d2a6e4,bag/PartNet/d7dff9ecaf5f063cb1eb0742a46d174e,True,bag,bag,2,"['the', 'side', 'of', 'the', 'body', 'is', 'rounded', 'at', 'the', 'top', 'and', 'bottom']",12,the side of the body is rounded at the top and bottom,train,train,train,train,"[1, 10, 22, 38, 10, 45, 7, 48, 98, 10, 99, 47, 76, 2, 0, 0, 0, 0]",body
321518,user_1298,There is a design on the body,3S06PH7KSTX4V8C6DH3NJBR0NF01DS,40.0,d7dff9ecaf5f063cb1eb0742a46d174e,bag,PartNet,8e3eb521577dddea7d2c1de1b4d2a6e4,bag,PartNet,False,bag/PartNet/8e3eb521577dddea7d2c1de1b4d2a6e4,bag/PartNet/d7dff9ecaf5f063cb1eb0742a46d174e,True,bag,bag,2,"['there', 'is', 'a', 'design', 'on', 'the', 'body']",7,there is a design on the body,train,train,train,train,"[1, 15, 7, 26, 192, 20, 10, 45, 2, 0, 0, 0, 0, 0, 0, 0, 0, 0]",body
321519,user_589,The target one has a larger handle,3QECW5O0KJUA0F9M0U5ER5M32IQ5TW,109.0,30bf69aa24dbb3fc9de193e488fc4dce,bag,ShapeNet,788eee4bfb4f27ecc33cda78d407d98a,bag,PartNet,True,bag/PartNet/788eee4bfb4f27ecc33cda78d407d98a,bag/ShapeNet/30bf69aa24dbb3fc9de193e488fc4dce,True,bag,bag,2,"['the', 'target', 'one', 'has', 'a', 'large', '-er', 'handle']",8,the target one has a large -er handle,train,train,train,train,"[1, 10, 11, 19, 24, 26, 94, 9, 29, 2, 0, 0, 0, 0, 0, 0, 0, 0]",strap
321521,user_1689,Its body has narrower opening.,30ZX6P7VFAOONFUU6HPCRSWIK5V2J8,181.0,30bf69aa24dbb3fc9de193e488fc4dce,bag,ShapeNet,788eee4bfb4f27ecc33cda78d407d98a,bag,PartNet,False,bag/PartNet/788eee4bfb4f27ecc33cda78d407d98a,bag/ShapeNet/30bf69aa24dbb3fc9de193e488fc4dce,True,bag,bag,2,"['its', 'body', 'has', 'narrow', '-er', 'opening']",6,its body has narrow -er opening,train,train,train,train,"[1, 5, 45, 24, 210, 9, 197, 2, 0, 0, 0, 0, 0, 0, 0, 0, 0, 0]",body
321530,user_2005,it has a thick rectangular handle,3KGTPGBS6ZEX1V5OIGTQYU5T1MWU21,85.0,f297885d4918000ec8724d5673a063a6,bag,ShapeNet,4a175db3a8cad99b5dd5ceb34f6e33d9,bag,ShapeNet,False,bag/ShapeNet/4a175db3a8cad99b5dd5ceb34f6e33d9,bag/ShapeNet/f297885d4918000ec8724d5673a063a6,True,bag,bag,2,"['it', 'has', 'a', 'thick', 'rectangular', 'handle']",6,it has a thick rectangular handle,train,train,train,train,"[1, 23, 24, 26, 54, 128, 29, 2, 0, 0, 0, 0, 0, 0, 0, 0, 0, 0]",strap
321545,user_1572,The straps are more flat than round.,3Z9WI9EOZ1HNDP3U7NSVFB2XODKHKB,202.0,811f592148958510abc49cae1a831a9e,bag,PartNet,c5285f62ab36c0b84a001c5cd830d507,bag,PartNet,False,bag/PartNet/c5285f62ab36c0b84a001c5cd830d507,bag/PartNet/811f592148958510abc49cae1a831a9e,True,bag,bag,2,"['the', 'straps', 'are', 'more', 'flat', 'than', 'round']",7,the straps are more flat than round,train,train,train,train,"[1, 10, 716, 16, 34, 129, 131, 134, 2, 0, 0, 0, 0, 0, 0, 0, 0, 0]",strap
321547,user_1920,number of handles,39LNWE0K4WP1CGJQ7JEILACAQH9IUE,126.0,151d033af5381fd4c1e1e64c8ea306ea,bag,ShapeNet,d3bd250ca3cb8e29976855a35549333,bag,ShapeNet,False,bag/ShapeNet/d3bd250ca3cb8e29976855a35549333,bag/ShapeNet/151d033af5381fd4c1e1e64c8ea306ea,True,bag,bag,2,"['number', 'of', 'handles']",3,number of handles,train,train,train,train,"[1, 746, 38, 18, 2, 0, 0, 0, 0, 0, 0, 0, 0, 0, 0, 0, 0, 0]",strap
321549,user_786,Its have cylinder-like pockets with open tops,3YT88D1N0AR8JHWVS23TBH1N59BK3I,116.0,54931ecfaf7c4e08302e608f9e1070d0,bag,PartNet,ec1b9ac45597e4cd9318cfd6c0d37d9b,bag,PartNet,False,bag/PartNet/ec1b9ac45597e4cd9318cfd6c0d37d9b,bag/PartNet/54931ecfaf7c4e08302e608f9e1070d0,False,bag,bag,2,"['its', 'have', 'cylinder', 'like', 'pockets', 'with', 'open', 'tops']",8,its have cylinder like pockets with open tops,train,train,train,train,"[1, 5, 84, 66, 35, 2930, 121, 312, 546, 2, 0, 0, 0, 0, 0, 0, 0, 0]",body
321550,user_891,it has different shape pockets,3EJJQNKU9TY90TGPX71SGNOBJ57HRX,81.0,54931ecfaf7c4e08302e608f9e1070d0,bag,PartNet,ec1b9ac45597e4cd9318cfd6c0d37d9b,bag,PartNet,False,bag/PartNet/ec1b9ac45597e4cd9318cfd6c0d37d9b,bag/PartNet/54931ecfaf7c4e08302e608f9e1070d0,False,bag,bag,2,"['it', 'has', 'different', 'shape', 'pockets']",5,it has different shape pockets,train,train,train,train,"[1, 23, 24, 306, 93, 2930, 2, 0, 0, 0, 0, 0, 0, 0, 0, 0, 0, 0]",body
321553,user_786,Its does NOT have thin handles attached with tabs on the front face,3U84XHCDIE6OQ8ELSHBM81H6NIZ4ZO,211.0,4a1f62dbe8b091eabc49cae1a831a9e,bag,ShapeNet,d923ce406ab7303985907cb2b3be2209,bag,PartNet,False,bag/PartNet/d923ce406ab7303985907cb2b3be2209,bag/ShapeNet/4a1f62dbe8b091eabc49cae1a831a9e,True,bag,bag,2,"['its', 'does', 'not', 'have', 'thin', 'handles', 'attached', 'with', 'tabs', 'on', 'the', 'front', 'face']",13,its does not have thin handles attached with tabs on the front face,train,train,train,train,"[1, 5, 39, 40, 84, 60, 18, 115, 121, 2755, 20, 10, 37, 56, 2, 0, 0, 0]",strap
321558,user_677,It has tabs for its strap,31N2WW6R9TJX3V4HRRCWV49IXC43F7,89.0,eebc8d35d05e49b86afa58a86636d6be,bag,PartNet,dc52131684ed9cbbfe4a8257a424ee86,bag,ShapeNet,False,bag/ShapeNet/dc52131684ed9cbbfe4a8257a424ee86,bag/PartNet/eebc8d35d05e49b86afa58a86636d6be,False,bag,bag,2,"['it', 'has', 'tabs', 'for', 'its', 'strap']",6,it has tabs for its strap,train,train,train,train,"[1, 23, 24, 2755, 259, 5, 628, 2, 0, 0, 0, 0, 0, 0, 0, 0, 0, 0]",strap
321561,user_41,it has round handles,33FBRBDW6QSC1GQDC6HREFWQGM4C8Z,119.0,61c9570c3d12e47cd061bb85232b3b01,bag,PartNet,5ce403455e28451b76bb31db0358e9c6,bag,PartNet,False,bag/PartNet/5ce403455e28451b76bb31db0358e9c6,bag/PartNet/61c9570c3d12e47cd061bb85232b3b01,True,bag,bag,2,"['it', 'has', 'round', 'handles']",4,it has round handles,test,train,test,train,"[1, 23, 24, 134, 18, 2, 0, 0, 0, 0, 0, 0, 0, 0, 0, 0, 0, 0]",strap
321562,user_786,Its handles attach to the front/back faces at two riveted tabs,34Z02EIMIU6B58NL3OZ2AAQCLAX0TO,189.0,61c9570c3d12e47cd061bb85232b3b01,bag,PartNet,5ce403455e28451b76bb31db0358e9c6,bag,PartNet,False,bag/PartNet/5ce403455e28451b76bb31db0358e9c6,bag/PartNet/61c9570c3d12e47cd061bb85232b3b01,True,bag,bag,2,"['its', 'handles', 'attach', 'to', 'the', 'front', 'back', 'faces', 'at', 'two', 'riveted', 'tabs']",12,its handles attach to the front back faces at two riveted tabs,test,train,test,train,"[1, 5, 18, 415, 58, 10, 37, 183, 75, 98, 17, 3015, 2755, 2, 0, 0, 0, 0]",strap
321563,user_1602,The base of the body has a smaller depth.,3O7L7BFSHGIKNKM4HJZDHSQ74UPEI5,81.0,61c9570c3d12e47cd061bb85232b3b01,bag,PartNet,5ce403455e28451b76bb31db0358e9c6,bag,PartNet,False,bag/PartNet/5ce403455e28451b76bb31db0358e9c6,bag/PartNet/61c9570c3d12e47cd061bb85232b3b01,True,bag,bag,2,"['the', 'base', 'of', 'the', 'body', 'has', 'a', 'small', '-er', 'depth']",10,the base of the body has a small -er depth,test,train,test,train,"[1, 10, 103, 38, 10, 45, 24, 26, 111, 9, 607, 2, 0, 0, 0, 0, 0, 0]",body
321565,user_329,The strap is wide.,3LYA37P8ISGDMC087VIZT0ZZT1CBKO,603.0,4e4fcfffec161ecaed13f430b2941481,bag,ShapeNet,581af450a3a8009abc49cae1a831a9e,bag,ShapeNet,False,bag/ShapeNet/581af450a3a8009abc49cae1a831a9e,bag/ShapeNet/4e4fcfffec161ecaed13f430b2941481,True,bag,bag,2,"['the', 'strap', 'is', 'wide']",4,the strap is wide,train,train,train,train,"[1, 10, 628, 7, 83, 2, 0, 0, 0, 0, 0, 0, 0, 0, 0, 0, 0, 0]",strap
321566,user_507,the body does not have a stripe,3NG53N1RLXCVV5ZHHB3XYFVXF8EP8R,43.0,4e4fcfffec161ecaed13f430b2941481,bag,ShapeNet,581af450a3a8009abc49cae1a831a9e,bag,ShapeNet,False,bag/ShapeNet/581af450a3a8009abc49cae1a831a9e,bag/ShapeNet/4e4fcfffec161ecaed13f430b2941481,True,bag,bag,2,"['the', 'body', 'does', 'not', 'have', 'a', 'stripe']",7,the body does not have a stripe,train,train,train,train,"[1, 10, 45, 39, 40, 84, 26, 2914, 2, 0, 0, 0, 0, 0, 0, 0, 0, 0]",body
321567,user_156,It has two shoulder straps.,34BBWHLWHC4E4K8V2JTJ3YX7B02IW1,31.0,c3426d26e0408be4285e5a1f74237618,bag,ShapeNet,1b70bb39da3c559f8a729a9d838530b4,bag,PartNet,False,bag/PartNet/1b70bb39da3c559f8a729a9d838530b4,bag/ShapeNet/c3426d26e0408be4285e5a1f74237618,False,bag,bag,2,"['it', 'has', 'two', 'shoulder', 'straps']",5,it has two shoulder straps,train,train,train,train,"[1, 23, 24, 17, 1767, 716, 2, 0, 0, 0, 0, 0, 0, 0, 0, 0, 0, 0]",strap
321568,user_428,It has two back straps.,339ANSOTR7VN9KEED5AGFN3COQLKIT,162.0,c3426d26e0408be4285e5a1f74237618,bag,ShapeNet,1b70bb39da3c559f8a729a9d838530b4,bag,PartNet,False,bag/PartNet/1b70bb39da3c559f8a729a9d838530b4,bag/ShapeNet/c3426d26e0408be4285e5a1f74237618,False,bag,bag,2,"['it', 'has', 'two', 'back', 'straps']",5,it has two back straps,train,train,train,train,"[1, 23, 24, 17, 183, 716, 2, 0, 0, 0, 0, 0, 0, 0, 0, 0, 0, 0]",strap
321572,user_1604,Its handle is large.,3N2BF7Y2VSNI3D3XSZ5BUOU1DKQMH0,106.0,23d04b1d0e700f9674dc49346c29fd4d,bag,PartNet,f5108ede5ca11f041f6736765dee4fa9,bag,ShapeNet,False,bag/ShapeNet/f5108ede5ca11f041f6736765dee4fa9,bag/PartNet/23d04b1d0e700f9674dc49346c29fd4d,False,bag,bag,2,"['its', 'handle', 'is', 'large']",4,its handle is large,test,train,test,train,"[1, 5, 29, 7, 94, 2, 0, 0, 0, 0, 0, 0, 0, 0, 0, 0, 0, 0]",strap
321573,user_156,Its handles are much thinner in length.,34PGFRQONQ4AZVS1K1EJFZC7OFTWJT,655.0,5d4f774fdda6fa1dcd99ccc7ff441abf,bag,ShapeNet,61c9570c3d12e47cd061bb85232b3b01,bag,PartNet,False,bag/PartNet/61c9570c3d12e47cd061bb85232b3b01,bag/ShapeNet/5d4f774fdda6fa1dcd99ccc7ff441abf,True,bag,bag,2,"['its', 'handles', 'are', 'much', 'thin', '-er', 'in', 'length']",8,its handles are much thin -er in length,train,train,train,train,"[1, 5, 18, 16, 59, 60, 9, 90, 155, 2, 0, 0, 0, 0, 0, 0, 0, 0]",strap
321574,user_1135,The target bag has a thinner handle.,3WEV0KO0OOL4PSB0Q0I7FCE9DF4DSF,125.0,5d4f774fdda6fa1dcd99ccc7ff441abf,bag,ShapeNet,61c9570c3d12e47cd061bb85232b3b01,bag,PartNet,False,bag/PartNet/61c9570c3d12e47cd061bb85232b3b01,bag/ShapeNet/5d4f774fdda6fa1dcd99ccc7ff441abf,True,bag,bag,2,"['the', 'target', 'bag', 'has', 'a', 'thin', '-er', 'handle']",8,the target bag has a thin -er handle,train,train,train,train,"[1, 10, 11, 1909, 24, 26, 60, 9, 29, 2, 0, 0, 0, 0, 0, 0, 0, 0]",strap
321583,user_1424,The handles are curved,3YJ6NA41JD9KFMV08F0ON54BVISPJT,129.0,c5a37b5192fba85b9ca96b2737246fca,bag,PartNet,1342fc4f613687f92569b963af585e33,bag,ShapeNet,False,bag/ShapeNet/1342fc4f613687f92569b963af585e33,bag/PartNet/c5a37b5192fba85b9ca96b2737246fca,True,bag,bag,2,"['the', 'handles', 'are', 'curved']",4,the handles are curved,train,train,train,train,"[1, 10, 18, 16, 51, 2, 0, 0, 0, 0, 0, 0, 0, 0, 0, 0, 0, 0]",strap
321584,user_2044,The body is bigger,34HJIJKLP7P7HO9BRKMJNV4AZ7WV4I,73.0,c5a37b5192fba85b9ca96b2737246fca,bag,PartNet,1342fc4f613687f92569b963af585e33,bag,ShapeNet,False,bag/ShapeNet/1342fc4f613687f92569b963af585e33,bag/PartNet/c5a37b5192fba85b9ca96b2737246fca,True,bag,bag,2,"['the', 'body', 'is', 'big', '-er']",5,the body is big -er,train,train,train,train,"[1, 10, 45, 7, 320, 9, 2, 0, 0, 0, 0, 0, 0, 0, 0, 0, 0, 0]",body
321587,user_1191,It has a less wide handle.,33FBRBDW6QSC1GQDC6HREFWQGPFC8G,92.0,8bc53bae41a8105f5c7506815f553527,bag,ShapeNet,d9015890f9691fd593daa1a1c18444ab,bag,ShapeNet,False,bag/ShapeNet/d9015890f9691fd593daa1a1c18444ab,bag/ShapeNet/8bc53bae41a8105f5c7506815f553527,True,bag,bag,2,"['it', 'has', 'a', 'less', 'wide', 'handle']",6,it has a less wide handle,train,train,train,train,"[1, 23, 24, 26, 229, 83, 29, 2, 0, 0, 0, 0, 0, 0, 0, 0, 0, 0]",strap
321589,user_156,It has two handles.,3F0BG9B9MRGL45MZYT7AX6SE8PXY7L,55.0,83ab18386e87bf4efef598dabc93c115,bag,ShapeNet,402a7a310d576236d9141c0f0d30ee38,bag,PartNet,False,bag/PartNet/402a7a310d576236d9141c0f0d30ee38,bag/ShapeNet/83ab18386e87bf4efef598dabc93c115,False,bag,bag,2,"['it', 'has', 'two', 'handles']",4,it has two handles,val,train,val,train,"[1, 23, 24, 17, 18, 2, 0, 0, 0, 0, 0, 0, 0, 0, 0, 0, 0, 0]",strap
321599,user_203,It has two handles.,3VZLGYJEYN3FOA2VCSDR5CE4GCGXZ6,336.0,c5c0f63f94ddf4c258d149fbd24761c4,bag,ShapeNet,5d4f774fdda6fa1dcd99ccc7ff441abf,bag,ShapeNet,False,bag/ShapeNet/5d4f774fdda6fa1dcd99ccc7ff441abf,bag/ShapeNet/c5c0f63f94ddf4c258d149fbd24761c4,False,bag,bag,2,"['it', 'has', 'two', 'handles']",4,it has two handles,train,train,train,train,"[1, 23, 24, 17, 18, 2, 0, 0, 0, 0, 0, 0, 0, 0, 0, 0, 0, 0]",strap
321600,user_786,Its front face has two taps connected by square rings to the handles above,3ON104KXQMPKWD9GHURF9XNO6FUW4N,132.0,c5c0f63f94ddf4c258d149fbd24761c4,bag,ShapeNet,5d4f774fdda6fa1dcd99ccc7ff441abf,bag,ShapeNet,False,bag/ShapeNet/5d4f774fdda6fa1dcd99ccc7ff441abf,bag/ShapeNet/c5c0f63f94ddf4c258d149fbd24761c4,False,bag,bag,2,"['its', 'front', 'face', 'has', 'two', 'taps', 'connected', 'by', 'square', 'rings', 'to', 'the', 'handles', 'above']",14,its front face has two taps connected by square rings to the handles above,train,train,train,train,"[1, 5, 37, 56, 24, 17, 2837, 127, 248, 50, 290, 58, 10, 18, 346, 2, 0, 0]",strap
321609,user_786,Its handles attach to the front face at two tabs,3QBD8R3Z23CCR40EQ805S3A23EM4OC,107.0,f297885d4918000ec8724d5673a063a6,bag,ShapeNet,2970e5486815e72ccd99ccc7ff441abf,bag,ShapeNet,False,bag/ShapeNet/2970e5486815e72ccd99ccc7ff441abf,bag/ShapeNet/f297885d4918000ec8724d5673a063a6,True,bag,bag,2,"['its', 'handles', 'attach', 'to', 'the', 'front', 'face', 'at', 'two', 'tabs']",10,its handles attach to the front face at two tabs,train,train,train,train,"[1, 5, 18, 415, 58, 10, 37, 56, 98, 17, 2755, 2, 0, 0, 0, 0, 0, 0]",strap
321614,user_156,It has not have two vertical straps down its front side.,3YDGXNSEO1N96CDYJRB9VHK2OB084Z,36.0,adfe9029a1ca723eb8966aeece708f87,bag,ShapeNet,bb6eba59b185e6bce8a1430c80ad4e85,bag,PartNet,False,bag/PartNet/bb6eba59b185e6bce8a1430c80ad4e85,bag/ShapeNet/adfe9029a1ca723eb8966aeece708f87,False,bag,bag,2,"['it', 'has', 'not', 'have', 'two', 'vertical', 'straps', 'down', 'its', 'front', 'side']",11,it has not have two vertical straps down its front side,train,train,train,train,"[1, 23, 24, 40, 84, 17, 283, 716, 44, 5, 37, 22, 2, 0, 0, 0, 0, 0]",strap
321616,user_2044,Its body is not triangular in shape,3LRLIPTPES2832VG1HI3YPFTBK2KAF,41.0,adfe9029a1ca723eb8966aeece708f87,bag,ShapeNet,bb6eba59b185e6bce8a1430c80ad4e85,bag,PartNet,False,bag/PartNet/bb6eba59b185e6bce8a1430c80ad4e85,bag/ShapeNet/adfe9029a1ca723eb8966aeece708f87,False,bag,bag,2,"['its', 'body', 'is', 'not', 'triangular', 'in', 'shape']",7,its body is not triangular in shape,train,train,train,train,"[1, 5, 45, 7, 40, 564, 90, 93, 2, 0, 0, 0, 0, 0, 0, 0, 0, 0]",body
321630,user_549,The bag body is flat.,3JCG6DTRV5JM1L0S3IZMKB67E89QQD,158.0,a1822be832091e036afa58a86636d6be,bag,ShapeNet,e1838a13ace989545de21284bb515a83,bag,ShapeNet,False,bag/ShapeNet/e1838a13ace989545de21284bb515a83,bag/ShapeNet/a1822be832091e036afa58a86636d6be,True,bag,bag,2,"['the', 'bag', 'body', 'is', 'flat']",5,the bag body is flat,train,train,train,train,"[1, 10, 1909, 45, 7, 129, 2, 0, 0, 0, 0, 0, 0, 0, 0, 0, 0, 0]",body
321632,user_786,Its front face has a small rectangular pocket above a big square pocket,345LHZDEDZLMMD17MG7VH4AL70NU33,110.0,506a05b6ba66bde0b726426d6c667c7,bag,ShapeNet,4a175db3a8cad99b5dd5ceb34f6e33d9,bag,ShapeNet,False,bag/ShapeNet/4a175db3a8cad99b5dd5ceb34f6e33d9,bag/ShapeNet/506a05b6ba66bde0b726426d6c667c7,False,bag,bag,2,"['its', 'front', 'face', 'has', 'a', 'small', 'rectangular', 'pocket', 'above', 'a', 'big', 'square', 'pocket']",13,its front face has a small rectangular pocket above a big square pocket,train,train,train,train,"[1, 5, 37, 56, 24, 26, 111, 128, 1425, 346, 26, 320, 50, 1425, 2, 0, 0, 0]",body
321634,user_2044,The handle is much taller,3RANCT1ZVHARP85K19M1ZN8XVS5UBZ,32.0,506a05b6ba66bde0b726426d6c667c7,bag,ShapeNet,4a175db3a8cad99b5dd5ceb34f6e33d9,bag,ShapeNet,False,bag/ShapeNet/4a175db3a8cad99b5dd5ceb34f6e33d9,bag/ShapeNet/506a05b6ba66bde0b726426d6c667c7,False,bag,bag,2,"['the', 'handle', 'is', 'much', 'tall', '-er']",6,the handle is much tall -er,train,train,train,train,"[1, 10, 29, 7, 59, 53, 9, 2, 0, 0, 0, 0, 0, 0, 0, 0, 0, 0]",strap
321635,user_507,it has many pockets on the front,37UQDCYH6ZO40BRUTIKQQ7OKQC9V7V,50.0,e90e27c3020d25dd76bb31db0358e9c6,bag,ShapeNet,80530cf532d86195bff3b8b883ab202d,bag,PartNet,False,bag/PartNet/80530cf532d86195bff3b8b883ab202d,bag/ShapeNet/e90e27c3020d25dd76bb31db0358e9c6,False,bag,bag,2,"['it', 'has', 'many', 'pockets', 'on', 'the', 'front']",7,it has many pockets on the front,train,train,train,train,"[1, 23, 24, 30, 2930, 20, 10, 37, 2, 0, 0, 0, 0, 0, 0, 0, 0, 0]",body
321636,user_1355,The Target bad has a back strap.,32ZKVD547HG7QES1MPQ0CEIXIEUB3F,98.0,e90e27c3020d25dd76bb31db0358e9c6,bag,ShapeNet,80530cf532d86195bff3b8b883ab202d,bag,PartNet,False,bag/PartNet/80530cf532d86195bff3b8b883ab202d,bag/ShapeNet/e90e27c3020d25dd76bb31db0358e9c6,False,bag,bag,2,"['the', 'target', 'bad', 'has', 'a', 'back', 'strap']",7,the target bad has a back strap,train,train,train,train,"[1, 10, 11, 2785, 24, 26, 183, 628, 2, 0, 0, 0, 0, 0, 0, 0, 0, 0]",strap
321638,user_923,It has a small loop strap,308Q0PEVBA63SOVN98JRPEPWDXBI91,104.0,669fe6ae83e64a544608027d921be76e,bag,PartNet,450a4589a15dc4926afa58a86636d6be,bag,PartNet,False,bag/PartNet/450a4589a15dc4926afa58a86636d6be,bag/PartNet/669fe6ae83e64a544608027d921be76e,False,bag,bag,2,"['it', 'has', 'a', 'small', 'loop', 'strap']",6,it has a small loop strap,train,train,train,train,"[1, 23, 24, 26, 111, 549, 628, 2, 0, 0, 0, 0, 0, 0, 0, 0, 0, 0]",strap
321640,user_2044,Its body is shorter height-wise,3STRJBFXOYKDIYUP7H9KTU5LZ9OKT1,45.0,669fe6ae83e64a544608027d921be76e,bag,PartNet,450a4589a15dc4926afa58a86636d6be,bag,PartNet,False,bag/PartNet/450a4589a15dc4926afa58a86636d6be,bag/PartNet/669fe6ae83e64a544608027d921be76e,False,bag,bag,2,"['its', 'body', 'is', 'short', '-er', 'height', 'wise']",7,its body is short -er height wise,train,train,train,train,"[1, 5, 45, 7, 8, 9, 117, 359, 2, 0, 0, 0, 0, 0, 0, 0, 0, 0]",body
321642,user_156,It has two shoulder straps.,30ZX6P7VFAOONFUU6HPCRSWIK8XJ2X,31.0,d9015890f9691fd593daa1a1c18444ab,bag,ShapeNet,c7e6a0525b997bda3667e024d1341456,bag,PartNet,False,bag/PartNet/c7e6a0525b997bda3667e024d1341456,bag/ShapeNet/d9015890f9691fd593daa1a1c18444ab,False,bag,bag,2,"['it', 'has', 'two', 'shoulder', 'straps']",5,it has two shoulder straps,train,train,train,train,"[1, 23, 24, 17, 1767, 716, 2, 0, 0, 0, 0, 0, 0, 0, 0, 0, 0, 0]",strap
321645,user_1298,The height of the body is taller,3IKZ72A5B6947ZXR9AWB4I7O2UMNF0,55.0,2022610a5d1a8455abc49cae1a831a9e,bag,ShapeNet,30bf69aa24dbb3fc9de193e488fc4dce,bag,ShapeNet,False,bag/ShapeNet/30bf69aa24dbb3fc9de193e488fc4dce,bag/ShapeNet/2022610a5d1a8455abc49cae1a831a9e,False,bag,bag,2,"['the', 'height', 'of', 'the', 'body', 'is', 'tall', '-er']",8,the height of the body is tall -er,train,train,train,train,"[1, 10, 117, 38, 10, 45, 7, 53, 9, 2, 0, 0, 0, 0, 0, 0, 0, 0]",body
321647,user_505,Target has no handles,32XVDSJFP1QEON0F9E247KOZO092MX,104.0,4a1f62dbe8b091eabc49cae1a831a9e,bag,ShapeNet,uc15ab6cd-e35a-40e0-83d2-7e05e88dd395,bag,PartNet,False,bag/PartNet/uc15ab6cd-e35a-40e0-83d2-7e05e88dd395,bag/ShapeNet/4a1f62dbe8b091eabc49cae1a831a9e,False,bag,bag,2,"['target', 'has', 'no', 'handles']",4,target has no handles,train,train,train,train,"[1, 11, 24, 123, 18, 2, 0, 0, 0, 0, 0, 0, 0, 0, 0, 0, 0, 0]",strap
321649,user_2044,It does not have handles,3VSOLARPKD2O2LD4O5C4L8N7UG193H,55.0,4a1f62dbe8b091eabc49cae1a831a9e,bag,ShapeNet,uc15ab6cd-e35a-40e0-83d2-7e05e88dd395,bag,PartNet,False,bag/PartNet/uc15ab6cd-e35a-40e0-83d2-7e05e88dd395,bag/ShapeNet/4a1f62dbe8b091eabc49cae1a831a9e,False,bag,bag,2,"['it', 'does', 'not', 'have', 'handles']",5,it does not have handles,train,train,train,train,"[1, 23, 39, 40, 84, 18, 2, 0, 0, 0, 0, 0, 0, 0, 0, 0, 0, 0]",strap
321652,user_2089,The top does not have two handles on it.,3VHP9MDGRPDLGV00KKNXO7DC3PYFCY,296.0,e6daa1435018a044da5feafe6f1c8fc,bag,ShapeNet,506a05b6ba66bde0b726426d6c667c7,bag,ShapeNet,False,bag/ShapeNet/506a05b6ba66bde0b726426d6c667c7,bag/ShapeNet/e6daa1435018a044da5feafe6f1c8fc,True,bag,bag,2,"['the', 'top', 'does', 'not', 'have', 'two', 'handles', 'on', 'it']",9,the top does not have two handles on it,train,train,train,train,"[1, 10, 99, 39, 40, 84, 17, 18, 20, 23, 2, 0, 0, 0, 0, 0, 0, 0]",strap
321655,user_2044,It has pockets on the sides,3AAJC4I4FILETQX6VOYQE36P5GFZJ2,25.0,4a175db3a8cad99b5dd5ceb34f6e33d9,bag,ShapeNet,6cf7d7479ebac5fe18457223b2b684b3,bag,PartNet,False,bag/PartNet/6cf7d7479ebac5fe18457223b2b684b3,bag/ShapeNet/4a175db3a8cad99b5dd5ceb34f6e33d9,False,bag,bag,2,"['it', 'has', 'pockets', 'on', 'the', 'sides']",6,it has pockets on the sides,train,train,train,train,"[1, 23, 24, 2930, 20, 10, 360, 2, 0, 0, 0, 0, 0, 0, 0, 0, 0, 0]",body
321657,user_2005,it has tabs on the handles,37FMASSAYEKMGHAK7SXNGKKM1XMBIC,89.0,adfe9029a1ca723eb8966aeece708f87,bag,ShapeNet,4a1f62dbe8b091eabc49cae1a831a9e,bag,ShapeNet,False,bag/ShapeNet/4a1f62dbe8b091eabc49cae1a831a9e,bag/ShapeNet/adfe9029a1ca723eb8966aeece708f87,True,bag,bag,2,"['it', 'has', 'tabs', 'on', 'the', 'handles']",6,it has tabs on the handles,train,train,train,train,"[1, 23, 24, 2755, 20, 10, 18, 2, 0, 0, 0, 0, 0, 0, 0, 0, 0, 0]",strap
321661,user_2104,The handle is much larger and singular instead of multiple,3ITXP059PYCHSEBS0W4IIA9MI0MJSM,209.0,756066117169dbc96c1d5082d1bdea19,bag,ShapeNet,aca3e1adcde4b3813a75e6d000e08290,bag,PartNet,False,bag/PartNet/aca3e1adcde4b3813a75e6d000e08290,bag/ShapeNet/756066117169dbc96c1d5082d1bdea19,False,bag,bag,2,"['the', 'handle', 'is', 'much', 'large', '-er', 'and', 'singular', 'instead', 'of', 'multiple']",11,the handle is much large -er and singular instead of multiple,train,train,train,train,"[1, 10, 29, 7, 59, 94, 9, 47, 445, 97, 38, 258, 2, 0, 0, 0, 0, 0]",strap
321665,user_507,it has thinner handles,3BC8WZX3V5PMPNUSTCDMURQH6IQRRX,51.0,811f592148958510abc49cae1a831a9e,bag,PartNet,e49f6ae8fa76e90a285e5a1f74237618,bag,ShapeNet,False,bag/ShapeNet/e49f6ae8fa76e90a285e5a1f74237618,bag/PartNet/811f592148958510abc49cae1a831a9e,False,bag,bag,2,"['it', 'has', 'thin', '-er', 'handles']",5,it has thin -er handles,train,train,train,train,"[1, 23, 24, 60, 9, 18, 2, 0, 0, 0, 0, 0, 0, 0, 0, 0, 0, 0]",strap
321667,user_2101,It has a buckle type decoration on the body,34QN5IT0T1KS7OVX0QO7JEUP7XC08Z,147.0,811f592148958510abc49cae1a831a9e,bag,PartNet,e49f6ae8fa76e90a285e5a1f74237618,bag,ShapeNet,False,bag/ShapeNet/e49f6ae8fa76e90a285e5a1f74237618,bag/PartNet/811f592148958510abc49cae1a831a9e,False,bag,bag,2,"['it', 'has', 'a', 'buckle', 'type', 'decoration', 'on', 'the', 'body']",9,it has a buckle type decoration on the body,train,train,train,train,"[1, 23, 24, 26, 4794, 522, 639, 20, 10, 45, 2, 0, 0, 0, 0, 0, 0, 0]",body
321672,user_2044,It has a front pocket,37FMASSAYEKMGHAK7SXNGKKM1YZIBY,27.0,4a67dccd91447cfa504721639e19f609,bag,PartNet,6cf7d7479ebac5fe18457223b2b684b3,bag,PartNet,False,bag/PartNet/6cf7d7479ebac5fe18457223b2b684b3,bag/PartNet/4a67dccd91447cfa504721639e19f609,True,bag,bag,2,"['it', 'has', 'a', 'front', 'pocket']",5,it has a front pocket,train,train,train,train,"[1, 23, 24, 26, 37, 1425, 2, 0, 0, 0, 0, 0, 0, 0, 0, 0, 0, 0]",body
321674,user_899,The target bag has very long handles.,3W8CV64QJ4S3WTK33Q16P2OHDKEH9P,35.0,581af450a3a8009abc49cae1a831a9e,bag,ShapeNet,d7e81ad000b90c26bc4ac3caf16ef65,bag,PartNet,False,bag/PartNet/d7e81ad000b90c26bc4ac3caf16ef65,bag/ShapeNet/581af450a3a8009abc49cae1a831a9e,True,bag,bag,2,"['the', 'target', 'bag', 'has', 'very', 'long', 'handles']",7,the target bag has very long handles,train,train,train,train,"[1, 10, 11, 1909, 24, 62, 32, 18, 2, 0, 0, 0, 0, 0, 0, 0, 0, 0]",strap
321680,user_1298,The height of the body is taller,3E4GGUZ1TAKJYZ0CO2POS7WVZVO2K2,41.0,aca3e1adcde4b3813a75e6d000e08290,bag,PartNet,35c950ccd57d9cde3774dede79959b94,bag,PartNet,False,bag/PartNet/35c950ccd57d9cde3774dede79959b94,bag/PartNet/aca3e1adcde4b3813a75e6d000e08290,True,bag,bag,2,"['the', 'height', 'of', 'the', 'body', 'is', 'tall', '-er']",8,the height of the body is tall -er,test,train,test,train,"[1, 10, 117, 38, 10, 45, 7, 53, 9, 2, 0, 0, 0, 0, 0, 0, 0, 0]",body
321681,user_2116,the handles on the target are thinner.,351SEKWQS2A1RXYV63ML33F3LRMMDE,96.0,aca3e1adcde4b3813a75e6d000e08290,bag,PartNet,35c950ccd57d9cde3774dede79959b94,bag,PartNet,False,bag/PartNet/35c950ccd57d9cde3774dede79959b94,bag/PartNet/aca3e1adcde4b3813a75e6d000e08290,True,bag,bag,2,"['the', 'handles', 'on', 'the', 'target', 'are', 'thin', '-er']",8,the handles on the target are thin -er,test,train,test,train,"[1, 10, 18, 20, 10, 11, 16, 60, 9, 2, 0, 0, 0, 0, 0, 0, 0, 0]",strap
321683,user_746,the handle buckles are different,3SUWZRL0M064U0R3FIQOKP02V3I6ER,137.0,d9fb0b4c7b6f84d0abc49cae1a831a9e,bag,PartNet,2ca6df7a5377825cfee773c7de26c274,bag,ShapeNet,False,bag/ShapeNet/2ca6df7a5377825cfee773c7de26c274,bag/PartNet/d9fb0b4c7b6f84d0abc49cae1a831a9e,True,bag,bag,2,"['the', 'handle', 'buckles', 'are', 'different']",5,the handle buckles are different,val,train,val,train,"[1, 10, 29, 5045, 16, 306, 2, 0, 0, 0, 0, 0, 0, 0, 0, 0, 0, 0]",strap
321684,user_1298,The body is more of a triangle shape,3HSYG7LRBLREFF42D8VSS3IPGVWKKS,62.0,d9fb0b4c7b6f84d0abc49cae1a831a9e,bag,PartNet,2ca6df7a5377825cfee773c7de26c274,bag,ShapeNet,False,bag/ShapeNet/2ca6df7a5377825cfee773c7de26c274,bag/PartNet/d9fb0b4c7b6f84d0abc49cae1a831a9e,True,bag,bag,2,"['the', 'body', 'is', 'more', 'of', 'a', 'triangle', 'shape']",8,the body is more of a triangle shape,val,train,val,train,"[1, 10, 45, 7, 34, 38, 26, 608, 93, 2, 0, 0, 0, 0, 0, 0, 0, 0]",body
321685,user_156,It has a visible pocket on each of its left and right sides.,31IBVUNM9USHF460B1I2EZ11OZEFV3,60.0,cbc2328cadf8dc573394926146371698,bag,ShapeNet,d331a7bbfb0e7301e858db1dc3499392,bag,ShapeNet,False,bag/ShapeNet/d331a7bbfb0e7301e858db1dc3499392,bag/ShapeNet/cbc2328cadf8dc573394926146371698,True,bag,bag,2,"['it', 'has', 'a', 'visible', 'pocket', 'on', 'each', 'of', 'its', 'left', 'and', 'right', 'sides']",13,it has a visible pocket on each of its left and right sides,train,train,train,train,"[1, 23, 24, 26, 185, 1425, 20, 21, 38, 5, 187, 47, 118, 360, 2, 0, 0, 0]",body
321686,user_1298,The length of the body is longer,3YGXWBAF72ABIF3B03REX3GLE0BC4V,51.0,cbc2328cadf8dc573394926146371698,bag,ShapeNet,d331a7bbfb0e7301e858db1dc3499392,bag,ShapeNet,False,bag/ShapeNet/d331a7bbfb0e7301e858db1dc3499392,bag/ShapeNet/cbc2328cadf8dc573394926146371698,True,bag,bag,2,"['the', 'length', 'of', 'the', 'body', 'is', 'long', '-er']",8,the length of the body is long -er,train,train,train,train,"[1, 10, 155, 38, 10, 45, 7, 32, 9, 2, 0, 0, 0, 0, 0, 0, 0, 0]",body
321687,user_1887,There are no pockets on the front,3IAS3U3I0H9I5WWIIPCVT4D5C2UB28,342.0,cbc2328cadf8dc573394926146371698,bag,ShapeNet,d331a7bbfb0e7301e858db1dc3499392,bag,ShapeNet,False,bag/ShapeNet/d331a7bbfb0e7301e858db1dc3499392,bag/ShapeNet/cbc2328cadf8dc573394926146371698,True,bag,bag,2,"['there', 'are', 'no', 'pockets', 'on', 'the', 'front']",7,there are no pockets on the front,train,train,train,train,"[1, 15, 16, 123, 2930, 20, 10, 37, 2, 0, 0, 0, 0, 0, 0, 0, 0, 0]",body
321690,user_1604,It has tall handles.,3XIQGXAUME1W40WPTXL8ESL56LDX7S,70.0,93ca5243aa73b5de81157c9325bb0e45,bag,ShapeNet,39381a2718d2a1d4d5f008f38a566dee,bag,ShapeNet,False,bag/ShapeNet/39381a2718d2a1d4d5f008f38a566dee,bag/ShapeNet/93ca5243aa73b5de81157c9325bb0e45,True,bag,bag,2,"['it', 'has', 'tall', 'handles']",4,it has tall handles,train,train,train,train,"[1, 23, 24, 53, 18, 2, 0, 0, 0, 0, 0, 0, 0, 0, 0, 0, 0, 0]",strap
321691,user_203,It does not have a handle.,324G5B4FB51O7AQEQLW15EYUWDW709,61.0,e1838a13ace989545de21284bb515a83,bag,ShapeNet,2cf9dc107cf70f511f6736765dee4fa9,bag,PartNet,False,bag/PartNet/2cf9dc107cf70f511f6736765dee4fa9,bag/ShapeNet/e1838a13ace989545de21284bb515a83,False,bag,bag,2,"['it', 'does', 'not', 'have', 'a', 'handle']",6,it does not have a handle,test,train,test,train,"[1, 23, 39, 40, 84, 26, 29, 2, 0, 0, 0, 0, 0, 0, 0, 0, 0, 0]",strap
321697,user_476,It has no pockets outside,3TYCR1GOTECKOGL6Y9A3UIJH944LZ8,312.0,feeae9bd7f1336693a75e6d000e08290,bag,PartNet,a405a7ca363c7c41bbda4bd2b976d8f7,bag,PartNet,False,bag/PartNet/a405a7ca363c7c41bbda4bd2b976d8f7,bag/PartNet/feeae9bd7f1336693a75e6d000e08290,False,bag,bag,2,"['it', 'has', 'no', 'pockets', 'outside']",5,it has no pockets outside,train,train,train,train,"[1, 23, 24, 123, 2930, 1636, 2, 0, 0, 0, 0, 0, 0, 0, 0, 0, 0, 0]",body
321699,user_2005,it does not have pockets,3TVRFO09GM8VJLLRXRMIXX36144LX9,60.0,feeae9bd7f1336693a75e6d000e08290,bag,PartNet,a405a7ca363c7c41bbda4bd2b976d8f7,bag,PartNet,False,bag/PartNet/a405a7ca363c7c41bbda4bd2b976d8f7,bag/PartNet/feeae9bd7f1336693a75e6d000e08290,False,bag,bag,2,"['it', 'does', 'not', 'have', 'pockets']",5,it does not have pockets,train,train,train,train,"[1, 23, 39, 40, 84, 2930, 2, 0, 0, 0, 0, 0, 0, 0, 0, 0, 0, 0]",body
321703,user_1604,It has a short handle.,3FPRZHYEP00MZSQ7R6H0DQC4L8L3VS,68.0,d7e81ad000b90c26bc4ac3caf16ef65,bag,PartNet,2f97f841aff238b74245c6fcbfdfe98a,bag,ShapeNet,False,bag/ShapeNet/2f97f841aff238b74245c6fcbfdfe98a,bag/PartNet/d7e81ad000b90c26bc4ac3caf16ef65,False,bag,bag,2,"['it', 'has', 'a', 'short', 'handle']",5,it has a short handle,train,train,train,train,"[1, 23, 24, 26, 8, 29, 2, 0, 0, 0, 0, 0, 0, 0, 0, 0, 0, 0]",strap
321707,user_1298,There is a medical symbol on the body,3S4AW7T80DB4LJXHDGKD0M68883L4W,89.0,d71ffec5db3f9a6334b3fa0a9f7ca3f,bag,PartNet,a55b721ea5a29d7f639ff561fa3f5bac,bag,ShapeNet,False,bag/ShapeNet/a55b721ea5a29d7f639ff561fa3f5bac,bag/PartNet/d71ffec5db3f9a6334b3fa0a9f7ca3f,False,bag,bag,2,"['there', 'is', 'a', 'medical', 'symbol', 'on', 'the', 'body']",8,there is a medical symbol on the body,train,train,train,train,"[1, 15, 7, 26, 4068, 3409, 20, 10, 45, 2, 0, 0, 0, 0, 0, 0, 0, 0]",body
321709,user_203,It does not have backpack straps.,37Z929RLGB1B6H7XCQIMKGWVG27STU,215.0,1b70bb39da3c559f8a729a9d838530b4,bag,PartNet,10a885f5971d9d4ce858db1dc3499392,bag,ShapeNet,False,bag/ShapeNet/10a885f5971d9d4ce858db1dc3499392,bag/PartNet/1b70bb39da3c559f8a729a9d838530b4,False,bag,bag,2,"['it', 'does', 'not', 'have', 'backpack', 'straps']",6,it does not have backpack straps,train,train,train,train,"[1, 23, 39, 40, 84, 3332, 716, 2, 0, 0, 0, 0, 0, 0, 0, 0, 0, 0]",strap
321713,user_255,The bag has a taller pull up handle.,3OB0CAO74JIIXUSBB2TMOJH8MYIHY7,107.0,68e4ba38895d820df6fec4b901a12701,bag,ShapeNet,68b7ca73de30ad6df2197da8dec8488d,bag,ShapeNet,False,bag/ShapeNet/68b7ca73de30ad6df2197da8dec8488d,bag/ShapeNet/68e4ba38895d820df6fec4b901a12701,True,bag,bag,2,"['the', 'bag', 'has', 'a', 'tall', '-er', 'pull', 'up', 'handle']",9,the bag has a tall -er pull up handle,train,train,train,train,"[1, 10, 1909, 24, 26, 53, 9, 560, 269, 29, 2, 0, 0, 0, 0, 0, 0, 0]",strap
321730,user_507,it has wider straps on the back,3JV9LGBJWV7S3KTYL9261S75TMTOGN,39.0,1b70bb39da3c559f8a729a9d838530b4,bag,PartNet,80530cf532d86195bff3b8b883ab202d,bag,PartNet,False,bag/PartNet/80530cf532d86195bff3b8b883ab202d,bag/PartNet/1b70bb39da3c559f8a729a9d838530b4,True,bag,bag,2,"['it', 'has', 'wide', '-er', 'straps', 'on', 'the', 'back']",8,it has wide -er straps on the back,train,train,train,train,"[1, 23, 24, 83, 9, 716, 20, 10, 183, 2, 0, 0, 0, 0, 0, 0, 0, 0]",strap
321731,user_615,a tapered adjustable strap,3TVRFO09GM8VJLLRXRMIXX3617CLXN,267.0,1b70bb39da3c559f8a729a9d838530b4,bag,PartNet,80530cf532d86195bff3b8b883ab202d,bag,PartNet,False,bag/PartNet/80530cf532d86195bff3b8b883ab202d,bag/PartNet/1b70bb39da3c559f8a729a9d838530b4,True,bag,bag,2,"['a', 'tapered', 'adjustable', 'strap']",4,a tapered adjustable strap,train,train,train,train,"[1, 26, 352, 2349, 628, 2, 0, 0, 0, 0, 0, 0, 0, 0, 0, 0, 0, 0]",strap
321733,user_428,The body is rectangular shaped.,37Z929RLGB1B6H7XCQIMKGWVG1CTSY,75.0,6187bd900c3bc002ed13f430b2941481,bag,ShapeNet,39381a2718d2a1d4d5f008f38a566dee,bag,ShapeNet,False,bag/ShapeNet/39381a2718d2a1d4d5f008f38a566dee,bag/ShapeNet/6187bd900c3bc002ed13f430b2941481,False,bag,bag,2,"['the', 'body', 'is', 'rectangular', 'shaped']",5,the body is rectangular shaped,train,train,train,train,"[1, 10, 45, 7, 128, 14, 2, 0, 0, 0, 0, 0, 0, 0, 0, 0, 0, 0]",body
321737,user_505,Target has a thicker handle,3R0T90IZ1U5RUVWVV4TF6SDO451CGZ,46.0,d7e81ad000b90c26bc4ac3caf16ef65,bag,PartNet,45f56ad8c0f4059323166544c0deb60f,bag,ShapeNet,False,bag/ShapeNet/45f56ad8c0f4059323166544c0deb60f,bag/PartNet/d7e81ad000b90c26bc4ac3caf16ef65,True,bag,bag,2,"['target', 'has', 'a', 'thick', '-er', 'handle']",6,target has a thick -er handle,train,train,train,train,"[1, 11, 24, 26, 54, 9, 29, 2, 0, 0, 0, 0, 0, 0, 0, 0, 0, 0]",strap
321741,user_2048,it has a much longer handle,3A0EX8ZRNAH86HPPBAJQ28EARFRYBA,50.0,10a885f5971d9d4ce858db1dc3499392,bag,ShapeNet,88d375bc79ef32532e50abc7a1305908,bag,ShapeNet,False,bag/ShapeNet/88d375bc79ef32532e50abc7a1305908,bag/ShapeNet/10a885f5971d9d4ce858db1dc3499392,False,bag,bag,2,"['it', 'has', 'a', 'much', 'long', '-er', 'handle']",7,it has a much long -er handle,train,train,train,train,"[1, 23, 24, 26, 59, 32, 9, 29, 2, 0, 0, 0, 0, 0, 0, 0, 0, 0]",strap
321743,user_677,It does not have handles at the top,37M28K1J0S6DSIPYJWIRXAFGWUIJAT,130.0,a333a7047900101ffc854afc3ce25be,bag,PartNet,7f5c12e8a1312ff8230a4d129580843a,bag,PartNet,False,bag/PartNet/7f5c12e8a1312ff8230a4d129580843a,bag/PartNet/a333a7047900101ffc854afc3ce25be,True,bag,bag,2,"['it', 'does', 'not', 'have', 'handles', 'at', 'the', 'top']",8,it does not have handles at the top,train,train,train,train,"[1, 23, 39, 40, 84, 18, 98, 10, 99, 2, 0, 0, 0, 0, 0, 0, 0, 0]",strap
321746,user_1396,has a single button/handle protruding at the top,3BXQMRHWK1RN8Z9HSYCAD3JR7UVMU8,57.0,4a67dccd91447cfa504721639e19f609,bag,PartNet,1614bc965545308e5de21284bb515a83,bag,PartNet,True,bag/PartNet/1614bc965545308e5de21284bb515a83,bag/PartNet/4a67dccd91447cfa504721639e19f609,True,bag,bag,2,"['has', 'a', 'single', 'button', 'handle', 'protruding', 'at', 'the', 'top']",9,has a single button handle protruding at the top,train,train,train,train,"[1, 24, 26, 86, 596, 29, 391, 98, 10, 99, 2, 0, 0, 0, 0, 0, 0, 0]",strap
321749,user_1602,The base of the body is more round.,39RP059MEJM8C00BS7VF8DR3I6WBMI,119.0,774fcae246e7ad25c8724d5673a063a6,bag,ShapeNet,5afca35479b347786f0abe366609662,bag,ShapeNet,False,bag/ShapeNet/5afca35479b347786f0abe366609662,bag/ShapeNet/774fcae246e7ad25c8724d5673a063a6,False,bag,bag,2,"['the', 'base', 'of', 'the', 'body', 'is', 'more', 'round']",8,the base of the body is more round,train,train,train,train,"[1, 10, 103, 38, 10, 45, 7, 34, 134, 2, 0, 0, 0, 0, 0, 0, 0, 0]",body
321761,user_786,It has a handle,33F859I5686MKMZ01AF2G8J71KYBHA,130.0,6be0fb1d4872e759285e5a1f74237618,bag,PartNet,5afe31025e8574ea8d6e12c39b2d5023,bag,ShapeNet,False,bag/ShapeNet/5afe31025e8574ea8d6e12c39b2d5023,bag/PartNet/6be0fb1d4872e759285e5a1f74237618,True,bag,bag,2,"['it', 'has', 'a', 'handle']",4,it has a handle,train,train,train,train,"[1, 23, 24, 26, 29, 2, 0, 0, 0, 0, 0, 0, 0, 0, 0, 0, 0, 0]",strap
321763,user_156,It has two shoulder straps.,3R2UR8A0IC93P6OOAJ2APE70WB8XO5,22.0,30bf69aa24dbb3fc9de193e488fc4dce,bag,ShapeNet,54cd45b275f551b276bb31db0358e9c6,bag,ShapeNet,False,bag/ShapeNet/54cd45b275f551b276bb31db0358e9c6,bag/ShapeNet/30bf69aa24dbb3fc9de193e488fc4dce,False,bag,bag,2,"['it', 'has', 'two', 'shoulder', 'straps']",5,it has two shoulder straps,val,train,val,train,"[1, 23, 24, 17, 1767, 716, 2, 0, 0, 0, 0, 0, 0, 0, 0, 0, 0, 0]",strap
321764,user_1416,It has straps on the back.,323Q6SJS8K9CX3BG6C1YZYASGH7HFD,75.0,30bf69aa24dbb3fc9de193e488fc4dce,bag,ShapeNet,54cd45b275f551b276bb31db0358e9c6,bag,ShapeNet,False,bag/ShapeNet/54cd45b275f551b276bb31db0358e9c6,bag/ShapeNet/30bf69aa24dbb3fc9de193e488fc4dce,False,bag,bag,2,"['it', 'has', 'straps', 'on', 'the', 'back']",6,it has straps on the back,val,train,val,train,"[1, 23, 24, 716, 20, 10, 183, 2, 0, 0, 0, 0, 0, 0, 0, 0, 0, 0]",strap
321790,user_549,There is a retractable roller handle on the bag.,392CY0QWG3K2VIPBSDN086EGR6BI4L,104.0,766fe076d4cdef8cf0117851f0671fde,bag,ShapeNet,8ea3fa037107ec737426c116c412c132,bag,ShapeNet,False,bag/ShapeNet/8ea3fa037107ec737426c116c412c132,bag/ShapeNet/766fe076d4cdef8cf0117851f0671fde,True,bag,bag,2,"['there', 'is', 'a', 'retractable', 'roller', 'handle', 'on', 'the', 'bag']",9,there is a retractable roller handle on the bag,test,train,test,train,"[1, 15, 7, 26, 2350, 1648, 29, 20, 10, 1909, 2, 0, 0, 0, 0, 0, 0, 0]",strap
321791,user_677,Its top handle is not as long,3V0Z7YWSI0TXEAUON63VUG7CFUC2V7,87.0,766fe076d4cdef8cf0117851f0671fde,bag,ShapeNet,8ea3fa037107ec737426c116c412c132,bag,ShapeNet,False,bag/ShapeNet/8ea3fa037107ec737426c116c412c132,bag/ShapeNet/766fe076d4cdef8cf0117851f0671fde,True,bag,bag,2,"['its', 'top', 'handle', 'is', 'not', 'as', 'long']",7,its top handle is not as long,test,train,test,train,"[1, 5, 99, 29, 7, 40, 52, 32, 2, 0, 0, 0, 0, 0, 0, 0, 0, 0]",strap
321793,user_203,The handles are higher.,3JRJSWSMQJE5XH4LWGSQDMOILCT3EV,104.0,eebc8d35d05e49b86afa58a86636d6be,bag,PartNet,39c0ab6acbbe08664901899b99d63624,bag,PartNet,False,bag/PartNet/39c0ab6acbbe08664901899b99d63624,bag/PartNet/eebc8d35d05e49b86afa58a86636d6be,False,bag,bag,2,"['the', 'handles', 'are', 'high', '-er']",5,the handles are high -er,train,train,train,train,"[1, 10, 18, 16, 49, 9, 2, 0, 0, 0, 0, 0, 0, 0, 0, 0, 0, 0]",strap
321795,user_786,The handles attach to the front face at two somewhat circular raised ridges,3YJ6NA41JD9KFMV08F0ON54BVFKPJF,173.0,eebc8d35d05e49b86afa58a86636d6be,bag,PartNet,39c0ab6acbbe08664901899b99d63624,bag,PartNet,False,bag/PartNet/39c0ab6acbbe08664901899b99d63624,bag/PartNet/eebc8d35d05e49b86afa58a86636d6be,False,bag,bag,2,"['the', 'handles', 'attach', 'to', 'the', 'front', 'face', 'at', 'two', 'somewhat', 'circular', 'raised', 'ridges']",13,the handles attach to the front face at two somewhat circular raised ridges,train,train,train,train,"[1, 10, 18, 415, 58, 10, 37, 56, 98, 17, 1175, 102, 681, 584, 2, 0, 0, 0]",strap
321799,user_203,The handle does not go from end to end.,3X3OR7WPZ1T54KKJPJAQHYMDAU08LR,125.0,788eee4bfb4f27ecc33cda78d407d98a,bag,PartNet,8569a0c606bbba73d9985ad45fbb635e,bag,ShapeNet,False,bag/ShapeNet/8569a0c606bbba73d9985ad45fbb635e,bag/PartNet/788eee4bfb4f27ecc33cda78d407d98a,False,bag,bag,2,"['the', 'handle', 'does', 'not', 'go', 'from', 'end', 'to', 'end']",9,the handle does not go from end to end,train,train,train,train,"[1, 10, 29, 39, 40, 741, 113, 74, 58, 74, 2, 0, 0, 0, 0, 0, 0, 0]",strap
321801,user_1416,It has a very small handle.,3STRJBFXOYKDIYUP7H9KTU5LZ7KTK2,85.0,788eee4bfb4f27ecc33cda78d407d98a,bag,PartNet,8569a0c606bbba73d9985ad45fbb635e,bag,ShapeNet,False,bag/ShapeNet/8569a0c606bbba73d9985ad45fbb635e,bag/PartNet/788eee4bfb4f27ecc33cda78d407d98a,False,bag,bag,2,"['it', 'has', 'a', 'very', 'small', 'handle']",6,it has a very small handle,train,train,train,train,"[1, 23, 24, 26, 62, 111, 29, 2, 0, 0, 0, 0, 0, 0, 0, 0, 0, 0]",strap
321813,user_1771,The target has straps,3Z4GS9HPNX32PLQYBKHAKT8H4QF77K,208.0,e8039f73cf912ff5e8c69fd29511206a,bag,ShapeNet,20b4891228ecfb4876bb31db0358e9c6,bag,ShapeNet,False,bag/ShapeNet/20b4891228ecfb4876bb31db0358e9c6,bag/ShapeNet/e8039f73cf912ff5e8c69fd29511206a,False,bag,bag,2,"['the', 'target', 'has', 'straps']",4,the target has straps,train,train,train,train,"[1, 10, 11, 24, 716, 2, 0, 0, 0, 0, 0, 0, 0, 0, 0, 0, 0, 0]",strap
321821,user_1298,The handles are curved,3X4JMASXCO2B9MT4328HAGKQF2F0BE,39.0,68e4ba38895d820df6fec4b901a12701,bag,ShapeNet,581af450a3a8009abc49cae1a831a9e,bag,ShapeNet,False,bag/ShapeNet/581af450a3a8009abc49cae1a831a9e,bag/ShapeNet/68e4ba38895d820df6fec4b901a12701,False,bag,bag,2,"['the', 'handles', 'are', 'curved']",4,the handles are curved,train,train,train,train,"[1, 10, 18, 16, 51, 2, 0, 0, 0, 0, 0, 0, 0, 0, 0, 0, 0, 0]",strap
321823,user_12,The bag body has two inverted tear drops as an exterior design.,3X1FV8S5JZKNT42VMLOKWK1DPBDVGB,324.0,758dd5af7f18ed9acd99ccc7ff441abf,bag,ShapeNet,e5fea6c1dacf3ed4cd99ccc7ff441abf,bag,ShapeNet,False,bag/ShapeNet/e5fea6c1dacf3ed4cd99ccc7ff441abf,bag/ShapeNet/758dd5af7f18ed9acd99ccc7ff441abf,True,bag,bag,2,"['the', 'bag', 'body', 'has', 'two', 'inverted', 'tear', 'drops', 'as', 'an', 'exterior', 'design']",12,the bag body has two inverted tear drops as an exterior design,train,train,train,train,"[1, 10, 1909, 45, 24, 17, 443, 372, 1444, 52, 72, 1718, 192, 2, 0, 0, 0, 0]",body
321824,user_33,The straps are very thin.,3LRKMWOKB7AENUZYO3SYFMK833G2Z1,93.0,758dd5af7f18ed9acd99ccc7ff441abf,bag,ShapeNet,e5fea6c1dacf3ed4cd99ccc7ff441abf,bag,ShapeNet,False,bag/ShapeNet/e5fea6c1dacf3ed4cd99ccc7ff441abf,bag/ShapeNet/758dd5af7f18ed9acd99ccc7ff441abf,True,bag,bag,2,"['the', 'straps', 'are', 'very', 'thin']",5,the straps are very thin,train,train,train,train,"[1, 10, 716, 16, 62, 60, 2, 0, 0, 0, 0, 0, 0, 0, 0, 0, 0, 0]",strap
321829,user_1298,There are piping designs on the body,3137ONMDKIY6RTG9RVZAWGDRPGIEGW,56.0,5afca35479b347786f0abe366609662,bag,ShapeNet,811f592148958510abc49cae1a831a9e,bag,PartNet,False,bag/PartNet/811f592148958510abc49cae1a831a9e,bag/ShapeNet/5afca35479b347786f0abe366609662,False,bag,bag,2,"['there', 'are', 'piping', 'designs', 'on', 'the', 'body']",7,there are piping designs on the body,train,train,train,train,"[1, 15, 16, 562, 1743, 20, 10, 45, 2, 0, 0, 0, 0, 0, 0, 0, 0, 0]",body
321831,user_2005,it has hardware attaching the handles,3I02618YA2ZTT26UKE42U7DMCZDUPJ,78.0,5afca35479b347786f0abe366609662,bag,ShapeNet,811f592148958510abc49cae1a831a9e,bag,PartNet,False,bag/PartNet/811f592148958510abc49cae1a831a9e,bag/ShapeNet/5afca35479b347786f0abe366609662,False,bag,bag,2,"['it', 'has', 'hardware', 'attaching', 'the', 'handles']",6,it has hardware attaching the handles,train,train,train,train,"[1, 23, 24, 1602, 2553, 10, 18, 2, 0, 0, 0, 0, 0, 0, 0, 0, 0, 0]",strap
321840,user_549,"The bag has two, wide, small handles.",3K3R2QNK8DW81FQN3P858HD77TD9UH,68.0,8bc53bae41a8105f5c7506815f553527,bag,ShapeNet,c3426d26e0408be4285e5a1f74237618,bag,ShapeNet,False,bag/ShapeNet/c3426d26e0408be4285e5a1f74237618,bag/ShapeNet/8bc53bae41a8105f5c7506815f553527,True,bag,bag,2,"['the', 'bag', 'has', 'two', 'wide', 'small', 'handles']",7,the bag has two wide small handles,train,train,train,train,"[1, 10, 1909, 24, 17, 83, 111, 18, 2, 0, 0, 0, 0, 0, 0, 0, 0, 0]",strap
321842,user_1416,It has short handles.,31N2WW6R9TJX3V4HRRCWV49IXCQ3FT,76.0,8bc53bae41a8105f5c7506815f553527,bag,ShapeNet,c3426d26e0408be4285e5a1f74237618,bag,ShapeNet,False,bag/ShapeNet/c3426d26e0408be4285e5a1f74237618,bag/ShapeNet/8bc53bae41a8105f5c7506815f553527,True,bag,bag,2,"['it', 'has', 'short', 'handles']",4,it has short handles,train,train,train,train,"[1, 23, 24, 8, 18, 2, 0, 0, 0, 0, 0, 0, 0, 0, 0, 0, 0, 0]",strap
321843,user_156,It does not have any visible loops that its handles connect to.,3DZQRBDBSN867093XBCV23SXM5AS3X,49.0,758dd5af7f18ed9acd99ccc7ff441abf,bag,ShapeNet,e49f6ae8fa76e90a285e5a1f74237618,bag,ShapeNet,False,bag/ShapeNet/e49f6ae8fa76e90a285e5a1f74237618,bag/ShapeNet/758dd5af7f18ed9acd99ccc7ff441abf,True,bag,bag,2,"['it', 'does', 'not', 'have', 'any', 'visible', 'loops', 'that', 'its', 'handles', 'connect', 'to']",12,it does not have any visible loops that its handles connect to,train,train,train,train,"[1, 23, 39, 40, 84, 278, 185, 349, 172, 5, 18, 392, 58, 2, 0, 0, 0, 0]",strap
321855,user_203,The body does not have a logo or design on it.,3P59JYT76NDI1IQZIB3GTYJRI8Z2TS,326.0,d331a7bbfb0e7301e858db1dc3499392,bag,ShapeNet,22065bf26a7da50a5c4dc8ac281ba59d,bag,ShapeNet,False,bag/ShapeNet/22065bf26a7da50a5c4dc8ac281ba59d,bag/ShapeNet/d331a7bbfb0e7301e858db1dc3499392,True,bag,bag,2,"['the', 'body', 'does', 'not', 'have', 'a', 'logo', 'or', 'design', 'on', 'it']",11,the body does not have a logo or design on it,train,train,train,train,"[1, 10, 45, 39, 40, 84, 26, 604, 124, 192, 20, 23, 2, 0, 0, 0, 0, 0]",body
321858,user_156,"It has two handles, and they're touching one another.",3BV8HQ2ZZYU14NARZDO2O6ABAQ5A6P,66.0,93ca5243aa73b5de81157c9325bb0e45,bag,ShapeNet,450a4589a15dc4926afa58a86636d6be,bag,PartNet,False,bag/PartNet/450a4589a15dc4926afa58a86636d6be,bag/ShapeNet/93ca5243aa73b5de81157c9325bb0e45,True,bag,bag,2,"['it', 'has', 'two', 'handles', 'and', 'they', 'are', 'touching', 'one', 'another']",10,it has two handles and they are touching one another,train,train,train,train,"[1, 23, 24, 17, 18, 47, 752, 16, 882, 19, 518, 2, 0, 0, 0, 0, 0, 0]",strap
321861,user_451,The Target bag sturdier handle,3SITXWYCNX2J6CZF6EXOJU71PCDXBP,157.0,dc0f03ff60628a16978cfd2f5138d5f5,bag,PartNet,8569a0c606bbba73d9985ad45fbb635e,bag,ShapeNet,False,bag/ShapeNet/8569a0c606bbba73d9985ad45fbb635e,bag/PartNet/dc0f03ff60628a16978cfd2f5138d5f5,True,bag,bag,2,"['the', 'target', 'bag', 'sturdy', '-er', 'handle']",6,the target bag sturdy -er handle,train,train,train,train,"[1, 10, 11, 1909, 2384, 9, 29, 2, 0, 0, 0, 0, 0, 0, 0, 0, 0, 0]",strap
321865,user_899,The target bag only has one handle.,3BXQMRHWK1RN8Z9HSYCAD3JR7RMUM1,63.0,c5a37b5192fba85b9ca96b2737246fca,bag,PartNet,feeae9bd7f1336693a75e6d000e08290,bag,PartNet,False,bag/PartNet/feeae9bd7f1336693a75e6d000e08290,bag/PartNet/c5a37b5192fba85b9ca96b2737246fca,True,bag,bag,2,"['the', 'target', 'bag', 'only', 'has', 'one', 'handle']",7,the target bag only has one handle,train,train,train,train,"[1, 10, 11, 1909, 133, 24, 19, 29, 2, 0, 0, 0, 0, 0, 0, 0, 0, 0]",strap
321867,user_203,There is no logo on the body.,3TGOYF991ZF6L7EQ103W4D0LKDWUU0,101.0,d331a7bbfb0e7301e858db1dc3499392,bag,ShapeNet,e90e27c3020d25dd76bb31db0358e9c6,bag,ShapeNet,False,bag/ShapeNet/e90e27c3020d25dd76bb31db0358e9c6,bag/ShapeNet/d331a7bbfb0e7301e858db1dc3499392,False,bag,bag,2,"['there', 'is', 'no', 'logo', 'on', 'the', 'body']",7,there is no logo on the body,train,train,train,train,"[1, 15, 7, 123, 604, 20, 10, 45, 2, 0, 0, 0, 0, 0, 0, 0, 0, 0]",body
321868,user_923,The strap has a buckle,3OXV7EAXLGJ1K2B6QY9S1YW54E663E,151.0,d331a7bbfb0e7301e858db1dc3499392,bag,ShapeNet,e90e27c3020d25dd76bb31db0358e9c6,bag,ShapeNet,False,bag/ShapeNet/e90e27c3020d25dd76bb31db0358e9c6,bag/ShapeNet/d331a7bbfb0e7301e858db1dc3499392,False,bag,bag,2,"['the', 'strap', 'has', 'a', 'buckle']",5,the strap has a buckle,train,train,train,train,"[1, 10, 628, 24, 26, 4794, 2, 0, 0, 0, 0, 0, 0, 0, 0, 0, 0, 0]",strap
321869,user_2044,It does not have side pockets,3GNA64GUZGXX8ZHUJQBJM0BGICTQ57,37.0,d331a7bbfb0e7301e858db1dc3499392,bag,ShapeNet,e90e27c3020d25dd76bb31db0358e9c6,bag,ShapeNet,False,bag/ShapeNet/e90e27c3020d25dd76bb31db0358e9c6,bag/ShapeNet/d331a7bbfb0e7301e858db1dc3499392,False,bag,bag,2,"['it', 'does', 'not', 'have', 'side', 'pockets']",6,it does not have side pockets,train,train,train,train,"[1, 23, 39, 40, 84, 22, 2930, 2, 0, 0, 0, 0, 0, 0, 0, 0, 0, 0]",body
321872,user_786,The top edge has two metal ornament strap hooks,34PGFRQONQ4AZVS1K1EJFZC7OCXJWE,123.0,21b60b5519668987a75d03186a0409e2,bag,PartNet,c5c0f63f94ddf4c258d149fbd24761c4,bag,ShapeNet,False,bag/ShapeNet/c5c0f63f94ddf4c258d149fbd24761c4,bag/PartNet/21b60b5519668987a75d03186a0409e2,True,bag,bag,2,"['the', 'top', 'edge', 'has', 'two', 'metal', 'ornament', 'strap', 'hooks']",9,the top edge has two metal ornament strap hooks,train,train,train,train,"[1, 10, 99, 631, 24, 17, 1206, 2793, 628, 1012, 2, 0, 0, 0, 0, 0, 0, 0]",strap
321880,user_786,Its handles attach to the front face at two rectangles hollow on the inside,3SITXWYCNX2J6CZF6EXOJU71PAGXBO,155.0,e450a063965ce182372d50f0ef237781,bag,ShapeNet,6881468dd51c214922022e93ae2b2b5b,bag,ShapeNet,False,bag/ShapeNet/6881468dd51c214922022e93ae2b2b5b,bag/ShapeNet/e450a063965ce182372d50f0ef237781,False,bag,bag,2,"['its', 'handles', 'attach', 'to', 'the', 'front', 'face', 'at', 'two', 'rectangles', 'hollow', 'on', 'the', 'inside']",14,its handles attach to the front face at two rectangles hollow on the inside,train,train,train,train,"[1, 5, 18, 415, 58, 10, 37, 56, 98, 17, 401, 1155, 20, 10, 292, 2, 0, 0]",strap
321882,user_33,Handles seem very narrow and uncomfortable.,36ZN444YTTR6ZBZTBX29M4KL8VBOIX,123.0,74c548ef3ca7b1987515e7bb7dba4019,bag,ShapeNet,abba6df6294f20c569ea850160c0b35,bag,ShapeNet,False,bag/ShapeNet/abba6df6294f20c569ea850160c0b35,bag/ShapeNet/74c548ef3ca7b1987515e7bb7dba4019,True,bag,bag,2,"['handles', 'seem', 'very', 'narrow', 'and', 'uncomfortable']",6,handles seem very narrow and uncomfortable,test,train,test,train,"[1, 18, 2660, 62, 210, 47, 2267, 2, 0, 0, 0, 0, 0, 0, 0, 0, 0, 0]",strap
321888,user_156,Its handle does not have any hard angles.,3OS46CRSLHSLWBDPA8FYKTOOV08V6D,1565.0,d7e81ad000b90c26bc4ac3caf16ef65,bag,PartNet,cbc1512b28e9ed382bef451de0ed6949,bag,ShapeNet,False,bag/ShapeNet/cbc1512b28e9ed382bef451de0ed6949,bag/PartNet/d7e81ad000b90c26bc4ac3caf16ef65,True,bag,bag,2,"['its', 'handle', 'does', 'not', 'have', 'any', 'hard', 'angles']",8,its handle does not have any hard angles,test,train,test,train,"[1, 5, 29, 39, 40, 84, 278, 629, 340, 2, 0, 0, 0, 0, 0, 0, 0, 0]",strap
321893,user_2101,The body of the bag is shaped like half a cylinder,39DD6S19JR46IABEHNNZHNTX07TEZ4,112.0,5654b9e3d9b62661ae0c7300d2b2cc1d,bag,PartNet,5afe31025e8574ea8d6e12c39b2d5023,bag,ShapeNet,False,bag/ShapeNet/5afe31025e8574ea8d6e12c39b2d5023,bag/PartNet/5654b9e3d9b62661ae0c7300d2b2cc1d,False,bag,bag,2,"['the', 'body', 'of', 'the', 'bag', 'is', 'shaped', 'like', 'half', 'a', 'cylinder']",11,the body of the bag is shaped like half a cylinder,train,train,train,train,"[1, 10, 45, 38, 10, 1909, 7, 14, 35, 158, 26, 66, 2, 0, 0, 0, 0, 0]",body
321894,user_677,It's handle travels the entire length of the top,37WLF8U1WRJ7G0JDB41RIKD7F0SK63,97.0,7565e6f425dd6d376d987ae9a225629c,bag,ShapeNet,cbc1512b28e9ed382bef451de0ed6949,bag,ShapeNet,False,bag/ShapeNet/cbc1512b28e9ed382bef451de0ed6949,bag/ShapeNet/7565e6f425dd6d376d987ae9a225629c,False,bag,bag,2,"['it', 'is', 'handle', 'travels', 'the', 'entire', 'length', 'of', 'the', 'top']",10,it is handle travels the entire length of the top,test,train,test,train,"[1, 23, 7, 29, 3949, 10, 516, 155, 38, 10, 99, 2, 0, 0, 0, 0, 0, 0]",strap
321896,user_2063,The strap is thinner,3HYA4D452TC8ID8YNRYRCU4QRZJF2P,109.0,7565e6f425dd6d376d987ae9a225629c,bag,ShapeNet,cbc1512b28e9ed382bef451de0ed6949,bag,ShapeNet,False,bag/ShapeNet/cbc1512b28e9ed382bef451de0ed6949,bag/ShapeNet/7565e6f425dd6d376d987ae9a225629c,False,bag,bag,2,"['the', 'strap', 'is', 'thin', '-er']",5,the strap is thin -er,test,train,test,train,"[1, 10, 628, 7, 60, 9, 2, 0, 0, 0, 0, 0, 0, 0, 0, 0, 0, 0]",strap
321897,user_505,"Target has only two, not three handles",3907X2AHF2YK9QXS1UUWOOIUT5QP2M,47.0,22065bf26a7da50a5c4dc8ac281ba59d,bag,ShapeNet,157fa29bcf6b890d76bb31db0358e9c6,bag,ShapeNet,False,bag/ShapeNet/157fa29bcf6b890d76bb31db0358e9c6,bag/ShapeNet/22065bf26a7da50a5c4dc8ac281ba59d,False,bag,bag,2,"['target', 'has', 'only', 'two', 'not', 'three', 'handles']",7,target has only two not three handles,test,train,test,train,"[1, 11, 24, 133, 17, 40, 80, 18, 2, 0, 0, 0, 0, 0, 0, 0, 0, 0]",strap
321899,user_2044,Its handle is taller height-wise,3NG53N1RLXCVV5ZHHB3XYFVXF68P8H,64.0,22065bf26a7da50a5c4dc8ac281ba59d,bag,ShapeNet,157fa29bcf6b890d76bb31db0358e9c6,bag,ShapeNet,False,bag/ShapeNet/157fa29bcf6b890d76bb31db0358e9c6,bag/ShapeNet/22065bf26a7da50a5c4dc8ac281ba59d,False,bag,bag,2,"['its', 'handle', 'is', 'tall', '-er', 'height', 'wise']",7,its handle is tall -er height wise,test,train,test,train,"[1, 5, 29, 7, 53, 9, 117, 359, 2, 0, 0, 0, 0, 0, 0, 0, 0, 0]",strap
321900,user_156,Its handle is not nearly as long in length.,333U7HK6IB8BQPSA369TNBNMHZSDJ6,76.0,feeae9bd7f1336693a75e6d000e08290,bag,PartNet,669fe6ae83e64a544608027d921be76e,bag,PartNet,False,bag/PartNet/669fe6ae83e64a544608027d921be76e,bag/PartNet/feeae9bd7f1336693a75e6d000e08290,True,bag,bag,2,"['its', 'handle', 'is', 'not', 'nearly', 'as', 'long', 'in', 'length']",9,its handle is not nearly as long in length,train,train,train,train,"[1, 5, 29, 7, 40, 2944, 52, 32, 90, 155, 2, 0, 0, 0, 0, 0, 0, 0]",strap
321901,user_786,The front face has a large pocket that is 70% of the bag's height,30JNVC0ORBD9OS1PKSCSBXE6NKZHQS,157.0,feeae9bd7f1336693a75e6d000e08290,bag,PartNet,669fe6ae83e64a544608027d921be76e,bag,PartNet,False,bag/PartNet/669fe6ae83e64a544608027d921be76e,bag/PartNet/feeae9bd7f1336693a75e6d000e08290,True,bag,bag,2,"['the', 'front', 'face', 'has', 'a', 'large', 'pocket', 'that', 'is', '70', 'of', 'the', 'bag', ""'s"", 'height']",15,the front face has a large pocket that is 70 of the bag 's height,train,train,train,train,"[1, 10, 37, 56, 24, 26, 94, 1425, 172, 7, 4596, 38, 10, 1909, 12, 117, 2, 0]",body
321906,user_505,Target has two handles,3JV9LGBJWV7S3KTYL9261S75TJSOGG,88.0,577bfb3d22deeb3af71e06115e9c3b3e,bag,PartNet,e450a063965ce182372d50f0ef237781,bag,ShapeNet,False,bag/ShapeNet/e450a063965ce182372d50f0ef237781,bag/PartNet/577bfb3d22deeb3af71e06115e9c3b3e,False,bag,bag,2,"['target', 'has', 'two', 'handles']",4,target has two handles,train,train,train,train,"[1, 11, 24, 17, 18, 2, 0, 0, 0, 0, 0, 0, 0, 0, 0, 0, 0, 0]",strap
321909,user_786,It has no handle,3RANCT1ZVHARP85K19M1ZN8XVS1BUC,73.0,68b7ca73de30ad6df2197da8dec8488d,bag,ShapeNet,9042addf05ddc7d3be15cb713d84cd3d,bag,PartNet,False,bag/PartNet/9042addf05ddc7d3be15cb713d84cd3d,bag/ShapeNet/68b7ca73de30ad6df2197da8dec8488d,False,bag,bag,2,"['it', 'has', 'no', 'handle']",4,it has no handle,test,train,test,train,"[1, 23, 24, 123, 29, 2, 0, 0, 0, 0, 0, 0, 0, 0, 0, 0, 0, 0]",strap
321911,user_1651,It doesn't have a handle,3V0Z7YWSI0TXEAUON63VUG7CFTU2VN,148.0,68b7ca73de30ad6df2197da8dec8488d,bag,ShapeNet,9042addf05ddc7d3be15cb713d84cd3d,bag,PartNet,False,bag/PartNet/9042addf05ddc7d3be15cb713d84cd3d,bag/ShapeNet/68b7ca73de30ad6df2197da8dec8488d,False,bag,bag,2,"['it', 'does', 'not', 'have', 'a', 'handle']",6,it does not have a handle,test,train,test,train,"[1, 23, 39, 40, 84, 26, 29, 2, 0, 0, 0, 0, 0, 0, 0, 0, 0, 0]",strap
321913,user_505,Target's strap is on the bottom,3Z3ZLGNNSKNUUKUQ57NQ73DW4FBQ3O,65.0,93ca5243aa73b5de81157c9325bb0e45,bag,ShapeNet,631fd8c280dfb9d5cd3852d63efc4336,bag,ShapeNet,False,bag/ShapeNet/631fd8c280dfb9d5cd3852d63efc4336,bag/ShapeNet/93ca5243aa73b5de81157c9325bb0e45,False,bag,bag,2,"['target', ""'s"", 'strap', 'is', 'on', 'the', 'bottom']",7,target 's strap is on the bottom,train,train,train,train,"[1, 11, 12, 628, 7, 20, 10, 76, 2, 0, 0, 0, 0, 0, 0, 0, 0, 0]",strap
321914,user_786,It has no handle,3UOUJI6MTF7Y2B8L65EJOKZPEVMXU4,157.0,93ca5243aa73b5de81157c9325bb0e45,bag,ShapeNet,631fd8c280dfb9d5cd3852d63efc4336,bag,ShapeNet,False,bag/ShapeNet/631fd8c280dfb9d5cd3852d63efc4336,bag/ShapeNet/93ca5243aa73b5de81157c9325bb0e45,False,bag,bag,2,"['it', 'has', 'no', 'handle']",4,it has no handle,train,train,train,train,"[1, 23, 24, 123, 29, 2, 0, 0, 0, 0, 0, 0, 0, 0, 0, 0, 0, 0]",strap
321917,user_1298,There are no straps,3BDCF01OGZNKJQB12N8KGBAF3AAYL4,99.0,c3546b0830a79ea64be35abb02d18d44,bag,PartNet,e8039f73cf912ff5e8c69fd29511206a,bag,ShapeNet,False,bag/ShapeNet/e8039f73cf912ff5e8c69fd29511206a,bag/PartNet/c3546b0830a79ea64be35abb02d18d44,False,bag,bag,2,"['there', 'are', 'no', 'straps']",4,there are no straps,train,train,train,train,"[1, 15, 16, 123, 716, 2, 0, 0, 0, 0, 0, 0, 0, 0, 0, 0, 0, 0]",strap
321919,user_1135,The target bag has rounded handles.,3KKG4CDWKKR9KHW8OJHNVDFD8FJ49H,111.0,c5a37b5192fba85b9ca96b2737246fca,bag,PartNet,756066117169dbc96c1d5082d1bdea19,bag,ShapeNet,False,bag/ShapeNet/756066117169dbc96c1d5082d1bdea19,bag/PartNet/c5a37b5192fba85b9ca96b2737246fca,False,bag,bag,2,"['the', 'target', 'bag', 'has', 'rounded', 'handles']",6,the target bag has rounded handles,train,train,train,train,"[1, 10, 11, 1909, 24, 48, 18, 2, 0, 0, 0, 0, 0, 0, 0, 0, 0, 0]",strap
321921,user_156,It has two shoulder straps.,3HSYG7LRBLREFF42D8VSS3IPGX9KK9,26.0,93ca5243aa73b5de81157c9325bb0e45,bag,ShapeNet,876114d9d568b250b3628215e327f7d4,bag,PartNet,False,bag/PartNet/876114d9d568b250b3628215e327f7d4,bag/ShapeNet/93ca5243aa73b5de81157c9325bb0e45,False,bag,bag,2,"['it', 'has', 'two', 'shoulder', 'straps']",5,it has two shoulder straps,train,train,train,train,"[1, 23, 24, 17, 1767, 716, 2, 0, 0, 0, 0, 0, 0, 0, 0, 0, 0, 0]",strap
321922,user_203,It does not have handles.,3WETL7AQWV151YBSLFZN9SI58JR53T,96.0,93ca5243aa73b5de81157c9325bb0e45,bag,ShapeNet,876114d9d568b250b3628215e327f7d4,bag,PartNet,False,bag/PartNet/876114d9d568b250b3628215e327f7d4,bag/ShapeNet/93ca5243aa73b5de81157c9325bb0e45,False,bag,bag,2,"['it', 'does', 'not', 'have', 'handles']",5,it does not have handles,train,train,train,train,"[1, 23, 39, 40, 84, 18, 2, 0, 0, 0, 0, 0, 0, 0, 0, 0, 0, 0]",strap
321930,user_786,It has NO pockets on the front face,3IRIK4HM3CDPX27PJRKTU10ZARKC6J,102.0,4a175db3a8cad99b5dd5ceb34f6e33d9,bag,ShapeNet,fdd6a114f831fad4a344805881e35292,bag,PartNet,False,bag/PartNet/fdd6a114f831fad4a344805881e35292,bag/ShapeNet/4a175db3a8cad99b5dd5ceb34f6e33d9,False,bag,bag,2,"['it', 'has', 'no', 'pockets', 'on', 'the', 'front', 'face']",8,it has no pockets on the front face,train,train,train,train,"[1, 23, 24, 123, 2930, 20, 10, 37, 56, 2, 0, 0, 0, 0, 0, 0, 0, 0]",body
321934,user_507,it has no  extra square on the body,31T4R4OBOU9812LU21PL0F0V55S7C7,56.0,8e3eb521577dddea7d2c1de1b4d2a6e4,bag,PartNet,5f3af8ff93de34c9e7922afdefd88b6e,bag,ShapeNet,False,bag/ShapeNet/5f3af8ff93de34c9e7922afdefd88b6e,bag/PartNet/8e3eb521577dddea7d2c1de1b4d2a6e4,True,bag,bag,2,"['it', 'has', 'no', 'extra', 'square', 'on', 'the', 'body']",8,it has no extra square on the body,test,train,test,train,"[1, 23, 24, 123, 1020, 50, 20, 10, 45, 2, 0, 0, 0, 0, 0, 0, 0, 0]",body
321935,user_2044,It does not have a pocket in the front,3U4J9857OG4PRXTOO1TQPVUDNH8B7E,57.0,8e3eb521577dddea7d2c1de1b4d2a6e4,bag,PartNet,5f3af8ff93de34c9e7922afdefd88b6e,bag,ShapeNet,False,bag/ShapeNet/5f3af8ff93de34c9e7922afdefd88b6e,bag/PartNet/8e3eb521577dddea7d2c1de1b4d2a6e4,True,bag,bag,2,"['it', 'does', 'not', 'have', 'a', 'pocket', 'in', 'the', 'front']",9,it does not have a pocket in the front,test,train,test,train,"[1, 23, 39, 40, 84, 26, 1425, 90, 10, 37, 2, 0, 0, 0, 0, 0, 0, 0]",body
321939,user_156,It has two handles.,3YMU66OBIP1IB37BHW7GHJA4HZ1GHB,733.0,5654b9e3d9b62661ae0c7300d2b2cc1d,bag,PartNet,d7dff9ecaf5f063cb1eb0742a46d174e,bag,PartNet,False,bag/PartNet/d7dff9ecaf5f063cb1eb0742a46d174e,bag/PartNet/5654b9e3d9b62661ae0c7300d2b2cc1d,False,bag,bag,2,"['it', 'has', 'two', 'handles']",4,it has two handles,train,train,train,train,"[1, 23, 24, 17, 18, 2, 0, 0, 0, 0, 0, 0, 0, 0, 0, 0, 0, 0]",strap
321953,user_2044,Its body is triangular in shape,3E7TUJ2EGEFMKDF1HUIGYH9JLTM9DB,229.0,758dd5af7f18ed9acd99ccc7ff441abf,bag,ShapeNet,74c548ef3ca7b1987515e7bb7dba4019,bag,ShapeNet,False,bag/ShapeNet/74c548ef3ca7b1987515e7bb7dba4019,bag/ShapeNet/758dd5af7f18ed9acd99ccc7ff441abf,False,bag,bag,2,"['its', 'body', 'is', 'triangular', 'in', 'shape']",6,its body is triangular in shape,train,train,train,train,"[1, 5, 45, 7, 564, 90, 93, 2, 0, 0, 0, 0, 0, 0, 0, 0, 0, 0]",body
321954,user_786,The bag body length is about 1 1/3 of the height,3VSOLARPKD2O2LD4O5C4L8N7UI293M,153.0,7565e6f425dd6d376d987ae9a225629c,bag,ShapeNet,f297885d4918000ec8724d5673a063a6,bag,ShapeNet,False,bag/ShapeNet/f297885d4918000ec8724d5673a063a6,bag/ShapeNet/7565e6f425dd6d376d987ae9a225629c,True,bag,bag,2,"['the', 'bag', 'body', 'length', 'is', 'about', 'one', 'one', 'three', 'of', 'the', 'height']",12,the bag body length is about one one three of the height,train,train,train,train,"[1, 10, 1909, 45, 155, 7, 519, 19, 19, 80, 38, 10, 117, 2, 0, 0, 0, 0]",body
321964,user_203,The body is tapered.,3OXV7EAXLGJ1K2B6QY9S1YW54E536A,56.0,68e4ba38895d820df6fec4b901a12701,bag,ShapeNet,45f56ad8c0f4059323166544c0deb60f,bag,ShapeNet,False,bag/ShapeNet/45f56ad8c0f4059323166544c0deb60f,bag/ShapeNet/68e4ba38895d820df6fec4b901a12701,False,bag,bag,2,"['the', 'body', 'is', 'tapered']",4,the body is tapered,train,train,train,train,"[1, 10, 45, 7, 352, 2, 0, 0, 0, 0, 0, 0, 0, 0, 0, 0, 0, 0]",body
321967,user_677,The straps cover a longer portion of its top,3PDJHANYK79GEAI55JYU5SXFNIR6HM,164.0,39381a2718d2a1d4d5f008f38a566dee,bag,ShapeNet,d7dff9ecaf5f063cb1eb0742a46d174e,bag,PartNet,False,bag/PartNet/d7dff9ecaf5f063cb1eb0742a46d174e,bag/ShapeNet/39381a2718d2a1d4d5f008f38a566dee,True,bag,bag,2,"['the', 'straps', 'cover', 'a', 'long', '-er', 'portion', 'of', 'its', 'top']",10,the straps cover a long -er portion of its top,train,train,train,train,"[1, 10, 716, 1147, 26, 32, 9, 1437, 38, 5, 99, 2, 0, 0, 0, 0, 0, 0]",strap
321969,user_156,It has no carrying straps.,3YDTZAI2WZ9RVCTDK62UG7XUA4814K,38.0,9296663dcefe3f6d9830ee784de3bbf2,bag,PartNet,5ce403455e28451b76bb31db0358e9c6,bag,PartNet,False,bag/PartNet/5ce403455e28451b76bb31db0358e9c6,bag/PartNet/9296663dcefe3f6d9830ee784de3bbf2,False,bag,bag,2,"['it', 'has', 'no', 'carrying', 'straps']",5,it has no carrying straps,test,train,test,train,"[1, 23, 24, 123, 2470, 716, 2, 0, 0, 0, 0, 0, 0, 0, 0, 0, 0, 0]",strap
321970,user_786,Its front handle is attached to the front face with two tabs,3OJSZ2ATDUPN2HCFNR2DM9ULDO457V,132.0,9296663dcefe3f6d9830ee784de3bbf2,bag,PartNet,5ce403455e28451b76bb31db0358e9c6,bag,PartNet,False,bag/PartNet/5ce403455e28451b76bb31db0358e9c6,bag/PartNet/9296663dcefe3f6d9830ee784de3bbf2,False,bag,bag,2,"['its', 'front', 'handle', 'is', 'attached', 'to', 'the', 'front', 'face', 'with', 'two', 'tabs']",12,its front handle is attached to the front face with two tabs,test,train,test,train,"[1, 5, 37, 29, 7, 115, 58, 10, 37, 56, 121, 17, 2755, 2, 0, 0, 0, 0]",strap
321973,user_507,it has a parabolic body,3ZPPDN2SLXPRCJT1DPT04ZR4L7UE9K,49.0,1342fc4f613687f92569b963af585e33,bag,ShapeNet,a333a7047900101ffc854afc3ce25be,bag,PartNet,False,bag/PartNet/a333a7047900101ffc854afc3ce25be,bag/ShapeNet/1342fc4f613687f92569b963af585e33,False,bag,bag,2,"['it', 'has', 'a', 'parabolic', 'body']",5,it has a parabolic body,train,train,train,train,"[1, 23, 24, 26, 5436, 45, 2, 0, 0, 0, 0, 0, 0, 0, 0, 0, 0, 0]",body
321982,user_1298,The handles are angled,3Z7EFSHGNB72GHRLKETJUEDJ7U1CXT,42.0,2022610a5d1a8455abc49cae1a831a9e,bag,ShapeNet,add50bbf543ba7eaeab2bd7322386ffd,bag,PartNet,False,bag/PartNet/add50bbf543ba7eaeab2bd7322386ffd,bag/ShapeNet/2022610a5d1a8455abc49cae1a831a9e,True,bag,bag,2,"['the', 'handles', 'are', 'angled']",4,the handles are angled,train,train,train,train,"[1, 10, 18, 16, 168, 2, 0, 0, 0, 0, 0, 0, 0, 0, 0, 0, 0, 0]",strap
321983,user_2044,Its handle is thinner,3QHK8ZVMIOBO6IIQSVU080CEI2TLBF,34.0,2022610a5d1a8455abc49cae1a831a9e,bag,ShapeNet,add50bbf543ba7eaeab2bd7322386ffd,bag,PartNet,False,bag/PartNet/add50bbf543ba7eaeab2bd7322386ffd,bag/ShapeNet/2022610a5d1a8455abc49cae1a831a9e,True,bag,bag,2,"['its', 'handle', 'is', 'thin', '-er']",5,its handle is thin -er,train,train,train,train,"[1, 5, 29, 7, 60, 9, 2, 0, 0, 0, 0, 0, 0, 0, 0, 0, 0, 0]",strap
321985,user_1298,The body has more design,3L0KT67Y8G97N36RMW5LSXOAV3QYSO,200.0,5d4f774fdda6fa1dcd99ccc7ff441abf,bag,ShapeNet,39c0ab6acbbe08664901899b99d63624,bag,PartNet,False,bag/PartNet/39c0ab6acbbe08664901899b99d63624,bag/ShapeNet/5d4f774fdda6fa1dcd99ccc7ff441abf,True,bag,bag,2,"['the', 'body', 'has', 'more', 'design']",5,the body has more design,train,train,train,train,"[1, 10, 45, 24, 34, 192, 2, 0, 0, 0, 0, 0, 0, 0, 0, 0, 0, 0]",body
321990,user_203,It has straps.,3RSDURM96CF6DK19L1LG3GKVUC1EYN,153.0,4a175db3a8cad99b5dd5ceb34f6e33d9,bag,ShapeNet,577bfb3d22deeb3af71e06115e9c3b3e,bag,PartNet,False,bag/PartNet/577bfb3d22deeb3af71e06115e9c3b3e,bag/ShapeNet/4a175db3a8cad99b5dd5ceb34f6e33d9,False,bag,bag,2,"['it', 'has', 'straps']",3,it has straps,train,train,train,train,"[1, 23, 24, 716, 2, 0, 0, 0, 0, 0, 0, 0, 0, 0, 0, 0, 0, 0]",strap
321991,user_1424,The bag has two straps holding it shut,3MB8LZR5BHMPZLMKY87T73V45UXKLP,310.0,4a175db3a8cad99b5dd5ceb34f6e33d9,bag,ShapeNet,577bfb3d22deeb3af71e06115e9c3b3e,bag,PartNet,False,bag/PartNet/577bfb3d22deeb3af71e06115e9c3b3e,bag/ShapeNet/4a175db3a8cad99b5dd5ceb34f6e33d9,False,bag,bag,2,"['the', 'bag', 'has', 'two', 'straps', 'holding', 'it', 'shut']",8,the bag has two straps holding it shut,train,train,train,train,"[1, 10, 1909, 24, 17, 716, 1189, 23, 5058, 2, 0, 0, 0, 0, 0, 0, 0, 0]",strap
321993,user_156,It does not have any visible pouches or pocklets on its front.,333U7HK6IB8BQPSA369TNBNMHZMDJ0,29.0,4a67dccd91447cfa504721639e19f609,bag,PartNet,e0eb0b7925869326aa7b926be24dab3d,bag,ShapeNet,False,bag/ShapeNet/e0eb0b7925869326aa7b926be24dab3d,bag/PartNet/4a67dccd91447cfa504721639e19f609,True,bag,bag,2,"['it', 'does', 'not', 'have', 'any', 'visible', 'pouches', 'or', 'pockets', 'on', 'its', 'front']",12,it does not have any visible pouches or pockets on its front,train,train,train,train,"[1, 23, 39, 40, 84, 278, 185, 4096, 124, 2930, 20, 5, 37, 2, 0, 0, 0, 0]",body
321997,user_156,It has no shoulder straps.,3URFVVM167BN76807N24L5F0MXVZUI,29.0,876114d9d568b250b3628215e327f7d4,bag,PartNet,35c950ccd57d9cde3774dede79959b94,bag,PartNet,False,bag/PartNet/35c950ccd57d9cde3774dede79959b94,bag/PartNet/876114d9d568b250b3628215e327f7d4,False,bag,bag,2,"['it', 'has', 'no', 'shoulder', 'straps']",5,it has no shoulder straps,test,train,test,train,"[1, 23, 24, 123, 1767, 716, 2, 0, 0, 0, 0, 0, 0, 0, 0, 0, 0, 0]",strap
321998,user_203,It has handles.,3PEIJLRY6VMBUFXQ15TK68KMZBYWX3,77.0,876114d9d568b250b3628215e327f7d4,bag,PartNet,35c950ccd57d9cde3774dede79959b94,bag,PartNet,False,bag/PartNet/35c950ccd57d9cde3774dede79959b94,bag/PartNet/876114d9d568b250b3628215e327f7d4,False,bag,bag,2,"['it', 'has', 'handles']",3,it has handles,test,train,test,train,"[1, 23, 24, 18, 2, 0, 0, 0, 0, 0, 0, 0, 0, 0, 0, 0, 0, 0]",strap
322002,user_203,The handles are higher.,3FDJT1UU761BXWJZ6LRMQEZ7J54K5A,96.0,d923ce406ab7303985907cb2b3be2209,bag,PartNet,d7e81ad000b90c26bc4ac3caf16ef65,bag,PartNet,False,bag/PartNet/d7e81ad000b90c26bc4ac3caf16ef65,bag/PartNet/d923ce406ab7303985907cb2b3be2209,False,bag,bag,2,"['the', 'handles', 'are', 'high', '-er']",5,the handles are high -er,train,train,train,train,"[1, 10, 18, 16, 49, 9, 2, 0, 0, 0, 0, 0, 0, 0, 0, 0, 0, 0]",strap
322004,user_923,The bag without the handles is shorter,3UXUOQ9OKGQK8NOWINTUUKA75ZIA7D,100.0,d923ce406ab7303985907cb2b3be2209,bag,PartNet,d7e81ad000b90c26bc4ac3caf16ef65,bag,PartNet,True,bag/PartNet/d7e81ad000b90c26bc4ac3caf16ef65,bag/PartNet/d923ce406ab7303985907cb2b3be2209,False,bag,bag,2,"['the', 'bag', 'without', 'the', 'handles', 'is', 'short', '-er']",8,the bag without the handles is short -er,train,train,train,train,"[1, 10, 1909, 803, 10, 18, 7, 8, 9, 2, 0, 0, 0, 0, 0, 0, 0, 0]",strap
322009,user_505,Target has pockets on the front,32N49TQG3IBMJDPS0LWA0YQARHKAV0,47.0,c4cb5bcb1a9399ae504721639e19f609,bag,ShapeNet,ec1b9ac45597e4cd9318cfd6c0d37d9b,bag,PartNet,False,bag/PartNet/ec1b9ac45597e4cd9318cfd6c0d37d9b,bag/ShapeNet/c4cb5bcb1a9399ae504721639e19f609,True,bag,bag,2,"['target', 'has', 'pockets', 'on', 'the', 'front']",6,target has pockets on the front,train,train,train,train,"[1, 11, 24, 2930, 20, 10, 37, 2, 0, 0, 0, 0, 0, 0, 0, 0, 0, 0]",body
322010,user_529,This target does not havs a handle.,384PI804XUUAQ8A6EOUC05UQJR90SP,141.0,c4cb5bcb1a9399ae504721639e19f609,bag,ShapeNet,ec1b9ac45597e4cd9318cfd6c0d37d9b,bag,PartNet,False,bag/PartNet/ec1b9ac45597e4cd9318cfd6c0d37d9b,bag/ShapeNet/c4cb5bcb1a9399ae504721639e19f609,True,bag,bag,2,"['this', 'target', 'does', 'not', 'have', 'a', 'handle']",7,this target does not have a handle,train,train,train,train,"[1, 301, 11, 39, 40, 84, 26, 29, 2, 0, 0, 0, 0, 0, 0, 0, 0, 0]",strap
322012,user_899,The target bag does not have any outside pockets.,37TRT2X24SKIBSUQPAINSLZMECLBJY,59.0,c3a5009c4867f7293c8d0fdfb1cc2535,bag,ShapeNet,88d375bc79ef32532e50abc7a1305908,bag,ShapeNet,False,bag/ShapeNet/88d375bc79ef32532e50abc7a1305908,bag/ShapeNet/c3a5009c4867f7293c8d0fdfb1cc2535,True,bag,bag,2,"['the', 'target', 'bag', 'does', 'not', 'have', 'any', 'outside', 'pockets']",9,the target bag does not have any outside pockets,train,train,train,train,"[1, 10, 11, 1909, 39, 40, 84, 278, 1636, 2930, 2, 0, 0, 0, 0, 0, 0, 0]",body
322020,user_1298,It has a design free body,3OUYGIZWR9RDDGUEM7QI50PFW6P0PU,93.0,669fe6ae83e64a544608027d921be76e,bag,PartNet,u6fcd385e-7198-45ac-8e5e-79619683b01e,bag,PartNet,False,bag/PartNet/u6fcd385e-7198-45ac-8e5e-79619683b01e,bag/PartNet/669fe6ae83e64a544608027d921be76e,False,bag,bag,2,"['it', 'has', 'a', 'design', 'free', 'body']",6,it has a design free body,train,train,train,train,"[1, 23, 24, 26, 192, 1058, 45, 2, 0, 0, 0, 0, 0, 0, 0, 0, 0, 0]",body
322022,user_2005,it does not have a handle,35DR22AR5FDE3HV2RLII1B9P1IC3XC,62.0,669fe6ae83e64a544608027d921be76e,bag,PartNet,u6fcd385e-7198-45ac-8e5e-79619683b01e,bag,PartNet,False,bag/PartNet/u6fcd385e-7198-45ac-8e5e-79619683b01e,bag/PartNet/669fe6ae83e64a544608027d921be76e,False,bag,bag,2,"['it', 'does', 'not', 'have', 'a', 'handle']",6,it does not have a handle,train,train,train,train,"[1, 23, 39, 40, 84, 26, 29, 2, 0, 0, 0, 0, 0, 0, 0, 0, 0, 0]",strap
322025,user_1651,It has a much smaller handle,37C0GNLMHHWZ2UD3JNF4E7IHVRRD6F,127.0,dc0f03ff60628a16978cfd2f5138d5f5,bag,PartNet,54931ecfaf7c4e08302e608f9e1070d0,bag,PartNet,False,bag/PartNet/54931ecfaf7c4e08302e608f9e1070d0,bag/PartNet/dc0f03ff60628a16978cfd2f5138d5f5,False,bag,bag,2,"['it', 'has', 'a', 'much', 'small', '-er', 'handle']",7,it has a much small -er handle,train,train,train,train,"[1, 23, 24, 26, 59, 111, 9, 29, 2, 0, 0, 0, 0, 0, 0, 0, 0, 0]",strap
322027,user_1298,There is a design on the body,3E337GFOLB1ALZTMKU2TM37039LNGY,66.0,6ca911066e1f7d32749d52b3e269018,bag,PartNet,ab624df270f2c5358bc9f09e7c72cc8a,bag,PartNet,False,bag/PartNet/ab624df270f2c5358bc9f09e7c72cc8a,bag/PartNet/6ca911066e1f7d32749d52b3e269018,False,bag,bag,2,"['there', 'is', 'a', 'design', 'on', 'the', 'body']",7,there is a design on the body,train,train,train,train,"[1, 15, 7, 26, 192, 20, 10, 45, 2, 0, 0, 0, 0, 0, 0, 0, 0, 0]",body
322028,user_1792,it has a strap,3IAEQB9FMGDXW9S9A5S8C1HUJTPDWL,265.0,6ca911066e1f7d32749d52b3e269018,bag,PartNet,ab624df270f2c5358bc9f09e7c72cc8a,bag,PartNet,False,bag/PartNet/ab624df270f2c5358bc9f09e7c72cc8a,bag/PartNet/6ca911066e1f7d32749d52b3e269018,False,bag,bag,2,"['it', 'has', 'a', 'strap']",4,it has a strap,train,train,train,train,"[1, 23, 24, 26, 628, 2, 0, 0, 0, 0, 0, 0, 0, 0, 0, 0, 0, 0]",strap
322031,user_2063,The body has no adornment,3BEFOD78W8MOR1F2DSLS0ZLX8EQM4Y,99.0,20b4891228ecfb4876bb31db0358e9c6,bag,ShapeNet,c3546b0830a79ea64be35abb02d18d44,bag,PartNet,False,bag/PartNet/c3546b0830a79ea64be35abb02d18d44,bag/ShapeNet/20b4891228ecfb4876bb31db0358e9c6,False,bag,bag,2,"['the', 'body', 'has', 'no', 'adornment']",5,the body has no adornment,train,train,train,train,"[1, 10, 45, 24, 123, 5364, 2, 0, 0, 0, 0, 0, 0, 0, 0, 0, 0, 0]",body
322032,user_238,There is no handle on the target,3TEM0PF1Q7Q4OJROHYZN568QIOQD0Z,99.0,d331a7bbfb0e7301e858db1dc3499392,bag,ShapeNet,5654b9e3d9b62661ae0c7300d2b2cc1d,bag,PartNet,False,bag/PartNet/5654b9e3d9b62661ae0c7300d2b2cc1d,bag/ShapeNet/d331a7bbfb0e7301e858db1dc3499392,False,bag,bag,2,"['there', 'is', 'no', 'handle', 'on', 'the', 'target']",7,there is no handle on the target,train,train,train,train,"[1, 15, 7, 123, 29, 20, 10, 11, 2, 0, 0, 0, 0, 0, 0, 0, 0, 0]",strap
322041,user_238,It has a strap on it,3WYP994K19K2058UFJ2IRSSIDFEY6P,976.0,d9015890f9691fd593daa1a1c18444ab,bag,ShapeNet,758dd5af7f18ed9acd99ccc7ff441abf,bag,ShapeNet,False,bag/ShapeNet/758dd5af7f18ed9acd99ccc7ff441abf,bag/ShapeNet/d9015890f9691fd593daa1a1c18444ab,False,bag,bag,2,"['it', 'has', 'a', 'strap', 'on', 'it']",6,it has a strap on it,train,train,train,train,"[1, 23, 24, 26, 628, 20, 23, 2, 0, 0, 0, 0, 0, 0, 0, 0, 0, 0]",strap
322042,user_786,Its handles attach to the front face at two tabs,3UJ1CZ6IZJI9LFW7BU0OH0QH0Z55S0,123.0,d9015890f9691fd593daa1a1c18444ab,bag,ShapeNet,758dd5af7f18ed9acd99ccc7ff441abf,bag,ShapeNet,False,bag/ShapeNet/758dd5af7f18ed9acd99ccc7ff441abf,bag/ShapeNet/d9015890f9691fd593daa1a1c18444ab,False,bag,bag,2,"['its', 'handles', 'attach', 'to', 'the', 'front', 'face', 'at', 'two', 'tabs']",10,its handles attach to the front face at two tabs,train,train,train,train,"[1, 5, 18, 415, 58, 10, 37, 56, 98, 17, 2755, 2, 0, 0, 0, 0, 0, 0]",strap
322043,user_1139,It has rectangle decor at end of straps,3L70J4KAZIF0PWP690WGUCK3RBBDA1,72.0,d9015890f9691fd593daa1a1c18444ab,bag,ShapeNet,758dd5af7f18ed9acd99ccc7ff441abf,bag,ShapeNet,False,bag/ShapeNet/758dd5af7f18ed9acd99ccc7ff441abf,bag/ShapeNet/d9015890f9691fd593daa1a1c18444ab,False,bag,bag,2,"['it', 'has', 'rectangle', 'decor', 'at', 'end', 'of', 'straps']",8,it has rectangle decor at end of straps,train,train,train,train,"[1, 23, 24, 425, 2717, 98, 74, 38, 716, 2, 0, 0, 0, 0, 0, 0, 0, 0]",strap
322049,user_1298,The straps are shorter,3OVHNO1VE8U1Q4XELSCFB5BC0U6DZM,56.0,fdd6a114f831fad4a344805881e35292,bag,PartNet,e90e27c3020d25dd76bb31db0358e9c6,bag,ShapeNet,False,bag/ShapeNet/e90e27c3020d25dd76bb31db0358e9c6,bag/PartNet/fdd6a114f831fad4a344805881e35292,True,bag,bag,2,"['the', 'straps', 'are', 'short', '-er']",5,the straps are short -er,train,train,train,train,"[1, 10, 716, 16, 8, 9, 2, 0, 0, 0, 0, 0, 0, 0, 0, 0, 0, 0]",strap
322056,user_1416,It has two handles.,3PDJHANYK79GEAI55JYU5SXFNI5H6B,118.0,c3a5009c4867f7293c8d0fdfb1cc2535,bag,ShapeNet,61c9570c3d12e47cd061bb85232b3b01,bag,PartNet,False,bag/PartNet/61c9570c3d12e47cd061bb85232b3b01,bag/ShapeNet/c3a5009c4867f7293c8d0fdfb1cc2535,False,bag,bag,2,"['it', 'has', 'two', 'handles']",4,it has two handles,train,train,train,train,"[1, 23, 24, 17, 18, 2, 0, 0, 0, 0, 0, 0, 0, 0, 0, 0, 0, 0]",strap
322057,user_1689,It does not have external small pockets.,35DR22AR5FDE3HV2RLII1B9P1H5X3X,212.0,c3a5009c4867f7293c8d0fdfb1cc2535,bag,ShapeNet,61c9570c3d12e47cd061bb85232b3b01,bag,PartNet,False,bag/PartNet/61c9570c3d12e47cd061bb85232b3b01,bag/ShapeNet/c3a5009c4867f7293c8d0fdfb1cc2535,False,bag,bag,2,"['it', 'does', 'not', 'have', 'external', 'small', 'pockets']",7,it does not have external small pockets,train,train,train,train,"[1, 23, 39, 40, 84, 1100, 111, 2930, 2, 0, 0, 0, 0, 0, 0, 0, 0, 0]",body
322069,user_156,Its body tapers towards the top.,31Z0PCVWUM8PNJN5ONKBPP0ZTPO7TI,39.0,a405a7ca363c7c41bbda4bd2b976d8f7,bag,PartNet,21b60b5519668987a75d03186a0409e2,bag,PartNet,False,bag/PartNet/21b60b5519668987a75d03186a0409e2,bag/PartNet/a405a7ca363c7c41bbda4bd2b976d8f7,False,bag,bag,2,"['its', 'body', 'tapers', 'towards', 'the', 'top']",6,its body tapers towards the top,train,train,train,train,"[1, 5, 45, 566, 382, 10, 99, 2, 0, 0, 0, 0, 0, 0, 0, 0, 0, 0]",body
322070,user_1298,It has a small handle,3JNQLM5FT6FUI5IU921P779AOVF2LR,50.0,a405a7ca363c7c41bbda4bd2b976d8f7,bag,PartNet,21b60b5519668987a75d03186a0409e2,bag,PartNet,False,bag/PartNet/21b60b5519668987a75d03186a0409e2,bag/PartNet/a405a7ca363c7c41bbda4bd2b976d8f7,False,bag,bag,2,"['it', 'has', 'a', 'small', 'handle']",5,it has a small handle,train,train,train,train,"[1, 23, 24, 26, 111, 29, 2, 0, 0, 0, 0, 0, 0, 0, 0, 0, 0, 0]",strap
322073,user_2005,the handles are thin,3AMW0RGHOFVGYCMLNDSGGCLS40TNPN,84.0,7565e6f425dd6d376d987ae9a225629c,bag,ShapeNet,93ca5243aa73b5de81157c9325bb0e45,bag,ShapeNet,False,bag/ShapeNet/93ca5243aa73b5de81157c9325bb0e45,bag/ShapeNet/7565e6f425dd6d376d987ae9a225629c,True,bag,bag,2,"['the', 'handles', 'are', 'thin']",4,the handles are thin,train,train,train,train,"[1, 10, 18, 16, 60, 2, 0, 0, 0, 0, 0, 0, 0, 0, 0, 0, 0, 0]",strap
322078,user_1577,handle tabs are on interior,3QFUFYSY908ILRNLR5HF591OBDT4FO,170.0,a55b721ea5a29d7f639ff561fa3f5bac,bag,ShapeNet,c5285f62ab36c0b84a001c5cd830d507,bag,PartNet,False,bag/PartNet/c5285f62ab36c0b84a001c5cd830d507,bag/ShapeNet/a55b721ea5a29d7f639ff561fa3f5bac,False,bag,bag,2,"['handle', 'tabs', 'are', 'on', 'interior']",5,handle tabs are on interior,train,train,train,train,"[1, 29, 2755, 16, 20, 1039, 2, 0, 0, 0, 0, 0, 0, 0, 0, 0, 0, 0]",strap
322080,user_41,it has a larger handle,3KYQYYSHYX0PR0J7JJ1YV748GRKODE,54.0,adfe9029a1ca723eb8966aeece708f87,bag,ShapeNet,2022610a5d1a8455abc49cae1a831a9e,bag,ShapeNet,False,bag/ShapeNet/2022610a5d1a8455abc49cae1a831a9e,bag/ShapeNet/adfe9029a1ca723eb8966aeece708f87,True,bag,bag,2,"['it', 'has', 'a', 'large', '-er', 'handle']",6,it has a large -er handle,train,train,train,train,"[1, 23, 24, 26, 94, 9, 29, 2, 0, 0, 0, 0, 0, 0, 0, 0, 0, 0]",strap
322083,user_572,small flexible handles,3N8OEVH1FTJGVXAW9SFE61G7K4NOO5,64.0,71ead7f072106c63ed13f430b2941481,bag,ShapeNet,4a1f62dbe8b091eabc49cae1a831a9e,bag,ShapeNet,False,bag/ShapeNet/4a1f62dbe8b091eabc49cae1a831a9e,bag/ShapeNet/71ead7f072106c63ed13f430b2941481,False,bag,bag,2,"['small', 'flexible', 'handles']",3,small flexible handles,train,train,train,train,"[1, 111, 101, 18, 2, 0, 0, 0, 0, 0, 0, 0, 0, 0, 0, 0, 0, 0]",strap
322086,user_203,The body is open at the top.,33CUSNVVNP5APD00VU1MCT07QV588B,158.0,151d033af5381fd4c1e1e64c8ea306ea,bag,ShapeNet,11d831e89c65adeddeb12bc39b9090ab,bag,PartNet,False,bag/PartNet/11d831e89c65adeddeb12bc39b9090ab,bag/ShapeNet/151d033af5381fd4c1e1e64c8ea306ea,True,bag,bag,2,"['the', 'body', 'is', 'open', 'at', 'the', 'top']",7,the body is open at the top,train,train,train,train,"[1, 10, 45, 7, 312, 98, 10, 99, 2, 0, 0, 0, 0, 0, 0, 0, 0, 0]",body
322090,user_1298,The body is slightly more square shaped,3YDGXNSEO1N96CDYJRB9VHK2O9F84A,54.0,6881468dd51c214922022e93ae2b2b5b,bag,ShapeNet,abba6df6294f20c569ea850160c0b35,bag,ShapeNet,False,bag/ShapeNet/abba6df6294f20c569ea850160c0b35,bag/ShapeNet/6881468dd51c214922022e93ae2b2b5b,False,bag,bag,2,"['the', 'body', 'is', 'slightly', 'more', 'square', 'shaped']",7,the body is slightly more square shaped,test,train,test,train,"[1, 10, 45, 7, 174, 34, 50, 14, 2, 0, 0, 0, 0, 0, 0, 0, 0, 0]",body
322109,user_507,it has no handles,3TDXMTX3CDNGA5TPB1GF54YUNZX6IE,35.0,39381a2718d2a1d4d5f008f38a566dee,bag,ShapeNet,9042addf05ddc7d3be15cb713d84cd3d,bag,PartNet,False,bag/PartNet/9042addf05ddc7d3be15cb713d84cd3d,bag/ShapeNet/39381a2718d2a1d4d5f008f38a566dee,True,bag,bag,2,"['it', 'has', 'no', 'handles']",4,it has no handles,test,train,test,train,"[1, 23, 24, 123, 18, 2, 0, 0, 0, 0, 0, 0, 0, 0, 0, 0, 0, 0]",strap
322113,user_156,It has two visible pockets on its front.,3RWE2M8QWJ3DAVI16SDQ1BKKWUKN0N,36.0,bb6eba59b185e6bce8a1430c80ad4e85,bag,PartNet,cbc2328cadf8dc573394926146371698,bag,ShapeNet,False,bag/ShapeNet/cbc2328cadf8dc573394926146371698,bag/PartNet/bb6eba59b185e6bce8a1430c80ad4e85,False,bag,bag,2,"['it', 'has', 'two', 'visible', 'pockets', 'on', 'its', 'front']",8,it has two visible pockets on its front,train,train,train,train,"[1, 23, 24, 17, 185, 2930, 20, 5, 37, 2, 0, 0, 0, 0, 0, 0, 0, 0]",body
322115,user_2002,There are also handles on the side,3R6BYFZZP959JTBVBGJK2KYM48GXFE,62.0,bb6eba59b185e6bce8a1430c80ad4e85,bag,PartNet,cbc2328cadf8dc573394926146371698,bag,ShapeNet,False,bag/ShapeNet/cbc2328cadf8dc573394926146371698,bag/PartNet/bb6eba59b185e6bce8a1430c80ad4e85,False,bag,bag,2,"['there', 'are', 'also', 'handles', 'on', 'the', 'side']",7,there are also handles on the side,train,train,train,train,"[1, 15, 16, 418, 18, 20, 10, 22, 2, 0, 0, 0, 0, 0, 0, 0, 0, 0]",strap
322127,user_948,It does not have a handle,3DI28L7YXC79NEQ69CE7PT9LNWL1EF,58.0,dcc01017dcaa0eb06cc88f0bd373634c,bag,PartNet,631fd8c280dfb9d5cd3852d63efc4336,bag,ShapeNet,False,bag/ShapeNet/631fd8c280dfb9d5cd3852d63efc4336,bag/PartNet/dcc01017dcaa0eb06cc88f0bd373634c,True,bag,bag,2,"['it', 'does', 'not', 'have', 'a', 'handle']",6,it does not have a handle,train,train,train,train,"[1, 23, 39, 40, 84, 26, 29, 2, 0, 0, 0, 0, 0, 0, 0, 0, 0, 0]",strap
322134,user_156,It has no visible pockets at its front.,3TEM0PF1Q7Q4OJROHYZN568QIQID0V,25.0,8e3eb521577dddea7d2c1de1b4d2a6e4,bag,PartNet,adfe9029a1ca723eb8966aeece708f87,bag,ShapeNet,False,bag/ShapeNet/adfe9029a1ca723eb8966aeece708f87,bag/PartNet/8e3eb521577dddea7d2c1de1b4d2a6e4,False,bag,bag,2,"['it', 'has', 'no', 'visible', 'pockets', 'at', 'its', 'front']",8,it has no visible pockets at its front,train,train,train,train,"[1, 23, 24, 123, 185, 2930, 98, 5, 37, 2, 0, 0, 0, 0, 0, 0, 0, 0]",body
322136,user_2005,it has two oval handles,35DR22AR5FDE3HV2RLII1B9P1L33X9,250.0,8e3eb521577dddea7d2c1de1b4d2a6e4,bag,PartNet,adfe9029a1ca723eb8966aeece708f87,bag,ShapeNet,False,bag/ShapeNet/adfe9029a1ca723eb8966aeece708f87,bag/PartNet/8e3eb521577dddea7d2c1de1b4d2a6e4,False,bag,bag,2,"['it', 'has', 'two', 'oval', 'handles']",5,it has two oval handles,train,train,train,train,"[1, 23, 24, 17, 130, 18, 2, 0, 0, 0, 0, 0, 0, 0, 0, 0, 0, 0]",strap
322137,user_156,Its body has pleats along its surface.,351SEKWQS2A1RXYV63ML33F3LQNDM4,38.0,80530cf532d86195bff3b8b883ab202d,bag,PartNet,1b9ef45fefefa35ed13f430b2941481,bag,ShapeNet,False,bag/ShapeNet/1b9ef45fefefa35ed13f430b2941481,bag/PartNet/80530cf532d86195bff3b8b883ab202d,False,bag,bag,2,"['its', 'body', 'has', 'pleats', 'along', 'its', 'surface']",7,its body has pleats along its surface,val,train,val,train,"[1, 5, 45, 24, 4079, 480, 5, 334, 2, 0, 0, 0, 0, 0, 0, 0, 0, 0]",body
322150,user_1689,It has longer and thinner straps.,3B4YI393VBPARHUINQDWAB09EIKSSU,144.0,a55b721ea5a29d7f639ff561fa3f5bac,bag,ShapeNet,e5fea6c1dacf3ed4cd99ccc7ff441abf,bag,ShapeNet,False,bag/ShapeNet/e5fea6c1dacf3ed4cd99ccc7ff441abf,bag/ShapeNet/a55b721ea5a29d7f639ff561fa3f5bac,False,bag,bag,2,"['it', 'has', 'long', '-er', 'and', 'thin', '-er', 'straps']",8,it has long -er and thin -er straps,train,train,train,train,"[1, 23, 24, 32, 9, 47, 60, 9, 716, 2, 0, 0, 0, 0, 0, 0, 0, 0]",strap
322153,user_1298,There is no handle at the top,3D8YOU6S9GDLJWOP5I5TO7M5HQ5U6N,41.0,e8039f73cf912ff5e8c69fd29511206a,bag,ShapeNet,d495ae2cd034f066abc49cae1a831a9e,bag,PartNet,False,bag/PartNet/d495ae2cd034f066abc49cae1a831a9e,bag/ShapeNet/e8039f73cf912ff5e8c69fd29511206a,True,bag,bag,2,"['there', 'is', 'no', 'handle', 'at', 'the', 'top']",7,there is no handle at the top,train,train,train,train,"[1, 15, 7, 123, 29, 98, 10, 99, 2, 0, 0, 0, 0, 0, 0, 0, 0, 0]",strap
322158,user_677,It has a strap,31JLPPHS2WNR98HAQUVMIYIWPD4O3N,75.0,e8521dbe5e8b6449945dfc8fc6d25afd,bag,PartNet,ab624df270f2c5358bc9f09e7c72cc8a,bag,PartNet,False,bag/PartNet/ab624df270f2c5358bc9f09e7c72cc8a,bag/PartNet/e8521dbe5e8b6449945dfc8fc6d25afd,True,bag,bag,2,"['it', 'has', 'a', 'strap']",4,it has a strap,train,train,train,train,"[1, 23, 24, 26, 628, 2, 0, 0, 0, 0, 0, 0, 0, 0, 0, 0, 0, 0]",strap
322160,user_948,It has a strap,3V0Z7YWSI0TXEAUON63VUG7CFSA2V1,39.0,e8521dbe5e8b6449945dfc8fc6d25afd,bag,PartNet,ab624df270f2c5358bc9f09e7c72cc8a,bag,PartNet,False,bag/PartNet/ab624df270f2c5358bc9f09e7c72cc8a,bag/PartNet/e8521dbe5e8b6449945dfc8fc6d25afd,True,bag,bag,2,"['it', 'has', 'a', 'strap']",4,it has a strap,train,train,train,train,"[1, 23, 24, 26, 628, 2, 0, 0, 0, 0, 0, 0, 0, 0, 0, 0, 0, 0]",strap
322161,user_203,It has handles.,3SITXWYCNX2J6CZF6EXOJU71PAHBX3,52.0,c3546b0830a79ea64be35abb02d18d44,bag,PartNet,811f592148958510abc49cae1a831a9e,bag,PartNet,False,bag/PartNet/811f592148958510abc49cae1a831a9e,bag/PartNet/c3546b0830a79ea64be35abb02d18d44,True,bag,bag,2,"['it', 'has', 'handles']",3,it has handles,train,train,train,train,"[1, 23, 24, 18, 2, 0, 0, 0, 0, 0, 0, 0, 0, 0, 0, 0, 0, 0]",strap
322175,user_1298,The body sleeker,3MTMREQS4XBZY2PXQV16M09OYPIAW4,58.0,61c9570c3d12e47cd061bb85232b3b01,bag,PartNet,dc52131684ed9cbbfe4a8257a424ee86,bag,ShapeNet,False,bag/ShapeNet/dc52131684ed9cbbfe4a8257a424ee86,bag/PartNet/61c9570c3d12e47cd061bb85232b3b01,True,bag,bag,2,"['the', 'body', 'sleek', '-er']",4,the body sleek -er,train,train,train,train,"[1, 10, 45, 1956, 9, 2, 0, 0, 0, 0, 0, 0, 0, 0, 0, 0, 0, 0]",body
322179,user_588,The handle is less wide at the base.,3WYGZ5XF3Y8C3YHAIH4UJP9ZXOSSKY,130.0,e450a063965ce182372d50f0ef237781,bag,ShapeNet,a1822be832091e036afa58a86636d6be,bag,ShapeNet,False,bag/ShapeNet/a1822be832091e036afa58a86636d6be,bag/ShapeNet/e450a063965ce182372d50f0ef237781,False,bag,bag,2,"['the', 'handle', 'is', 'less', 'wide', 'at', 'the', 'base']",8,the handle is less wide at the base,train,train,train,train,"[1, 10, 29, 7, 229, 83, 98, 10, 103, 2, 0, 0, 0, 0, 0, 0, 0, 0]",strap
322182,user_156,It has a visibly separated body and lid.,3ZR9AIQJUD2RON8VONYU22EK5DR40B,55.0,1b84dededd445058e44a5473032f38f,bag,ShapeNet,d9fb0b4c7b6f84d0abc49cae1a831a9e,bag,PartNet,False,bag/PartNet/d9fb0b4c7b6f84d0abc49cae1a831a9e,bag/ShapeNet/1b84dededd445058e44a5473032f38f,False,bag,bag,2,"['it', 'has', 'a', 'visibly', 'separated', 'body', 'and', 'lid']",8,it has a visibly separated body and lid,train,train,train,train,"[1, 23, 24, 26, 578, 386, 45, 47, 1715, 2, 0, 0, 0, 0, 0, 0, 0, 0]",body
322193,user_1792,the handle is much larger,339ANSOTR7VN9KEED5AGFN3CORPKIZ,86.0,811f592148958510abc49cae1a831a9e,bag,PartNet,c3546b0830a79ea64be35abb02d18d44,bag,PartNet,False,bag/PartNet/c3546b0830a79ea64be35abb02d18d44,bag/PartNet/811f592148958510abc49cae1a831a9e,True,bag,bag,2,"['the', 'handle', 'is', 'much', 'large', '-er']",6,the handle is much large -er,train,train,train,train,"[1, 10, 29, 7, 59, 94, 9, 2, 0, 0, 0, 0, 0, 0, 0, 0, 0, 0]",strap
322200,user_396,The handle is rectangular,3TK8OJTYM3ET6HVUP4E7QTF5Q4VPV8,671.0,eebc8d35d05e49b86afa58a86636d6be,bag,PartNet,766fe076d4cdef8cf0117851f0671fde,bag,ShapeNet,False,bag/ShapeNet/766fe076d4cdef8cf0117851f0671fde,bag/PartNet/eebc8d35d05e49b86afa58a86636d6be,True,bag,bag,2,"['the', 'handle', 'is', 'rectangular']",4,the handle is rectangular,train,train,train,train,"[1, 10, 29, 7, 128, 2, 0, 0, 0, 0, 0, 0, 0, 0, 0, 0, 0, 0]",strap
322205,user_1894,The zipper runs along the body.,3JBT3HLQFAVAF104Q13ABZS1EDHPZK,115.0,e8039f73cf912ff5e8c69fd29511206a,bag,ShapeNet,4a67dccd91447cfa504721639e19f609,bag,PartNet,False,bag/PartNet/4a67dccd91447cfa504721639e19f609,bag/ShapeNet/e8039f73cf912ff5e8c69fd29511206a,True,bag,bag,2,"['the', 'zipper', 'runs', 'along', 'the', 'body']",6,the zipper runs along the body,train,train,train,train,"[1, 10, 3343, 2802, 480, 10, 45, 2, 0, 0, 0, 0, 0, 0, 0, 0, 0, 0]",body
322206,user_505,Target has two handles,3TS1AR6UQS7F4E54T3FM8LLY2F9F79,40.0,10a885f5971d9d4ce858db1dc3499392,bag,ShapeNet,a67a7117a961d743e3f7a74e12a274ef,bag,PartNet,False,bag/PartNet/a67a7117a961d743e3f7a74e12a274ef,bag/ShapeNet/10a885f5971d9d4ce858db1dc3499392,True,bag,bag,2,"['target', 'has', 'two', 'handles']",4,target has two handles,train,train,train,train,"[1, 11, 24, 17, 18, 2, 0, 0, 0, 0, 0, 0, 0, 0, 0, 0, 0, 0]",strap
322210,user_786,Its front face has a zippered pocket,3L4PIM1GQV9VMO6E775G2NJE91RYRK,85.0,c3426d26e0408be4285e5a1f74237618,bag,ShapeNet,f872a64810c123a47abde6405e4d8323,bag,ShapeNet,False,bag/ShapeNet/f872a64810c123a47abde6405e4d8323,bag/ShapeNet/c3426d26e0408be4285e5a1f74237618,True,bag,bag,2,"['its', 'front', 'face', 'has', 'a', 'zippered', 'pocket']",7,its front face has a zippered pocket,train,train,train,train,"[1, 5, 37, 56, 24, 26, 5609, 1425, 2, 0, 0, 0, 0, 0, 0, 0, 0, 0]",body
322211,user_1298,The body has a small box outdent,3W92K5RLWWAPD7DB5P5TSNAOZ215V5,61.0,c3426d26e0408be4285e5a1f74237618,bag,ShapeNet,f872a64810c123a47abde6405e4d8323,bag,ShapeNet,False,bag/ShapeNet/f872a64810c123a47abde6405e4d8323,bag/ShapeNet/c3426d26e0408be4285e5a1f74237618,True,bag,bag,2,"['the', 'body', 'has', 'a', 'small', 'box', 'student']",7,the body has a small box student,train,train,train,train,"[1, 10, 45, 24, 26, 111, 451, 3, 2, 0, 0, 0, 0, 0, 0, 0, 0, 0]",body
322212,user_156,It has a visible distinction between a lid and its body.,3PWWM24LHURZ3YYBFDSL22N44X428X,34.0,a55b721ea5a29d7f639ff561fa3f5bac,bag,ShapeNet,577bfb3d22deeb3af71e06115e9c3b3e,bag,PartNet,False,bag/PartNet/577bfb3d22deeb3af71e06115e9c3b3e,bag/ShapeNet/a55b721ea5a29d7f639ff561fa3f5bac,True,bag,bag,2,"['it', 'has', 'a', 'visible', 'distinction', 'between', 'a', 'lid', 'and', 'its', 'body']",11,it has a visible distinction between a lid and its body,train,train,train,train,"[1, 23, 24, 26, 185, 5244, 657, 26, 1715, 47, 5, 45, 2, 0, 0, 0, 0, 0]",body
322217,user_1298,The handles are straighter,3WETL7AQWV151YBSLFZN9SI58JF35F,64.0,adfe9029a1ca723eb8966aeece708f87,bag,ShapeNet,74c548ef3ca7b1987515e7bb7dba4019,bag,ShapeNet,False,bag/ShapeNet/74c548ef3ca7b1987515e7bb7dba4019,bag/ShapeNet/adfe9029a1ca723eb8966aeece708f87,True,bag,bag,2,"['the', 'handles', 'are', 'straight', '-er']",5,the handles are straight -er,train,train,train,train,"[1, 10, 18, 16, 114, 9, 2, 0, 0, 0, 0, 0, 0, 0, 0, 0, 0, 0]",strap
322224,user_203,The body is wider.,37W3JXSD6810UKN061FMPMRV1G5YWM,249.0,a67a7117a961d743e3f7a74e12a274ef,bag,PartNet,bb6eba59b185e6bce8a1430c80ad4e85,bag,PartNet,False,bag/PartNet/bb6eba59b185e6bce8a1430c80ad4e85,bag/PartNet/a67a7117a961d743e3f7a74e12a274ef,True,bag,bag,2,"['the', 'body', 'is', 'wide', '-er']",5,the body is wide -er,train,train,train,train,"[1, 10, 45, 7, 83, 9, 2, 0, 0, 0, 0, 0, 0, 0, 0, 0, 0, 0]",body
322240,user_1689,Its handle is thicker.,3X66WABAJYB3HV0C2BIEDP9UYSFG3W,363.0,1342fc4f613687f92569b963af585e33,bag,ShapeNet,f5108ede5ca11f041f6736765dee4fa9,bag,ShapeNet,False,bag/ShapeNet/f5108ede5ca11f041f6736765dee4fa9,bag/ShapeNet/1342fc4f613687f92569b963af585e33,True,bag,bag,2,"['its', 'handle', 'is', 'thick', '-er']",5,its handle is thick -er,test,train,test,train,"[1, 5, 29, 7, 54, 9, 2, 0, 0, 0, 0, 0, 0, 0, 0, 0, 0, 0]",strap
322241,user_2020,body is shorter without any details,37M28K1J0S6DSIPYJWIRXAFGWTYAJY,39.0,1342fc4f613687f92569b963af585e33,bag,ShapeNet,f5108ede5ca11f041f6736765dee4fa9,bag,ShapeNet,True,bag/ShapeNet/f5108ede5ca11f041f6736765dee4fa9,bag/ShapeNet/1342fc4f613687f92569b963af585e33,True,bag,bag,2,"['body', 'is', 'short', '-er', 'without', 'any', 'details']",7,body is short -er without any details,test,train,test,train,"[1, 45, 7, 8, 9, 803, 278, 2455, 2, 0, 0, 0, 0, 0, 0, 0, 0, 0]",body
322242,user_505,Target has a tall handle,3MAOD8E57S3L7LOC942XAP7V6Z2XNL,36.0,3edc3bc2ecf58aae40090e51144242ea,bag,ShapeNet,669fe6ae83e64a544608027d921be76e,bag,PartNet,False,bag/PartNet/669fe6ae83e64a544608027d921be76e,bag/ShapeNet/3edc3bc2ecf58aae40090e51144242ea,False,bag,bag,2,"['target', 'has', 'a', 'tall', 'handle']",5,target has a tall handle,train,train,train,train,"[1, 11, 24, 26, 53, 29, 2, 0, 0, 0, 0, 0, 0, 0, 0, 0, 0, 0]",strap
322243,user_786,It has a large pocket that covers most of the front face,3STRJBFXOYKDIYUP7H9KTU5LZ8TKT4,82.0,3edc3bc2ecf58aae40090e51144242ea,bag,ShapeNet,669fe6ae83e64a544608027d921be76e,bag,PartNet,False,bag/PartNet/669fe6ae83e64a544608027d921be76e,bag/ShapeNet/3edc3bc2ecf58aae40090e51144242ea,False,bag,bag,2,"['it', 'has', 'a', 'large', 'pocket', 'that', 'covers', 'most', 'of', 'the', 'front', 'face']",12,it has a large pocket that covers most of the front face,train,train,train,train,"[1, 23, 24, 26, 94, 1425, 172, 622, 975, 38, 10, 37, 56, 2, 0, 0, 0, 0]",body
322244,user_948,It has a handle,3SB5N7Y3O5X7031FJO0VBRBNVGJ0G9,35.0,3edc3bc2ecf58aae40090e51144242ea,bag,ShapeNet,669fe6ae83e64a544608027d921be76e,bag,PartNet,False,bag/PartNet/669fe6ae83e64a544608027d921be76e,bag/ShapeNet/3edc3bc2ecf58aae40090e51144242ea,False,bag,bag,2,"['it', 'has', 'a', 'handle']",4,it has a handle,train,train,train,train,"[1, 23, 24, 26, 29, 2, 0, 0, 0, 0, 0, 0, 0, 0, 0, 0, 0, 0]",strap
322248,user_156,Its handle hangs down.,3FUI0JHJPZR2NJOO7WBUUVKLUPG33L,43.0,54931ecfaf7c4e08302e608f9e1070d0,bag,PartNet,506a05b6ba66bde0b726426d6c667c7,bag,ShapeNet,False,bag/ShapeNet/506a05b6ba66bde0b726426d6c667c7,bag/PartNet/54931ecfaf7c4e08302e608f9e1070d0,False,bag,bag,2,"['its', 'handle', 'hangs', 'down']",4,its handle hangs down,train,train,train,train,"[1, 5, 29, 199, 44, 2, 0, 0, 0, 0, 0, 0, 0, 0, 0, 0, 0, 0]",strap
322250,user_899,The target bag has two handles.,3SNVL38CI6LWWHSELVEU4K5HBMRCKB,47.0,54931ecfaf7c4e08302e608f9e1070d0,bag,PartNet,506a05b6ba66bde0b726426d6c667c7,bag,ShapeNet,False,bag/ShapeNet/506a05b6ba66bde0b726426d6c667c7,bag/PartNet/54931ecfaf7c4e08302e608f9e1070d0,False,bag,bag,2,"['the', 'target', 'bag', 'has', 'two', 'handles']",6,the target bag has two handles,train,train,train,train,"[1, 10, 11, 1909, 24, 17, 18, 2, 0, 0, 0, 0, 0, 0, 0, 0, 0, 0]",strap
322255,user_238,The target has thicker handles,3XM0HYN6NMSC4698UEPXQPRJQBDEPG,498.0,dc0f03ff60628a16978cfd2f5138d5f5,bag,PartNet,c5a37b5192fba85b9ca96b2737246fca,bag,PartNet,False,bag/PartNet/c5a37b5192fba85b9ca96b2737246fca,bag/PartNet/dc0f03ff60628a16978cfd2f5138d5f5,True,bag,bag,2,"['the', 'target', 'has', 'thick', '-er', 'handles']",6,the target has thick -er handles,train,train,train,train,"[1, 10, 11, 24, 54, 9, 18, 2, 0, 0, 0, 0, 0, 0, 0, 0, 0, 0]",strap
322265,user_507,it has a double strap,3WJEQKOXAAV6X19UT7CLTAJU2G6A1A,90.0,83ab18386e87bf4efef598dabc93c115,bag,ShapeNet,4e4fcfffec161ecaed13f430b2941481,bag,ShapeNet,False,bag/ShapeNet/4e4fcfffec161ecaed13f430b2941481,bag/ShapeNet/83ab18386e87bf4efef598dabc93c115,True,bag,bag,2,"['it', 'has', 'a', 'double', 'strap']",5,it has a double strap,train,train,train,train,"[1, 23, 24, 26, 527, 628, 2, 0, 0, 0, 0, 0, 0, 0, 0, 0, 0, 0]",strap
438847,user_786,Its side face does NOT have any raised pockets or tabs,3YZ8UPK3VVFAZDXQF9IWA7EFDDJUCK,111.0,5afe31025e8574ea8d6e12c39b2d5023,bag,ShapeNet,a333a7047900101ffc854afc3ce25be,bag,PartNet,False,bag/PartNet/a333a7047900101ffc854afc3ce25be,bag/ShapeNet/5afe31025e8574ea8d6e12c39b2d5023,True,bag,bag,3,"['its', 'side', 'face', 'does', 'not', 'have', 'any', 'raised', 'pockets', 'or', 'tabs']",11,its side face does not have any raised pockets or tabs,train,train,train,train,"[1, 5, 22, 56, 39, 40, 84, 278, 681, 2930, 124, 2755, 2, 0, 0, 0, 0, 0]",body
438849,user_757,It has a strap design on the outside,3NGMS9VZTNBSJ7KABMDYWDYF021FFK,291.0,add50bbf543ba7eaeab2bd7322386ffd,bag,PartNet,4e4fcfffec161ecaed13f430b2941481,bag,ShapeNet,False,bag/ShapeNet/4e4fcfffec161ecaed13f430b2941481,bag/PartNet/add50bbf543ba7eaeab2bd7322386ffd,False,bag,bag,3,"['it', 'has', 'a', 'strap', 'design', 'on', 'the', 'outside']",8,it has a strap design on the outside,train,train,train,train,"[1, 23, 24, 26, 628, 192, 20, 10, 1636, 2, 0, 0, 0, 0, 0, 0, 0, 0]",strap
438850,user_1796,the straps are thicker.,3KRVW3HTZPE7TMHD3THAY213MUFMSR,79.0,add50bbf543ba7eaeab2bd7322386ffd,bag,PartNet,4e4fcfffec161ecaed13f430b2941481,bag,ShapeNet,False,bag/ShapeNet/4e4fcfffec161ecaed13f430b2941481,bag/PartNet/add50bbf543ba7eaeab2bd7322386ffd,False,bag,bag,3,"['the', 'straps', 'are', 'thick', '-er']",5,the straps are thick -er,train,train,train,train,"[1, 10, 716, 16, 54, 9, 2, 0, 0, 0, 0, 0, 0, 0, 0, 0, 0, 0]",strap
438861,user_156,Its body tapers towards the top.,37QW5D2ZRIFS8XF99S7RTK082QG8SH,54.0,a405a7ca363c7c41bbda4bd2b976d8f7,bag,PartNet,8bc53bae41a8105f5c7506815f553527,bag,ShapeNet,False,bag/ShapeNet/8bc53bae41a8105f5c7506815f553527,bag/PartNet/a405a7ca363c7c41bbda4bd2b976d8f7,False,bag,bag,3,"['its', 'body', 'tapers', 'towards', 'the', 'top']",6,its body tapers towards the top,train,train,train,train,"[1, 5, 45, 566, 382, 10, 99, 2, 0, 0, 0, 0, 0, 0, 0, 0, 0, 0]",body
438866,user_203,The front of the body has an ornament or design.,3HMIGG0U4NZP4JRI8YZGB6O9JABY8I,308.0,1342fc4f613687f92569b963af585e33,bag,ShapeNet,d923ce406ab7303985907cb2b3be2209,bag,PartNet,False,bag/PartNet/d923ce406ab7303985907cb2b3be2209,bag/ShapeNet/1342fc4f613687f92569b963af585e33,False,bag,bag,3,"['the', 'front', 'of', 'the', 'body', 'has', 'an', 'ornament', 'or', 'design']",10,the front of the body has an ornament or design,train,train,train,train,"[1, 10, 37, 38, 10, 45, 24, 72, 2793, 124, 192, 2, 0, 0, 0, 0, 0, 0]",body
438872,user_786,The front face has a zipped pocket,3Z7VU45IP0A7Y9H25ZSKA3A3BX0Z1F,102.0,1b84dededd445058e44a5473032f38f,bag,ShapeNet,f872a64810c123a47abde6405e4d8323,bag,ShapeNet,False,bag/ShapeNet/f872a64810c123a47abde6405e4d8323,bag/ShapeNet/1b84dededd445058e44a5473032f38f,False,bag,bag,3,"['the', 'front', 'face', 'has', 'a', 'zipped', 'pocket']",7,the front face has a zipped pocket,train,train,train,train,"[1, 10, 37, 56, 24, 26, 5828, 1425, 2, 0, 0, 0, 0, 0, 0, 0, 0, 0]",body
438873,user_787,The handle is shorter,3IQ1VMJRYVDOM6CPXKRE8G1D0OR9A7,57.0,1b84dededd445058e44a5473032f38f,bag,ShapeNet,f872a64810c123a47abde6405e4d8323,bag,ShapeNet,False,bag/ShapeNet/f872a64810c123a47abde6405e4d8323,bag/ShapeNet/1b84dededd445058e44a5473032f38f,False,bag,bag,3,"['the', 'handle', 'is', 'short', '-er']",5,the handle is short -er,train,train,train,train,"[1, 10, 29, 7, 8, 9, 2, 0, 0, 0, 0, 0, 0, 0, 0, 0, 0, 0]",strap
438875,user_156,It has two vertical straps down its front.,3P4RDNWND7ZSY08WVKA4E83Z94UJI8,35.0,add50bbf543ba7eaeab2bd7322386ffd,bag,PartNet,22065bf26a7da50a5c4dc8ac281ba59d,bag,ShapeNet,False,bag/ShapeNet/22065bf26a7da50a5c4dc8ac281ba59d,bag/PartNet/add50bbf543ba7eaeab2bd7322386ffd,False,bag,bag,3,"['it', 'has', 'two', 'vertical', 'straps', 'down', 'its', 'front']",8,it has two vertical straps down its front,train,train,train,train,"[1, 23, 24, 17, 283, 716, 44, 5, 37, 2, 0, 0, 0, 0, 0, 0, 0, 0]",strap
438880,user_507,it does not have  pleated body,3634BBTX0QNCTYM0CUJJZAB7GYZIFS,33.0,71ead7f072106c63ed13f430b2941481,bag,ShapeNet,f5800755a78fc83957be02cb1dc1e62,bag,ShapeNet,False,bag/ShapeNet/f5800755a78fc83957be02cb1dc1e62,bag/ShapeNet/71ead7f072106c63ed13f430b2941481,True,bag,bag,3,"['it', 'does', 'not', 'have', 'pleated', 'body']",6,it does not have pleated body,train,train,train,train,"[1, 23, 39, 40, 84, 884, 45, 2, 0, 0, 0, 0, 0, 0, 0, 0, 0, 0]",body
438883,user_1298,The latch in the top instead of the body,36ZN444YTTR6ZBZTBX29M4KL8VVIOB,122.0,71ead7f072106c63ed13f430b2941481,bag,ShapeNet,6187bd900c3bc002ed13f430b2941481,bag,ShapeNet,False,bag/ShapeNet/6187bd900c3bc002ed13f430b2941481,bag/ShapeNet/71ead7f072106c63ed13f430b2941481,False,bag,bag,3,"['the', 'latch', 'in', 'the', 'top', 'instead', 'of', 'the', 'body']",9,the latch in the top instead of the body,train,train,train,train,"[1, 10, 3361, 90, 10, 99, 97, 38, 10, 45, 2, 0, 0, 0, 0, 0, 0, 0]",body
438886,user_2114,It doesn’t have a handle.,3VBEN272MMS71CLRSQJFLXH6Q7KSG4,288.0,93ca5243aa73b5de81157c9325bb0e45,bag,ShapeNet,1614bc965545308e5de21284bb515a83,bag,PartNet,False,bag/PartNet/1614bc965545308e5de21284bb515a83,bag/ShapeNet/93ca5243aa73b5de81157c9325bb0e45,False,bag,bag,3,"['it', 'doesn', '’', 't', 'have', 'a', 'handle']",7,it doesn ’ t have a handle,train,train,train,train,"[1, 23, 2554, 449, 1235, 84, 26, 29, 2, 0, 0, 0, 0, 0, 0, 0, 0, 0]",strap
438891,user_507,it has a smaller handle,392CY0QWG3K2VIPBSDN086EGR8M4IM,27.0,d9fb0b4c7b6f84d0abc49cae1a831a9e,bag,PartNet,9296663dcefe3f6d9830ee784de3bbf2,bag,PartNet,False,bag/PartNet/9296663dcefe3f6d9830ee784de3bbf2,bag/PartNet/d9fb0b4c7b6f84d0abc49cae1a831a9e,False,bag,bag,3,"['it', 'has', 'a', 'small', '-er', 'handle']",6,it has a small -er handle,train,train,train,train,"[1, 23, 24, 26, 111, 9, 29, 2, 0, 0, 0, 0, 0, 0, 0, 0, 0, 0]",strap
438893,user_156,Its body does not bulge outwards at the middle.,3VHHR074H5A146F0FEIK3YQIZC27LF,32.0,c3546b0830a79ea64be35abb02d18d44,bag,PartNet,10a885f5971d9d4ce858db1dc3499392,bag,ShapeNet,False,bag/ShapeNet/10a885f5971d9d4ce858db1dc3499392,bag/PartNet/c3546b0830a79ea64be35abb02d18d44,True,bag,bag,3,"['its', 'body', 'does', 'not', 'bulge', 'outwards', 'at', 'the', 'middle']",9,its body does not bulge outwards at the middle,train,train,train,train,"[1, 5, 45, 39, 40, 231, 976, 98, 10, 232, 2, 0, 0, 0, 0, 0, 0, 0]",body
438897,user_203,The body is tapered.,3TXD01ZLD6A749KBMUCER92RL0FU4K,63.0,d3bd250ca3cb8e29976855a35549333,bag,ShapeNet,2ca6df7a5377825cfee773c7de26c274,bag,ShapeNet,False,bag/ShapeNet/2ca6df7a5377825cfee773c7de26c274,bag/ShapeNet/d3bd250ca3cb8e29976855a35549333,False,bag,bag,3,"['the', 'body', 'is', 'tapered']",4,the body is tapered,val,train,val,train,"[1, 10, 45, 7, 352, 2, 0, 0, 0, 0, 0, 0, 0, 0, 0, 0, 0, 0]",body
438900,user_1604,The handle attaches to the rectangular ornament.,336KAV9KYSLEI4PTSHQF1FB6XBMY2K,75.0,88d375bc79ef32532e50abc7a1305908,bag,ShapeNet,6881468dd51c214922022e93ae2b2b5b,bag,ShapeNet,False,bag/ShapeNet/6881468dd51c214922022e93ae2b2b5b,bag/ShapeNet/88d375bc79ef32532e50abc7a1305908,True,bag,bag,3,"['the', 'handle', 'attaches', 'to', 'the', 'rectangular', 'ornament']",7,the handle attaches to the rectangular ornament,train,train,train,train,"[1, 10, 29, 153, 58, 10, 128, 2793, 2, 0, 0, 0, 0, 0, 0, 0, 0, 0]",strap
438908,user_507,it has a blocky body,3HQUKB7LNH7WBZ2M12PY2JM5W0XHHW,26.0,21b60b5519668987a75d03186a0409e2,bag,PartNet,3077a9b76724b6d35de21284bb515a83,bag,ShapeNet,False,bag/ShapeNet/3077a9b76724b6d35de21284bb515a83,bag/PartNet/21b60b5519668987a75d03186a0409e2,True,bag,bag,3,"['it', 'has', 'a', 'blocky', 'body']",5,it has a blocky body,train,train,train,train,"[1, 23, 24, 26, 1774, 45, 2, 0, 0, 0, 0, 0, 0, 0, 0, 0, 0, 0]",body
438915,user_786,Its top handle is randomly curved as if it was made from fabric,3IFS6Q0HJKCLX3RMIEJI69UM5LDISP,164.0,bb6eba59b185e6bce8a1430c80ad4e85,bag,PartNet,1b70bb39da3c559f8a729a9d838530b4,bag,PartNet,False,bag/PartNet/1b70bb39da3c559f8a729a9d838530b4,bag/PartNet/bb6eba59b185e6bce8a1430c80ad4e85,True,bag,bag,3,"['its', 'top', 'handle', 'is', 'randomly', 'curved', 'as', 'if', 'it', 'was', 'made', 'from', 'fabric']",13,its top handle is randomly curved as if it was made from fabric,train,train,train,train,"[1, 5, 99, 29, 7, 1320, 51, 52, 228, 23, 1983, 916, 113, 1805, 2, 0, 0, 0]",strap
438920,user_203,The handles are not as high.,3L4D84MIL1LS25XCP2SJEW2K9P4HJY,839.0,68b7ca73de30ad6df2197da8dec8488d,bag,ShapeNet,6b094dc5129ab53fed13f430b2941481,bag,PartNet,False,bag/PartNet/6b094dc5129ab53fed13f430b2941481,bag/ShapeNet/68b7ca73de30ad6df2197da8dec8488d,False,bag,bag,3,"['the', 'handles', 'are', 'not', 'as', 'high']",6,the handles are not as high,val,train,val,train,"[1, 10, 18, 16, 40, 52, 49, 2, 0, 0, 0, 0, 0, 0, 0, 0, 0, 0]",strap
438921,user_1298,The body is much smaller,3X73LLYYQ37OLVOX40KB73J1I8BNH8,42.0,68b7ca73de30ad6df2197da8dec8488d,bag,ShapeNet,6b094dc5129ab53fed13f430b2941481,bag,PartNet,False,bag/PartNet/6b094dc5129ab53fed13f430b2941481,bag/ShapeNet/68b7ca73de30ad6df2197da8dec8488d,False,bag,bag,3,"['the', 'body', 'is', 'much', 'small', '-er']",6,the body is much small -er,val,train,val,train,"[1, 10, 45, 7, 59, 111, 9, 2, 0, 0, 0, 0, 0, 0, 0, 0, 0, 0]",body
438924,user_203,The body is not as long.,3QUO65DNQWHB82UT5ERN578W2QWUO9,189.0,d7dff9ecaf5f063cb1eb0742a46d174e,bag,PartNet,8e3eb521577dddea7d2c1de1b4d2a6e4,bag,PartNet,False,bag/PartNet/8e3eb521577dddea7d2c1de1b4d2a6e4,bag/PartNet/d7dff9ecaf5f063cb1eb0742a46d174e,True,bag,bag,3,"['the', 'body', 'is', 'not', 'as', 'long']",6,the body is not as long,train,train,train,train,"[1, 10, 45, 7, 40, 52, 32, 2, 0, 0, 0, 0, 0, 0, 0, 0, 0, 0]",body
438928,user_1689,Its body is wider at top and narrower at bottom.,30ZX6P7VFAOONFUU6HPCRSWIK5V2J8,181.0,30bf69aa24dbb3fc9de193e488fc4dce,bag,ShapeNet,788eee4bfb4f27ecc33cda78d407d98a,bag,PartNet,False,bag/PartNet/788eee4bfb4f27ecc33cda78d407d98a,bag/ShapeNet/30bf69aa24dbb3fc9de193e488fc4dce,True,bag,bag,3,"['its', 'body', 'is', 'wide', '-er', 'at', 'top', 'and', 'narrow', '-er', 'at', 'bottom']",12,its body is wide -er at top and narrow -er at bottom,train,train,train,train,"[1, 5, 45, 7, 83, 9, 98, 99, 47, 210, 9, 98, 76, 2, 0, 0, 0, 0]",body
438935,user_156,It has two external pockets on its front.,3MH9DQ757Y5NGPDVHVEF0YZUB71GUA,33.0,f297885d4918000ec8724d5673a063a6,bag,ShapeNet,4a175db3a8cad99b5dd5ceb34f6e33d9,bag,ShapeNet,False,bag/ShapeNet/4a175db3a8cad99b5dd5ceb34f6e33d9,bag/ShapeNet/f297885d4918000ec8724d5673a063a6,True,bag,bag,3,"['it', 'has', 'two', 'external', 'pockets', 'on', 'its', 'front']",8,it has two external pockets on its front,train,train,train,train,"[1, 23, 24, 17, 1100, 2930, 20, 5, 37, 2, 0, 0, 0, 0, 0, 0, 0, 0]",body
438942,user_1424,The small handle is enclosed in a rectangle holder,3EJJQNKU9TY90TGPX71SGNOBJ5KHRA,159.0,5afe31025e8574ea8d6e12c39b2d5023,bag,ShapeNet,54931ecfaf7c4e08302e608f9e1070d0,bag,PartNet,False,bag/PartNet/54931ecfaf7c4e08302e608f9e1070d0,bag/ShapeNet/5afe31025e8574ea8d6e12c39b2d5023,True,bag,bag,3,"['the', 'small', 'handle', 'is', 'enclosed', 'in', 'a', 'rectangle', 'holder']",9,the small handle is enclosed in a rectangle holder,train,train,train,train,"[1, 10, 111, 29, 7, 1118, 90, 26, 425, 2025, 2, 0, 0, 0, 0, 0, 0, 0]",strap
438950,user_1298,The straps are simpler,3UXUOQ9OKGQK8NOWINTUUKA75YX7AN,55.0,811f592148958510abc49cae1a831a9e,bag,PartNet,c5285f62ab36c0b84a001c5cd830d507,bag,PartNet,False,bag/PartNet/c5285f62ab36c0b84a001c5cd830d507,bag/PartNet/811f592148958510abc49cae1a831a9e,True,bag,bag,3,"['the', 'straps', 'are', 'simple', '-er']",5,the straps are simple -er,train,train,train,train,"[1, 10, 716, 16, 421, 9, 2, 0, 0, 0, 0, 0, 0, 0, 0, 0, 0, 0]",strap
438953,user_156,Its handles aren't as long in length.,3UNH76FOCUY4P8TM2Z9ZGOP43ESYMW,48.0,151d033af5381fd4c1e1e64c8ea306ea,bag,ShapeNet,d3bd250ca3cb8e29976855a35549333,bag,ShapeNet,False,bag/ShapeNet/d3bd250ca3cb8e29976855a35549333,bag/ShapeNet/151d033af5381fd4c1e1e64c8ea306ea,True,bag,bag,3,"['its', 'handles', 'are', 'not', 'as', 'long', 'in', 'length']",8,its handles are not as long in length,train,train,train,train,"[1, 5, 18, 16, 40, 52, 32, 90, 155, 2, 0, 0, 0, 0, 0, 0, 0, 0]",strap
438954,user_1920,length of handles,39LNWE0K4WP1CGJQ7JEILACAQH9IUE,126.0,151d033af5381fd4c1e1e64c8ea306ea,bag,ShapeNet,d3bd250ca3cb8e29976855a35549333,bag,ShapeNet,False,bag/ShapeNet/d3bd250ca3cb8e29976855a35549333,bag/ShapeNet/151d033af5381fd4c1e1e64c8ea306ea,True,bag,bag,3,"['length', 'of', 'handles']",3,length of handles,train,train,train,train,"[1, 155, 38, 18, 2, 0, 0, 0, 0, 0, 0, 0, 0, 0, 0, 0, 0, 0]",strap
438956,user_786,Its front face has a smaller pocket above a larger pocket,3YT88D1N0AR8JHWVS23TBH1N59BK3I,116.0,54931ecfaf7c4e08302e608f9e1070d0,bag,PartNet,ec1b9ac45597e4cd9318cfd6c0d37d9b,bag,PartNet,False,bag/PartNet/ec1b9ac45597e4cd9318cfd6c0d37d9b,bag/PartNet/54931ecfaf7c4e08302e608f9e1070d0,False,bag,bag,3,"['its', 'front', 'face', 'has', 'a', 'small', '-er', 'pocket', 'above', 'a', 'large', '-er', 'pocket']",13,its front face has a small -er pocket above a large -er pocket,train,train,train,train,"[1, 5, 37, 56, 24, 26, 111, 9, 1425, 346, 26, 94, 9, 1425, 2, 0, 0, 0]",body
438958,user_2044,It has a front pocket,3PDJHANYK79GEAI55JYU5SXFNK76H6,47.0,54931ecfaf7c4e08302e608f9e1070d0,bag,PartNet,ec1b9ac45597e4cd9318cfd6c0d37d9b,bag,PartNet,False,bag/PartNet/ec1b9ac45597e4cd9318cfd6c0d37d9b,bag/PartNet/54931ecfaf7c4e08302e608f9e1070d0,False,bag,bag,3,"['it', 'has', 'a', 'front', 'pocket']",5,it has a front pocket,train,train,train,train,"[1, 23, 24, 26, 37, 1425, 2, 0, 0, 0, 0, 0, 0, 0, 0, 0, 0, 0]",body
438965,user_677,"Without the strap, it is shorter",31N2WW6R9TJX3V4HRRCWV49IXC43F7,89.0,eebc8d35d05e49b86afa58a86636d6be,bag,PartNet,dc52131684ed9cbbfe4a8257a424ee86,bag,ShapeNet,False,bag/ShapeNet/dc52131684ed9cbbfe4a8257a424ee86,bag/PartNet/eebc8d35d05e49b86afa58a86636d6be,False,bag,bag,3,"['without', 'the', 'strap', 'it', 'is', 'short', '-er']",7,without the strap it is short -er,train,train,train,train,"[1, 803, 10, 628, 23, 7, 8, 9, 2, 0, 0, 0, 0, 0, 0, 0, 0, 0]",strap
438966,user_891,it has a longer handle,3L2IS5HSFCBTQHUH4ZRAQI8RCGKUNN,42.0,eebc8d35d05e49b86afa58a86636d6be,bag,PartNet,dc52131684ed9cbbfe4a8257a424ee86,bag,ShapeNet,False,bag/ShapeNet/dc52131684ed9cbbfe4a8257a424ee86,bag/PartNet/eebc8d35d05e49b86afa58a86636d6be,False,bag,bag,3,"['it', 'has', 'a', 'long', '-er', 'handle']",6,it has a long -er handle,train,train,train,train,"[1, 23, 24, 26, 32, 9, 29, 2, 0, 0, 0, 0, 0, 0, 0, 0, 0, 0]",strap
438970,user_1602,The top of the body is rounder.,3O7L7BFSHGIKNKM4HJZDHSQ74UPEI5,81.0,61c9570c3d12e47cd061bb85232b3b01,bag,PartNet,5ce403455e28451b76bb31db0358e9c6,bag,PartNet,False,bag/PartNet/5ce403455e28451b76bb31db0358e9c6,bag/PartNet/61c9570c3d12e47cd061bb85232b3b01,True,bag,bag,3,"['the', 'top', 'of', 'the', 'body', 'is', 'round', '-er']",8,the top of the body is round -er,test,train,test,train,"[1, 10, 99, 38, 10, 45, 7, 134, 9, 2, 0, 0, 0, 0, 0, 0, 0, 0]",body
438972,user_329,There are two squares holding the strap to the bag on each side.,3LYA37P8ISGDMC087VIZT0ZZT1CBKO,603.0,4e4fcfffec161ecaed13f430b2941481,bag,ShapeNet,581af450a3a8009abc49cae1a831a9e,bag,ShapeNet,False,bag/ShapeNet/581af450a3a8009abc49cae1a831a9e,bag/ShapeNet/4e4fcfffec161ecaed13f430b2941481,True,bag,bag,3,"['there', 'are', 'two', 'squares', 'holding', 'the', 'strap', 'to', 'the', 'bag', 'on', 'each', 'side']",13,there are two squares holding the strap to the bag on each side,train,train,train,train,"[1, 15, 16, 17, 1120, 1189, 10, 628, 58, 10, 1909, 20, 21, 22, 2, 0, 0, 0]",strap
438973,user_507,there is a brand tag on the body,3NG53N1RLXCVV5ZHHB3XYFVXF8EP8R,43.0,4e4fcfffec161ecaed13f430b2941481,bag,ShapeNet,581af450a3a8009abc49cae1a831a9e,bag,ShapeNet,False,bag/ShapeNet/581af450a3a8009abc49cae1a831a9e,bag/ShapeNet/4e4fcfffec161ecaed13f430b2941481,True,bag,bag,3,"['there', 'is', 'a', 'brand', 'tag', 'on', 'the', 'body']",8,there is a brand tag on the body,train,train,train,train,"[1, 15, 7, 26, 1948, 1475, 20, 10, 45, 2, 0, 0, 0, 0, 0, 0, 0, 0]",body
438978,user_786,Its body looks like a crisp rectangular block with no roundedness at all,386CSBG1O1FTR3H8O9LOE6PGE5A6Q5,234.0,23d04b1d0e700f9674dc49346c29fd4d,bag,PartNet,f5108ede5ca11f041f6736765dee4fa9,bag,ShapeNet,False,bag/ShapeNet/f5108ede5ca11f041f6736765dee4fa9,bag/PartNet/23d04b1d0e700f9674dc49346c29fd4d,False,bag,bag,3,"['its', 'body', 'looks', 'like', 'a', 'crisp', 'rectangular', 'block', 'with', 'no', 'boundedness', 'at', 'all']",13,its body looks like a crisp rectangular block with no boundedness at all,test,train,test,train,"[1, 5, 45, 33, 35, 26, 5021, 128, 885, 121, 123, 3, 98, 367, 2, 0, 0, 0]",body
438979,user_1604,It has a rectangular handle.,3N2BF7Y2VSNI3D3XSZ5BUOU1DKQMH0,106.0,23d04b1d0e700f9674dc49346c29fd4d,bag,PartNet,f5108ede5ca11f041f6736765dee4fa9,bag,ShapeNet,False,bag/ShapeNet/f5108ede5ca11f041f6736765dee4fa9,bag/PartNet/23d04b1d0e700f9674dc49346c29fd4d,False,bag,bag,3,"['it', 'has', 'a', 'rectangular', 'handle']",5,it has a rectangular handle,test,train,test,train,"[1, 23, 24, 26, 128, 29, 2, 0, 0, 0, 0, 0, 0, 0, 0, 0, 0, 0]",strap
438980,user_156,It has no writing on its body.,34PGFRQONQ4AZVS1K1EJFZC7OFTWJT,655.0,5d4f774fdda6fa1dcd99ccc7ff441abf,bag,ShapeNet,61c9570c3d12e47cd061bb85232b3b01,bag,PartNet,False,bag/PartNet/61c9570c3d12e47cd061bb85232b3b01,bag/ShapeNet/5d4f774fdda6fa1dcd99ccc7ff441abf,True,bag,bag,3,"['it', 'has', 'no', 'writing', 'on', 'its', 'body']",7,it has no writing on its body,train,train,train,train,"[1, 23, 24, 123, 736, 20, 5, 45, 2, 0, 0, 0, 0, 0, 0, 0, 0, 0]",body
438989,user_505,Target has curved handles,35LDD5557CX95345YK887GAT5ZBMKH,64.0,c5a37b5192fba85b9ca96b2737246fca,bag,PartNet,1342fc4f613687f92569b963af585e33,bag,ShapeNet,False,bag/ShapeNet/1342fc4f613687f92569b963af585e33,bag/PartNet/c5a37b5192fba85b9ca96b2737246fca,True,bag,bag,3,"['target', 'has', 'curved', 'handles']",4,target has curved handles,train,train,train,train,"[1, 11, 24, 51, 18, 2, 0, 0, 0, 0, 0, 0, 0, 0, 0, 0, 0, 0]",strap
438991,user_2044,The handles are shorter height-wise,34HJIJKLP7P7HO9BRKMJNV4AZ7WV4I,73.0,c5a37b5192fba85b9ca96b2737246fca,bag,PartNet,1342fc4f613687f92569b963af585e33,bag,ShapeNet,False,bag/ShapeNet/1342fc4f613687f92569b963af585e33,bag/PartNet/c5a37b5192fba85b9ca96b2737246fca,True,bag,bag,3,"['the', 'handles', 'are', 'short', '-er', 'height', 'wise']",7,the handles are short -er height wise,train,train,train,train,"[1, 10, 18, 16, 8, 9, 117, 359, 2, 0, 0, 0, 0, 0, 0, 0, 0, 0]",strap
438994,user_1191,It has a shorter edge below the handle.,33FBRBDW6QSC1GQDC6HREFWQGPFC8G,92.0,8bc53bae41a8105f5c7506815f553527,bag,ShapeNet,d9015890f9691fd593daa1a1c18444ab,bag,ShapeNet,False,bag/ShapeNet/d9015890f9691fd593daa1a1c18444ab,bag/ShapeNet/8bc53bae41a8105f5c7506815f553527,True,bag,bag,3,"['it', 'has', 'a', 'short', '-er', 'edge', 'below', 'the', 'handle']",9,it has a short -er edge below the handle,train,train,train,train,"[1, 23, 24, 26, 8, 9, 631, 170, 10, 29, 2, 0, 0, 0, 0, 0, 0, 0]",strap
438998,user_677,The target's straps are smaller,37U1UTWH9XFG7IFWU37M3AVCGM1R8C,213.0,e450a063965ce182372d50f0ef237781,bag,ShapeNet,30bf69aa24dbb3fc9de193e488fc4dce,bag,ShapeNet,False,bag/ShapeNet/30bf69aa24dbb3fc9de193e488fc4dce,bag/ShapeNet/e450a063965ce182372d50f0ef237781,True,bag,bag,3,"['the', 'target', ""'s"", 'straps', 'are', 'small', '-er']",7,the target 's straps are small -er,train,train,train,train,"[1, 10, 11, 12, 716, 16, 111, 9, 2, 0, 0, 0, 0, 0, 0, 0, 0, 0]",strap
439000,user_1894,The body has rectangular sides on each end.,3YGXWBAF72ABIF3B03REX3GLEZ24CC,441.0,e450a063965ce182372d50f0ef237781,bag,ShapeNet,30bf69aa24dbb3fc9de193e488fc4dce,bag,ShapeNet,False,bag/ShapeNet/30bf69aa24dbb3fc9de193e488fc4dce,bag/ShapeNet/e450a063965ce182372d50f0ef237781,True,bag,bag,3,"['the', 'body', 'has', 'rectangular', 'sides', 'on', 'each', 'end']",8,the body has rectangular sides on each end,train,train,train,train,"[1, 10, 45, 24, 128, 360, 20, 21, 74, 2, 0, 0, 0, 0, 0, 0, 0, 0]",body
439004,user_1298,It has a small handle on the top,3ITXP059PYCHSEBS0W4IIA9MIZ3SJA,66.0,6be0fb1d4872e759285e5a1f74237618,bag,PartNet,e8039f73cf912ff5e8c69fd29511206a,bag,ShapeNet,False,bag/ShapeNet/e8039f73cf912ff5e8c69fd29511206a,bag/PartNet/6be0fb1d4872e759285e5a1f74237618,True,bag,bag,3,"['it', 'has', 'a', 'small', 'handle', 'on', 'the', 'top']",8,it has a small handle on the top,train,train,train,train,"[1, 23, 24, 26, 111, 29, 20, 10, 99, 2, 0, 0, 0, 0, 0, 0, 0, 0]",strap
439020,user_1894,The handles are arched.,3ZPBJO59KRUFZJXKF668BY7744THD4,191.0,68e4ba38895d820df6fec4b901a12701,bag,ShapeNet,eebc8d35d05e49b86afa58a86636d6be,bag,PartNet,False,bag/PartNet/eebc8d35d05e49b86afa58a86636d6be,bag/ShapeNet/68e4ba38895d820df6fec4b901a12701,False,bag,bag,3,"['the', 'handles', 'are', 'arched']",4,the handles are arched,train,train,train,train,"[1, 10, 18, 16, 366, 2, 0, 0, 0, 0, 0, 0, 0, 0, 0, 0, 0, 0]",strap
439024,user_156,It has visible side pockets.,3ATPCQ38JA33N7KX5WJU7XU49ZCYAP,67.0,93ca5243aa73b5de81157c9325bb0e45,bag,ShapeNet,fee3c970d7e854103f5881eaf72c4aa0,bag,PartNet,False,bag/PartNet/fee3c970d7e854103f5881eaf72c4aa0,bag/ShapeNet/93ca5243aa73b5de81157c9325bb0e45,False,bag,bag,3,"['it', 'has', 'visible', 'side', 'pockets']",5,it has visible side pockets,val,train,val,train,"[1, 23, 24, 185, 22, 2930, 2, 0, 0, 0, 0, 0, 0, 0, 0, 0, 0, 0]",body
439032,user_1954,no handle buckles,3R5F3LQFV4DSU1O3B1QVMZNB4B9OZW,65.0,61c9570c3d12e47cd061bb85232b3b01,bag,PartNet,e1838a13ace989545de21284bb515a83,bag,ShapeNet,False,bag/ShapeNet/e1838a13ace989545de21284bb515a83,bag/PartNet/61c9570c3d12e47cd061bb85232b3b01,False,bag,bag,3,"['no', 'handle', 'buckles']",3,no handle buckles,train,train,train,train,"[1, 123, 29, 5045, 2, 0, 0, 0, 0, 0, 0, 0, 0, 0, 0, 0, 0, 0]",strap
439041,user_2044,It has pockets in the front,3RANCT1ZVHARP85K19M1ZN8XVS5UBZ,32.0,506a05b6ba66bde0b726426d6c667c7,bag,ShapeNet,4a175db3a8cad99b5dd5ceb34f6e33d9,bag,ShapeNet,False,bag/ShapeNet/4a175db3a8cad99b5dd5ceb34f6e33d9,bag/ShapeNet/506a05b6ba66bde0b726426d6c667c7,False,bag,bag,3,"['it', 'has', 'pockets', 'in', 'the', 'front']",6,it has pockets in the front,train,train,train,train,"[1, 23, 24, 2930, 90, 10, 37, 2, 0, 0, 0, 0, 0, 0, 0, 0, 0, 0]",body
439042,user_507,it has clips to strap into,37UQDCYH6ZO40BRUTIKQQ7OKQC9V7V,50.0,e90e27c3020d25dd76bb31db0358e9c6,bag,ShapeNet,80530cf532d86195bff3b8b883ab202d,bag,PartNet,False,bag/PartNet/80530cf532d86195bff3b8b883ab202d,bag/ShapeNet/e90e27c3020d25dd76bb31db0358e9c6,False,bag,bag,3,"['it', 'has', 'clips', 'to', 'strap', 'into']",6,it has clips to strap into,train,train,train,train,"[1, 23, 24, 3318, 58, 628, 148, 2, 0, 0, 0, 0, 0, 0, 0, 0, 0, 0]",strap
439044,user_1703,Has more straps,3LS2AMNW5HJJG9NCO57IV6B7Z99OQP,220.0,e90e27c3020d25dd76bb31db0358e9c6,bag,ShapeNet,80530cf532d86195bff3b8b883ab202d,bag,PartNet,False,bag/PartNet/80530cf532d86195bff3b8b883ab202d,bag/ShapeNet/e90e27c3020d25dd76bb31db0358e9c6,False,bag,bag,3,"['has', 'more', 'straps']",3,has more straps,train,train,train,train,"[1, 24, 34, 716, 2, 0, 0, 0, 0, 0, 0, 0, 0, 0, 0, 0, 0, 0]",strap
439048,user_33,There are straps on the back in a backpack type of design.,3Y54SXRO1NERLUZ11VDMZHEJ1YFTUW,80.0,d9015890f9691fd593daa1a1c18444ab,bag,ShapeNet,c7e6a0525b997bda3667e024d1341456,bag,PartNet,False,bag/PartNet/c7e6a0525b997bda3667e024d1341456,bag/ShapeNet/d9015890f9691fd593daa1a1c18444ab,False,bag,bag,3,"['there', 'are', 'straps', 'on', 'the', 'back', 'in', 'a', 'backpack', 'type', 'of', 'design']",12,there are straps on the back in a backpack type of design,train,train,train,train,"[1, 15, 16, 716, 20, 10, 183, 90, 26, 3332, 522, 38, 192, 2, 0, 0, 0, 0]",strap
439052,user_1298,It does not have designs on the body,3IKZ72A5B6947ZXR9AWB4I7O2UMNF0,55.0,2022610a5d1a8455abc49cae1a831a9e,bag,ShapeNet,30bf69aa24dbb3fc9de193e488fc4dce,bag,ShapeNet,False,bag/ShapeNet/30bf69aa24dbb3fc9de193e488fc4dce,bag/ShapeNet/2022610a5d1a8455abc49cae1a831a9e,False,bag,bag,3,"['it', 'does', 'not', 'have', 'designs', 'on', 'the', 'body']",8,it does not have designs on the body,train,train,train,train,"[1, 23, 39, 40, 84, 1743, 20, 10, 45, 2, 0, 0, 0, 0, 0, 0, 0, 0]",body
439059,user_2089,It has rope-like handles.,3VHP9MDGRPDLGV00KKNXO7DC3PYFCY,296.0,e6daa1435018a044da5feafe6f1c8fc,bag,ShapeNet,506a05b6ba66bde0b726426d6c667c7,bag,ShapeNet,False,bag/ShapeNet/506a05b6ba66bde0b726426d6c667c7,bag/ShapeNet/e6daa1435018a044da5feafe6f1c8fc,True,bag,bag,3,"['it', 'has', 'rope', 'like', 'handles']",5,it has rope like handles,train,train,train,train,"[1, 23, 24, 4052, 35, 18, 2, 0, 0, 0, 0, 0, 0, 0, 0, 0, 0, 0]",strap
439060,user_677,It has no handle,3DY46V3X3RB8FDYWZYNGOPGPMG0553,112.0,4a175db3a8cad99b5dd5ceb34f6e33d9,bag,ShapeNet,6cf7d7479ebac5fe18457223b2b684b3,bag,PartNet,False,bag/PartNet/6cf7d7479ebac5fe18457223b2b684b3,bag/ShapeNet/4a175db3a8cad99b5dd5ceb34f6e33d9,False,bag,bag,3,"['it', 'has', 'no', 'handle']",4,it has no handle,train,train,train,train,"[1, 23, 24, 123, 29, 2, 0, 0, 0, 0, 0, 0, 0, 0, 0, 0, 0, 0]",strap
439072,user_507,its body is not a cylinder,3BC8WZX3V5PMPNUSTCDMURQH6IQRRX,51.0,811f592148958510abc49cae1a831a9e,bag,PartNet,e49f6ae8fa76e90a285e5a1f74237618,bag,ShapeNet,False,bag/ShapeNet/e49f6ae8fa76e90a285e5a1f74237618,bag/PartNet/811f592148958510abc49cae1a831a9e,False,bag,bag,3,"['its', 'body', 'is', 'not', 'a', 'cylinder']",6,its body is not a cylinder,train,train,train,train,"[1, 5, 45, 7, 40, 26, 66, 2, 0, 0, 0, 0, 0, 0, 0, 0, 0, 0]",body
439079,user_2044,It has two pockets on each side,37FMASSAYEKMGHAK7SXNGKKM1YZIBY,27.0,4a67dccd91447cfa504721639e19f609,bag,PartNet,6cf7d7479ebac5fe18457223b2b684b3,bag,PartNet,False,bag/PartNet/6cf7d7479ebac5fe18457223b2b684b3,bag/PartNet/4a67dccd91447cfa504721639e19f609,True,bag,bag,3,"['it', 'has', 'two', 'pockets', 'on', 'each', 'side']",7,it has two pockets on each side,train,train,train,train,"[1, 23, 24, 17, 2930, 20, 21, 22, 2, 0, 0, 0, 0, 0, 0, 0, 0, 0]",body
439082,user_1849,The handle is diffrent,3TE3O8573215L3D7EMYLTJI9UMFR2F,146.0,581af450a3a8009abc49cae1a831a9e,bag,ShapeNet,d7e81ad000b90c26bc4ac3caf16ef65,bag,PartNet,False,bag/PartNet/d7e81ad000b90c26bc4ac3caf16ef65,bag/ShapeNet/581af450a3a8009abc49cae1a831a9e,True,bag,bag,3,"['the', 'handle', 'is', 'different']",4,the handle is different,train,train,train,train,"[1, 10, 29, 7, 306, 2, 0, 0, 0, 0, 0, 0, 0, 0, 0, 0, 0, 0]",strap
439086,user_156,It does not have any shapes or designs on the front of its body.,3CPLWGV3MQSV6P6E6OWJUMLDZYDN9Y,33.0,aca3e1adcde4b3813a75e6d000e08290,bag,PartNet,35c950ccd57d9cde3774dede79959b94,bag,PartNet,False,bag/PartNet/35c950ccd57d9cde3774dede79959b94,bag/PartNet/aca3e1adcde4b3813a75e6d000e08290,True,bag,bag,3,"['it', 'does', 'not', 'have', 'any', 'shapes', 'or', 'designs', 'on', 'the', 'front', 'of', 'its', 'body']",14,it does not have any shapes or designs on the front of its body,test,train,test,train,"[1, 23, 39, 40, 84, 278, 980, 124, 1743, 20, 10, 37, 38, 5, 45, 2, 0, 0]",body
439089,user_203,The body is tapered.,35L9RVQFCQB1GL8611WXLYBVQ5UHUM,50.0,d9fb0b4c7b6f84d0abc49cae1a831a9e,bag,PartNet,2ca6df7a5377825cfee773c7de26c274,bag,ShapeNet,False,bag/ShapeNet/2ca6df7a5377825cfee773c7de26c274,bag/PartNet/d9fb0b4c7b6f84d0abc49cae1a831a9e,True,bag,bag,3,"['the', 'body', 'is', 'tapered']",4,the body is tapered,val,train,val,train,"[1, 10, 45, 7, 352, 2, 0, 0, 0, 0, 0, 0, 0, 0, 0, 0, 0, 0]",body
439092,user_156,It does not have any carrying straps.,31IBVUNM9USHF460B1I2EZ11OZEFV3,60.0,cbc2328cadf8dc573394926146371698,bag,ShapeNet,d331a7bbfb0e7301e858db1dc3499392,bag,ShapeNet,False,bag/ShapeNet/d331a7bbfb0e7301e858db1dc3499392,bag/ShapeNet/cbc2328cadf8dc573394926146371698,True,bag,bag,3,"['it', 'does', 'not', 'have', 'any', 'carrying', 'straps']",7,it does not have any carrying straps,train,train,train,train,"[1, 23, 39, 40, 84, 278, 2470, 716, 2, 0, 0, 0, 0, 0, 0, 0, 0, 0]",strap
439093,user_1298,The height of the body is shorter,3YGXWBAF72ABIF3B03REX3GLE0BC4V,51.0,cbc2328cadf8dc573394926146371698,bag,ShapeNet,d331a7bbfb0e7301e858db1dc3499392,bag,ShapeNet,False,bag/ShapeNet/d331a7bbfb0e7301e858db1dc3499392,bag/ShapeNet/cbc2328cadf8dc573394926146371698,True,bag,bag,3,"['the', 'height', 'of', 'the', 'body', 'is', 'short', '-er']",8,the height of the body is short -er,train,train,train,train,"[1, 10, 117, 38, 10, 45, 7, 8, 9, 2, 0, 0, 0, 0, 0, 0, 0, 0]",body
439094,user_1887,"The handles are small half circles, not as long",3IAS3U3I0H9I5WWIIPCVT4D5C2UB28,342.0,cbc2328cadf8dc573394926146371698,bag,ShapeNet,d331a7bbfb0e7301e858db1dc3499392,bag,ShapeNet,False,bag/ShapeNet/d331a7bbfb0e7301e858db1dc3499392,bag/ShapeNet/cbc2328cadf8dc573394926146371698,True,bag,bag,3,"['the', 'handles', 'are', 'small', 'half', 'circles', 'not', 'as', 'long']",9,the handles are small half circles not as long,train,train,train,train,"[1, 10, 18, 16, 111, 158, 452, 40, 52, 32, 2, 0, 0, 0, 0, 0, 0, 0]",strap
439097,user_1604,It has thin handles.,3XIQGXAUME1W40WPTXL8ESL56LDX7S,70.0,93ca5243aa73b5de81157c9325bb0e45,bag,ShapeNet,39381a2718d2a1d4d5f008f38a566dee,bag,ShapeNet,False,bag/ShapeNet/39381a2718d2a1d4d5f008f38a566dee,bag/ShapeNet/93ca5243aa73b5de81157c9325bb0e45,True,bag,bag,3,"['it', 'has', 'thin', 'handles']",4,it has thin handles,train,train,train,train,"[1, 23, 24, 60, 18, 2, 0, 0, 0, 0, 0, 0, 0, 0, 0, 0, 0, 0]",strap
439098,user_203,The body is not tapered.,324G5B4FB51O7AQEQLW15EYUWDW709,61.0,e1838a13ace989545de21284bb515a83,bag,ShapeNet,2cf9dc107cf70f511f6736765dee4fa9,bag,PartNet,False,bag/PartNet/2cf9dc107cf70f511f6736765dee4fa9,bag/ShapeNet/e1838a13ace989545de21284bb515a83,False,bag,bag,3,"['the', 'body', 'is', 'not', 'tapered']",5,the body is not tapered,test,train,test,train,"[1, 10, 45, 7, 40, 352, 2, 0, 0, 0, 0, 0, 0, 0, 0, 0, 0, 0]",body
439101,user_442,The opening is slighty wider than the body of the bag,3DHE4R9OCY4EWD4TYB49UF42SDA2G0,127.0,adfe9029a1ca723eb8966aeece708f87,bag,ShapeNet,a1822be832091e036afa58a86636d6be,bag,ShapeNet,False,bag/ShapeNet/a1822be832091e036afa58a86636d6be,bag/ShapeNet/adfe9029a1ca723eb8966aeece708f87,True,bag,bag,3,"['the', 'opening', 'is', 'slighty', 'wide', '-er', 'than', 'the', 'body', 'of', 'the', 'bag']",12,the opening is slighty wide -er than the body of the bag,train,train,train,train,"[1, 10, 197, 7, 3621, 83, 9, 131, 10, 45, 38, 10, 1909, 2, 0, 0, 0, 0]",body
439110,user_1604,It doesn't have two handles.,3FPRZHYEP00MZSQ7R6H0DQC4L8L3VS,68.0,d7e81ad000b90c26bc4ac3caf16ef65,bag,PartNet,2f97f841aff238b74245c6fcbfdfe98a,bag,ShapeNet,False,bag/ShapeNet/2f97f841aff238b74245c6fcbfdfe98a,bag/PartNet/d7e81ad000b90c26bc4ac3caf16ef65,False,bag,bag,3,"['it', 'does', 'not', 'have', 'two', 'handles']",6,it does not have two handles,train,train,train,train,"[1, 23, 39, 40, 84, 17, 18, 2, 0, 0, 0, 0, 0, 0, 0, 0, 0, 0]",strap
439111,user_1851,Cannot be used on the shoulder or as a shoulder strap.,3UOUJI6MTF7Y2B8L65EJOKZPEU1UXE,289.0,d7e81ad000b90c26bc4ac3caf16ef65,bag,PartNet,2f97f841aff238b74245c6fcbfdfe98a,bag,ShapeNet,False,bag/ShapeNet/2f97f841aff238b74245c6fcbfdfe98a,bag/PartNet/d7e81ad000b90c26bc4ac3caf16ef65,False,bag,bag,3,"['can', 'not', 'be', 'used', 'on', 'the', 'shoulder', 'or', 'as', 'a', 'shoulder', 'strap']",12,can not be used on the shoulder or as a shoulder strap,train,train,train,train,"[1, 1168, 40, 204, 502, 20, 10, 1767, 124, 52, 26, 1767, 628, 2, 0, 0, 0, 0]",strap
439114,user_1298,The handles form a triangle,3S4AW7T80DB4LJXHDGKD0M68883L4W,89.0,d71ffec5db3f9a6334b3fa0a9f7ca3f,bag,PartNet,a55b721ea5a29d7f639ff561fa3f5bac,bag,ShapeNet,False,bag/ShapeNet/a55b721ea5a29d7f639ff561fa3f5bac,bag/PartNet/d71ffec5db3f9a6334b3fa0a9f7ca3f,False,bag,bag,3,"['the', 'handles', 'form', 'a', 'triangle']",5,the handles form a triangle,train,train,train,train,"[1, 10, 18, 67, 26, 608, 2, 0, 0, 0, 0, 0, 0, 0, 0, 0, 0, 0]",strap
439117,user_1633,The target has only one handle.,3IKZ72A5B6947ZXR9AWB4I7O2VWFN4,34.0,1b70bb39da3c559f8a729a9d838530b4,bag,PartNet,10a885f5971d9d4ce858db1dc3499392,bag,ShapeNet,False,bag/ShapeNet/10a885f5971d9d4ce858db1dc3499392,bag/PartNet/1b70bb39da3c559f8a729a9d838530b4,False,bag,bag,3,"['the', 'target', 'has', 'only', 'one', 'handle']",6,the target has only one handle,train,train,train,train,"[1, 10, 11, 24, 133, 19, 29, 2, 0, 0, 0, 0, 0, 0, 0, 0, 0, 0]",strap
439121,user_1298,There is no design on the body,3PMBY0YE29WCFL9NHYN5EBR10SBC9D,46.0,68e4ba38895d820df6fec4b901a12701,bag,ShapeNet,68b7ca73de30ad6df2197da8dec8488d,bag,ShapeNet,False,bag/ShapeNet/68b7ca73de30ad6df2197da8dec8488d,bag/ShapeNet/68e4ba38895d820df6fec4b901a12701,True,bag,bag,3,"['there', 'is', 'no', 'design', 'on', 'the', 'body']",7,there is no design on the body,train,train,train,train,"[1, 15, 7, 123, 192, 20, 10, 45, 2, 0, 0, 0, 0, 0, 0, 0, 0, 0]",body
439122,user_1161,The target has a strap closer over the zipper,3ATPCQ38JA33N7KX5WJU7XU49X3YAC,170.0,10a885f5971d9d4ce858db1dc3499392,bag,ShapeNet,93ca5243aa73b5de81157c9325bb0e45,bag,ShapeNet,False,bag/ShapeNet/93ca5243aa73b5de81157c9325bb0e45,bag/ShapeNet/10a885f5971d9d4ce858db1dc3499392,False,bag,bag,3,"['the', 'target', 'has', 'a', 'strap', 'close', '-er', 'over', 'the', 'zipper']",10,the target has a strap close -er over the zipper,train,train,train,train,"[1, 10, 11, 24, 26, 628, 1025, 9, 267, 10, 3343, 2, 0, 0, 0, 0, 0, 0]",strap
439128,user_156,It has a heart shape on its body.,3PW9OPU9PSDHSYEQGSJ6NS0WQRY21D,24.0,f872a64810c123a47abde6405e4d8323,bag,ShapeNet,2022610a5d1a8455abc49cae1a831a9e,bag,ShapeNet,False,bag/ShapeNet/2022610a5d1a8455abc49cae1a831a9e,bag/ShapeNet/f872a64810c123a47abde6405e4d8323,False,bag,bag,3,"['it', 'has', 'a', 'heart', 'shape', 'on', 'its', 'body']",8,it has a heart shape on its body,train,train,train,train,"[1, 23, 24, 26, 795, 93, 20, 5, 45, 2, 0, 0, 0, 0, 0, 0, 0, 0]",body
439130,user_2048,It does not have a shoulder strap,3P529IW9K0EEJZU6XXGWRQ3ZXYCLFK,39.0,f872a64810c123a47abde6405e4d8323,bag,ShapeNet,2022610a5d1a8455abc49cae1a831a9e,bag,ShapeNet,True,bag/ShapeNet/2022610a5d1a8455abc49cae1a831a9e,bag/ShapeNet/f872a64810c123a47abde6405e4d8323,False,bag,bag,3,"['it', 'does', 'not', 'have', 'a', 'shoulder', 'strap']",7,it does not have a shoulder strap,train,train,train,train,"[1, 23, 39, 40, 84, 26, 1767, 628, 2, 0, 0, 0, 0, 0, 0, 0, 0, 0]",strap
439139,user_2044,It has a pocket on its right side,3ATTHHXXWCHTTKDLCOP55HBEK1LIX5,79.0,1b70bb39da3c559f8a729a9d838530b4,bag,PartNet,80530cf532d86195bff3b8b883ab202d,bag,PartNet,False,bag/PartNet/80530cf532d86195bff3b8b883ab202d,bag/PartNet/1b70bb39da3c559f8a729a9d838530b4,True,bag,bag,3,"['it', 'has', 'a', 'pocket', 'on', 'its', 'right', 'side']",8,it has a pocket on its right side,train,train,train,train,"[1, 23, 24, 26, 1425, 20, 5, 118, 22, 2, 0, 0, 0, 0, 0, 0, 0, 0]",body
439144,user_505,Target's handle is not as tall,3R0T90IZ1U5RUVWVV4TF6SDO451CGZ,46.0,d7e81ad000b90c26bc4ac3caf16ef65,bag,PartNet,45f56ad8c0f4059323166544c0deb60f,bag,ShapeNet,False,bag/ShapeNet/45f56ad8c0f4059323166544c0deb60f,bag/PartNet/d7e81ad000b90c26bc4ac3caf16ef65,True,bag,bag,3,"['target', ""'s"", 'handle', 'is', 'not', 'as', 'tall']",7,target 's handle is not as tall,train,train,train,train,"[1, 11, 12, 29, 7, 40, 52, 53, 2, 0, 0, 0, 0, 0, 0, 0, 0, 0]",strap
439152,user_507,it does not have a front pocket,3GNA64GUZGXX8ZHUJQBJM0BGIEZQ5H,55.0,4a67dccd91447cfa504721639e19f609,bag,PartNet,1614bc965545308e5de21284bb515a83,bag,PartNet,False,bag/PartNet/1614bc965545308e5de21284bb515a83,bag/PartNet/4a67dccd91447cfa504721639e19f609,True,bag,bag,3,"['it', 'does', 'not', 'have', 'a', 'front', 'pocket']",7,it does not have a front pocket,train,train,train,train,"[1, 23, 39, 40, 84, 26, 37, 1425, 2, 0, 0, 0, 0, 0, 0, 0, 0, 0]",body
439165,user_677,"If straps are included, it is taller",31Q0U3WYDR8OEZBWM401JJH415C17G,136.0,5afca35479b347786f0abe366609662,bag,ShapeNet,f297885d4918000ec8724d5673a063a6,bag,ShapeNet,False,bag/ShapeNet/f297885d4918000ec8724d5673a063a6,bag/ShapeNet/5afca35479b347786f0abe366609662,False,bag,bag,3,"['if', 'straps', 'are', 'included', 'it', 'is', 'tall', '-er']",8,if straps are included it is tall -er,train,train,train,train,"[1, 228, 716, 16, 2555, 23, 7, 53, 9, 2, 0, 0, 0, 0, 0, 0, 0, 0]",strap
439167,user_507,it has a half cylinder body,35K3O9HUAD60DTKEGBTSEVDFO5SFEG,36.0,6be0fb1d4872e759285e5a1f74237618,bag,PartNet,5afe31025e8574ea8d6e12c39b2d5023,bag,ShapeNet,False,bag/ShapeNet/5afe31025e8574ea8d6e12c39b2d5023,bag/PartNet/6be0fb1d4872e759285e5a1f74237618,True,bag,bag,3,"['it', 'has', 'a', 'half', 'cylinder', 'body']",6,it has a half cylinder body,train,train,train,train,"[1, 23, 24, 26, 158, 66, 45, 2, 0, 0, 0, 0, 0, 0, 0, 0, 0, 0]",body
439172,user_1604,It has one handle.,3KGTPGBS6ZEX1V5OIGTQYU5T1NC2UR,87.0,30bf69aa24dbb3fc9de193e488fc4dce,bag,ShapeNet,54cd45b275f551b276bb31db0358e9c6,bag,ShapeNet,False,bag/ShapeNet/54cd45b275f551b276bb31db0358e9c6,bag/ShapeNet/30bf69aa24dbb3fc9de193e488fc4dce,False,bag,bag,3,"['it', 'has', 'one', 'handle']",4,it has one handle,val,train,val,train,"[1, 23, 24, 19, 29, 2, 0, 0, 0, 0, 0, 0, 0, 0, 0, 0, 0, 0]",strap
439176,user_156,Its handles are much greater in diameter.,3ATPCQ38JA33N7KX5WJU7XU490ZAYQ,44.0,151d033af5381fd4c1e1e64c8ea306ea,bag,ShapeNet,71ead7f072106c63ed13f430b2941481,bag,ShapeNet,False,bag/ShapeNet/71ead7f072106c63ed13f430b2941481,bag/ShapeNet/151d033af5381fd4c1e1e64c8ea306ea,False,bag,bag,3,"['its', 'handles', 'are', 'much', 'great', '-er', 'in', 'diameter']",8,its handles are much great -er in diameter,train,train,train,train,"[1, 5, 18, 16, 59, 188, 9, 90, 268, 2, 0, 0, 0, 0, 0, 0, 0, 0]",strap
439177,user_923,The straps are wider,317HQ483I9LOHQZHAI2W7FKGIMSIN0,172.0,151d033af5381fd4c1e1e64c8ea306ea,bag,ShapeNet,71ead7f072106c63ed13f430b2941481,bag,ShapeNet,False,bag/ShapeNet/71ead7f072106c63ed13f430b2941481,bag/ShapeNet/151d033af5381fd4c1e1e64c8ea306ea,False,bag,bag,3,"['the', 'straps', 'are', 'wide', '-er']",5,the straps are wide -er,train,train,train,train,"[1, 10, 716, 16, 83, 9, 2, 0, 0, 0, 0, 0, 0, 0, 0, 0, 0, 0]",strap
439183,user_1298,The width of the body is smaller.,354P56DE9MWO8JAQZNFLFK4DR59S7B,53.0,151d033af5381fd4c1e1e64c8ea306ea,bag,ShapeNet,8e3eb521577dddea7d2c1de1b4d2a6e4,bag,PartNet,False,bag/PartNet/8e3eb521577dddea7d2c1de1b4d2a6e4,bag/ShapeNet/151d033af5381fd4c1e1e64c8ea306ea,False,bag,bag,3,"['the', 'width', 'of', 'the', 'body', 'is', 'small', '-er']",8,the width of the body is small -er,train,train,train,train,"[1, 10, 358, 38, 10, 45, 7, 111, 9, 2, 0, 0, 0, 0, 0, 0, 0, 0]",body
439191,user_156,It does not have any shoulder straps.,3VHHR074H5A146F0FEIK3YQIZDU7L9,34.0,ec1b9ac45597e4cd9318cfd6c0d37d9b,bag,PartNet,83ab18386e87bf4efef598dabc93c115,bag,ShapeNet,False,bag/ShapeNet/83ab18386e87bf4efef598dabc93c115,bag/PartNet/ec1b9ac45597e4cd9318cfd6c0d37d9b,False,bag,bag,3,"['it', 'does', 'not', 'have', 'any', 'shoulder', 'straps']",7,it does not have any shoulder straps,train,train,train,train,"[1, 23, 39, 40, 84, 278, 1767, 716, 2, 0, 0, 0, 0, 0, 0, 0, 0, 0]",strap
439193,user_529,This target does not have pockets.,3RGU30DZTC1EUJYNGZ8W61AGQBXMJ6,92.0,ec1b9ac45597e4cd9318cfd6c0d37d9b,bag,PartNet,83ab18386e87bf4efef598dabc93c115,bag,ShapeNet,False,bag/ShapeNet/83ab18386e87bf4efef598dabc93c115,bag/PartNet/ec1b9ac45597e4cd9318cfd6c0d37d9b,False,bag,bag,3,"['this', 'target', 'does', 'not', 'have', 'pockets']",6,this target does not have pockets,train,train,train,train,"[1, 301, 11, 39, 40, 84, 2930, 2, 0, 0, 0, 0, 0, 0, 0, 0, 0, 0]",body
439206,user_203,The body is not as wide at the bottom.,3X3OR7WPZ1T54KKJPJAQHYMDAU08LR,125.0,788eee4bfb4f27ecc33cda78d407d98a,bag,PartNet,8569a0c606bbba73d9985ad45fbb635e,bag,ShapeNet,False,bag/ShapeNet/8569a0c606bbba73d9985ad45fbb635e,bag/PartNet/788eee4bfb4f27ecc33cda78d407d98a,False,bag,bag,3,"['the', 'body', 'is', 'not', 'as', 'wide', 'at', 'the', 'bottom']",9,the body is not as wide at the bottom,train,train,train,train,"[1, 10, 45, 7, 40, 52, 83, 98, 10, 76, 2, 0, 0, 0, 0, 0, 0, 0]",body
439209,user_203,It does not have a handle wrap.,3KAKFY4PGWVHDM67SZIHY1MAD5Z3I3,113.0,f872a64810c123a47abde6405e4d8323,bag,ShapeNet,c4cb5bcb1a9399ae504721639e19f609,bag,ShapeNet,False,bag/ShapeNet/c4cb5bcb1a9399ae504721639e19f609,bag/ShapeNet/f872a64810c123a47abde6405e4d8323,True,bag,bag,3,"['it', 'does', 'not', 'have', 'a', 'handle', 'wrap']",7,it does not have a handle wrap,train,train,train,train,"[1, 23, 39, 40, 84, 26, 29, 2657, 2, 0, 0, 0, 0, 0, 0, 0, 0, 0]",strap
439210,user_786,It has no pocket on the front face,3QJOXOW4XLK6J3CV2YX59LXOL3CEMO,83.0,f872a64810c123a47abde6405e4d8323,bag,ShapeNet,c4cb5bcb1a9399ae504721639e19f609,bag,ShapeNet,False,bag/ShapeNet/c4cb5bcb1a9399ae504721639e19f609,bag/ShapeNet/f872a64810c123a47abde6405e4d8323,True,bag,bag,3,"['it', 'has', 'no', 'pocket', 'on', 'the', 'front', 'face']",8,it has no pocket on the front face,train,train,train,train,"[1, 23, 24, 123, 1425, 20, 10, 37, 56, 2, 0, 0, 0, 0, 0, 0, 0, 0]",body
439212,user_238,The target does not have a strap,39GHHAVOMHKYQT9HAV80K7TG4NE4J1,1043.0,6187bd900c3bc002ed13f430b2941481,bag,ShapeNet,7f5c12e8a1312ff8230a4d129580843a,bag,PartNet,False,bag/PartNet/7f5c12e8a1312ff8230a4d129580843a,bag/ShapeNet/6187bd900c3bc002ed13f430b2941481,False,bag,bag,3,"['the', 'target', 'does', 'not', 'have', 'a', 'strap']",7,the target does not have a strap,train,train,train,train,"[1, 10, 11, 39, 40, 84, 26, 628, 2, 0, 0, 0, 0, 0, 0, 0, 0, 0]",strap
439215,user_529,The body is much smaller.,3WEV0KO0OOL4PSB0Q0I7FCE9DGHDSU,226.0,f72de241037d474e76bb31db0358e9c6,bag,ShapeNet,6be0fb1d4872e759285e5a1f74237618,bag,PartNet,False,bag/PartNet/6be0fb1d4872e759285e5a1f74237618,bag/ShapeNet/f72de241037d474e76bb31db0358e9c6,False,bag,bag,3,"['the', 'body', 'is', 'much', 'small', '-er']",6,the body is much small -er,train,train,train,train,"[1, 10, 45, 7, 59, 111, 9, 2, 0, 0, 0, 0, 0, 0, 0, 0, 0, 0]",body
439219,user_786,Its handle is like a thin rectagular bar instead of a cylinder.,3OHYZ19UGEYRTTGVZ9AW56W2VN7OAU,142.0,e8039f73cf912ff5e8c69fd29511206a,bag,ShapeNet,20b4891228ecfb4876bb31db0358e9c6,bag,ShapeNet,False,bag/ShapeNet/20b4891228ecfb4876bb31db0358e9c6,bag/ShapeNet/e8039f73cf912ff5e8c69fd29511206a,False,bag,bag,3,"['its', 'handle', 'is', 'like', 'a', 'thin', 'rectangular', 'bar', 'instead', 'of', 'a', 'cylinder']",12,its handle is like a thin rectangular bar instead of a cylinder,train,train,train,train,"[1, 5, 29, 7, 35, 26, 60, 128, 700, 97, 38, 26, 66, 2, 0, 0, 0, 0]",strap
439222,user_1298,The body has a minimal design,3HWRJOOET7V9HYP0MVTRLUWUDR7ESB,79.0,6cf7d7479ebac5fe18457223b2b684b3,bag,PartNet,5654b9e3d9b62661ae0c7300d2b2cc1d,bag,PartNet,False,bag/PartNet/5654b9e3d9b62661ae0c7300d2b2cc1d,bag/PartNet/6cf7d7479ebac5fe18457223b2b684b3,True,bag,bag,3,"['the', 'body', 'has', 'a', 'minimal', 'design']",6,the body has a minimal design,train,train,train,train,"[1, 10, 45, 24, 26, 1319, 192, 2, 0, 0, 0, 0, 0, 0, 0, 0, 0, 0]",body
439223,user_2044,It does not have a distinct pocket on the front,3ZWFC4W1UW0PMXPJ2HDSD2CY3S9FRG,53.0,6cf7d7479ebac5fe18457223b2b684b3,bag,PartNet,5654b9e3d9b62661ae0c7300d2b2cc1d,bag,PartNet,False,bag/PartNet/5654b9e3d9b62661ae0c7300d2b2cc1d,bag/PartNet/6cf7d7479ebac5fe18457223b2b684b3,True,bag,bag,3,"['it', 'does', 'not', 'have', 'a', 'distinct', 'pocket', 'on', 'the', 'front']",10,it does not have a distinct pocket on the front,train,train,train,train,"[1, 23, 39, 40, 84, 26, 221, 1425, 20, 10, 37, 2, 0, 0, 0, 0, 0, 0]",body
439230,user_12,The top handles are thinner.,3X1FV8S5JZKNT42VMLOKWK1DPBDVGB,324.0,758dd5af7f18ed9acd99ccc7ff441abf,bag,ShapeNet,e5fea6c1dacf3ed4cd99ccc7ff441abf,bag,ShapeNet,False,bag/ShapeNet/e5fea6c1dacf3ed4cd99ccc7ff441abf,bag/ShapeNet/758dd5af7f18ed9acd99ccc7ff441abf,True,bag,bag,3,"['the', 'top', 'handles', 'are', 'thin', '-er']",6,the top handles are thin -er,train,train,train,train,"[1, 10, 99, 18, 16, 60, 9, 2, 0, 0, 0, 0, 0, 0, 0, 0, 0, 0]",strap
439250,user_156,It has a horizontal strap along its front side.,3DZQRBDBSN867093XBCV23SXM5AS3X,49.0,758dd5af7f18ed9acd99ccc7ff441abf,bag,ShapeNet,e49f6ae8fa76e90a285e5a1f74237618,bag,ShapeNet,False,bag/ShapeNet/e49f6ae8fa76e90a285e5a1f74237618,bag/ShapeNet/758dd5af7f18ed9acd99ccc7ff441abf,True,bag,bag,3,"['it', 'has', 'a', 'horizontal', 'strap', 'along', 'its', 'front', 'side']",9,it has a horizontal strap along its front side,train,train,train,train,"[1, 23, 24, 26, 265, 628, 480, 5, 37, 22, 2, 0, 0, 0, 0, 0, 0, 0]",strap
439252,user_1604,It has thin handles.,3YT88D1N0AR8JHWVS23TBH1N5AEK3N,47.0,758dd5af7f18ed9acd99ccc7ff441abf,bag,ShapeNet,e49f6ae8fa76e90a285e5a1f74237618,bag,ShapeNet,False,bag/ShapeNet/e49f6ae8fa76e90a285e5a1f74237618,bag/ShapeNet/758dd5af7f18ed9acd99ccc7ff441abf,True,bag,bag,3,"['it', 'has', 'thin', 'handles']",4,it has thin handles,train,train,train,train,"[1, 23, 24, 60, 18, 2, 0, 0, 0, 0, 0, 0, 0, 0, 0, 0, 0, 0]",strap
439262,user_203,It has a handle wrap.,3P59JYT76NDI1IQZIB3GTYJRI8Z2TS,326.0,d331a7bbfb0e7301e858db1dc3499392,bag,ShapeNet,22065bf26a7da50a5c4dc8ac281ba59d,bag,ShapeNet,False,bag/ShapeNet/22065bf26a7da50a5c4dc8ac281ba59d,bag/ShapeNet/d331a7bbfb0e7301e858db1dc3499392,True,bag,bag,3,"['it', 'has', 'a', 'handle', 'wrap']",5,it has a handle wrap,train,train,train,train,"[1, 23, 24, 26, 29, 2657, 2, 0, 0, 0, 0, 0, 0, 0, 0, 0, 0, 0]",strap
439264,user_1298,The width of the body is smaller,3LRLIPTPES2832VG1HI3YPFTBJ4AK5,120.0,d331a7bbfb0e7301e858db1dc3499392,bag,ShapeNet,22065bf26a7da50a5c4dc8ac281ba59d,bag,ShapeNet,False,bag/ShapeNet/22065bf26a7da50a5c4dc8ac281ba59d,bag/ShapeNet/d331a7bbfb0e7301e858db1dc3499392,True,bag,bag,3,"['the', 'width', 'of', 'the', 'body', 'is', 'small', '-er']",8,the width of the body is small -er,train,train,train,train,"[1, 10, 358, 38, 10, 45, 7, 111, 9, 2, 0, 0, 0, 0, 0, 0, 0, 0]",body
439266,user_1396,"the main front body is not a triangular, but its sides are",33FOTY3KEOEUQG6SDL8CZ59I2JT1C5,90.0,93ca5243aa73b5de81157c9325bb0e45,bag,ShapeNet,450a4589a15dc4926afa58a86636d6be,bag,PartNet,True,bag/PartNet/450a4589a15dc4926afa58a86636d6be,bag/ShapeNet/93ca5243aa73b5de81157c9325bb0e45,True,bag,bag,3,"['the', 'main', 'front', 'body', 'is', 'not', 'a', 'triangular', 'but', 'its', 'sides', 'are']",12,the main front body is not a triangular but its sides are,train,train,train,train,"[1, 10, 855, 37, 45, 7, 40, 26, 564, 207, 5, 360, 16, 2, 0, 0, 0, 0]",body
439271,user_156,It has visible slots and pockets on its front.,3V0Z7YWSI0TXEAUON63VUG7CFV42V1,33.0,c5a37b5192fba85b9ca96b2737246fca,bag,PartNet,feeae9bd7f1336693a75e6d000e08290,bag,PartNet,False,bag/PartNet/feeae9bd7f1336693a75e6d000e08290,bag/PartNet/c5a37b5192fba85b9ca96b2737246fca,True,bag,bag,3,"['it', 'has', 'visible', 'slots', 'and', 'pockets', 'on', 'its', 'front']",9,it has visible slots and pockets on its front,train,train,train,train,"[1, 23, 24, 185, 1097, 47, 2930, 20, 5, 37, 2, 0, 0, 0, 0, 0, 0, 0]",body
439273,user_948,It does not have handles,3DEL4X4EL8EFJKSQG6B8R552AJPXYU,37.0,c5a37b5192fba85b9ca96b2737246fca,bag,PartNet,feeae9bd7f1336693a75e6d000e08290,bag,PartNet,False,bag/PartNet/feeae9bd7f1336693a75e6d000e08290,bag/PartNet/c5a37b5192fba85b9ca96b2737246fca,True,bag,bag,3,"['it', 'does', 'not', 'have', 'handles']",5,it does not have handles,train,train,train,train,"[1, 23, 39, 40, 84, 18, 2, 0, 0, 0, 0, 0, 0, 0, 0, 0, 0, 0]",strap
439276,user_2044,It has rings attaching the handles to the sides,3GNA64GUZGXX8ZHUJQBJM0BGICTQ57,37.0,d331a7bbfb0e7301e858db1dc3499392,bag,ShapeNet,e90e27c3020d25dd76bb31db0358e9c6,bag,ShapeNet,False,bag/ShapeNet/e90e27c3020d25dd76bb31db0358e9c6,bag/ShapeNet/d331a7bbfb0e7301e858db1dc3499392,False,bag,bag,3,"['it', 'has', 'rings', 'attaching', 'the', 'handles', 'to', 'the', 'sides']",9,it has rings attaching the handles to the sides,train,train,train,train,"[1, 23, 24, 290, 2553, 10, 18, 58, 10, 360, 2, 0, 0, 0, 0, 0, 0, 0]",strap
439280,user_203,The left side of the body has a zippered opening.,3634BBTX0QNCTYM0CUJJZAB7GVYFII,219.0,bb6eba59b185e6bce8a1430c80ad4e85,bag,PartNet,dcc01017dcaa0eb06cc88f0bd373634c,bag,PartNet,False,bag/PartNet/dcc01017dcaa0eb06cc88f0bd373634c,bag/PartNet/bb6eba59b185e6bce8a1430c80ad4e85,True,bag,bag,3,"['the', 'left', 'side', 'of', 'the', 'body', 'has', 'a', 'zippered', 'opening']",10,the left side of the body has a zippered opening,train,train,train,train,"[1, 10, 187, 22, 38, 10, 45, 24, 26, 5609, 197, 2, 0, 0, 0, 0, 0, 0]",body
439286,user_203,The body is more tapered.,3J2UYBXQQN553AC97BR9Z0YY12B608,146.0,e450a063965ce182372d50f0ef237781,bag,ShapeNet,6881468dd51c214922022e93ae2b2b5b,bag,ShapeNet,False,bag/ShapeNet/6881468dd51c214922022e93ae2b2b5b,bag/ShapeNet/e450a063965ce182372d50f0ef237781,False,bag,bag,3,"['the', 'body', 'is', 'more', 'tapered']",5,the body is more tapered,train,train,train,train,"[1, 10, 45, 7, 34, 352, 2, 0, 0, 0, 0, 0, 0, 0, 0, 0, 0, 0]",body
439291,user_156,Its body does not taper towards its top.,3Z7EFSHGNB72GHRLKETJUEDJ7XRCXP,35.0,2022610a5d1a8455abc49cae1a831a9e,bag,ShapeNet,5c12982724d7f3d28bc9f09e7c72cc8a,bag,PartNet,False,bag/PartNet/5c12982724d7f3d28bc9f09e7c72cc8a,bag/ShapeNet/2022610a5d1a8455abc49cae1a831a9e,True,bag,bag,3,"['its', 'body', 'does', 'not', 'taper', 'towards', 'its', 'top']",8,its body does not taper towards its top,train,train,train,train,"[1, 5, 45, 39, 40, 753, 382, 5, 99, 2, 0, 0, 0, 0, 0, 0, 0, 0]",body
439294,user_156,Its body is concave at its top.,3OS46CRSLHSLWBDPA8FYKTOOV08V6D,1565.0,d7e81ad000b90c26bc4ac3caf16ef65,bag,PartNet,cbc1512b28e9ed382bef451de0ed6949,bag,ShapeNet,False,bag/ShapeNet/cbc1512b28e9ed382bef451de0ed6949,bag/PartNet/d7e81ad000b90c26bc4ac3caf16ef65,True,bag,bag,3,"['its', 'body', 'is', 'concave', 'at', 'its', 'top']",7,its body is concave at its top,test,train,test,train,"[1, 5, 45, 7, 390, 98, 5, 99, 2, 0, 0, 0, 0, 0, 0, 0, 0, 0]",body
439295,user_505,Target's handle is curved at the top,3GA6AFUKOQHHHRVNMH0WYPLVDSI3H8,45.0,d7e81ad000b90c26bc4ac3caf16ef65,bag,PartNet,cbc1512b28e9ed382bef451de0ed6949,bag,ShapeNet,False,bag/ShapeNet/cbc1512b28e9ed382bef451de0ed6949,bag/PartNet/d7e81ad000b90c26bc4ac3caf16ef65,True,bag,bag,3,"['target', ""'s"", 'handle', 'is', 'curved', 'at', 'the', 'top']",8,target 's handle is curved at the top,test,train,test,train,"[1, 11, 12, 29, 7, 51, 98, 10, 99, 2, 0, 0, 0, 0, 0, 0, 0, 0]",strap
439300,user_677,It has one handle,37WLF8U1WRJ7G0JDB41RIKD7F0SK63,97.0,7565e6f425dd6d376d987ae9a225629c,bag,ShapeNet,cbc1512b28e9ed382bef451de0ed6949,bag,ShapeNet,False,bag/ShapeNet/cbc1512b28e9ed382bef451de0ed6949,bag/ShapeNet/7565e6f425dd6d376d987ae9a225629c,False,bag,bag,3,"['it', 'has', 'one', 'handle']",4,it has one handle,test,train,test,train,"[1, 23, 24, 19, 29, 2, 0, 0, 0, 0, 0, 0, 0, 0, 0, 0, 0, 0]",strap
439302,user_2063,The strap is longer in length,3HYA4D452TC8ID8YNRYRCU4QRZJF2P,109.0,7565e6f425dd6d376d987ae9a225629c,bag,ShapeNet,cbc1512b28e9ed382bef451de0ed6949,bag,ShapeNet,False,bag/ShapeNet/cbc1512b28e9ed382bef451de0ed6949,bag/ShapeNet/7565e6f425dd6d376d987ae9a225629c,False,bag,bag,3,"['the', 'strap', 'is', 'long', '-er', 'in', 'length']",7,the strap is long -er in length,test,train,test,train,"[1, 10, 628, 7, 32, 9, 90, 155, 2, 0, 0, 0, 0, 0, 0, 0, 0, 0]",strap
439304,user_786,Its handles connect to the front face at two big tabs,3ZSY5X72NZ4JSA2C1KWI0WLCVRKORR,172.0,22065bf26a7da50a5c4dc8ac281ba59d,bag,ShapeNet,157fa29bcf6b890d76bb31db0358e9c6,bag,ShapeNet,False,bag/ShapeNet/157fa29bcf6b890d76bb31db0358e9c6,bag/ShapeNet/22065bf26a7da50a5c4dc8ac281ba59d,False,bag,bag,3,"['its', 'handles', 'connect', 'to', 'the', 'front', 'face', 'at', 'two', 'big', 'tabs']",11,its handles connect to the front face at two big tabs,test,train,test,train,"[1, 5, 18, 392, 58, 10, 37, 56, 98, 17, 320, 2755, 2, 0, 0, 0, 0, 0]",strap
439307,user_786,Its overall shape is like a piece of wheeled luggage with a long retractable handle,30JNVC0ORBD9OS1PKSCSBXE6NKZHQS,157.0,feeae9bd7f1336693a75e6d000e08290,bag,PartNet,669fe6ae83e64a544608027d921be76e,bag,PartNet,False,bag/PartNet/669fe6ae83e64a544608027d921be76e,bag/PartNet/feeae9bd7f1336693a75e6d000e08290,True,bag,bag,3,"['its', 'overall', 'shape', 'is', 'like', 'a', 'piece', 'of', 'wheeled', 'luggage', 'with', 'a', 'long', 'retractable', 'handle']",15,its overall shape is like a piece of wheeled luggage with a long retractable handle,train,train,train,train,"[1, 5, 201, 93, 7, 35, 26, 65, 38, 3124, 3335, 121, 26, 32, 2350, 29, 2, 0]",strap
439312,user_505,Target has diamond shaped clasps on the handles,3JV9LGBJWV7S3KTYL9261S75TJSOGG,88.0,577bfb3d22deeb3af71e06115e9c3b3e,bag,PartNet,e450a063965ce182372d50f0ef237781,bag,ShapeNet,False,bag/ShapeNet/e450a063965ce182372d50f0ef237781,bag/PartNet/577bfb3d22deeb3af71e06115e9c3b3e,False,bag,bag,3,"['target', 'has', 'diamond', 'shaped', 'clasps', 'on', 'the', 'handles']",8,target has diamond shaped clasps on the handles,train,train,train,train,"[1, 11, 24, 413, 14, 3349, 20, 10, 18, 2, 0, 0, 0, 0, 0, 0, 0, 0]",strap
439318,user_442,It appears to have a strap,3IO1LGZLKBQNLZHC2F4OSF4GKZX683,151.0,93ca5243aa73b5de81157c9325bb0e45,bag,ShapeNet,631fd8c280dfb9d5cd3852d63efc4336,bag,ShapeNet,False,bag/ShapeNet/631fd8c280dfb9d5cd3852d63efc4336,bag/ShapeNet/93ca5243aa73b5de81157c9325bb0e45,False,bag,bag,3,"['it', 'appears', 'to', 'have', 'a', 'strap']",6,it appears to have a strap,train,train,train,train,"[1, 23, 411, 58, 84, 26, 628, 2, 0, 0, 0, 0, 0, 0, 0, 0, 0, 0]",strap
439320,user_786,It has a strap below it very close to its bottom,3UOUJI6MTF7Y2B8L65EJOKZPEVMXU4,157.0,93ca5243aa73b5de81157c9325bb0e45,bag,ShapeNet,631fd8c280dfb9d5cd3852d63efc4336,bag,ShapeNet,False,bag/ShapeNet/631fd8c280dfb9d5cd3852d63efc4336,bag/ShapeNet/93ca5243aa73b5de81157c9325bb0e45,False,bag,bag,3,"['it', 'has', 'a', 'strap', 'below', 'it', 'very', 'close', 'to', 'its', 'bottom']",11,it has a strap below it very close to its bottom,train,train,train,train,"[1, 23, 24, 26, 628, 170, 23, 62, 1025, 58, 5, 76, 2, 0, 0, 0, 0, 0]",strap
439326,user_2044,It has round handles,3RXCAC0YITIPIS6IESDA46H5EFL8GW,105.0,c5a37b5192fba85b9ca96b2737246fca,bag,PartNet,756066117169dbc96c1d5082d1bdea19,bag,ShapeNet,False,bag/ShapeNet/756066117169dbc96c1d5082d1bdea19,bag/PartNet/c5a37b5192fba85b9ca96b2737246fca,False,bag,bag,3,"['it', 'has', 'round', 'handles']",4,it has round handles,train,train,train,train,"[1, 23, 24, 134, 18, 2, 0, 0, 0, 0, 0, 0, 0, 0, 0, 0, 0, 0]",strap
439327,user_156,It has no handles.,3HSYG7LRBLREFF42D8VSS3IPGX9KK9,26.0,93ca5243aa73b5de81157c9325bb0e45,bag,ShapeNet,876114d9d568b250b3628215e327f7d4,bag,PartNet,False,bag/PartNet/876114d9d568b250b3628215e327f7d4,bag/ShapeNet/93ca5243aa73b5de81157c9325bb0e45,False,bag,bag,3,"['it', 'has', 'no', 'handles']",4,it has no handles,train,train,train,train,"[1, 23, 24, 123, 18, 2, 0, 0, 0, 0, 0, 0, 0, 0, 0, 0, 0, 0]",strap
439328,user_203,There are no designs on the top of the body.,3WETL7AQWV151YBSLFZN9SI58JR53T,96.0,93ca5243aa73b5de81157c9325bb0e45,bag,ShapeNet,876114d9d568b250b3628215e327f7d4,bag,PartNet,False,bag/PartNet/876114d9d568b250b3628215e327f7d4,bag/ShapeNet/93ca5243aa73b5de81157c9325bb0e45,False,bag,bag,3,"['there', 'are', 'no', 'designs', 'on', 'the', 'top', 'of', 'the', 'body']",10,there are no designs on the top of the body,train,train,train,train,"[1, 15, 16, 123, 1743, 20, 10, 99, 38, 10, 45, 2, 0, 0, 0, 0, 0, 0]",body
439329,user_677,Its straps are larger,3DZQRBDBSN867093XBCV23SXM3AS3T,71.0,93ca5243aa73b5de81157c9325bb0e45,bag,ShapeNet,876114d9d568b250b3628215e327f7d4,bag,PartNet,False,bag/PartNet/876114d9d568b250b3628215e327f7d4,bag/ShapeNet/93ca5243aa73b5de81157c9325bb0e45,False,bag,bag,3,"['its', 'straps', 'are', 'large', '-er']",5,its straps are large -er,train,train,train,train,"[1, 5, 716, 16, 94, 9, 2, 0, 0, 0, 0, 0, 0, 0, 0, 0, 0, 0]",strap
439332,user_2048,it has a single handle,3HMVI3QICLL7TJ7X9DQ1WW1153Y1YS,28.0,2970e5486815e72ccd99ccc7ff441abf,bag,ShapeNet,adfe9029a1ca723eb8966aeece708f87,bag,ShapeNet,False,bag/ShapeNet/adfe9029a1ca723eb8966aeece708f87,bag/ShapeNet/2970e5486815e72ccd99ccc7ff441abf,True,bag,bag,3,"['it', 'has', 'a', 'single', 'handle']",5,it has a single handle,train,train,train,train,"[1, 23, 24, 26, 86, 29, 2, 0, 0, 0, 0, 0, 0, 0, 0, 0, 0, 0]",strap
439335,user_2044,The body is rigid and and triangular,39U1BHVTDNK7M0MIMBHLC8OJOMM3TR,39.0,61c9570c3d12e47cd061bb85232b3b01,bag,PartNet,83ab18386e87bf4efef598dabc93c115,bag,ShapeNet,False,bag/ShapeNet/83ab18386e87bf4efef598dabc93c115,bag/PartNet/61c9570c3d12e47cd061bb85232b3b01,True,bag,bag,3,"['the', 'body', 'is', 'rigid', 'and', 'and', 'triangular']",7,the body is rigid and and triangular,train,train,train,train,"[1, 10, 45, 7, 1963, 47, 47, 564, 2, 0, 0, 0, 0, 0, 0, 0, 0, 0]",body
439337,user_948,It does not have a hard handle,33C7UALJVNRSEDGFW9S7XJDZCPC814,48.0,4a175db3a8cad99b5dd5ceb34f6e33d9,bag,ShapeNet,fdd6a114f831fad4a344805881e35292,bag,PartNet,False,bag/PartNet/fdd6a114f831fad4a344805881e35292,bag/ShapeNet/4a175db3a8cad99b5dd5ceb34f6e33d9,False,bag,bag,3,"['it', 'does', 'not', 'have', 'a', 'hard', 'handle']",7,it does not have a hard handle,train,train,train,train,"[1, 23, 39, 40, 84, 26, 629, 29, 2, 0, 0, 0, 0, 0, 0, 0, 0, 0]",strap
439347,user_786,"Its handles are thin, string-like, and semi-circular",3WS1NTTKE051M35K84UDT6BBU1O0FF,86.0,5654b9e3d9b62661ae0c7300d2b2cc1d,bag,PartNet,d7dff9ecaf5f063cb1eb0742a46d174e,bag,PartNet,False,bag/PartNet/d7dff9ecaf5f063cb1eb0742a46d174e,bag/PartNet/5654b9e3d9b62661ae0c7300d2b2cc1d,False,bag,bag,3,"['its', 'handles', 'are', 'thin', 'string', 'like', 'and', 'semi', 'circular']",9,its handles are thin string like and semi circular,train,train,train,train,"[1, 5, 18, 16, 60, 751, 35, 47, 407, 102, 2, 0, 0, 0, 0, 0, 0, 0]",strap
439351,user_786,Its handle is attached via three rings to a tab on the side face,3EQHHY4HQUL6VANGGU67SM7ECO1G5H,125.0,adfe9029a1ca723eb8966aeece708f87,bag,ShapeNet,c3a5009c4867f7293c8d0fdfb1cc2535,bag,ShapeNet,False,bag/ShapeNet/c3a5009c4867f7293c8d0fdfb1cc2535,bag/ShapeNet/adfe9029a1ca723eb8966aeece708f87,True,bag,bag,3,"['its', 'handle', 'is', 'attached', 'via', 'three', 'rings', 'to', 'a', 'tab', 'on', 'the', 'side', 'face']",14,its handle is attached via three rings to a tab on the side face,train,train,train,train,"[1, 5, 29, 7, 115, 3367, 80, 290, 58, 26, 3239, 20, 10, 22, 56, 2, 0, 0]",strap
439368,user_2044,Is handle is thinner depth-wise,37WLF8U1WRJ7G0JDB41RIKD7F1JK6W,41.0,83ab18386e87bf4efef598dabc93c115,bag,ShapeNet,8bc53bae41a8105f5c7506815f553527,bag,ShapeNet,False,bag/ShapeNet/8bc53bae41a8105f5c7506815f553527,bag/ShapeNet/83ab18386e87bf4efef598dabc93c115,True,bag,bag,3,"['is', 'handle', 'is', 'thin', '-er', 'depth', 'wise']",7,is handle is thin -er depth wise,train,train,train,train,"[1, 7, 29, 7, 60, 9, 607, 359, 2, 0, 0, 0, 0, 0, 0, 0, 0, 0]",strap
439370,user_203,The handle is round.,3OXV7EAXLGJ1K2B6QY9S1YW54E536A,56.0,68e4ba38895d820df6fec4b901a12701,bag,ShapeNet,45f56ad8c0f4059323166544c0deb60f,bag,ShapeNet,False,bag/ShapeNet/45f56ad8c0f4059323166544c0deb60f,bag/ShapeNet/68e4ba38895d820df6fec4b901a12701,False,bag,bag,3,"['the', 'handle', 'is', 'round']",4,the handle is round,train,train,train,train,"[1, 10, 29, 7, 134, 2, 0, 0, 0, 0, 0, 0, 0, 0, 0, 0, 0, 0]",strap
439372,user_507,it has wider handles,3TMSXRD2X8T34ECXUC8DBZGLUZG1WJ,31.0,39381a2718d2a1d4d5f008f38a566dee,bag,ShapeNet,d7dff9ecaf5f063cb1eb0742a46d174e,bag,PartNet,False,bag/PartNet/d7dff9ecaf5f063cb1eb0742a46d174e,bag/ShapeNet/39381a2718d2a1d4d5f008f38a566dee,True,bag,bag,3,"['it', 'has', 'wide', '-er', 'handles']",5,it has wide -er handles,train,train,train,train,"[1, 23, 24, 83, 9, 18, 2, 0, 0, 0, 0, 0, 0, 0, 0, 0, 0, 0]",strap
439376,user_786,It has no pocket-like protrusions on the front face,3OJSZ2ATDUPN2HCFNR2DM9ULDO457V,132.0,9296663dcefe3f6d9830ee784de3bbf2,bag,PartNet,5ce403455e28451b76bb31db0358e9c6,bag,PartNet,False,bag/PartNet/5ce403455e28451b76bb31db0358e9c6,bag/PartNet/9296663dcefe3f6d9830ee784de3bbf2,False,bag,bag,3,"['it', 'has', 'no', 'pocket', 'like', 'protrusions', 'on', 'the', 'front', 'face']",10,it has no pocket like protrusions on the front face,test,train,test,train,"[1, 23, 24, 123, 1425, 35, 252, 20, 10, 37, 56, 2, 0, 0, 0, 0, 0, 0]",body
439387,user_505,Target has a very thin handle,3LPW2N6LKVVP0SOB0ZVOW185LW65UW,52.0,2022610a5d1a8455abc49cae1a831a9e,bag,ShapeNet,add50bbf543ba7eaeab2bd7322386ffd,bag,PartNet,False,bag/PartNet/add50bbf543ba7eaeab2bd7322386ffd,bag/ShapeNet/2022610a5d1a8455abc49cae1a831a9e,True,bag,bag,3,"['target', 'has', 'a', 'very', 'thin', 'handle']",6,target has a very thin handle,train,train,train,train,"[1, 11, 24, 26, 62, 60, 29, 2, 0, 0, 0, 0, 0, 0, 0, 0, 0, 0]",strap
439389,user_2044,Its body is more square in shape,3QHK8ZVMIOBO6IIQSVU080CEI2TLBF,34.0,2022610a5d1a8455abc49cae1a831a9e,bag,ShapeNet,add50bbf543ba7eaeab2bd7322386ffd,bag,PartNet,False,bag/PartNet/add50bbf543ba7eaeab2bd7322386ffd,bag/ShapeNet/2022610a5d1a8455abc49cae1a831a9e,True,bag,bag,3,"['its', 'body', 'is', 'more', 'square', 'in', 'shape']",7,its body is more square in shape,train,train,train,train,"[1, 5, 45, 7, 34, 50, 90, 93, 2, 0, 0, 0, 0, 0, 0, 0, 0, 0]",body
439390,user_203,"The handles are rounded, not flat.",3R5F3LQFV4DSU1O3B1QVMZNB49FZO9,165.0,5d4f774fdda6fa1dcd99ccc7ff441abf,bag,ShapeNet,39c0ab6acbbe08664901899b99d63624,bag,PartNet,False,bag/PartNet/39c0ab6acbbe08664901899b99d63624,bag/ShapeNet/5d4f774fdda6fa1dcd99ccc7ff441abf,True,bag,bag,3,"['the', 'handles', 'are', 'rounded', 'not', 'flat']",6,the handles are rounded not flat,train,train,train,train,"[1, 10, 18, 16, 48, 40, 129, 2, 0, 0, 0, 0, 0, 0, 0, 0, 0, 0]",strap
439395,user_2115,it has different body,3SKRO2GZ73KC9EIG5YPANOMQ7P31KD,111.0,d5881d42567baaf5dc19a9901b7e9a4f,bag,ShapeNet,cd1e74f430acfaf0504721639e19f609,bag,ShapeNet,False,bag/ShapeNet/cd1e74f430acfaf0504721639e19f609,bag/ShapeNet/d5881d42567baaf5dc19a9901b7e9a4f,True,bag,bag,3,"['it', 'has', 'different', 'body']",4,it has different body,train,train,train,train,"[1, 23, 24, 306, 45, 2, 0, 0, 0, 0, 0, 0, 0, 0, 0, 0, 0, 0]",body
439396,user_203,The handle is not as high.,3RSDURM96CF6DK19L1LG3GKVUC1EYN,153.0,4a175db3a8cad99b5dd5ceb34f6e33d9,bag,ShapeNet,577bfb3d22deeb3af71e06115e9c3b3e,bag,PartNet,False,bag/PartNet/577bfb3d22deeb3af71e06115e9c3b3e,bag/ShapeNet/4a175db3a8cad99b5dd5ceb34f6e33d9,False,bag,bag,3,"['the', 'handle', 'is', 'not', 'as', 'high']",6,the handle is not as high,train,train,train,train,"[1, 10, 29, 7, 40, 52, 49, 2, 0, 0, 0, 0, 0, 0, 0, 0, 0, 0]",strap
439398,user_1894,It has a short arched handle.,33LKR6A5KGDBCX83Z732OF9MQ1NT12,97.0,4a175db3a8cad99b5dd5ceb34f6e33d9,bag,ShapeNet,577bfb3d22deeb3af71e06115e9c3b3e,bag,PartNet,False,bag/PartNet/577bfb3d22deeb3af71e06115e9c3b3e,bag/ShapeNet/4a175db3a8cad99b5dd5ceb34f6e33d9,False,bag,bag,3,"['it', 'has', 'a', 'short', 'arched', 'handle']",6,it has a short arched handle,train,train,train,train,"[1, 23, 24, 26, 8, 366, 29, 2, 0, 0, 0, 0, 0, 0, 0, 0, 0, 0]",strap
439402,user_152,it has rigid handles,3SPJ033423WEO0N1Z2W70WXNZLIJY0,257.0,876114d9d568b250b3628215e327f7d4,bag,PartNet,35c950ccd57d9cde3774dede79959b94,bag,PartNet,False,bag/PartNet/35c950ccd57d9cde3774dede79959b94,bag/PartNet/876114d9d568b250b3628215e327f7d4,False,bag,bag,3,"['it', 'has', 'rigid', 'handles']",4,it has rigid handles,test,train,test,train,"[1, 23, 24, 1963, 18, 2, 0, 0, 0, 0, 0, 0, 0, 0, 0, 0, 0, 0]",strap
439405,user_786,It has no strap,3KWTYT0872WMH21HRL3N5ECM84YL51,157.0,f872a64810c123a47abde6405e4d8323,bag,ShapeNet,68b7ca73de30ad6df2197da8dec8488d,bag,ShapeNet,False,bag/ShapeNet/68b7ca73de30ad6df2197da8dec8488d,bag/ShapeNet/f872a64810c123a47abde6405e4d8323,False,bag,bag,3,"['it', 'has', 'no', 'strap']",4,it has no strap,train,train,train,train,"[1, 23, 24, 123, 628, 2, 0, 0, 0, 0, 0, 0, 0, 0, 0, 0, 0, 0]",strap
439407,user_1920,extra zipped pocket,3OS46CRSLHSLWBDPA8FYKTOOVXM6VW,102.0,f872a64810c123a47abde6405e4d8323,bag,ShapeNet,68b7ca73de30ad6df2197da8dec8488d,bag,ShapeNet,False,bag/ShapeNet/68b7ca73de30ad6df2197da8dec8488d,bag/ShapeNet/f872a64810c123a47abde6405e4d8323,False,bag,bag,3,"['extra', 'zipped', 'pocket']",3,extra zipped pocket,train,train,train,train,"[1, 1020, 5828, 1425, 2, 0, 0, 0, 0, 0, 0, 0, 0, 0, 0, 0, 0, 0]",body
439408,user_203,The body is not as long.,3FDJT1UU761BXWJZ6LRMQEZ7J54K5A,96.0,d923ce406ab7303985907cb2b3be2209,bag,PartNet,d7e81ad000b90c26bc4ac3caf16ef65,bag,PartNet,False,bag/PartNet/d7e81ad000b90c26bc4ac3caf16ef65,bag/PartNet/d923ce406ab7303985907cb2b3be2209,False,bag,bag,3,"['the', 'body', 'is', 'not', 'as', 'long']",6,the body is not as long,train,train,train,train,"[1, 10, 45, 7, 40, 52, 32, 2, 0, 0, 0, 0, 0, 0, 0, 0, 0, 0]",body
439410,user_923,The straps are flat at the top,3UXUOQ9OKGQK8NOWINTUUKA75ZIA7D,100.0,d923ce406ab7303985907cb2b3be2209,bag,PartNet,d7e81ad000b90c26bc4ac3caf16ef65,bag,PartNet,True,bag/PartNet/d7e81ad000b90c26bc4ac3caf16ef65,bag/PartNet/d923ce406ab7303985907cb2b3be2209,False,bag,bag,3,"['the', 'straps', 'are', 'flat', 'at', 'the', 'top']",7,the straps are flat at the top,train,train,train,train,"[1, 10, 716, 16, 129, 98, 10, 99, 2, 0, 0, 0, 0, 0, 0, 0, 0, 0]",strap
439417,user_881,There are no circular connectors to the handle,31LM9EDVONLKC1JNS0NWJGZGV05NJ3,166.0,c3a5009c4867f7293c8d0fdfb1cc2535,bag,ShapeNet,88d375bc79ef32532e50abc7a1305908,bag,ShapeNet,False,bag/ShapeNet/88d375bc79ef32532e50abc7a1305908,bag/ShapeNet/c3a5009c4867f7293c8d0fdfb1cc2535,True,bag,bag,3,"['there', 'are', 'no', 'circular', 'connectors', 'to', 'the', 'handle']",8,there are no circular connectors to the handle,train,train,train,train,"[1, 15, 16, 123, 102, 1323, 58, 10, 29, 2, 0, 0, 0, 0, 0, 0, 0, 0]",strap
439422,user_1298,The body is minimal,3018Q3ZVOKJUQ68BR1R0Z1176ARARP,46.0,8e3eb521577dddea7d2c1de1b4d2a6e4,bag,PartNet,5afca35479b347786f0abe366609662,bag,ShapeNet,False,bag/ShapeNet/5afca35479b347786f0abe366609662,bag/PartNet/8e3eb521577dddea7d2c1de1b4d2a6e4,True,bag,bag,3,"['the', 'body', 'is', 'minimal']",4,the body is minimal,train,train,train,train,"[1, 10, 45, 7, 1319, 2, 0, 0, 0, 0, 0, 0, 0, 0, 0, 0, 0, 0]",body
439426,user_1298,The body has a more rectangle ship,3OUYGIZWR9RDDGUEM7QI50PFW6P0PU,93.0,669fe6ae83e64a544608027d921be76e,bag,PartNet,u6fcd385e-7198-45ac-8e5e-79619683b01e,bag,PartNet,False,bag/PartNet/u6fcd385e-7198-45ac-8e5e-79619683b01e,bag/PartNet/669fe6ae83e64a544608027d921be76e,False,bag,bag,3,"['the', 'body', 'has', 'a', 'more', 'rectangle', 'ship']",7,the body has a more rectangle ship,train,train,train,train,"[1, 10, 45, 24, 26, 34, 425, 2137, 2, 0, 0, 0, 0, 0, 0, 0, 0, 0]",body
439433,user_1298,The body is smaller in height,3E337GFOLB1ALZTMKU2TM37039LNGY,66.0,6ca911066e1f7d32749d52b3e269018,bag,PartNet,ab624df270f2c5358bc9f09e7c72cc8a,bag,PartNet,False,bag/PartNet/ab624df270f2c5358bc9f09e7c72cc8a,bag/PartNet/6ca911066e1f7d32749d52b3e269018,False,bag,bag,3,"['the', 'body', 'is', 'small', '-er', 'in', 'height']",7,the body is small -er in height,train,train,train,train,"[1, 10, 45, 7, 111, 9, 90, 117, 2, 0, 0, 0, 0, 0, 0, 0, 0, 0]",body
439435,user_786,It has no handle on top,3XIQGXAUME1W40WPTXL8ESL56JI7X3,151.0,20b4891228ecfb4876bb31db0358e9c6,bag,ShapeNet,c3546b0830a79ea64be35abb02d18d44,bag,PartNet,False,bag/PartNet/c3546b0830a79ea64be35abb02d18d44,bag/ShapeNet/20b4891228ecfb4876bb31db0358e9c6,False,bag,bag,3,"['it', 'has', 'no', 'handle', 'on', 'top']",6,it has no handle on top,train,train,train,train,"[1, 23, 24, 123, 29, 20, 99, 2, 0, 0, 0, 0, 0, 0, 0, 0, 0, 0]",strap
439437,user_2063,The body is more rounded in size,3BEFOD78W8MOR1F2DSLS0ZLX8EQM4Y,99.0,20b4891228ecfb4876bb31db0358e9c6,bag,ShapeNet,c3546b0830a79ea64be35abb02d18d44,bag,PartNet,False,bag/PartNet/c3546b0830a79ea64be35abb02d18d44,bag/ShapeNet/20b4891228ecfb4876bb31db0358e9c6,False,bag,bag,3,"['the', 'body', 'is', 'more', 'rounded', 'in', 'size']",7,the body is more rounded in size,train,train,train,train,"[1, 10, 45, 7, 34, 48, 90, 377, 2, 0, 0, 0, 0, 0, 0, 0, 0, 0]",body
439454,user_203,The body is longer.,386CSBG1O1FTR3H8O9LOE6PGE6IQ6Z,104.0,fdd6a114f831fad4a344805881e35292,bag,PartNet,e90e27c3020d25dd76bb31db0358e9c6,bag,ShapeNet,False,bag/ShapeNet/e90e27c3020d25dd76bb31db0358e9c6,bag/PartNet/fdd6a114f831fad4a344805881e35292,True,bag,bag,3,"['the', 'body', 'is', 'long', '-er']",5,the body is long -er,train,train,train,train,"[1, 10, 45, 7, 32, 9, 2, 0, 0, 0, 0, 0, 0, 0, 0, 0, 0, 0]",body
439462,user_1416,It does not have pockets on the front.,3PDJHANYK79GEAI55JYU5SXFNI5H6B,118.0,c3a5009c4867f7293c8d0fdfb1cc2535,bag,ShapeNet,61c9570c3d12e47cd061bb85232b3b01,bag,PartNet,False,bag/PartNet/61c9570c3d12e47cd061bb85232b3b01,bag/ShapeNet/c3a5009c4867f7293c8d0fdfb1cc2535,False,bag,bag,3,"['it', 'does', 'not', 'have', 'pockets', 'on', 'the', 'front']",8,it does not have pockets on the front,train,train,train,train,"[1, 23, 39, 40, 84, 2930, 20, 10, 37, 2, 0, 0, 0, 0, 0, 0, 0, 0]",body
439465,user_156,Its handles are much greater in length.,34BBWHLWHC4E4K8V2JTJ3YX7B03IW2,30.0,669fe6ae83e64a544608027d921be76e,bag,PartNet,b1234d3adf9e476e9432386574f02229,bag,ShapeNet,False,bag/ShapeNet/b1234d3adf9e476e9432386574f02229,bag/PartNet/669fe6ae83e64a544608027d921be76e,False,bag,bag,3,"['its', 'handles', 'are', 'much', 'great', '-er', 'in', 'length']",8,its handles are much great -er in length,train,train,train,train,"[1, 5, 18, 16, 59, 188, 9, 90, 155, 2, 0, 0, 0, 0, 0, 0, 0, 0]",strap
439477,user_203,The curve of the handle is gentler.,3BGYGHDBBZDOHJWMZWJKSBA1IV122F,137.0,7565e6f425dd6d376d987ae9a225629c,bag,ShapeNet,93ca5243aa73b5de81157c9325bb0e45,bag,ShapeNet,False,bag/ShapeNet/93ca5243aa73b5de81157c9325bb0e45,bag/ShapeNet/7565e6f425dd6d376d987ae9a225629c,True,bag,bag,3,"['the', 'curve', 'of', 'the', 'handle', 'is', 'gentler']",7,the curve of the handle is gentler,train,train,train,train,"[1, 10, 43, 38, 10, 29, 7, 491, 2, 0, 0, 0, 0, 0, 0, 0, 0, 0]",strap
439492,user_203,"The handle is flat, not rounded.",33CUSNVVNP5APD00VU1MCT07QV588B,158.0,151d033af5381fd4c1e1e64c8ea306ea,bag,ShapeNet,11d831e89c65adeddeb12bc39b9090ab,bag,PartNet,False,bag/PartNet/11d831e89c65adeddeb12bc39b9090ab,bag/ShapeNet/151d033af5381fd4c1e1e64c8ea306ea,True,bag,bag,3,"['the', 'handle', 'is', 'flat', 'not', 'rounded']",6,the handle is flat not rounded,train,train,train,train,"[1, 10, 29, 7, 129, 40, 48, 2, 0, 0, 0, 0, 0, 0, 0, 0, 0, 0]",strap
439496,user_1298,There are no designs on the body,3YDGXNSEO1N96CDYJRB9VHK2O9F84A,54.0,6881468dd51c214922022e93ae2b2b5b,bag,ShapeNet,abba6df6294f20c569ea850160c0b35,bag,ShapeNet,False,bag/ShapeNet/abba6df6294f20c569ea850160c0b35,bag/ShapeNet/6881468dd51c214922022e93ae2b2b5b,False,bag,bag,3,"['there', 'are', 'no', 'designs', 'on', 'the', 'body']",7,there are no designs on the body,test,train,test,train,"[1, 15, 16, 123, 1743, 20, 10, 45, 2, 0, 0, 0, 0, 0, 0, 0, 0, 0]",body
439503,user_2002,The body is not as wide,3JBT3HLQFAVAF104Q13ABZS1ED0ZPD,90.0,e0eb0b7925869326aa7b926be24dab3d,bag,ShapeNet,ca99439f802c0a866fa19c90652e38e,bag,PartNet,False,bag/PartNet/ca99439f802c0a866fa19c90652e38e,bag/ShapeNet/e0eb0b7925869326aa7b926be24dab3d,False,bag,bag,3,"['the', 'body', 'is', 'not', 'as', 'wide']",6,the body is not as wide,val,train,val,train,"[1, 10, 45, 7, 40, 52, 83, 2, 0, 0, 0, 0, 0, 0, 0, 0, 0, 0]",body
439504,user_203,The front of the body has sections or designs.,34S6N1K2ZXCYXVLCSN4WUBFCDE6LH1,260.0,30bf69aa24dbb3fc9de193e488fc4dce,bag,ShapeNet,feeae9bd7f1336693a75e6d000e08290,bag,PartNet,False,bag/PartNet/feeae9bd7f1336693a75e6d000e08290,bag/ShapeNet/30bf69aa24dbb3fc9de193e488fc4dce,False,bag,bag,3,"['the', 'front', 'of', 'the', 'body', 'has', 'sections', 'or', 'designs']",9,the front of the body has sections or designs,train,train,train,train,"[1, 10, 37, 38, 10, 45, 24, 439, 124, 1743, 2, 0, 0, 0, 0, 0, 0, 0]",body
439505,user_786,Its front face has four rectangles that could be thin pockets,37KGEN7NJ5JG1XYY3S58K1QN4FPPPG,173.0,30bf69aa24dbb3fc9de193e488fc4dce,bag,ShapeNet,feeae9bd7f1336693a75e6d000e08290,bag,PartNet,False,bag/PartNet/feeae9bd7f1336693a75e6d000e08290,bag/ShapeNet/30bf69aa24dbb3fc9de193e488fc4dce,False,bag,bag,3,"['its', 'front', 'face', 'has', 'four', 'rectangles', 'that', 'could', 'be', 'thin', 'pockets']",11,its front face has four rectangles that could be thin pockets,train,train,train,train,"[1, 5, 37, 56, 24, 322, 401, 172, 535, 204, 60, 2930, 2, 0, 0, 0, 0, 0]",body
439506,user_2044,"Its body and sides are flat, not curved",3OE22WJIGKHETE79KRJRUC3WHS6UQB,44.0,30bf69aa24dbb3fc9de193e488fc4dce,bag,ShapeNet,feeae9bd7f1336693a75e6d000e08290,bag,PartNet,False,bag/PartNet/feeae9bd7f1336693a75e6d000e08290,bag/ShapeNet/30bf69aa24dbb3fc9de193e488fc4dce,False,bag,bag,3,"['its', 'body', 'and', 'sides', 'are', 'flat', 'not', 'curved']",8,its body and sides are flat not curved,train,train,train,train,"[1, 5, 45, 47, 360, 16, 129, 40, 51, 2, 0, 0, 0, 0, 0, 0, 0, 0]",body
439512,user_2044,The very bottom of the body has a distinct fold,3B4YI393VBPARHUINQDWAB09EKJSSX,95.0,54e27cf366f198db1a3b39b07e4b3d0f,bag,PartNet,u6fcd385e-7198-45ac-8e5e-79619683b01e,bag,PartNet,False,bag/PartNet/u6fcd385e-7198-45ac-8e5e-79619683b01e,bag/PartNet/54e27cf366f198db1a3b39b07e4b3d0f,True,bag,bag,3,"['the', 'very', 'bottom', 'of', 'the', 'body', 'has', 'a', 'distinct', 'fold']",10,the very bottom of the body has a distinct fold,train,train,train,train,"[1, 10, 62, 76, 38, 10, 45, 24, 26, 221, 705, 2, 0, 0, 0, 0, 0, 0]",body
439515,user_507,it does not have paper studs holding handles in,3TDXMTX3CDNGA5TPB1GF54YUNZX6IE,35.0,39381a2718d2a1d4d5f008f38a566dee,bag,ShapeNet,9042addf05ddc7d3be15cb713d84cd3d,bag,PartNet,False,bag/PartNet/9042addf05ddc7d3be15cb713d84cd3d,bag/ShapeNet/39381a2718d2a1d4d5f008f38a566dee,True,bag,bag,3,"['it', 'does', 'not', 'have', 'paper', 'studs', 'holding', 'handles', 'in']",9,it does not have paper studs holding handles in,test,train,test,train,"[1, 23, 39, 40, 84, 1619, 1599, 1189, 18, 90, 2, 0, 0, 0, 0, 0, 0, 0]",strap
439516,user_156,It has a carrying strap.,3ITXP059PYCHSEBS0W4IIA9MI22JS6,30.0,c4cb5bcb1a9399ae504721639e19f609,bag,ShapeNet,cbc2328cadf8dc573394926146371698,bag,ShapeNet,False,bag/ShapeNet/cbc2328cadf8dc573394926146371698,bag/ShapeNet/c4cb5bcb1a9399ae504721639e19f609,True,bag,bag,3,"['it', 'has', 'a', 'carrying', 'strap']",5,it has a carrying strap,train,train,train,train,"[1, 23, 24, 26, 2470, 628, 2, 0, 0, 0, 0, 0, 0, 0, 0, 0, 0, 0]",strap
439517,user_203,The handle has more height.,3P4RDNWND7ZSY08WVKA4E83Z929IJI,96.0,c4cb5bcb1a9399ae504721639e19f609,bag,ShapeNet,cbc2328cadf8dc573394926146371698,bag,ShapeNet,False,bag/ShapeNet/cbc2328cadf8dc573394926146371698,bag/ShapeNet/c4cb5bcb1a9399ae504721639e19f609,True,bag,bag,3,"['the', 'handle', 'has', 'more', 'height']",5,the handle has more height,train,train,train,train,"[1, 10, 29, 24, 34, 117, 2, 0, 0, 0, 0, 0, 0, 0, 0, 0, 0, 0]",strap
439519,user_156,Its handles are much taller in height.,3RWE2M8QWJ3DAVI16SDQ1BKKWUKN0N,36.0,bb6eba59b185e6bce8a1430c80ad4e85,bag,PartNet,cbc2328cadf8dc573394926146371698,bag,ShapeNet,False,bag/ShapeNet/cbc2328cadf8dc573394926146371698,bag/PartNet/bb6eba59b185e6bce8a1430c80ad4e85,False,bag,bag,3,"['its', 'handles', 'are', 'much', 'tall', '-er', 'in', 'height']",8,its handles are much tall -er in height,train,train,train,train,"[1, 5, 18, 16, 59, 53, 9, 90, 117, 2, 0, 0, 0, 0, 0, 0, 0, 0]",strap
439522,user_156,Its handles are not touching one another.,3IKZ72A5B6947ZXR9AWB4I7O2W8FNI,30.0,a1822be832091e036afa58a86636d6be,bag,ShapeNet,7565e6f425dd6d376d987ae9a225629c,bag,ShapeNet,False,bag/ShapeNet/7565e6f425dd6d376d987ae9a225629c,bag/ShapeNet/a1822be832091e036afa58a86636d6be,True,bag,bag,3,"['its', 'handles', 'are', 'not', 'touching', 'one', 'another']",7,its handles are not touching one another,train,train,train,train,"[1, 5, 18, 16, 40, 882, 19, 518, 2, 0, 0, 0, 0, 0, 0, 0, 0, 0]",strap
439528,user_1920,width of straps,3QBD8R3Z23CCR40EQ805S3A23DK4O8,104.0,c5285f62ab36c0b84a001c5cd830d507,bag,PartNet,d5881d42567baaf5dc19a9901b7e9a4f,bag,ShapeNet,False,bag/ShapeNet/d5881d42567baaf5dc19a9901b7e9a4f,bag/PartNet/c5285f62ab36c0b84a001c5cd830d507,True,bag,bag,3,"['width', 'of', 'straps']",3,width of straps,train,train,train,train,"[1, 358, 38, 716, 2, 0, 0, 0, 0, 0, 0, 0, 0, 0, 0, 0, 0, 0]",strap
439530,user_2063,The body is taller in height,3OONKJ5DKECWC3LN5NAS0HG8D5ROBO,150.0,c5285f62ab36c0b84a001c5cd830d507,bag,PartNet,d5881d42567baaf5dc19a9901b7e9a4f,bag,ShapeNet,False,bag/ShapeNet/d5881d42567baaf5dc19a9901b7e9a4f,bag/PartNet/c5285f62ab36c0b84a001c5cd830d507,True,bag,bag,3,"['the', 'body', 'is', 'tall', '-er', 'in', 'height']",7,the body is tall -er in height,train,train,train,train,"[1, 10, 45, 7, 53, 9, 90, 117, 2, 0, 0, 0, 0, 0, 0, 0, 0, 0]",body
439534,user_156,It has no visible pockets on its front.,3EKVH9QME0XBKTU2WL31OU15FO2D2F,27.0,8e3eb521577dddea7d2c1de1b4d2a6e4,bag,PartNet,a405a7ca363c7c41bbda4bd2b976d8f7,bag,PartNet,False,bag/PartNet/a405a7ca363c7c41bbda4bd2b976d8f7,bag/PartNet/8e3eb521577dddea7d2c1de1b4d2a6e4,True,bag,bag,3,"['it', 'has', 'no', 'visible', 'pockets', 'on', 'its', 'front']",8,it has no visible pockets on its front,train,train,train,train,"[1, 23, 24, 123, 185, 2930, 20, 5, 37, 2, 0, 0, 0, 0, 0, 0, 0, 0]",body
439536,user_2101,The body is completely smooth,3VHHR074H5A146F0FEIK3YQIZBH7LS,79.0,8e3eb521577dddea7d2c1de1b4d2a6e4,bag,PartNet,a405a7ca363c7c41bbda4bd2b976d8f7,bag,PartNet,False,bag/PartNet/a405a7ca363c7c41bbda4bd2b976d8f7,bag/PartNet/8e3eb521577dddea7d2c1de1b4d2a6e4,True,bag,bag,3,"['the', 'body', 'is', 'completely', 'smooth']",5,the body is completely smooth,train,train,train,train,"[1, 10, 45, 7, 169, 379, 2, 0, 0, 0, 0, 0, 0, 0, 0, 0, 0, 0]",body
439539,user_2020,does not have two hand handles,3TXD01ZLD6A749KBMUCER92RLZ0U43,47.0,cbc2328cadf8dc573394926146371698,bag,ShapeNet,c7e6a0525b997bda3667e024d1341456,bag,PartNet,True,bag/PartNet/c7e6a0525b997bda3667e024d1341456,bag/ShapeNet/cbc2328cadf8dc573394926146371698,True,bag,bag,3,"['does', 'not', 'have', 'two', 'hand', 'handles']",6,does not have two hand handles,train,train,train,train,"[1, 39, 40, 84, 17, 211, 18, 2, 0, 0, 0, 0, 0, 0, 0, 0, 0, 0]",strap
439540,user_156,It has two vertical straps along its front.,3TEM0PF1Q7Q4OJROHYZN568QIQID0V,25.0,8e3eb521577dddea7d2c1de1b4d2a6e4,bag,PartNet,adfe9029a1ca723eb8966aeece708f87,bag,ShapeNet,False,bag/ShapeNet/adfe9029a1ca723eb8966aeece708f87,bag/PartNet/8e3eb521577dddea7d2c1de1b4d2a6e4,False,bag,bag,3,"['it', 'has', 'two', 'vertical', 'straps', 'along', 'its', 'front']",8,it has two vertical straps along its front,train,train,train,train,"[1, 23, 24, 17, 283, 716, 480, 5, 37, 2, 0, 0, 0, 0, 0, 0, 0, 0]",strap
439543,user_156,It has a locking clasp between its handles.,351SEKWQS2A1RXYV63ML33F3LQNDM4,38.0,80530cf532d86195bff3b8b883ab202d,bag,PartNet,1b9ef45fefefa35ed13f430b2941481,bag,ShapeNet,False,bag/ShapeNet/1b9ef45fefefa35ed13f430b2941481,bag/PartNet/80530cf532d86195bff3b8b883ab202d,False,bag,bag,3,"['it', 'has', 'a', 'locking', 'clasp', 'between', 'its', 'handles']",8,it has a locking clasp between its handles,val,train,val,train,"[1, 23, 24, 26, 2896, 1496, 657, 5, 18, 2, 0, 0, 0, 0, 0, 0, 0, 0]",strap
439555,user_1298,The body is smaller,33M4IA01QIU6MJG42BJEJ9C57V2XRI,54.0,a55b721ea5a29d7f639ff561fa3f5bac,bag,ShapeNet,e5fea6c1dacf3ed4cd99ccc7ff441abf,bag,ShapeNet,False,bag/ShapeNet/e5fea6c1dacf3ed4cd99ccc7ff441abf,bag/ShapeNet/a55b721ea5a29d7f639ff561fa3f5bac,False,bag,bag,3,"['the', 'body', 'is', 'small', '-er']",5,the body is small -er,train,train,train,train,"[1, 10, 45, 7, 111, 9, 2, 0, 0, 0, 0, 0, 0, 0, 0, 0, 0, 0]",body
439564,user_899,The target bag has a handle.,33OOO72IVJEVZ0I1F4SM5BSDUZBTCR,64.0,e8521dbe5e8b6449945dfc8fc6d25afd,bag,PartNet,ab624df270f2c5358bc9f09e7c72cc8a,bag,PartNet,False,bag/PartNet/ab624df270f2c5358bc9f09e7c72cc8a,bag/PartNet/e8521dbe5e8b6449945dfc8fc6d25afd,True,bag,bag,3,"['the', 'target', 'bag', 'has', 'a', 'handle']",6,the target bag has a handle,train,train,train,train,"[1, 10, 11, 1909, 24, 26, 29, 2, 0, 0, 0, 0, 0, 0, 0, 0, 0, 0]",strap
439567,user_505,Target has thin handles,32KTQ2V7RF8PO7LEUNHJH7WDU6D9MQ,76.0,c3546b0830a79ea64be35abb02d18d44,bag,PartNet,811f592148958510abc49cae1a831a9e,bag,PartNet,False,bag/PartNet/811f592148958510abc49cae1a831a9e,bag/PartNet/c3546b0830a79ea64be35abb02d18d44,True,bag,bag,3,"['target', 'has', 'thin', 'handles']",4,target has thin handles,train,train,train,train,"[1, 11, 24, 60, 18, 2, 0, 0, 0, 0, 0, 0, 0, 0, 0, 0, 0, 0]",strap
439568,user_549,"The bottom of the bag, the surface opposite the handles, is flat and rectangular.",3G2UL9A02F7JLLCTSACIEF8L9H7670,86.0,c3546b0830a79ea64be35abb02d18d44,bag,PartNet,811f592148958510abc49cae1a831a9e,bag,PartNet,False,bag/PartNet/811f592148958510abc49cae1a831a9e,bag/PartNet/c3546b0830a79ea64be35abb02d18d44,True,bag,bag,3,"['the', 'bottom', 'of', 'the', 'bag', 'the', 'surface', 'opposite', 'the', 'handles', 'is', 'flat', 'and', 'rectangular']",14,the bottom of the bag the surface opposite the handles is flat and rectangular,train,train,train,train,"[1, 10, 76, 38, 10, 1909, 10, 334, 368, 10, 18, 7, 129, 47, 128, 2, 0, 0]",strap
439573,user_1298,The body is more square,3634BBTX0QNCTYM0CUJJZAB7GUWIFH,41.0,74c548ef3ca7b1987515e7bb7dba4019,bag,ShapeNet,e6daa1435018a044da5feafe6f1c8fc,bag,ShapeNet,False,bag/ShapeNet/e6daa1435018a044da5feafe6f1c8fc,bag/ShapeNet/74c548ef3ca7b1987515e7bb7dba4019,False,bag,bag,3,"['the', 'body', 'is', 'more', 'square']",5,the body is more square,train,train,train,train,"[1, 10, 45, 7, 34, 50, 2, 0, 0, 0, 0, 0, 0, 0, 0, 0, 0, 0]",body
439574,user_2063,It has two small handle bars,35USIKEBNT98O64G8HT7ACUB9UA6N5,87.0,74c548ef3ca7b1987515e7bb7dba4019,bag,ShapeNet,e6daa1435018a044da5feafe6f1c8fc,bag,ShapeNet,False,bag/ShapeNet/e6daa1435018a044da5feafe6f1c8fc,bag/ShapeNet/74c548ef3ca7b1987515e7bb7dba4019,False,bag,bag,3,"['it', 'has', 'two', 'small', 'handle', 'bars']",6,it has two small handle bars,train,train,train,train,"[1, 23, 24, 17, 111, 29, 1082, 2, 0, 0, 0, 0, 0, 0, 0, 0, 0, 0]",strap
439576,user_1894,It does not have arched dangling handles.,3YW4XOSQKSEQCANSZCTCTBVO9FSU1S,371.0,506a05b6ba66bde0b726426d6c667c7,bag,ShapeNet,e6daa1435018a044da5feafe6f1c8fc,bag,ShapeNet,False,bag/ShapeNet/e6daa1435018a044da5feafe6f1c8fc,bag/ShapeNet/506a05b6ba66bde0b726426d6c667c7,True,bag,bag,3,"['it', 'does', 'not', 'have', 'arched', 'dangling', 'handles']",7,it does not have arched dangling handles,train,train,train,train,"[1, 23, 39, 40, 84, 366, 1982, 18, 2, 0, 0, 0, 0, 0, 0, 0, 0, 0]",strap
439577,user_1920,type of handle,3ZSANO2JCH01NCPWH6DX3CHUPSVFS3,110.0,506a05b6ba66bde0b726426d6c667c7,bag,ShapeNet,e6daa1435018a044da5feafe6f1c8fc,bag,ShapeNet,False,bag/ShapeNet/e6daa1435018a044da5feafe6f1c8fc,bag/ShapeNet/506a05b6ba66bde0b726426d6c667c7,True,bag,bag,3,"['type', 'of', 'handle']",3,type of handle,train,train,train,train,"[1, 522, 38, 29, 2, 0, 0, 0, 0, 0, 0, 0, 0, 0, 0, 0, 0, 0]",strap
439580,user_1298,The handles are larger,3MTMREQS4XBZY2PXQV16M09OYPIAW4,58.0,61c9570c3d12e47cd061bb85232b3b01,bag,PartNet,dc52131684ed9cbbfe4a8257a424ee86,bag,ShapeNet,False,bag/ShapeNet/dc52131684ed9cbbfe4a8257a424ee86,bag/PartNet/61c9570c3d12e47cd061bb85232b3b01,True,bag,bag,3,"['the', 'handles', 'are', 'large', '-er']",5,the handles are large -er,train,train,train,train,"[1, 10, 18, 16, 94, 9, 2, 0, 0, 0, 0, 0, 0, 0, 0, 0, 0, 0]",strap
439585,user_786,The relatively smaller handle attaches/blends in directly to the top edge,37Z929RLGB1B6H7XCQIMKGWVG1XTSJ,164.0,e450a063965ce182372d50f0ef237781,bag,ShapeNet,a1822be832091e036afa58a86636d6be,bag,ShapeNet,False,bag/ShapeNet/a1822be832091e036afa58a86636d6be,bag/ShapeNet/e450a063965ce182372d50f0ef237781,False,bag,bag,3,"['the', 'relatively', 'small', '-er', 'handle', 'attaches', 'blends', 'in', 'directly', 'to', 'the', 'top', 'edge']",13,the relatively small -er handle attaches blends in directly to the top edge,train,train,train,train,"[1, 10, 1192, 111, 9, 29, 153, 4592, 90, 309, 58, 10, 99, 631, 2, 0, 0, 0]",strap
439592,user_549,The handles are rectangular.,39DD6S19JR46IABEHNNZHNTX088EZL,98.0,c4cb5bcb1a9399ae504721639e19f609,bag,ShapeNet,a55b721ea5a29d7f639ff561fa3f5bac,bag,ShapeNet,False,bag/ShapeNet/a55b721ea5a29d7f639ff561fa3f5bac,bag/ShapeNet/c4cb5bcb1a9399ae504721639e19f609,True,bag,bag,3,"['the', 'handles', 'are', 'rectangular']",4,the handles are rectangular,train,train,train,train,"[1, 10, 18, 16, 128, 2, 0, 0, 0, 0, 0, 0, 0, 0, 0, 0, 0, 0]",strap
439594,user_1419,Target has two handles,3Z3ZLGNNSKNUUKUQ57NQ73DW4F0Q3D,125.0,68b7ca73de30ad6df2197da8dec8488d,bag,ShapeNet,2970e5486815e72ccd99ccc7ff441abf,bag,ShapeNet,False,bag/ShapeNet/2970e5486815e72ccd99ccc7ff441abf,bag/ShapeNet/68b7ca73de30ad6df2197da8dec8488d,False,bag,bag,3,"['target', 'has', 'two', 'handles']",4,target has two handles,train,train,train,train,"[1, 11, 24, 17, 18, 2, 0, 0, 0, 0, 0, 0, 0, 0, 0, 0, 0, 0]",strap
439595,user_2002,The handles are attached to each side,3DPNQGW4LN8M2YUAQCEBB3OBIE8463,51.0,68b7ca73de30ad6df2197da8dec8488d,bag,ShapeNet,2970e5486815e72ccd99ccc7ff441abf,bag,ShapeNet,False,bag/ShapeNet/2970e5486815e72ccd99ccc7ff441abf,bag/ShapeNet/68b7ca73de30ad6df2197da8dec8488d,False,bag,bag,3,"['the', 'handles', 'are', 'attached', 'to', 'each', 'side']",7,the handles are attached to each side,train,train,train,train,"[1, 10, 18, 16, 115, 58, 21, 22, 2, 0, 0, 0, 0, 0, 0, 0, 0, 0]",strap
439607,user_1298,The handle is smaller,3KAKFY4PGWVHDM67SZIHY1MAD4L3IN,68.0,eebc8d35d05e49b86afa58a86636d6be,bag,PartNet,766fe076d4cdef8cf0117851f0671fde,bag,ShapeNet,False,bag/ShapeNet/766fe076d4cdef8cf0117851f0671fde,bag/PartNet/eebc8d35d05e49b86afa58a86636d6be,True,bag,bag,3,"['the', 'handle', 'is', 'small', '-er']",5,the handle is small -er,train,train,train,train,"[1, 10, 29, 7, 111, 9, 2, 0, 0, 0, 0, 0, 0, 0, 0, 0, 0, 0]",strap
439611,user_505,Target has tall handles,3TS1AR6UQS7F4E54T3FM8LLY2F9F79,40.0,10a885f5971d9d4ce858db1dc3499392,bag,ShapeNet,a67a7117a961d743e3f7a74e12a274ef,bag,PartNet,False,bag/PartNet/a67a7117a961d743e3f7a74e12a274ef,bag/ShapeNet/10a885f5971d9d4ce858db1dc3499392,True,bag,bag,3,"['target', 'has', 'tall', 'handles']",4,target has tall handles,train,train,train,train,"[1, 11, 24, 53, 18, 2, 0, 0, 0, 0, 0, 0, 0, 0, 0, 0, 0, 0]",strap
439612,user_1191,It has a thicker handle.,3ZQIG0FLQG9JQQSV1QS2INN1J3YVWD,70.0,10a885f5971d9d4ce858db1dc3499392,bag,ShapeNet,a67a7117a961d743e3f7a74e12a274ef,bag,PartNet,False,bag/PartNet/a67a7117a961d743e3f7a74e12a274ef,bag/ShapeNet/10a885f5971d9d4ce858db1dc3499392,True,bag,bag,3,"['it', 'has', 'a', 'thick', '-er', 'handle']",6,it has a thick -er handle,train,train,train,train,"[1, 23, 24, 26, 54, 9, 29, 2, 0, 0, 0, 0, 0, 0, 0, 0, 0, 0]",strap
439614,user_203,It has a handle wrap.,3OCHAWUVGQDKZF39CRAHIXQRC4GXKZ,237.0,c3426d26e0408be4285e5a1f74237618,bag,ShapeNet,f872a64810c123a47abde6405e4d8323,bag,ShapeNet,False,bag/ShapeNet/f872a64810c123a47abde6405e4d8323,bag/ShapeNet/c3426d26e0408be4285e5a1f74237618,True,bag,bag,3,"['it', 'has', 'a', 'handle', 'wrap']",5,it has a handle wrap,train,train,train,train,"[1, 23, 24, 26, 29, 2657, 2, 0, 0, 0, 0, 0, 0, 0, 0, 0, 0, 0]",strap
439615,user_786,Its handle has a big rectangular block handgrip,3L4PIM1GQV9VMO6E775G2NJE91RYRK,85.0,c3426d26e0408be4285e5a1f74237618,bag,ShapeNet,f872a64810c123a47abde6405e4d8323,bag,ShapeNet,False,bag/ShapeNet/f872a64810c123a47abde6405e4d8323,bag/ShapeNet/c3426d26e0408be4285e5a1f74237618,True,bag,bag,3,"['its', 'handle', 'has', 'a', 'big', 'rectangular', 'block', 'handgrip']",8,its handle has a big rectangular block handgrip,train,train,train,train,"[1, 5, 29, 24, 26, 320, 128, 885, 5042, 2, 0, 0, 0, 0, 0, 0, 0, 0]",strap
439622,user_1298,The width of the body is smaller,3WETL7AQWV151YBSLFZN9SI58JF35F,64.0,adfe9029a1ca723eb8966aeece708f87,bag,ShapeNet,74c548ef3ca7b1987515e7bb7dba4019,bag,ShapeNet,False,bag/ShapeNet/74c548ef3ca7b1987515e7bb7dba4019,bag/ShapeNet/adfe9029a1ca723eb8966aeece708f87,True,bag,bag,3,"['the', 'width', 'of', 'the', 'body', 'is', 'small', '-er']",8,the width of the body is small -er,train,train,train,train,"[1, 10, 358, 38, 10, 45, 7, 111, 9, 2, 0, 0, 0, 0, 0, 0, 0, 0]",body
439626,user_156,Its handle is not as tall in height.,3QXNC7EIPKOSLTE75IULJAP0R2709Z,76.0,74c548ef3ca7b1987515e7bb7dba4019,bag,ShapeNet,65680f336a50db976afa58a86636d6be,bag,ShapeNet,False,bag/ShapeNet/65680f336a50db976afa58a86636d6be,bag/ShapeNet/74c548ef3ca7b1987515e7bb7dba4019,True,bag,bag,3,"['its', 'handle', 'is', 'not', 'as', 'tall', 'in', 'height']",8,its handle is not as tall in height,test,train,test,train,"[1, 5, 29, 7, 40, 52, 53, 90, 117, 2, 0, 0, 0, 0, 0, 0, 0, 0]",strap
439629,user_203,The top handle is not as high.,37W3JXSD6810UKN061FMPMRV1G5YWM,249.0,a67a7117a961d743e3f7a74e12a274ef,bag,PartNet,bb6eba59b185e6bce8a1430c80ad4e85,bag,PartNet,False,bag/PartNet/bb6eba59b185e6bce8a1430c80ad4e85,bag/PartNet/a67a7117a961d743e3f7a74e12a274ef,True,bag,bag,3,"['the', 'top', 'handle', 'is', 'not', 'as', 'high']",7,the top handle is not as high,train,train,train,train,"[1, 10, 99, 29, 7, 40, 52, 49, 2, 0, 0, 0, 0, 0, 0, 0, 0, 0]",strap
439632,user_505,Target has no handles,3WQQ9FUS6CNTRBY7Y6LW3VQ8Y1YB8L,39.0,2022610a5d1a8455abc49cae1a831a9e,bag,ShapeNet,e8521dbe5e8b6449945dfc8fc6d25afd,bag,PartNet,False,bag/PartNet/e8521dbe5e8b6449945dfc8fc6d25afd,bag/ShapeNet/2022610a5d1a8455abc49cae1a831a9e,False,bag,bag,3,"['target', 'has', 'no', 'handles']",4,target has no handles,train,train,train,train,"[1, 11, 24, 123, 18, 2, 0, 0, 0, 0, 0, 0, 0, 0, 0, 0, 0, 0]",strap
439633,user_1135,The target bag has no handle.,3X87C8JFV84YE1F5VMORFBL8WVQSQY,66.0,2022610a5d1a8455abc49cae1a831a9e,bag,ShapeNet,e8521dbe5e8b6449945dfc8fc6d25afd,bag,PartNet,False,bag/PartNet/e8521dbe5e8b6449945dfc8fc6d25afd,bag/ShapeNet/2022610a5d1a8455abc49cae1a831a9e,False,bag,bag,3,"['the', 'target', 'bag', 'has', 'no', 'handle']",6,the target bag has no handle,train,train,train,train,"[1, 10, 11, 1909, 24, 123, 29, 2, 0, 0, 0, 0, 0, 0, 0, 0, 0, 0]",strap
439634,user_1796,There are no straps.,3U0SRXB7CFY1AP2005W5L7L75I6RN8,55.0,2022610a5d1a8455abc49cae1a831a9e,bag,ShapeNet,e8521dbe5e8b6449945dfc8fc6d25afd,bag,PartNet,False,bag/PartNet/e8521dbe5e8b6449945dfc8fc6d25afd,bag/ShapeNet/2022610a5d1a8455abc49cae1a831a9e,False,bag,bag,3,"['there', 'are', 'no', 'straps']",4,there are no straps,train,train,train,train,"[1, 15, 16, 123, 716, 2, 0, 0, 0, 0, 0, 0, 0, 0, 0, 0, 0, 0]",strap
439645,user_1689,Its body is wider in length.,3X66WABAJYB3HV0C2BIEDP9UYSFG3W,363.0,1342fc4f613687f92569b963af585e33,bag,ShapeNet,f5108ede5ca11f041f6736765dee4fa9,bag,ShapeNet,False,bag/ShapeNet/f5108ede5ca11f041f6736765dee4fa9,bag/ShapeNet/1342fc4f613687f92569b963af585e33,True,bag,bag,3,"['its', 'body', 'is', 'wide', '-er', 'in', 'length']",7,its body is wide -er in length,test,train,test,train,"[1, 5, 45, 7, 83, 9, 90, 155, 2, 0, 0, 0, 0, 0, 0, 0, 0, 0]",body
439648,user_786,It has a tall handle,3STRJBFXOYKDIYUP7H9KTU5LZ8TKT4,82.0,3edc3bc2ecf58aae40090e51144242ea,bag,ShapeNet,669fe6ae83e64a544608027d921be76e,bag,PartNet,False,bag/PartNet/669fe6ae83e64a544608027d921be76e,bag/ShapeNet/3edc3bc2ecf58aae40090e51144242ea,False,bag,bag,3,"['it', 'has', 'a', 'tall', 'handle']",5,it has a tall handle,train,train,train,train,"[1, 23, 24, 26, 53, 29, 2, 0, 0, 0, 0, 0, 0, 0, 0, 0, 0, 0]",strap
439649,user_948,It has a front pocket,3SB5N7Y3O5X7031FJO0VBRBNVGJ0G9,35.0,3edc3bc2ecf58aae40090e51144242ea,bag,ShapeNet,669fe6ae83e64a544608027d921be76e,bag,PartNet,False,bag/PartNet/669fe6ae83e64a544608027d921be76e,bag/ShapeNet/3edc3bc2ecf58aae40090e51144242ea,False,bag,bag,3,"['it', 'has', 'a', 'front', 'pocket']",5,it has a front pocket,train,train,train,train,"[1, 23, 24, 26, 37, 1425, 2, 0, 0, 0, 0, 0, 0, 0, 0, 0, 0, 0]",body
439650,user_156,Its body tapers towards the top.,3WJ1OXY92C9O81TFSSL08K62GLU8A8,57.0,1614bc965545308e5de21284bb515a83,bag,PartNet,2f97f841aff238b74245c6fcbfdfe98a,bag,ShapeNet,False,bag/ShapeNet/2f97f841aff238b74245c6fcbfdfe98a,bag/PartNet/1614bc965545308e5de21284bb515a83,True,bag,bag,3,"['its', 'body', 'tapers', 'towards', 'the', 'top']",6,its body tapers towards the top,train,train,train,train,"[1, 5, 45, 566, 382, 10, 99, 2, 0, 0, 0, 0, 0, 0, 0, 0, 0, 0]",body
439652,user_923,The strap looks triangular,3MD9PLUKKK7ACGORAMQI7AN6EZTZND,157.0,1614bc965545308e5de21284bb515a83,bag,PartNet,2f97f841aff238b74245c6fcbfdfe98a,bag,ShapeNet,False,bag/ShapeNet/2f97f841aff238b74245c6fcbfdfe98a,bag/PartNet/1614bc965545308e5de21284bb515a83,True,bag,bag,3,"['the', 'strap', 'looks', 'triangular']",4,the strap looks triangular,train,train,train,train,"[1, 10, 628, 33, 564, 2, 0, 0, 0, 0, 0, 0, 0, 0, 0, 0, 0, 0]",strap
439662,user_442,It has decorative buckles where the strap meets the bag,3PM8NZGV8096AI14PWUEEJ20B9IXQZ,103.0,fdd6a114f831fad4a344805881e35292,bag,PartNet,5d4f774fdda6fa1dcd99ccc7ff441abf,bag,ShapeNet,False,bag/ShapeNet/5d4f774fdda6fa1dcd99ccc7ff441abf,bag/PartNet/fdd6a114f831fad4a344805881e35292,True,bag,bag,3,"['it', 'has', 'decorative', 'buckles', 'where', 'the', 'strap', 'meets', 'the', 'bag']",10,it has decorative buckles where the strap meets the bag,train,train,train,train,"[1, 23, 24, 216, 5045, 409, 10, 628, 410, 10, 1909, 2, 0, 0, 0, 0, 0, 0]",strap
439663,user_891,it has a button on the handle attachment point,37W3JXSD6810UKN061FMPMRV1H0YWJ,44.0,fdd6a114f831fad4a344805881e35292,bag,PartNet,5d4f774fdda6fa1dcd99ccc7ff441abf,bag,ShapeNet,False,bag/ShapeNet/5d4f774fdda6fa1dcd99ccc7ff441abf,bag/PartNet/fdd6a114f831fad4a344805881e35292,True,bag,bag,3,"['it', 'has', 'a', 'button', 'on', 'the', 'handle', 'attachment', 'point']",9,it has a button on the handle attachment point,train,train,train,train,"[1, 23, 24, 26, 596, 20, 10, 29, 335, 412, 2, 0, 0, 0, 0, 0, 0, 0]",strap
439669,user_451,The second bag has a cross strap on the front of the bag,3TYCR1GOTECKOGL6Y9A3UIJH96NZL9,130.0,83ab18386e87bf4efef598dabc93c115,bag,ShapeNet,4e4fcfffec161ecaed13f430b2941481,bag,ShapeNet,False,bag/ShapeNet/4e4fcfffec161ecaed13f430b2941481,bag/ShapeNet/83ab18386e87bf4efef598dabc93c115,True,bag,bag,3,"['the', 'second', 'bag', 'has', 'a', 'cross', 'strap', 'on', 'the', 'front', 'of', 'the', 'bag']",13,the second bag has a cross strap on the front of the bag,train,train,train,train,"[1, 10, 1727, 1909, 24, 26, 28, 628, 20, 10, 37, 38, 10, 1909, 2, 0, 0, 0]",strap
