,workerid,utterance,assignmentid,worktimeinseconds,source_model_name,source_object_class,source_dataset,target_model_name,target_object_class,target_dataset,is_patched,target_uid,source_uid,hard_context,target_original_object_class,source_original_object_class,saliency,tokens,tokens_len,utterance_spelled,target_unary_split,source_unary_split,listening_split,changeit_split,tokens_encoded,part_keywords
11796,user_1886,It has a smaller body,386CSBG1O1FTR3H8O9LOE6PGAPH6QC,48.0,f99e19b8c4a729353deb88581ea8417a,mug,ShapeNet,6d2657c640e97c4dd4c0c1a5a5d9a6b8,mug,ShapeNet,False,mug/ShapeNet/6d2657c640e97c4dd4c0c1a5a5d9a6b8,mug/ShapeNet/f99e19b8c4a729353deb88581ea8417a,True,mug,mug,0,"['it', 'has', 'a', 'small', '-er', 'body']",6,it has a small -er body,train,train,train,train,"[1, 23, 24, 26, 111, 9, 45, 2, 0, 0, 0, 0, 0, 0, 0, 0, 0, 0]",body
11798,user_1964,there is a C shaped handle,3QRYMNZ7F0AEQ4FS4U10LMMPPNFTNZ,76.0,bf2b5e941b43d030138af902bc222a59,mug,ShapeNet,c34718bd10e378186c6c61abcbd83e5a,mug,ShapeNet,False,mug/ShapeNet/c34718bd10e378186c6c61abcbd83e5a,mug/ShapeNet/bf2b5e941b43d030138af902bc222a59,False,mug,mug,0,"['there', 'is', 'a', 'c', 'shaped', 'handle']",6,there is a c shaped handle,train,train,train,train,"[1, 15, 7, 26, 1682, 14, 29, 2, 0, 0, 0, 0, 0, 0, 0, 0, 0, 0]",handle
11801,user_1886,It has a D shaped handle,3ZPBJO59KRUFZJXKF668BY770PIDHR,54.0,b9f9f5b48ab1153626829c11d9aba173,mug,ShapeNet,187859d3c3a2fd23f54e1b6f41fdd78a,mug,ShapeNet,False,mug/ShapeNet/187859d3c3a2fd23f54e1b6f41fdd78a,mug/ShapeNet/b9f9f5b48ab1153626829c11d9aba173,False,mug,mug,0,"['it', 'has', 'a', 'd', 'shaped', 'handle']",6,it has a d shaped handle,train,train,train,train,"[1, 23, 24, 26, 1683, 14, 29, 2, 0, 0, 0, 0, 0, 0, 0, 0, 0, 0]",handle
11802,user_1964,The handle is D shaped,3ATTHHXXWCHTTKDLCOP55HBEGK9IXR,67.0,b9f9f5b48ab1153626829c11d9aba173,mug,ShapeNet,187859d3c3a2fd23f54e1b6f41fdd78a,mug,ShapeNet,False,mug/ShapeNet/187859d3c3a2fd23f54e1b6f41fdd78a,mug/ShapeNet/b9f9f5b48ab1153626829c11d9aba173,False,mug,mug,0,"['the', 'handle', 'is', 'd', 'shaped']",5,the handle is d shaped,train,train,train,train,"[1, 10, 29, 7, 1683, 14, 2, 0, 0, 0, 0, 0, 0, 0, 0, 0, 0, 0]",handle
11804,user_1689,The target has a larger handle.,35GCEFQ6I7H38CVHS363YWP0511Z3U,72.0,6aec84952a5ffcf33f60d03e1cb068dc,mug,ShapeNet,9737c77d3263062b8ca7a0a01bcd55b6,mug,ShapeNet,False,mug/ShapeNet/9737c77d3263062b8ca7a0a01bcd55b6,mug/ShapeNet/6aec84952a5ffcf33f60d03e1cb068dc,False,mug,mug,0,"['the', 'target', 'has', 'a', 'large', '-er', 'handle']",7,the target has a large -er handle,train,train,train,train,"[1, 10, 11, 24, 26, 94, 9, 29, 2, 0, 0, 0, 0, 0, 0, 0, 0, 0]",handle
11805,user_242,Has a squarish handle,3JCG6DTRV5JM1L0S3IZMKB67AR2QQ4,35.0,3d3e993f7baa4d7ef1ff24a8b1564a36,mug,ShapeNet,ea95f7b57ff1573b9469314c979caef4,mug,ShapeNet,False,mug/ShapeNet/ea95f7b57ff1573b9469314c979caef4,mug/ShapeNet/3d3e993f7baa4d7ef1ff24a8b1564a36,True,mug,mug,0,"['has', 'a', 'squarish', 'handle']",4,has a squarish handle,test,train,test,train,"[1, 24, 26, 510, 29, 2, 0, 0, 0, 0, 0, 0, 0, 0, 0, 0, 0, 0]",handle
11806,user_1461,Has a thicker handle,3JRJSWSMQJE5XH4LWGSQDMOIHVU3EU,35.0,3d3e993f7baa4d7ef1ff24a8b1564a36,mug,ShapeNet,ea95f7b57ff1573b9469314c979caef4,mug,ShapeNet,False,mug/ShapeNet/ea95f7b57ff1573b9469314c979caef4,mug/ShapeNet/3d3e993f7baa4d7ef1ff24a8b1564a36,True,mug,mug,0,"['has', 'a', 'thick', '-er', 'handle']",5,has a thick -er handle,test,train,test,train,"[1, 24, 26, 54, 9, 29, 2, 0, 0, 0, 0, 0, 0, 0, 0, 0, 0, 0]",handle
11807,user_242,handle is square,3YZ8UPK3VVFAZDXQF9IWA7EF9X9CUS,35.0,e984fd7e97c2be347eaeab1f0c9120b7,mug,ShapeNet,387b695db51190d3be276203d0b1a33f,mug,ShapeNet,False,mug/ShapeNet/387b695db51190d3be276203d0b1a33f,mug/ShapeNet/e984fd7e97c2be347eaeab1f0c9120b7,False,mug,mug,0,"['handle', 'is', 'square']",3,handle is square,train,train,train,train,"[1, 29, 7, 50, 2, 0, 0, 0, 0, 0, 0, 0, 0, 0, 0, 0, 0, 0]",handle
11808,user_1416,It has a square handle.,34YB12FSQ0H43H8M8TNT9OI0U3XGMD,68.0,e984fd7e97c2be347eaeab1f0c9120b7,mug,ShapeNet,387b695db51190d3be276203d0b1a33f,mug,ShapeNet,False,mug/ShapeNet/387b695db51190d3be276203d0b1a33f,mug/ShapeNet/e984fd7e97c2be347eaeab1f0c9120b7,False,mug,mug,0,"['it', 'has', 'a', 'square', 'handle']",5,it has a square handle,train,train,train,train,"[1, 23, 24, 26, 50, 29, 2, 0, 0, 0, 0, 0, 0, 0, 0, 0, 0, 0]",handle
11809,user_1461,Has a C Handle,34MAJL3QP6GN5F7S7AGD40CR46Z34N,153.0,8012f52dd0a4d2f718a93a45bf780820,mug,ShapeNet,6dd59cc1130a426571215a0b56898e5e,mug,ShapeNet,True,mug/ShapeNet/6dd59cc1130a426571215a0b56898e5e,mug/ShapeNet/8012f52dd0a4d2f718a93a45bf780820,False,mug,mug,0,"['has', 'a', 'c', 'handle']",4,has a c handle,train,train,train,train,"[1, 24, 26, 1682, 29, 2, 0, 0, 0, 0, 0, 0, 0, 0, 0, 0, 0, 0]",handle
11814,user_1964,the handle is D shaped,32VNZTT0A9XFOHSUI0H9MYF7ALNR4P,64.0,2852b888abae54b0e3523e99fd841f4,mug,ShapeNet,df026976dc03197213ac44947b92716e,mug,ShapeNet,False,mug/ShapeNet/df026976dc03197213ac44947b92716e,mug/ShapeNet/2852b888abae54b0e3523e99fd841f4,True,mug,mug,0,"['the', 'handle', 'is', 'd', 'shaped']",5,the handle is d shaped,train,train,train,train,"[1, 10, 29, 7, 1683, 14, 2, 0, 0, 0, 0, 0, 0, 0, 0, 0, 0, 0]",handle
11817,user_1416,"It has a thicker, square handle.",3YT88D1N0AR8JHWVS23TBH1N1SP3KD,49.0,eecb13f61a93b4048f58d8b19de93f99,mug,ShapeNet,91f90c3a50410c0dc27effd6fd6b7eb0,mug,ShapeNet,False,mug/ShapeNet/91f90c3a50410c0dc27effd6fd6b7eb0,mug/ShapeNet/eecb13f61a93b4048f58d8b19de93f99,True,mug,mug,0,"['it', 'has', 'a', 'thick', '-er', 'square', 'handle']",7,it has a thick -er square handle,train,train,train,train,"[1, 23, 24, 26, 54, 9, 50, 29, 2, 0, 0, 0, 0, 0, 0, 0, 0, 0]",handle
11818,user_1886,It has a square handle,3FPRZHYEP00MZSQ7R6H0DQC4HR43V9,38.0,eecb13f61a93b4048f58d8b19de93f99,mug,ShapeNet,91f90c3a50410c0dc27effd6fd6b7eb0,mug,ShapeNet,False,mug/ShapeNet/91f90c3a50410c0dc27effd6fd6b7eb0,mug/ShapeNet/eecb13f61a93b4048f58d8b19de93f99,True,mug,mug,0,"['it', 'has', 'a', 'square', 'handle']",5,it has a square handle,train,train,train,train,"[1, 23, 24, 26, 50, 29, 2, 0, 0, 0, 0, 0, 0, 0, 0, 0, 0, 0]",handle
11821,user_1081,THE TARGET MUG HAS A NOVELTY HANDLE.,3TU5ZICBRFUGVH0WHOIMYKL7GLHQ8U,100.0,1c3fccb84f1eeb97a3d0a41d6c77ec7c,mug,ShapeNet,f3a7f8198cc50c225f5e789acd4d1122,mug,ShapeNet,False,mug/ShapeNet/f3a7f8198cc50c225f5e789acd4d1122,mug/ShapeNet/1c3fccb84f1eeb97a3d0a41d6c77ec7c,False,mug,mug,0,"['the', 'target', 'mug', 'has', 'a', 'novelty', 'handle']",7,the target mug has a novelty handle,train,train,train,train,"[1, 10, 11, 1684, 24, 26, 1685, 29, 2, 0, 0, 0, 0, 0, 0, 0, 0, 0]",handle
11823,user_242,Handle is flatter,3A0EX8ZRNAH86HPPBAJQ28EAN0JBYH,28.0,34ae0b61b0d8aaf2d7b20fded0142d7a,mug,ShapeNet,3093367916fb5216823323ed0e090a6f,mug,ShapeNet,False,mug/ShapeNet/3093367916fb5216823323ed0e090a6f,mug/ShapeNet/34ae0b61b0d8aaf2d7b20fded0142d7a,False,mug,mug,0,"['handle', 'is', 'flat', '-er']",4,handle is flat -er,train,train,train,train,"[1, 29, 7, 129, 9, 2, 0, 0, 0, 0, 0, 0, 0, 0, 0, 0, 0, 0]",handle
11825,user_242,has no handle,336KAV9KYSLEI4PTSHQF1FB6TU72Y7,23.0,b7841572364fd9ce1249ffc39a0c3c0b,mug,ShapeNet,127944b6dabee1c9e20e92c5b8147e4a,mug,ShapeNet,False,mug/ShapeNet/127944b6dabee1c9e20e92c5b8147e4a,mug/ShapeNet/b7841572364fd9ce1249ffc39a0c3c0b,True,mug,mug,0,"['has', 'no', 'handle']",3,has no handle,train,train,train,train,"[1, 24, 123, 29, 2, 0, 0, 0, 0, 0, 0, 0, 0, 0, 0, 0, 0, 0]",handle
11827,user_920,"The target has a thick, squared handle.",36W0OB37HY7I2K2G7OV52QQAO6HHZH,43.0,ef24c302911bcde6ea6ff2182dd34668,mug,ShapeNet,7d282cc3cedd40c8b5c4f4801d3aada,mug,ShapeNet,False,mug/ShapeNet/7d282cc3cedd40c8b5c4f4801d3aada,mug/ShapeNet/ef24c302911bcde6ea6ff2182dd34668,False,mug,mug,0,"['the', 'target', 'has', 'a', 'thick', 'squared', 'handle']",7,the target has a thick squared handle,train,train,train,train,"[1, 10, 11, 24, 26, 54, 427, 29, 2, 0, 0, 0, 0, 0, 0, 0, 0, 0]",handle
11830,user_1886,It has a uniform C shaped handle,3ERMJ6L4D0LLAOXLFQJZ3B57VZZM7Z,84.0,32e197b8118b3ff6a4bd4f46ba404890,mug,ShapeNet,99eaa69cf6fe8811dec712af445786fe,mug,ShapeNet,False,mug/ShapeNet/99eaa69cf6fe8811dec712af445786fe,mug/ShapeNet/32e197b8118b3ff6a4bd4f46ba404890,False,mug,mug,0,"['it', 'has', 'a', 'uniform', 'c', 'shaped', 'handle']",7,it has a uniform c shaped handle,train,train,train,train,"[1, 23, 24, 26, 512, 1682, 14, 29, 2, 0, 0, 0, 0, 0, 0, 0, 0, 0]",handle
11833,user_456,The target has a c shaped handle.,3T3IWE1XG8GZT1SKKMTHPGHUUXTQT8,54.0,e71102b6da1d63f3a363b55cbd344baa,mug,ShapeNet,1d18255a04d22794e521eeb8bb14c5b3,mug,ShapeNet,False,mug/ShapeNet/1d18255a04d22794e521eeb8bb14c5b3,mug/ShapeNet/e71102b6da1d63f3a363b55cbd344baa,False,mug,mug,0,"['the', 'target', 'has', 'a', 'c', 'shaped', 'handle']",7,the target has a c shaped handle,train,train,train,train,"[1, 10, 11, 24, 26, 1682, 14, 29, 2, 0, 0, 0, 0, 0, 0, 0, 0, 0]",handle
11834,user_1416,It has a handle.,38SKSKU7R3QYTQWWY5MHUNGR9BZLI8,38.0,e71102b6da1d63f3a363b55cbd344baa,mug,ShapeNet,1d18255a04d22794e521eeb8bb14c5b3,mug,ShapeNet,False,mug/ShapeNet/1d18255a04d22794e521eeb8bb14c5b3,mug/ShapeNet/e71102b6da1d63f3a363b55cbd344baa,False,mug,mug,0,"['it', 'has', 'a', 'handle']",4,it has a handle,train,train,train,train,"[1, 23, 24, 26, 29, 2, 0, 0, 0, 0, 0, 0, 0, 0, 0, 0, 0, 0]",handle
11835,user_242,handle is shorter,37XITHEISY2IJL59BFNR5WRV2Y8RC6,46.0,24b17537bce40695b3207096ecd79542,mug,ShapeNet,513c3410e8354e5211c7f3807925346a,mug,ShapeNet,True,mug/ShapeNet/513c3410e8354e5211c7f3807925346a,mug/ShapeNet/24b17537bce40695b3207096ecd79542,True,mug,mug,0,"['handle', 'is', 'short', '-er']",4,handle is short -er,train,train,train,train,"[1, 29, 7, 8, 9, 2, 0, 0, 0, 0, 0, 0, 0, 0, 0, 0, 0, 0]",handle
11836,user_1461,Has a square/novelty handle,3A0EX8ZRNAH86HPPBAJQ28EANZEBYA,42.0,24b17537bce40695b3207096ecd79542,mug,ShapeNet,513c3410e8354e5211c7f3807925346a,mug,ShapeNet,False,mug/ShapeNet/513c3410e8354e5211c7f3807925346a,mug/ShapeNet/24b17537bce40695b3207096ecd79542,True,mug,mug,0,"['has', 'a', 'square', 'novelty', 'handle']",5,has a square novelty handle,train,train,train,train,"[1, 24, 26, 50, 1685, 29, 2, 0, 0, 0, 0, 0, 0, 0, 0, 0, 0, 0]",handle
11837,user_242,handle is shorter,3CFVK00FWNEI061VW4DSXKQM0K8L6I,68.0,928a383f79698c3fb6d9bc28c8d8a2c4,mug,ShapeNet,599e604a8265cc0a98765d8aa3638e70,mug,ShapeNet,False,mug/ShapeNet/599e604a8265cc0a98765d8aa3638e70,mug/ShapeNet/928a383f79698c3fb6d9bc28c8d8a2c4,False,mug,mug,0,"['handle', 'is', 'short', '-er']",4,handle is short -er,test,train,test,train,"[1, 29, 7, 8, 9, 2, 0, 0, 0, 0, 0, 0, 0, 0, 0, 0, 0, 0]",handle
11839,user_242,handle is rounder,3A4TN5196MB5URR6FABXRSPPFPACHU,58.0,2997f21fa426e18a6ab1a25d0e8f3590,mug,ShapeNet,d7ba704184d424dfd56d9106430c3fe,mug,ShapeNet,False,mug/ShapeNet/d7ba704184d424dfd56d9106430c3fe,mug/ShapeNet/2997f21fa426e18a6ab1a25d0e8f3590,True,mug,mug,0,"['handle', 'is', 'round', '-er']",4,handle is round -er,test,train,test,train,"[1, 29, 7, 134, 9, 2, 0, 0, 0, 0, 0, 0, 0, 0, 0, 0, 0, 0]",handle
11841,user_242,Handle is round,3J88R45B2IRLA60PPJFPEECQ2Y3XPH,35.0,df026976dc03197213ac44947b92716e,mug,ShapeNet,35ce7ede92198be2b759f7fb0032e59,mug,ShapeNet,False,mug/ShapeNet/35ce7ede92198be2b759f7fb0032e59,mug/ShapeNet/df026976dc03197213ac44947b92716e,True,mug,mug,0,"['handle', 'is', 'round']",3,handle is round,train,train,train,train,"[1, 29, 7, 134, 2, 0, 0, 0, 0, 0, 0, 0, 0, 0, 0, 0, 0, 0]",handle
11842,user_1886,The handle is thicker,3CFJTT4SXVJZE57UUBL7BIYQEQJI7J,64.0,df026976dc03197213ac44947b92716e,mug,ShapeNet,35ce7ede92198be2b759f7fb0032e59,mug,ShapeNet,False,mug/ShapeNet/35ce7ede92198be2b759f7fb0032e59,mug/ShapeNet/df026976dc03197213ac44947b92716e,True,mug,mug,0,"['the', 'handle', 'is', 'thick', '-er']",5,the handle is thick -er,train,train,train,train,"[1, 10, 29, 7, 54, 9, 2, 0, 0, 0, 0, 0, 0, 0, 0, 0, 0, 0]",handle
11846,user_1461,"Has a thinner, taller handle",3HMVI3QICLL7TJ7X9DQ1WW111NMY1D,27.0,b7e705de46ebdcc14af54ba5738cb1c5,mug,ShapeNet,46955fddcc83a50f79b586547e543694,mug,ShapeNet,False,mug/ShapeNet/46955fddcc83a50f79b586547e543694,mug/ShapeNet/b7e705de46ebdcc14af54ba5738cb1c5,True,mug,mug,0,"['has', 'a', 'thin', '-er', 'tall', '-er', 'handle']",7,has a thin -er tall -er handle,train,train,train,train,"[1, 24, 26, 60, 9, 53, 9, 29, 2, 0, 0, 0, 0, 0, 0, 0, 0, 0]",handle
11848,user_1886,The bottom is smaller than the rest of the body,3JCG6DTRV5JM1L0S3IZMKB67AQRQQR,65.0,b4ae56d6638d5338de671f28c83d2dcb,mug,ShapeNet,8b1dca1414ba88cb91986c63a4d7a99a,mug,ShapeNet,False,mug/ShapeNet/8b1dca1414ba88cb91986c63a4d7a99a,mug/ShapeNet/b4ae56d6638d5338de671f28c83d2dcb,False,mug,mug,0,"['the', 'bottom', 'is', 'small', '-er', 'than', 'the', 'rest', 'of', 'the', 'body']",11,the bottom is small -er than the rest of the body,train,train,train,train,"[1, 10, 76, 7, 111, 9, 131, 10, 1154, 38, 10, 45, 2, 0, 0, 0, 0, 0]",body
11849,user_1416,The handle has a triangular edge.,3EJPLAJKEO925VIZB5415Z1KFS3Z60,42.0,3d3e993f7baa4d7ef1ff24a8b1564a36,mug,ShapeNet,f99e19b8c4a729353deb88581ea8417a,mug,ShapeNet,False,mug/ShapeNet/f99e19b8c4a729353deb88581ea8417a,mug/ShapeNet/3d3e993f7baa4d7ef1ff24a8b1564a36,False,mug,mug,0,"['the', 'handle', 'has', 'a', 'triangular', 'edge']",6,the handle has a triangular edge,train,train,train,train,"[1, 10, 29, 24, 26, 564, 631, 2, 0, 0, 0, 0, 0, 0, 0, 0, 0, 0]",handle
11850,user_1886,The handle is not C shaped,3Y5140Z9DZ9OKBBUQXFOB4PBELZPI9,63.0,3d3e993f7baa4d7ef1ff24a8b1564a36,mug,ShapeNet,f99e19b8c4a729353deb88581ea8417a,mug,ShapeNet,True,mug/ShapeNet/f99e19b8c4a729353deb88581ea8417a,mug/ShapeNet/3d3e993f7baa4d7ef1ff24a8b1564a36,False,mug,mug,0,"['the', 'handle', 'is', 'not', 'c', 'shaped']",6,the handle is not c shaped,train,train,train,train,"[1, 10, 29, 7, 40, 1682, 14, 2, 0, 0, 0, 0, 0, 0, 0, 0, 0, 0]",handle
11851,user_242,handle is C shaped,36PW28KO41P5H2365V700U2ON6XEAE,39.0,3d1754b7cb46c0ce5c8081810641ef6,mug,ShapeNet,43f94ba24d2f075c4d32a65fb7bf4ebc,mug,ShapeNet,False,mug/ShapeNet/43f94ba24d2f075c4d32a65fb7bf4ebc,mug/ShapeNet/3d1754b7cb46c0ce5c8081810641ef6,True,mug,mug,0,"['handle', 'is', 'c', 'shaped']",4,handle is c shaped,train,train,train,train,"[1, 29, 7, 1682, 14, 2, 0, 0, 0, 0, 0, 0, 0, 0, 0, 0, 0, 0]",handle
11852,user_456,The target has a flattened c shaped handle.,373ERPL3YQ1Z527KX1IHU6RZQJVTRC,68.0,3d1754b7cb46c0ce5c8081810641ef6,mug,ShapeNet,43f94ba24d2f075c4d32a65fb7bf4ebc,mug,ShapeNet,False,mug/ShapeNet/43f94ba24d2f075c4d32a65fb7bf4ebc,mug/ShapeNet/3d1754b7cb46c0ce5c8081810641ef6,True,mug,mug,0,"['the', 'target', 'has', 'a', 'flattened', 'c', 'shaped', 'handle']",8,the target has a flattened c shaped handle,train,train,train,train,"[1, 10, 11, 24, 26, 1691, 1682, 14, 29, 2, 0, 0, 0, 0, 0, 0, 0, 0]",handle
11854,user_1886,It has a thicker handle,3OHYZ19UGEYRTTGVZ9AW56W2R8YOAN,93.0,d46b98f63a017578ea456f4bbbc96af9,mug,ShapeNet,44f9c4e1ea3532b8d7b20fded0142d7a,mug,ShapeNet,False,mug/ShapeNet/44f9c4e1ea3532b8d7b20fded0142d7a,mug/ShapeNet/d46b98f63a017578ea456f4bbbc96af9,True,mug,mug,0,"['it', 'has', 'a', 'thick', '-er', 'handle']",6,it has a thick -er handle,train,train,train,train,"[1, 23, 24, 26, 54, 9, 29, 2, 0, 0, 0, 0, 0, 0, 0, 0, 0, 0]",handle
11855,user_242,handle is wider,32VNZTT0A9XFOHSUI0H9MYF7ALOR4Q,34.0,43e1cabc5dd2fa91fffc97a61124b1a9,mug,ShapeNet,1a1c0a8d4bad82169f0594e65f756cf5,mug,ShapeNet,False,mug/ShapeNet/1a1c0a8d4bad82169f0594e65f756cf5,mug/ShapeNet/43e1cabc5dd2fa91fffc97a61124b1a9,True,mug,mug,0,"['handle', 'is', 'wide', '-er']",4,handle is wide -er,train,train,train,train,"[1, 29, 7, 83, 9, 2, 0, 0, 0, 0, 0, 0, 0, 0, 0, 0, 0, 0]",handle
11856,user_1964,the handle is longer lengthwise,3TYCR1GOTECKOGL6Y9A3UIJH5O1LZ5,43.0,43e1cabc5dd2fa91fffc97a61124b1a9,mug,ShapeNet,1a1c0a8d4bad82169f0594e65f756cf5,mug,ShapeNet,False,mug/ShapeNet/1a1c0a8d4bad82169f0594e65f756cf5,mug/ShapeNet/43e1cabc5dd2fa91fffc97a61124b1a9,True,mug,mug,0,"['the', 'handle', 'is', 'long', '-er', 'length', 'wise']",7,the handle is long -er length wise,train,train,train,train,"[1, 10, 29, 7, 32, 9, 155, 359, 2, 0, 0, 0, 0, 0, 0, 0, 0, 0]",handle
11858,user_1886,It has a shorter body,3U4J9857OG4PRXTOO1TQPVUDJ1A7BC,45.0,fad118b32085f3f2c2c72e575af174cd,mug,ShapeNet,24b17537bce40695b3207096ecd79542,mug,ShapeNet,False,mug/ShapeNet/24b17537bce40695b3207096ecd79542,mug/ShapeNet/fad118b32085f3f2c2c72e575af174cd,False,mug,mug,0,"['it', 'has', 'a', 'short', '-er', 'body']",6,it has a short -er body,train,train,train,train,"[1, 23, 24, 26, 8, 9, 45, 2, 0, 0, 0, 0, 0, 0, 0, 0, 0, 0]",body
11859,user_1105,the handle is much thicker,34FNN24DCO26H18GA0SDZMEID3PY5T,20.0,3c0467f96e26b8c6a93445a1757adf6,mug,ShapeNet,d0a3fdd33c7e1eb040bc4e38b9ba163e,mug,ShapeNet,False,mug/ShapeNet/d0a3fdd33c7e1eb040bc4e38b9ba163e,mug/ShapeNet/3c0467f96e26b8c6a93445a1757adf6,False,mug,mug,0,"['the', 'handle', 'is', 'much', 'thick', '-er']",6,the handle is much thick -er,train,train,train,train,"[1, 10, 29, 7, 59, 54, 9, 2, 0, 0, 0, 0, 0, 0, 0, 0, 0, 0]",handle
11860,user_1886,It has a thicker handle,3KV0LJBBH4EVS7H0O4H58SW7WB3MR8,51.0,3c0467f96e26b8c6a93445a1757adf6,mug,ShapeNet,d0a3fdd33c7e1eb040bc4e38b9ba163e,mug,ShapeNet,True,mug/ShapeNet/d0a3fdd33c7e1eb040bc4e38b9ba163e,mug/ShapeNet/3c0467f96e26b8c6a93445a1757adf6,False,mug,mug,0,"['it', 'has', 'a', 'thick', '-er', 'handle']",6,it has a thick -er handle,train,train,train,train,"[1, 23, 24, 26, 54, 9, 29, 2, 0, 0, 0, 0, 0, 0, 0, 0, 0, 0]",handle
11861,user_390,The handle is wider,3S06PH7KSTX4V8C6DH3NJBR0JZ9D1D,92.0,9880097f723c98a9bd8c6965c4665b41,mug,ShapeNet,e16a895052da87277f58c33b328479f4,mug,ShapeNet,False,mug/ShapeNet/e16a895052da87277f58c33b328479f4,mug/ShapeNet/9880097f723c98a9bd8c6965c4665b41,True,mug,mug,0,"['the', 'handle', 'is', 'wide', '-er']",5,the handle is wide -er,test,train,test,train,"[1, 10, 29, 7, 83, 9, 2, 0, 0, 0, 0, 0, 0, 0, 0, 0, 0, 0]",handle
11865,user_1461,Has a thinner but wider handle,3DPNQGW4LN8M2YUAQCEBB3OBEX146U,31.0,4f9f31db3c3873692a6f53dd95fd4468,mug,ShapeNet,5b0c679eb8a2156c4314179664d18101,mug,ShapeNet,False,mug/ShapeNet/5b0c679eb8a2156c4314179664d18101,mug/ShapeNet/4f9f31db3c3873692a6f53dd95fd4468,True,mug,mug,0,"['has', 'a', 'thin', '-er', 'but', 'wide', '-er', 'handle']",8,has a thin -er but wide -er handle,train,train,train,train,"[1, 24, 26, 60, 9, 207, 83, 9, 29, 2, 0, 0, 0, 0, 0, 0, 0, 0]",handle
11866,user_1886,It has a shorter handle,3QBD8R3Z23CCR40EQ805S3A2ZXT4OH,67.0,4f9f31db3c3873692a6f53dd95fd4468,mug,ShapeNet,5b0c679eb8a2156c4314179664d18101,mug,ShapeNet,True,mug/ShapeNet/5b0c679eb8a2156c4314179664d18101,mug/ShapeNet/4f9f31db3c3873692a6f53dd95fd4468,True,mug,mug,0,"['it', 'has', 'a', 'short', '-er', 'handle']",6,it has a short -er handle,train,train,train,train,"[1, 23, 24, 26, 8, 9, 29, 2, 0, 0, 0, 0, 0, 0, 0, 0, 0, 0]",handle
11868,user_1894,The bottom is smaller than the body.,3URFVVM167BN76807N24L5F0IFVZUE,838.0,a6d9f9ae39728831808951ff5fb582ac,mug,ShapeNet,c7f8d39c406fee941050b055aafa6fb8,mug,ShapeNet,False,mug/ShapeNet/c7f8d39c406fee941050b055aafa6fb8,mug/ShapeNet/a6d9f9ae39728831808951ff5fb582ac,True,mug,mug,0,"['the', 'bottom', 'is', 'small', '-er', 'than', 'the', 'body']",8,the bottom is small -er than the body,train,train,train,train,"[1, 10, 76, 7, 111, 9, 131, 10, 45, 2, 0, 0, 0, 0, 0, 0, 0, 0]",body
11869,user_242,The handle is thicker,36NEMU28XH6003YMNYRBVR4OORNWMS,30.0,b46e89995f4f9cc5161e440f04bd2a2,mug,ShapeNet,414772162ef70ec29109ad7f9c200d62,mug,ShapeNet,False,mug/ShapeNet/414772162ef70ec29109ad7f9c200d62,mug/ShapeNet/b46e89995f4f9cc5161e440f04bd2a2,False,mug,mug,0,"['the', 'handle', 'is', 'thick', '-er']",5,the handle is thick -er,train,train,train,train,"[1, 10, 29, 7, 54, 9, 2, 0, 0, 0, 0, 0, 0, 0, 0, 0, 0, 0]",handle
11870,user_1461,Has a thicker handle,37U1UTWH9XFG7IFWU37M3AVCC6B8R3,26.0,b46e89995f4f9cc5161e440f04bd2a2,mug,ShapeNet,414772162ef70ec29109ad7f9c200d62,mug,ShapeNet,False,mug/ShapeNet/414772162ef70ec29109ad7f9c200d62,mug/ShapeNet/b46e89995f4f9cc5161e440f04bd2a2,False,mug,mug,0,"['has', 'a', 'thick', '-er', 'handle']",5,has a thick -er handle,train,train,train,train,"[1, 24, 26, 54, 9, 29, 2, 0, 0, 0, 0, 0, 0, 0, 0, 0, 0, 0]",handle
11871,user_242,handle is not C shaped,3RRCEFRB7O5S8AB5M3VJMJA3SZKB4W,60.0,c2e411ed6061a25ef06800d5696e457f,mug,ShapeNet,9880097f723c98a9bd8c6965c4665b41,mug,ShapeNet,False,mug/ShapeNet/9880097f723c98a9bd8c6965c4665b41,mug/ShapeNet/c2e411ed6061a25ef06800d5696e457f,True,mug,mug,0,"['handle', 'is', 'not', 'c', 'shaped']",5,handle is not c shaped,train,train,train,train,"[1, 29, 7, 40, 1682, 14, 2, 0, 0, 0, 0, 0, 0, 0, 0, 0, 0, 0]",handle
11872,user_865,Target is a 'D' handle,3GM6G9ZBKPQ88MUSSTM087XPKWUTMM,623.0,c2e411ed6061a25ef06800d5696e457f,mug,ShapeNet,9880097f723c98a9bd8c6965c4665b41,mug,ShapeNet,False,mug/ShapeNet/9880097f723c98a9bd8c6965c4665b41,mug/ShapeNet/c2e411ed6061a25ef06800d5696e457f,True,mug,mug,0,"['target', 'is', 'a', 'd', 'handle']",5,target is a d handle,train,train,train,train,"[1, 11, 7, 26, 1683, 29, 2, 0, 0, 0, 0, 0, 0, 0, 0, 0, 0, 0]",handle
11879,user_242,Has two handles,3RXCAC0YITIPIS6IESDA46H5AY88GH,57.0,6d2657c640e97c4dd4c0c1a5a5d9a6b8,mug,ShapeNet,cc5b14ef71e87e9165ba97214ebde03,mug,ShapeNet,False,mug/ShapeNet/cc5b14ef71e87e9165ba97214ebde03,mug/ShapeNet/6d2657c640e97c4dd4c0c1a5a5d9a6b8,False,mug,mug,0,"['has', 'two', 'handles']",3,has two handles,train,train,train,train,"[1, 24, 17, 18, 2, 0, 0, 0, 0, 0, 0, 0, 0, 0, 0, 0, 0, 0]",handle
11880,user_1894,The body is wider.,3NXNZ5RS1CQ634ERQHFUYPZNV19794,731.0,6d2657c640e97c4dd4c0c1a5a5d9a6b8,mug,ShapeNet,cc5b14ef71e87e9165ba97214ebde03,mug,ShapeNet,False,mug/ShapeNet/cc5b14ef71e87e9165ba97214ebde03,mug/ShapeNet/6d2657c640e97c4dd4c0c1a5a5d9a6b8,False,mug,mug,0,"['the', 'body', 'is', 'wide', '-er']",5,the body is wide -er,train,train,train,train,"[1, 10, 45, 7, 83, 9, 2, 0, 0, 0, 0, 0, 0, 0, 0, 0, 0, 0]",body
11881,user_203,It does not have a C handle.,3IHR8NYAM9UUC4CF58DKH3FS93ZP4V,142.0,e9bd4ee553eb35c1d5ccc40b510e4bd,mug,ShapeNet,bf2b5e941b43d030138af902bc222a59,mug,ShapeNet,False,mug/ShapeNet/bf2b5e941b43d030138af902bc222a59,mug/ShapeNet/e9bd4ee553eb35c1d5ccc40b510e4bd,False,mug,mug,0,"['it', 'does', 'not', 'have', 'a', 'c', 'handle']",7,it does not have a c handle,train,train,train,train,"[1, 23, 39, 40, 84, 26, 1682, 29, 2, 0, 0, 0, 0, 0, 0, 0, 0, 0]",handle
11882,user_1254,There is no handle,3PH3VY7DJNQ0ZAX52NH53T0X3USZWX,185.0,e9bd4ee553eb35c1d5ccc40b510e4bd,mug,ShapeNet,bf2b5e941b43d030138af902bc222a59,mug,ShapeNet,False,mug/ShapeNet/bf2b5e941b43d030138af902bc222a59,mug/ShapeNet/e9bd4ee553eb35c1d5ccc40b510e4bd,False,mug,mug,0,"['there', 'is', 'no', 'handle']",4,there is no handle,train,train,train,train,"[1, 15, 7, 123, 29, 2, 0, 0, 0, 0, 0, 0, 0, 0, 0, 0, 0, 0]",handle
11883,user_1461,Has a smaller handle,3GM6G9ZBKPQ88MUSSTM087XPKW0MTL,21.0,a0c78f254b037f88933dc172307a6bb9,mug,ShapeNet,3d1754b7cb46c0ce5c8081810641ef6,mug,ShapeNet,False,mug/ShapeNet/3d1754b7cb46c0ce5c8081810641ef6,mug/ShapeNet/a0c78f254b037f88933dc172307a6bb9,True,mug,mug,0,"['has', 'a', 'small', '-er', 'handle']",5,has a small -er handle,train,train,train,train,"[1, 24, 26, 111, 9, 29, 2, 0, 0, 0, 0, 0, 0, 0, 0, 0, 0, 0]",handle
11884,user_1964,the handle is tubular,31LM9EDVONLKC1JNS0NWJGZGRM4NJ6,47.0,a0c78f254b037f88933dc172307a6bb9,mug,ShapeNet,3d1754b7cb46c0ce5c8081810641ef6,mug,ShapeNet,False,mug/ShapeNet/3d1754b7cb46c0ce5c8081810641ef6,mug/ShapeNet/a0c78f254b037f88933dc172307a6bb9,True,mug,mug,0,"['the', 'handle', 'is', 'tubular']",4,the handle is tubular,train,train,train,train,"[1, 10, 29, 7, 428, 2, 0, 0, 0, 0, 0, 0, 0, 0, 0, 0, 0, 0]",handle
11885,user_242,Handle is squared,3ZWFC4W1UW0PMXPJ2HDSD2CYZBVRFC,68.0,fad118b32085f3f2c2c72e575af174cd,mug,ShapeNet,91f90c3a50410c0dc27effd6fd6b7eb0,mug,ShapeNet,False,mug/ShapeNet/91f90c3a50410c0dc27effd6fd6b7eb0,mug/ShapeNet/fad118b32085f3f2c2c72e575af174cd,False,mug,mug,0,"['handle', 'is', 'squared']",3,handle is squared,train,train,train,train,"[1, 29, 7, 427, 2, 0, 0, 0, 0, 0, 0, 0, 0, 0, 0, 0, 0, 0]",handle
11887,user_1274,The handle is flat like a watchband,336YQZE83X76NKJ2RX425RRB4T95M8,70.0,bcb6be8f0ff4a51872e526c4f21dfca4,mug,ShapeNet,7d6baadd51d0703455da767dfc5b748e,mug,ShapeNet,False,mug/ShapeNet/7d6baadd51d0703455da767dfc5b748e,mug/ShapeNet/bcb6be8f0ff4a51872e526c4f21dfca4,False,mug,mug,0,"['the', 'handle', 'is', 'flat', 'like', 'a', 'watchband']",7,the handle is flat like a watchband,val,train,val,train,"[1, 10, 29, 7, 129, 35, 26, 3, 2, 0, 0, 0, 0, 0, 0, 0, 0, 0]",handle
11888,user_1886,It has a c shaped handle,345LHZDEDZLMMD17MG7VH4AL3JQ3UD,38.0,bcb6be8f0ff4a51872e526c4f21dfca4,mug,ShapeNet,7d6baadd51d0703455da767dfc5b748e,mug,ShapeNet,False,mug/ShapeNet/7d6baadd51d0703455da767dfc5b748e,mug/ShapeNet/bcb6be8f0ff4a51872e526c4f21dfca4,False,mug,mug,0,"['it', 'has', 'a', 'c', 'shaped', 'handle']",6,it has a c shaped handle,val,train,val,train,"[1, 23, 24, 26, 1682, 14, 29, 2, 0, 0, 0, 0, 0, 0, 0, 0, 0, 0]",handle
11891,user_242,handle is round,3JBT3HLQFAVAF104Q13ABZS1AY3ZPI,39.0,48e260a614c0fd4434a8988fdcee4fde,mug,ShapeNet,962883677a586bd84a60c1a189046dd1,mug,ShapeNet,False,mug/ShapeNet/962883677a586bd84a60c1a189046dd1,mug/ShapeNet/48e260a614c0fd4434a8988fdcee4fde,True,mug,mug,0,"['handle', 'is', 'round']",3,handle is round,train,train,train,train,"[1, 29, 7, 134, 2, 0, 0, 0, 0, 0, 0, 0, 0, 0, 0, 0, 0, 0]",handle
11892,user_1461,Has a C handle,3ZWFC4W1UW0PMXPJ2HDSD2CYZAORF3,30.0,48e260a614c0fd4434a8988fdcee4fde,mug,ShapeNet,962883677a586bd84a60c1a189046dd1,mug,ShapeNet,False,mug/ShapeNet/962883677a586bd84a60c1a189046dd1,mug/ShapeNet/48e260a614c0fd4434a8988fdcee4fde,True,mug,mug,0,"['has', 'a', 'c', 'handle']",4,has a c handle,train,train,train,train,"[1, 24, 26, 1682, 29, 2, 0, 0, 0, 0, 0, 0, 0, 0, 0, 0, 0, 0]",handle
11893,user_242,The handle is thinner,34Z02EIMIU6B58NL3OZ2AAQCHT0T0I,42.0,43e1cabc5dd2fa91fffc97a61124b1a9,mug,ShapeNet,e9499e4a9f632725d6e865157050a80e,mug,ShapeNet,False,mug/ShapeNet/e9499e4a9f632725d6e865157050a80e,mug/ShapeNet/43e1cabc5dd2fa91fffc97a61124b1a9,True,mug,mug,0,"['the', 'handle', 'is', 'thin', '-er']",5,the handle is thin -er,train,train,train,train,"[1, 10, 29, 7, 60, 9, 2, 0, 0, 0, 0, 0, 0, 0, 0, 0, 0, 0]",handle
11895,user_242,Handle is flared,39O5D9O87VLQ0JK70PMVNYOFWKOC3J,57.0,3143a4accdc23349cac584186c95ce9b,mug,ShapeNet,f626192a5930d6c712f0124e8fa3930b,mug,ShapeNet,False,mug/ShapeNet/f626192a5930d6c712f0124e8fa3930b,mug/ShapeNet/3143a4accdc23349cac584186c95ce9b,True,mug,mug,0,"['handle', 'is', 'flared']",3,handle is flared,train,train,train,train,"[1, 29, 7, 569, 2, 0, 0, 0, 0, 0, 0, 0, 0, 0, 0, 0, 0, 0]",handle
11896,user_1886,It has a taller body,373ERPL3YQ1Z527KX1IHU6RZQJZTRG,103.0,3143a4accdc23349cac584186c95ce9b,mug,ShapeNet,f626192a5930d6c712f0124e8fa3930b,mug,ShapeNet,False,mug/ShapeNet/f626192a5930d6c712f0124e8fa3930b,mug/ShapeNet/3143a4accdc23349cac584186c95ce9b,True,mug,mug,0,"['it', 'has', 'a', 'tall', '-er', 'body']",6,it has a tall -er body,train,train,train,train,"[1, 23, 24, 26, 53, 9, 45, 2, 0, 0, 0, 0, 0, 0, 0, 0, 0, 0]",body
11899,user_1461,Has a lower handle,3VHHR074H5A146F0FEIK3YQIVUG7LP,34.0,85a2511c375b5b32f72755048bac3f96,mug,ShapeNet,f7d776fd68b126f23b67070c4a034f08,mug,ShapeNet,False,mug/ShapeNet/f7d776fd68b126f23b67070c4a034f08,mug/ShapeNet/85a2511c375b5b32f72755048bac3f96,True,mug,mug,0,"['has', 'a', 'low', '-er', 'handle']",5,has a low -er handle,train,train,train,train,"[1, 24, 26, 345, 9, 29, 2, 0, 0, 0, 0, 0, 0, 0, 0, 0, 0, 0]",handle
11902,user_1416,It has a 'D' handle.,34BBWHLWHC4E4K8V2JTJ3YX77HUWI1,122.0,2997f21fa426e18a6ab1a25d0e8f3590,mug,ShapeNet,c7ddd93b15e30faae180a52fd2be32,mug,ShapeNet,False,mug/ShapeNet/c7ddd93b15e30faae180a52fd2be32,mug/ShapeNet/2997f21fa426e18a6ab1a25d0e8f3590,False,mug,mug,0,"['it', 'has', 'a', 'd', 'handle']",5,it has a d handle,train,train,train,train,"[1, 23, 24, 26, 1683, 29, 2, 0, 0, 0, 0, 0, 0, 0, 0, 0, 0, 0]",handle
11911,user_992,It has a handle.,30IQTZXKAMZIMPW58Y0ZZDBIUPHX0Y,145.0,275729fcdc9bf1488afafc80c93c27a9,mug,ShapeNet,3d1754b7cb46c0ce5c8081810641ef6,mug,ShapeNet,False,mug/ShapeNet/3d1754b7cb46c0ce5c8081810641ef6,mug/ShapeNet/275729fcdc9bf1488afafc80c93c27a9,False,mug,mug,0,"['it', 'has', 'a', 'handle']",4,it has a handle,train,train,train,train,"[1, 23, 24, 26, 29, 2, 0, 0, 0, 0, 0, 0, 0, 0, 0, 0, 0, 0]",handle
11916,user_1894,The body is not curved.,3DBQWDE4Y8RC52423YJ2I6GB9KV5NM,1366.0,8012f52dd0a4d2f718a93a45bf780820,mug,ShapeNet,b4ae56d6638d5338de671f28c83d2dcb,mug,ShapeNet,False,mug/ShapeNet/b4ae56d6638d5338de671f28c83d2dcb,mug/ShapeNet/8012f52dd0a4d2f718a93a45bf780820,False,mug,mug,0,"['the', 'body', 'is', 'not', 'curved']",5,the body is not curved,train,train,train,train,"[1, 10, 45, 7, 40, 51, 2, 0, 0, 0, 0, 0, 0, 0, 0, 0, 0, 0]",body
11919,user_242,handle is thicker,3KGTPGBS6ZEX1V5OIGTQYU5TX6ZU24,54.0,387b695db51190d3be276203d0b1a33f,mug,ShapeNet,8b780e521c906eaf95a4f7ae0be930ac,mug,ShapeNet,True,mug/ShapeNet/8b780e521c906eaf95a4f7ae0be930ac,mug/ShapeNet/387b695db51190d3be276203d0b1a33f,True,mug,mug,0,"['handle', 'is', 'thick', '-er']",4,handle is thick -er,train,train,train,train,"[1, 29, 7, 54, 9, 2, 0, 0, 0, 0, 0, 0, 0, 0, 0, 0, 0, 0]",handle
11920,user_1105,the handle is chunkier/thicker,31QTRG6Q2V6AABQZUF1RXSJZ43QPY6,86.0,387b695db51190d3be276203d0b1a33f,mug,ShapeNet,8b780e521c906eaf95a4f7ae0be930ac,mug,ShapeNet,False,mug/ShapeNet/8b780e521c906eaf95a4f7ae0be930ac,mug/ShapeNet/387b695db51190d3be276203d0b1a33f,True,mug,mug,0,"['the', 'handle', 'is', 'chunky', '-er', 'thick', '-er']",7,the handle is chunky -er thick -er,train,train,train,train,"[1, 10, 29, 7, 585, 9, 54, 9, 2, 0, 0, 0, 0, 0, 0, 0, 0, 0]",handle
11925,user_242,handle is set higher on wall,34Q075JO1Z6AWOBC15FS447HPBJ01S,34.0,a637500654ca8d16c97cfc3e8a6b1d16,mug,ShapeNet,dfa8a3a0c8a552b62bc8a44b22fcb3b9,mug,ShapeNet,False,mug/ShapeNet/dfa8a3a0c8a552b62bc8a44b22fcb3b9,mug/ShapeNet/a637500654ca8d16c97cfc3e8a6b1d16,True,mug,mug,0,"['handle', 'is', 'set', 'high', '-er', 'on', 'wall']",7,handle is set high -er on wall,train,train,train,train,"[1, 29, 7, 1603, 49, 9, 20, 108, 2, 0, 0, 0, 0, 0, 0, 0, 0, 0]",handle
11926,user_1964,The handle is closer to the lip,3U4J9857OG4PRXTOO1TQPVUDJ1NB7T,105.0,a637500654ca8d16c97cfc3e8a6b1d16,mug,ShapeNet,dfa8a3a0c8a552b62bc8a44b22fcb3b9,mug,ShapeNet,False,mug/ShapeNet/dfa8a3a0c8a552b62bc8a44b22fcb3b9,mug/ShapeNet/a637500654ca8d16c97cfc3e8a6b1d16,True,mug,mug,0,"['the', 'handle', 'is', 'close', '-er', 'to', 'the', 'lip']",8,the handle is close -er to the lip,train,train,train,train,"[1, 10, 29, 7, 1025, 9, 58, 10, 125, 2, 0, 0, 0, 0, 0, 0, 0, 0]",handle
11928,user_2023,Target mug has a curvy C handle,3P4RDNWND7ZSY08WVKA4E83Z5LHJIP,147.0,10c2b3eac377b9084b3c42e318f3affc,mug,ShapeNet,7374ea7fee07f94c86032c4825f3450,mug,ShapeNet,False,mug/ShapeNet/7374ea7fee07f94c86032c4825f3450,mug/ShapeNet/10c2b3eac377b9084b3c42e318f3affc,True,mug,mug,0,"['target', 'mug', 'has', 'a', 'curvy', 'c', 'handle']",7,target mug has a curvy c handle,val,train,val,train,"[1, 11, 1684, 24, 26, 179, 1682, 29, 2, 0, 0, 0, 0, 0, 0, 0, 0, 0]",handle
11929,user_242,handle is fancily shaped,3PS7W85Z81VT12BY3KIV3LR5KY3T95,60.0,9426e7aa67c83a4c3b51ab46b2f98f30,mug,ShapeNet,62684ad0321b35189a3501eead248b52,mug,ShapeNet,False,mug/ShapeNet/62684ad0321b35189a3501eead248b52,mug/ShapeNet/9426e7aa67c83a4c3b51ab46b2f98f30,False,mug,mug,0,"['handle', 'is', 'family', 'shaped']",4,handle is family shaped,train,train,train,train,"[1, 29, 7, 1697, 14, 2, 0, 0, 0, 0, 0, 0, 0, 0, 0, 0, 0, 0]",handle
11930,user_1416,The handle is ornate.,36H9ULYP64N8O966UC4JBBQ7PU6JFH,66.0,9426e7aa67c83a4c3b51ab46b2f98f30,mug,ShapeNet,62684ad0321b35189a3501eead248b52,mug,ShapeNet,False,mug/ShapeNet/62684ad0321b35189a3501eead248b52,mug/ShapeNet/9426e7aa67c83a4c3b51ab46b2f98f30,False,mug,mug,0,"['the', 'handle', 'is', 'ornate']",4,the handle is ornate,train,train,train,train,"[1, 10, 29, 7, 191, 2, 0, 0, 0, 0, 0, 0, 0, 0, 0, 0, 0, 0]",handle
11931,user_1416,The handle is not ornate.,3BDCF01OGZNKJQB12N8KGBAFZTOYLG,54.0,f09e51579600cfbb88b651d2e4ea0846,mug,ShapeNet,e94e46bc5833f2f5e57b873e4f3ef3a4,mug,ShapeNet,False,mug/ShapeNet/e94e46bc5833f2f5e57b873e4f3ef3a4,mug/ShapeNet/f09e51579600cfbb88b651d2e4ea0846,False,mug,mug,0,"['the', 'handle', 'is', 'not', 'ornate']",5,the handle is not ornate,test,train,test,train,"[1, 10, 29, 7, 40, 191, 2, 0, 0, 0, 0, 0, 0, 0, 0, 0, 0, 0]",handle
11932,user_1886,It has a thicker handle,3HMVI3QICLL7TJ7X9DQ1WW111NO1YI,41.0,f09e51579600cfbb88b651d2e4ea0846,mug,ShapeNet,e94e46bc5833f2f5e57b873e4f3ef3a4,mug,ShapeNet,True,mug/ShapeNet/e94e46bc5833f2f5e57b873e4f3ef3a4,mug/ShapeNet/f09e51579600cfbb88b651d2e4ea0846,False,mug,mug,0,"['it', 'has', 'a', 'thick', '-er', 'handle']",6,it has a thick -er handle,test,train,test,train,"[1, 23, 24, 26, 54, 9, 29, 2, 0, 0, 0, 0, 0, 0, 0, 0, 0, 0]",handle
11934,user_1964,It has a small D handle,3AAPLD8UCEAMG8TH1W6NG2PT3B6THQ,65.0,35ce7ede92198be2b759f7fb0032e59,mug,ShapeNet,a3cd44bbd3ba5b019a4cbf5d3b79df06,mug,ShapeNet,False,mug/ShapeNet/a3cd44bbd3ba5b019a4cbf5d3b79df06,mug/ShapeNet/35ce7ede92198be2b759f7fb0032e59,False,mug,mug,0,"['it', 'has', 'a', 'small', 'd', 'handle']",6,it has a small d handle,train,train,train,train,"[1, 23, 24, 26, 111, 1683, 29, 2, 0, 0, 0, 0, 0, 0, 0, 0, 0, 0]",handle
11935,user_242,handle is thinner,3PH3VY7DJNQ0ZAX52NH53T0X3V9WZD,26.0,1eaf8db2dd2b710c7d5b1b70ae595e60,mug,ShapeNet,e9bd4ee553eb35c1d5ccc40b510e4bd,mug,ShapeNet,False,mug/ShapeNet/e9bd4ee553eb35c1d5ccc40b510e4bd,mug/ShapeNet/1eaf8db2dd2b710c7d5b1b70ae595e60,True,mug,mug,0,"['handle', 'is', 'thin', '-er']",4,handle is thin -er,train,train,train,train,"[1, 29, 7, 60, 9, 2, 0, 0, 0, 0, 0, 0, 0, 0, 0, 0, 0, 0]",handle
11936,user_255,The mug has a very skinny C shaped handle.,34S9DKFK75IA7QEME0OZT3E44P7NYS,211.0,1eaf8db2dd2b710c7d5b1b70ae595e60,mug,ShapeNet,e9bd4ee553eb35c1d5ccc40b510e4bd,mug,ShapeNet,False,mug/ShapeNet/e9bd4ee553eb35c1d5ccc40b510e4bd,mug/ShapeNet/1eaf8db2dd2b710c7d5b1b70ae595e60,True,mug,mug,0,"['the', 'mug', 'has', 'a', 'very', 'skinny', 'c', 'shaped', 'handle']",9,the mug has a very skinny c shaped handle,train,train,train,train,"[1, 10, 1684, 24, 26, 62, 282, 1682, 14, 29, 2, 0, 0, 0, 0, 0, 0, 0]",handle
11937,user_242,handle is thinner and longer,32UTUBMZ7IPR2NUK6ZW6V9AG5JGBV7,81.0,24651c3767aa5089e19f4cee87249aca,mug,ShapeNet,b88bcf33f25c6cb15b4f129f868dedb,mug,ShapeNet,False,mug/ShapeNet/b88bcf33f25c6cb15b4f129f868dedb,mug/ShapeNet/24651c3767aa5089e19f4cee87249aca,True,mug,mug,0,"['handle', 'is', 'thin', '-er', 'and', 'long', '-er']",7,handle is thin -er and long -er,val,train,val,train,"[1, 29, 7, 60, 9, 47, 32, 9, 2, 0, 0, 0, 0, 0, 0, 0, 0, 0]",handle
11938,user_1894,The handle is thinner.,37TD41K0AJ2UK05MQ4NWV6WRO0OSCS,1263.0,24651c3767aa5089e19f4cee87249aca,mug,ShapeNet,b88bcf33f25c6cb15b4f129f868dedb,mug,ShapeNet,False,mug/ShapeNet/b88bcf33f25c6cb15b4f129f868dedb,mug/ShapeNet/24651c3767aa5089e19f4cee87249aca,True,mug,mug,0,"['the', 'handle', 'is', 'thin', '-er']",5,the handle is thin -er,val,train,val,train,"[1, 10, 29, 7, 60, 9, 2, 0, 0, 0, 0, 0, 0, 0, 0, 0, 0, 0]",handle
11940,user_1886,It has a thicker handle,3WLEIWSYHQASW9Z4IHMRFFG33YSH2L,66.0,604fcae9d93201d9d7f470ee20dce9e0,mug,ShapeNet,3143a4accdc23349cac584186c95ce9b,mug,ShapeNet,False,mug/ShapeNet/3143a4accdc23349cac584186c95ce9b,mug/ShapeNet/604fcae9d93201d9d7f470ee20dce9e0,False,mug,mug,0,"['it', 'has', 'a', 'thick', '-er', 'handle']",6,it has a thick -er handle,train,train,train,train,"[1, 23, 24, 26, 54, 9, 29, 2, 0, 0, 0, 0, 0, 0, 0, 0, 0, 0]",handle
11943,user_242,Handle is wedge shaped,369J354OFF32EENULDGCKSLE43IG63,53.0,9961ccbafd59cb03fe36eb2ab5fa00e0,mug,ShapeNet,f99e19b8c4a729353deb88581ea8417a,mug,ShapeNet,False,mug/ShapeNet/f99e19b8c4a729353deb88581ea8417a,mug/ShapeNet/9961ccbafd59cb03fe36eb2ab5fa00e0,True,mug,mug,0,"['handle', 'is', 'wedge', 'shaped']",4,handle is wedge shaped,train,train,train,train,"[1, 29, 7, 1700, 14, 2, 0, 0, 0, 0, 0, 0, 0, 0, 0, 0, 0, 0]",handle
11944,user_1416,It has a triangular handle.,3GD6L00D3UQ7Z2IJQA2Q21EUSEHM1M,344.0,9961ccbafd59cb03fe36eb2ab5fa00e0,mug,ShapeNet,f99e19b8c4a729353deb88581ea8417a,mug,ShapeNet,False,mug/ShapeNet/f99e19b8c4a729353deb88581ea8417a,mug/ShapeNet/9961ccbafd59cb03fe36eb2ab5fa00e0,True,mug,mug,0,"['it', 'has', 'a', 'triangular', 'handle']",5,it has a triangular handle,train,train,train,train,"[1, 23, 24, 26, 564, 29, 2, 0, 0, 0, 0, 0, 0, 0, 0, 0, 0, 0]",handle
11945,user_242,has one handle,36W0OB37HY7I2K2G7OV52QQAO7XHZZ,22.0,cc5b14ef71e87e9165ba97214ebde03,mug,ShapeNet,4815b8a6406494662a96924bce6ef687,mug,ShapeNet,False,mug/ShapeNet/4815b8a6406494662a96924bce6ef687,mug/ShapeNet/cc5b14ef71e87e9165ba97214ebde03,False,mug,mug,0,"['has', 'one', 'handle']",3,has one handle,train,train,train,train,"[1, 24, 19, 29, 2, 0, 0, 0, 0, 0, 0, 0, 0, 0, 0, 0, 0, 0]",handle
11946,user_1886,It has a C shaped handle,3E337GFOLB1ALZTMKU2TM370ZT7NGK,54.0,cc5b14ef71e87e9165ba97214ebde03,mug,ShapeNet,4815b8a6406494662a96924bce6ef687,mug,ShapeNet,False,mug/ShapeNet/4815b8a6406494662a96924bce6ef687,mug/ShapeNet/cc5b14ef71e87e9165ba97214ebde03,False,mug,mug,0,"['it', 'has', 'a', 'c', 'shaped', 'handle']",6,it has a c shaped handle,train,train,train,train,"[1, 23, 24, 26, 1682, 14, 29, 2, 0, 0, 0, 0, 0, 0, 0, 0, 0, 0]",handle
11952,user_1416,The handle doesn't extend as far at towards the base.,39OWYR0EPMKYJY15GC5MLY5V2YBFY3,301.0,99eaa69cf6fe8811dec712af445786fe,mug,ShapeNet,c2e411ed6061a25ef06800d5696e457f,mug,ShapeNet,False,mug/ShapeNet/c2e411ed6061a25ef06800d5696e457f,mug/ShapeNet/99eaa69cf6fe8811dec712af445786fe,False,mug,mug,0,"['the', 'handle', 'does', 'not', 'extend', 'as', 'far', 'at', 'towards', 'the', 'base']",11,the handle does not extend as far at towards the base,train,train,train,train,"[1, 10, 29, 39, 40, 467, 52, 78, 98, 382, 10, 103, 2, 0, 0, 0, 0, 0]",handle
11953,user_242,has no handle,3A9AA95ATYFC8NGFJDWUMVL69ZV5PH,43.0,8f550770386a6cf82f23d8349a133d2b,mug,ShapeNet,659192a6ba300f1f4293529704725d98,mug,ShapeNet,False,mug/ShapeNet/659192a6ba300f1f4293529704725d98,mug/ShapeNet/8f550770386a6cf82f23d8349a133d2b,True,mug,mug,0,"['has', 'no', 'handle']",3,has no handle,train,train,train,train,"[1, 24, 123, 29, 2, 0, 0, 0, 0, 0, 0, 0, 0, 0, 0, 0, 0, 0]",handle
11956,user_1461,Has a thicker handle,3PIWWX1FJLZOTBS2D2V4Q9IZI0AJJ5,34.0,99eaa69cf6fe8811dec712af445786fe,mug,ShapeNet,b811555ccf5ef6c4948fa2daa427fe1f,mug,ShapeNet,False,mug/ShapeNet/b811555ccf5ef6c4948fa2daa427fe1f,mug/ShapeNet/99eaa69cf6fe8811dec712af445786fe,False,mug,mug,0,"['has', 'a', 'thick', '-er', 'handle']",5,has a thick -er handle,train,train,train,train,"[1, 24, 26, 54, 9, 29, 2, 0, 0, 0, 0, 0, 0, 0, 0, 0, 0, 0]",handle
11959,user_242,handle is shorter,3KMS4QQVK4J3ZTCOCX4VCQQK4J7KFI,67.0,3143a4accdc23349cac584186c95ce9b,mug,ShapeNet,85a2511c375b5b32f72755048bac3f96,mug,ShapeNet,False,mug/ShapeNet/85a2511c375b5b32f72755048bac3f96,mug/ShapeNet/3143a4accdc23349cac584186c95ce9b,True,mug,mug,0,"['handle', 'is', 'short', '-er']",4,handle is short -er,train,train,train,train,"[1, 29, 7, 8, 9, 2, 0, 0, 0, 0, 0, 0, 0, 0, 0, 0, 0, 0]",handle
11960,user_1600,CUBE MUG AND C HANDLE,3MMN5BL1W1X395WYDEG9QUTRQY33M3,729.0,3143a4accdc23349cac584186c95ce9b,mug,ShapeNet,85a2511c375b5b32f72755048bac3f96,mug,ShapeNet,False,mug/ShapeNet/85a2511c375b5b32f72755048bac3f96,mug/ShapeNet/3143a4accdc23349cac584186c95ce9b,True,mug,mug,0,"['cube', 'mug', 'and', 'c', 'handle']",5,cube mug and c handle,train,train,train,train,"[1, 574, 1684, 47, 1682, 29, 2, 0, 0, 0, 0, 0, 0, 0, 0, 0, 0, 0]",handle
11962,user_1964,the bottom is not angled in from the body,37UQDCYH6ZO40BRUTIKQQ7OKMU77V1,42.0,f3a7f8198cc50c225f5e789acd4d1122,mug,ShapeNet,1a1c0a8d4bad82169f0594e65f756cf5,mug,ShapeNet,False,mug/ShapeNet/1a1c0a8d4bad82169f0594e65f756cf5,mug/ShapeNet/f3a7f8198cc50c225f5e789acd4d1122,False,mug,mug,0,"['the', 'bottom', 'is', 'not', 'angled', 'in', 'from', 'the', 'body']",9,the bottom is not angled in from the body,train,train,train,train,"[1, 10, 76, 7, 40, 168, 90, 113, 10, 45, 2, 0, 0, 0, 0, 0, 0, 0]",body
11963,user_242,handle is shorter,3OHYZ19UGEYRTTGVZ9AW56W2R83OAS,23.0,edaf960fb6afdadc4cebc4b5998de5d0,mug,ShapeNet,71ca4fc9c8c29fa8d5abaf84513415a2,mug,ShapeNet,False,mug/ShapeNet/71ca4fc9c8c29fa8d5abaf84513415a2,mug/ShapeNet/edaf960fb6afdadc4cebc4b5998de5d0,False,mug,mug,0,"['handle', 'is', 'short', '-er']",4,handle is short -er,train,train,train,train,"[1, 29, 7, 8, 9, 2, 0, 0, 0, 0, 0, 0, 0, 0, 0, 0, 0, 0]",handle
11964,user_1461,Has a thicker handle,3J4Q2Z4UT0WRLIWEFRYSC0OTYRBWQ4,30.0,edaf960fb6afdadc4cebc4b5998de5d0,mug,ShapeNet,71ca4fc9c8c29fa8d5abaf84513415a2,mug,ShapeNet,False,mug/ShapeNet/71ca4fc9c8c29fa8d5abaf84513415a2,mug/ShapeNet/edaf960fb6afdadc4cebc4b5998de5d0,False,mug,mug,0,"['has', 'a', 'thick', '-er', 'handle']",5,has a thick -er handle,train,train,train,train,"[1, 24, 26, 54, 9, 29, 2, 0, 0, 0, 0, 0, 0, 0, 0, 0, 0, 0]",handle
11965,user_242,Handle is shorter,3EF8EXOTT3OHYUCYNDPYM9MDOKJJ1C,51.0,2997f21fa426e18a6ab1a25d0e8f3590,mug,ShapeNet,a637500654ca8d16c97cfc3e8a6b1d16,mug,ShapeNet,False,mug/ShapeNet/a637500654ca8d16c97cfc3e8a6b1d16,mug/ShapeNet/2997f21fa426e18a6ab1a25d0e8f3590,True,mug,mug,0,"['handle', 'is', 'short', '-er']",4,handle is short -er,train,train,train,train,"[1, 29, 7, 8, 9, 2, 0, 0, 0, 0, 0, 0, 0, 0, 0, 0, 0, 0]",handle
11970,user_1886,It has a thinner handle,32Q90QCQ1UEBTFCSHMKPU85KSHCEKC,63.0,7d282cc3cedd40c8b5c4f4801d3aada,mug,ShapeNet,4d9764afa3fbeb1b6c69dceb67157a66,mug,ShapeNet,False,mug/ShapeNet/4d9764afa3fbeb1b6c69dceb67157a66,mug/ShapeNet/7d282cc3cedd40c8b5c4f4801d3aada,True,mug,mug,0,"['it', 'has', 'a', 'thin', '-er', 'handle']",6,it has a thin -er handle,train,train,train,train,"[1, 23, 24, 26, 60, 9, 29, 2, 0, 0, 0, 0, 0, 0, 0, 0, 0, 0]",handle
11971,user_242,Handle is rounder,3HVVDCPGTGL823J6BWAB22KWT7JTYP,32.0,2997f21fa426e18a6ab1a25d0e8f3590,mug,ShapeNet,604fcae9d93201d9d7f470ee20dce9e0,mug,ShapeNet,False,mug/ShapeNet/604fcae9d93201d9d7f470ee20dce9e0,mug/ShapeNet/2997f21fa426e18a6ab1a25d0e8f3590,False,mug,mug,0,"['handle', 'is', 'round', '-er']",4,handle is round -er,train,train,train,train,"[1, 29, 7, 134, 9, 2, 0, 0, 0, 0, 0, 0, 0, 0, 0, 0, 0, 0]",handle
11972,user_1461,Has a taller handle,39RP059MEJM8C00BS7VF8DR3EPWMBR,37.0,2997f21fa426e18a6ab1a25d0e8f3590,mug,ShapeNet,604fcae9d93201d9d7f470ee20dce9e0,mug,ShapeNet,False,mug/ShapeNet/604fcae9d93201d9d7f470ee20dce9e0,mug/ShapeNet/2997f21fa426e18a6ab1a25d0e8f3590,False,mug,mug,0,"['has', 'a', 'tall', '-er', 'handle']",5,has a tall -er handle,train,train,train,train,"[1, 24, 26, 53, 9, 29, 2, 0, 0, 0, 0, 0, 0, 0, 0, 0, 0, 0]",handle
11973,user_255,The mug has a D shaped handle.,31Z0PCVWUM8PNJN5ONKBPP0ZP8ET7S,165.0,f3a7f8198cc50c225f5e789acd4d1122,mug,ShapeNet,162201dfe14b73f0281365259d1cf342,mug,ShapeNet,False,mug/ShapeNet/162201dfe14b73f0281365259d1cf342,mug/ShapeNet/f3a7f8198cc50c225f5e789acd4d1122,False,mug,mug,0,"['the', 'mug', 'has', 'a', 'd', 'shaped', 'handle']",7,the mug has a d shaped handle,train,train,train,train,"[1, 10, 1684, 24, 26, 1683, 14, 29, 2, 0, 0, 0, 0, 0, 0, 0, 0, 0]",handle
11974,user_2116,The target has C shaped handle.,386CSBG1O1FTR3H8O9LOE6PGAPE6Q9,121.0,f3a7f8198cc50c225f5e789acd4d1122,mug,ShapeNet,162201dfe14b73f0281365259d1cf342,mug,ShapeNet,False,mug/ShapeNet/162201dfe14b73f0281365259d1cf342,mug/ShapeNet/f3a7f8198cc50c225f5e789acd4d1122,False,mug,mug,0,"['the', 'target', 'has', 'c', 'shaped', 'handle']",6,the target has c shaped handle,train,train,train,train,"[1, 10, 11, 24, 1682, 14, 29, 2, 0, 0, 0, 0, 0, 0, 0, 0, 0, 0]",handle
11975,user_242,Handle is thinner,37C0GNLMHHWZ2UD3JNF4E7IHRAZD6L,65.0,6e884701bfddd1f71e1138649f4c219,mug,ShapeNet,8570d9a8d24cb0acbebd3c0c0c70fb03,mug,ShapeNet,False,mug/ShapeNet/8570d9a8d24cb0acbebd3c0c0c70fb03,mug/ShapeNet/6e884701bfddd1f71e1138649f4c219,False,mug,mug,0,"['handle', 'is', 'thin', '-er']",4,handle is thin -er,train,train,train,train,"[1, 29, 7, 60, 9, 2, 0, 0, 0, 0, 0, 0, 0, 0, 0, 0, 0, 0]",handle
11976,user_1886,It has a C shaped handle,3483FV8BEGCCZKFNMYVNIORDUKD62A,37.0,6e884701bfddd1f71e1138649f4c219,mug,ShapeNet,8570d9a8d24cb0acbebd3c0c0c70fb03,mug,ShapeNet,False,mug/ShapeNet/8570d9a8d24cb0acbebd3c0c0c70fb03,mug/ShapeNet/6e884701bfddd1f71e1138649f4c219,False,mug,mug,0,"['it', 'has', 'a', 'c', 'shaped', 'handle']",6,it has a c shaped handle,train,train,train,train,"[1, 23, 24, 26, 1682, 14, 29, 2, 0, 0, 0, 0, 0, 0, 0, 0, 0, 0]",handle
11980,user_1293,Has a c handle,3C8HJ7UOP9N4UY3RYLBIUVY65TVMZC,85.0,eecb13f61a93b4048f58d8b19de93f99,mug,ShapeNet,b815d7e084a5a75b8d543d7713b96a41,mug,ShapeNet,False,mug/ShapeNet/b815d7e084a5a75b8d543d7713b96a41,mug/ShapeNet/eecb13f61a93b4048f58d8b19de93f99,True,mug,mug,0,"['has', 'a', 'c', 'handle']",4,has a c handle,train,train,train,train,"[1, 24, 26, 1682, 29, 2, 0, 0, 0, 0, 0, 0, 0, 0, 0, 0, 0, 0]",handle
11981,user_757,the handle is thinner,3VNXK88KKEB8EUFN8FIA43FQHK79VR,96.0,b4ae56d6638d5338de671f28c83d2dcb,mug,ShapeNet,b7e705de46ebdcc14af54ba5738cb1c5,mug,ShapeNet,False,mug/ShapeNet/b7e705de46ebdcc14af54ba5738cb1c5,mug/ShapeNet/b4ae56d6638d5338de671f28c83d2dcb,True,mug,mug,0,"['the', 'handle', 'is', 'thin', '-er']",5,the handle is thin -er,train,train,train,train,"[1, 10, 29, 7, 60, 9, 2, 0, 0, 0, 0, 0, 0, 0, 0, 0, 0, 0]",handle
11984,user_242,Has a narrow squarish handle,3A4TN5196MB5URR6FABXRSPPFP6CHQ,75.0,1038e4eac0e18dcce02ae6d2a21d494a,mug,ShapeNet,9d8c711750a73b06ad1d789f3b2120d0,mug,ShapeNet,False,mug/ShapeNet/9d8c711750a73b06ad1d789f3b2120d0,mug/ShapeNet/1038e4eac0e18dcce02ae6d2a21d494a,False,mug,mug,0,"['has', 'a', 'narrow', 'squarish', 'handle']",5,has a narrow squarish handle,train,train,train,train,"[1, 24, 26, 210, 510, 29, 2, 0, 0, 0, 0, 0, 0, 0, 0, 0, 0, 0]",handle
11987,user_1886,It has a larger body,386CSBG1O1FTR3H8O9LOE6PGAPGQ6V,103.0,32e197b8118b3ff6a4bd4f46ba404890,mug,ShapeNet,9af98540f45411467246665d3d3724c,mug,ShapeNet,False,mug/ShapeNet/9af98540f45411467246665d3d3724c,mug/ShapeNet/32e197b8118b3ff6a4bd4f46ba404890,True,mug,mug,0,"['it', 'has', 'a', 'large', '-er', 'body']",6,it has a large -er body,test,train,test,train,"[1, 23, 24, 26, 94, 9, 45, 2, 0, 0, 0, 0, 0, 0, 0, 0, 0, 0]",body
11989,user_390,The handle is wider,3SBEHTYCWPWITP3VHKB7OVINIPQIYI,102.0,df026976dc03197213ac44947b92716e,mug,ShapeNet,cc5b14ef71e87e9165ba97214ebde03,mug,ShapeNet,False,mug/ShapeNet/cc5b14ef71e87e9165ba97214ebde03,mug/ShapeNet/df026976dc03197213ac44947b92716e,True,mug,mug,0,"['the', 'handle', 'is', 'wide', '-er']",5,the handle is wide -er,train,train,train,train,"[1, 10, 29, 7, 83, 9, 2, 0, 0, 0, 0, 0, 0, 0, 0, 0, 0, 0]",handle
11990,user_1416,It has a square handle.,35DR22AR5FDE3HV2RLII1B9PX2CX36,82.0,df026976dc03197213ac44947b92716e,mug,ShapeNet,cc5b14ef71e87e9165ba97214ebde03,mug,ShapeNet,False,mug/ShapeNet/cc5b14ef71e87e9165ba97214ebde03,mug/ShapeNet/df026976dc03197213ac44947b92716e,True,mug,mug,0,"['it', 'has', 'a', 'square', 'handle']",5,it has a square handle,train,train,train,train,"[1, 23, 24, 26, 50, 29, 2, 0, 0, 0, 0, 0, 0, 0, 0, 0, 0, 0]",handle
11993,user_242,handle is squared,3DHE4R9OCY4EWD4TYB49UF42OYM2GE,39.0,f99e19b8c4a729353deb88581ea8417a,mug,ShapeNet,c0c130c04edabc657c2b66248f91b3d8,mug,ShapeNet,False,mug/ShapeNet/c0c130c04edabc657c2b66248f91b3d8,mug/ShapeNet/f99e19b8c4a729353deb88581ea8417a,True,mug,mug,0,"['handle', 'is', 'squared']",3,handle is squared,train,train,train,train,"[1, 29, 7, 427, 2, 0, 0, 0, 0, 0, 0, 0, 0, 0, 0, 0, 0, 0]",handle
11994,user_1461,Has a square handle,3X31TUMD7ZFNTK0YQY1B2OZ5S8H1LN,27.0,f99e19b8c4a729353deb88581ea8417a,mug,ShapeNet,c0c130c04edabc657c2b66248f91b3d8,mug,ShapeNet,False,mug/ShapeNet/c0c130c04edabc657c2b66248f91b3d8,mug/ShapeNet/f99e19b8c4a729353deb88581ea8417a,True,mug,mug,0,"['has', 'a', 'square', 'handle']",4,has a square handle,train,train,train,train,"[1, 24, 26, 50, 29, 2, 0, 0, 0, 0, 0, 0, 0, 0, 0, 0, 0, 0]",handle
11996,user_1886,It has a smaller body,3KWTYT0872WMH21HRL3N5ECM4OJ5L6,57.0,a1d293f5cc20d01ad7f470ee20dce9e0,mug,ShapeNet,604fcae9d93201d9d7f470ee20dce9e0,mug,ShapeNet,False,mug/ShapeNet/604fcae9d93201d9d7f470ee20dce9e0,mug/ShapeNet/a1d293f5cc20d01ad7f470ee20dce9e0,True,mug,mug,0,"['it', 'has', 'a', 'small', '-er', 'body']",6,it has a small -er body,train,train,train,train,"[1, 23, 24, 26, 111, 9, 45, 2, 0, 0, 0, 0, 0, 0, 0, 0, 0, 0]",body
11997,user_1461,Has a thin flat handle,37QW5D2ZRIFS8XF99S7RTK08Y8U8SR,29.0,ff1a44e1c1785d618bca309f2c51966a,mug,ShapeNet,bed29baf625ce9145b68309557f3a78c,mug,ShapeNet,False,mug/ShapeNet/bed29baf625ce9145b68309557f3a78c,mug/ShapeNet/ff1a44e1c1785d618bca309f2c51966a,True,mug,mug,0,"['has', 'a', 'thin', 'flat', 'handle']",5,has a thin flat handle,train,train,train,train,"[1, 24, 26, 60, 129, 29, 2, 0, 0, 0, 0, 0, 0, 0, 0, 0, 0, 0]",handle
11998,user_1886,It has a taller body,3JWH6J9I9U6EUILB48AFLSG3JF5BNF,59.0,ff1a44e1c1785d618bca309f2c51966a,mug,ShapeNet,bed29baf625ce9145b68309557f3a78c,mug,ShapeNet,False,mug/ShapeNet/bed29baf625ce9145b68309557f3a78c,mug/ShapeNet/ff1a44e1c1785d618bca309f2c51966a,True,mug,mug,0,"['it', 'has', 'a', 'tall', '-er', 'body']",6,it has a tall -er body,train,train,train,train,"[1, 23, 24, 26, 53, 9, 45, 2, 0, 0, 0, 0, 0, 0, 0, 0, 0, 0]",body
12001,user_456,The target has a thick c shaped handle.,3MTMREQS4XBZY2PXQV16M09OU9PWAX,53.0,4f9f31db3c3873692a6f53dd95fd4468,mug,ShapeNet,7a8ea24474846c5c2f23d8349a133d2b,mug,ShapeNet,False,mug/ShapeNet/7a8ea24474846c5c2f23d8349a133d2b,mug/ShapeNet/4f9f31db3c3873692a6f53dd95fd4468,False,mug,mug,0,"['the', 'target', 'has', 'a', 'thick', 'c', 'shaped', 'handle']",8,the target has a thick c shaped handle,train,train,train,train,"[1, 10, 11, 24, 26, 54, 1682, 14, 29, 2, 0, 0, 0, 0, 0, 0, 0, 0]",handle
12005,user_1461,Has a smaller handle,3PPTZCWALSDVFD1JQEIZB4IBFTFZQX,47.0,e363fa24c824d20ca363b55cbd344baa,mug,ShapeNet,73b8b6456221f4ea20d3c05c08e26f,mug,ShapeNet,False,mug/ShapeNet/73b8b6456221f4ea20d3c05c08e26f,mug/ShapeNet/e363fa24c824d20ca363b55cbd344baa,True,mug,mug,0,"['has', 'a', 'small', '-er', 'handle']",5,has a small -er handle,val,train,val,train,"[1, 24, 26, 111, 9, 29, 2, 0, 0, 0, 0, 0, 0, 0, 0, 0, 0, 0]",handle
12006,user_1886,It has a shorter handle,3E1QT0TDFR23EJCD4GDDPIULPB0I8J,44.0,e363fa24c824d20ca363b55cbd344baa,mug,ShapeNet,73b8b6456221f4ea20d3c05c08e26f,mug,ShapeNet,False,mug/ShapeNet/73b8b6456221f4ea20d3c05c08e26f,mug/ShapeNet/e363fa24c824d20ca363b55cbd344baa,True,mug,mug,0,"['it', 'has', 'a', 'short', '-er', 'handle']",6,it has a short -er handle,val,train,val,train,"[1, 23, 24, 26, 8, 9, 29, 2, 0, 0, 0, 0, 0, 0, 0, 0, 0, 0]",handle
12007,user_899,The target cup has a rounder handle.,382M9COHEJ8PWBH4B0OR0VEIU9LUE2,52.0,68f4428c0b38ae0e2469963e6d044dfe,mug,ShapeNet,9961ccbafd59cb03fe36eb2ab5fa00e0,mug,ShapeNet,False,mug/ShapeNet/9961ccbafd59cb03fe36eb2ab5fa00e0,mug/ShapeNet/68f4428c0b38ae0e2469963e6d044dfe,False,mug,mug,0,"['the', 'target', 'cup', 'has', 'a', 'round', '-er', 'handle']",8,the target cup has a round -er handle,train,train,train,train,"[1, 10, 11, 870, 24, 26, 134, 9, 29, 2, 0, 0, 0, 0, 0, 0, 0, 0]",handle
12008,user_1416,The handle does not extend as far outward.,3A4NIXBJ78SKP9MNJKK9MGN8QKJLMO,589.0,68f4428c0b38ae0e2469963e6d044dfe,mug,ShapeNet,9961ccbafd59cb03fe36eb2ab5fa00e0,mug,ShapeNet,False,mug/ShapeNet/9961ccbafd59cb03fe36eb2ab5fa00e0,mug/ShapeNet/68f4428c0b38ae0e2469963e6d044dfe,False,mug,mug,0,"['the', 'handle', 'does', 'not', 'extend', 'as', 'far', 'outward']",8,the handle does not extend as far outward,train,train,train,train,"[1, 10, 29, 39, 40, 467, 52, 78, 492, 2, 0, 0, 0, 0, 0, 0, 0, 0]",handle
12009,user_505,Target has an ornate handle,3FFJ6VRIL3HLWU7A9C0YW3O36DO0IE,39.0,43e1cabc5dd2fa91fffc97a61124b1a9,mug,ShapeNet,4d9764afa3fbeb1b6c69dceb67157a66,mug,ShapeNet,False,mug/ShapeNet/4d9764afa3fbeb1b6c69dceb67157a66,mug/ShapeNet/43e1cabc5dd2fa91fffc97a61124b1a9,False,mug,mug,0,"['target', 'has', 'an', 'ornate', 'handle']",5,target has an ornate handle,train,train,train,train,"[1, 11, 24, 72, 191, 29, 2, 0, 0, 0, 0, 0, 0, 0, 0, 0, 0, 0]",handle
12011,user_456,The target has a barrel-shaped body.,3BGYGHDBBZDOHJWMZWJKSBA1EEX229,214.0,edaf960fb6afdadc4cebc4b5998de5d0,mug,ShapeNet,b9f9f5b48ab1153626829c11d9aba173,mug,ShapeNet,False,mug/ShapeNet/b9f9f5b48ab1153626829c11d9aba173,mug/ShapeNet/edaf960fb6afdadc4cebc4b5998de5d0,True,mug,mug,0,"['the', 'target', 'has', 'a', 'barrel', 'shaped', 'body']",7,the target has a barrel shaped body,train,train,train,train,"[1, 10, 11, 24, 26, 1704, 14, 45, 2, 0, 0, 0, 0, 0, 0, 0, 0, 0]",body
12012,user_1886,The handle is not C shaped,3UN61F00HYIXK0WUW50JRQLLAG85RW,92.0,edaf960fb6afdadc4cebc4b5998de5d0,mug,ShapeNet,b9f9f5b48ab1153626829c11d9aba173,mug,ShapeNet,False,mug/ShapeNet/b9f9f5b48ab1153626829c11d9aba173,mug/ShapeNet/edaf960fb6afdadc4cebc4b5998de5d0,True,mug,mug,0,"['the', 'handle', 'is', 'not', 'c', 'shaped']",6,the handle is not c shaped,train,train,train,train,"[1, 10, 29, 7, 40, 1682, 14, 2, 0, 0, 0, 0, 0, 0, 0, 0, 0, 0]",handle
12013,user_1416,"The handle has a ""Band-Aid"" type of appearance.",37QW5D2ZRIFS8XF99S7RTK08Y928S1,406.0,586e67c53f181dc22adf8abaa25e0215,mug,ShapeNet,7d6baadd51d0703455da767dfc5b748e,mug,ShapeNet,False,mug/ShapeNet/7d6baadd51d0703455da767dfc5b748e,mug/ShapeNet/586e67c53f181dc22adf8abaa25e0215,True,mug,mug,0,"['the', 'handle', 'has', 'a', 'band', 'aid', ""'"", 'type', 'of', 'appearance']",10,the handle has a band aid ' type of appearance,val,train,val,train,"[1, 10, 29, 24, 26, 347, 3, 587, 522, 38, 729, 2, 0, 0, 0, 0, 0, 0]",handle
12014,user_1964,the handle is closer to the bottom of the mug,3TOK3KHVJVB9ARIXS6YCVFUCQ1A7OZ,59.0,586e67c53f181dc22adf8abaa25e0215,mug,ShapeNet,7d6baadd51d0703455da767dfc5b748e,mug,ShapeNet,False,mug/ShapeNet/7d6baadd51d0703455da767dfc5b748e,mug/ShapeNet/586e67c53f181dc22adf8abaa25e0215,True,mug,mug,0,"['the', 'handle', 'is', 'close', '-er', 'to', 'the', 'bottom', 'of', 'the', 'mug']",11,the handle is close -er to the bottom of the mug,val,train,val,train,"[1, 10, 29, 7, 1025, 9, 58, 10, 76, 38, 10, 1684, 2, 0, 0, 0, 0, 0]",handle
12016,user_1461,Has a larger handle,3LS2AMNW5HJJG9NCO57IV6B7VPDOQL,20.0,a0c78f254b037f88933dc172307a6bb9,mug,ShapeNet,edaf960fb6afdadc4cebc4b5998de5d0,mug,ShapeNet,False,mug/ShapeNet/edaf960fb6afdadc4cebc4b5998de5d0,mug/ShapeNet/a0c78f254b037f88933dc172307a6bb9,True,mug,mug,0,"['has', 'a', 'large', '-er', 'handle']",5,has a large -er handle,train,train,train,train,"[1, 24, 26, 94, 9, 29, 2, 0, 0, 0, 0, 0, 0, 0, 0, 0, 0, 0]",handle
12017,user_242,handle is triangle shaped,3HUTX6F6VWG2OQLRMUHHZOD4FKD2O1,34.0,2997f21fa426e18a6ab1a25d0e8f3590,mug,ShapeNet,daee5cf285b8d210eeb8d422649e5f2b,mug,ShapeNet,False,mug/ShapeNet/daee5cf285b8d210eeb8d422649e5f2b,mug/ShapeNet/2997f21fa426e18a6ab1a25d0e8f3590,False,mug,mug,0,"['handle', 'is', 'triangle', 'shaped']",4,handle is triangle shaped,train,train,train,train,"[1, 29, 7, 608, 14, 2, 0, 0, 0, 0, 0, 0, 0, 0, 0, 0, 0, 0]",handle
12018,user_1964,the bottom is the same width as the body,3XIQGXAUME1W40WPTXL8ESL524YX7B,44.0,2997f21fa426e18a6ab1a25d0e8f3590,mug,ShapeNet,daee5cf285b8d210eeb8d422649e5f2b,mug,ShapeNet,False,mug/ShapeNet/daee5cf285b8d210eeb8d422649e5f2b,mug/ShapeNet/2997f21fa426e18a6ab1a25d0e8f3590,False,mug,mug,0,"['the', 'bottom', 'is', 'the', 'same', 'width', 'as', 'the', 'body']",9,the bottom is the same width as the body,train,train,train,train,"[1, 10, 76, 7, 10, 300, 358, 52, 10, 45, 2, 0, 0, 0, 0, 0, 0, 0]",body
12020,user_1601,The target mug has a cylindrical body.,3E4GGUZ1TAKJYZ0CO2POS7WVVEPK2J,96.0,5c48d471200d2bf16e8a121e6886e18d,mug,ShapeNet,b7841572364fd9ce1249ffc39a0c3c0b,mug,ShapeNet,False,mug/ShapeNet/b7841572364fd9ce1249ffc39a0c3c0b,mug/ShapeNet/5c48d471200d2bf16e8a121e6886e18d,False,mug,mug,0,"['the', 'target', 'mug', 'has', 'a', 'cylindrical', 'body']",7,the target mug has a cylindrical body,train,train,train,train,"[1, 10, 11, 1684, 24, 26, 176, 45, 2, 0, 0, 0, 0, 0, 0, 0, 0, 0]",body
12027,user_242,body is narrower in the middle than lip and bottom,3V5Q80FXIZKD21S53WXPBLFTKTC322,40.0,44f9c4e1ea3532b8d7b20fded0142d7a,mug,ShapeNet,b46e89995f4f9cc5161e440f04bd2a2,mug,ShapeNet,False,mug/ShapeNet/b46e89995f4f9cc5161e440f04bd2a2,mug/ShapeNet/44f9c4e1ea3532b8d7b20fded0142d7a,False,mug,mug,0,"['body', 'is', 'narrow', '-er', 'in', 'the', 'middle', 'than', 'lip', 'and', 'bottom']",11,body is narrow -er in the middle than lip and bottom,train,train,train,train,"[1, 45, 7, 210, 9, 90, 10, 232, 131, 125, 47, 76, 2, 0, 0, 0, 0, 0]",body
12028,user_1886,It has a smaller handle,3VNL7UK1XHC22C2B66INDHDGNVOTFL,40.0,44f9c4e1ea3532b8d7b20fded0142d7a,mug,ShapeNet,b46e89995f4f9cc5161e440f04bd2a2,mug,ShapeNet,False,mug/ShapeNet/b46e89995f4f9cc5161e440f04bd2a2,mug/ShapeNet/44f9c4e1ea3532b8d7b20fded0142d7a,False,mug,mug,0,"['it', 'has', 'a', 'small', '-er', 'handle']",6,it has a small -er handle,train,train,train,train,"[1, 23, 24, 26, 111, 9, 29, 2, 0, 0, 0, 0, 0, 0, 0, 0, 0, 0]",handle
12029,user_1461,"Has a larger, flatter handle",3NJM2BJS4YZX78PUYNJ201RG1FCCPP,51.0,7a8ea24474846c5c2f23d8349a133d2b,mug,ShapeNet,586e67c53f181dc22adf8abaa25e0215,mug,ShapeNet,False,mug/ShapeNet/586e67c53f181dc22adf8abaa25e0215,mug/ShapeNet/7a8ea24474846c5c2f23d8349a133d2b,True,mug,mug,0,"['has', 'a', 'large', '-er', 'flat', '-er', 'handle']",7,has a large -er flat -er handle,train,train,train,train,"[1, 24, 26, 94, 9, 129, 9, 29, 2, 0, 0, 0, 0, 0, 0, 0, 0, 0]",handle
12030,user_1886,It has a thicker handle,3NVC2EB65SS33MLCWH4KKPGYZ7VY30,40.0,7a8ea24474846c5c2f23d8349a133d2b,mug,ShapeNet,586e67c53f181dc22adf8abaa25e0215,mug,ShapeNet,False,mug/ShapeNet/586e67c53f181dc22adf8abaa25e0215,mug/ShapeNet/7a8ea24474846c5c2f23d8349a133d2b,True,mug,mug,0,"['it', 'has', 'a', 'thick', '-er', 'handle']",6,it has a thick -er handle,train,train,train,train,"[1, 23, 24, 26, 54, 9, 29, 2, 0, 0, 0, 0, 0, 0, 0, 0, 0, 0]",handle
12031,user_1254,There handle is more uncommon,3LQ8PUHQFNLW7UD67K7J2VNKSV4HID,62.0,e984fd7e97c2be347eaeab1f0c9120b7,mug,ShapeNet,35ce7ede92198be2b759f7fb0032e59,mug,ShapeNet,True,mug/ShapeNet/35ce7ede92198be2b759f7fb0032e59,mug/ShapeNet/e984fd7e97c2be347eaeab1f0c9120b7,False,mug,mug,0,"['there', 'handle', 'is', 'more', 'uncommon']",5,there handle is more uncommon,train,train,train,train,"[1, 15, 29, 7, 34, 3, 2, 0, 0, 0, 0, 0, 0, 0, 0, 0, 0, 0]",handle
12032,user_1461,Has a fatter handle,3CTOC39K39JV9GR0CT67NJDQR5D7JP,20.0,e984fd7e97c2be347eaeab1f0c9120b7,mug,ShapeNet,35ce7ede92198be2b759f7fb0032e59,mug,ShapeNet,False,mug/ShapeNet/35ce7ede92198be2b759f7fb0032e59,mug/ShapeNet/e984fd7e97c2be347eaeab1f0c9120b7,False,mug,mug,0,"['has', 'a', 'fat', '-er', 'handle']",5,has a fat -er handle,train,train,train,train,"[1, 24, 26, 866, 9, 29, 2, 0, 0, 0, 0, 0, 0, 0, 0, 0, 0, 0]",handle
12033,user_1416,It has a 'D' handle.,3LOZAJ85YF6PIZZJNL4DI14XRN3X2K,431.0,99eaa69cf6fe8811dec712af445786fe,mug,ShapeNet,ec846432f3ebedf0a6f32a8797e3b9e9,mug,ShapeNet,False,mug/ShapeNet/ec846432f3ebedf0a6f32a8797e3b9e9,mug/ShapeNet/99eaa69cf6fe8811dec712af445786fe,True,mug,mug,0,"['it', 'has', 'a', 'd', 'handle']",5,it has a d handle,train,train,train,train,"[1, 23, 24, 26, 1683, 29, 2, 0, 0, 0, 0, 0, 0, 0, 0, 0, 0, 0]",handle
12034,user_1461,Has a square handle,3KYQYYSHYX0PR0J7JJ1YV748CANODF,29.0,99eaa69cf6fe8811dec712af445786fe,mug,ShapeNet,ec846432f3ebedf0a6f32a8797e3b9e9,mug,ShapeNet,False,mug/ShapeNet/ec846432f3ebedf0a6f32a8797e3b9e9,mug/ShapeNet/99eaa69cf6fe8811dec712af445786fe,True,mug,mug,0,"['has', 'a', 'square', 'handle']",4,has a square handle,train,train,train,train,"[1, 24, 26, 50, 29, 2, 0, 0, 0, 0, 0, 0, 0, 0, 0, 0, 0, 0]",handle
12038,user_1461,Has a larger handle,3DY46V3X3RB8FDYWZYNGOPGPIYL55K,66.0,128ecbc10df5b05d96eaf1340564a4de,mug,ShapeNet,34869e23f9fdee027528ae0782b54aae,mug,ShapeNet,False,mug/ShapeNet/34869e23f9fdee027528ae0782b54aae,mug/ShapeNet/128ecbc10df5b05d96eaf1340564a4de,False,mug,mug,0,"['has', 'a', 'large', '-er', 'handle']",5,has a large -er handle,train,train,train,train,"[1, 24, 26, 94, 9, 29, 2, 0, 0, 0, 0, 0, 0, 0, 0, 0, 0, 0]",handle
12039,user_1461,Has an open body,3B3WTRP3DDVZH3HLK5YZ2YIFKKE298,78.0,61c10dccfa8e508e2d66cbf6a91063,mug,ShapeNet,b98fa11a567f644344b25d683fe71de,mug,ShapeNet,False,mug/ShapeNet/b98fa11a567f644344b25d683fe71de,mug/ShapeNet/61c10dccfa8e508e2d66cbf6a91063,True,mug,mug,0,"['has', 'an', 'open', 'body']",4,has an open body,train,train,train,train,"[1, 24, 72, 312, 45, 2, 0, 0, 0, 0, 0, 0, 0, 0, 0, 0, 0, 0]",body
12041,user_1601,The target mug has a very slim handle.,3F6HPJW4JFTATZUTDG8RGIQQILY2WX,146.0,f1c5b9bb744afd96d6e1954365b10b52,mug,ShapeNet,92d6394732e6058d4bcbafcc905a9b98,mug,ShapeNet,False,mug/ShapeNet/92d6394732e6058d4bcbafcc905a9b98,mug/ShapeNet/f1c5b9bb744afd96d6e1954365b10b52,False,mug,mug,0,"['the', 'target', 'mug', 'has', 'a', 'very', 'slim', 'handle']",8,the target mug has a very slim handle,train,train,train,train,"[1, 10, 11, 1684, 24, 26, 62, 829, 29, 2, 0, 0, 0, 0, 0, 0, 0, 0]",handle
12042,user_1886,It has a thinner handle,32M8BPYGAVFI7YIVNEP1HVBJDUDGIX,46.0,f1c5b9bb744afd96d6e1954365b10b52,mug,ShapeNet,92d6394732e6058d4bcbafcc905a9b98,mug,ShapeNet,False,mug/ShapeNet/92d6394732e6058d4bcbafcc905a9b98,mug/ShapeNet/f1c5b9bb744afd96d6e1954365b10b52,False,mug,mug,0,"['it', 'has', 'a', 'thin', '-er', 'handle']",6,it has a thin -er handle,train,train,train,train,"[1, 23, 24, 26, 60, 9, 29, 2, 0, 0, 0, 0, 0, 0, 0, 0, 0, 0]",handle
12043,user_1461,Has a flared handle,31LM9EDVONLKC1JNS0NWJGZGRKGJNA,36.0,1305b9266d38eb4d9f818dd0aa1a251,mug,ShapeNet,1dd8290a154f4b1534a8988fdcee4fde,mug,ShapeNet,False,mug/ShapeNet/1dd8290a154f4b1534a8988fdcee4fde,mug/ShapeNet/1305b9266d38eb4d9f818dd0aa1a251,False,mug,mug,0,"['has', 'a', 'flared', 'handle']",4,has a flared handle,train,train,train,train,"[1, 24, 26, 569, 29, 2, 0, 0, 0, 0, 0, 0, 0, 0, 0, 0, 0, 0]",handle
12044,user_1894,The handle is more curved at the top.,3UXUOQ9OKGQK8NOWINTUUKA71JR7AJ,1144.0,1305b9266d38eb4d9f818dd0aa1a251,mug,ShapeNet,1dd8290a154f4b1534a8988fdcee4fde,mug,ShapeNet,False,mug/ShapeNet/1dd8290a154f4b1534a8988fdcee4fde,mug/ShapeNet/1305b9266d38eb4d9f818dd0aa1a251,False,mug,mug,0,"['the', 'handle', 'is', 'more', 'curved', 'at', 'the', 'top']",8,the handle is more curved at the top,train,train,train,train,"[1, 10, 29, 7, 34, 51, 98, 10, 99, 2, 0, 0, 0, 0, 0, 0, 0, 0]",handle
12045,user_242,Handle is rounded,33UKMF931BDCLHKC1QNCULSHE51TT0,34.0,34869e23f9fdee027528ae0782b54aae,mug,ShapeNet,1bc5d303ff4d6e7e1113901b72a68e7c,mug,ShapeNet,False,mug/ShapeNet/1bc5d303ff4d6e7e1113901b72a68e7c,mug/ShapeNet/34869e23f9fdee027528ae0782b54aae,False,mug,mug,0,"['handle', 'is', 'rounded']",3,handle is rounded,train,train,train,train,"[1, 29, 7, 48, 2, 0, 0, 0, 0, 0, 0, 0, 0, 0, 0, 0, 0, 0]",handle
12046,user_986,square handle,3KAKFY4PGWVHDM67SZIHY1MA9PDI3W,49.0,34869e23f9fdee027528ae0782b54aae,mug,ShapeNet,1bc5d303ff4d6e7e1113901b72a68e7c,mug,ShapeNet,False,mug/ShapeNet/1bc5d303ff4d6e7e1113901b72a68e7c,mug/ShapeNet/34869e23f9fdee027528ae0782b54aae,False,mug,mug,0,"['square', 'handle']",2,square handle,train,train,train,train,"[1, 50, 29, 2, 0, 0, 0, 0, 0, 0, 0, 0, 0, 0, 0, 0, 0, 0]",handle
12047,user_1416,It doesn't have a tapered body.,3FTOP5WARHHHR5RGRULY8433JSHJ0D,127.0,d75af64aa166c24eacbe2257d0988c9c,mug,ShapeNet,43f94ba24d2f075c4d32a65fb7bf4ebc,mug,ShapeNet,False,mug/ShapeNet/43f94ba24d2f075c4d32a65fb7bf4ebc,mug/ShapeNet/d75af64aa166c24eacbe2257d0988c9c,False,mug,mug,0,"['it', 'does', 'not', 'have', 'a', 'tapered', 'body']",7,it does not have a tapered body,train,train,train,train,"[1, 23, 39, 40, 84, 26, 352, 45, 2, 0, 0, 0, 0, 0, 0, 0, 0, 0]",body
12049,user_456,The target has a square handle.,3KV0LJBBH4EVS7H0O4H58SW7WBZRM9,78.0,48e260a614c0fd4434a8988fdcee4fde,mug,ShapeNet,a0c78f254b037f88933dc172307a6bb9,mug,ShapeNet,False,mug/ShapeNet/a0c78f254b037f88933dc172307a6bb9,mug/ShapeNet/48e260a614c0fd4434a8988fdcee4fde,True,mug,mug,0,"['the', 'target', 'has', 'a', 'square', 'handle']",6,the target has a square handle,train,train,train,train,"[1, 10, 11, 24, 26, 50, 29, 2, 0, 0, 0, 0, 0, 0, 0, 0, 0, 0]",handle
12050,user_789,Has a D handle.,3DL65MZB8F8TAH04P93R6PSCN84CEY,51.0,48e260a614c0fd4434a8988fdcee4fde,mug,ShapeNet,a0c78f254b037f88933dc172307a6bb9,mug,ShapeNet,False,mug/ShapeNet/a0c78f254b037f88933dc172307a6bb9,mug/ShapeNet/48e260a614c0fd4434a8988fdcee4fde,True,mug,mug,0,"['has', 'a', 'd', 'handle']",4,has a d handle,train,train,train,train,"[1, 24, 26, 1683, 29, 2, 0, 0, 0, 0, 0, 0, 0, 0, 0, 0, 0, 0]",handle
12053,user_242,Handle is round,3UOUJI6MTF7Y2B8L65EJOKZPAFVXUD,35.0,eecb13f61a93b4048f58d8b19de93f99,mug,ShapeNet,513c3410e8354e5211c7f3807925346a,mug,ShapeNet,False,mug/ShapeNet/513c3410e8354e5211c7f3807925346a,mug/ShapeNet/eecb13f61a93b4048f58d8b19de93f99,False,mug,mug,0,"['handle', 'is', 'round']",3,handle is round,train,train,train,train,"[1, 29, 7, 134, 2, 0, 0, 0, 0, 0, 0, 0, 0, 0, 0, 0, 0, 0]",handle
12054,user_1416,It has a square handle.,3OONKJ5DKECWC3LN5NAS0HG89QKOBJ,96.0,eecb13f61a93b4048f58d8b19de93f99,mug,ShapeNet,513c3410e8354e5211c7f3807925346a,mug,ShapeNet,False,mug/ShapeNet/513c3410e8354e5211c7f3807925346a,mug/ShapeNet/eecb13f61a93b4048f58d8b19de93f99,False,mug,mug,0,"['it', 'has', 'a', 'square', 'handle']",5,it has a square handle,train,train,train,train,"[1, 23, 24, 26, 50, 29, 2, 0, 0, 0, 0, 0, 0, 0, 0, 0, 0, 0]",handle
12055,user_242,Handle is longer,3DZQRBDBSN867093XBCV23SXINA3S4,53.0,387b695db51190d3be276203d0b1a33f,mug,ShapeNet,403fb4eb4fc6235adf0c7dbe7f8f4c8e,mug,ShapeNet,False,mug/ShapeNet/403fb4eb4fc6235adf0c7dbe7f8f4c8e,mug/ShapeNet/387b695db51190d3be276203d0b1a33f,False,mug,mug,0,"['handle', 'is', 'long', '-er']",4,handle is long -er,val,train,val,train,"[1, 29, 7, 32, 9, 2, 0, 0, 0, 0, 0, 0, 0, 0, 0, 0, 0, 0]",handle
12056,user_1886,It has a C shaped handle,3LS2AMNW5HJJG9NCO57IV6B7VPFQOP,37.0,387b695db51190d3be276203d0b1a33f,mug,ShapeNet,403fb4eb4fc6235adf0c7dbe7f8f4c8e,mug,ShapeNet,False,mug/ShapeNet/403fb4eb4fc6235adf0c7dbe7f8f4c8e,mug/ShapeNet/387b695db51190d3be276203d0b1a33f,False,mug,mug,0,"['it', 'has', 'a', 'c', 'shaped', 'handle']",6,it has a c shaped handle,val,train,val,train,"[1, 23, 24, 26, 1682, 14, 29, 2, 0, 0, 0, 0, 0, 0, 0, 0, 0, 0]",handle
12058,user_1886,It has no handle,3HQUKB7LNH7WBZ2M12PY2JM5SG1HHS,64.0,214dbcace712e49de195a69ef7c885a4,mug,ShapeNet,1038e4eac0e18dcce02ae6d2a21d494a,mug,ShapeNet,False,mug/ShapeNet/1038e4eac0e18dcce02ae6d2a21d494a,mug/ShapeNet/214dbcace712e49de195a69ef7c885a4,False,mug,mug,0,"['it', 'has', 'no', 'handle']",4,it has no handle,train,train,train,train,"[1, 23, 24, 123, 29, 2, 0, 0, 0, 0, 0, 0, 0, 0, 0, 0, 0, 0]",handle
12059,user_242,handle is thinner,3OF2M9AATIH94A3OD9Y2FI62GO1ZKL,47.0,1bc5d303ff4d6e7e1113901b72a68e7c,mug,ShapeNet,e9499e4a9f632725d6e865157050a80e,mug,ShapeNet,False,mug/ShapeNet/e9499e4a9f632725d6e865157050a80e,mug/ShapeNet/1bc5d303ff4d6e7e1113901b72a68e7c,False,mug,mug,0,"['handle', 'is', 'thin', '-er']",4,handle is thin -er,train,train,train,train,"[1, 29, 7, 60, 9, 2, 0, 0, 0, 0, 0, 0, 0, 0, 0, 0, 0, 0]",handle
12060,user_1416,It has a thinner handle.,38F5OAUN5P5ZIAWAOT3MB6XBED6H7R,1206.0,1bc5d303ff4d6e7e1113901b72a68e7c,mug,ShapeNet,e9499e4a9f632725d6e865157050a80e,mug,ShapeNet,False,mug/ShapeNet/e9499e4a9f632725d6e865157050a80e,mug/ShapeNet/1bc5d303ff4d6e7e1113901b72a68e7c,False,mug,mug,0,"['it', 'has', 'a', 'thin', '-er', 'handle']",6,it has a thin -er handle,train,train,train,train,"[1, 23, 24, 26, 60, 9, 29, 2, 0, 0, 0, 0, 0, 0, 0, 0, 0, 0]",handle
12061,user_1461,Has a C handle,34T446B1C27UJRLAH24CL0Q8T7WC0E,18.0,3d1754b7cb46c0ce5c8081810641ef6,mug,ShapeNet,34ae0b61b0d8aaf2d7b20fded0142d7a,mug,ShapeNet,False,mug/ShapeNet/34ae0b61b0d8aaf2d7b20fded0142d7a,mug/ShapeNet/3d1754b7cb46c0ce5c8081810641ef6,False,mug,mug,0,"['has', 'a', 'c', 'handle']",4,has a c handle,train,train,train,train,"[1, 24, 26, 1682, 29, 2, 0, 0, 0, 0, 0, 0, 0, 0, 0, 0, 0, 0]",handle
12071,user_1081,THE TARGET MUG IS HANDLELESS.,3G5W44VEU9B9DT8JNHADUBQW5Y2GK8,117.0,645b0e2ef3b95979204df312eabf367f,mug,ShapeNet,1038e4eac0e18dcce02ae6d2a21d494a,mug,ShapeNet,False,mug/ShapeNet/1038e4eac0e18dcce02ae6d2a21d494a,mug/ShapeNet/645b0e2ef3b95979204df312eabf367f,True,mug,mug,0,"['the', 'target', 'mug', 'is', 'handleless']",5,the target mug is handleless,train,train,train,train,"[1, 10, 11, 1684, 7, 1706, 2, 0, 0, 0, 0, 0, 0, 0, 0, 0, 0, 0]",handle
12075,user_242,handle is rounder,3PPTZCWALSDVFD1JQEIZB4IBFURZQB,40.0,d38295b8d83e8cdec712af445786fe,mug,ShapeNet,1bc5d303ff4d6e7e1113901b72a68e7c,mug,ShapeNet,False,mug/ShapeNet/1bc5d303ff4d6e7e1113901b72a68e7c,mug/ShapeNet/d38295b8d83e8cdec712af445786fe,True,mug,mug,0,"['handle', 'is', 'round', '-er']",4,handle is round -er,train,train,train,train,"[1, 29, 7, 134, 9, 2, 0, 0, 0, 0, 0, 0, 0, 0, 0, 0, 0, 0]",handle
12076,user_1602,It has a D handle.,31HQ4X3T3U3NN4ZS3HGVYPMEI8OSLS,119.0,d38295b8d83e8cdec712af445786fe,mug,ShapeNet,1bc5d303ff4d6e7e1113901b72a68e7c,mug,ShapeNet,False,mug/ShapeNet/1bc5d303ff4d6e7e1113901b72a68e7c,mug/ShapeNet/d38295b8d83e8cdec712af445786fe,True,mug,mug,0,"['it', 'has', 'a', 'd', 'handle']",5,it has a d handle,train,train,train,train,"[1, 23, 24, 26, 1683, 29, 2, 0, 0, 0, 0, 0, 0, 0, 0, 0, 0, 0]",handle
12079,user_242,handle is flared,3O6CYIULEFUJDB3VW0IXM1LI1DVUWN,52.0,3143a4accdc23349cac584186c95ce9b,mug,ShapeNet,10c2b3eac377b9084b3c42e318f3affc,mug,ShapeNet,False,mug/ShapeNet/10c2b3eac377b9084b3c42e318f3affc,mug/ShapeNet/3143a4accdc23349cac584186c95ce9b,True,mug,mug,0,"['handle', 'is', 'flared']",3,handle is flared,train,train,train,train,"[1, 29, 7, 569, 2, 0, 0, 0, 0, 0, 0, 0, 0, 0, 0, 0, 0, 0]",handle
12085,user_242,handle is not D shaped,33PPUNGG3AYVREGJ3T7ZGUSGBGVZRE,33.0,e6dedae946ff5265a95fb60c110b25aa,mug,ShapeNet,43e1cabc5dd2fa91fffc97a61124b1a9,mug,ShapeNet,False,mug/ShapeNet/43e1cabc5dd2fa91fffc97a61124b1a9,mug/ShapeNet/e6dedae946ff5265a95fb60c110b25aa,False,mug,mug,0,"['handle', 'is', 'not', 'd', 'shaped']",5,handle is not d shaped,train,train,train,train,"[1, 29, 7, 40, 1683, 14, 2, 0, 0, 0, 0, 0, 0, 0, 0, 0, 0, 0]",handle
12086,user_1885,the target has a thinner handle,3WSELTNVR5V76LL3VQWVZG2PQGQTAP,104.0,e6dedae946ff5265a95fb60c110b25aa,mug,ShapeNet,43e1cabc5dd2fa91fffc97a61124b1a9,mug,ShapeNet,False,mug/ShapeNet/43e1cabc5dd2fa91fffc97a61124b1a9,mug/ShapeNet/e6dedae946ff5265a95fb60c110b25aa,False,mug,mug,0,"['the', 'target', 'has', 'a', 'thin', '-er', 'handle']",7,the target has a thin -er handle,train,train,train,train,"[1, 10, 11, 24, 26, 60, 9, 29, 2, 0, 0, 0, 0, 0, 0, 0, 0, 0]",handle
12088,user_1886,It has a smaller handle,3XC1O3LBOUFO24C7SHLL8UI0KSELTO,49.0,633379db14d4d2b287dd60af81c93a3c,mug,ShapeNet,8b1dca1414ba88cb91986c63a4d7a99a,mug,ShapeNet,False,mug/ShapeNet/8b1dca1414ba88cb91986c63a4d7a99a,mug/ShapeNet/633379db14d4d2b287dd60af81c93a3c,True,mug,mug,0,"['it', 'has', 'a', 'small', '-er', 'handle']",6,it has a small -er handle,train,train,train,train,"[1, 23, 24, 26, 111, 9, 29, 2, 0, 0, 0, 0, 0, 0, 0, 0, 0, 0]",handle
12089,user_242,Handle is longer and sharper,3MD9PLUKKK7ACGORAMQI7AN6AJ0NZ8,40.0,e984fd7e97c2be347eaeab1f0c9120b7,mug,ShapeNet,e363fa24c824d20ca363b55cbd344baa,mug,ShapeNet,False,mug/ShapeNet/e363fa24c824d20ca363b55cbd344baa,mug/ShapeNet/e984fd7e97c2be347eaeab1f0c9120b7,False,mug,mug,0,"['handle', 'is', 'long', '-er', 'and', 'sharp', '-er']",7,handle is long -er and sharp -er,train,train,train,train,"[1, 29, 7, 32, 9, 47, 206, 9, 2, 0, 0, 0, 0, 0, 0, 0, 0, 0]",handle
12094,user_1764,There's no handle present,33TIN5LC063PIOASDQ5UB2JKZ0JY9X,78.0,8b1dca1414ba88cb91986c63a4d7a99a,mug,ShapeNet,e71102b6da1d63f3a363b55cbd344baa,mug,ShapeNet,False,mug/ShapeNet/e71102b6da1d63f3a363b55cbd344baa,mug/ShapeNet/8b1dca1414ba88cb91986c63a4d7a99a,False,mug,mug,0,"['there', 'is', 'no', 'handle', 'present']",5,there is no handle present,train,train,train,train,"[1, 15, 7, 123, 29, 1708, 2, 0, 0, 0, 0, 0, 0, 0, 0, 0, 0, 0]",handle
12095,user_1461,Has a flared body,3I3WADAZ9SXUNN4E4DJFXVGGZTU5OT,25.0,e9499e4a9f632725d6e865157050a80e,mug,ShapeNet,8570d9a8d24cb0acbebd3c0c0c70fb03,mug,ShapeNet,False,mug/ShapeNet/8570d9a8d24cb0acbebd3c0c0c70fb03,mug/ShapeNet/e9499e4a9f632725d6e865157050a80e,True,mug,mug,0,"['has', 'a', 'flared', 'body']",4,has a flared body,train,train,train,train,"[1, 24, 26, 569, 45, 2, 0, 0, 0, 0, 0, 0, 0, 0, 0, 0, 0, 0]",body
12099,user_242,Handle is longer,34V1S5K3GUUNZ40M77A2SBZR0QN692,35.0,a637500654ca8d16c97cfc3e8a6b1d16,mug,ShapeNet,10c2b3eac377b9084b3c42e318f3affc,mug,ShapeNet,False,mug/ShapeNet/10c2b3eac377b9084b3c42e318f3affc,mug/ShapeNet/a637500654ca8d16c97cfc3e8a6b1d16,False,mug,mug,0,"['handle', 'is', 'long', '-er']",4,handle is long -er,train,train,train,train,"[1, 29, 7, 32, 9, 2, 0, 0, 0, 0, 0, 0, 0, 0, 0, 0, 0, 0]",handle
12101,user_242,Lip is narrower than body,3GS6S824SSQ6ILJMZZ6B86TOTHWWNR,73.0,ea33ad442b032208d778b73d04298f62,mug,ShapeNet,345d3e7252156db8d44ee24d6b5498e1,mug,ShapeNet,False,mug/ShapeNet/345d3e7252156db8d44ee24d6b5498e1,mug/ShapeNet/ea33ad442b032208d778b73d04298f62,False,mug,mug,0,"['lip', 'is', 'narrow', '-er', 'than', 'body']",6,lip is narrow -er than body,val,train,val,train,"[1, 125, 7, 210, 9, 131, 45, 2, 0, 0, 0, 0, 0, 0, 0, 0, 0, 0]",body
12103,user_242,Has a handle,379J5II41Q9MDLUA2MWQ98IZHHOLET,77.0,b9004dcda66abf95b99d2a3bbaea842a,mug,ShapeNet,fd1f9e8add1fcbd123c841f9d5051936,mug,ShapeNet,False,mug/ShapeNet/fd1f9e8add1fcbd123c841f9d5051936,mug/ShapeNet/b9004dcda66abf95b99d2a3bbaea842a,False,mug,mug,0,"['has', 'a', 'handle']",3,has a handle,train,train,train,train,"[1, 24, 26, 29, 2, 0, 0, 0, 0, 0, 0, 0, 0, 0, 0, 0, 0, 0]",handle
12104,user_1886,It has a handle,3G2UL9A02F7JLLCTSACIEF8L50Z76R,36.0,b9004dcda66abf95b99d2a3bbaea842a,mug,ShapeNet,fd1f9e8add1fcbd123c841f9d5051936,mug,ShapeNet,False,mug/ShapeNet/fd1f9e8add1fcbd123c841f9d5051936,mug/ShapeNet/b9004dcda66abf95b99d2a3bbaea842a,False,mug,mug,0,"['it', 'has', 'a', 'handle']",4,it has a handle,train,train,train,train,"[1, 23, 24, 26, 29, 2, 0, 0, 0, 0, 0, 0, 0, 0, 0, 0, 0, 0]",handle
12106,user_1964,the handle is thicker,3ZPBJO59KRUFZJXKF668BY770PIHDV,34.0,92d6394732e6058d4bcbafcc905a9b98,mug,ShapeNet,214dbcace712e49de195a69ef7c885a4,mug,ShapeNet,False,mug/ShapeNet/214dbcace712e49de195a69ef7c885a4,mug/ShapeNet/92d6394732e6058d4bcbafcc905a9b98,False,mug,mug,0,"['the', 'handle', 'is', 'thick', '-er']",5,the handle is thick -er,train,train,train,train,"[1, 10, 29, 7, 54, 9, 2, 0, 0, 0, 0, 0, 0, 0, 0, 0, 0, 0]",handle
12109,user_242,handle is thicker,3MB8LZR5BHMPZLMKY87T73V41FTKLN,37.0,92d6394732e6058d4bcbafcc905a9b98,mug,ShapeNet,bea77759a3e5f9037ae0031c221d81a4,mug,ShapeNet,False,mug/ShapeNet/bea77759a3e5f9037ae0031c221d81a4,mug/ShapeNet/92d6394732e6058d4bcbafcc905a9b98,True,mug,mug,0,"['handle', 'is', 'thick', '-er']",4,handle is thick -er,test,train,test,train,"[1, 29, 7, 54, 9, 2, 0, 0, 0, 0, 0, 0, 0, 0, 0, 0, 0, 0]",handle
12110,user_1894,The handle is bigger.,31T4R4OBOU9812LU21PL0F0V1MC7CL,1332.0,92d6394732e6058d4bcbafcc905a9b98,mug,ShapeNet,bea77759a3e5f9037ae0031c221d81a4,mug,ShapeNet,False,mug/ShapeNet/bea77759a3e5f9037ae0031c221d81a4,mug/ShapeNet/92d6394732e6058d4bcbafcc905a9b98,True,mug,mug,0,"['the', 'handle', 'is', 'big', '-er']",5,the handle is big -er,test,train,test,train,"[1, 10, 29, 7, 320, 9, 2, 0, 0, 0, 0, 0, 0, 0, 0, 0, 0, 0]",handle
12113,user_1416,It is handleless.,31QNSG6A5TM6PZVHLP9GYT4CBUG782,42.0,c2e411ed6061a25ef06800d5696e457f,mug,ShapeNet,275729fcdc9bf1488afafc80c93c27a9,mug,ShapeNet,False,mug/ShapeNet/275729fcdc9bf1488afafc80c93c27a9,mug/ShapeNet/c2e411ed6061a25ef06800d5696e457f,True,mug,mug,0,"['it', 'is', 'handleless']",3,it is handleless,train,train,train,train,"[1, 23, 7, 1706, 2, 0, 0, 0, 0, 0, 0, 0, 0, 0, 0, 0, 0, 0]",handle
12114,user_1601,the target mug has no handle.,3OLF68YTNBUXNG3206R6ICNOZ62FAL,120.0,c2e411ed6061a25ef06800d5696e457f,mug,ShapeNet,275729fcdc9bf1488afafc80c93c27a9,mug,ShapeNet,False,mug/ShapeNet/275729fcdc9bf1488afafc80c93c27a9,mug/ShapeNet/c2e411ed6061a25ef06800d5696e457f,True,mug,mug,0,"['the', 'target', 'mug', 'has', 'no', 'handle']",6,the target mug has no handle,train,train,train,train,"[1, 10, 11, 1684, 24, 123, 29, 2, 0, 0, 0, 0, 0, 0, 0, 0, 0, 0]",handle
12115,user_1416,It has a bulbous body which expands in the center.,3GA6AFUKOQHHHRVNMH0WYPLV9BKH3M,104.0,3d3e993f7baa4d7ef1ff24a8b1564a36,mug,ShapeNet,9ff8400080c77feac2ad6fd1941624c3,mug,ShapeNet,False,mug/ShapeNet/9ff8400080c77feac2ad6fd1941624c3,mug/ShapeNet/3d3e993f7baa4d7ef1ff24a8b1564a36,False,mug,mug,0,"['it', 'has', 'a', 'bulbous', 'body', 'which', 'expands', 'in', 'the', 'center']",10,it has a bulbous body which expands in the center,train,train,train,train,"[1, 23, 24, 26, 230, 45, 422, 1709, 90, 10, 165, 2, 0, 0, 0, 0, 0, 0]",body
12116,user_1886,It has a shorter body,3JJVG1YBEDQA4TF508ETRBGHSU55BJ,52.0,3d3e993f7baa4d7ef1ff24a8b1564a36,mug,ShapeNet,9ff8400080c77feac2ad6fd1941624c3,mug,ShapeNet,False,mug/ShapeNet/9ff8400080c77feac2ad6fd1941624c3,mug/ShapeNet/3d3e993f7baa4d7ef1ff24a8b1564a36,False,mug,mug,0,"['it', 'has', 'a', 'short', '-er', 'body']",6,it has a short -er body,train,train,train,train,"[1, 23, 24, 26, 8, 9, 45, 2, 0, 0, 0, 0, 0, 0, 0, 0, 0, 0]",body
12117,user_456,The target has a D-handle.,3QL2OFSM98BX4NDHI86AWCML100CNI,111.0,d0a3fdd33c7e1eb040bc4e38b9ba163e,mug,ShapeNet,e16a895052da87277f58c33b328479f4,mug,ShapeNet,False,mug/ShapeNet/e16a895052da87277f58c33b328479f4,mug/ShapeNet/d0a3fdd33c7e1eb040bc4e38b9ba163e,False,mug,mug,0,"['the', 'target', 'has', 'a', 'd', 'handle']",6,the target has a d handle,test,train,test,train,"[1, 10, 11, 24, 26, 1683, 29, 2, 0, 0, 0, 0, 0, 0, 0, 0, 0, 0]",handle
12118,user_1461,Has a smaller handle,3OS4RQUCRB826Q8U6KR2DN7UHONBFC,25.0,d0a3fdd33c7e1eb040bc4e38b9ba163e,mug,ShapeNet,e16a895052da87277f58c33b328479f4,mug,ShapeNet,False,mug/ShapeNet/e16a895052da87277f58c33b328479f4,mug/ShapeNet/d0a3fdd33c7e1eb040bc4e38b9ba163e,False,mug,mug,0,"['has', 'a', 'small', '-er', 'handle']",5,has a small -er handle,test,train,test,train,"[1, 24, 26, 111, 9, 29, 2, 0, 0, 0, 0, 0, 0, 0, 0, 0, 0, 0]",handle
12121,user_422,Target mug has thick 'C' shaped handle,37QW5D2ZRIFS8XF99S7RTK08Y8S8SP,97.0,b815d7e084a5a75b8d543d7713b96a41,mug,ShapeNet,9426e7aa67c83a4c3b51ab46b2f98f30,mug,ShapeNet,False,mug/ShapeNet/9426e7aa67c83a4c3b51ab46b2f98f30,mug/ShapeNet/b815d7e084a5a75b8d543d7713b96a41,False,mug,mug,0,"['target', 'mug', 'has', 'thick', 'c', 'shaped', 'handle']",7,target mug has thick c shaped handle,train,train,train,train,"[1, 11, 1684, 24, 54, 1682, 14, 29, 2, 0, 0, 0, 0, 0, 0, 0, 0, 0]",handle
12123,user_1886,It has a square handle,3I0BTBYZAZE7MUMFDUM1IRIRWVBY05,62.0,4b8b10d03552e0891898dfa8eb8eefff,mug,ShapeNet,f1c5b9bb744afd96d6e1954365b10b52,mug,ShapeNet,False,mug/ShapeNet/f1c5b9bb744afd96d6e1954365b10b52,mug/ShapeNet/4b8b10d03552e0891898dfa8eb8eefff,True,mug,mug,0,"['it', 'has', 'a', 'square', 'handle']",5,it has a square handle,train,train,train,train,"[1, 23, 24, 26, 50, 29, 2, 0, 0, 0, 0, 0, 0, 0, 0, 0, 0, 0]",handle
12124,user_1964,There is a square handle,33SA9F9TRZN2OF69603SIJZFFPWEWL,63.0,4b8b10d03552e0891898dfa8eb8eefff,mug,ShapeNet,f1c5b9bb744afd96d6e1954365b10b52,mug,ShapeNet,False,mug/ShapeNet/f1c5b9bb744afd96d6e1954365b10b52,mug/ShapeNet/4b8b10d03552e0891898dfa8eb8eefff,True,mug,mug,0,"['there', 'is', 'a', 'square', 'handle']",5,there is a square handle,train,train,train,train,"[1, 15, 7, 26, 50, 29, 2, 0, 0, 0, 0, 0, 0, 0, 0, 0, 0, 0]",handle
12126,user_1416,It has two upraised bands encircling the body.,3WYP994K19K2058UFJ2IRSSI9Y0Y69,60.0,7d282cc3cedd40c8b5c4f4801d3aada,mug,ShapeNet,17952a204c0a9f526c69dceb67157a66,mug,ShapeNet,False,mug/ShapeNet/17952a204c0a9f526c69dceb67157a66,mug/ShapeNet/7d282cc3cedd40c8b5c4f4801d3aada,True,mug,mug,0,"['it', 'has', 'two', 'upraised', 'bands', 'encircling', 'the', 'body']",8,it has two upraised bands encircling the body,test,train,test,train,"[1, 23, 24, 17, 353, 2402, 625, 10, 45, 2, 0, 0, 0, 0, 0, 0, 0, 0]",body
12130,user_1461,Has an unrounded handle,30BUDKLTXFO8BWRPAZGJSJM2VRKE5U,42.0,387b695db51190d3be276203d0b1a33f,mug,ShapeNet,928a383f79698c3fb6d9bc28c8d8a2c4,mug,ShapeNet,False,mug/ShapeNet/928a383f79698c3fb6d9bc28c8d8a2c4,mug/ShapeNet/387b695db51190d3be276203d0b1a33f,True,mug,mug,0,"['has', 'an', 'unrounded', 'handle']",4,has an unrounded handle,train,train,train,train,"[1, 24, 72, 1710, 29, 2, 0, 0, 0, 0, 0, 0, 0, 0, 0, 0, 0, 0]",handle
12131,user_1416,It has a 'C' handle.,39L1G8WVWSK6DGA9KSXB625OSMQ139,72.0,ec846432f3ebedf0a6f32a8797e3b9e9,mug,ShapeNet,4b8b10d03552e0891898dfa8eb8eefff,mug,ShapeNet,False,mug/ShapeNet/4b8b10d03552e0891898dfa8eb8eefff,mug/ShapeNet/ec846432f3ebedf0a6f32a8797e3b9e9,False,mug,mug,0,"['it', 'has', 'a', 'c', 'handle']",5,it has a c handle,train,train,train,train,"[1, 23, 24, 26, 1682, 29, 2, 0, 0, 0, 0, 0, 0, 0, 0, 0, 0, 0]",handle
12132,user_1886,It has a C shaped handle,3XLBSAQ9Z65L9VW4UF9TBD1GA3N7Z7,49.0,ec846432f3ebedf0a6f32a8797e3b9e9,mug,ShapeNet,4b8b10d03552e0891898dfa8eb8eefff,mug,ShapeNet,False,mug/ShapeNet/4b8b10d03552e0891898dfa8eb8eefff,mug/ShapeNet/ec846432f3ebedf0a6f32a8797e3b9e9,False,mug,mug,0,"['it', 'has', 'a', 'c', 'shaped', 'handle']",6,it has a c shaped handle,train,train,train,train,"[1, 23, 24, 26, 1682, 14, 29, 2, 0, 0, 0, 0, 0, 0, 0, 0, 0, 0]",handle
12133,user_390,The handle is wider,31Z0PCVWUM8PNJN5ONKBPP0ZP7XT79,53.0,c2e411ed6061a25ef06800d5696e457f,mug,ShapeNet,34869e23f9fdee027528ae0782b54aae,mug,ShapeNet,False,mug/ShapeNet/34869e23f9fdee027528ae0782b54aae,mug/ShapeNet/c2e411ed6061a25ef06800d5696e457f,True,mug,mug,0,"['the', 'handle', 'is', 'wide', '-er']",5,the handle is wide -er,train,train,train,train,"[1, 10, 29, 7, 83, 9, 2, 0, 0, 0, 0, 0, 0, 0, 0, 0, 0, 0]",handle
12134,user_1461,Has a thicker handle,3NGI5ARFTVYDK5FWIQUIJ58PXIGP17,44.0,c2e411ed6061a25ef06800d5696e457f,mug,ShapeNet,34869e23f9fdee027528ae0782b54aae,mug,ShapeNet,False,mug/ShapeNet/34869e23f9fdee027528ae0782b54aae,mug/ShapeNet/c2e411ed6061a25ef06800d5696e457f,True,mug,mug,0,"['has', 'a', 'thick', '-er', 'handle']",5,has a thick -er handle,train,train,train,train,"[1, 24, 26, 54, 9, 29, 2, 0, 0, 0, 0, 0, 0, 0, 0, 0, 0, 0]",handle
12137,user_1416,It has an open handle.,3HUTX6F6VWG2OQLRMUHHZOD4FJZ2OL,48.0,b9004dcda66abf95b99d2a3bbaea842a,mug,ShapeNet,159e56c18906830278d8f8c02c47cde0,mug,ShapeNet,False,mug/ShapeNet/159e56c18906830278d8f8c02c47cde0,mug/ShapeNet/b9004dcda66abf95b99d2a3bbaea842a,False,mug,mug,0,"['it', 'has', 'an', 'open', 'handle']",5,it has an open handle,train,train,train,train,"[1, 23, 24, 72, 312, 29, 2, 0, 0, 0, 0, 0, 0, 0, 0, 0, 0, 0]",handle
12139,user_485,Target has a smaller handle.,30X31N5D65J6RL8O6QR5PB63OWSASV,38.0,3143a4accdc23349cac584186c95ce9b,mug,ShapeNet,b7841572364fd9ce1249ffc39a0c3c0b,mug,ShapeNet,False,mug/ShapeNet/b7841572364fd9ce1249ffc39a0c3c0b,mug/ShapeNet/3143a4accdc23349cac584186c95ce9b,True,mug,mug,0,"['target', 'has', 'a', 'small', '-er', 'handle']",6,target has a small -er handle,train,train,train,train,"[1, 11, 24, 26, 111, 9, 29, 2, 0, 0, 0, 0, 0, 0, 0, 0, 0, 0]",handle
12140,user_1886,It has a smaller handle,3MAOD8E57S3L7LOC942XAP7V2IUNX1,57.0,3143a4accdc23349cac584186c95ce9b,mug,ShapeNet,b7841572364fd9ce1249ffc39a0c3c0b,mug,ShapeNet,False,mug/ShapeNet/b7841572364fd9ce1249ffc39a0c3c0b,mug/ShapeNet/3143a4accdc23349cac584186c95ce9b,True,mug,mug,0,"['it', 'has', 'a', 'small', '-er', 'handle']",6,it has a small -er handle,train,train,train,train,"[1, 23, 24, 26, 111, 9, 29, 2, 0, 0, 0, 0, 0, 0, 0, 0, 0, 0]",handle
12141,user_242,handle is narrower,3BF51CHDTX3L0ZWQ3UIDWRNO60F0HR,33.0,d0a3fdd33c7e1eb040bc4e38b9ba163e,mug,ShapeNet,c60f62684618cb52a4136492f17b9a59,mug,ShapeNet,False,mug/ShapeNet/c60f62684618cb52a4136492f17b9a59,mug/ShapeNet/d0a3fdd33c7e1eb040bc4e38b9ba163e,False,mug,mug,0,"['handle', 'is', 'narrow', '-er']",4,handle is narrow -er,train,train,train,train,"[1, 29, 7, 210, 9, 2, 0, 0, 0, 0, 0, 0, 0, 0, 0, 0, 0, 0]",handle
12147,user_242,Has a closed handle,3J88R45B2IRLA60PPJFPEECQ2X0PX4,89.0,159e56c18906830278d8f8c02c47cde0,mug,ShapeNet,46955fddcc83a50f79b586547e543694,mug,ShapeNet,False,mug/ShapeNet/46955fddcc83a50f79b586547e543694,mug/ShapeNet/159e56c18906830278d8f8c02c47cde0,False,mug,mug,0,"['has', 'a', 'closed', 'handle']",4,has a closed handle,train,train,train,train,"[1, 24, 26, 1005, 29, 2, 0, 0, 0, 0, 0, 0, 0, 0, 0, 0, 0, 0]",handle
12148,user_456,"The target has a long, thin c shaped handle.",3WMOAN2SRDQT3WJH9P1FM4AAM7MNVY,52.0,159e56c18906830278d8f8c02c47cde0,mug,ShapeNet,46955fddcc83a50f79b586547e543694,mug,ShapeNet,False,mug/ShapeNet/46955fddcc83a50f79b586547e543694,mug/ShapeNet/159e56c18906830278d8f8c02c47cde0,False,mug,mug,0,"['the', 'target', 'has', 'a', 'long', 'thin', 'c', 'shaped', 'handle']",9,the target has a long thin c shaped handle,train,train,train,train,"[1, 10, 11, 24, 26, 32, 60, 1682, 14, 29, 2, 0, 0, 0, 0, 0, 0, 0]",handle
12149,user_242,handle is longer,3IXEICO794C6JJ905DFJJB03UXVT6U,27.0,141f1db25095b16dcfb3760e4293e310,mug,ShapeNet,3093367916fb5216823323ed0e090a6f,mug,ShapeNet,False,mug/ShapeNet/3093367916fb5216823323ed0e090a6f,mug/ShapeNet/141f1db25095b16dcfb3760e4293e310,True,mug,mug,0,"['handle', 'is', 'long', '-er']",4,handle is long -er,train,train,train,train,"[1, 29, 7, 32, 9, 2, 0, 0, 0, 0, 0, 0, 0, 0, 0, 0, 0, 0]",handle
12150,user_1894,"It has a large ""C"" handle.",3JJVG1YBEDQA4TF508ETRBGHSVLB57,1615.0,141f1db25095b16dcfb3760e4293e310,mug,ShapeNet,3093367916fb5216823323ed0e090a6f,mug,ShapeNet,False,mug/ShapeNet/3093367916fb5216823323ed0e090a6f,mug/ShapeNet/141f1db25095b16dcfb3760e4293e310,True,mug,mug,0,"['it', 'has', 'a', 'large', 'c', 'handle']",6,it has a large c handle,train,train,train,train,"[1, 23, 24, 26, 94, 1682, 29, 2, 0, 0, 0, 0, 0, 0, 0, 0, 0, 0]",handle
12151,user_422,Target mug has large 'D' shaped handle,3C8HJ7UOP9N4UY3RYLBIUVY65SGZM8,81.0,d38295b8d83e8cdec712af445786fe,mug,ShapeNet,c7ddd93b15e30faae180a52fd2be32,mug,ShapeNet,False,mug/ShapeNet/c7ddd93b15e30faae180a52fd2be32,mug/ShapeNet/d38295b8d83e8cdec712af445786fe,True,mug,mug,0,"['target', 'mug', 'has', 'large', 'd', 'shaped', 'handle']",7,target mug has large d shaped handle,train,train,train,train,"[1, 11, 1684, 24, 94, 1683, 14, 29, 2, 0, 0, 0, 0, 0, 0, 0, 0, 0]",handle
12153,user_242,handle is thin tubes,3A1PQ49WVJAL7OH8ZDMDAW6YBSFH15,82.0,62684ad0321b35189a3501eead248b52,mug,ShapeNet,eecb13f61a93b4048f58d8b19de93f99,mug,ShapeNet,False,mug/ShapeNet/eecb13f61a93b4048f58d8b19de93f99,mug/ShapeNet/62684ad0321b35189a3501eead248b52,False,mug,mug,0,"['handle', 'is', 'thin', 'tubes']",4,handle is thin tubes,train,train,train,train,"[1, 29, 7, 60, 1280, 2, 0, 0, 0, 0, 0, 0, 0, 0, 0, 0, 0, 0]",handle
12154,user_390,The handle is split un tce,378XPAWRUE6HX75S1EXRL90GFYNAI0,134.0,62684ad0321b35189a3501eead248b52,mug,ShapeNet,eecb13f61a93b4048f58d8b19de93f99,mug,ShapeNet,False,mug/ShapeNet/eecb13f61a93b4048f58d8b19de93f99,mug/ShapeNet/62684ad0321b35189a3501eead248b52,False,mug,mug,0,"['the', 'handle', 'is', 'split', 'un', 'tce']",6,the handle is split un tce,train,train,train,train,"[1, 10, 29, 7, 1269, 1712, 3, 2, 0, 0, 0, 0, 0, 0, 0, 0, 0, 0]",handle
12155,user_1461,Has a novelty handle,3NL0RFNU0HGT1DFZSG8CLMTTFSLK4F,44.0,5d72df6bc7e93e6dd0cd466c08863ebd,mug,ShapeNet,3a7439cfaa9af51faf1af397e14a566d,mug,ShapeNet,False,mug/ShapeNet/3a7439cfaa9af51faf1af397e14a566d,mug/ShapeNet/5d72df6bc7e93e6dd0cd466c08863ebd,True,mug,mug,0,"['has', 'a', 'novelty', 'handle']",4,has a novelty handle,test,train,test,train,"[1, 24, 26, 1685, 29, 2, 0, 0, 0, 0, 0, 0, 0, 0, 0, 0, 0, 0]",handle
12157,user_1461,Has an open handle,35K3O9HUAD60DTKEGBTSEVDFKLYFEE,32.0,3d3e993f7baa4d7ef1ff24a8b1564a36,mug,ShapeNet,6c04c2eac973936523c841f9d5051936,mug,ShapeNet,False,mug/ShapeNet/6c04c2eac973936523c841f9d5051936,mug/ShapeNet/3d3e993f7baa4d7ef1ff24a8b1564a36,False,mug,mug,0,"['has', 'an', 'open', 'handle']",4,has an open handle,val,train,val,train,"[1, 24, 72, 312, 29, 2, 0, 0, 0, 0, 0, 0, 0, 0, 0, 0, 0, 0]",handle
12163,user_485,Target has a shorter handle.,3K9FOBBF2JCQ7R7NVLZ9ZVC8V9JNLE,56.0,1eaf8db2dd2b710c7d5b1b70ae595e60,mug,ShapeNet,9c930a8a3411f069e7f67f334aa9295c,mug,ShapeNet,False,mug/ShapeNet/9c930a8a3411f069e7f67f334aa9295c,mug/ShapeNet/1eaf8db2dd2b710c7d5b1b70ae595e60,False,mug,mug,0,"['target', 'has', 'a', 'short', '-er', 'handle']",6,target has a short -er handle,train,train,train,train,"[1, 11, 24, 26, 8, 9, 29, 2, 0, 0, 0, 0, 0, 0, 0, 0, 0, 0]",handle
12165,user_242,the handle is rounder,3HSYG7LRBLREFF42D8VSS3IPCFJKKF,49.0,7a8ea24474846c5c2f23d8349a133d2b,mug,ShapeNet,128ecbc10df5b05d96eaf1340564a4de,mug,ShapeNet,False,mug/ShapeNet/128ecbc10df5b05d96eaf1340564a4de,mug/ShapeNet/7a8ea24474846c5c2f23d8349a133d2b,True,mug,mug,0,"['the', 'handle', 'is', 'round', '-er']",5,the handle is round -er,train,train,train,train,"[1, 10, 29, 7, 134, 9, 2, 0, 0, 0, 0, 0, 0, 0, 0, 0, 0, 0]",handle
12166,user_1886,It has a taller body,3HHRAGRYXAYDOA6Q73WW9BLILQH9OU,54.0,7a8ea24474846c5c2f23d8349a133d2b,mug,ShapeNet,128ecbc10df5b05d96eaf1340564a4de,mug,ShapeNet,False,mug/ShapeNet/128ecbc10df5b05d96eaf1340564a4de,mug/ShapeNet/7a8ea24474846c5c2f23d8349a133d2b,True,mug,mug,0,"['it', 'has', 'a', 'tall', '-er', 'body']",6,it has a tall -er body,train,train,train,train,"[1, 23, 24, 26, 53, 9, 45, 2, 0, 0, 0, 0, 0, 0, 0, 0, 0, 0]",body
12167,user_1461,Has a taller/higher handle,3G5F9DBFORQ1T0X66R62HKDE0VEHVK,38.0,edaf960fb6afdadc4cebc4b5998de5d0,mug,ShapeNet,6e884701bfddd1f71e1138649f4c219,mug,ShapeNet,False,mug/ShapeNet/6e884701bfddd1f71e1138649f4c219,mug/ShapeNet/edaf960fb6afdadc4cebc4b5998de5d0,True,mug,mug,0,"['has', 'a', 'tall', '-er', 'high', '-er', 'handle']",7,has a tall -er high -er handle,train,train,train,train,"[1, 24, 26, 53, 9, 49, 9, 29, 2, 0, 0, 0, 0, 0, 0, 0, 0, 0]",handle
12169,user_242,Body is less smooth,3DL65MZB8F8TAH04P93R6PSCN9DECB,89.0,e984fd7e97c2be347eaeab1f0c9120b7,mug,ShapeNet,9426e7aa67c83a4c3b51ab46b2f98f30,mug,ShapeNet,False,mug/ShapeNet/9426e7aa67c83a4c3b51ab46b2f98f30,mug/ShapeNet/e984fd7e97c2be347eaeab1f0c9120b7,True,mug,mug,0,"['body', 'is', 'less', 'smooth']",4,body is less smooth,train,train,train,train,"[1, 45, 7, 229, 379, 2, 0, 0, 0, 0, 0, 0, 0, 0, 0, 0, 0, 0]",body
12170,user_1416,It has a 'C' handle.,32Z9ZLUT1ND63GO95FKOMSJ643POHZ,133.0,e984fd7e97c2be347eaeab1f0c9120b7,mug,ShapeNet,9426e7aa67c83a4c3b51ab46b2f98f30,mug,ShapeNet,False,mug/ShapeNet/9426e7aa67c83a4c3b51ab46b2f98f30,mug/ShapeNet/e984fd7e97c2be347eaeab1f0c9120b7,True,mug,mug,0,"['it', 'has', 'a', 'c', 'handle']",5,it has a c handle,train,train,train,train,"[1, 23, 24, 26, 1682, 29, 2, 0, 0, 0, 0, 0, 0, 0, 0, 0, 0, 0]",handle
12172,user_456,The target has a flared handle.,30LB5CDZNE37RKWK9GOKWYRT2PCZ0U,74.0,4f9f31db3c3873692a6f53dd95fd4468,mug,ShapeNet,48e260a614c0fd4434a8988fdcee4fde,mug,ShapeNet,False,mug/ShapeNet/48e260a614c0fd4434a8988fdcee4fde,mug/ShapeNet/4f9f31db3c3873692a6f53dd95fd4468,False,mug,mug,0,"['the', 'target', 'has', 'a', 'flared', 'handle']",6,the target has a flared handle,train,train,train,train,"[1, 10, 11, 24, 26, 569, 29, 2, 0, 0, 0, 0, 0, 0, 0, 0, 0, 0]",handle
12173,user_242,handle is thicker and sharper,3RXPCZQMQR477SMXF74VPWUXWS2G15,70.0,8aed972ea2b4a9019c3814eae0b8d399,mug,ShapeNet,4b8b10d03552e0891898dfa8eb8eefff,mug,ShapeNet,False,mug/ShapeNet/4b8b10d03552e0891898dfa8eb8eefff,mug/ShapeNet/8aed972ea2b4a9019c3814eae0b8d399,True,mug,mug,0,"['handle', 'is', 'thick', '-er', 'and', 'sharp', '-er']",7,handle is thick -er and sharp -er,train,train,train,train,"[1, 29, 7, 54, 9, 47, 206, 9, 2, 0, 0, 0, 0, 0, 0, 0, 0, 0]",handle
12174,user_1081,THE TARGET MUG HAS A 'C' HANDLE.,3WOKGM4L739VSGID77D3G0KPIMUO04,88.0,8aed972ea2b4a9019c3814eae0b8d399,mug,ShapeNet,4b8b10d03552e0891898dfa8eb8eefff,mug,ShapeNet,False,mug/ShapeNet/4b8b10d03552e0891898dfa8eb8eefff,mug/ShapeNet/8aed972ea2b4a9019c3814eae0b8d399,True,mug,mug,0,"['the', 'target', 'mug', 'has', 'a', 'c', 'handle']",7,the target mug has a c handle,train,train,train,train,"[1, 10, 11, 1684, 24, 26, 1682, 29, 2, 0, 0, 0, 0, 0, 0, 0, 0, 0]",handle
12177,user_1461,Has a smaller handle,3J4Q2Z4UT0WRLIWEFRYSC0OTYREWQ7,21.0,24651c3767aa5089e19f4cee87249aca,mug,ShapeNet,2037531c43448c3016329cbc378d2a2,mug,ShapeNet,False,mug/ShapeNet/2037531c43448c3016329cbc378d2a2,mug/ShapeNet/24651c3767aa5089e19f4cee87249aca,True,mug,mug,0,"['has', 'a', 'small', '-er', 'handle']",5,has a small -er handle,train,train,train,train,"[1, 24, 26, 111, 9, 29, 2, 0, 0, 0, 0, 0, 0, 0, 0, 0, 0, 0]",handle
12179,user_1105,the handle is positioned more toward the top,36V4Q8R5ZMTVG620BPS532M20PYMQ4,56.0,3d1754b7cb46c0ce5c8081810641ef6,mug,ShapeNet,10f6e09036350e92b3f21f1137c3c347,mug,ShapeNet,False,mug/ShapeNet/10f6e09036350e92b3f21f1137c3c347,mug/ShapeNet/3d1754b7cb46c0ce5c8081810641ef6,True,mug,mug,0,"['the', 'handle', 'is', 'positioned', 'more', 'toward', 'the', 'top']",8,the handle is positioned more toward the top,train,train,train,train,"[1, 10, 29, 7, 324, 34, 1713, 10, 99, 2, 0, 0, 0, 0, 0, 0, 0, 0]",handle
12184,user_1964,the bottom curves in from the body,39ZSFO5CAAPX7R3WP1ZIXBRAZHHUJN,82.0,a0c78f254b037f88933dc172307a6bb9,mug,ShapeNet,34ae0b61b0d8aaf2d7b20fded0142d7a,mug,ShapeNet,False,mug/ShapeNet/34ae0b61b0d8aaf2d7b20fded0142d7a,mug/ShapeNet/a0c78f254b037f88933dc172307a6bb9,True,mug,mug,0,"['the', 'bottom', 'curves', 'in', 'from', 'the', 'body']",7,the bottom curves in from the body,train,train,train,train,"[1, 10, 76, 156, 90, 113, 10, 45, 2, 0, 0, 0, 0, 0, 0, 0, 0, 0]",body
12185,user_242,handle is longer,3NVC2EB65SS33MLCWH4KKPGYZ8A3YM,58.0,c2e411ed6061a25ef06800d5696e457f,mug,ShapeNet,ea33ad442b032208d778b73d04298f62,mug,ShapeNet,False,mug/ShapeNet/ea33ad442b032208d778b73d04298f62,mug/ShapeNet/c2e411ed6061a25ef06800d5696e457f,True,mug,mug,0,"['handle', 'is', 'long', '-er']",4,handle is long -er,train,train,train,train,"[1, 29, 7, 32, 9, 2, 0, 0, 0, 0, 0, 0, 0, 0, 0, 0, 0, 0]",handle
12191,user_242,the handle is flatter,3UNH76FOCUY4P8TM2Z9ZGOP4ZZNMYH,37.0,48e260a614c0fd4434a8988fdcee4fde,mug,ShapeNet,1305b9266d38eb4d9f818dd0aa1a251,mug,ShapeNet,False,mug/ShapeNet/1305b9266d38eb4d9f818dd0aa1a251,mug/ShapeNet/48e260a614c0fd4434a8988fdcee4fde,True,mug,mug,0,"['the', 'handle', 'is', 'flat', '-er']",5,the handle is flat -er,train,train,train,train,"[1, 10, 29, 7, 129, 9, 2, 0, 0, 0, 0, 0, 0, 0, 0, 0, 0, 0]",handle
12192,user_750,Target has more circular handle.,30MVJZJNHO6ZNZFTRQ4R1F4WMWO9JS,107.0,48e260a614c0fd4434a8988fdcee4fde,mug,ShapeNet,1305b9266d38eb4d9f818dd0aa1a251,mug,ShapeNet,False,mug/ShapeNet/1305b9266d38eb4d9f818dd0aa1a251,mug/ShapeNet/48e260a614c0fd4434a8988fdcee4fde,True,mug,mug,0,"['target', 'has', 'more', 'circular', 'handle']",5,target has more circular handle,train,train,train,train,"[1, 11, 24, 34, 102, 29, 2, 0, 0, 0, 0, 0, 0, 0, 0, 0, 0, 0]",handle
12193,user_1461,Has a smaller handle,3O6CYIULEFUJDB3VW0IXM1LI1CLUWB,65.0,9d8c711750a73b06ad1d789f3b2120d0,mug,ShapeNet,1d18255a04d22794e521eeb8bb14c5b3,mug,ShapeNet,False,mug/ShapeNet/1d18255a04d22794e521eeb8bb14c5b3,mug/ShapeNet/9d8c711750a73b06ad1d789f3b2120d0,True,mug,mug,0,"['has', 'a', 'small', '-er', 'handle']",5,has a small -er handle,train,train,train,train,"[1, 24, 26, 111, 9, 29, 2, 0, 0, 0, 0, 0, 0, 0, 0, 0, 0, 0]",handle
12194,user_1886,It has thinner body,3H7Z272LX90QACJ0B0C13KH3VOJLP7,63.0,9d8c711750a73b06ad1d789f3b2120d0,mug,ShapeNet,1d18255a04d22794e521eeb8bb14c5b3,mug,ShapeNet,False,mug/ShapeNet/1d18255a04d22794e521eeb8bb14c5b3,mug/ShapeNet/9d8c711750a73b06ad1d789f3b2120d0,True,mug,mug,0,"['it', 'has', 'thin', '-er', 'body']",5,it has thin -er body,train,train,train,train,"[1, 23, 24, 60, 9, 45, 2, 0, 0, 0, 0, 0, 0, 0, 0, 0, 0, 0]",body
12195,user_1416,It has a thicker handle.,3UNH76FOCUY4P8TM2Z9ZGOP4ZYEYMI,97.0,d0a3fdd33c7e1eb040bc4e38b9ba163e,mug,ShapeNet,9278005254c8db7e95f577622f465c85,mug,ShapeNet,False,mug/ShapeNet/9278005254c8db7e95f577622f465c85,mug/ShapeNet/d0a3fdd33c7e1eb040bc4e38b9ba163e,True,mug,mug,0,"['it', 'has', 'a', 'thick', '-er', 'handle']",6,it has a thick -er handle,train,train,train,train,"[1, 23, 24, 26, 54, 9, 29, 2, 0, 0, 0, 0, 0, 0, 0, 0, 0, 0]",handle
12199,user_255,The mug has a D shaped handle and is shorter in length.,3TUI152ZZDGYKHGBI397JAYZ2GW1Q8,167.0,e9499e4a9f632725d6e865157050a80e,mug,ShapeNet,3143a4accdc23349cac584186c95ce9b,mug,ShapeNet,True,mug/ShapeNet/3143a4accdc23349cac584186c95ce9b,mug/ShapeNet/e9499e4a9f632725d6e865157050a80e,True,mug,mug,0,"['the', 'mug', 'has', 'a', 'd', 'shaped', 'handle', 'and', 'is', 'short', '-er', 'in', 'length']",13,the mug has a d shaped handle and is short -er in length,train,train,train,train,"[1, 10, 1684, 24, 26, 1683, 14, 29, 47, 7, 8, 9, 90, 155, 2, 0, 0, 0]",handle
12200,user_789,the handle  is a D handle.,33PPUNGG3AYVREGJ3T7ZGUSGBFFZRW,76.0,e9499e4a9f632725d6e865157050a80e,mug,ShapeNet,3143a4accdc23349cac584186c95ce9b,mug,ShapeNet,False,mug/ShapeNet/3143a4accdc23349cac584186c95ce9b,mug/ShapeNet/e9499e4a9f632725d6e865157050a80e,True,mug,mug,0,"['the', 'handle', 'is', 'a', 'd', 'handle']",6,the handle is a d handle,train,train,train,train,"[1, 10, 29, 7, 26, 1683, 29, 2, 0, 0, 0, 0, 0, 0, 0, 0, 0, 0]",handle
12202,user_1886,It has a larger body,3NXNZ5RS1CQ634ERQHFUYPZNV0X97S,183.0,34ae0b61b0d8aaf2d7b20fded0142d7a,mug,ShapeNet,57f73714cbc425e44ae022a8f6e258a7,mug,ShapeNet,False,mug/ShapeNet/57f73714cbc425e44ae022a8f6e258a7,mug/ShapeNet/34ae0b61b0d8aaf2d7b20fded0142d7a,False,mug,mug,0,"['it', 'has', 'a', 'large', '-er', 'body']",6,it has a large -er body,train,train,train,train,"[1, 23, 24, 26, 94, 9, 45, 2, 0, 0, 0, 0, 0, 0, 0, 0, 0, 0]",body
12211,user_242,handle is longer,3OVHNO1VE8U1Q4XELSCFB5BCWF3ZD7,30.0,54f2d6a0b431839c99785666a0fe0255,mug,ShapeNet,e6dedae946ff5265a95fb60c110b25aa,mug,ShapeNet,False,mug/ShapeNet/e6dedae946ff5265a95fb60c110b25aa,mug/ShapeNet/54f2d6a0b431839c99785666a0fe0255,True,mug,mug,0,"['handle', 'is', 'long', '-er']",4,handle is long -er,train,train,train,train,"[1, 29, 7, 32, 9, 2, 0, 0, 0, 0, 0, 0, 0, 0, 0, 0, 0, 0]",handle
12214,user_242,handle is shorter,3R8YZBNQ9JBCV3VD7JQGKKPC51C7QP,21.0,48e260a614c0fd4434a8988fdcee4fde,mug,ShapeNet,54f2d6a0b431839c99785666a0fe0255,mug,ShapeNet,False,mug/ShapeNet/54f2d6a0b431839c99785666a0fe0255,mug/ShapeNet/48e260a614c0fd4434a8988fdcee4fde,False,mug,mug,0,"['handle', 'is', 'short', '-er']",4,handle is short -er,train,train,train,train,"[1, 29, 7, 8, 9, 2, 0, 0, 0, 0, 0, 0, 0, 0, 0, 0, 0, 0]",handle
12215,user_242,the handle is wider,33PPUNGG3AYVREGJ3T7ZGUSGBGQZR9,83.0,df026976dc03197213ac44947b92716e,mug,ShapeNet,c82b9f1b98f044fc15cf6e5ad80f2da,mug,ShapeNet,False,mug/ShapeNet/c82b9f1b98f044fc15cf6e5ad80f2da,mug/ShapeNet/df026976dc03197213ac44947b92716e,True,mug,mug,0,"['the', 'handle', 'is', 'wide', '-er']",5,the handle is wide -er,train,train,train,train,"[1, 10, 29, 7, 83, 9, 2, 0, 0, 0, 0, 0, 0, 0, 0, 0, 0, 0]",handle
12217,user_242,handles is thinner,3VHP9MDGRPDLGV00KKNXO7DCZAUFCW,54.0,df026976dc03197213ac44947b92716e,mug,ShapeNet,a6d9f9ae39728831808951ff5fb582ac,mug,ShapeNet,False,mug/ShapeNet/a6d9f9ae39728831808951ff5fb582ac,mug/ShapeNet/df026976dc03197213ac44947b92716e,True,mug,mug,0,"['handles', 'is', 'thin', '-er']",4,handles is thin -er,train,train,train,train,"[1, 18, 7, 60, 9, 2, 0, 0, 0, 0, 0, 0, 0, 0, 0, 0, 0, 0]",handle
12218,user_1416,It doesn't have a 'D' handle.,3RKNTXVS3ORNP06DGPVNR8QXAH04AV,236.0,df026976dc03197213ac44947b92716e,mug,ShapeNet,a6d9f9ae39728831808951ff5fb582ac,mug,ShapeNet,False,mug/ShapeNet/a6d9f9ae39728831808951ff5fb582ac,mug/ShapeNet/df026976dc03197213ac44947b92716e,True,mug,mug,0,"['it', 'does', 'not', 'have', 'a', 'd', 'handle']",7,it does not have a d handle,train,train,train,train,"[1, 23, 39, 40, 84, 26, 1683, 29, 2, 0, 0, 0, 0, 0, 0, 0, 0, 0]",handle
12220,user_1740,It has a scrolled handle.,3PJUZCGDJ89A3IJA0M70CPVI6KY98A,21.0,8570d9a8d24cb0acbebd3c0c0c70fb03,mug,ShapeNet,79e673336e836d1333becb3a9550cbb1,mug,ShapeNet,False,mug/ShapeNet/79e673336e836d1333becb3a9550cbb1,mug/ShapeNet/8570d9a8d24cb0acbebd3c0c0c70fb03,True,mug,mug,0,"['it', 'has', 'a', 'scrolled', 'handle']",5,it has a scrolled handle,train,train,train,train,"[1, 23, 24, 26, 1714, 29, 2, 0, 0, 0, 0, 0, 0, 0, 0, 0, 0, 0]",handle
12221,user_1886,It has a thicker handle,3I0BTBYZAZE7MUMFDUM1IRIRWVC0Y8,178.0,3093367916fb5216823323ed0e090a6f,mug,ShapeNet,1f035aa5fc6da0983ecac81e09b15ea9,mug,ShapeNet,False,mug/ShapeNet/1f035aa5fc6da0983ecac81e09b15ea9,mug/ShapeNet/3093367916fb5216823323ed0e090a6f,False,mug,mug,0,"['it', 'has', 'a', 'thick', '-er', 'handle']",6,it has a thick -er handle,test,train,test,train,"[1, 23, 24, 26, 54, 9, 29, 2, 0, 0, 0, 0, 0, 0, 0, 0, 0, 0]",handle
12224,user_1740,It has a D shaped handle.,3EG49X351W5D00IKANGG8EL97SZX6V,36.0,9c930a8a3411f069e7f67f334aa9295c,mug,ShapeNet,645b0e2ef3b95979204df312eabf367f,mug,ShapeNet,False,mug/ShapeNet/645b0e2ef3b95979204df312eabf367f,mug/ShapeNet/9c930a8a3411f069e7f67f334aa9295c,False,mug,mug,0,"['it', 'has', 'a', 'd', 'shaped', 'handle']",6,it has a d shaped handle,train,train,train,train,"[1, 23, 24, 26, 1683, 14, 29, 2, 0, 0, 0, 0, 0, 0, 0, 0, 0, 0]",handle
12225,user_1886,It has a C shaped handle,3AQF3RZ55ABW0ERZATAU27L23OI6FU,83.0,f1c5b9bb744afd96d6e1954365b10b52,mug,ShapeNet,57f73714cbc425e44ae022a8f6e258a7,mug,ShapeNet,False,mug/ShapeNet/57f73714cbc425e44ae022a8f6e258a7,mug/ShapeNet/f1c5b9bb744afd96d6e1954365b10b52,True,mug,mug,0,"['it', 'has', 'a', 'c', 'shaped', 'handle']",6,it has a c shaped handle,train,train,train,train,"[1, 23, 24, 26, 1682, 14, 29, 2, 0, 0, 0, 0, 0, 0, 0, 0, 0, 0]",handle
12226,user_2019,It has a C handle instead of a square handle,39GAF6DQWTTQPPCS423HPXX7J851VW,315.0,f1c5b9bb744afd96d6e1954365b10b52,mug,ShapeNet,57f73714cbc425e44ae022a8f6e258a7,mug,ShapeNet,False,mug/ShapeNet/57f73714cbc425e44ae022a8f6e258a7,mug/ShapeNet/f1c5b9bb744afd96d6e1954365b10b52,True,mug,mug,0,"['it', 'has', 'a', 'c', 'handle', 'instead', 'of', 'a', 'square', 'handle']",10,it has a c handle instead of a square handle,train,train,train,train,"[1, 23, 24, 26, 1682, 29, 97, 38, 26, 50, 29, 2, 0, 0, 0, 0, 0, 0]",handle
12232,user_242,Has a handle,3PJ71Z61R6VSSIZP11YLXF8ASF619Y,41.0,9fc96d41ec7a66a6a159545213d74ea,mug,ShapeNet,ea127b5b9ba0696967699ff4ba91a25,mug,ShapeNet,False,mug/ShapeNet/ea127b5b9ba0696967699ff4ba91a25,mug/ShapeNet/9fc96d41ec7a66a6a159545213d74ea,False,mug,mug,0,"['has', 'a', 'handle']",3,has a handle,train,train,train,train,"[1, 24, 26, 29, 2, 0, 0, 0, 0, 0, 0, 0, 0, 0, 0, 0, 0, 0]",handle
12233,user_1416,The handle looks like a paper clip.,3VE8AYVF8OQJ4SAN387SMLHT9JAF8R,86.0,57f73714cbc425e44ae022a8f6e258a7,mug,ShapeNet,eecb13f61a93b4048f58d8b19de93f99,mug,ShapeNet,False,mug/ShapeNet/eecb13f61a93b4048f58d8b19de93f99,mug/ShapeNet/57f73714cbc425e44ae022a8f6e258a7,True,mug,mug,0,"['the', 'handle', 'looks', 'like', 'a', 'paper', 'clip']",7,the handle looks like a paper clip,train,train,train,train,"[1, 10, 29, 33, 35, 26, 1619, 1522, 2, 0, 0, 0, 0, 0, 0, 0, 0, 0]",handle
12234,user_1461,Has a novelty handle,32VNZTT0A9XFOHSUI0H9MYF7AKF4RS,32.0,57f73714cbc425e44ae022a8f6e258a7,mug,ShapeNet,eecb13f61a93b4048f58d8b19de93f99,mug,ShapeNet,False,mug/ShapeNet/eecb13f61a93b4048f58d8b19de93f99,mug/ShapeNet/57f73714cbc425e44ae022a8f6e258a7,True,mug,mug,0,"['has', 'a', 'novelty', 'handle']",4,has a novelty handle,train,train,train,train,"[1, 24, 26, 1685, 29, 2, 0, 0, 0, 0, 0, 0, 0, 0, 0, 0, 0, 0]",handle
12235,user_456,The target has a long c shaped handle.,3570Y55XZRC4XYX0RWB43J573C2YGA,60.0,c0c130c04edabc657c2b66248f91b3d8,mug,ShapeNet,d46b98f63a017578ea456f4bbbc96af9,mug,ShapeNet,False,mug/ShapeNet/d46b98f63a017578ea456f4bbbc96af9,mug/ShapeNet/c0c130c04edabc657c2b66248f91b3d8,False,mug,mug,0,"['the', 'target', 'has', 'a', 'long', 'c', 'shaped', 'handle']",8,the target has a long c shaped handle,train,train,train,train,"[1, 10, 11, 24, 26, 32, 1682, 14, 29, 2, 0, 0, 0, 0, 0, 0, 0, 0]",handle
12236,user_1886,It has a C shaped handle,3WZ36BJEV59CPVQV14WRURMV8XQTBX,126.0,c0c130c04edabc657c2b66248f91b3d8,mug,ShapeNet,d46b98f63a017578ea456f4bbbc96af9,mug,ShapeNet,False,mug/ShapeNet/d46b98f63a017578ea456f4bbbc96af9,mug/ShapeNet/c0c130c04edabc657c2b66248f91b3d8,False,mug,mug,0,"['it', 'has', 'a', 'c', 'shaped', 'handle']",6,it has a c shaped handle,train,train,train,train,"[1, 23, 24, 26, 1682, 14, 29, 2, 0, 0, 0, 0, 0, 0, 0, 0, 0, 0]",handle
12237,user_242,the handle is C shaped,3DH6GAKTY0I4OFS5HOZTOQLDE35ZYB,42.0,54f2d6a0b431839c99785666a0fe0255,mug,ShapeNet,9196f53a0d4be2806ffeedd41ba624d6,mug,ShapeNet,False,mug/ShapeNet/9196f53a0d4be2806ffeedd41ba624d6,mug/ShapeNet/54f2d6a0b431839c99785666a0fe0255,True,mug,mug,0,"['the', 'handle', 'is', 'c', 'shaped']",5,the handle is c shaped,train,train,train,train,"[1, 10, 29, 7, 1682, 14, 2, 0, 0, 0, 0, 0, 0, 0, 0, 0, 0, 0]",handle
12239,user_242,has no handle,386CSBG1O1FTR3H8O9LOE6PGAQV6QS,34.0,928a383f79698c3fb6d9bc28c8d8a2c4,mug,ShapeNet,b9004dcda66abf95b99d2a3bbaea842a,mug,ShapeNet,False,mug/ShapeNet/b9004dcda66abf95b99d2a3bbaea842a,mug/ShapeNet/928a383f79698c3fb6d9bc28c8d8a2c4,False,mug,mug,0,"['has', 'no', 'handle']",3,has no handle,train,train,train,train,"[1, 24, 123, 29, 2, 0, 0, 0, 0, 0, 0, 0, 0, 0, 0, 0, 0, 0]",handle
12241,user_242,handle is flatter,3XLBSAQ9Z65L9VW4UF9TBD1GA4X7ZJ,30.0,48e260a614c0fd4434a8988fdcee4fde,mug,ShapeNet,71995893d717598c9de7b195ccfa970,mug,ShapeNet,False,mug/ShapeNet/71995893d717598c9de7b195ccfa970,mug/ShapeNet/48e260a614c0fd4434a8988fdcee4fde,True,mug,mug,0,"['handle', 'is', 'flat', '-er']",4,handle is flat -er,train,train,train,train,"[1, 29, 7, 129, 9, 2, 0, 0, 0, 0, 0, 0, 0, 0, 0, 0, 0, 0]",handle
12242,user_986,flared handle,3V26SBZTBF74T52ADA1C2XUFKXEZZ7,68.0,48e260a614c0fd4434a8988fdcee4fde,mug,ShapeNet,71995893d717598c9de7b195ccfa970,mug,ShapeNet,False,mug/ShapeNet/71995893d717598c9de7b195ccfa970,mug/ShapeNet/48e260a614c0fd4434a8988fdcee4fde,True,mug,mug,0,"['flared', 'handle']",2,flared handle,train,train,train,train,"[1, 569, 29, 2, 0, 0, 0, 0, 0, 0, 0, 0, 0, 0, 0, 0, 0, 0]",handle
12243,user_1416,The body flares outward at the top.,3SKRO2GZ73KC9EIG5YPANOMQ39N1KX,163.0,3143a4accdc23349cac584186c95ce9b,mug,ShapeNet,214dbcace712e49de195a69ef7c885a4,mug,ShapeNet,False,mug/ShapeNet/214dbcace712e49de195a69ef7c885a4,mug/ShapeNet/3143a4accdc23349cac584186c95ce9b,True,mug,mug,0,"['the', 'body', 'flares', 'outward', 'at', 'the', 'top']",7,the body flares outward at the top,train,train,train,train,"[1, 10, 45, 381, 492, 98, 10, 99, 2, 0, 0, 0, 0, 0, 0, 0, 0, 0]",body
12246,user_1416,The handle is small and thick.,3B837J3LDQPYQ2U581DRK1VDO0HRSL,94.0,e6dedae946ff5265a95fb60c110b25aa,mug,ShapeNet,c39fb75015184c2a0c7f097b1a1f7a5,mug,ShapeNet,False,mug/ShapeNet/c39fb75015184c2a0c7f097b1a1f7a5,mug/ShapeNet/e6dedae946ff5265a95fb60c110b25aa,False,mug,mug,0,"['the', 'handle', 'is', 'small', 'and', 'thick']",6,the handle is small and thick,test,train,test,train,"[1, 10, 29, 7, 111, 47, 54, 2, 0, 0, 0, 0, 0, 0, 0, 0, 0, 0]",handle
12249,user_1416,The handle is not as elongated.,32RIADZISUXRPWS7XPHEC8K3WMXS43,93.0,34ae0b61b0d8aaf2d7b20fded0142d7a,mug,ShapeNet,c34718bd10e378186c6c61abcbd83e5a,mug,ShapeNet,False,mug/ShapeNet/c34718bd10e378186c6c61abcbd83e5a,mug/ShapeNet/34ae0b61b0d8aaf2d7b20fded0142d7a,True,mug,mug,0,"['the', 'handle', 'is', 'not', 'as', 'elongated']",6,the handle is not as elongated,train,train,train,train,"[1, 10, 29, 7, 40, 52, 1210, 2, 0, 0, 0, 0, 0, 0, 0, 0, 0, 0]",handle
12250,user_1886,It has a smaller body,39GHHAVOMHKYQT9HAV80K7TG03IJ4C,63.0,34ae0b61b0d8aaf2d7b20fded0142d7a,mug,ShapeNet,c34718bd10e378186c6c61abcbd83e5a,mug,ShapeNet,False,mug/ShapeNet/c34718bd10e378186c6c61abcbd83e5a,mug/ShapeNet/34ae0b61b0d8aaf2d7b20fded0142d7a,True,mug,mug,0,"['it', 'has', 'a', 'small', '-er', 'body']",6,it has a small -er body,train,train,train,train,"[1, 23, 24, 26, 111, 9, 45, 2, 0, 0, 0, 0, 0, 0, 0, 0, 0, 0]",body
12251,user_203,The handle is more rounded.,3T3IWE1XG8GZT1SKKMTHPGHUUY9TQT,220.0,85a2511c375b5b32f72755048bac3f96,mug,ShapeNet,46ed9dad0440c043d33646b0990bb4a,mug,ShapeNet,False,mug/ShapeNet/46ed9dad0440c043d33646b0990bb4a,mug/ShapeNet/85a2511c375b5b32f72755048bac3f96,True,mug,mug,0,"['the', 'handle', 'is', 'more', 'rounded']",5,the handle is more rounded,train,train,train,train,"[1, 10, 29, 7, 34, 48, 2, 0, 0, 0, 0, 0, 0, 0, 0, 0, 0, 0]",handle
12253,user_242,the handle is longer,3MMN5BL1W1X395WYDEG9QUTRQYSM3B,39.0,141f1db25095b16dcfb3760e4293e310,mug,ShapeNet,4f9f31db3c3873692a6f53dd95fd4468,mug,ShapeNet,False,mug/ShapeNet/4f9f31db3c3873692a6f53dd95fd4468,mug/ShapeNet/141f1db25095b16dcfb3760e4293e310,False,mug,mug,0,"['the', 'handle', 'is', 'long', '-er']",5,the handle is long -er,train,train,train,train,"[1, 10, 29, 7, 32, 9, 2, 0, 0, 0, 0, 0, 0, 0, 0, 0, 0, 0]",handle
12256,user_1461,Has a C handle,3OF2M9AATIH94A3OD9Y2FI62GNNZK5,34.0,e6dedae946ff5265a95fb60c110b25aa,mug,ShapeNet,99eaa69cf6fe8811dec712af445786fe,mug,ShapeNet,False,mug/ShapeNet/99eaa69cf6fe8811dec712af445786fe,mug/ShapeNet/e6dedae946ff5265a95fb60c110b25aa,True,mug,mug,0,"['has', 'a', 'c', 'handle']",4,has a c handle,train,train,train,train,"[1, 24, 26, 1682, 29, 2, 0, 0, 0, 0, 0, 0, 0, 0, 0, 0, 0, 0]",handle
12257,user_242,Handle is flared,3WQQ9FUS6CNTRBY7Y6LW3VQ8ULG8B0,35.0,85a2511c375b5b32f72755048bac3f96,mug,ShapeNet,e984fd7e97c2be347eaeab1f0c9120b7,mug,ShapeNet,False,mug/ShapeNet/e984fd7e97c2be347eaeab1f0c9120b7,mug/ShapeNet/85a2511c375b5b32f72755048bac3f96,False,mug,mug,0,"['handle', 'is', 'flared']",3,handle is flared,train,train,train,train,"[1, 29, 7, 569, 2, 0, 0, 0, 0, 0, 0, 0, 0, 0, 0, 0, 0, 0]",handle
12258,user_1886,It has a flared handle,3BV8HQ2ZZYU14NARZDO2O6AB6856AH,77.0,85a2511c375b5b32f72755048bac3f96,mug,ShapeNet,e984fd7e97c2be347eaeab1f0c9120b7,mug,ShapeNet,False,mug/ShapeNet/e984fd7e97c2be347eaeab1f0c9120b7,mug/ShapeNet/85a2511c375b5b32f72755048bac3f96,False,mug,mug,0,"['it', 'has', 'a', 'flared', 'handle']",5,it has a flared handle,train,train,train,train,"[1, 23, 24, 26, 569, 29, 2, 0, 0, 0, 0, 0, 0, 0, 0, 0, 0, 0]",handle
12262,user_1105,the handle is much thicker,39PAAFCODOTRY9O16LNRV3G2BP9VT8,39.0,43e1cabc5dd2fa91fffc97a61124b1a9,mug,ShapeNet,1a97f3c83016abca21d0de04f408950f,mug,ShapeNet,False,mug/ShapeNet/1a97f3c83016abca21d0de04f408950f,mug/ShapeNet/43e1cabc5dd2fa91fffc97a61124b1a9,False,mug,mug,0,"['the', 'handle', 'is', 'much', 'thick', '-er']",6,the handle is much thick -er,train,train,train,train,"[1, 10, 29, 7, 59, 54, 9, 2, 0, 0, 0, 0, 0, 0, 0, 0, 0, 0]",handle
12266,user_1740,It has no handle.,3HMIGG0U4NZP4JRI8YZGB6O9FTQ8Y5,36.0,e363fa24c824d20ca363b55cbd344baa,mug,ShapeNet,9fc96d41ec7a66a6a159545213d74ea,mug,ShapeNet,False,mug/ShapeNet/9fc96d41ec7a66a6a159545213d74ea,mug/ShapeNet/e363fa24c824d20ca363b55cbd344baa,True,mug,mug,0,"['it', 'has', 'no', 'handle']",4,it has no handle,train,train,train,train,"[1, 23, 24, 123, 29, 2, 0, 0, 0, 0, 0, 0, 0, 0, 0, 0, 0, 0]",handle
12267,user_1461,Has a larger handle,37Q970SNZG1AXXVOA7YCEAD0K2RS1U,23.0,d38295b8d83e8cdec712af445786fe,mug,ShapeNet,b7e705de46ebdcc14af54ba5738cb1c5,mug,ShapeNet,False,mug/ShapeNet/b7e705de46ebdcc14af54ba5738cb1c5,mug/ShapeNet/d38295b8d83e8cdec712af445786fe,False,mug,mug,0,"['has', 'a', 'large', '-er', 'handle']",5,has a large -er handle,train,train,train,train,"[1, 24, 26, 94, 9, 29, 2, 0, 0, 0, 0, 0, 0, 0, 0, 0, 0, 0]",handle
12268,user_1886,It has a taller body size,3IO1LGZLKBQNLZHC2F4OSF4GGK586F,65.0,d38295b8d83e8cdec712af445786fe,mug,ShapeNet,b7e705de46ebdcc14af54ba5738cb1c5,mug,ShapeNet,False,mug/ShapeNet/b7e705de46ebdcc14af54ba5738cb1c5,mug/ShapeNet/d38295b8d83e8cdec712af445786fe,False,mug,mug,0,"['it', 'has', 'a', 'tall', '-er', 'body', 'size']",7,it has a tall -er body size,train,train,train,train,"[1, 23, 24, 26, 53, 9, 45, 377, 2, 0, 0, 0, 0, 0, 0, 0, 0, 0]",body
12269,user_1416,It has a thicker handle.,3Q8GYXHFERVTEY7BE8AO2VMZAGFC59,50.0,f7d776fd68b126f23b67070c4a034f08,mug,ShapeNet,ff1a44e1c1785d618bca309f2c51966a,mug,ShapeNet,False,mug/ShapeNet/ff1a44e1c1785d618bca309f2c51966a,mug/ShapeNet/f7d776fd68b126f23b67070c4a034f08,True,mug,mug,0,"['it', 'has', 'a', 'thick', '-er', 'handle']",6,it has a thick -er handle,train,train,train,train,"[1, 23, 24, 26, 54, 9, 29, 2, 0, 0, 0, 0, 0, 0, 0, 0, 0, 0]",handle
12273,user_1105,the handle is square,3VE8AYVF8OQJ4SAN387SMLHT9I0F8F,64.0,9961ccbafd59cb03fe36eb2ab5fa00e0,mug,ShapeNet,bcb6be8f0ff4a51872e526c4f21dfca4,mug,ShapeNet,False,mug/ShapeNet/bcb6be8f0ff4a51872e526c4f21dfca4,mug/ShapeNet/9961ccbafd59cb03fe36eb2ab5fa00e0,True,mug,mug,0,"['the', 'handle', 'is', 'square']",4,the handle is square,train,train,train,train,"[1, 10, 29, 7, 50, 2, 0, 0, 0, 0, 0, 0, 0, 0, 0, 0, 0, 0]",handle
12274,user_1886,It has a square handle,34X6J5FLPVR5FYWF8SFDNAULWWAJQ6,94.0,9961ccbafd59cb03fe36eb2ab5fa00e0,mug,ShapeNet,bcb6be8f0ff4a51872e526c4f21dfca4,mug,ShapeNet,False,mug/ShapeNet/bcb6be8f0ff4a51872e526c4f21dfca4,mug/ShapeNet/9961ccbafd59cb03fe36eb2ab5fa00e0,True,mug,mug,0,"['it', 'has', 'a', 'square', 'handle']",5,it has a square handle,train,train,train,train,"[1, 23, 24, 26, 50, 29, 2, 0, 0, 0, 0, 0, 0, 0, 0, 0, 0, 0]",handle
12276,user_1886,It has a long handle,3MAOD8E57S3L7LOC942XAP7V2IWXND,41.0,d309d5f8038df4121198791a5b8655c,mug,ShapeNet,6e884701bfddd1f71e1138649f4c219,mug,ShapeNet,False,mug/ShapeNet/6e884701bfddd1f71e1138649f4c219,mug/ShapeNet/d309d5f8038df4121198791a5b8655c,False,mug,mug,0,"['it', 'has', 'a', 'long', 'handle']",5,it has a long handle,train,train,train,train,"[1, 23, 24, 26, 32, 29, 2, 0, 0, 0, 0, 0, 0, 0, 0, 0, 0, 0]",handle
12278,user_1416,It has a flared handle.,3VHP9MDGRPDLGV00KKNXO7DCZATCFS,48.0,a637500654ca8d16c97cfc3e8a6b1d16,mug,ShapeNet,6aec84952a5ffcf33f60d03e1cb068dc,mug,ShapeNet,False,mug/ShapeNet/6aec84952a5ffcf33f60d03e1cb068dc,mug/ShapeNet/a637500654ca8d16c97cfc3e8a6b1d16,False,mug,mug,0,"['it', 'has', 'a', 'flared', 'handle']",5,it has a flared handle,train,train,train,train,"[1, 23, 24, 26, 569, 29, 2, 0, 0, 0, 0, 0, 0, 0, 0, 0, 0, 0]",handle
12281,user_1461,Has a thicker handle,3TE22NPXPD58NBQW7OLWE54XI6V449,24.0,928a383f79698c3fb6d9bc28c8d8a2c4,mug,ShapeNet,71ca4fc9c8c29fa8d5abaf84513415a2,mug,ShapeNet,False,mug/ShapeNet/71ca4fc9c8c29fa8d5abaf84513415a2,mug/ShapeNet/928a383f79698c3fb6d9bc28c8d8a2c4,True,mug,mug,0,"['has', 'a', 'thick', '-er', 'handle']",5,has a thick -er handle,train,train,train,train,"[1, 24, 26, 54, 9, 29, 2, 0, 0, 0, 0, 0, 0, 0, 0, 0, 0, 0]",handle
12282,user_1886,It has a thicker handle,3FFJ6VRIL3HLWU7A9C0YW3O36DOI0W,37.0,928a383f79698c3fb6d9bc28c8d8a2c4,mug,ShapeNet,71ca4fc9c8c29fa8d5abaf84513415a2,mug,ShapeNet,False,mug/ShapeNet/71ca4fc9c8c29fa8d5abaf84513415a2,mug/ShapeNet/928a383f79698c3fb6d9bc28c8d8a2c4,True,mug,mug,0,"['it', 'has', 'a', 'thick', '-er', 'handle']",6,it has a thick -er handle,train,train,train,train,"[1, 23, 24, 26, 54, 9, 29, 2, 0, 0, 0, 0, 0, 0, 0, 0, 0, 0]",handle
12283,user_242,Handle is sharper and thicker,3K5TEWLKGX41PV8QC9ONHWET091IVO,63.0,b7e705de46ebdcc14af54ba5738cb1c5,mug,ShapeNet,b4ae56d6638d5338de671f28c83d2dcb,mug,ShapeNet,False,mug/ShapeNet/b4ae56d6638d5338de671f28c83d2dcb,mug/ShapeNet/b7e705de46ebdcc14af54ba5738cb1c5,True,mug,mug,0,"['handle', 'is', 'sharp', '-er', 'and', 'thick', '-er']",7,handle is sharp -er and thick -er,train,train,train,train,"[1, 29, 7, 206, 9, 47, 54, 9, 2, 0, 0, 0, 0, 0, 0, 0, 0, 0]",handle
12284,user_1894,The handle edges are not curved.,32AT8R96GN2Q6UMMCV8WPCIXV0VUS4,1405.0,b7e705de46ebdcc14af54ba5738cb1c5,mug,ShapeNet,b4ae56d6638d5338de671f28c83d2dcb,mug,ShapeNet,False,mug/ShapeNet/b4ae56d6638d5338de671f28c83d2dcb,mug/ShapeNet/b7e705de46ebdcc14af54ba5738cb1c5,True,mug,mug,0,"['the', 'handle', 'edges', 'are', 'not', 'curved']",6,the handle edges are not curved,train,train,train,train,"[1, 10, 29, 325, 16, 40, 51, 2, 0, 0, 0, 0, 0, 0, 0, 0, 0, 0]",handle
12285,user_789,Has more of a C handle.,3V26SBZTBF74T52ADA1C2XUFKWTZZK,46.0,a0c78f254b037f88933dc172307a6bb9,mug,ShapeNet,d38295b8d83e8cdec712af445786fe,mug,ShapeNet,False,mug/ShapeNet/d38295b8d83e8cdec712af445786fe,mug/ShapeNet/a0c78f254b037f88933dc172307a6bb9,True,mug,mug,0,"['has', 'more', 'of', 'a', 'c', 'handle']",6,has more of a c handle,train,train,train,train,"[1, 24, 34, 38, 26, 1682, 29, 2, 0, 0, 0, 0, 0, 0, 0, 0, 0, 0]",handle
12288,user_1886,It has a rectangular shaped body,3X4JMASXCO2B9MT4328HAGKQBN40B5,76.0,f99e19b8c4a729353deb88581ea8417a,mug,ShapeNet,5c48d471200d2bf16e8a121e6886e18d,mug,ShapeNet,False,mug/ShapeNet/5c48d471200d2bf16e8a121e6886e18d,mug/ShapeNet/f99e19b8c4a729353deb88581ea8417a,True,mug,mug,0,"['it', 'has', 'a', 'rectangular', 'shaped', 'body']",6,it has a rectangular shaped body,train,train,train,train,"[1, 23, 24, 26, 128, 14, 45, 2, 0, 0, 0, 0, 0, 0, 0, 0, 0, 0]",body
12289,user_242,the handle is much wider,3QAPZX2QN66HL9T8K9F69NHMHHS206,52.0,214dbcace712e49de195a69ef7c885a4,mug,ShapeNet,c82b9f1b98f044fc15cf6e5ad80f2da,mug,ShapeNet,False,mug/ShapeNet/c82b9f1b98f044fc15cf6e5ad80f2da,mug/ShapeNet/214dbcace712e49de195a69ef7c885a4,False,mug,mug,0,"['the', 'handle', 'is', 'much', 'wide', '-er']",6,the handle is much wide -er,train,train,train,train,"[1, 10, 29, 7, 59, 83, 9, 2, 0, 0, 0, 0, 0, 0, 0, 0, 0, 0]",handle
12291,user_242,handle is square,3XXU1SWE8OO6QCOCXO8LF50KT5P0AG,33.0,1eaf8db2dd2b710c7d5b1b70ae595e60,mug,ShapeNet,9d8c711750a73b06ad1d789f3b2120d0,mug,ShapeNet,False,mug/ShapeNet/9d8c711750a73b06ad1d789f3b2120d0,mug/ShapeNet/1eaf8db2dd2b710c7d5b1b70ae595e60,True,mug,mug,0,"['handle', 'is', 'square']",3,handle is square,train,train,train,train,"[1, 29, 7, 50, 2, 0, 0, 0, 0, 0, 0, 0, 0, 0, 0, 0, 0, 0]",handle
12292,user_1416,It has a 'D' handle.,3A9AA95ATYFC8NGFJDWUMVL69ZU5PG,55.0,1eaf8db2dd2b710c7d5b1b70ae595e60,mug,ShapeNet,9d8c711750a73b06ad1d789f3b2120d0,mug,ShapeNet,False,mug/ShapeNet/9d8c711750a73b06ad1d789f3b2120d0,mug/ShapeNet/1eaf8db2dd2b710c7d5b1b70ae595e60,True,mug,mug,0,"['it', 'has', 'a', 'd', 'handle']",5,it has a d handle,train,train,train,train,"[1, 23, 24, 26, 1683, 29, 2, 0, 0, 0, 0, 0, 0, 0, 0, 0, 0, 0]",handle
12294,user_1461,Has a smaller handle,3GS6S824SSQ6ILJMZZ6B86TOTGOWNH,43.0,4b8b10d03552e0891898dfa8eb8eefff,mug,ShapeNet,141f1db25095b16dcfb3760e4293e310,mug,ShapeNet,False,mug/ShapeNet/141f1db25095b16dcfb3760e4293e310,mug/ShapeNet/4b8b10d03552e0891898dfa8eb8eefff,True,mug,mug,0,"['has', 'a', 'small', '-er', 'handle']",5,has a small -er handle,train,train,train,train,"[1, 24, 26, 111, 9, 29, 2, 0, 0, 0, 0, 0, 0, 0, 0, 0, 0, 0]",handle
12297,user_242,the handle is shorter,3C5W7UE9CHJFP33CX3NXXAIVXTTXMM,52.0,c51b79493419eccdc1584fff35347dc6,mug,ShapeNet,1ae1ba5dfb2a085247df6165146d5bbd,mug,ShapeNet,False,mug/ShapeNet/1ae1ba5dfb2a085247df6165146d5bbd,mug/ShapeNet/c51b79493419eccdc1584fff35347dc6,True,mug,mug,0,"['the', 'handle', 'is', 'short', '-er']",5,the handle is short -er,train,train,train,train,"[1, 10, 29, 7, 8, 9, 2, 0, 0, 0, 0, 0, 0, 0, 0, 0, 0, 0]",handle
12301,user_422,Target mug has 'C' shaped handle,3CCZ6YKWR9CRG0082O0X05LR4U295D,101.0,387b695db51190d3be276203d0b1a33f,mug,ShapeNet,cf777e14ca2c7a19b4aad3cc5ce7ee8,mug,ShapeNet,False,mug/ShapeNet/cf777e14ca2c7a19b4aad3cc5ce7ee8,mug/ShapeNet/387b695db51190d3be276203d0b1a33f,False,mug,mug,0,"['target', 'mug', 'has', 'c', 'shaped', 'handle']",6,target mug has c shaped handle,test,train,test,train,"[1, 11, 1684, 24, 1682, 14, 29, 2, 0, 0, 0, 0, 0, 0, 0, 0, 0, 0]",handle
12302,user_1461,Has a C handle,3PMBY0YE29WCFL9NHYN5EBR1WBR9CO,21.0,387b695db51190d3be276203d0b1a33f,mug,ShapeNet,cf777e14ca2c7a19b4aad3cc5ce7ee8,mug,ShapeNet,False,mug/ShapeNet/cf777e14ca2c7a19b4aad3cc5ce7ee8,mug/ShapeNet/387b695db51190d3be276203d0b1a33f,False,mug,mug,0,"['has', 'a', 'c', 'handle']",4,has a c handle,test,train,test,train,"[1, 24, 26, 1682, 29, 2, 0, 0, 0, 0, 0, 0, 0, 0, 0, 0, 0, 0]",handle
12303,user_899,"The target mug has a thicker ""c"" shaped handle.",3RRCEFRB7O5S8AB5M3VJMJA3SZL4BQ,54.0,128ecbc10df5b05d96eaf1340564a4de,mug,ShapeNet,d75af64aa166c24eacbe2257d0988c9c,mug,ShapeNet,False,mug/ShapeNet/d75af64aa166c24eacbe2257d0988c9c,mug/ShapeNet/128ecbc10df5b05d96eaf1340564a4de,True,mug,mug,0,"['the', 'target', 'mug', 'has', 'a', 'thick', '-er', 'c', 'shaped', 'handle']",10,the target mug has a thick -er c shaped handle,train,train,train,train,"[1, 10, 11, 1684, 24, 26, 54, 9, 1682, 14, 29, 2, 0, 0, 0, 0, 0, 0]",handle
12304,user_1461,Has a larger handle,3D3VGR7TA28U6L9QIMCQCTN1WKK3R7,38.0,128ecbc10df5b05d96eaf1340564a4de,mug,ShapeNet,d75af64aa166c24eacbe2257d0988c9c,mug,ShapeNet,False,mug/ShapeNet/d75af64aa166c24eacbe2257d0988c9c,mug/ShapeNet/128ecbc10df5b05d96eaf1340564a4de,True,mug,mug,0,"['has', 'a', 'large', '-er', 'handle']",5,has a large -er handle,train,train,train,train,"[1, 24, 26, 94, 9, 29, 2, 0, 0, 0, 0, 0, 0, 0, 0, 0, 0, 0]",handle
12308,user_1461,Has an open body,37WLF8U1WRJ7G0JDB41RIKD7BJVK64,40.0,c2e411ed6061a25ef06800d5696e457f,mug,ShapeNet,b98fa11a567f644344b25d683fe71de,mug,ShapeNet,False,mug/ShapeNet/b98fa11a567f644344b25d683fe71de,mug/ShapeNet/c2e411ed6061a25ef06800d5696e457f,False,mug,mug,0,"['has', 'an', 'open', 'body']",4,has an open body,train,train,train,train,"[1, 24, 72, 312, 45, 2, 0, 0, 0, 0, 0, 0, 0, 0, 0, 0, 0, 0]",body
12309,user_1461,Has an open handle,3GM6G9ZBKPQ88MUSSTM087XPKWXTMP,21.0,1c9f9e25c654cbca3c71bf3f4dd78475,mug,ShapeNet,6c04c2eac973936523c841f9d5051936,mug,ShapeNet,False,mug/ShapeNet/6c04c2eac973936523c841f9d5051936,mug/ShapeNet/1c9f9e25c654cbca3c71bf3f4dd78475,True,mug,mug,0,"['has', 'an', 'open', 'handle']",4,has an open handle,val,train,val,train,"[1, 24, 72, 312, 29, 2, 0, 0, 0, 0, 0, 0, 0, 0, 0, 0, 0, 0]",handle
12310,user_1886,It has a open handle,3VFJCI1K41SV0XLED1JAVNCA0QWGR1,45.0,1c9f9e25c654cbca3c71bf3f4dd78475,mug,ShapeNet,6c04c2eac973936523c841f9d5051936,mug,ShapeNet,False,mug/ShapeNet/6c04c2eac973936523c841f9d5051936,mug/ShapeNet/1c9f9e25c654cbca3c71bf3f4dd78475,True,mug,mug,0,"['it', 'has', 'a', 'open', 'handle']",5,it has a open handle,val,train,val,train,"[1, 23, 24, 26, 312, 29, 2, 0, 0, 0, 0, 0, 0, 0, 0, 0, 0, 0]",handle
12316,user_1886,It has a narrower body,3QRYMNZ7F0AEQ4FS4U10LMMPPM4NTG,111.0,6dd59cc1130a426571215a0b56898e5e,mug,ShapeNet,f23a544c04e2f5ccb50d0c6a0c254040,mug,ShapeNet,False,mug/ShapeNet/f23a544c04e2f5ccb50d0c6a0c254040,mug/ShapeNet/6dd59cc1130a426571215a0b56898e5e,True,mug,mug,0,"['it', 'has', 'a', 'narrow', '-er', 'body']",6,it has a narrow -er body,train,train,train,train,"[1, 23, 24, 26, 210, 9, 45, 2, 0, 0, 0, 0, 0, 0, 0, 0, 0, 0]",body
12317,user_1461,Has a novelty handle,3DPNQGW4LN8M2YUAQCEBB3OBEX264X,25.0,275729fcdc9bf1488afafc80c93c27a9,mug,ShapeNet,6d2657c640e97c4dd4c0c1a5a5d9a6b8,mug,ShapeNet,False,mug/ShapeNet/6d2657c640e97c4dd4c0c1a5a5d9a6b8,mug/ShapeNet/275729fcdc9bf1488afafc80c93c27a9,False,mug,mug,0,"['has', 'a', 'novelty', 'handle']",4,has a novelty handle,train,train,train,train,"[1, 24, 26, 1685, 29, 2, 0, 0, 0, 0, 0, 0, 0, 0, 0, 0, 0, 0]",handle
12318,user_1964,there is a handle,3SNLUL3WO6G32HRWSMBVDQ4236MULP,28.0,275729fcdc9bf1488afafc80c93c27a9,mug,ShapeNet,6d2657c640e97c4dd4c0c1a5a5d9a6b8,mug,ShapeNet,False,mug/ShapeNet/6d2657c640e97c4dd4c0c1a5a5d9a6b8,mug/ShapeNet/275729fcdc9bf1488afafc80c93c27a9,False,mug,mug,0,"['there', 'is', 'a', 'handle']",4,there is a handle,train,train,train,train,"[1, 15, 7, 26, 29, 2, 0, 0, 0, 0, 0, 0, 0, 0, 0, 0, 0, 0]",handle
12319,user_242,handle is round,3FQ5JJ512NHFNLP5ALN8KVZT6ASKNO,23.0,1a1c0a8d4bad82169f0594e65f756cf5,mug,ShapeNet,e6dedae946ff5265a95fb60c110b25aa,mug,ShapeNet,False,mug/ShapeNet/e6dedae946ff5265a95fb60c110b25aa,mug/ShapeNet/1a1c0a8d4bad82169f0594e65f756cf5,False,mug,mug,0,"['handle', 'is', 'round']",3,handle is round,train,train,train,train,"[1, 29, 7, 134, 2, 0, 0, 0, 0, 0, 0, 0, 0, 0, 0, 0, 0, 0]",handle
12326,user_1461,Has a larger C handle,3MTMREQS4XBZY2PXQV16M09OU9UAWG,56.0,9961ccbafd59cb03fe36eb2ab5fa00e0,mug,ShapeNet,1eaf8db2dd2b710c7d5b1b70ae595e60,mug,ShapeNet,False,mug/ShapeNet/1eaf8db2dd2b710c7d5b1b70ae595e60,mug/ShapeNet/9961ccbafd59cb03fe36eb2ab5fa00e0,True,mug,mug,0,"['has', 'a', 'large', '-er', 'c', 'handle']",6,has a large -er c handle,train,train,train,train,"[1, 24, 26, 94, 9, 1682, 29, 2, 0, 0, 0, 0, 0, 0, 0, 0, 0, 0]",handle
12328,user_1886,It has a C shaped handle,3R5F3LQFV4DSU1O3B1QVMZNB0SVOZC,63.0,9880097f723c98a9bd8c6965c4665b41,mug,ShapeNet,1c9f9e25c654cbca3c71bf3f4dd78475,mug,ShapeNet,False,mug/ShapeNet/1c9f9e25c654cbca3c71bf3f4dd78475,mug/ShapeNet/9880097f723c98a9bd8c6965c4665b41,False,mug,mug,0,"['it', 'has', 'a', 'c', 'shaped', 'handle']",6,it has a c shaped handle,train,train,train,train,"[1, 23, 24, 26, 1682, 14, 29, 2, 0, 0, 0, 0, 0, 0, 0, 0, 0, 0]",handle
12329,user_1964,the handle is less noticable,3MMN5BL1W1X395WYDEG9QUTRQY43M4,33.0,e9bd4ee553eb35c1d5ccc40b510e4bd,mug,ShapeNet,8aed972ea2b4a9019c3814eae0b8d399,mug,ShapeNet,False,mug/ShapeNet/8aed972ea2b4a9019c3814eae0b8d399,mug/ShapeNet/e9bd4ee553eb35c1d5ccc40b510e4bd,True,mug,mug,0,"['the', 'handle', 'is', 'less', 'noticable']",5,the handle is less noticable,train,train,train,train,"[1, 10, 29, 7, 229, 1719, 2, 0, 0, 0, 0, 0, 0, 0, 0, 0, 0, 0]",handle
12330,user_2044,The handle is thinner,3VHHR074H5A146F0FEIK3YQIVV6L7V,70.0,e9bd4ee553eb35c1d5ccc40b510e4bd,mug,ShapeNet,8aed972ea2b4a9019c3814eae0b8d399,mug,ShapeNet,False,mug/ShapeNet/8aed972ea2b4a9019c3814eae0b8d399,mug/ShapeNet/e9bd4ee553eb35c1d5ccc40b510e4bd,True,mug,mug,0,"['the', 'handle', 'is', 'thin', '-er']",5,the handle is thin -er,train,train,train,train,"[1, 10, 29, 7, 60, 9, 2, 0, 0, 0, 0, 0, 0, 0, 0, 0, 0, 0]",handle
12331,user_242,Has a square body shape,3YZ8UPK3VVFAZDXQF9IWA7EF9W6CUN,75.0,4815b8a6406494662a96924bce6ef687,mug,ShapeNet,5c48d471200d2bf16e8a121e6886e18d,mug,ShapeNet,False,mug/ShapeNet/5c48d471200d2bf16e8a121e6886e18d,mug/ShapeNet/4815b8a6406494662a96924bce6ef687,False,mug,mug,0,"['has', 'a', 'square', 'body', 'shape']",5,has a square body shape,train,train,train,train,"[1, 24, 26, 50, 45, 93, 2, 0, 0, 0, 0, 0, 0, 0, 0, 0, 0, 0]",body
12335,user_242,Handle is squared,3ERET4BTVO2UYJLB9B432U491L79KA,64.0,1bc5d303ff4d6e7e1113901b72a68e7c,mug,ShapeNet,a0c78f254b037f88933dc172307a6bb9,mug,ShapeNet,False,mug/ShapeNet/a0c78f254b037f88933dc172307a6bb9,mug/ShapeNet/1bc5d303ff4d6e7e1113901b72a68e7c,False,mug,mug,0,"['handle', 'is', 'squared']",3,handle is squared,train,train,train,train,"[1, 29, 7, 427, 2, 0, 0, 0, 0, 0, 0, 0, 0, 0, 0, 0, 0, 0]",handle
12336,user_1964,the handle is not as rounded,3FE2ERCCZZ1YGXMXOSSTV1LXQUZOP4,46.0,1bc5d303ff4d6e7e1113901b72a68e7c,mug,ShapeNet,a0c78f254b037f88933dc172307a6bb9,mug,ShapeNet,False,mug/ShapeNet/a0c78f254b037f88933dc172307a6bb9,mug/ShapeNet/1bc5d303ff4d6e7e1113901b72a68e7c,False,mug,mug,0,"['the', 'handle', 'is', 'not', 'as', 'rounded']",6,the handle is not as rounded,train,train,train,train,"[1, 10, 29, 7, 40, 52, 48, 2, 0, 0, 0, 0, 0, 0, 0, 0, 0, 0]",handle
12339,user_242,Handle is flared,3WMINLGALDWQK4JS9415A62L2UGACD,67.0,3143a4accdc23349cac584186c95ce9b,mug,ShapeNet,48e260a614c0fd4434a8988fdcee4fde,mug,ShapeNet,False,mug/ShapeNet/48e260a614c0fd4434a8988fdcee4fde,mug/ShapeNet/3143a4accdc23349cac584186c95ce9b,True,mug,mug,0,"['handle', 'is', 'flared']",3,handle is flared,train,train,train,train,"[1, 29, 7, 569, 2, 0, 0, 0, 0, 0, 0, 0, 0, 0, 0, 0, 0, 0]",handle
12340,user_1894,It has a flared handle.,3JBT3HLQFAVAF104Q13ABZS1AY4ZPJ,1735.0,3143a4accdc23349cac584186c95ce9b,mug,ShapeNet,48e260a614c0fd4434a8988fdcee4fde,mug,ShapeNet,False,mug/ShapeNet/48e260a614c0fd4434a8988fdcee4fde,mug/ShapeNet/3143a4accdc23349cac584186c95ce9b,True,mug,mug,0,"['it', 'has', 'a', 'flared', 'handle']",5,it has a flared handle,train,train,train,train,"[1, 23, 24, 26, 569, 29, 2, 0, 0, 0, 0, 0, 0, 0, 0, 0, 0, 0]",handle
12341,user_640,The target has a square handle.,3JZQSN0I3S3YX7G5M6JGEYYRX17FGP,245.0,24b17537bce40695b3207096ecd79542,mug,ShapeNet,39361b14ba19303ee42cfae782879837,mug,ShapeNet,False,mug/ShapeNet/39361b14ba19303ee42cfae782879837,mug/ShapeNet/24b17537bce40695b3207096ecd79542,True,mug,mug,0,"['the', 'target', 'has', 'a', 'square', 'handle']",6,the target has a square handle,train,train,train,train,"[1, 10, 11, 24, 26, 50, 29, 2, 0, 0, 0, 0, 0, 0, 0, 0, 0, 0]",handle
12343,user_242,no handle,3E7TUJ2EGEFMKDF1HUIGYH9JHB6D9V,26.0,43f94ba24d2f075c4d32a65fb7bf4ebc,mug,ShapeNet,275729fcdc9bf1488afafc80c93c27a9,mug,ShapeNet,False,mug/ShapeNet/275729fcdc9bf1488afafc80c93c27a9,mug/ShapeNet/43f94ba24d2f075c4d32a65fb7bf4ebc,False,mug,mug,0,"['no', 'handle']",2,no handle,train,train,train,train,"[1, 123, 29, 2, 0, 0, 0, 0, 0, 0, 0, 0, 0, 0, 0, 0, 0, 0]",handle
12344,user_1135,The target mug has no handle.,358010RM5GMYFQXLBVOOK618OLPXVL,46.0,43f94ba24d2f075c4d32a65fb7bf4ebc,mug,ShapeNet,275729fcdc9bf1488afafc80c93c27a9,mug,ShapeNet,False,mug/ShapeNet/275729fcdc9bf1488afafc80c93c27a9,mug/ShapeNet/43f94ba24d2f075c4d32a65fb7bf4ebc,False,mug,mug,0,"['the', 'target', 'mug', 'has', 'no', 'handle']",6,the target mug has no handle,train,train,train,train,"[1, 10, 11, 1684, 24, 123, 29, 2, 0, 0, 0, 0, 0, 0, 0, 0, 0, 0]",handle
12348,user_1886,It has no handle,3C8HJ7UOP9N4UY3RYLBIUVY65SGMZV,73.0,8570d9a8d24cb0acbebd3c0c0c70fb03,mug,ShapeNet,b9004dcda66abf95b99d2a3bbaea842a,mug,ShapeNet,False,mug/ShapeNet/b9004dcda66abf95b99d2a3bbaea842a,mug/ShapeNet/8570d9a8d24cb0acbebd3c0c0c70fb03,True,mug,mug,0,"['it', 'has', 'no', 'handle']",4,it has no handle,train,train,train,train,"[1, 23, 24, 123, 29, 2, 0, 0, 0, 0, 0, 0, 0, 0, 0, 0, 0, 0]",handle
12349,user_242,Handle is shorter,3907X2AHF2YK9QXS1UUWOOIUPOZP2T,37.0,5c48d471200d2bf16e8a121e6886e18d,mug,ShapeNet,24651c3767aa5089e19f4cee87249aca,mug,ShapeNet,False,mug/ShapeNet/24651c3767aa5089e19f4cee87249aca,mug/ShapeNet/5c48d471200d2bf16e8a121e6886e18d,False,mug,mug,0,"['handle', 'is', 'short', '-er']",4,handle is short -er,train,train,train,train,"[1, 29, 7, 8, 9, 2, 0, 0, 0, 0, 0, 0, 0, 0, 0, 0, 0, 0]",handle
12351,user_1105,the handle is centered (vertically) on the mug,3WR9XG3T65456Y8F9MJ3HHO798L74W,52.0,b7841572364fd9ce1249ffc39a0c3c0b,mug,ShapeNet,85a2511c375b5b32f72755048bac3f96,mug,ShapeNet,False,mug/ShapeNet/85a2511c375b5b32f72755048bac3f96,mug/ShapeNet/b7841572364fd9ce1249ffc39a0c3c0b,False,mug,mug,0,"['the', 'handle', 'is', 'centered', 'vertically', 'on', 'the', 'mug']",8,the handle is centered vertically on the mug,train,train,train,train,"[1, 10, 29, 7, 1720, 385, 20, 10, 1684, 2, 0, 0, 0, 0, 0, 0, 0, 0]",handle
12352,user_1416,The handle is centered on the side.,38YMOXR4MWSYB0DU0IKU6V72YQ0W68,59.0,b7841572364fd9ce1249ffc39a0c3c0b,mug,ShapeNet,85a2511c375b5b32f72755048bac3f96,mug,ShapeNet,False,mug/ShapeNet/85a2511c375b5b32f72755048bac3f96,mug/ShapeNet/b7841572364fd9ce1249ffc39a0c3c0b,False,mug,mug,0,"['the', 'handle', 'is', 'centered', 'on', 'the', 'side']",7,the handle is centered on the side,train,train,train,train,"[1, 10, 29, 7, 1720, 20, 10, 22, 2, 0, 0, 0, 0, 0, 0, 0, 0, 0]",handle
12357,user_242,handle is round,3AZHRG4CU6D66RPRO9TBSXMENVS03F,22.0,b4ae56d6638d5338de671f28c83d2dcb,mug,ShapeNet,fad118b32085f3f2c2c72e575af174cd,mug,ShapeNet,False,mug/ShapeNet/fad118b32085f3f2c2c72e575af174cd,mug/ShapeNet/b4ae56d6638d5338de671f28c83d2dcb,True,mug,mug,0,"['handle', 'is', 'round']",3,handle is round,train,train,train,train,"[1, 29, 7, 134, 2, 0, 0, 0, 0, 0, 0, 0, 0, 0, 0, 0, 0, 0]",handle
12358,user_1886,It has a taller body,3HOSI13XH1HYN3SITANIKDS98WFDD6,45.0,b4ae56d6638d5338de671f28c83d2dcb,mug,ShapeNet,fad118b32085f3f2c2c72e575af174cd,mug,ShapeNet,False,mug/ShapeNet/fad118b32085f3f2c2c72e575af174cd,mug/ShapeNet/b4ae56d6638d5338de671f28c83d2dcb,True,mug,mug,0,"['it', 'has', 'a', 'tall', '-er', 'body']",6,it has a tall -er body,train,train,train,train,"[1, 23, 24, 26, 53, 9, 45, 2, 0, 0, 0, 0, 0, 0, 0, 0, 0, 0]",body
12361,user_986,small decorative handle,3E1QT0TDFR23EJCD4GDDPIULPB5I8O,58.0,c34718bd10e378186c6c61abcbd83e5a,mug,ShapeNet,a3cd44bbd3ba5b019a4cbf5d3b79df06,mug,ShapeNet,False,mug/ShapeNet/a3cd44bbd3ba5b019a4cbf5d3b79df06,mug/ShapeNet/c34718bd10e378186c6c61abcbd83e5a,True,mug,mug,0,"['small', 'decorative', 'handle']",3,small decorative handle,train,train,train,train,"[1, 111, 216, 29, 2, 0, 0, 0, 0, 0, 0, 0, 0, 0, 0, 0, 0, 0]",handle
12365,user_242,Handle is longer,3300DTYQT4AX4IANUR4MQUHTROFQET,54.0,5582a89be131867846ebf4f1147c3f0f,mug,ShapeNet,3d3e993f7baa4d7ef1ff24a8b1564a36,mug,ShapeNet,False,mug/ShapeNet/3d3e993f7baa4d7ef1ff24a8b1564a36,mug/ShapeNet/5582a89be131867846ebf4f1147c3f0f,False,mug,mug,0,"['handle', 'is', 'long', '-er']",4,handle is long -er,train,train,train,train,"[1, 29, 7, 32, 9, 2, 0, 0, 0, 0, 0, 0, 0, 0, 0, 0, 0, 0]",handle
12367,user_242,handle is shorter and thinner,3ZY8KE4ISLWE6TW9PHTWQY5FRJIVQ4,28.0,39361b14ba19303ee42cfae782879837,mug,ShapeNet,928a383f79698c3fb6d9bc28c8d8a2c4,mug,ShapeNet,False,mug/ShapeNet/928a383f79698c3fb6d9bc28c8d8a2c4,mug/ShapeNet/39361b14ba19303ee42cfae782879837,False,mug,mug,0,"['handle', 'is', 'short', '-er', 'and', 'thin', '-er']",7,handle is short -er and thin -er,train,train,train,train,"[1, 29, 7, 8, 9, 47, 60, 9, 2, 0, 0, 0, 0, 0, 0, 0, 0, 0]",handle
12368,user_1254,The handle is thinner,33IZTU6J83UINYGHH0JJ9JH1PHYSXE,66.0,39361b14ba19303ee42cfae782879837,mug,ShapeNet,928a383f79698c3fb6d9bc28c8d8a2c4,mug,ShapeNet,False,mug/ShapeNet/928a383f79698c3fb6d9bc28c8d8a2c4,mug/ShapeNet/39361b14ba19303ee42cfae782879837,False,mug,mug,0,"['the', 'handle', 'is', 'thin', '-er']",5,the handle is thin -er,train,train,train,train,"[1, 10, 29, 7, 60, 9, 2, 0, 0, 0, 0, 0, 0, 0, 0, 0, 0, 0]",handle
12372,user_1886,It has a smaller body,30JNVC0ORBD9OS1PKSCSBXE6J3VQHV,127.0,d75af64aa166c24eacbe2257d0988c9c,mug,ShapeNet,85d5e7be548357baee0fa456543b8166,mug,ShapeNet,False,mug/ShapeNet/85d5e7be548357baee0fa456543b8166,mug/ShapeNet/d75af64aa166c24eacbe2257d0988c9c,False,mug,mug,0,"['it', 'has', 'a', 'small', '-er', 'body']",6,it has a small -er body,train,train,train,train,"[1, 23, 24, 26, 111, 9, 45, 2, 0, 0, 0, 0, 0, 0, 0, 0, 0, 0]",body
12373,user_242,handle is more square,37U1UTWH9XFG7IFWU37M3AVCC7NR80,38.0,48e260a614c0fd4434a8988fdcee4fde,mug,ShapeNet,162201dfe14b73f0281365259d1cf342,mug,ShapeNet,False,mug/ShapeNet/162201dfe14b73f0281365259d1cf342,mug/ShapeNet/48e260a614c0fd4434a8988fdcee4fde,True,mug,mug,0,"['handle', 'is', 'more', 'square']",4,handle is more square,train,train,train,train,"[1, 29, 7, 34, 50, 2, 0, 0, 0, 0, 0, 0, 0, 0, 0, 0, 0, 0]",handle
12374,user_1894,The mug body is tapered.,39O5D9O87VLQ0JK70PMVNYOFWKU3CG,550.0,48e260a614c0fd4434a8988fdcee4fde,mug,ShapeNet,162201dfe14b73f0281365259d1cf342,mug,ShapeNet,False,mug/ShapeNet/162201dfe14b73f0281365259d1cf342,mug/ShapeNet/48e260a614c0fd4434a8988fdcee4fde,True,mug,mug,0,"['the', 'mug', 'body', 'is', 'tapered']",5,the mug body is tapered,train,train,train,train,"[1, 10, 1684, 45, 7, 352, 2, 0, 0, 0, 0, 0, 0, 0, 0, 0, 0, 0]",body
12375,user_1416,The handle is closer to the lip.,3LRLIPTPES2832VG1HI3YPFT73SAKT,140.0,1eaf8db2dd2b710c7d5b1b70ae595e60,mug,ShapeNet,c2e411ed6061a25ef06800d5696e457f,mug,ShapeNet,False,mug/ShapeNet/c2e411ed6061a25ef06800d5696e457f,mug/ShapeNet/1eaf8db2dd2b710c7d5b1b70ae595e60,True,mug,mug,0,"['the', 'handle', 'is', 'close', '-er', 'to', 'the', 'lip']",8,the handle is close -er to the lip,train,train,train,train,"[1, 10, 29, 7, 1025, 9, 58, 10, 125, 2, 0, 0, 0, 0, 0, 0, 0, 0]",handle
12376,user_1886,It has a D shaped handle,3BF51CHDTX3L0ZWQ3UIDWRNO6090HL,105.0,1eaf8db2dd2b710c7d5b1b70ae595e60,mug,ShapeNet,c2e411ed6061a25ef06800d5696e457f,mug,ShapeNet,False,mug/ShapeNet/c2e411ed6061a25ef06800d5696e457f,mug/ShapeNet/1eaf8db2dd2b710c7d5b1b70ae595e60,True,mug,mug,0,"['it', 'has', 'a', 'd', 'shaped', 'handle']",6,it has a d shaped handle,train,train,train,train,"[1, 23, 24, 26, 1683, 14, 29, 2, 0, 0, 0, 0, 0, 0, 0, 0, 0, 0]",handle
12380,user_986,flared handle,3BEFOD78W8MOR1F2DSLS0ZLX4YU4MK,56.0,f09e51579600cfbb88b651d2e4ea0846,mug,ShapeNet,2997f21fa426e18a6ab1a25d0e8f3590,mug,ShapeNet,False,mug/ShapeNet/2997f21fa426e18a6ab1a25d0e8f3590,mug/ShapeNet/f09e51579600cfbb88b651d2e4ea0846,False,mug,mug,0,"['flared', 'handle']",2,flared handle,train,train,train,train,"[1, 569, 29, 2, 0, 0, 0, 0, 0, 0, 0, 0, 0, 0, 0, 0, 0, 0]",handle
12381,user_456,The target has a c handle,3ZSY5X72NZ4JSA2C1KWI0WLCRB8ORF,71.0,127944b6dabee1c9e20e92c5b8147e4a,mug,ShapeNet,46ed9dad0440c043d33646b0990bb4a,mug,ShapeNet,False,mug/ShapeNet/46ed9dad0440c043d33646b0990bb4a,mug/ShapeNet/127944b6dabee1c9e20e92c5b8147e4a,False,mug,mug,0,"['the', 'target', 'has', 'a', 'c', 'handle']",6,the target has a c handle,train,train,train,train,"[1, 10, 11, 24, 26, 1682, 29, 2, 0, 0, 0, 0, 0, 0, 0, 0, 0, 0]",handle
12386,user_1461,Has a D handle,3R3YRB5GRHWM6Y0SVVM54COR9TEUAW,50.0,57f73714cbc425e44ae022a8f6e258a7,mug,ShapeNet,4f9f31db3c3873692a6f53dd95fd4468,mug,ShapeNet,False,mug/ShapeNet/4f9f31db3c3873692a6f53dd95fd4468,mug/ShapeNet/57f73714cbc425e44ae022a8f6e258a7,True,mug,mug,0,"['has', 'a', 'd', 'handle']",4,has a d handle,train,train,train,train,"[1, 24, 26, 1683, 29, 2, 0, 0, 0, 0, 0, 0, 0, 0, 0, 0, 0, 0]",handle
12387,user_242,handle is rounder,3EG49X351W5D00IKANGG8EL97TJX6H,37.0,62684ad0321b35189a3501eead248b52,mug,ShapeNet,83b41d719ea5af3f4dcd1df0d0a62a93,mug,ShapeNet,False,mug/ShapeNet/83b41d719ea5af3f4dcd1df0d0a62a93,mug/ShapeNet/62684ad0321b35189a3501eead248b52,False,mug,mug,0,"['handle', 'is', 'round', '-er']",4,handle is round -er,test,train,test,train,"[1, 29, 7, 134, 9, 2, 0, 0, 0, 0, 0, 0, 0, 0, 0, 0, 0, 0]",handle
12389,user_242,handle is longer,3WRFBPLXRCH9RNHYPFV939IRVO2N3C,46.0,c6b24bf0a011b100d536be1f5e11c560,mug,ShapeNet,83b41d719ea5af3f4dcd1df0d0a62a93,mug,ShapeNet,False,mug/ShapeNet/83b41d719ea5af3f4dcd1df0d0a62a93,mug/ShapeNet/c6b24bf0a011b100d536be1f5e11c560,True,mug,mug,0,"['handle', 'is', 'long', '-er']",4,handle is long -er,test,train,test,train,"[1, 29, 7, 32, 9, 2, 0, 0, 0, 0, 0, 0, 0, 0, 0, 0, 0, 0]",handle
12390,user_1964,the bottom is the same width as the body,3K772S5NPA4KRPBKB1HSHGPS01JEHL,64.0,c6b24bf0a011b100d536be1f5e11c560,mug,ShapeNet,83b41d719ea5af3f4dcd1df0d0a62a93,mug,ShapeNet,False,mug/ShapeNet/83b41d719ea5af3f4dcd1df0d0a62a93,mug/ShapeNet/c6b24bf0a011b100d536be1f5e11c560,True,mug,mug,0,"['the', 'bottom', 'is', 'the', 'same', 'width', 'as', 'the', 'body']",9,the bottom is the same width as the body,test,train,test,train,"[1, 10, 76, 7, 10, 300, 358, 52, 10, 45, 2, 0, 0, 0, 0, 0, 0, 0]",body
12391,user_1416,It has a much thicker handle.,32Q90QCQ1UEBTFCSHMKPU85KSIMEKO,306.0,a6d9f9ae39728831808951ff5fb582ac,mug,ShapeNet,1c3fccb84f1eeb97a3d0a41d6c77ec7c,mug,ShapeNet,False,mug/ShapeNet/1c3fccb84f1eeb97a3d0a41d6c77ec7c,mug/ShapeNet/a6d9f9ae39728831808951ff5fb582ac,True,mug,mug,0,"['it', 'has', 'a', 'much', 'thick', '-er', 'handle']",7,it has a much thick -er handle,train,train,train,train,"[1, 23, 24, 26, 59, 54, 9, 29, 2, 0, 0, 0, 0, 0, 0, 0, 0, 0]",handle
12392,user_1461,Has a larger handle,3FTF2T8WLTBLTJFSYPN6Q5Y4OR9W9K,32.0,a6d9f9ae39728831808951ff5fb582ac,mug,ShapeNet,1c3fccb84f1eeb97a3d0a41d6c77ec7c,mug,ShapeNet,False,mug/ShapeNet/1c3fccb84f1eeb97a3d0a41d6c77ec7c,mug/ShapeNet/a6d9f9ae39728831808951ff5fb582ac,True,mug,mug,0,"['has', 'a', 'large', '-er', 'handle']",5,has a large -er handle,train,train,train,train,"[1, 24, 26, 94, 9, 29, 2, 0, 0, 0, 0, 0, 0, 0, 0, 0, 0, 0]",handle
12395,user_899,The target handle is more round.,3BC8WZX3V5PMPNUSTCDMURQH2Z7RR8,42.0,2997f21fa426e18a6ab1a25d0e8f3590,mug,ShapeNet,61c10dccfa8e508e2d66cbf6a91063,mug,ShapeNet,False,mug/ShapeNet/61c10dccfa8e508e2d66cbf6a91063,mug/ShapeNet/2997f21fa426e18a6ab1a25d0e8f3590,True,mug,mug,0,"['the', 'target', 'handle', 'is', 'more', 'round']",6,the target handle is more round,train,train,train,train,"[1, 10, 11, 29, 7, 34, 134, 2, 0, 0, 0, 0, 0, 0, 0, 0, 0, 0]",handle
12398,user_1894,The cup body is squared.,3BQU611VFRDAHN2K5EDECLQTQRX99I,1613.0,cc5b14ef71e87e9165ba97214ebde03,mug,ShapeNet,6faf1f04bde838e477f883dde7397db2,mug,ShapeNet,False,mug/ShapeNet/6faf1f04bde838e477f883dde7397db2,mug/ShapeNet/cc5b14ef71e87e9165ba97214ebde03,False,mug,mug,0,"['the', 'cup', 'body', 'is', 'squared']",5,the cup body is squared,train,train,train,train,"[1, 10, 870, 45, 7, 427, 2, 0, 0, 0, 0, 0, 0, 0, 0, 0, 0, 0]",body
12401,user_242,Handle is not flared,3TK8OJTYM3ET6HVUP4E7QTF5MNVPV6,87.0,48e260a614c0fd4434a8988fdcee4fde,mug,ShapeNet,403fb4eb4fc6235adf0c7dbe7f8f4c8e,mug,ShapeNet,False,mug/ShapeNet/403fb4eb4fc6235adf0c7dbe7f8f4c8e,mug/ShapeNet/48e260a614c0fd4434a8988fdcee4fde,True,mug,mug,0,"['handle', 'is', 'not', 'flared']",4,handle is not flared,val,train,val,train,"[1, 29, 7, 40, 569, 2, 0, 0, 0, 0, 0, 0, 0, 0, 0, 0, 0, 0]",handle
12402,user_505,Target has a more symmetrical handle,3OUYGIZWR9RDDGUEM7QI50PFSSS0P1,50.0,48e260a614c0fd4434a8988fdcee4fde,mug,ShapeNet,403fb4eb4fc6235adf0c7dbe7f8f4c8e,mug,ShapeNet,True,mug/ShapeNet/403fb4eb4fc6235adf0c7dbe7f8f4c8e,mug/ShapeNet/48e260a614c0fd4434a8988fdcee4fde,True,mug,mug,0,"['target', 'has', 'a', 'more', 'symmetrical', 'handle']",6,target has a more symmetrical handle,val,train,val,train,"[1, 11, 24, 26, 34, 489, 29, 2, 0, 0, 0, 0, 0, 0, 0, 0, 0, 0]",handle
12404,user_1461,Has an edgy handle,3VBEN272MMS71CLRSQJFLXH6MR8SGS,44.0,67b9abb424cf22a22d7082a28b056a5,mug,ShapeNet,b88bcf33f25c6cb15b4f129f868dedb,mug,ShapeNet,False,mug/ShapeNet/b88bcf33f25c6cb15b4f129f868dedb,mug/ShapeNet/67b9abb424cf22a22d7082a28b056a5,False,mug,mug,0,"['has', 'an', 'edgy', 'handle']",4,has an edgy handle,val,train,val,train,"[1, 24, 72, 1681, 29, 2, 0, 0, 0, 0, 0, 0, 0, 0, 0, 0, 0, 0]",handle
12405,user_242,handle is much thinner,3HFNH7HEMJ7VOW6E0MUAQX2544YGQ4,73.0,54f2d6a0b431839c99785666a0fe0255,mug,ShapeNet,92d6394732e6058d4bcbafcc905a9b98,mug,ShapeNet,False,mug/ShapeNet/92d6394732e6058d4bcbafcc905a9b98,mug/ShapeNet/54f2d6a0b431839c99785666a0fe0255,True,mug,mug,0,"['handle', 'is', 'much', 'thin', '-er']",5,handle is much thin -er,train,train,train,train,"[1, 29, 7, 59, 60, 9, 2, 0, 0, 0, 0, 0, 0, 0, 0, 0, 0, 0]",handle
12406,user_1601,The target mug has a much thinner handle.,3L6L49WXW2QQJUUWLT46JXABI2Q54F,211.0,54f2d6a0b431839c99785666a0fe0255,mug,ShapeNet,92d6394732e6058d4bcbafcc905a9b98,mug,ShapeNet,False,mug/ShapeNet/92d6394732e6058d4bcbafcc905a9b98,mug/ShapeNet/54f2d6a0b431839c99785666a0fe0255,True,mug,mug,0,"['the', 'target', 'mug', 'has', 'a', 'much', 'thin', '-er', 'handle']",9,the target mug has a much thin -er handle,train,train,train,train,"[1, 10, 11, 1684, 24, 26, 59, 60, 9, 29, 2, 0, 0, 0, 0, 0, 0, 0]",handle
12407,user_242,the handle is longer,3OCHAWUVGQDKZF39CRAHIXQR8OYXKH,36.0,586e67c53f181dc22adf8abaa25e0215,mug,ShapeNet,1f035aa5fc6da0983ecac81e09b15ea9,mug,ShapeNet,False,mug/ShapeNet/1f035aa5fc6da0983ecac81e09b15ea9,mug/ShapeNet/586e67c53f181dc22adf8abaa25e0215,True,mug,mug,0,"['the', 'handle', 'is', 'long', '-er']",5,the handle is long -er,test,train,test,train,"[1, 10, 29, 7, 32, 9, 2, 0, 0, 0, 0, 0, 0, 0, 0, 0, 0, 0]",handle
12408,user_1461,Has a larger handle,3OLF68YTNBUXNG3206R6ICNOZ60FAJ,28.0,586e67c53f181dc22adf8abaa25e0215,mug,ShapeNet,1f035aa5fc6da0983ecac81e09b15ea9,mug,ShapeNet,False,mug/ShapeNet/1f035aa5fc6da0983ecac81e09b15ea9,mug/ShapeNet/586e67c53f181dc22adf8abaa25e0215,True,mug,mug,0,"['has', 'a', 'large', '-er', 'handle']",5,has a large -er handle,test,train,test,train,"[1, 24, 26, 94, 9, 29, 2, 0, 0, 0, 0, 0, 0, 0, 0, 0, 0, 0]",handle
12417,user_1461,Has a curved handle,3QXNC7EIPKOSLTE75IULJAP0NMT90U,40.0,bcb6be8f0ff4a51872e526c4f21dfca4,mug,ShapeNet,3c0467f96e26b8c6a93445a1757adf6,mug,ShapeNet,False,mug/ShapeNet/3c0467f96e26b8c6a93445a1757adf6,mug/ShapeNet/bcb6be8f0ff4a51872e526c4f21dfca4,True,mug,mug,0,"['has', 'a', 'curved', 'handle']",4,has a curved handle,train,train,train,train,"[1, 24, 26, 51, 29, 2, 0, 0, 0, 0, 0, 0, 0, 0, 0, 0, 0, 0]",handle
12419,user_1461,Has a thinner handle,3EKVH9QME0XBKTU2WL31OU15B5W2DS,364.0,c82b9f1b98f044fc15cf6e5ad80f2da,mug,ShapeNet,4b7888feea81219ab5f4a9188bfa0ef6,mug,ShapeNet,False,mug/ShapeNet/4b7888feea81219ab5f4a9188bfa0ef6,mug/ShapeNet/c82b9f1b98f044fc15cf6e5ad80f2da,True,mug,mug,0,"['has', 'a', 'thin', '-er', 'handle']",5,has a thin -er handle,train,train,train,train,"[1, 24, 26, 60, 9, 29, 2, 0, 0, 0, 0, 0, 0, 0, 0, 0, 0, 0]",handle
12420,user_1964,the handle does not reach as close to the lip,3SBEHTYCWPWITP3VHKB7OVINIQ3YID,210.0,c82b9f1b98f044fc15cf6e5ad80f2da,mug,ShapeNet,4b7888feea81219ab5f4a9188bfa0ef6,mug,ShapeNet,False,mug/ShapeNet/4b7888feea81219ab5f4a9188bfa0ef6,mug/ShapeNet/c82b9f1b98f044fc15cf6e5ad80f2da,True,mug,mug,0,"['the', 'handle', 'does', 'not', 'reach', 'as', 'close', 'to', 'the', 'lip']",10,the handle does not reach as close to the lip,train,train,train,train,"[1, 10, 29, 39, 40, 1141, 52, 1025, 58, 10, 125, 2, 0, 0, 0, 0, 0, 0]",handle
12421,user_242,has one handle,3OLQQLKKNUIGIV6AZ1KDTT57DTREJU,55.0,cc5b14ef71e87e9165ba97214ebde03,mug,ShapeNet,6500ccc65e210b14d829190312080ea3,mug,ShapeNet,False,mug/ShapeNet/6500ccc65e210b14d829190312080ea3,mug/ShapeNet/cc5b14ef71e87e9165ba97214ebde03,False,mug,mug,0,"['has', 'one', 'handle']",3,has one handle,train,train,train,train,"[1, 24, 19, 29, 2, 0, 0, 0, 0, 0, 0, 0, 0, 0, 0, 0, 0, 0]",handle
12423,user_242,Has a squarish handle,3Y4W8Q93L1DKHKS4KVNCQZYG83RVDV,52.0,43e1cabc5dd2fa91fffc97a61124b1a9,mug,ShapeNet,e363fa24c824d20ca363b55cbd344baa,mug,ShapeNet,False,mug/ShapeNet/e363fa24c824d20ca363b55cbd344baa,mug/ShapeNet/43e1cabc5dd2fa91fffc97a61124b1a9,True,mug,mug,0,"['has', 'a', 'squarish', 'handle']",4,has a squarish handle,train,train,train,train,"[1, 24, 26, 510, 29, 2, 0, 0, 0, 0, 0, 0, 0, 0, 0, 0, 0, 0]",handle
12425,user_242,handle is round,3JPSL1DZ5US9B8GJYUAJQHWX1YZNAD,41.0,edaf960fb6afdadc4cebc4b5998de5d0,mug,ShapeNet,c6bc2c9770a59b5ddd195661813efe58,mug,ShapeNet,False,mug/ShapeNet/c6bc2c9770a59b5ddd195661813efe58,mug/ShapeNet/edaf960fb6afdadc4cebc4b5998de5d0,True,mug,mug,0,"['handle', 'is', 'round']",3,handle is round,train,train,train,train,"[1, 29, 7, 134, 2, 0, 0, 0, 0, 0, 0, 0, 0, 0, 0, 0, 0, 0]",handle
12428,user_1461,Has a novelty handle,3NXNZ5RS1CQ634ERQHFUYPZNV0Z97U,18.0,1038e4eac0e18dcce02ae6d2a21d494a,mug,ShapeNet,37f56901a07da69dac6b8e58caf61f95,mug,ShapeNet,False,mug/ShapeNet/37f56901a07da69dac6b8e58caf61f95,mug/ShapeNet/1038e4eac0e18dcce02ae6d2a21d494a,False,mug,mug,0,"['has', 'a', 'novelty', 'handle']",4,has a novelty handle,train,train,train,train,"[1, 24, 26, 1685, 29, 2, 0, 0, 0, 0, 0, 0, 0, 0, 0, 0, 0, 0]",handle
12431,user_242,handle is flared,3X87C8JFV84YE1F5VMORFBL8SFPSQX,63.0,3143a4accdc23349cac584186c95ce9b,mug,ShapeNet,1dd8290a154f4b1534a8988fdcee4fde,mug,ShapeNet,False,mug/ShapeNet/1dd8290a154f4b1534a8988fdcee4fde,mug/ShapeNet/3143a4accdc23349cac584186c95ce9b,True,mug,mug,0,"['handle', 'is', 'flared']",3,handle is flared,train,train,train,train,"[1, 29, 7, 569, 2, 0, 0, 0, 0, 0, 0, 0, 0, 0, 0, 0, 0, 0]",handle
12432,user_1894,The handle is thinner.,3QAVNHZ3EOXJN8DYMHU4DPS8W3WALV,1642.0,3143a4accdc23349cac584186c95ce9b,mug,ShapeNet,1dd8290a154f4b1534a8988fdcee4fde,mug,ShapeNet,False,mug/ShapeNet/1dd8290a154f4b1534a8988fdcee4fde,mug/ShapeNet/3143a4accdc23349cac584186c95ce9b,True,mug,mug,0,"['the', 'handle', 'is', 'thin', '-er']",5,the handle is thin -er,train,train,train,train,"[1, 10, 29, 7, 60, 9, 2, 0, 0, 0, 0, 0, 0, 0, 0, 0, 0, 0]",handle
12434,user_1886,It has double handles,3HYA4D452TC8ID8YNRYRCU4QNI5F29,78.0,e984fd7e97c2be347eaeab1f0c9120b7,mug,ShapeNet,649a51c711dc7f3b32e150233fdd42e9,mug,ShapeNet,False,mug/ShapeNet/649a51c711dc7f3b32e150233fdd42e9,mug/ShapeNet/e984fd7e97c2be347eaeab1f0c9120b7,True,mug,mug,0,"['it', 'has', 'double', 'handles']",4,it has double handles,train,train,train,train,"[1, 23, 24, 527, 18, 2, 0, 0, 0, 0, 0, 0, 0, 0, 0, 0, 0, 0]",handle
12438,user_1894,The mug body is curved.,369J354OFF32EENULDGCKSLE43OG69,361.0,f09e51579600cfbb88b651d2e4ea0846,mug,ShapeNet,dfa8a3a0c8a552b62bc8a44b22fcb3b9,mug,ShapeNet,False,mug/ShapeNet/dfa8a3a0c8a552b62bc8a44b22fcb3b9,mug/ShapeNet/f09e51579600cfbb88b651d2e4ea0846,False,mug,mug,0,"['the', 'mug', 'body', 'is', 'curved']",5,the mug body is curved,train,train,train,train,"[1, 10, 1684, 45, 7, 51, 2, 0, 0, 0, 0, 0, 0, 0, 0, 0, 0, 0]",body
12440,user_1461,Has a flat handle,3R08VXYT7EOHF0RZJSPMC97YT1O7WM,32.0,1c9f9e25c654cbca3c71bf3f4dd78475,mug,ShapeNet,2997f21fa426e18a6ab1a25d0e8f3590,mug,ShapeNet,False,mug/ShapeNet/2997f21fa426e18a6ab1a25d0e8f3590,mug/ShapeNet/1c9f9e25c654cbca3c71bf3f4dd78475,True,mug,mug,0,"['has', 'a', 'flat', 'handle']",4,has a flat handle,train,train,train,train,"[1, 24, 26, 129, 29, 2, 0, 0, 0, 0, 0, 0, 0, 0, 0, 0, 0, 0]",handle
12441,user_242,handle is shorter,3N2BF7Y2VSNI3D3XSZ5BUOU193EMHM,41.0,c60f62684618cb52a4136492f17b9a59,mug,ShapeNet,7a8ea24474846c5c2f23d8349a133d2b,mug,ShapeNet,False,mug/ShapeNet/7a8ea24474846c5c2f23d8349a133d2b,mug/ShapeNet/c60f62684618cb52a4136492f17b9a59,True,mug,mug,0,"['handle', 'is', 'short', '-er']",4,handle is short -er,train,train,train,train,"[1, 29, 7, 8, 9, 2, 0, 0, 0, 0, 0, 0, 0, 0, 0, 0, 0, 0]",handle
12443,user_456,The target has a C handle.,3FTF2T8WLTBLTJFSYPN6Q5Y4OR1W9C,100.0,48e260a614c0fd4434a8988fdcee4fde,mug,ShapeNet,4815b8a6406494662a96924bce6ef687,mug,ShapeNet,False,mug/ShapeNet/4815b8a6406494662a96924bce6ef687,mug/ShapeNet/48e260a614c0fd4434a8988fdcee4fde,True,mug,mug,0,"['the', 'target', 'has', 'a', 'c', 'handle']",6,the target has a c handle,train,train,train,train,"[1, 10, 11, 24, 26, 1682, 29, 2, 0, 0, 0, 0, 0, 0, 0, 0, 0, 0]",handle
12444,user_1378,It has a C handle,3F6HPJW4JFTATZUTDG8RGIQQILUW2N,196.0,48e260a614c0fd4434a8988fdcee4fde,mug,ShapeNet,4815b8a6406494662a96924bce6ef687,mug,ShapeNet,False,mug/ShapeNet/4815b8a6406494662a96924bce6ef687,mug/ShapeNet/48e260a614c0fd4434a8988fdcee4fde,True,mug,mug,0,"['it', 'has', 'a', 'c', 'handle']",5,it has a c handle,train,train,train,train,"[1, 23, 24, 26, 1682, 29, 2, 0, 0, 0, 0, 0, 0, 0, 0, 0, 0, 0]",handle
12445,user_1461,Has a thinner handle,3MB8LZR5BHMPZLMKY87T73V41EHLKA,15.0,57f73714cbc425e44ae022a8f6e258a7,mug,ShapeNet,f42a9784d165ad2f5e723252788c3d6e,mug,ShapeNet,False,mug/ShapeNet/f42a9784d165ad2f5e723252788c3d6e,mug/ShapeNet/57f73714cbc425e44ae022a8f6e258a7,True,mug,mug,0,"['has', 'a', 'thin', '-er', 'handle']",5,has a thin -er handle,val,train,val,train,"[1, 24, 26, 60, 9, 29, 2, 0, 0, 0, 0, 0, 0, 0, 0, 0, 0, 0]",handle
12446,user_1886,It has a narrower body,3Q5ZZ9ZEVQ8R2VHYXWUJ09QGKOL85O,802.0,57f73714cbc425e44ae022a8f6e258a7,mug,ShapeNet,f42a9784d165ad2f5e723252788c3d6e,mug,ShapeNet,False,mug/ShapeNet/f42a9784d165ad2f5e723252788c3d6e,mug/ShapeNet/57f73714cbc425e44ae022a8f6e258a7,True,mug,mug,0,"['it', 'has', 'a', 'narrow', '-er', 'body']",6,it has a narrow -er body,val,train,val,train,"[1, 23, 24, 26, 210, 9, 45, 2, 0, 0, 0, 0, 0, 0, 0, 0, 0, 0]",body
12447,user_242,handle is flatter,33FOTY3KEOEUQG6SDL8CZ59IY0EC1V,81.0,ea127b5b9ba0696967699ff4ba91a25,mug,ShapeNet,9ff8400080c77feac2ad6fd1941624c3,mug,ShapeNet,False,mug/ShapeNet/9ff8400080c77feac2ad6fd1941624c3,mug/ShapeNet/ea127b5b9ba0696967699ff4ba91a25,True,mug,mug,0,"['handle', 'is', 'flat', '-er']",4,handle is flat -er,train,train,train,train,"[1, 29, 7, 129, 9, 2, 0, 0, 0, 0, 0, 0, 0, 0, 0, 0, 0, 0]",handle
12448,user_1274,The body of the mug is rounded,3TVRFO09GM8VJLLRXRMIXX36XNSLXV,144.0,ea127b5b9ba0696967699ff4ba91a25,mug,ShapeNet,9ff8400080c77feac2ad6fd1941624c3,mug,ShapeNet,False,mug/ShapeNet/9ff8400080c77feac2ad6fd1941624c3,mug/ShapeNet/ea127b5b9ba0696967699ff4ba91a25,True,mug,mug,0,"['the', 'body', 'of', 'the', 'mug', 'is', 'rounded']",7,the body of the mug is rounded,train,train,train,train,"[1, 10, 45, 38, 10, 1684, 7, 48, 2, 0, 0, 0, 0, 0, 0, 0, 0, 0]",body
12450,user_1894,It does not have a handle.,39LNWE0K4WP1CGJQ7JEILACAM2TUIC,930.0,85a2511c375b5b32f72755048bac3f96,mug,ShapeNet,9fc96d41ec7a66a6a159545213d74ea,mug,ShapeNet,False,mug/ShapeNet/9fc96d41ec7a66a6a159545213d74ea,mug/ShapeNet/85a2511c375b5b32f72755048bac3f96,False,mug,mug,0,"['it', 'does', 'not', 'have', 'a', 'handle']",6,it does not have a handle,train,train,train,train,"[1, 23, 39, 40, 84, 26, 29, 2, 0, 0, 0, 0, 0, 0, 0, 0, 0, 0]",handle
12451,user_456,The target has a rounded C handle.,3R2UR8A0IC93P6OOAJ2APE70SSTXOK,67.0,43f94ba24d2f075c4d32a65fb7bf4ebc,mug,ShapeNet,44f9c4e1ea3532b8d7b20fded0142d7a,mug,ShapeNet,False,mug/ShapeNet/44f9c4e1ea3532b8d7b20fded0142d7a,mug/ShapeNet/43f94ba24d2f075c4d32a65fb7bf4ebc,False,mug,mug,0,"['the', 'target', 'has', 'a', 'rounded', 'c', 'handle']",7,the target has a rounded c handle,train,train,train,train,"[1, 10, 11, 24, 26, 48, 1682, 29, 2, 0, 0, 0, 0, 0, 0, 0, 0, 0]",handle
12453,user_1886,It has a C shaped handle,34FNN24DCO26H18GA0SDZMEID3SY5W,56.0,a0c78f254b037f88933dc172307a6bb9,mug,ShapeNet,8f6c86feaa74698d5c91ee20ade72edc,mug,ShapeNet,False,mug/ShapeNet/8f6c86feaa74698d5c91ee20ade72edc,mug/ShapeNet/a0c78f254b037f88933dc172307a6bb9,True,mug,mug,0,"['it', 'has', 'a', 'c', 'shaped', 'handle']",6,it has a c shaped handle,test,train,test,train,"[1, 23, 24, 26, 1682, 14, 29, 2, 0, 0, 0, 0, 0, 0, 0, 0, 0, 0]",handle
12454,user_1894,The handle is smaller.,3DUZQ9U6SOHQJ9BMHLI1LYKG974SVR,1607.0,a0c78f254b037f88933dc172307a6bb9,mug,ShapeNet,8f6c86feaa74698d5c91ee20ade72edc,mug,ShapeNet,False,mug/ShapeNet/8f6c86feaa74698d5c91ee20ade72edc,mug/ShapeNet/a0c78f254b037f88933dc172307a6bb9,True,mug,mug,0,"['the', 'handle', 'is', 'small', '-er']",5,the handle is small -er,test,train,test,train,"[1, 10, 29, 7, 111, 9, 2, 0, 0, 0, 0, 0, 0, 0, 0, 0, 0, 0]",handle
12455,user_242,handle is squared,336YQZE83X76NKJ2RX425RRB4UJ5MK,75.0,513c3410e8354e5211c7f3807925346a,mug,ShapeNet,c0c130c04edabc657c2b66248f91b3d8,mug,ShapeNet,False,mug/ShapeNet/c0c130c04edabc657c2b66248f91b3d8,mug/ShapeNet/513c3410e8354e5211c7f3807925346a,False,mug,mug,0,"['handle', 'is', 'squared']",3,handle is squared,train,train,train,train,"[1, 29, 7, 427, 2, 0, 0, 0, 0, 0, 0, 0, 0, 0, 0, 0, 0, 0]",handle
12456,user_1886,It has a slightly larger body,3C8HJ7UOP9N4UY3RYLBIUVY65SNMZ2,60.0,513c3410e8354e5211c7f3807925346a,mug,ShapeNet,c0c130c04edabc657c2b66248f91b3d8,mug,ShapeNet,False,mug/ShapeNet/c0c130c04edabc657c2b66248f91b3d8,mug/ShapeNet/513c3410e8354e5211c7f3807925346a,False,mug,mug,0,"['it', 'has', 'a', 'slightly', 'large', '-er', 'body']",7,it has a slightly large -er body,train,train,train,train,"[1, 23, 24, 26, 174, 94, 9, 45, 2, 0, 0, 0, 0, 0, 0, 0, 0, 0]",body
12457,user_422,Target mug's handle is rounder in shape,3YDGXNSEO1N96CDYJRB9VHK2KSP48E,109.0,b4ae56d6638d5338de671f28c83d2dcb,mug,ShapeNet,d7ba704184d424dfd56d9106430c3fe,mug,ShapeNet,False,mug/ShapeNet/d7ba704184d424dfd56d9106430c3fe,mug/ShapeNet/b4ae56d6638d5338de671f28c83d2dcb,False,mug,mug,0,"['target', 'mug', ""'s"", 'handle', 'is', 'round', '-er', 'in', 'shape']",9,target mug 's handle is round -er in shape,test,train,test,train,"[1, 11, 1684, 12, 29, 7, 134, 9, 90, 93, 2, 0, 0, 0, 0, 0, 0, 0]",handle
12459,user_1461,Has a smaller handle,3X31TUMD7ZFNTK0YQY1B2OZ5S8KL1A,13.0,c34718bd10e378186c6c61abcbd83e5a,mug,ShapeNet,5582a89be131867846ebf4f1147c3f0f,mug,ShapeNet,False,mug/ShapeNet/5582a89be131867846ebf4f1147c3f0f,mug/ShapeNet/c34718bd10e378186c6c61abcbd83e5a,True,mug,mug,0,"['has', 'a', 'small', '-er', 'handle']",5,has a small -er handle,train,train,train,train,"[1, 24, 26, 111, 9, 29, 2, 0, 0, 0, 0, 0, 0, 0, 0, 0, 0, 0]",handle
12460,user_1886,It has a thinner handle,3X4JMASXCO2B9MT4328HAGKQBMU0BT,53.0,c34718bd10e378186c6c61abcbd83e5a,mug,ShapeNet,5582a89be131867846ebf4f1147c3f0f,mug,ShapeNet,False,mug/ShapeNet/5582a89be131867846ebf4f1147c3f0f,mug/ShapeNet/c34718bd10e378186c6c61abcbd83e5a,True,mug,mug,0,"['it', 'has', 'a', 'thin', '-er', 'handle']",6,it has a thin -er handle,train,train,train,train,"[1, 23, 24, 26, 60, 9, 29, 2, 0, 0, 0, 0, 0, 0, 0, 0, 0, 0]",handle
12463,user_242,handle is longer and thinner,3RYC5T2D75M1DAEDGK9XPWQ21HORPL,37.0,71ca4fc9c8c29fa8d5abaf84513415a2,mug,ShapeNet,37f56901a07da69dac6b8e58caf61f95,mug,ShapeNet,False,mug/ShapeNet/37f56901a07da69dac6b8e58caf61f95,mug/ShapeNet/71ca4fc9c8c29fa8d5abaf84513415a2,True,mug,mug,0,"['handle', 'is', 'long', '-er', 'and', 'thin', '-er']",7,handle is long -er and thin -er,train,train,train,train,"[1, 29, 7, 32, 9, 47, 60, 9, 2, 0, 0, 0, 0, 0, 0, 0, 0, 0]",handle
12464,user_920,The target's handles is thinner and taller.,3QAVNHZ3EOXJN8DYMHU4DPS8W2GLAO,51.0,71ca4fc9c8c29fa8d5abaf84513415a2,mug,ShapeNet,37f56901a07da69dac6b8e58caf61f95,mug,ShapeNet,False,mug/ShapeNet/37f56901a07da69dac6b8e58caf61f95,mug/ShapeNet/71ca4fc9c8c29fa8d5abaf84513415a2,True,mug,mug,0,"['the', 'target', ""'s"", 'handles', 'is', 'thin', '-er', 'and', 'tall', '-er']",10,the target 's handles is thin -er and tall -er,train,train,train,train,"[1, 10, 11, 12, 18, 7, 60, 9, 47, 53, 9, 2, 0, 0, 0, 0, 0, 0]",handle
12465,user_242,handle is longer,38YMOXR4MWSYB0DU0IKU6V72YRC6WW,53.0,9426e7aa67c83a4c3b51ab46b2f98f30,mug,ShapeNet,5d72df6bc7e93e6dd0cd466c08863ebd,mug,ShapeNet,False,mug/ShapeNet/5d72df6bc7e93e6dd0cd466c08863ebd,mug/ShapeNet/9426e7aa67c83a4c3b51ab46b2f98f30,False,mug,mug,0,"['handle', 'is', 'long', '-er']",4,handle is long -er,train,train,train,train,"[1, 29, 7, 32, 9, 2, 0, 0, 0, 0, 0, 0, 0, 0, 0, 0, 0, 0]",handle
12469,user_242,handle is thicker,3OWEPKL08B5RS6ILRRYZGQU70QRN7K,94.0,1eaf8db2dd2b710c7d5b1b70ae595e60,mug,ShapeNet,24651c3767aa5089e19f4cee87249aca,mug,ShapeNet,False,mug/ShapeNet/24651c3767aa5089e19f4cee87249aca,mug/ShapeNet/1eaf8db2dd2b710c7d5b1b70ae595e60,True,mug,mug,0,"['handle', 'is', 'thick', '-er']",4,handle is thick -er,train,train,train,train,"[1, 29, 7, 54, 9, 2, 0, 0, 0, 0, 0, 0, 0, 0, 0, 0, 0, 0]",handle
12471,user_242,handle is wider,3RWE2M8QWJ3DAVI16SDQ1BKKSCMN0L,39.0,a6d9f9ae39728831808951ff5fb582ac,mug,ShapeNet,68f4428c0b38ae0e2469963e6d044dfe,mug,ShapeNet,False,mug/ShapeNet/68f4428c0b38ae0e2469963e6d044dfe,mug/ShapeNet/a6d9f9ae39728831808951ff5fb582ac,True,mug,mug,0,"['handle', 'is', 'wide', '-er']",4,handle is wide -er,train,train,train,train,"[1, 29, 7, 83, 9, 2, 0, 0, 0, 0, 0, 0, 0, 0, 0, 0, 0, 0]",handle
12472,user_1894,The mug body is shorter.,3P4RDNWND7ZSY08WVKA4E83Z5M0IJ9,488.0,a6d9f9ae39728831808951ff5fb582ac,mug,ShapeNet,68f4428c0b38ae0e2469963e6d044dfe,mug,ShapeNet,False,mug/ShapeNet/68f4428c0b38ae0e2469963e6d044dfe,mug/ShapeNet/a6d9f9ae39728831808951ff5fb582ac,True,mug,mug,0,"['the', 'mug', 'body', 'is', 'short', '-er']",6,the mug body is short -er,train,train,train,train,"[1, 10, 1684, 45, 7, 8, 9, 2, 0, 0, 0, 0, 0, 0, 0, 0, 0, 0]",body
12473,user_242,handle is narrower,3TDXMTX3CDNGA5TPB1GF54YUJGEI61,64.0,2852b888abae54b0e3523e99fd841f4,mug,ShapeNet,f09e51579600cfbb88b651d2e4ea0846,mug,ShapeNet,False,mug/ShapeNet/f09e51579600cfbb88b651d2e4ea0846,mug/ShapeNet/2852b888abae54b0e3523e99fd841f4,True,mug,mug,0,"['handle', 'is', 'narrow', '-er']",4,handle is narrow -er,train,train,train,train,"[1, 29, 7, 210, 9, 2, 0, 0, 0, 0, 0, 0, 0, 0, 0, 0, 0, 0]",handle
12474,user_390,The handle is narrower,3K4J6M3CXGM31GZXBQXO0XN00LVGAE,77.0,2852b888abae54b0e3523e99fd841f4,mug,ShapeNet,f09e51579600cfbb88b651d2e4ea0846,mug,ShapeNet,False,mug/ShapeNet/f09e51579600cfbb88b651d2e4ea0846,mug/ShapeNet/2852b888abae54b0e3523e99fd841f4,True,mug,mug,0,"['the', 'handle', 'is', 'narrow', '-er']",5,the handle is narrow -er,train,train,train,train,"[1, 10, 29, 7, 210, 9, 2, 0, 0, 0, 0, 0, 0, 0, 0, 0, 0, 0]",handle
12477,user_1293,The target does not have a handle.,3GM6G9ZBKPQ88MUSSTM087XPKX9MTW,146.0,a8f7a0edd3edc3299e54b4084dc33544,mug,ShapeNet,5ef0c4f8c0884a24762241154bf230ce,mug,ShapeNet,False,mug/ShapeNet/5ef0c4f8c0884a24762241154bf230ce,mug/ShapeNet/a8f7a0edd3edc3299e54b4084dc33544,True,mug,mug,0,"['the', 'target', 'does', 'not', 'have', 'a', 'handle']",7,the target does not have a handle,val,train,val,train,"[1, 10, 11, 39, 40, 84, 26, 29, 2, 0, 0, 0, 0, 0, 0, 0, 0, 0]",handle
12478,user_1964,the mug is handleless,37FMASSAYEKMGHAK7SXNGKKMXHLBIB,43.0,a8f7a0edd3edc3299e54b4084dc33544,mug,ShapeNet,5ef0c4f8c0884a24762241154bf230ce,mug,ShapeNet,False,mug/ShapeNet/5ef0c4f8c0884a24762241154bf230ce,mug/ShapeNet/a8f7a0edd3edc3299e54b4084dc33544,True,mug,mug,0,"['the', 'mug', 'is', 'handleless']",4,the mug is handleless,val,train,val,train,"[1, 10, 1684, 7, 1706, 2, 0, 0, 0, 0, 0, 0, 0, 0, 0, 0, 0, 0]",handle
12480,user_2144,The target mug has a 3D face on its body.,3L2IS5HSFCBTQHUH4ZRAQI8R809UNC,62.0,43e1cabc5dd2fa91fffc97a61124b1a9,mug,ShapeNet,649a51c711dc7f3b32e150233fdd42e9,mug,ShapeNet,False,mug/ShapeNet/649a51c711dc7f3b32e150233fdd42e9,mug/ShapeNet/43e1cabc5dd2fa91fffc97a61124b1a9,False,mug,mug,0,"['the', 'target', 'mug', 'has', 'a', '3d', 'face', 'on', 'its', 'body']",10,the target mug has a 3d face on its body,train,train,train,train,"[1, 10, 11, 1684, 24, 26, 1723, 56, 20, 5, 45, 2, 0, 0, 0, 0, 0, 0]",body
12482,user_390,The handle is rounder.,3PB5A5BD0XZLIE1Z4NL4Q6LAZDPG7N,44.0,61c10dccfa8e508e2d66cbf6a91063,mug,ShapeNet,1305b9266d38eb4d9f818dd0aa1a251,mug,ShapeNet,False,mug/ShapeNet/1305b9266d38eb4d9f818dd0aa1a251,mug/ShapeNet/61c10dccfa8e508e2d66cbf6a91063,False,mug,mug,0,"['the', 'handle', 'is', 'round', '-er']",5,the handle is round -er,train,train,train,train,"[1, 10, 29, 7, 134, 9, 2, 0, 0, 0, 0, 0, 0, 0, 0, 0, 0, 0]",handle
12487,user_1416,It has an ornate novelty handle.,3RXPCZQMQR477SMXF74VPWUXWRU1GG,62.0,99eaa69cf6fe8811dec712af445786fe,mug,ShapeNet,62684ad0321b35189a3501eead248b52,mug,ShapeNet,False,mug/ShapeNet/62684ad0321b35189a3501eead248b52,mug/ShapeNet/99eaa69cf6fe8811dec712af445786fe,True,mug,mug,0,"['it', 'has', 'an', 'ornate', 'novelty', 'handle']",6,it has an ornate novelty handle,train,train,train,train,"[1, 23, 24, 72, 191, 1685, 29, 2, 0, 0, 0, 0, 0, 0, 0, 0, 0, 0]",handle
12488,user_1461,Has a novelty handle,3018Q3ZVOKJUQ68BR1R0Z1172UBRAQ,22.0,99eaa69cf6fe8811dec712af445786fe,mug,ShapeNet,62684ad0321b35189a3501eead248b52,mug,ShapeNet,False,mug/ShapeNet/62684ad0321b35189a3501eead248b52,mug/ShapeNet/99eaa69cf6fe8811dec712af445786fe,True,mug,mug,0,"['has', 'a', 'novelty', 'handle']",4,has a novelty handle,train,train,train,train,"[1, 24, 26, 1685, 29, 2, 0, 0, 0, 0, 0, 0, 0, 0, 0, 0, 0, 0]",handle
12491,user_456,The target has a long thin c shaped handle.,35BLDD71I8QNKLX0CDC9HRHJWLUVZN,50.0,9426e7aa67c83a4c3b51ab46b2f98f30,mug,ShapeNet,ca198dc3f7dc0cacec6338171298c66b,mug,ShapeNet,False,mug/ShapeNet/ca198dc3f7dc0cacec6338171298c66b,mug/ShapeNet/9426e7aa67c83a4c3b51ab46b2f98f30,False,mug,mug,0,"['the', 'target', 'has', 'a', 'long', 'thin', 'c', 'shaped', 'handle']",9,the target has a long thin c shaped handle,test,train,test,train,"[1, 10, 11, 24, 26, 32, 60, 1682, 14, 29, 2, 0, 0, 0, 0, 0, 0, 0]",handle
12496,user_1886,It has a longer handle,3JJVG1YBEDQA4TF508ETRBGHSVFB51,57.0,f09e51579600cfbb88b651d2e4ea0846,mug,ShapeNet,39361b14ba19303ee42cfae782879837,mug,ShapeNet,False,mug/ShapeNet/39361b14ba19303ee42cfae782879837,mug/ShapeNet/f09e51579600cfbb88b651d2e4ea0846,False,mug,mug,0,"['it', 'has', 'a', 'long', '-er', 'handle']",6,it has a long -er handle,train,train,train,train,"[1, 23, 24, 26, 32, 9, 29, 2, 0, 0, 0, 0, 0, 0, 0, 0, 0, 0]",handle
12497,user_242,handle is thicker,3GA6AFUKOQHHHRVNMH0WYPLV9CTH3X,42.0,43e1cabc5dd2fa91fffc97a61124b1a9,mug,ShapeNet,ca198dc3f7dc0cacec6338171298c66b,mug,ShapeNet,False,mug/ShapeNet/ca198dc3f7dc0cacec6338171298c66b,mug/ShapeNet/43e1cabc5dd2fa91fffc97a61124b1a9,True,mug,mug,0,"['handle', 'is', 'thick', '-er']",4,handle is thick -er,test,train,test,train,"[1, 29, 7, 54, 9, 2, 0, 0, 0, 0, 0, 0, 0, 0, 0, 0, 0, 0]",handle
12498,user_1964,the handle is slightly thicker,3RSDURM96CF6DK19L1LG3GKVQX7YEF,48.0,43e1cabc5dd2fa91fffc97a61124b1a9,mug,ShapeNet,ca198dc3f7dc0cacec6338171298c66b,mug,ShapeNet,False,mug/ShapeNet/ca198dc3f7dc0cacec6338171298c66b,mug/ShapeNet/43e1cabc5dd2fa91fffc97a61124b1a9,True,mug,mug,0,"['the', 'handle', 'is', 'slightly', 'thick', '-er']",6,the handle is slightly thick -er,test,train,test,train,"[1, 10, 29, 7, 174, 54, 9, 2, 0, 0, 0, 0, 0, 0, 0, 0, 0, 0]",handle
12500,user_1461,Has a larger handle,3YWRV122CUS8NA7DYX2R8LIWJ5J8UB,11.0,6c5ec193434326fd6fa82390eb12174f,mug,ShapeNet,d32cd77c6630b77de47c0353c18d58e,mug,ShapeNet,False,mug/ShapeNet/d32cd77c6630b77de47c0353c18d58e,mug/ShapeNet/6c5ec193434326fd6fa82390eb12174f,True,mug,mug,0,"['has', 'a', 'large', '-er', 'handle']",5,has a large -er handle,train,train,train,train,"[1, 24, 26, 94, 9, 29, 2, 0, 0, 0, 0, 0, 0, 0, 0, 0, 0, 0]",handle
12502,user_1886,It has a larger handle,3JPSL1DZ5US9B8GJYUAJQHWX1XLANK,47.0,c34718bd10e378186c6c61abcbd83e5a,mug,ShapeNet,54f2d6a0b431839c99785666a0fe0255,mug,ShapeNet,False,mug/ShapeNet/54f2d6a0b431839c99785666a0fe0255,mug/ShapeNet/c34718bd10e378186c6c61abcbd83e5a,True,mug,mug,0,"['it', 'has', 'a', 'large', '-er', 'handle']",6,it has a large -er handle,train,train,train,train,"[1, 23, 24, 26, 94, 9, 29, 2, 0, 0, 0, 0, 0, 0, 0, 0, 0, 0]",handle
12507,user_242,handle is shorter,3GA6AFUKOQHHHRVNMH0WYPLV9CXH31,41.0,f99e19b8c4a729353deb88581ea8417a,mug,ShapeNet,f09e51579600cfbb88b651d2e4ea0846,mug,ShapeNet,False,mug/ShapeNet/f09e51579600cfbb88b651d2e4ea0846,mug/ShapeNet/f99e19b8c4a729353deb88581ea8417a,False,mug,mug,0,"['handle', 'is', 'short', '-er']",4,handle is short -er,train,train,train,train,"[1, 29, 7, 8, 9, 2, 0, 0, 0, 0, 0, 0, 0, 0, 0, 0, 0, 0]",handle
12508,user_1964,the handle is elaborate,3A0EX8ZRNAH86HPPBAJQ28EAN1ZYBM,31.0,f99e19b8c4a729353deb88581ea8417a,mug,ShapeNet,f09e51579600cfbb88b651d2e4ea0846,mug,ShapeNet,False,mug/ShapeNet/f09e51579600cfbb88b651d2e4ea0846,mug/ShapeNet/f99e19b8c4a729353deb88581ea8417a,False,mug,mug,0,"['the', 'handle', 'is', 'elaborate']",4,the handle is elaborate,train,train,train,train,"[1, 10, 29, 7, 1057, 2, 0, 0, 0, 0, 0, 0, 0, 0, 0, 0, 0, 0]",handle
12509,user_242,handle is thinner,3JZQSN0I3S3YX7G5M6JGEYYRX2LFG5,33.0,b9f9f5b48ab1153626829c11d9aba173,mug,ShapeNet,3c0467f96e26b8c6a93445a1757adf6,mug,ShapeNet,False,mug/ShapeNet/3c0467f96e26b8c6a93445a1757adf6,mug/ShapeNet/b9f9f5b48ab1153626829c11d9aba173,False,mug,mug,0,"['handle', 'is', 'thin', '-er']",4,handle is thin -er,train,train,train,train,"[1, 29, 7, 60, 9, 2, 0, 0, 0, 0, 0, 0, 0, 0, 0, 0, 0, 0]",handle
12512,user_1461,Has a smaller handle,3R6BYFZZP959JTBVBGJK2KYM0RCXF8,24.0,128ecbc10df5b05d96eaf1340564a4de,mug,ShapeNet,8aed972ea2b4a9019c3814eae0b8d399,mug,ShapeNet,False,mug/ShapeNet/8aed972ea2b4a9019c3814eae0b8d399,mug/ShapeNet/128ecbc10df5b05d96eaf1340564a4de,False,mug,mug,0,"['has', 'a', 'small', '-er', 'handle']",5,has a small -er handle,train,train,train,train,"[1, 24, 26, 111, 9, 29, 2, 0, 0, 0, 0, 0, 0, 0, 0, 0, 0, 0]",handle
12513,user_789,Has a D handle.,3MD9PLUKKK7ACGORAMQI7AN6AILNZR,94.0,bf2b5e941b43d030138af902bc222a59,mug,ShapeNet,642eb7c42ebedabd223d193f5a188983,mug,ShapeNet,False,mug/ShapeNet/642eb7c42ebedabd223d193f5a188983,mug/ShapeNet/bf2b5e941b43d030138af902bc222a59,True,mug,mug,0,"['has', 'a', 'd', 'handle']",4,has a d handle,train,train,train,train,"[1, 24, 26, 1683, 29, 2, 0, 0, 0, 0, 0, 0, 0, 0, 0, 0, 0, 0]",handle
12515,user_1461,Has a shorter handle,3B3WTRP3DDVZH3HLK5YZ2YIFKKD297,30.0,ea33ad442b032208d778b73d04298f62,mug,ShapeNet,9961ccbafd59cb03fe36eb2ab5fa00e0,mug,ShapeNet,False,mug/ShapeNet/9961ccbafd59cb03fe36eb2ab5fa00e0,mug/ShapeNet/ea33ad442b032208d778b73d04298f62,True,mug,mug,0,"['has', 'a', 'short', '-er', 'handle']",5,has a short -er handle,train,train,train,train,"[1, 24, 26, 8, 9, 29, 2, 0, 0, 0, 0, 0, 0, 0, 0, 0, 0, 0]",handle
12516,user_1886,It has a smaller C shaped handle,323Q6SJS8K9CX3BG6C1YZYASC1NHFT,93.0,ea33ad442b032208d778b73d04298f62,mug,ShapeNet,9961ccbafd59cb03fe36eb2ab5fa00e0,mug,ShapeNet,False,mug/ShapeNet/9961ccbafd59cb03fe36eb2ab5fa00e0,mug/ShapeNet/ea33ad442b032208d778b73d04298f62,True,mug,mug,0,"['it', 'has', 'a', 'small', '-er', 'c', 'shaped', 'handle']",8,it has a small -er c shaped handle,train,train,train,train,"[1, 23, 24, 26, 111, 9, 1682, 14, 29, 2, 0, 0, 0, 0, 0, 0, 0, 0]",handle
12518,user_1461,Has a C handle,31Z0PCVWUM8PNJN5ONKBPP0ZP75T7H,41.0,48e260a614c0fd4434a8988fdcee4fde,mug,ShapeNet,187859d3c3a2fd23f54e1b6f41fdd78a,mug,ShapeNet,False,mug/ShapeNet/187859d3c3a2fd23f54e1b6f41fdd78a,mug/ShapeNet/48e260a614c0fd4434a8988fdcee4fde,True,mug,mug,0,"['has', 'a', 'c', 'handle']",4,has a c handle,train,train,train,train,"[1, 24, 26, 1682, 29, 2, 0, 0, 0, 0, 0, 0, 0, 0, 0, 0, 0, 0]",handle
12522,user_1886,It has a smaller bottom than the rest of the body,33L7PJKHCIRTNXSOYSCH3PWU0RC8TK,1371.0,9961ccbafd59cb03fe36eb2ab5fa00e0,mug,ShapeNet,6661c0b9b9b8450c4ee002d643e7b29e,mug,ShapeNet,False,mug/ShapeNet/6661c0b9b9b8450c4ee002d643e7b29e,mug/ShapeNet/9961ccbafd59cb03fe36eb2ab5fa00e0,False,mug,mug,0,"['it', 'has', 'a', 'small', '-er', 'bottom', 'than', 'the', 'rest', 'of', 'the', 'body']",12,it has a small -er bottom than the rest of the body,train,train,train,train,"[1, 23, 24, 26, 111, 9, 76, 131, 10, 1154, 38, 10, 45, 2, 0, 0, 0, 0]",body
12524,user_1461,Has a flared / C handle,3XUHV3NRVMRKV6IR00OPDMJFN7EH5F,23.0,f09e51579600cfbb88b651d2e4ea0846,mug,ShapeNet,d38295b8d83e8cdec712af445786fe,mug,ShapeNet,False,mug/ShapeNet/d38295b8d83e8cdec712af445786fe,mug/ShapeNet/f09e51579600cfbb88b651d2e4ea0846,False,mug,mug,0,"['has', 'a', 'flared', 'c', 'handle']",5,has a flared c handle,train,train,train,train,"[1, 24, 26, 569, 1682, 29, 2, 0, 0, 0, 0, 0, 0, 0, 0, 0, 0, 0]",handle
12525,user_1461,Has an unusual/novelty handle,3YGXWBAF72ABIF3B03REX3GLAJG4CQ,28.0,b4ae56d6638d5338de671f28c83d2dcb,mug,ShapeNet,b9f9f5b48ab1153626829c11d9aba173,mug,ShapeNet,False,mug/ShapeNet/b9f9f5b48ab1153626829c11d9aba173,mug/ShapeNet/b4ae56d6638d5338de671f28c83d2dcb,False,mug,mug,0,"['has', 'an', 'unusual', 'novelty', 'handle']",5,has an unusual novelty handle,train,train,train,train,"[1, 24, 72, 474, 1685, 29, 2, 0, 0, 0, 0, 0, 0, 0, 0, 0, 0, 0]",handle
12527,user_986,C shaped handle,3F0BG9B9MRGL45MZYT7AX6SE4AXY7N,50.0,68f4428c0b38ae0e2469963e6d044dfe,mug,ShapeNet,17952a204c0a9f526c69dceb67157a66,mug,ShapeNet,False,mug/ShapeNet/17952a204c0a9f526c69dceb67157a66,mug/ShapeNet/68f4428c0b38ae0e2469963e6d044dfe,False,mug,mug,0,"['c', 'shaped', 'handle']",3,c shaped handle,test,train,test,train,"[1, 1682, 14, 29, 2, 0, 0, 0, 0, 0, 0, 0, 0, 0, 0, 0, 0, 0]",handle
12528,user_1886,It has a thinner handle,3A1COHJ8NLO3IO1TYYVSP6T6PXH8HA,54.0,68f4428c0b38ae0e2469963e6d044dfe,mug,ShapeNet,17952a204c0a9f526c69dceb67157a66,mug,ShapeNet,False,mug/ShapeNet/17952a204c0a9f526c69dceb67157a66,mug/ShapeNet/68f4428c0b38ae0e2469963e6d044dfe,False,mug,mug,0,"['it', 'has', 'a', 'thin', '-er', 'handle']",6,it has a thin -er handle,test,train,test,train,"[1, 23, 24, 26, 60, 9, 29, 2, 0, 0, 0, 0, 0, 0, 0, 0, 0, 0]",handle
12529,user_1461,Has a handle,3DL65MZB8F8TAH04P93R6PSCN8ACE4,26.0,275729fcdc9bf1488afafc80c93c27a9,mug,ShapeNet,edaf960fb6afdadc4cebc4b5998de5d0,mug,ShapeNet,False,mug/ShapeNet/edaf960fb6afdadc4cebc4b5998de5d0,mug/ShapeNet/275729fcdc9bf1488afafc80c93c27a9,False,mug,mug,0,"['has', 'a', 'handle']",3,has a handle,train,train,train,train,"[1, 24, 26, 29, 2, 0, 0, 0, 0, 0, 0, 0, 0, 0, 0, 0, 0, 0]",handle
12531,user_242,handle is wider and thicker,3VFJCI1K41SV0XLED1JAVNCA0Q0RGG,65.0,9426e7aa67c83a4c3b51ab46b2f98f30,mug,ShapeNet,141f1db25095b16dcfb3760e4293e310,mug,ShapeNet,False,mug/ShapeNet/141f1db25095b16dcfb3760e4293e310,mug/ShapeNet/9426e7aa67c83a4c3b51ab46b2f98f30,False,mug,mug,0,"['handle', 'is', 'wide', '-er', 'and', 'thick', '-er']",7,handle is wide -er and thick -er,train,train,train,train,"[1, 29, 7, 83, 9, 47, 54, 9, 2, 0, 0, 0, 0, 0, 0, 0, 0, 0]",handle
12537,user_1416,The handle is not as thick.,3A1COHJ8NLO3IO1TYYVSP6T6PXDH8F,521.0,414772162ef70ec29109ad7f9c200d62,mug,ShapeNet,ea33ad442b032208d778b73d04298f62,mug,ShapeNet,False,mug/ShapeNet/ea33ad442b032208d778b73d04298f62,mug/ShapeNet/414772162ef70ec29109ad7f9c200d62,False,mug,mug,0,"['the', 'handle', 'is', 'not', 'as', 'thick']",6,the handle is not as thick,train,train,train,train,"[1, 10, 29, 7, 40, 52, 54, 2, 0, 0, 0, 0, 0, 0, 0, 0, 0, 0]",handle
12542,user_1964,the handle is square,326O153BMKR3F96IP5Y2QVAU89QEDC,46.0,a1d293f5cc20d01ad7f470ee20dce9e0,mug,ShapeNet,10f6e09036350e92b3f21f1137c3c347,mug,ShapeNet,False,mug/ShapeNet/10f6e09036350e92b3f21f1137c3c347,mug/ShapeNet/a1d293f5cc20d01ad7f470ee20dce9e0,False,mug,mug,0,"['the', 'handle', 'is', 'square']",4,the handle is square,train,train,train,train,"[1, 10, 29, 7, 50, 2, 0, 0, 0, 0, 0, 0, 0, 0, 0, 0, 0, 0]",handle
12543,user_1015,It has a handle,39JEC7537WUACSMQKZS16TGYN4HVCZ,1042.0,275729fcdc9bf1488afafc80c93c27a9,mug,ShapeNet,1eaf8db2dd2b710c7d5b1b70ae595e60,mug,ShapeNet,False,mug/ShapeNet/1eaf8db2dd2b710c7d5b1b70ae595e60,mug/ShapeNet/275729fcdc9bf1488afafc80c93c27a9,False,mug,mug,0,"['it', 'has', 'a', 'handle']",4,it has a handle,train,train,train,train,"[1, 23, 24, 26, 29, 2, 0, 0, 0, 0, 0, 0, 0, 0, 0, 0, 0, 0]",handle
12544,user_1886,It has a handle,39K0FND3AJ83TQVJMTVJD27XW79AMI,50.0,275729fcdc9bf1488afafc80c93c27a9,mug,ShapeNet,1eaf8db2dd2b710c7d5b1b70ae595e60,mug,ShapeNet,False,mug/ShapeNet/1eaf8db2dd2b710c7d5b1b70ae595e60,mug/ShapeNet/275729fcdc9bf1488afafc80c93c27a9,False,mug,mug,0,"['it', 'has', 'a', 'handle']",4,it has a handle,train,train,train,train,"[1, 23, 24, 26, 29, 2, 0, 0, 0, 0, 0, 0, 0, 0, 0, 0, 0, 0]",handle
12547,user_242,handle is round,3LS2AMNW5HJJG9NCO57IV6B7VQPQO1,25.0,9d8c711750a73b06ad1d789f3b2120d0,mug,ShapeNet,43e1cabc5dd2fa91fffc97a61124b1a9,mug,ShapeNet,False,mug/ShapeNet/43e1cabc5dd2fa91fffc97a61124b1a9,mug/ShapeNet/9d8c711750a73b06ad1d789f3b2120d0,True,mug,mug,0,"['handle', 'is', 'round']",3,handle is round,train,train,train,train,"[1, 29, 7, 134, 2, 0, 0, 0, 0, 0, 0, 0, 0, 0, 0, 0, 0, 0]",handle
12548,user_1602,It has a C handle.,3WLEIWSYHQASW9Z4IHMRFFG33Y32HH,52.0,9d8c711750a73b06ad1d789f3b2120d0,mug,ShapeNet,43e1cabc5dd2fa91fffc97a61124b1a9,mug,ShapeNet,False,mug/ShapeNet/43e1cabc5dd2fa91fffc97a61124b1a9,mug/ShapeNet/9d8c711750a73b06ad1d789f3b2120d0,True,mug,mug,0,"['it', 'has', 'a', 'c', 'handle']",5,it has a c handle,train,train,train,train,"[1, 23, 24, 26, 1682, 29, 2, 0, 0, 0, 0, 0, 0, 0, 0, 0, 0, 0]",handle
12549,user_242,handle is narrower and thinner,3JWH6J9I9U6EUILB48AFLSG3JGFNB3,101.0,b9f9f5b48ab1153626829c11d9aba173,mug,ShapeNet,4b7888feea81219ab5f4a9188bfa0ef6,mug,ShapeNet,False,mug/ShapeNet/4b7888feea81219ab5f4a9188bfa0ef6,mug/ShapeNet/b9f9f5b48ab1153626829c11d9aba173,False,mug,mug,0,"['handle', 'is', 'narrow', '-er', 'and', 'thin', '-er']",7,handle is narrow -er and thin -er,train,train,train,train,"[1, 29, 7, 210, 9, 47, 60, 9, 2, 0, 0, 0, 0, 0, 0, 0, 0, 0]",handle
12551,user_242,Handle is flared,3KYQYYSHYX0PR0J7JJ1YV748CBWDOF,40.0,3d1754b7cb46c0ce5c8081810641ef6,mug,ShapeNet,6aec84952a5ffcf33f60d03e1cb068dc,mug,ShapeNet,False,mug/ShapeNet/6aec84952a5ffcf33f60d03e1cb068dc,mug/ShapeNet/3d1754b7cb46c0ce5c8081810641ef6,True,mug,mug,0,"['handle', 'is', 'flared']",3,handle is flared,train,train,train,train,"[1, 29, 7, 569, 2, 0, 0, 0, 0, 0, 0, 0, 0, 0, 0, 0, 0, 0]",handle
12552,user_1461,Has a flat handle,3NG53N1RLXCVV5ZHHB3XYFVXBONP8S,30.0,3d1754b7cb46c0ce5c8081810641ef6,mug,ShapeNet,6aec84952a5ffcf33f60d03e1cb068dc,mug,ShapeNet,False,mug/ShapeNet/6aec84952a5ffcf33f60d03e1cb068dc,mug/ShapeNet/3d1754b7cb46c0ce5c8081810641ef6,True,mug,mug,0,"['has', 'a', 'flat', 'handle']",4,has a flat handle,train,train,train,train,"[1, 24, 26, 129, 29, 2, 0, 0, 0, 0, 0, 0, 0, 0, 0, 0, 0, 0]",handle
12558,user_1964,The handle is much larger,3LEP4MGT3IT586UYFEWCPN495CDBD9,37.0,c7f8d39c406fee941050b055aafa6fb8,mug,ShapeNet,c6bc2c9770a59b5ddd195661813efe58,mug,ShapeNet,False,mug/ShapeNet/c6bc2c9770a59b5ddd195661813efe58,mug/ShapeNet/c7f8d39c406fee941050b055aafa6fb8,False,mug,mug,0,"['the', 'handle', 'is', 'much', 'large', '-er']",6,the handle is much large -er,train,train,train,train,"[1, 10, 29, 7, 59, 94, 9, 2, 0, 0, 0, 0, 0, 0, 0, 0, 0, 0]",handle
12559,user_986,C shaped handle,3E337GFOLB1ALZTMKU2TM370ZTCNGP,60.0,b9f9f5b48ab1153626829c11d9aba173,mug,ShapeNet,a6d9f9ae39728831808951ff5fb582ac,mug,ShapeNet,False,mug/ShapeNet/a6d9f9ae39728831808951ff5fb582ac,mug/ShapeNet/b9f9f5b48ab1153626829c11d9aba173,False,mug,mug,0,"['c', 'shaped', 'handle']",3,c shaped handle,train,train,train,train,"[1, 1682, 14, 29, 2, 0, 0, 0, 0, 0, 0, 0, 0, 0, 0, 0, 0, 0]",handle
12560,user_1135,The target mug has a more flared handle.,35LDD5557CX95345YK887GAT1JYKM2,100.0,b9f9f5b48ab1153626829c11d9aba173,mug,ShapeNet,a6d9f9ae39728831808951ff5fb582ac,mug,ShapeNet,False,mug/ShapeNet/a6d9f9ae39728831808951ff5fb582ac,mug/ShapeNet/b9f9f5b48ab1153626829c11d9aba173,False,mug,mug,0,"['the', 'target', 'mug', 'has', 'a', 'more', 'flared', 'handle']",8,the target mug has a more flared handle,train,train,train,train,"[1, 10, 11, 1684, 24, 26, 34, 569, 29, 2, 0, 0, 0, 0, 0, 0, 0, 0]",handle
12565,user_1461,Has an unusual/novelty handle,3EFVCAY5L52Z9UWJMYYD1J9L2PK8JE,32.0,2852b888abae54b0e3523e99fd841f4,mug,ShapeNet,daee5cf285b8d210eeb8d422649e5f2b,mug,ShapeNet,False,mug/ShapeNet/daee5cf285b8d210eeb8d422649e5f2b,mug/ShapeNet/2852b888abae54b0e3523e99fd841f4,True,mug,mug,0,"['has', 'an', 'unusual', 'novelty', 'handle']",5,has an unusual novelty handle,train,train,train,train,"[1, 24, 72, 474, 1685, 29, 2, 0, 0, 0, 0, 0, 0, 0, 0, 0, 0, 0]",handle
12566,user_1886,The handle is not C -shaped,33IZTU6J83UINYGHH0JJ9JH1PHVXSG,230.0,2852b888abae54b0e3523e99fd841f4,mug,ShapeNet,daee5cf285b8d210eeb8d422649e5f2b,mug,ShapeNet,False,mug/ShapeNet/daee5cf285b8d210eeb8d422649e5f2b,mug/ShapeNet/2852b888abae54b0e3523e99fd841f4,True,mug,mug,0,"['the', 'handle', 'is', 'not', 'c', 'shaped']",6,the handle is not c shaped,train,train,train,train,"[1, 10, 29, 7, 40, 1682, 14, 2, 0, 0, 0, 0, 0, 0, 0, 0, 0, 0]",handle
12570,user_1461,Has a thinner handle,33M4IA01QIU6MJG42BJEJ9C53FNRXX,54.0,1a1c0a8d4bad82169f0594e65f756cf5,mug,ShapeNet,f42a9784d165ad2f5e723252788c3d6e,mug,ShapeNet,False,mug/ShapeNet/f42a9784d165ad2f5e723252788c3d6e,mug/ShapeNet/1a1c0a8d4bad82169f0594e65f756cf5,False,mug,mug,0,"['has', 'a', 'thin', '-er', 'handle']",5,has a thin -er handle,val,train,val,train,"[1, 24, 26, 60, 9, 29, 2, 0, 0, 0, 0, 0, 0, 0, 0, 0, 0, 0]",handle
12571,user_242,body is tapered in the middle,3M81GAB8A2CZXFY3K02WPMB8OR6BQI,47.0,e9bd4ee553eb35c1d5ccc40b510e4bd,mug,ShapeNet,1ea9ea99ac8ed233bf355ac8109b9988,mug,ShapeNet,False,mug/ShapeNet/1ea9ea99ac8ed233bf355ac8109b9988,mug/ShapeNet/e9bd4ee553eb35c1d5ccc40b510e4bd,False,mug,mug,0,"['body', 'is', 'tapered', 'in', 'the', 'middle']",6,body is tapered in the middle,test,train,test,train,"[1, 45, 7, 352, 90, 10, 232, 2, 0, 0, 0, 0, 0, 0, 0, 0, 0, 0]",body
12573,user_242,handle is wider and flatter,3NGI5ARFTVYDK5FWIQUIJ58PXJU1PZ,58.0,e984fd7e97c2be347eaeab1f0c9120b7,mug,ShapeNet,f1e439307b834015770a0ff1161fa15a,mug,ShapeNet,False,mug/ShapeNet/f1e439307b834015770a0ff1161fa15a,mug/ShapeNet/e984fd7e97c2be347eaeab1f0c9120b7,True,mug,mug,0,"['handle', 'is', 'wide', '-er', 'and', 'flat', '-er']",7,handle is wide -er and flat -er,train,train,train,train,"[1, 29, 7, 83, 9, 47, 129, 9, 2, 0, 0, 0, 0, 0, 0, 0, 0, 0]",handle
12581,user_242,Has no handle,30BUDKLTXFO8BWRPAZGJSJM2VST5EW,36.0,f1c5b9bb744afd96d6e1954365b10b52,mug,ShapeNet,e71102b6da1d63f3a363b55cbd344baa,mug,ShapeNet,False,mug/ShapeNet/e71102b6da1d63f3a363b55cbd344baa,mug/ShapeNet/f1c5b9bb744afd96d6e1954365b10b52,True,mug,mug,0,"['has', 'no', 'handle']",3,has no handle,train,train,train,train,"[1, 24, 123, 29, 2, 0, 0, 0, 0, 0, 0, 0, 0, 0, 0, 0, 0, 0]",handle
12582,user_1964,there is no handle,3DI28L7YXC79NEQ69CE7PT9LJCO1EA,44.0,f1c5b9bb744afd96d6e1954365b10b52,mug,ShapeNet,e71102b6da1d63f3a363b55cbd344baa,mug,ShapeNet,False,mug/ShapeNet/e71102b6da1d63f3a363b55cbd344baa,mug/ShapeNet/f1c5b9bb744afd96d6e1954365b10b52,True,mug,mug,0,"['there', 'is', 'no', 'handle']",4,there is no handle,train,train,train,train,"[1, 15, 7, 123, 29, 2, 0, 0, 0, 0, 0, 0, 0, 0, 0, 0, 0, 0]",handle
12586,user_1886,It has a shorter body,33FBRBDW6QSC1GQDC6HREFWQC6G8C7,44.0,8570d9a8d24cb0acbebd3c0c0c70fb03,mug,ShapeNet,6dd59cc1130a426571215a0b56898e5e,mug,ShapeNet,False,mug/ShapeNet/6dd59cc1130a426571215a0b56898e5e,mug/ShapeNet/8570d9a8d24cb0acbebd3c0c0c70fb03,True,mug,mug,0,"['it', 'has', 'a', 'short', '-er', 'body']",6,it has a short -er body,train,train,train,train,"[1, 23, 24, 26, 8, 9, 45, 2, 0, 0, 0, 0, 0, 0, 0, 0, 0, 0]",body
12587,user_242,Has a less fancy handle,37M28K1J0S6DSIPYJWIRXAFGSEOJAZ,72.0,85d5e7be548357baee0fa456543b8166,mug,ShapeNet,6661c0b9b9b8450c4ee002d643e7b29e,mug,ShapeNet,False,mug/ShapeNet/6661c0b9b9b8450c4ee002d643e7b29e,mug/ShapeNet/85d5e7be548357baee0fa456543b8166,True,mug,mug,0,"['has', 'a', 'less', 'fancy', 'handle']",5,has a less fancy handle,train,train,train,train,"[1, 24, 26, 229, 1158, 29, 2, 0, 0, 0, 0, 0, 0, 0, 0, 0, 0, 0]",handle
12589,user_242,handle is shorter,326O153BMKR3F96IP5Y2QVAU89UEDG,46.0,e9499e4a9f632725d6e865157050a80e,mug,ShapeNet,1ae1ba5dfb2a085247df6165146d5bbd,mug,ShapeNet,False,mug/ShapeNet/1ae1ba5dfb2a085247df6165146d5bbd,mug/ShapeNet/e9499e4a9f632725d6e865157050a80e,False,mug,mug,0,"['handle', 'is', 'short', '-er']",4,handle is short -er,train,train,train,train,"[1, 29, 7, 8, 9, 2, 0, 0, 0, 0, 0, 0, 0, 0, 0, 0, 0, 0]",handle
12593,user_1461,Has a smaller handle,3AZHRG4CU6D66RPRO9TBSXMENUN30B,17.0,9880097f723c98a9bd8c6965c4665b41,mug,ShapeNet,a637500654ca8d16c97cfc3e8a6b1d16,mug,ShapeNet,False,mug/ShapeNet/a637500654ca8d16c97cfc3e8a6b1d16,mug/ShapeNet/9880097f723c98a9bd8c6965c4665b41,False,mug,mug,0,"['has', 'a', 'small', '-er', 'handle']",5,has a small -er handle,train,train,train,train,"[1, 24, 26, 111, 9, 29, 2, 0, 0, 0, 0, 0, 0, 0, 0, 0, 0, 0]",handle
12594,user_1886,The bottom is smaller than the rest of the body,31IBVUNM9USHF460B1I2EZ11KGUVFT,60.0,9880097f723c98a9bd8c6965c4665b41,mug,ShapeNet,a637500654ca8d16c97cfc3e8a6b1d16,mug,ShapeNet,False,mug/ShapeNet/a637500654ca8d16c97cfc3e8a6b1d16,mug/ShapeNet/9880097f723c98a9bd8c6965c4665b41,False,mug,mug,0,"['the', 'bottom', 'is', 'small', '-er', 'than', 'the', 'rest', 'of', 'the', 'body']",11,the bottom is small -er than the rest of the body,train,train,train,train,"[1, 10, 76, 7, 111, 9, 131, 10, 1154, 38, 10, 45, 2, 0, 0, 0, 0, 0]",body
12595,user_1764,The handle is thin,3WT783CTPDAV3EOKFI115HMRKC5BCD,70.0,c82b9f1b98f044fc15cf6e5ad80f2da,mug,ShapeNet,bed29baf625ce9145b68309557f3a78c,mug,ShapeNet,False,mug/ShapeNet/bed29baf625ce9145b68309557f3a78c,mug/ShapeNet/c82b9f1b98f044fc15cf6e5ad80f2da,False,mug,mug,0,"['the', 'handle', 'is', 'thin']",4,the handle is thin,train,train,train,train,"[1, 10, 29, 7, 60, 2, 0, 0, 0, 0, 0, 0, 0, 0, 0, 0, 0, 0]",handle
12597,user_1416,The handle is much thinner.,3ZGVPD4G6VA87TTB7ICUG9TYZ0DZTA,82.0,b9f9f5b48ab1153626829c11d9aba173,mug,ShapeNet,b9be7cfe653740eb7633a2dd89cec754,mug,ShapeNet,False,mug/ShapeNet/b9be7cfe653740eb7633a2dd89cec754,mug/ShapeNet/b9f9f5b48ab1153626829c11d9aba173,True,mug,mug,0,"['the', 'handle', 'is', 'much', 'thin', '-er']",6,the handle is much thin -er,test,train,test,train,"[1, 10, 29, 7, 59, 60, 9, 2, 0, 0, 0, 0, 0, 0, 0, 0, 0, 0]",handle
12598,user_1894,The handle is curved.,3SNLUL3WO6G32HRWSMBVDQ4236NULQ,960.0,b9f9f5b48ab1153626829c11d9aba173,mug,ShapeNet,b9be7cfe653740eb7633a2dd89cec754,mug,ShapeNet,False,mug/ShapeNet/b9be7cfe653740eb7633a2dd89cec754,mug/ShapeNet/b9f9f5b48ab1153626829c11d9aba173,True,mug,mug,0,"['the', 'handle', 'is', 'curved']",4,the handle is curved,test,train,test,train,"[1, 10, 29, 7, 51, 2, 0, 0, 0, 0, 0, 0, 0, 0, 0, 0, 0, 0]",handle
12599,user_242,the handle is flatter,3X0H8UUIT3H3YYBR7VNX703UGF1SWU,49.0,f7d776fd68b126f23b67070c4a034f08,mug,ShapeNet,2852b888abae54b0e3523e99fd841f4,mug,ShapeNet,False,mug/ShapeNet/2852b888abae54b0e3523e99fd841f4,mug/ShapeNet/f7d776fd68b126f23b67070c4a034f08,True,mug,mug,0,"['the', 'handle', 'is', 'flat', '-er']",5,the handle is flat -er,train,train,train,train,"[1, 10, 29, 7, 129, 9, 2, 0, 0, 0, 0, 0, 0, 0, 0, 0, 0, 0]",handle
12600,user_1764,The handle has a flat surface on the sife of it,36U2A8VAG3S9ZKTJHNWJ1BX0AUXYKT,53.0,f7d776fd68b126f23b67070c4a034f08,mug,ShapeNet,2852b888abae54b0e3523e99fd841f4,mug,ShapeNet,False,mug/ShapeNet/2852b888abae54b0e3523e99fd841f4,mug/ShapeNet/f7d776fd68b126f23b67070c4a034f08,True,mug,mug,0,"['the', 'handle', 'has', 'a', 'flat', 'surface', 'on', 'the', 'sife', 'of', 'it']",11,the handle has a flat surface on the sife of it,train,train,train,train,"[1, 10, 29, 24, 26, 129, 334, 20, 10, 1730, 38, 23, 2, 0, 0, 0, 0, 0]",handle
12603,user_242,handle is open,33TIN5LC063PIOASDQ5UB2JKZ0H9Y6,54.0,b4ae56d6638d5338de671f28c83d2dcb,mug,ShapeNet,159e56c18906830278d8f8c02c47cde0,mug,ShapeNet,False,mug/ShapeNet/159e56c18906830278d8f8c02c47cde0,mug/ShapeNet/b4ae56d6638d5338de671f28c83d2dcb,True,mug,mug,0,"['handle', 'is', 'open']",3,handle is open,train,train,train,train,"[1, 29, 7, 312, 2, 0, 0, 0, 0, 0, 0, 0, 0, 0, 0, 0, 0, 0]",handle
12604,user_1764,There is an open handle on the side,3UWN2HHPU0YDB42DFUWABHQ3N46NS9,68.0,b4ae56d6638d5338de671f28c83d2dcb,mug,ShapeNet,159e56c18906830278d8f8c02c47cde0,mug,ShapeNet,False,mug/ShapeNet/159e56c18906830278d8f8c02c47cde0,mug/ShapeNet/b4ae56d6638d5338de671f28c83d2dcb,True,mug,mug,0,"['there', 'is', 'an', 'open', 'handle', 'on', 'the', 'side']",8,there is an open handle on the side,train,train,train,train,"[1, 15, 7, 72, 312, 29, 20, 10, 22, 2, 0, 0, 0, 0, 0, 0, 0, 0]",handle
12608,user_1886,It has a handle,3VP0C6EFSIP26OJGWGE7XX5B0OOM69,33.0,27119d9b2167080ec190cb14324769d,mug,ShapeNet,128ecbc10df5b05d96eaf1340564a4de,mug,ShapeNet,False,mug/ShapeNet/128ecbc10df5b05d96eaf1340564a4de,mug/ShapeNet/27119d9b2167080ec190cb14324769d,False,mug,mug,0,"['it', 'has', 'a', 'handle']",4,it has a handle,train,train,train,train,"[1, 23, 24, 26, 29, 2, 0, 0, 0, 0, 0, 0, 0, 0, 0, 0, 0, 0]",handle
12609,user_242,handle is shorter,3PXX5PX6LZR7AZRMV45AZMW3K9KBAB,54.0,a0c78f254b037f88933dc172307a6bb9,mug,ShapeNet,8012f52dd0a4d2f718a93a45bf780820,mug,ShapeNet,False,mug/ShapeNet/8012f52dd0a4d2f718a93a45bf780820,mug/ShapeNet/a0c78f254b037f88933dc172307a6bb9,True,mug,mug,0,"['handle', 'is', 'short', '-er']",4,handle is short -er,train,train,train,train,"[1, 29, 7, 8, 9, 2, 0, 0, 0, 0, 0, 0, 0, 0, 0, 0, 0, 0]",handle
12617,user_1461,Has a novelty handle,3R9WASFE219YOOBACY75Z5EX8R6ZF3,53.0,71995893d717598c9de7b195ccfa970,mug,ShapeNet,9880097f723c98a9bd8c6965c4665b41,mug,ShapeNet,False,mug/ShapeNet/9880097f723c98a9bd8c6965c4665b41,mug/ShapeNet/71995893d717598c9de7b195ccfa970,False,mug,mug,0,"['has', 'a', 'novelty', 'handle']",4,has a novelty handle,train,train,train,train,"[1, 24, 26, 1685, 29, 2, 0, 0, 0, 0, 0, 0, 0, 0, 0, 0, 0, 0]",handle
12619,user_242,handle is C shaped,3S06PH7KSTX4V8C6DH3NJBR0J0Q1DK,38.0,91f90c3a50410c0dc27effd6fd6b7eb0,mug,ShapeNet,67b9abb424cf22a22d7082a28b056a5,mug,ShapeNet,False,mug/ShapeNet/67b9abb424cf22a22d7082a28b056a5,mug/ShapeNet/91f90c3a50410c0dc27effd6fd6b7eb0,True,mug,mug,0,"['handle', 'is', 'c', 'shaped']",4,handle is c shaped,train,train,train,train,"[1, 29, 7, 1682, 14, 2, 0, 0, 0, 0, 0, 0, 0, 0, 0, 0, 0, 0]",handle
12622,user_1886,It has a thicker handle,3NPI0JQDAQYETPR5K9ESPBRKP15TPI,78.0,9961ccbafd59cb03fe36eb2ab5fa00e0,mug,ShapeNet,f1e439307b834015770a0ff1161fa15a,mug,ShapeNet,False,mug/ShapeNet/f1e439307b834015770a0ff1161fa15a,mug/ShapeNet/9961ccbafd59cb03fe36eb2ab5fa00e0,False,mug,mug,0,"['it', 'has', 'a', 'thick', '-er', 'handle']",6,it has a thick -er handle,train,train,train,train,"[1, 23, 24, 26, 54, 9, 29, 2, 0, 0, 0, 0, 0, 0, 0, 0, 0, 0]",handle
142132,user_1886,It has a thicker handle,386CSBG1O1FTR3H8O9LOE6PGAPH6QC,48.0,f99e19b8c4a729353deb88581ea8417a,mug,ShapeNet,6d2657c640e97c4dd4c0c1a5a5d9a6b8,mug,ShapeNet,False,mug/ShapeNet/6d2657c640e97c4dd4c0c1a5a5d9a6b8,mug/ShapeNet/f99e19b8c4a729353deb88581ea8417a,True,mug,mug,1,"['it', 'has', 'a', 'thick', '-er', 'handle']",6,it has a thick -er handle,train,train,train,train,"[1, 23, 24, 26, 54, 9, 29, 2, 0, 0, 0, 0, 0, 0, 0, 0, 0, 0]",handle
142133,user_1416,It has a 'C' handle.,3KIBXJ1WD7NX56PHB0NLZKZYWJKOKS,94.0,bf2b5e941b43d030138af902bc222a59,mug,ShapeNet,c34718bd10e378186c6c61abcbd83e5a,mug,ShapeNet,False,mug/ShapeNet/c34718bd10e378186c6c61abcbd83e5a,mug/ShapeNet/bf2b5e941b43d030138af902bc222a59,False,mug,mug,1,"['it', 'has', 'a', 'c', 'handle']",5,it has a c handle,train,train,train,train,"[1, 23, 24, 26, 1682, 29, 2, 0, 0, 0, 0, 0, 0, 0, 0, 0, 0, 0]",handle
142135,user_899,The target cup has a longer handle.,30LB5CDZNE37RKWK9GOKWYRT2QQZ0A,49.0,e984fd7e97c2be347eaeab1f0c9120b7,mug,ShapeNet,ea95f7b57ff1573b9469314c979caef4,mug,ShapeNet,False,mug/ShapeNet/ea95f7b57ff1573b9469314c979caef4,mug/ShapeNet/e984fd7e97c2be347eaeab1f0c9120b7,False,mug,mug,1,"['the', 'target', 'cup', 'has', 'a', 'long', '-er', 'handle']",8,the target cup has a long -er handle,test,train,test,train,"[1, 10, 11, 870, 24, 26, 32, 9, 29, 2, 0, 0, 0, 0, 0, 0, 0, 0]",handle
142136,user_1416,It has a 'C' handle.,3OB0CAO74JIIXUSBB2TMOJH8ICGHYT,42.0,e984fd7e97c2be347eaeab1f0c9120b7,mug,ShapeNet,ea95f7b57ff1573b9469314c979caef4,mug,ShapeNet,False,mug/ShapeNet/ea95f7b57ff1573b9469314c979caef4,mug/ShapeNet/e984fd7e97c2be347eaeab1f0c9120b7,False,mug,mug,1,"['it', 'has', 'a', 'c', 'handle']",5,it has a c handle,test,train,test,train,"[1, 23, 24, 26, 1682, 29, 2, 0, 0, 0, 0, 0, 0, 0, 0, 0, 0, 0]",handle
142140,user_1689,"Its body is more like a cone shape, rather than cylinder.",35GCEFQ6I7H38CVHS363YWP0511Z3U,72.0,6aec84952a5ffcf33f60d03e1cb068dc,mug,ShapeNet,9737c77d3263062b8ca7a0a01bcd55b6,mug,ShapeNet,False,mug/ShapeNet/9737c77d3263062b8ca7a0a01bcd55b6,mug/ShapeNet/6aec84952a5ffcf33f60d03e1cb068dc,False,mug,mug,1,"['its', 'body', 'is', 'more', 'like', 'a', 'cone', 'shape', 'rather', 'than', 'cylinder']",11,its body is more like a cone shape rather than cylinder,train,train,train,train,"[1, 5, 45, 7, 34, 35, 26, 143, 93, 466, 131, 66, 2, 0, 0, 0, 0, 0]",body
142144,user_1416,The body is not tapered.,34YB12FSQ0H43H8M8TNT9OI0U3XGMD,68.0,e984fd7e97c2be347eaeab1f0c9120b7,mug,ShapeNet,387b695db51190d3be276203d0b1a33f,mug,ShapeNet,False,mug/ShapeNet/387b695db51190d3be276203d0b1a33f,mug/ShapeNet/e984fd7e97c2be347eaeab1f0c9120b7,False,mug,mug,1,"['the', 'body', 'is', 'not', 'tapered']",5,the body is not tapered,train,train,train,train,"[1, 10, 45, 7, 40, 352, 2, 0, 0, 0, 0, 0, 0, 0, 0, 0, 0, 0]",body
142146,user_1886,It has a C shaped handle,3HWRJOOET7V9HYP0MVTRLUWU9BLESP,97.0,8012f52dd0a4d2f718a93a45bf780820,mug,ShapeNet,6dd59cc1130a426571215a0b56898e5e,mug,ShapeNet,False,mug/ShapeNet/6dd59cc1130a426571215a0b56898e5e,mug/ShapeNet/8012f52dd0a4d2f718a93a45bf780820,False,mug,mug,1,"['it', 'has', 'a', 'c', 'shaped', 'handle']",6,it has a c shaped handle,train,train,train,train,"[1, 23, 24, 26, 1682, 14, 29, 2, 0, 0, 0, 0, 0, 0, 0, 0, 0, 0]",handle
142149,user_1894,The handle is squared.,3WYGZ5XF3Y8C3YHAIH4UJP9ZT9XSK5,1437.0,2852b888abae54b0e3523e99fd841f4,mug,ShapeNet,df026976dc03197213ac44947b92716e,mug,ShapeNet,False,mug/ShapeNet/df026976dc03197213ac44947b92716e,mug/ShapeNet/2852b888abae54b0e3523e99fd841f4,True,mug,mug,1,"['the', 'handle', 'is', 'squared']",4,the handle is squared,train,train,train,train,"[1, 10, 29, 7, 427, 2, 0, 0, 0, 0, 0, 0, 0, 0, 0, 0, 0, 0]",handle
142153,user_1416,The handle does not resemble a paper clip.,3YT88D1N0AR8JHWVS23TBH1N1SP3KD,49.0,eecb13f61a93b4048f58d8b19de93f99,mug,ShapeNet,91f90c3a50410c0dc27effd6fd6b7eb0,mug,ShapeNet,False,mug/ShapeNet/91f90c3a50410c0dc27effd6fd6b7eb0,mug/ShapeNet/eecb13f61a93b4048f58d8b19de93f99,True,mug,mug,1,"['the', 'handle', 'does', 'not', 'resemble', 'a', 'paper', 'clip']",8,the handle does not resemble a paper clip,train,train,train,train,"[1, 10, 29, 39, 40, 833, 26, 1619, 1522, 2, 0, 0, 0, 0, 0, 0, 0, 0]",handle
142154,user_1886,It has a taller body,3FPRZHYEP00MZSQ7R6H0DQC4HR43V9,38.0,eecb13f61a93b4048f58d8b19de93f99,mug,ShapeNet,91f90c3a50410c0dc27effd6fd6b7eb0,mug,ShapeNet,False,mug/ShapeNet/91f90c3a50410c0dc27effd6fd6b7eb0,mug/ShapeNet/eecb13f61a93b4048f58d8b19de93f99,True,mug,mug,1,"['it', 'has', 'a', 'tall', '-er', 'body']",6,it has a tall -er body,train,train,train,train,"[1, 23, 24, 26, 53, 9, 45, 2, 0, 0, 0, 0, 0, 0, 0, 0, 0, 0]",body
142156,user_1886,It has a thicker handle,3QY5DC2MXTDH2PH06B8XIDZI69QFUT,77.0,ef24c302911bcde6ea6ff2182dd34668,mug,ShapeNet,8f550770386a6cf82f23d8349a133d2b,mug,ShapeNet,False,mug/ShapeNet/8f550770386a6cf82f23d8349a133d2b,mug/ShapeNet/ef24c302911bcde6ea6ff2182dd34668,True,mug,mug,1,"['it', 'has', 'a', 'thick', '-er', 'handle']",6,it has a thick -er handle,train,train,train,train,"[1, 23, 24, 26, 54, 9, 29, 2, 0, 0, 0, 0, 0, 0, 0, 0, 0, 0]",handle
142158,user_1461,Has a smaller handle,3HYA4D452TC8ID8YNRYRCU4QNI82FZ,32.0,1c3fccb84f1eeb97a3d0a41d6c77ec7c,mug,ShapeNet,f3a7f8198cc50c225f5e789acd4d1122,mug,ShapeNet,False,mug/ShapeNet/f3a7f8198cc50c225f5e789acd4d1122,mug/ShapeNet/1c3fccb84f1eeb97a3d0a41d6c77ec7c,False,mug,mug,1,"['has', 'a', 'small', '-er', 'handle']",5,has a small -er handle,train,train,train,train,"[1, 24, 26, 111, 9, 29, 2, 0, 0, 0, 0, 0, 0, 0, 0, 0, 0, 0]",handle
142160,user_456,The target has a flat c shaped handle.,3PS7W85Z81VT12BY3KIV3LR5KXL9T1,58.0,34ae0b61b0d8aaf2d7b20fded0142d7a,mug,ShapeNet,3093367916fb5216823323ed0e090a6f,mug,ShapeNet,False,mug/ShapeNet/3093367916fb5216823323ed0e090a6f,mug/ShapeNet/34ae0b61b0d8aaf2d7b20fded0142d7a,False,mug,mug,1,"['the', 'target', 'has', 'a', 'flat', 'c', 'shaped', 'handle']",8,the target has a flat c shaped handle,train,train,train,train,"[1, 10, 11, 24, 26, 129, 1682, 14, 29, 2, 0, 0, 0, 0, 0, 0, 0, 0]",handle
142162,user_2114,The mug has no handle,3M68NM076J0T34W81OAOJWZL6CX6RT,39.0,b7841572364fd9ce1249ffc39a0c3c0b,mug,ShapeNet,127944b6dabee1c9e20e92c5b8147e4a,mug,ShapeNet,False,mug/ShapeNet/127944b6dabee1c9e20e92c5b8147e4a,mug/ShapeNet/b7841572364fd9ce1249ffc39a0c3c0b,True,mug,mug,1,"['the', 'mug', 'has', 'no', 'handle']",5,the mug has no handle,train,train,train,train,"[1, 10, 1684, 24, 123, 29, 2, 0, 0, 0, 0, 0, 0, 0, 0, 0, 0, 0]",handle
142164,user_1416,The handle is much thicker.,37FMASSAYEKMGHAK7SXNGKKMXHPBIF,108.0,ef24c302911bcde6ea6ff2182dd34668,mug,ShapeNet,7d282cc3cedd40c8b5c4f4801d3aada,mug,ShapeNet,False,mug/ShapeNet/7d282cc3cedd40c8b5c4f4801d3aada,mug/ShapeNet/ef24c302911bcde6ea6ff2182dd34668,False,mug,mug,1,"['the', 'handle', 'is', 'much', 'thick', '-er']",6,the handle is much thick -er,train,train,train,train,"[1, 10, 29, 7, 59, 54, 9, 2, 0, 0, 0, 0, 0, 0, 0, 0, 0, 0]",handle
142165,user_846,The handle is thinner and more smoothly contoured,3BV8HQ2ZZYU14NARZDO2O6AB67R6A1,115.0,32e197b8118b3ff6a4bd4f46ba404890,mug,ShapeNet,99eaa69cf6fe8811dec712af445786fe,mug,ShapeNet,False,mug/ShapeNet/99eaa69cf6fe8811dec712af445786fe,mug/ShapeNet/32e197b8118b3ff6a4bd4f46ba404890,False,mug,mug,1,"['the', 'handle', 'is', 'thin', '-er', 'and', 'more', 'smoothly', 'contoured']",9,the handle is thin -er and more smoothly contoured,train,train,train,train,"[1, 10, 29, 7, 60, 9, 47, 34, 1523, 1835, 2, 0, 0, 0, 0, 0, 0, 0]",handle
142166,user_1886,It has a thicker body,3ERMJ6L4D0LLAOXLFQJZ3B57VZZM7Z,84.0,32e197b8118b3ff6a4bd4f46ba404890,mug,ShapeNet,99eaa69cf6fe8811dec712af445786fe,mug,ShapeNet,False,mug/ShapeNet/99eaa69cf6fe8811dec712af445786fe,mug/ShapeNet/32e197b8118b3ff6a4bd4f46ba404890,False,mug,mug,1,"['it', 'has', 'a', 'thick', '-er', 'body']",6,it has a thick -er body,train,train,train,train,"[1, 23, 24, 26, 54, 9, 45, 2, 0, 0, 0, 0, 0, 0, 0, 0, 0, 0]",body
142171,user_242,handle handle is made by three distinct pieces,37XITHEISY2IJL59BFNR5WRV2Y8RC6,46.0,24b17537bce40695b3207096ecd79542,mug,ShapeNet,513c3410e8354e5211c7f3807925346a,mug,ShapeNet,True,mug/ShapeNet/513c3410e8354e5211c7f3807925346a,mug/ShapeNet/24b17537bce40695b3207096ecd79542,True,mug,mug,1,"['handle', 'handle', 'is', 'made', 'by', 'three', 'distinct', 'pieces']",8,handle handle is made by three distinct pieces,train,train,train,train,"[1, 29, 29, 7, 916, 248, 80, 221, 447, 2, 0, 0, 0, 0, 0, 0, 0, 0]",handle
142174,user_1886,It has a smaller handle,3LJ7UR74RJ6U9J02PT0SDEAX9NU4N8,37.0,928a383f79698c3fb6d9bc28c8d8a2c4,mug,ShapeNet,599e604a8265cc0a98765d8aa3638e70,mug,ShapeNet,False,mug/ShapeNet/599e604a8265cc0a98765d8aa3638e70,mug/ShapeNet/928a383f79698c3fb6d9bc28c8d8a2c4,False,mug,mug,1,"['it', 'has', 'a', 'small', '-er', 'handle']",6,it has a small -er handle,test,train,test,train,"[1, 23, 24, 26, 111, 9, 29, 2, 0, 0, 0, 0, 0, 0, 0, 0, 0, 0]",handle
142175,user_242,body is wider in the middle than the top,3A4TN5196MB5URR6FABXRSPPFPACHU,58.0,2997f21fa426e18a6ab1a25d0e8f3590,mug,ShapeNet,d7ba704184d424dfd56d9106430c3fe,mug,ShapeNet,False,mug/ShapeNet/d7ba704184d424dfd56d9106430c3fe,mug/ShapeNet/2997f21fa426e18a6ab1a25d0e8f3590,True,mug,mug,1,"['body', 'is', 'wide', '-er', 'in', 'the', 'middle', 'than', 'the', 'top']",10,body is wide -er in the middle than the top,test,train,test,train,"[1, 45, 7, 83, 9, 90, 10, 232, 131, 10, 99, 2, 0, 0, 0, 0, 0, 0]",body
142178,user_1886,The handle is not square shaped,3CFJTT4SXVJZE57UUBL7BIYQEQJI7J,64.0,df026976dc03197213ac44947b92716e,mug,ShapeNet,35ce7ede92198be2b759f7fb0032e59,mug,ShapeNet,False,mug/ShapeNet/35ce7ede92198be2b759f7fb0032e59,mug/ShapeNet/df026976dc03197213ac44947b92716e,True,mug,mug,1,"['the', 'handle', 'is', 'not', 'square', 'shaped']",6,the handle is not square shaped,train,train,train,train,"[1, 10, 29, 7, 40, 50, 14, 2, 0, 0, 0, 0, 0, 0, 0, 0, 0, 0]",handle
142180,user_456,The target has no handle.,31LM9EDVONLKC1JNS0NWJGZGRKBNJ9,82.0,ea33ad442b032208d778b73d04298f62,mug,ShapeNet,659192a6ba300f1f4293529704725d98,mug,ShapeNet,False,mug/ShapeNet/659192a6ba300f1f4293529704725d98,mug/ShapeNet/ea33ad442b032208d778b73d04298f62,False,mug,mug,1,"['the', 'target', 'has', 'no', 'handle']",5,the target has no handle,train,train,train,train,"[1, 10, 11, 24, 123, 29, 2, 0, 0, 0, 0, 0, 0, 0, 0, 0, 0, 0]",handle
142181,user_242,Handle is round and thin,3GM6G9ZBKPQ88MUSSTM087XPKX4TMY,52.0,b7e705de46ebdcc14af54ba5738cb1c5,mug,ShapeNet,46955fddcc83a50f79b586547e543694,mug,ShapeNet,False,mug/ShapeNet/46955fddcc83a50f79b586547e543694,mug/ShapeNet/b7e705de46ebdcc14af54ba5738cb1c5,True,mug,mug,1,"['handle', 'is', 'round', 'and', 'thin']",5,handle is round and thin,train,train,train,train,"[1, 29, 7, 134, 47, 60, 2, 0, 0, 0, 0, 0, 0, 0, 0, 0, 0, 0]",handle
142183,user_1105,the handle is tiny,3907X2AHF2YK9QXS1UUWOOIUPOV2P2,25.0,b4ae56d6638d5338de671f28c83d2dcb,mug,ShapeNet,8b1dca1414ba88cb91986c63a4d7a99a,mug,ShapeNet,False,mug/ShapeNet/8b1dca1414ba88cb91986c63a4d7a99a,mug/ShapeNet/b4ae56d6638d5338de671f28c83d2dcb,False,mug,mug,1,"['the', 'handle', 'is', 'tiny']",4,the handle is tiny,train,train,train,train,"[1, 10, 29, 7, 836, 2, 0, 0, 0, 0, 0, 0, 0, 0, 0, 0, 0, 0]",handle
142184,user_1886,It has a smaller handle,3JCG6DTRV5JM1L0S3IZMKB67AQRQQR,65.0,b4ae56d6638d5338de671f28c83d2dcb,mug,ShapeNet,8b1dca1414ba88cb91986c63a4d7a99a,mug,ShapeNet,False,mug/ShapeNet/8b1dca1414ba88cb91986c63a4d7a99a,mug/ShapeNet/b4ae56d6638d5338de671f28c83d2dcb,False,mug,mug,1,"['it', 'has', 'a', 'small', '-er', 'handle']",6,it has a small -er handle,train,train,train,train,"[1, 23, 24, 26, 111, 9, 29, 2, 0, 0, 0, 0, 0, 0, 0, 0, 0, 0]",handle
142185,user_1416,It does not have a 'C' handle.,3EJPLAJKEO925VIZB5415Z1KFS3Z60,42.0,3d3e993f7baa4d7ef1ff24a8b1564a36,mug,ShapeNet,f99e19b8c4a729353deb88581ea8417a,mug,ShapeNet,False,mug/ShapeNet/f99e19b8c4a729353deb88581ea8417a,mug/ShapeNet/3d3e993f7baa4d7ef1ff24a8b1564a36,False,mug,mug,1,"['it', 'does', 'not', 'have', 'a', 'c', 'handle']",7,it does not have a c handle,train,train,train,train,"[1, 23, 39, 40, 84, 26, 1682, 29, 2, 0, 0, 0, 0, 0, 0, 0, 0, 0]",handle
142187,user_242,handle is not round,36PW28KO41P5H2365V700U2ON6XEAE,39.0,3d1754b7cb46c0ce5c8081810641ef6,mug,ShapeNet,43f94ba24d2f075c4d32a65fb7bf4ebc,mug,ShapeNet,False,mug/ShapeNet/43f94ba24d2f075c4d32a65fb7bf4ebc,mug/ShapeNet/3d1754b7cb46c0ce5c8081810641ef6,True,mug,mug,1,"['handle', 'is', 'not', 'round']",4,handle is not round,train,train,train,train,"[1, 29, 7, 40, 134, 2, 0, 0, 0, 0, 0, 0, 0, 0, 0, 0, 0, 0]",handle
142189,user_1015,The handle is thicker,3Z7VU45IP0A7Y9H25ZSKA3A37IX1ZG,198.0,d46b98f63a017578ea456f4bbbc96af9,mug,ShapeNet,44f9c4e1ea3532b8d7b20fded0142d7a,mug,ShapeNet,False,mug/ShapeNet/44f9c4e1ea3532b8d7b20fded0142d7a,mug/ShapeNet/d46b98f63a017578ea456f4bbbc96af9,True,mug,mug,1,"['the', 'handle', 'is', 'thick', '-er']",5,the handle is thick -er,train,train,train,train,"[1, 10, 29, 7, 54, 9, 2, 0, 0, 0, 0, 0, 0, 0, 0, 0, 0, 0]",handle
142191,user_242,handle is flatter,32VNZTT0A9XFOHSUI0H9MYF7ALOR4Q,34.0,43e1cabc5dd2fa91fffc97a61124b1a9,mug,ShapeNet,1a1c0a8d4bad82169f0594e65f756cf5,mug,ShapeNet,False,mug/ShapeNet/1a1c0a8d4bad82169f0594e65f756cf5,mug/ShapeNet/43e1cabc5dd2fa91fffc97a61124b1a9,True,mug,mug,1,"['handle', 'is', 'flat', '-er']",4,handle is flat -er,train,train,train,train,"[1, 29, 7, 129, 9, 2, 0, 0, 0, 0, 0, 0, 0, 0, 0, 0, 0, 0]",handle
142192,user_1964,the handle is not tubular,3TYCR1GOTECKOGL6Y9A3UIJH5O1LZ5,43.0,43e1cabc5dd2fa91fffc97a61124b1a9,mug,ShapeNet,1a1c0a8d4bad82169f0594e65f756cf5,mug,ShapeNet,False,mug/ShapeNet/1a1c0a8d4bad82169f0594e65f756cf5,mug/ShapeNet/43e1cabc5dd2fa91fffc97a61124b1a9,True,mug,mug,1,"['the', 'handle', 'is', 'not', 'tubular']",5,the handle is not tubular,train,train,train,train,"[1, 10, 29, 7, 40, 428, 2, 0, 0, 0, 0, 0, 0, 0, 0, 0, 0, 0]",handle
142193,user_1764,The handle is stretched from the top to the bottom,3R08VXYT7EOHF0RZJSPMC97YT2V7WV,54.0,fad118b32085f3f2c2c72e575af174cd,mug,ShapeNet,24b17537bce40695b3207096ecd79542,mug,ShapeNet,False,mug/ShapeNet/24b17537bce40695b3207096ecd79542,mug/ShapeNet/fad118b32085f3f2c2c72e575af174cd,False,mug,mug,1,"['the', 'handle', 'is', 'stretched', 'from', 'the', 'top', 'to', 'the', 'bottom']",10,the handle is stretched from the top to the bottom,train,train,train,train,"[1, 10, 29, 7, 2293, 113, 10, 99, 58, 10, 76, 2, 0, 0, 0, 0, 0, 0]",handle
142194,user_1886,It has longer handle,3U4J9857OG4PRXTOO1TQPVUDJ1A7BC,45.0,fad118b32085f3f2c2c72e575af174cd,mug,ShapeNet,24b17537bce40695b3207096ecd79542,mug,ShapeNet,False,mug/ShapeNet/24b17537bce40695b3207096ecd79542,mug/ShapeNet/fad118b32085f3f2c2c72e575af174cd,False,mug,mug,1,"['it', 'has', 'long', '-er', 'handle']",5,it has long -er handle,train,train,train,train,"[1, 23, 24, 32, 9, 29, 2, 0, 0, 0, 0, 0, 0, 0, 0, 0, 0, 0]",handle
142197,user_390,The handle doesn't have round pieces where it meets the mug.,3S06PH7KSTX4V8C6DH3NJBR0JZ9D1D,92.0,9880097f723c98a9bd8c6965c4665b41,mug,ShapeNet,e16a895052da87277f58c33b328479f4,mug,ShapeNet,False,mug/ShapeNet/e16a895052da87277f58c33b328479f4,mug/ShapeNet/9880097f723c98a9bd8c6965c4665b41,True,mug,mug,1,"['the', 'handle', 'does', 'not', 'have', 'round', 'pieces', 'where', 'it', 'meets', 'the', 'mug']",12,the handle does not have round pieces where it meets the mug,test,train,test,train,"[1, 10, 29, 39, 40, 84, 134, 447, 409, 23, 410, 10, 1684, 2, 0, 0, 0, 0]",handle
142198,user_1886,It has a thicker handle,3NC5L260MQFMPKX3APWOJ77TONWFOA,288.0,9880097f723c98a9bd8c6965c4665b41,mug,ShapeNet,e16a895052da87277f58c33b328479f4,mug,ShapeNet,True,mug/ShapeNet/e16a895052da87277f58c33b328479f4,mug/ShapeNet/9880097f723c98a9bd8c6965c4665b41,True,mug,mug,1,"['it', 'has', 'a', 'thick', '-er', 'handle']",6,it has a thick -er handle,test,train,test,train,"[1, 23, 24, 26, 54, 9, 29, 2, 0, 0, 0, 0, 0, 0, 0, 0, 0, 0]",handle
142202,user_1886,The handle is thinner,3QBD8R3Z23CCR40EQ805S3A2ZXT4OH,67.0,4f9f31db3c3873692a6f53dd95fd4468,mug,ShapeNet,5b0c679eb8a2156c4314179664d18101,mug,ShapeNet,True,mug/ShapeNet/5b0c679eb8a2156c4314179664d18101,mug/ShapeNet/4f9f31db3c3873692a6f53dd95fd4468,True,mug,mug,1,"['the', 'handle', 'is', 'thin', '-er']",5,the handle is thin -er,train,train,train,train,"[1, 10, 29, 7, 60, 9, 2, 0, 0, 0, 0, 0, 0, 0, 0, 0, 0, 0]",handle
142203,user_1886,It has a smaller c shaped handle,33PPO7FECX8FVE84LOOTBA8M01MIDC,51.0,a6d9f9ae39728831808951ff5fb582ac,mug,ShapeNet,c7f8d39c406fee941050b055aafa6fb8,mug,ShapeNet,False,mug/ShapeNet/c7f8d39c406fee941050b055aafa6fb8,mug/ShapeNet/a6d9f9ae39728831808951ff5fb582ac,True,mug,mug,1,"['it', 'has', 'a', 'small', '-er', 'c', 'shaped', 'handle']",8,it has a small -er c shaped handle,train,train,train,train,"[1, 23, 24, 26, 111, 9, 1682, 14, 29, 2, 0, 0, 0, 0, 0, 0, 0, 0]",handle
142204,user_1894,The handle is a small semi-circle.,3URFVVM167BN76807N24L5F0IFVZUE,838.0,a6d9f9ae39728831808951ff5fb582ac,mug,ShapeNet,c7f8d39c406fee941050b055aafa6fb8,mug,ShapeNet,False,mug/ShapeNet/c7f8d39c406fee941050b055aafa6fb8,mug/ShapeNet/a6d9f9ae39728831808951ff5fb582ac,True,mug,mug,1,"['the', 'handle', 'is', 'a', 'small', 'semi', 'circle']",7,the handle is a small semi circle,train,train,train,train,"[1, 10, 29, 7, 26, 111, 407, 149, 2, 0, 0, 0, 0, 0, 0, 0, 0, 0]",handle
142208,user_865,Target handle two attachments are circular,3GM6G9ZBKPQ88MUSSTM087XPKWUTMM,623.0,c2e411ed6061a25ef06800d5696e457f,mug,ShapeNet,9880097f723c98a9bd8c6965c4665b41,mug,ShapeNet,False,mug/ShapeNet/9880097f723c98a9bd8c6965c4665b41,mug/ShapeNet/c2e411ed6061a25ef06800d5696e457f,True,mug,mug,1,"['target', 'handle', 'two', 'attachments', 'are', 'circular']",6,target handle two attachments are circular,train,train,train,train,"[1, 11, 29, 17, 1978, 16, 102, 2, 0, 0, 0, 0, 0, 0, 0, 0, 0, 0]",handle
142211,user_1594,The handle is a novelty shape,3DHE4R9OCY4EWD4TYB49UF42OX3G27,269.0,a637500654ca8d16c97cfc3e8a6b1d16,mug,ShapeNet,3a7439cfaa9af51faf1af397e14a566d,mug,ShapeNet,False,mug/ShapeNet/3a7439cfaa9af51faf1af397e14a566d,mug/ShapeNet/a637500654ca8d16c97cfc3e8a6b1d16,False,mug,mug,1,"['the', 'handle', 'is', 'a', 'novelty', 'shape']",6,the handle is a novelty shape,test,train,test,train,"[1, 10, 29, 7, 26, 1685, 93, 2, 0, 0, 0, 0, 0, 0, 0, 0, 0, 0]",handle
142212,user_1886,It has a thicker handle,3H7XDTSHKEK08T20CVTGIMKRS4WWG3,116.0,a637500654ca8d16c97cfc3e8a6b1d16,mug,ShapeNet,3a7439cfaa9af51faf1af397e14a566d,mug,ShapeNet,False,mug/ShapeNet/3a7439cfaa9af51faf1af397e14a566d,mug/ShapeNet/a637500654ca8d16c97cfc3e8a6b1d16,False,mug,mug,1,"['it', 'has', 'a', 'thick', '-er', 'handle']",6,it has a thick -er handle,test,train,test,train,"[1, 23, 24, 26, 54, 9, 29, 2, 0, 0, 0, 0, 0, 0, 0, 0, 0, 0]",handle
142213,user_1191,The target has a thin handle.,339ANSOTR7VN9KEED5AGFN3CKALKIT,36.0,e363fa24c824d20ca363b55cbd344baa,mug,ShapeNet,f1866a48c2fc17f85b2ecd212557fda0,mug,ShapeNet,False,mug/ShapeNet/f1866a48c2fc17f85b2ecd212557fda0,mug/ShapeNet/e363fa24c824d20ca363b55cbd344baa,True,mug,mug,1,"['the', 'target', 'has', 'a', 'thin', 'handle']",6,the target has a thin handle,train,train,train,train,"[1, 10, 11, 24, 26, 60, 29, 2, 0, 0, 0, 0, 0, 0, 0, 0, 0, 0]",handle
142214,user_1461,Has a smaller handle,3PMBY0YE29WCFL9NHYN5EBR1WBUC9U,51.0,e363fa24c824d20ca363b55cbd344baa,mug,ShapeNet,f1866a48c2fc17f85b2ecd212557fda0,mug,ShapeNet,False,mug/ShapeNet/f1866a48c2fc17f85b2ecd212557fda0,mug/ShapeNet/e363fa24c824d20ca363b55cbd344baa,True,mug,mug,1,"['has', 'a', 'small', '-er', 'handle']",5,has a small -er handle,train,train,train,train,"[1, 24, 26, 111, 9, 29, 2, 0, 0, 0, 0, 0, 0, 0, 0, 0, 0, 0]",handle
142216,user_1894,The handle is thin.,3NXNZ5RS1CQ634ERQHFUYPZNV19794,731.0,6d2657c640e97c4dd4c0c1a5a5d9a6b8,mug,ShapeNet,cc5b14ef71e87e9165ba97214ebde03,mug,ShapeNet,False,mug/ShapeNet/cc5b14ef71e87e9165ba97214ebde03,mug/ShapeNet/6d2657c640e97c4dd4c0c1a5a5d9a6b8,False,mug,mug,1,"['the', 'handle', 'is', 'thin']",4,the handle is thin,train,train,train,train,"[1, 10, 29, 7, 60, 2, 0, 0, 0, 0, 0, 0, 0, 0, 0, 0, 0, 0]",handle
142222,user_1866,The handle is square as compared to round,3QXNC7EIPKOSLTE75IULJAP0NMM09E,159.0,fad118b32085f3f2c2c72e575af174cd,mug,ShapeNet,91f90c3a50410c0dc27effd6fd6b7eb0,mug,ShapeNet,False,mug/ShapeNet/91f90c3a50410c0dc27effd6fd6b7eb0,mug/ShapeNet/fad118b32085f3f2c2c72e575af174cd,False,mug,mug,1,"['the', 'handle', 'is', 'square', 'as', 'compared', 'to', 'round']",8,the handle is square as compared to round,train,train,train,train,"[1, 10, 29, 7, 50, 52, 868, 58, 134, 2, 0, 0, 0, 0, 0, 0, 0, 0]",handle
142224,user_1886,It has a thicker handle,345LHZDEDZLMMD17MG7VH4AL3JQ3UD,38.0,bcb6be8f0ff4a51872e526c4f21dfca4,mug,ShapeNet,7d6baadd51d0703455da767dfc5b748e,mug,ShapeNet,False,mug/ShapeNet/7d6baadd51d0703455da767dfc5b748e,mug/ShapeNet/bcb6be8f0ff4a51872e526c4f21dfca4,False,mug,mug,1,"['it', 'has', 'a', 'thick', '-er', 'handle']",6,it has a thick -er handle,val,train,val,train,"[1, 23, 24, 26, 54, 9, 29, 2, 0, 0, 0, 0, 0, 0, 0, 0, 0, 0]",handle
142227,user_242,handle is C shaped,3JBT3HLQFAVAF104Q13ABZS1AY3ZPI,39.0,48e260a614c0fd4434a8988fdcee4fde,mug,ShapeNet,962883677a586bd84a60c1a189046dd1,mug,ShapeNet,False,mug/ShapeNet/962883677a586bd84a60c1a189046dd1,mug/ShapeNet/48e260a614c0fd4434a8988fdcee4fde,True,mug,mug,1,"['handle', 'is', 'c', 'shaped']",4,handle is c shaped,train,train,train,train,"[1, 29, 7, 1682, 14, 2, 0, 0, 0, 0, 0, 0, 0, 0, 0, 0, 0, 0]",handle
142229,user_242,The handle is flatter,34Z02EIMIU6B58NL3OZ2AAQCHT0T0I,42.0,43e1cabc5dd2fa91fffc97a61124b1a9,mug,ShapeNet,e9499e4a9f632725d6e865157050a80e,mug,ShapeNet,False,mug/ShapeNet/e9499e4a9f632725d6e865157050a80e,mug/ShapeNet/43e1cabc5dd2fa91fffc97a61124b1a9,True,mug,mug,1,"['the', 'handle', 'is', 'flat', '-er']",5,the handle is flat -er,train,train,train,train,"[1, 10, 29, 7, 129, 9, 2, 0, 0, 0, 0, 0, 0, 0, 0, 0, 0, 0]",handle
142230,user_456,The target has a long flattened c shaped handle.,3DY4FPOOA3HEIUB92WIWVOFKN47RVM,73.0,43e1cabc5dd2fa91fffc97a61124b1a9,mug,ShapeNet,e9499e4a9f632725d6e865157050a80e,mug,ShapeNet,False,mug/ShapeNet/e9499e4a9f632725d6e865157050a80e,mug/ShapeNet/43e1cabc5dd2fa91fffc97a61124b1a9,True,mug,mug,1,"['the', 'target', 'has', 'a', 'long', 'flattened', 'c', 'shaped', 'handle']",9,the target has a long flattened c shaped handle,train,train,train,train,"[1, 10, 11, 24, 26, 32, 1691, 1682, 14, 29, 2, 0, 0, 0, 0, 0, 0, 0]",handle
142232,user_1886,It has a tapered handle,373ERPL3YQ1Z527KX1IHU6RZQJZTRG,103.0,3143a4accdc23349cac584186c95ce9b,mug,ShapeNet,f626192a5930d6c712f0124e8fa3930b,mug,ShapeNet,False,mug/ShapeNet/f626192a5930d6c712f0124e8fa3930b,mug/ShapeNet/3143a4accdc23349cac584186c95ce9b,True,mug,mug,1,"['it', 'has', 'a', 'tapered', 'handle']",5,it has a tapered handle,train,train,train,train,"[1, 23, 24, 26, 352, 29, 2, 0, 0, 0, 0, 0, 0, 0, 0, 0, 0, 0]",handle
142233,user_747,The handle is larger.,36WLNQG7813A0C8YB97WV5MU5N6BES,46.0,8b1dca1414ba88cb91986c63a4d7a99a,mug,ShapeNet,633379db14d4d2b287dd60af81c93a3c,mug,ShapeNet,False,mug/ShapeNet/633379db14d4d2b287dd60af81c93a3c,mug/ShapeNet/8b1dca1414ba88cb91986c63a4d7a99a,True,mug,mug,1,"['the', 'handle', 'is', 'large', '-er']",5,the handle is large -er,train,train,train,train,"[1, 10, 29, 7, 94, 9, 2, 0, 0, 0, 0, 0, 0, 0, 0, 0, 0, 0]",handle
142234,user_1461,Has a larger handle,3R3YRB5GRHWM6Y0SVVM54COR9TGAUE,17.0,8b1dca1414ba88cb91986c63a4d7a99a,mug,ShapeNet,633379db14d4d2b287dd60af81c93a3c,mug,ShapeNet,False,mug/ShapeNet/633379db14d4d2b287dd60af81c93a3c,mug/ShapeNet/8b1dca1414ba88cb91986c63a4d7a99a,True,mug,mug,1,"['has', 'a', 'large', '-er', 'handle']",5,has a large -er handle,train,train,train,train,"[1, 24, 26, 94, 9, 29, 2, 0, 0, 0, 0, 0, 0, 0, 0, 0, 0, 0]",handle
142236,user_992,The handle is much larger.,32Q90QCQ1UEBTFCSHMKPU85KSHDEKD,154.0,2997f21fa426e18a6ab1a25d0e8f3590,mug,ShapeNet,c7ddd93b15e30faae180a52fd2be32,mug,ShapeNet,False,mug/ShapeNet/c7ddd93b15e30faae180a52fd2be32,mug/ShapeNet/2997f21fa426e18a6ab1a25d0e8f3590,False,mug,mug,1,"['the', 'handle', 'is', 'much', 'large', '-er']",6,the handle is much large -er,train,train,train,train,"[1, 10, 29, 7, 59, 94, 9, 2, 0, 0, 0, 0, 0, 0, 0, 0, 0, 0]",handle
142237,user_1416,The body is vertically flat.,34BBWHLWHC4E4K8V2JTJ3YX77HUWI1,122.0,2997f21fa426e18a6ab1a25d0e8f3590,mug,ShapeNet,c7ddd93b15e30faae180a52fd2be32,mug,ShapeNet,False,mug/ShapeNet/c7ddd93b15e30faae180a52fd2be32,mug/ShapeNet/2997f21fa426e18a6ab1a25d0e8f3590,False,mug,mug,1,"['the', 'body', 'is', 'vertically', 'flat']",5,the body is vertically flat,train,train,train,train,"[1, 10, 45, 7, 385, 129, 2, 0, 0, 0, 0, 0, 0, 0, 0, 0, 0, 0]",body
142247,user_1416,It has a handle.,37UEWGM5HV1YWIVBVIY7O084Y051RC,37.0,275729fcdc9bf1488afafc80c93c27a9,mug,ShapeNet,3d1754b7cb46c0ce5c8081810641ef6,mug,ShapeNet,False,mug/ShapeNet/3d1754b7cb46c0ce5c8081810641ef6,mug/ShapeNet/275729fcdc9bf1488afafc80c93c27a9,False,mug,mug,1,"['it', 'has', 'a', 'handle']",4,it has a handle,train,train,train,train,"[1, 23, 24, 26, 29, 2, 0, 0, 0, 0, 0, 0, 0, 0, 0, 0, 0, 0]",handle
142248,user_242,Has no handle,3IXQG4FA2VRT5GHH3YRA3RLJERX9BP,36.0,e6dedae946ff5265a95fb60c110b25aa,mug,ShapeNet,127944b6dabee1c9e20e92c5b8147e4a,mug,ShapeNet,False,mug/ShapeNet/127944b6dabee1c9e20e92c5b8147e4a,mug/ShapeNet/e6dedae946ff5265a95fb60c110b25aa,False,mug,mug,1,"['has', 'no', 'handle']",3,has no handle,train,train,train,train,"[1, 24, 123, 29, 2, 0, 0, 0, 0, 0, 0, 0, 0, 0, 0, 0, 0, 0]",handle
142249,user_1461,Has no handle,3W8CV64QJ4S3WTK33Q16P2OH93X9HY,18.0,e6dedae946ff5265a95fb60c110b25aa,mug,ShapeNet,127944b6dabee1c9e20e92c5b8147e4a,mug,ShapeNet,False,mug/ShapeNet/127944b6dabee1c9e20e92c5b8147e4a,mug/ShapeNet/e6dedae946ff5265a95fb60c110b25aa,False,mug,mug,1,"['has', 'no', 'handle']",3,has no handle,train,train,train,train,"[1, 24, 123, 29, 2, 0, 0, 0, 0, 0, 0, 0, 0, 0, 0, 0, 0, 0]",handle
142250,user_242,handle is longer,3CFJTT4SXVJZE57UUBL7BIYQERVI7X,38.0,8012f52dd0a4d2f718a93a45bf780820,mug,ShapeNet,b4ae56d6638d5338de671f28c83d2dcb,mug,ShapeNet,False,mug/ShapeNet/b4ae56d6638d5338de671f28c83d2dcb,mug/ShapeNet/8012f52dd0a4d2f718a93a45bf780820,False,mug,mug,1,"['handle', 'is', 'long', '-er']",4,handle is long -er,train,train,train,train,"[1, 29, 7, 32, 9, 2, 0, 0, 0, 0, 0, 0, 0, 0, 0, 0, 0, 0]",handle
142251,user_1894,It has a larger handle.,3DBQWDE4Y8RC52423YJ2I6GB9KV5NM,1366.0,8012f52dd0a4d2f718a93a45bf780820,mug,ShapeNet,b4ae56d6638d5338de671f28c83d2dcb,mug,ShapeNet,False,mug/ShapeNet/b4ae56d6638d5338de671f28c83d2dcb,mug/ShapeNet/8012f52dd0a4d2f718a93a45bf780820,False,mug,mug,1,"['it', 'has', 'a', 'large', '-er', 'handle']",6,it has a large -er handle,train,train,train,train,"[1, 23, 24, 26, 94, 9, 29, 2, 0, 0, 0, 0, 0, 0, 0, 0, 0, 0]",handle
142252,user_1191,The target handle is more curved.,3U84XHCDIE6OQ8ELSHBM81H6J1X4ZK,94.0,a0c78f254b037f88933dc172307a6bb9,mug,ShapeNet,cf777e14ca2c7a19b4aad3cc5ce7ee8,mug,ShapeNet,False,mug/ShapeNet/cf777e14ca2c7a19b4aad3cc5ce7ee8,mug/ShapeNet/a0c78f254b037f88933dc172307a6bb9,True,mug,mug,1,"['the', 'target', 'handle', 'is', 'more', 'curved']",6,the target handle is more curved,test,train,test,train,"[1, 10, 11, 29, 7, 34, 51, 2, 0, 0, 0, 0, 0, 0, 0, 0, 0, 0]",handle
142256,user_1461,Had a C handle,3U5JL4WY5M2ZLDE6RZN1BG1VB1ZX4G,42.0,bcb6be8f0ff4a51872e526c4f21dfca4,mug,ShapeNet,fad118b32085f3f2c2c72e575af174cd,mug,ShapeNet,False,mug/ShapeNet/fad118b32085f3f2c2c72e575af174cd,mug/ShapeNet/bcb6be8f0ff4a51872e526c4f21dfca4,False,mug,mug,1,"['had', 'a', 'c', 'handle']",4,had a c handle,train,train,train,train,"[1, 1567, 26, 1682, 29, 2, 0, 0, 0, 0, 0, 0, 0, 0, 0, 0, 0, 0]",handle
142257,user_1764,The handle is longer,3M0NZ3JDP3R6MRIL6MUWDTNKJY5Z5Z,95.0,bcb6be8f0ff4a51872e526c4f21dfca4,mug,ShapeNet,fad118b32085f3f2c2c72e575af174cd,mug,ShapeNet,False,mug/ShapeNet/fad118b32085f3f2c2c72e575af174cd,mug/ShapeNet/bcb6be8f0ff4a51872e526c4f21dfca4,False,mug,mug,1,"['the', 'handle', 'is', 'long', '-er']",5,the handle is long -er,train,train,train,train,"[1, 10, 29, 7, 32, 9, 2, 0, 0, 0, 0, 0, 0, 0, 0, 0, 0, 0]",handle
142258,user_242,handle is thinner,3QIYRE09Y5ADHK3J2BHQFG3UX4TN1P,41.0,10c2b3eac377b9084b3c42e318f3affc,mug,ShapeNet,64a9d9f6774973ebc598d38a6a69ad2,mug,ShapeNet,False,mug/ShapeNet/64a9d9f6774973ebc598d38a6a69ad2,mug/ShapeNet/10c2b3eac377b9084b3c42e318f3affc,True,mug,mug,1,"['handle', 'is', 'thin', '-er']",4,handle is thin -er,train,train,train,train,"[1, 29, 7, 60, 9, 2, 0, 0, 0, 0, 0, 0, 0, 0, 0, 0, 0, 0]",handle
142259,user_1764,The handle is a C shape,339ANSOTR7VN9KEED5AGFN3CKBZKI9,65.0,10c2b3eac377b9084b3c42e318f3affc,mug,ShapeNet,64a9d9f6774973ebc598d38a6a69ad2,mug,ShapeNet,False,mug/ShapeNet/64a9d9f6774973ebc598d38a6a69ad2,mug/ShapeNet/10c2b3eac377b9084b3c42e318f3affc,True,mug,mug,1,"['the', 'handle', 'is', 'a', 'c', 'shape']",6,the handle is a c shape,train,train,train,train,"[1, 10, 29, 7, 26, 1682, 93, 2, 0, 0, 0, 0, 0, 0, 0, 0, 0, 0]",handle
142260,user_242,handle is flatter,34Q075JO1Z6AWOBC15FS447HPBJ01S,34.0,a637500654ca8d16c97cfc3e8a6b1d16,mug,ShapeNet,dfa8a3a0c8a552b62bc8a44b22fcb3b9,mug,ShapeNet,False,mug/ShapeNet/dfa8a3a0c8a552b62bc8a44b22fcb3b9,mug/ShapeNet/a637500654ca8d16c97cfc3e8a6b1d16,True,mug,mug,1,"['handle', 'is', 'flat', '-er']",4,handle is flat -er,train,train,train,train,"[1, 29, 7, 129, 9, 2, 0, 0, 0, 0, 0, 0, 0, 0, 0, 0, 0, 0]",handle
142262,user_920,The target's handle is more rounded and thicker.,3JWH6J9I9U6EUILB48AFLSG3JF2BNC,56.0,10c2b3eac377b9084b3c42e318f3affc,mug,ShapeNet,7374ea7fee07f94c86032c4825f3450,mug,ShapeNet,False,mug/ShapeNet/7374ea7fee07f94c86032c4825f3450,mug/ShapeNet/10c2b3eac377b9084b3c42e318f3affc,True,mug,mug,1,"['the', 'target', ""'s"", 'handle', 'is', 'more', 'rounded', 'and', 'thick', '-er']",10,the target 's handle is more rounded and thick -er,val,train,val,train,"[1, 10, 11, 12, 29, 7, 34, 48, 47, 54, 9, 2, 0, 0, 0, 0, 0, 0]",handle
142265,user_1416,The body is slightly concave.,36H9ULYP64N8O966UC4JBBQ7PU6JFH,66.0,9426e7aa67c83a4c3b51ab46b2f98f30,mug,ShapeNet,62684ad0321b35189a3501eead248b52,mug,ShapeNet,False,mug/ShapeNet/62684ad0321b35189a3501eead248b52,mug/ShapeNet/9426e7aa67c83a4c3b51ab46b2f98f30,False,mug,mug,1,"['the', 'body', 'is', 'slightly', 'concave']",5,the body is slightly concave,train,train,train,train,"[1, 10, 45, 7, 174, 390, 2, 0, 0, 0, 0, 0, 0, 0, 0, 0, 0, 0]",body
142266,user_1416,The handle is thicker.,3BDCF01OGZNKJQB12N8KGBAFZTOYLG,54.0,f09e51579600cfbb88b651d2e4ea0846,mug,ShapeNet,e94e46bc5833f2f5e57b873e4f3ef3a4,mug,ShapeNet,False,mug/ShapeNet/e94e46bc5833f2f5e57b873e4f3ef3a4,mug/ShapeNet/f09e51579600cfbb88b651d2e4ea0846,False,mug,mug,1,"['the', 'handle', 'is', 'thick', '-er']",5,the handle is thick -er,test,train,test,train,"[1, 10, 29, 7, 54, 9, 2, 0, 0, 0, 0, 0, 0, 0, 0, 0, 0, 0]",handle
142267,user_1886,It has a less ornate handle,3HMVI3QICLL7TJ7X9DQ1WW111NO1YI,41.0,f09e51579600cfbb88b651d2e4ea0846,mug,ShapeNet,e94e46bc5833f2f5e57b873e4f3ef3a4,mug,ShapeNet,True,mug/ShapeNet/e94e46bc5833f2f5e57b873e4f3ef3a4,mug/ShapeNet/f09e51579600cfbb88b651d2e4ea0846,False,mug,mug,1,"['it', 'has', 'a', 'less', 'ornate', 'handle']",6,it has a less ornate handle,test,train,test,train,"[1, 23, 24, 26, 229, 191, 29, 2, 0, 0, 0, 0, 0, 0, 0, 0, 0, 0]",handle
142268,user_920,The target's handle has a hole for fingers.,3QY7M81QH9FQK0XIUE6JOYD36U8K7W,54.0,35ce7ede92198be2b759f7fb0032e59,mug,ShapeNet,a3cd44bbd3ba5b019a4cbf5d3b79df06,mug,ShapeNet,False,mug/ShapeNet/a3cd44bbd3ba5b019a4cbf5d3b79df06,mug/ShapeNet/35ce7ede92198be2b759f7fb0032e59,False,mug,mug,1,"['the', 'target', ""'s"", 'handle', 'has', 'a', 'hole', 'for', 'fingers']",9,the target 's handle has a hole for fingers,train,train,train,train,"[1, 10, 11, 12, 29, 24, 26, 81, 259, 1415, 2, 0, 0, 0, 0, 0, 0, 0]",handle
142270,user_242,handle is round,3PH3VY7DJNQ0ZAX52NH53T0X3V9WZD,26.0,1eaf8db2dd2b710c7d5b1b70ae595e60,mug,ShapeNet,e9bd4ee553eb35c1d5ccc40b510e4bd,mug,ShapeNet,False,mug/ShapeNet/e9bd4ee553eb35c1d5ccc40b510e4bd,mug/ShapeNet/1eaf8db2dd2b710c7d5b1b70ae595e60,True,mug,mug,1,"['handle', 'is', 'round']",3,handle is round,train,train,train,train,"[1, 29, 7, 134, 2, 0, 0, 0, 0, 0, 0, 0, 0, 0, 0, 0, 0, 0]",handle
142273,user_1894,The body is narrower.,37TD41K0AJ2UK05MQ4NWV6WRO0OSCS,1263.0,24651c3767aa5089e19f4cee87249aca,mug,ShapeNet,b88bcf33f25c6cb15b4f129f868dedb,mug,ShapeNet,False,mug/ShapeNet/b88bcf33f25c6cb15b4f129f868dedb,mug/ShapeNet/24651c3767aa5089e19f4cee87249aca,True,mug,mug,1,"['the', 'body', 'is', 'narrow', '-er']",5,the body is narrow -er,val,train,val,train,"[1, 10, 45, 7, 210, 9, 2, 0, 0, 0, 0, 0, 0, 0, 0, 0, 0, 0]",body
142274,user_390,The handle is wider,37C0GNLMHHWZ2UD3JNF4E7IHRAPD6B,43.0,604fcae9d93201d9d7f470ee20dce9e0,mug,ShapeNet,3143a4accdc23349cac584186c95ce9b,mug,ShapeNet,False,mug/ShapeNet/3143a4accdc23349cac584186c95ce9b,mug/ShapeNet/604fcae9d93201d9d7f470ee20dce9e0,False,mug,mug,1,"['the', 'handle', 'is', 'wide', '-er']",5,the handle is wide -er,train,train,train,train,"[1, 10, 29, 7, 83, 9, 2, 0, 0, 0, 0, 0, 0, 0, 0, 0, 0, 0]",handle
142276,user_242,Handle looks kind of like an ear,3YWRV122CUS8NA7DYX2R8LIWJ6N8UH,60.0,b811555ccf5ef6c4948fa2daa427fe1f,mug,ShapeNet,c6b24bf0a011b100d536be1f5e11c560,mug,ShapeNet,False,mug/ShapeNet/c6b24bf0a011b100d536be1f5e11c560,mug/ShapeNet/b811555ccf5ef6c4948fa2daa427fe1f,False,mug,mug,1,"['handle', 'looks', 'kind', 'of', 'like', 'an', 'ear']",7,handle looks kind of like an ear,train,train,train,train,"[1, 29, 33, 1136, 38, 35, 72, 672, 2, 0, 0, 0, 0, 0, 0, 0, 0, 0]",handle
142277,user_1886,It has a smaller handle,3RXCAC0YITIPIS6IESDA46H5AY8G8P,47.0,b811555ccf5ef6c4948fa2daa427fe1f,mug,ShapeNet,c6b24bf0a011b100d536be1f5e11c560,mug,ShapeNet,False,mug/ShapeNet/c6b24bf0a011b100d536be1f5e11c560,mug/ShapeNet/b811555ccf5ef6c4948fa2daa427fe1f,False,mug,mug,1,"['it', 'has', 'a', 'small', '-er', 'handle']",6,it has a small -er handle,train,train,train,train,"[1, 23, 24, 26, 111, 9, 29, 2, 0, 0, 0, 0, 0, 0, 0, 0, 0, 0]",handle
142279,user_1416,The handle spans the entire side from top and bottom.,3GD6L00D3UQ7Z2IJQA2Q21EUSEHM1M,344.0,9961ccbafd59cb03fe36eb2ab5fa00e0,mug,ShapeNet,f99e19b8c4a729353deb88581ea8417a,mug,ShapeNet,False,mug/ShapeNet/f99e19b8c4a729353deb88581ea8417a,mug/ShapeNet/9961ccbafd59cb03fe36eb2ab5fa00e0,True,mug,mug,1,"['the', 'handle', 'spans', 'the', 'entire', 'side', 'from', 'top', 'and', 'bottom']",10,the handle spans the entire side from top and bottom,train,train,train,train,"[1, 10, 29, 1250, 10, 516, 22, 113, 99, 47, 76, 2, 0, 0, 0, 0, 0, 0]",handle
142281,user_1886,It has a taller body,3E337GFOLB1ALZTMKU2TM370ZT7NGK,54.0,cc5b14ef71e87e9165ba97214ebde03,mug,ShapeNet,4815b8a6406494662a96924bce6ef687,mug,ShapeNet,False,mug/ShapeNet/4815b8a6406494662a96924bce6ef687,mug/ShapeNet/cc5b14ef71e87e9165ba97214ebde03,False,mug,mug,1,"['it', 'has', 'a', 'tall', '-er', 'body']",6,it has a tall -er body,train,train,train,train,"[1, 23, 24, 26, 53, 9, 45, 2, 0, 0, 0, 0, 0, 0, 0, 0, 0, 0]",body
142286,user_242,Handle is sharper,3SEPORI8WPS3SXU21ILDL436BC1ZA0,58.0,99eaa69cf6fe8811dec712af445786fe,mug,ShapeNet,c2e411ed6061a25ef06800d5696e457f,mug,ShapeNet,False,mug/ShapeNet/c2e411ed6061a25ef06800d5696e457f,mug/ShapeNet/99eaa69cf6fe8811dec712af445786fe,False,mug,mug,1,"['handle', 'is', 'sharp', '-er']",4,handle is sharp -er,train,train,train,train,"[1, 29, 7, 206, 9, 2, 0, 0, 0, 0, 0, 0, 0, 0, 0, 0, 0, 0]",handle
142289,user_456,The target has no handle.,3X4MXAO0BIHRXJBES6NSHQYYUDDRW0,55.0,8f550770386a6cf82f23d8349a133d2b,mug,ShapeNet,659192a6ba300f1f4293529704725d98,mug,ShapeNet,False,mug/ShapeNet/659192a6ba300f1f4293529704725d98,mug/ShapeNet/8f550770386a6cf82f23d8349a133d2b,True,mug,mug,1,"['the', 'target', 'has', 'no', 'handle']",5,the target has no handle,train,train,train,train,"[1, 10, 11, 24, 123, 29, 2, 0, 0, 0, 0, 0, 0, 0, 0, 0, 0, 0]",handle
142292,user_1886,The bottom is smaller than rest of the body,3EJPLAJKEO925VIZB5415Z1KFSX6Z1,97.0,513c3410e8354e5211c7f3807925346a,mug,ShapeNet,67b9abb424cf22a22d7082a28b056a5,mug,ShapeNet,False,mug/ShapeNet/67b9abb424cf22a22d7082a28b056a5,mug/ShapeNet/513c3410e8354e5211c7f3807925346a,False,mug,mug,1,"['the', 'bottom', 'is', 'small', '-er', 'than', 'rest', 'of', 'the', 'body']",10,the bottom is small -er than rest of the body,train,train,train,train,"[1, 10, 76, 7, 111, 9, 131, 1154, 38, 10, 45, 2, 0, 0, 0, 0, 0, 0]",body
142293,user_1964,the handle is more rounded C shape,38YMOXR4MWSYB0DU0IKU6V72YR96WT,98.0,513c3410e8354e5211c7f3807925346a,mug,ShapeNet,67b9abb424cf22a22d7082a28b056a5,mug,ShapeNet,False,mug/ShapeNet/67b9abb424cf22a22d7082a28b056a5,mug/ShapeNet/513c3410e8354e5211c7f3807925346a,False,mug,mug,1,"['the', 'handle', 'is', 'more', 'rounded', 'c', 'shape']",7,the handle is more rounded c shape,train,train,train,train,"[1, 10, 29, 7, 34, 48, 1682, 93, 2, 0, 0, 0, 0, 0, 0, 0, 0, 0]",handle
142296,user_1886,It has a C shaped handle,3WLEIWSYHQASW9Z4IHMRFFG33YT2H7,62.0,f3a7f8198cc50c225f5e789acd4d1122,mug,ShapeNet,1a1c0a8d4bad82169f0594e65f756cf5,mug,ShapeNet,False,mug/ShapeNet/1a1c0a8d4bad82169f0594e65f756cf5,mug/ShapeNet/f3a7f8198cc50c225f5e789acd4d1122,False,mug,mug,1,"['it', 'has', 'a', 'c', 'shaped', 'handle']",6,it has a c shaped handle,train,train,train,train,"[1, 23, 24, 26, 1682, 14, 29, 2, 0, 0, 0, 0, 0, 0, 0, 0, 0, 0]",handle
142297,user_1964,the handle is wider lengthwise,37UQDCYH6ZO40BRUTIKQQ7OKMU77V1,42.0,f3a7f8198cc50c225f5e789acd4d1122,mug,ShapeNet,1a1c0a8d4bad82169f0594e65f756cf5,mug,ShapeNet,False,mug/ShapeNet/1a1c0a8d4bad82169f0594e65f756cf5,mug/ShapeNet/f3a7f8198cc50c225f5e789acd4d1122,False,mug,mug,1,"['the', 'handle', 'is', 'wide', '-er', 'length', 'wise']",7,the handle is wide -er length wise,train,train,train,train,"[1, 10, 29, 7, 83, 9, 155, 359, 2, 0, 0, 0, 0, 0, 0, 0, 0, 0]",handle
142298,user_242,body is wider,3OHYZ19UGEYRTTGVZ9AW56W2R83OAS,23.0,edaf960fb6afdadc4cebc4b5998de5d0,mug,ShapeNet,71ca4fc9c8c29fa8d5abaf84513415a2,mug,ShapeNet,False,mug/ShapeNet/71ca4fc9c8c29fa8d5abaf84513415a2,mug/ShapeNet/edaf960fb6afdadc4cebc4b5998de5d0,False,mug,mug,1,"['body', 'is', 'wide', '-er']",4,body is wide -er,train,train,train,train,"[1, 45, 7, 83, 9, 2, 0, 0, 0, 0, 0, 0, 0, 0, 0, 0, 0, 0]",body
142301,user_1105,the bottom of the handle attaches at a right angle,3SITXWYCNX2J6CZF6EXOJU71LTHBX1,124.0,2997f21fa426e18a6ab1a25d0e8f3590,mug,ShapeNet,a637500654ca8d16c97cfc3e8a6b1d16,mug,ShapeNet,False,mug/ShapeNet/a637500654ca8d16c97cfc3e8a6b1d16,mug/ShapeNet/2997f21fa426e18a6ab1a25d0e8f3590,True,mug,mug,1,"['the', 'bottom', 'of', 'the', 'handle', 'attaches', 'at', 'a', 'right', 'angle']",10,the bottom of the handle attaches at a right angle,train,train,train,train,"[1, 10, 76, 38, 10, 29, 153, 98, 26, 118, 106, 2, 0, 0, 0, 0, 0, 0]",handle
142302,user_485,Target mug has a narrower handle.,3BWI6RSP7I2NY058YSVGQ30YMXDE77,80.0,2997f21fa426e18a6ab1a25d0e8f3590,mug,ShapeNet,ea127b5b9ba0696967699ff4ba91a25,mug,ShapeNet,False,mug/ShapeNet/ea127b5b9ba0696967699ff4ba91a25,mug/ShapeNet/2997f21fa426e18a6ab1a25d0e8f3590,True,mug,mug,1,"['target', 'mug', 'has', 'a', 'narrow', '-er', 'handle']",7,target mug has a narrow -er handle,train,train,train,train,"[1, 11, 1684, 24, 26, 210, 9, 29, 2, 0, 0, 0, 0, 0, 0, 0, 0, 0]",handle
142303,user_1461,Has a smaller handle,340UGXU9D0U6YM3Q6QD10Z24U3FVUY,45.0,2997f21fa426e18a6ab1a25d0e8f3590,mug,ShapeNet,ea127b5b9ba0696967699ff4ba91a25,mug,ShapeNet,False,mug/ShapeNet/ea127b5b9ba0696967699ff4ba91a25,mug/ShapeNet/2997f21fa426e18a6ab1a25d0e8f3590,True,mug,mug,1,"['has', 'a', 'small', '-er', 'handle']",5,has a small -er handle,train,train,train,train,"[1, 24, 26, 111, 9, 29, 2, 0, 0, 0, 0, 0, 0, 0, 0, 0, 0, 0]",handle
142318,user_225,The mug has a handle.,3EWIJTFFVQ09GP5ODTA7BOQBEJ50ER,106.0,1038e4eac0e18dcce02ae6d2a21d494a,mug,ShapeNet,9d8c711750a73b06ad1d789f3b2120d0,mug,ShapeNet,False,mug/ShapeNet/9d8c711750a73b06ad1d789f3b2120d0,mug/ShapeNet/1038e4eac0e18dcce02ae6d2a21d494a,False,mug,mug,1,"['the', 'mug', 'has', 'a', 'handle']",5,the mug has a handle,train,train,train,train,"[1, 10, 1684, 24, 26, 29, 2, 0, 0, 0, 0, 0, 0, 0, 0, 0, 0, 0]",handle
142321,user_920,The target's handle curls at the bottom.,3WRFBPLXRCH9RNHYPFV939IRVNON3W,52.0,f23a544c04e2f5ccb50d0c6a0c254040,mug,ShapeNet,85d5e7be548357baee0fa456543b8166,mug,ShapeNet,False,mug/ShapeNet/85d5e7be548357baee0fa456543b8166,mug/ShapeNet/f23a544c04e2f5ccb50d0c6a0c254040,True,mug,mug,1,"['the', 'target', ""'s"", 'handle', 'curls', 'at', 'the', 'bottom']",8,the target 's handle curls at the bottom,train,train,train,train,"[1, 10, 11, 12, 29, 376, 98, 10, 76, 2, 0, 0, 0, 0, 0, 0, 0, 0]",handle
142322,user_1886,It has a C shaped handle,386CSBG1O1FTR3H8O9LOE6PGAPGQ6V,103.0,32e197b8118b3ff6a4bd4f46ba404890,mug,ShapeNet,9af98540f45411467246665d3d3724c,mug,ShapeNet,False,mug/ShapeNet/9af98540f45411467246665d3d3724c,mug/ShapeNet/32e197b8118b3ff6a4bd4f46ba404890,True,mug,mug,1,"['it', 'has', 'a', 'c', 'shaped', 'handle']",6,it has a c shaped handle,test,train,test,train,"[1, 23, 24, 26, 1682, 14, 29, 2, 0, 0, 0, 0, 0, 0, 0, 0, 0, 0]",handle
142323,user_1964,the handle is C shaped,3WETL7AQWV151YBSLFZN9SI5433535,104.0,32e197b8118b3ff6a4bd4f46ba404890,mug,ShapeNet,9af98540f45411467246665d3d3724c,mug,ShapeNet,False,mug/ShapeNet/9af98540f45411467246665d3d3724c,mug/ShapeNet/32e197b8118b3ff6a4bd4f46ba404890,True,mug,mug,1,"['the', 'handle', 'is', 'c', 'shaped']",5,the handle is c shaped,test,train,test,train,"[1, 10, 29, 7, 1682, 14, 2, 0, 0, 0, 0, 0, 0, 0, 0, 0, 0, 0]",handle
142324,user_390,There is another handle like thing right from the handle,3SBEHTYCWPWITP3VHKB7OVINIPQIYI,102.0,df026976dc03197213ac44947b92716e,mug,ShapeNet,cc5b14ef71e87e9165ba97214ebde03,mug,ShapeNet,False,mug/ShapeNet/cc5b14ef71e87e9165ba97214ebde03,mug/ShapeNet/df026976dc03197213ac44947b92716e,True,mug,mug,1,"['there', 'is', 'another', 'handle', 'like', 'thing', 'right', 'from', 'the', 'handle']",10,there is another handle like thing right from the handle,train,train,train,train,"[1, 15, 7, 518, 29, 35, 285, 118, 113, 10, 29, 2, 0, 0, 0, 0, 0, 0]",handle
142325,user_1416,It doesn't have a 'D' handle.,35DR22AR5FDE3HV2RLII1B9PX2CX36,82.0,df026976dc03197213ac44947b92716e,mug,ShapeNet,cc5b14ef71e87e9165ba97214ebde03,mug,ShapeNet,False,mug/ShapeNet/cc5b14ef71e87e9165ba97214ebde03,mug/ShapeNet/df026976dc03197213ac44947b92716e,True,mug,mug,1,"['it', 'does', 'not', 'have', 'a', 'd', 'handle']",7,it does not have a d handle,train,train,train,train,"[1, 23, 39, 40, 84, 26, 1683, 29, 2, 0, 0, 0, 0, 0, 0, 0, 0, 0]",handle
142333,user_1886,It has a thicker handle,3JWH6J9I9U6EUILB48AFLSG3JF5BNF,59.0,ff1a44e1c1785d618bca309f2c51966a,mug,ShapeNet,bed29baf625ce9145b68309557f3a78c,mug,ShapeNet,False,mug/ShapeNet/bed29baf625ce9145b68309557f3a78c,mug/ShapeNet/ff1a44e1c1785d618bca309f2c51966a,True,mug,mug,1,"['it', 'has', 'a', 'thick', '-er', 'handle']",6,it has a thick -er handle,train,train,train,train,"[1, 23, 24, 26, 54, 9, 29, 2, 0, 0, 0, 0, 0, 0, 0, 0, 0, 0]",handle
142334,user_1191,The target does not have a handle.,3RANCT1ZVHARP85K19M1ZN8XRBYBU7,40.0,c51b79493419eccdc1584fff35347dc6,mug,ShapeNet,27119d9b2167080ec190cb14324769d,mug,ShapeNet,False,mug/ShapeNet/27119d9b2167080ec190cb14324769d,mug/ShapeNet/c51b79493419eccdc1584fff35347dc6,True,mug,mug,1,"['the', 'target', 'does', 'not', 'have', 'a', 'handle']",7,the target does not have a handle,train,train,train,train,"[1, 10, 11, 39, 40, 84, 26, 29, 2, 0, 0, 0, 0, 0, 0, 0, 0, 0]",handle
142335,user_1886,It has no handle,3LRLIPTPES2832VG1HI3YPFT72FAKE,109.0,c51b79493419eccdc1584fff35347dc6,mug,ShapeNet,27119d9b2167080ec190cb14324769d,mug,ShapeNet,False,mug/ShapeNet/27119d9b2167080ec190cb14324769d,mug/ShapeNet/c51b79493419eccdc1584fff35347dc6,True,mug,mug,1,"['it', 'has', 'no', 'handle']",4,it has no handle,train,train,train,train,"[1, 23, 24, 123, 29, 2, 0, 0, 0, 0, 0, 0, 0, 0, 0, 0, 0, 0]",handle
142337,user_1885,"the edges of its handle are rounded, not flat",3OB0CAO74JIIXUSBB2TMOJH8ICCYH6,135.0,4f9f31db3c3873692a6f53dd95fd4468,mug,ShapeNet,7a8ea24474846c5c2f23d8349a133d2b,mug,ShapeNet,False,mug/ShapeNet/7a8ea24474846c5c2f23d8349a133d2b,mug/ShapeNet/4f9f31db3c3873692a6f53dd95fd4468,False,mug,mug,1,"['the', 'edges', 'of', 'its', 'handle', 'are', 'rounded', 'not', 'flat']",9,the edges of its handle are rounded not flat,train,train,train,train,"[1, 10, 325, 38, 5, 29, 16, 48, 40, 129, 2, 0, 0, 0, 0, 0, 0, 0]",handle
142341,user_1886,It has a wider body,3E1QT0TDFR23EJCD4GDDPIULPB0I8J,44.0,e363fa24c824d20ca363b55cbd344baa,mug,ShapeNet,73b8b6456221f4ea20d3c05c08e26f,mug,ShapeNet,False,mug/ShapeNet/73b8b6456221f4ea20d3c05c08e26f,mug/ShapeNet/e363fa24c824d20ca363b55cbd344baa,True,mug,mug,1,"['it', 'has', 'a', 'wide', '-er', 'body']",6,it has a wide -er body,val,train,val,train,"[1, 23, 24, 26, 83, 9, 45, 2, 0, 0, 0, 0, 0, 0, 0, 0, 0, 0]",body
142345,user_1886,It has a taller body,3G0WWMR1UXD1YON0NQ75GHB25F5NQ2,73.0,43e1cabc5dd2fa91fffc97a61124b1a9,mug,ShapeNet,4d9764afa3fbeb1b6c69dceb67157a66,mug,ShapeNet,False,mug/ShapeNet/4d9764afa3fbeb1b6c69dceb67157a66,mug/ShapeNet/43e1cabc5dd2fa91fffc97a61124b1a9,False,mug,mug,1,"['it', 'has', 'a', 'tall', '-er', 'body']",6,it has a tall -er body,train,train,train,train,"[1, 23, 24, 26, 53, 9, 45, 2, 0, 0, 0, 0, 0, 0, 0, 0, 0, 0]",body
142346,user_456,The target has a rod shaped handle that entends out on both ends.,3BGYGHDBBZDOHJWMZWJKSBA1EEX229,214.0,edaf960fb6afdadc4cebc4b5998de5d0,mug,ShapeNet,b9f9f5b48ab1153626829c11d9aba173,mug,ShapeNet,False,mug/ShapeNet/b9f9f5b48ab1153626829c11d9aba173,mug/ShapeNet/edaf960fb6afdadc4cebc4b5998de5d0,True,mug,mug,1,"['the', 'target', 'has', 'a', 'rod', 'shaped', 'handle', 'that', 'extends', 'out', 'on', 'both', 'ends']",13,the target has a rod shaped handle that extends out on both ends,train,train,train,train,"[1, 10, 11, 24, 26, 328, 14, 29, 172, 77, 89, 20, 470, 247, 2, 0, 0, 0]",handle
142350,user_1456,"It has a ""c"" handle",3PIWWX1FJLZOTBS2D2V4Q9IZI1JJJG,238.0,a0c78f254b037f88933dc172307a6bb9,mug,ShapeNet,edaf960fb6afdadc4cebc4b5998de5d0,mug,ShapeNet,False,mug/ShapeNet/edaf960fb6afdadc4cebc4b5998de5d0,mug/ShapeNet/a0c78f254b037f88933dc172307a6bb9,True,mug,mug,1,"['it', 'has', 'a', 'c', 'handle']",5,it has a c handle,train,train,train,train,"[1, 23, 24, 26, 1682, 29, 2, 0, 0, 0, 0, 0, 0, 0, 0, 0, 0, 0]",handle
142351,user_1461,Has a C handle,3LS2AMNW5HJJG9NCO57IV6B7VPDOQL,20.0,a0c78f254b037f88933dc172307a6bb9,mug,ShapeNet,edaf960fb6afdadc4cebc4b5998de5d0,mug,ShapeNet,False,mug/ShapeNet/edaf960fb6afdadc4cebc4b5998de5d0,mug/ShapeNet/a0c78f254b037f88933dc172307a6bb9,True,mug,mug,1,"['has', 'a', 'c', 'handle']",4,has a c handle,train,train,train,train,"[1, 24, 26, 1682, 29, 2, 0, 0, 0, 0, 0, 0, 0, 0, 0, 0, 0, 0]",handle
142355,user_1601,It has a very short handle.,3E4GGUZ1TAKJYZ0CO2POS7WVVEPK2J,96.0,5c48d471200d2bf16e8a121e6886e18d,mug,ShapeNet,b7841572364fd9ce1249ffc39a0c3c0b,mug,ShapeNet,False,mug/ShapeNet/b7841572364fd9ce1249ffc39a0c3c0b,mug/ShapeNet/5c48d471200d2bf16e8a121e6886e18d,False,mug,mug,1,"['it', 'has', 'a', 'very', 'short', 'handle']",6,it has a very short handle,train,train,train,train,"[1, 23, 24, 26, 62, 8, 29, 2, 0, 0, 0, 0, 0, 0, 0, 0, 0, 0]",handle
142356,user_242,Handle is longer,3YJ6NA41JD9KFMV08F0ON54BR0OJPF,67.0,85a2511c375b5b32f72755048bac3f96,mug,ShapeNet,b811555ccf5ef6c4948fa2daa427fe1f,mug,ShapeNet,False,mug/ShapeNet/b811555ccf5ef6c4948fa2daa427fe1f,mug/ShapeNet/85a2511c375b5b32f72755048bac3f96,True,mug,mug,1,"['handle', 'is', 'long', '-er']",4,handle is long -er,train,train,train,train,"[1, 29, 7, 32, 9, 2, 0, 0, 0, 0, 0, 0, 0, 0, 0, 0, 0, 0]",handle
142357,user_1105,the bottom of the handle attaches at a right angle,3BWI6RSP7I2NY058YSVGQ30YMXFE79,62.0,85a2511c375b5b32f72755048bac3f96,mug,ShapeNet,b811555ccf5ef6c4948fa2daa427fe1f,mug,ShapeNet,False,mug/ShapeNet/b811555ccf5ef6c4948fa2daa427fe1f,mug/ShapeNet/85a2511c375b5b32f72755048bac3f96,True,mug,mug,1,"['the', 'bottom', 'of', 'the', 'handle', 'attaches', 'at', 'a', 'right', 'angle']",10,the bottom of the handle attaches at a right angle,train,train,train,train,"[1, 10, 76, 38, 10, 29, 153, 98, 26, 118, 106, 2, 0, 0, 0, 0, 0, 0]",handle
142362,user_242,handle is thinner,3V5Q80FXIZKD21S53WXPBLFTKTC322,40.0,44f9c4e1ea3532b8d7b20fded0142d7a,mug,ShapeNet,b46e89995f4f9cc5161e440f04bd2a2,mug,ShapeNet,False,mug/ShapeNet/b46e89995f4f9cc5161e440f04bd2a2,mug/ShapeNet/44f9c4e1ea3532b8d7b20fded0142d7a,False,mug,mug,1,"['handle', 'is', 'thin', '-er']",4,handle is thin -er,train,train,train,train,"[1, 29, 7, 60, 9, 2, 0, 0, 0, 0, 0, 0, 0, 0, 0, 0, 0, 0]",handle
142363,user_1886,It has a smaller body,3VNL7UK1XHC22C2B66INDHDGNVOTFL,40.0,44f9c4e1ea3532b8d7b20fded0142d7a,mug,ShapeNet,b46e89995f4f9cc5161e440f04bd2a2,mug,ShapeNet,False,mug/ShapeNet/b46e89995f4f9cc5161e440f04bd2a2,mug/ShapeNet/44f9c4e1ea3532b8d7b20fded0142d7a,False,mug,mug,1,"['it', 'has', 'a', 'small', '-er', 'body']",6,it has a small -er body,train,train,train,train,"[1, 23, 24, 26, 111, 9, 45, 2, 0, 0, 0, 0, 0, 0, 0, 0, 0, 0]",body
142368,user_1416,The handle is thicker.,3LOZAJ85YF6PIZZJNL4DI14XRN3X2K,431.0,99eaa69cf6fe8811dec712af445786fe,mug,ShapeNet,ec846432f3ebedf0a6f32a8797e3b9e9,mug,ShapeNet,False,mug/ShapeNet/ec846432f3ebedf0a6f32a8797e3b9e9,mug/ShapeNet/99eaa69cf6fe8811dec712af445786fe,True,mug,mug,1,"['the', 'handle', 'is', 'thick', '-er']",5,the handle is thick -er,train,train,train,train,"[1, 10, 29, 7, 54, 9, 2, 0, 0, 0, 0, 0, 0, 0, 0, 0, 0, 0]",handle
142372,user_505,Target has a thicker handle,3YOH7BII0B0SVQYECC9ZUCT6SDQVKC,30.0,128ecbc10df5b05d96eaf1340564a4de,mug,ShapeNet,34869e23f9fdee027528ae0782b54aae,mug,ShapeNet,False,mug/ShapeNet/34869e23f9fdee027528ae0782b54aae,mug/ShapeNet/128ecbc10df5b05d96eaf1340564a4de,False,mug,mug,1,"['target', 'has', 'a', 'thick', '-er', 'handle']",6,target has a thick -er handle,train,train,train,train,"[1, 11, 24, 26, 54, 9, 29, 2, 0, 0, 0, 0, 0, 0, 0, 0, 0, 0]",handle
142374,user_1461,Has a smaller handle,3B3WTRP3DDVZH3HLK5YZ2YIFKKE298,78.0,61c10dccfa8e508e2d66cbf6a91063,mug,ShapeNet,b98fa11a567f644344b25d683fe71de,mug,ShapeNet,False,mug/ShapeNet/b98fa11a567f644344b25d683fe71de,mug/ShapeNet/61c10dccfa8e508e2d66cbf6a91063,True,mug,mug,1,"['has', 'a', 'small', '-er', 'handle']",5,has a small -er handle,train,train,train,train,"[1, 24, 26, 111, 9, 29, 2, 0, 0, 0, 0, 0, 0, 0, 0, 0, 0, 0]",handle
142375,user_1964,the body is split,3V0Z7YWSI0TXEAUON63VUG7CBEL2VG,33.0,61c10dccfa8e508e2d66cbf6a91063,mug,ShapeNet,b98fa11a567f644344b25d683fe71de,mug,ShapeNet,False,mug/ShapeNet/b98fa11a567f644344b25d683fe71de,mug/ShapeNet/61c10dccfa8e508e2d66cbf6a91063,True,mug,mug,1,"['the', 'body', 'is', 'split']",4,the body is split,train,train,train,train,"[1, 10, 45, 7, 1269, 2, 0, 0, 0, 0, 0, 0, 0, 0, 0, 0, 0, 0]",body
142376,user_1601,Its' body is much shorter.,3F6HPJW4JFTATZUTDG8RGIQQILY2WX,146.0,f1c5b9bb744afd96d6e1954365b10b52,mug,ShapeNet,92d6394732e6058d4bcbafcc905a9b98,mug,ShapeNet,False,mug/ShapeNet/92d6394732e6058d4bcbafcc905a9b98,mug/ShapeNet/f1c5b9bb744afd96d6e1954365b10b52,False,mug,mug,1,"['its', ""'"", 'body', 'is', 'much', 'short', '-er']",7,its ' body is much short -er,train,train,train,train,"[1, 5, 587, 45, 7, 59, 8, 9, 2, 0, 0, 0, 0, 0, 0, 0, 0, 0]",body
142377,user_1886,It has a smaller body,32M8BPYGAVFI7YIVNEP1HVBJDUDGIX,46.0,f1c5b9bb744afd96d6e1954365b10b52,mug,ShapeNet,92d6394732e6058d4bcbafcc905a9b98,mug,ShapeNet,False,mug/ShapeNet/92d6394732e6058d4bcbafcc905a9b98,mug/ShapeNet/f1c5b9bb744afd96d6e1954365b10b52,False,mug,mug,1,"['it', 'has', 'a', 'small', '-er', 'body']",6,it has a small -er body,train,train,train,train,"[1, 23, 24, 26, 111, 9, 45, 2, 0, 0, 0, 0, 0, 0, 0, 0, 0, 0]",body
142385,user_789,THe handle is wider.,3DL65MZB8F8TAH04P93R6PSCN84CEY,51.0,48e260a614c0fd4434a8988fdcee4fde,mug,ShapeNet,a0c78f254b037f88933dc172307a6bb9,mug,ShapeNet,False,mug/ShapeNet/a0c78f254b037f88933dc172307a6bb9,mug/ShapeNet/48e260a614c0fd4434a8988fdcee4fde,True,mug,mug,1,"['the', 'handle', 'is', 'wide', '-er']",5,the handle is wide -er,train,train,train,train,"[1, 10, 29, 7, 83, 9, 2, 0, 0, 0, 0, 0, 0, 0, 0, 0, 0, 0]",handle
142387,user_255,The mug has a C shaped handle and is longer.,3IJXV6UZ1ZC9WOR93PJDGZPQF3TIR0,206.0,214dbcace712e49de195a69ef7c885a4,mug,ShapeNet,9af98540f45411467246665d3d3724c,mug,ShapeNet,False,mug/ShapeNet/9af98540f45411467246665d3d3724c,mug/ShapeNet/214dbcace712e49de195a69ef7c885a4,False,mug,mug,1,"['the', 'mug', 'has', 'a', 'c', 'shaped', 'handle', 'and', 'is', 'long', '-er']",11,the mug has a c shaped handle and is long -er,test,train,test,train,"[1, 10, 1684, 24, 26, 1682, 14, 29, 47, 7, 32, 9, 2, 0, 0, 0, 0, 0]",handle
142389,user_1416,The handle does not resemble a paper clip.,3OONKJ5DKECWC3LN5NAS0HG89QKOBJ,96.0,eecb13f61a93b4048f58d8b19de93f99,mug,ShapeNet,513c3410e8354e5211c7f3807925346a,mug,ShapeNet,False,mug/ShapeNet/513c3410e8354e5211c7f3807925346a,mug/ShapeNet/eecb13f61a93b4048f58d8b19de93f99,False,mug,mug,1,"['the', 'handle', 'does', 'not', 'resemble', 'a', 'paper', 'clip']",8,the handle does not resemble a paper clip,train,train,train,train,"[1, 10, 29, 39, 40, 833, 26, 1619, 1522, 2, 0, 0, 0, 0, 0, 0, 0, 0]",handle
142390,user_242,Handle is rounder,3DZQRBDBSN867093XBCV23SXINA3S4,53.0,387b695db51190d3be276203d0b1a33f,mug,ShapeNet,403fb4eb4fc6235adf0c7dbe7f8f4c8e,mug,ShapeNet,False,mug/ShapeNet/403fb4eb4fc6235adf0c7dbe7f8f4c8e,mug/ShapeNet/387b695db51190d3be276203d0b1a33f,False,mug,mug,1,"['handle', 'is', 'round', '-er']",4,handle is round -er,val,train,val,train,"[1, 29, 7, 134, 9, 2, 0, 0, 0, 0, 0, 0, 0, 0, 0, 0, 0, 0]",handle
142391,user_1886,It has a taller body,3LS2AMNW5HJJG9NCO57IV6B7VPFQOP,37.0,387b695db51190d3be276203d0b1a33f,mug,ShapeNet,403fb4eb4fc6235adf0c7dbe7f8f4c8e,mug,ShapeNet,False,mug/ShapeNet/403fb4eb4fc6235adf0c7dbe7f8f4c8e,mug/ShapeNet/387b695db51190d3be276203d0b1a33f,False,mug,mug,1,"['it', 'has', 'a', 'tall', '-er', 'body']",6,it has a tall -er body,val,train,val,train,"[1, 23, 24, 26, 53, 9, 45, 2, 0, 0, 0, 0, 0, 0, 0, 0, 0, 0]",body
142392,user_1416,It is handleless.,3I33IC7ZWHVDMMRQCBCZYTTZQ33A24,58.0,214dbcace712e49de195a69ef7c885a4,mug,ShapeNet,1038e4eac0e18dcce02ae6d2a21d494a,mug,ShapeNet,False,mug/ShapeNet/1038e4eac0e18dcce02ae6d2a21d494a,mug/ShapeNet/214dbcace712e49de195a69ef7c885a4,False,mug,mug,1,"['it', 'is', 'handleless']",3,it is handleless,train,train,train,train,"[1, 23, 7, 1706, 2, 0, 0, 0, 0, 0, 0, 0, 0, 0, 0, 0, 0, 0]",handle
142394,user_242,handle is not D shaped,3OF2M9AATIH94A3OD9Y2FI62GO1ZKL,47.0,1bc5d303ff4d6e7e1113901b72a68e7c,mug,ShapeNet,e9499e4a9f632725d6e865157050a80e,mug,ShapeNet,False,mug/ShapeNet/e9499e4a9f632725d6e865157050a80e,mug/ShapeNet/1bc5d303ff4d6e7e1113901b72a68e7c,False,mug,mug,1,"['handle', 'is', 'not', 'd', 'shaped']",5,handle is not d shaped,train,train,train,train,"[1, 29, 7, 40, 1683, 14, 2, 0, 0, 0, 0, 0, 0, 0, 0, 0, 0, 0]",handle
142397,user_1886,It has a thinner handle,36ZN444YTTR6ZBZTBX29M4KL4FTOIF,44.0,3d1754b7cb46c0ce5c8081810641ef6,mug,ShapeNet,34ae0b61b0d8aaf2d7b20fded0142d7a,mug,ShapeNet,False,mug/ShapeNet/34ae0b61b0d8aaf2d7b20fded0142d7a,mug/ShapeNet/3d1754b7cb46c0ce5c8081810641ef6,False,mug,mug,1,"['it', 'has', 'a', 'thin', '-er', 'handle']",6,it has a thin -er handle,train,train,train,train,"[1, 23, 24, 26, 60, 9, 29, 2, 0, 0, 0, 0, 0, 0, 0, 0, 0, 0]",handle
142402,user_456,The target has a c shaped handle.,3U8YCDAGXR9YDSVTMK5755FPXMX0Q7,64.0,633379db14d4d2b287dd60af81c93a3c,mug,ShapeNet,c51b79493419eccdc1584fff35347dc6,mug,ShapeNet,False,mug/ShapeNet/c51b79493419eccdc1584fff35347dc6,mug/ShapeNet/633379db14d4d2b287dd60af81c93a3c,False,mug,mug,1,"['the', 'target', 'has', 'a', 'c', 'shaped', 'handle']",7,the target has a c shaped handle,train,train,train,train,"[1, 10, 11, 24, 26, 1682, 14, 29, 2, 0, 0, 0, 0, 0, 0, 0, 0, 0]",handle
142404,user_1764,The handle has curved edges,320DUZ38G9FE29215WA1TWQJQ96JGG,55.0,f09e51579600cfbb88b651d2e4ea0846,mug,ShapeNet,f3a7f8198cc50c225f5e789acd4d1122,mug,ShapeNet,False,mug/ShapeNet/f3a7f8198cc50c225f5e789acd4d1122,mug/ShapeNet/f09e51579600cfbb88b651d2e4ea0846,True,mug,mug,1,"['the', 'handle', 'has', 'curved', 'edges']",5,the handle has curved edges,train,train,train,train,"[1, 10, 29, 24, 51, 325, 2, 0, 0, 0, 0, 0, 0, 0, 0, 0, 0, 0]",handle
142405,user_1964,the handle flares at the bottom and is not as elaborate,33SA9F9TRZN2OF69603SIJZFFPWWE3,46.0,f09e51579600cfbb88b651d2e4ea0846,mug,ShapeNet,f3a7f8198cc50c225f5e789acd4d1122,mug,ShapeNet,False,mug/ShapeNet/f3a7f8198cc50c225f5e789acd4d1122,mug/ShapeNet/f09e51579600cfbb88b651d2e4ea0846,True,mug,mug,1,"['the', 'handle', 'flares', 'at', 'the', 'bottom', 'and', 'is', 'not', 'as', 'elaborate']",11,the handle flares at the bottom and is not as elaborate,train,train,train,train,"[1, 10, 29, 381, 98, 10, 76, 47, 7, 40, 52, 1057, 2, 0, 0, 0, 0, 0]",handle
142408,user_1105,the handle is simple/roughly C-shaped,3ZPPDN2SLXPRCJT1DPT04ZR4HN39EG,110.0,1c9f9e25c654cbca3c71bf3f4dd78475,mug,ShapeNet,32e197b8118b3ff6a4bd4f46ba404890,mug,ShapeNet,False,mug/ShapeNet/32e197b8118b3ff6a4bd4f46ba404890,mug/ShapeNet/1c9f9e25c654cbca3c71bf3f4dd78475,True,mug,mug,1,"['the', 'handle', 'is', 'simple', 'roughly', 'c', 'shaped']",7,the handle is simple roughly c shaped,train,train,train,train,"[1, 10, 29, 7, 421, 994, 1682, 14, 2, 0, 0, 0, 0, 0, 0, 0, 0, 0]",handle
142410,user_242,handle is thicker,3PPTZCWALSDVFD1JQEIZB4IBFURZQB,40.0,d38295b8d83e8cdec712af445786fe,mug,ShapeNet,1bc5d303ff4d6e7e1113901b72a68e7c,mug,ShapeNet,False,mug/ShapeNet/1bc5d303ff4d6e7e1113901b72a68e7c,mug/ShapeNet/d38295b8d83e8cdec712af445786fe,True,mug,mug,1,"['handle', 'is', 'thick', '-er']",4,handle is thick -er,train,train,train,train,"[1, 29, 7, 54, 9, 2, 0, 0, 0, 0, 0, 0, 0, 0, 0, 0, 0, 0]",handle
142415,user_1764,There is a flared handle,3EFVCAY5L52Z9UWJMYYD1J9L2QT8JP,51.0,3143a4accdc23349cac584186c95ce9b,mug,ShapeNet,10c2b3eac377b9084b3c42e318f3affc,mug,ShapeNet,False,mug/ShapeNet/10c2b3eac377b9084b3c42e318f3affc,mug/ShapeNet/3143a4accdc23349cac584186c95ce9b,True,mug,mug,1,"['there', 'is', 'a', 'flared', 'handle']",5,there is a flared handle,train,train,train,train,"[1, 15, 7, 26, 569, 29, 2, 0, 0, 0, 0, 0, 0, 0, 0, 0, 0, 0]",handle
142418,user_789,The handle is smaller.,3R6BYFZZP959JTBVBGJK2KYM0R1XFX,100.0,34869e23f9fdee027528ae0782b54aae,mug,ShapeNet,b6f30c63c946c286cf6897d8875cfd5e,mug,ShapeNet,False,mug/ShapeNet/b6f30c63c946c286cf6897d8875cfd5e,mug/ShapeNet/34869e23f9fdee027528ae0782b54aae,False,mug,mug,1,"['the', 'handle', 'is', 'small', '-er']",5,the handle is small -er,train,train,train,train,"[1, 10, 29, 7, 111, 9, 2, 0, 0, 0, 0, 0, 0, 0, 0, 0, 0, 0]",handle
142420,user_242,handle is thinner,33PPUNGG3AYVREGJ3T7ZGUSGBGVZRE,33.0,e6dedae946ff5265a95fb60c110b25aa,mug,ShapeNet,43e1cabc5dd2fa91fffc97a61124b1a9,mug,ShapeNet,False,mug/ShapeNet/43e1cabc5dd2fa91fffc97a61124b1a9,mug/ShapeNet/e6dedae946ff5265a95fb60c110b25aa,False,mug,mug,1,"['handle', 'is', 'thin', '-er']",4,handle is thin -er,train,train,train,train,"[1, 29, 7, 60, 9, 2, 0, 0, 0, 0, 0, 0, 0, 0, 0, 0, 0, 0]",handle
142421,user_1885,it has a 'C' handle and not a 'D' handle.,3WSELTNVR5V76LL3VQWVZG2PQGQTAP,104.0,e6dedae946ff5265a95fb60c110b25aa,mug,ShapeNet,43e1cabc5dd2fa91fffc97a61124b1a9,mug,ShapeNet,False,mug/ShapeNet/43e1cabc5dd2fa91fffc97a61124b1a9,mug/ShapeNet/e6dedae946ff5265a95fb60c110b25aa,False,mug,mug,1,"['it', 'has', 'a', 'c', 'handle', 'and', 'not', 'a', 'd', 'handle']",10,it has a c handle and not a d handle,train,train,train,train,"[1, 23, 24, 26, 1682, 29, 47, 40, 26, 1683, 29, 2, 0, 0, 0, 0, 0, 0]",handle
142422,user_1461,Has a smaller handle,33NF62TLXLVJ4VYKVNVGROICXPAJK4,36.0,633379db14d4d2b287dd60af81c93a3c,mug,ShapeNet,8b1dca1414ba88cb91986c63a4d7a99a,mug,ShapeNet,False,mug/ShapeNet/8b1dca1414ba88cb91986c63a4d7a99a,mug/ShapeNet/633379db14d4d2b287dd60af81c93a3c,True,mug,mug,1,"['has', 'a', 'small', '-er', 'handle']",5,has a small -er handle,train,train,train,train,"[1, 24, 26, 111, 9, 29, 2, 0, 0, 0, 0, 0, 0, 0, 0, 0, 0, 0]",handle
142424,user_242,Body is not tapered to bottom,3MD9PLUKKK7ACGORAMQI7AN6AJ0NZ8,40.0,e984fd7e97c2be347eaeab1f0c9120b7,mug,ShapeNet,e363fa24c824d20ca363b55cbd344baa,mug,ShapeNet,False,mug/ShapeNet/e363fa24c824d20ca363b55cbd344baa,mug/ShapeNet/e984fd7e97c2be347eaeab1f0c9120b7,False,mug,mug,1,"['body', 'is', 'not', 'tapered', 'to', 'bottom']",6,body is not tapered to bottom,train,train,train,train,"[1, 45, 7, 40, 352, 58, 76, 2, 0, 0, 0, 0, 0, 0, 0, 0, 0, 0]",body
142425,user_1416,The handle covers the entire side from top to bottom.,304SM51WA5XBAVDGC4R1KMQ96FRBS7,81.0,e984fd7e97c2be347eaeab1f0c9120b7,mug,ShapeNet,e363fa24c824d20ca363b55cbd344baa,mug,ShapeNet,False,mug/ShapeNet/e363fa24c824d20ca363b55cbd344baa,mug/ShapeNet/e984fd7e97c2be347eaeab1f0c9120b7,False,mug,mug,1,"['the', 'handle', 'covers', 'the', 'entire', 'side', 'from', 'top', 'to', 'bottom']",10,the handle covers the entire side from top to bottom,train,train,train,train,"[1, 10, 29, 622, 10, 516, 22, 113, 99, 58, 76, 2, 0, 0, 0, 0, 0, 0]",handle
142427,user_1764,The handle connects from the highest and lowest points on the side,34X6J5FLPVR5FYWF8SFDNAULWWGJQC,91.0,4f9f31db3c3873692a6f53dd95fd4468,mug,ShapeNet,d32cd77c6630b77de47c0353c18d58e,mug,ShapeNet,False,mug/ShapeNet/d32cd77c6630b77de47c0353c18d58e,mug/ShapeNet/4f9f31db3c3873692a6f53dd95fd4468,False,mug,mug,1,"['the', 'handle', 'connects', 'from', 'the', 'high', '-est', 'and', 'low', '-est', 'points', 'on', 'the', 'side']",14,the handle connects from the high -est and low -est points on the side,train,train,train,train,"[1, 10, 29, 219, 113, 10, 49, 531, 47, 345, 531, 298, 20, 10, 22, 2, 0, 0]",handle
142428,user_757,it lacks a handle,3PZDLQMM0VE1F1OOWP8Q4OJNQ6TC2D,61.0,8b1dca1414ba88cb91986c63a4d7a99a,mug,ShapeNet,e71102b6da1d63f3a363b55cbd344baa,mug,ShapeNet,False,mug/ShapeNet/e71102b6da1d63f3a363b55cbd344baa,mug/ShapeNet/8b1dca1414ba88cb91986c63a4d7a99a,False,mug,mug,1,"['it', 'lacks', 'a', 'handle']",4,it lacks a handle,train,train,train,train,"[1, 23, 1343, 26, 29, 2, 0, 0, 0, 0, 0, 0, 0, 0, 0, 0, 0, 0]",handle
142430,user_1461,Has a flat handle,3I3WADAZ9SXUNN4E4DJFXVGGZTU5OT,25.0,e9499e4a9f632725d6e865157050a80e,mug,ShapeNet,8570d9a8d24cb0acbebd3c0c0c70fb03,mug,ShapeNet,False,mug/ShapeNet/8570d9a8d24cb0acbebd3c0c0c70fb03,mug/ShapeNet/e9499e4a9f632725d6e865157050a80e,True,mug,mug,1,"['has', 'a', 'flat', 'handle']",4,has a flat handle,train,train,train,train,"[1, 24, 26, 129, 29, 2, 0, 0, 0, 0, 0, 0, 0, 0, 0, 0, 0, 0]",handle
142431,user_1886,It has a thinner handle,3YMTUJH0DU9S4W5MMPM4MDGPY594T2,65.0,e9499e4a9f632725d6e865157050a80e,mug,ShapeNet,8570d9a8d24cb0acbebd3c0c0c70fb03,mug,ShapeNet,False,mug/ShapeNet/8570d9a8d24cb0acbebd3c0c0c70fb03,mug/ShapeNet/e9499e4a9f632725d6e865157050a80e,True,mug,mug,1,"['it', 'has', 'a', 'thin', '-er', 'handle']",6,it has a thin -er handle,train,train,train,train,"[1, 23, 24, 26, 60, 9, 29, 2, 0, 0, 0, 0, 0, 0, 0, 0, 0, 0]",handle
142436,user_242,Handle is smooth and shorter,3GS6S824SSQ6ILJMZZ6B86TOTHWWNR,73.0,ea33ad442b032208d778b73d04298f62,mug,ShapeNet,345d3e7252156db8d44ee24d6b5498e1,mug,ShapeNet,False,mug/ShapeNet/345d3e7252156db8d44ee24d6b5498e1,mug/ShapeNet/ea33ad442b032208d778b73d04298f62,False,mug,mug,1,"['handle', 'is', 'smooth', 'and', 'short', '-er']",6,handle is smooth and short -er,val,train,val,train,"[1, 29, 7, 379, 47, 8, 9, 2, 0, 0, 0, 0, 0, 0, 0, 0, 0, 0]",handle
142446,user_1094,The handle is smaller.,31LVTDXBL93BMPZFOSGQ8FHIW7IRLI,99.0,edaf960fb6afdadc4cebc4b5998de5d0,mug,ShapeNet,6faf1f04bde838e477f883dde7397db2,mug,ShapeNet,False,mug/ShapeNet/6faf1f04bde838e477f883dde7397db2,mug/ShapeNet/edaf960fb6afdadc4cebc4b5998de5d0,True,mug,mug,1,"['the', 'handle', 'is', 'small', '-er']",5,the handle is small -er,train,train,train,train,"[1, 10, 29, 7, 111, 9, 2, 0, 0, 0, 0, 0, 0, 0, 0, 0, 0, 0]",handle
142447,user_1461,Has a smaller handle,3FK0YFF9P196B1SQBGN6WL4N8AOVVN,29.0,edaf960fb6afdadc4cebc4b5998de5d0,mug,ShapeNet,6faf1f04bde838e477f883dde7397db2,mug,ShapeNet,False,mug/ShapeNet/6faf1f04bde838e477f883dde7397db2,mug/ShapeNet/edaf960fb6afdadc4cebc4b5998de5d0,True,mug,mug,1,"['has', 'a', 'small', '-er', 'handle']",5,has a small -er handle,train,train,train,train,"[1, 24, 26, 111, 9, 29, 2, 0, 0, 0, 0, 0, 0, 0, 0, 0, 0, 0]",handle
142449,user_1601,Its' body is much wider.,3OLF68YTNBUXNG3206R6ICNOZ62FAL,120.0,c2e411ed6061a25ef06800d5696e457f,mug,ShapeNet,275729fcdc9bf1488afafc80c93c27a9,mug,ShapeNet,False,mug/ShapeNet/275729fcdc9bf1488afafc80c93c27a9,mug/ShapeNet/c2e411ed6061a25ef06800d5696e457f,True,mug,mug,1,"['its', ""'"", 'body', 'is', 'much', 'wide', '-er']",7,its ' body is much wide -er,train,train,train,train,"[1, 5, 587, 45, 7, 59, 83, 9, 2, 0, 0, 0, 0, 0, 0, 0, 0, 0]",body
142450,user_1416,It has a shorter handle.,3GA6AFUKOQHHHRVNMH0WYPLV9BKH3M,104.0,3d3e993f7baa4d7ef1ff24a8b1564a36,mug,ShapeNet,9ff8400080c77feac2ad6fd1941624c3,mug,ShapeNet,False,mug/ShapeNet/9ff8400080c77feac2ad6fd1941624c3,mug/ShapeNet/3d3e993f7baa4d7ef1ff24a8b1564a36,False,mug,mug,1,"['it', 'has', 'a', 'short', '-er', 'handle']",6,it has a short -er handle,train,train,train,train,"[1, 23, 24, 26, 8, 9, 29, 2, 0, 0, 0, 0, 0, 0, 0, 0, 0, 0]",handle
142451,user_1886,It has a smaller handle,3JJVG1YBEDQA4TF508ETRBGHSU55BJ,52.0,3d3e993f7baa4d7ef1ff24a8b1564a36,mug,ShapeNet,9ff8400080c77feac2ad6fd1941624c3,mug,ShapeNet,False,mug/ShapeNet/9ff8400080c77feac2ad6fd1941624c3,mug/ShapeNet/3d3e993f7baa4d7ef1ff24a8b1564a36,False,mug,mug,1,"['it', 'has', 'a', 'small', '-er', 'handle']",6,it has a small -er handle,train,train,train,train,"[1, 23, 24, 26, 111, 9, 29, 2, 0, 0, 0, 0, 0, 0, 0, 0, 0, 0]",handle
142457,user_757,the handle is wider,3K5TEWLKGX41PV8QC9ONHWET08OVIM,46.0,b815d7e084a5a75b8d543d7713b96a41,mug,ShapeNet,9426e7aa67c83a4c3b51ab46b2f98f30,mug,ShapeNet,False,mug/ShapeNet/9426e7aa67c83a4c3b51ab46b2f98f30,mug/ShapeNet/b815d7e084a5a75b8d543d7713b96a41,False,mug,mug,1,"['the', 'handle', 'is', 'wide', '-er']",5,the handle is wide -er,train,train,train,train,"[1, 10, 29, 7, 83, 9, 2, 0, 0, 0, 0, 0, 0, 0, 0, 0, 0, 0]",handle
142458,user_1886,It has a larger handle,3I0BTBYZAZE7MUMFDUM1IRIRWVBY05,62.0,4b8b10d03552e0891898dfa8eb8eefff,mug,ShapeNet,f1c5b9bb744afd96d6e1954365b10b52,mug,ShapeNet,False,mug/ShapeNet/f1c5b9bb744afd96d6e1954365b10b52,mug/ShapeNet/4b8b10d03552e0891898dfa8eb8eefff,True,mug,mug,1,"['it', 'has', 'a', 'large', '-er', 'handle']",6,it has a large -er handle,train,train,train,train,"[1, 23, 24, 26, 94, 9, 29, 2, 0, 0, 0, 0, 0, 0, 0, 0, 0, 0]",handle
142459,user_1964,the handle is taller on the mug from lip to bottom,33SA9F9TRZN2OF69603SIJZFFPWEWL,63.0,4b8b10d03552e0891898dfa8eb8eefff,mug,ShapeNet,f1c5b9bb744afd96d6e1954365b10b52,mug,ShapeNet,False,mug/ShapeNet/f1c5b9bb744afd96d6e1954365b10b52,mug/ShapeNet/4b8b10d03552e0891898dfa8eb8eefff,True,mug,mug,1,"['the', 'handle', 'is', 'tall', '-er', 'on', 'the', 'mug', 'from', 'lip', 'to', 'bottom']",12,the handle is tall -er on the mug from lip to bottom,train,train,train,train,"[1, 10, 29, 7, 53, 9, 20, 10, 1684, 113, 125, 58, 76, 2, 0, 0, 0, 0]",handle
142460,user_242,Handle is rounder,3U5JL4WY5M2ZLDE6RZN1BG1VB27X4Q,63.0,7d282cc3cedd40c8b5c4f4801d3aada,mug,ShapeNet,17952a204c0a9f526c69dceb67157a66,mug,ShapeNet,False,mug/ShapeNet/17952a204c0a9f526c69dceb67157a66,mug/ShapeNet/7d282cc3cedd40c8b5c4f4801d3aada,True,mug,mug,1,"['handle', 'is', 'round', '-er']",4,handle is round -er,test,train,test,train,"[1, 29, 7, 134, 9, 2, 0, 0, 0, 0, 0, 0, 0, 0, 0, 0, 0, 0]",handle
142461,user_1416,It has a 'C' handle.,3WYP994K19K2058UFJ2IRSSI9Y0Y69,60.0,7d282cc3cedd40c8b5c4f4801d3aada,mug,ShapeNet,17952a204c0a9f526c69dceb67157a66,mug,ShapeNet,False,mug/ShapeNet/17952a204c0a9f526c69dceb67157a66,mug/ShapeNet/7d282cc3cedd40c8b5c4f4801d3aada,True,mug,mug,1,"['it', 'has', 'a', 'c', 'handle']",5,it has a c handle,test,train,test,train,"[1, 23, 24, 26, 1682, 29, 2, 0, 0, 0, 0, 0, 0, 0, 0, 0, 0, 0]",handle
142463,user_1461,Has a thinner handle,3WRFBPLXRCH9RNHYPFV939IRVNV3NJ,52.0,52273f4b17505e898ef19a48ac4fcfdf,mug,ShapeNet,e984fd7e97c2be347eaeab1f0c9120b7,mug,ShapeNet,False,mug/ShapeNet/e984fd7e97c2be347eaeab1f0c9120b7,mug/ShapeNet/52273f4b17505e898ef19a48ac4fcfdf,True,mug,mug,1,"['has', 'a', 'thin', '-er', 'handle']",5,has a thin -er handle,train,train,train,train,"[1, 24, 26, 60, 9, 29, 2, 0, 0, 0, 0, 0, 0, 0, 0, 0, 0, 0]",handle
142464,user_505,Target has sharp handles,3RYC5T2D75M1DAEDGK9XPWQ21HJPRE,41.0,387b695db51190d3be276203d0b1a33f,mug,ShapeNet,928a383f79698c3fb6d9bc28c8d8a2c4,mug,ShapeNet,False,mug/ShapeNet/928a383f79698c3fb6d9bc28c8d8a2c4,mug/ShapeNet/387b695db51190d3be276203d0b1a33f,True,mug,mug,1,"['target', 'has', 'sharp', 'handles']",4,target has sharp handles,train,train,train,train,"[1, 11, 24, 206, 18, 2, 0, 0, 0, 0, 0, 0, 0, 0, 0, 0, 0, 0]",handle
142465,user_1461,Has the handle positioned further up,30BUDKLTXFO8BWRPAZGJSJM2VRKE5U,42.0,387b695db51190d3be276203d0b1a33f,mug,ShapeNet,928a383f79698c3fb6d9bc28c8d8a2c4,mug,ShapeNet,False,mug/ShapeNet/928a383f79698c3fb6d9bc28c8d8a2c4,mug/ShapeNet/387b695db51190d3be276203d0b1a33f,True,mug,mug,1,"['has', 'the', 'handle', 'positioned', 'far', '-er', 'up']",7,has the handle positioned far -er up,train,train,train,train,"[1, 24, 10, 29, 324, 78, 9, 269, 2, 0, 0, 0, 0, 0, 0, 0, 0, 0]",handle
142467,user_1886,It has a taller body,3XLBSAQ9Z65L9VW4UF9TBD1GA3N7Z7,49.0,ec846432f3ebedf0a6f32a8797e3b9e9,mug,ShapeNet,4b8b10d03552e0891898dfa8eb8eefff,mug,ShapeNet,False,mug/ShapeNet/4b8b10d03552e0891898dfa8eb8eefff,mug/ShapeNet/ec846432f3ebedf0a6f32a8797e3b9e9,False,mug,mug,1,"['it', 'has', 'a', 'tall', '-er', 'body']",6,it has a tall -er body,train,train,train,train,"[1, 23, 24, 26, 53, 9, 45, 2, 0, 0, 0, 0, 0, 0, 0, 0, 0, 0]",body
142468,user_390,The handle is not curved.,31Z0PCVWUM8PNJN5ONKBPP0ZP7XT79,53.0,c2e411ed6061a25ef06800d5696e457f,mug,ShapeNet,34869e23f9fdee027528ae0782b54aae,mug,ShapeNet,False,mug/ShapeNet/34869e23f9fdee027528ae0782b54aae,mug/ShapeNet/c2e411ed6061a25ef06800d5696e457f,True,mug,mug,1,"['the', 'handle', 'is', 'not', 'curved']",5,the handle is not curved,train,train,train,train,"[1, 10, 29, 7, 40, 51, 2, 0, 0, 0, 0, 0, 0, 0, 0, 0, 0, 0]",handle
142473,user_1886,It has a handle,382M9COHEJ8PWBH4B0OR0VEIU8FEUE,39.0,b9004dcda66abf95b99d2a3bbaea842a,mug,ShapeNet,159e56c18906830278d8f8c02c47cde0,mug,ShapeNet,False,mug/ShapeNet/159e56c18906830278d8f8c02c47cde0,mug/ShapeNet/b9004dcda66abf95b99d2a3bbaea842a,False,mug,mug,1,"['it', 'has', 'a', 'handle']",4,it has a handle,train,train,train,train,"[1, 23, 24, 26, 29, 2, 0, 0, 0, 0, 0, 0, 0, 0, 0, 0, 0, 0]",handle
142474,user_485,Target has a thinner handle.,30X31N5D65J6RL8O6QR5PB63OWSASV,38.0,3143a4accdc23349cac584186c95ce9b,mug,ShapeNet,b7841572364fd9ce1249ffc39a0c3c0b,mug,ShapeNet,False,mug/ShapeNet/b7841572364fd9ce1249ffc39a0c3c0b,mug/ShapeNet/3143a4accdc23349cac584186c95ce9b,True,mug,mug,1,"['target', 'has', 'a', 'thin', '-er', 'handle']",6,target has a thin -er handle,train,train,train,train,"[1, 11, 24, 26, 60, 9, 29, 2, 0, 0, 0, 0, 0, 0, 0, 0, 0, 0]",handle
142475,user_1886,It has a larger body,3MAOD8E57S3L7LOC942XAP7V2IUNX1,57.0,3143a4accdc23349cac584186c95ce9b,mug,ShapeNet,b7841572364fd9ce1249ffc39a0c3c0b,mug,ShapeNet,False,mug/ShapeNet/b7841572364fd9ce1249ffc39a0c3c0b,mug/ShapeNet/3143a4accdc23349cac584186c95ce9b,True,mug,mug,1,"['it', 'has', 'a', 'large', '-er', 'body']",6,it has a large -er body,train,train,train,train,"[1, 23, 24, 26, 94, 9, 45, 2, 0, 0, 0, 0, 0, 0, 0, 0, 0, 0]",body
142477,user_1894,It has a thinner handle.,37QW5D2ZRIFS8XF99S7RTK08Y968S5,1683.0,d0a3fdd33c7e1eb040bc4e38b9ba163e,mug,ShapeNet,c60f62684618cb52a4136492f17b9a59,mug,ShapeNet,False,mug/ShapeNet/c60f62684618cb52a4136492f17b9a59,mug/ShapeNet/d0a3fdd33c7e1eb040bc4e38b9ba163e,False,mug,mug,1,"['it', 'has', 'a', 'thin', '-er', 'handle']",6,it has a thin -er handle,train,train,train,train,"[1, 23, 24, 26, 60, 9, 29, 2, 0, 0, 0, 0, 0, 0, 0, 0, 0, 0]",handle
142478,user_456,Th etarget has a c shaped handle.,36AHBNMV1T51LEN9P6AWXY2AQKMYD0,64.0,649a51c711dc7f3b32e150233fdd42e9,mug,ShapeNet,6500ccc65e210b14d829190312080ea3,mug,ShapeNet,False,mug/ShapeNet/6500ccc65e210b14d829190312080ea3,mug/ShapeNet/649a51c711dc7f3b32e150233fdd42e9,True,mug,mug,1,"['th', 'target', 'has', 'a', 'c', 'shaped', 'handle']",7,th target has a c shaped handle,train,train,train,train,"[1, 970, 11, 24, 26, 1682, 14, 29, 2, 0, 0, 0, 0, 0, 0, 0, 0, 0]",handle
142480,user_456,The target has a square handle.,3IGI0VL649DYDCAK8DF1RCG2QEPNOW,52.0,3c0467f96e26b8c6a93445a1757adf6,mug,ShapeNet,2d10421716b16580e45ef4135c266a12,mug,ShapeNet,False,mug/ShapeNet/2d10421716b16580e45ef4135c266a12,mug/ShapeNet/3c0467f96e26b8c6a93445a1757adf6,True,mug,mug,1,"['the', 'target', 'has', 'a', 'square', 'handle']",6,the target has a square handle,test,train,test,train,"[1, 10, 11, 24, 26, 50, 29, 2, 0, 0, 0, 0, 0, 0, 0, 0, 0, 0]",handle
142481,user_1461,Has a square handle,31JLPPHS2WNR98HAQUVMIYIWLXZ3OX,57.0,3c0467f96e26b8c6a93445a1757adf6,mug,ShapeNet,2d10421716b16580e45ef4135c266a12,mug,ShapeNet,False,mug/ShapeNet/2d10421716b16580e45ef4135c266a12,mug/ShapeNet/3c0467f96e26b8c6a93445a1757adf6,True,mug,mug,1,"['has', 'a', 'square', 'handle']",4,has a square handle,test,train,test,train,"[1, 24, 26, 50, 29, 2, 0, 0, 0, 0, 0, 0, 0, 0, 0, 0, 0, 0]",handle
142482,user_242,handle is thin and skinny,3J88R45B2IRLA60PPJFPEECQ2X0PX4,89.0,159e56c18906830278d8f8c02c47cde0,mug,ShapeNet,46955fddcc83a50f79b586547e543694,mug,ShapeNet,False,mug/ShapeNet/46955fddcc83a50f79b586547e543694,mug/ShapeNet/159e56c18906830278d8f8c02c47cde0,False,mug,mug,1,"['handle', 'is', 'thin', 'and', 'skinny']",5,handle is thin and skinny,train,train,train,train,"[1, 29, 7, 60, 47, 282, 2, 0, 0, 0, 0, 0, 0, 0, 0, 0, 0, 0]",handle
142484,user_242,handle is flatter,3IXEICO794C6JJ905DFJJB03UXVT6U,27.0,141f1db25095b16dcfb3760e4293e310,mug,ShapeNet,3093367916fb5216823323ed0e090a6f,mug,ShapeNet,False,mug/ShapeNet/3093367916fb5216823323ed0e090a6f,mug/ShapeNet/141f1db25095b16dcfb3760e4293e310,True,mug,mug,1,"['handle', 'is', 'flat', '-er']",4,handle is flat -er,train,train,train,train,"[1, 29, 7, 129, 9, 2, 0, 0, 0, 0, 0, 0, 0, 0, 0, 0, 0, 0]",handle
142487,user_1964,the handle is much wider lengthwise,3X4MXAO0BIHRXJBES6NSHQYYUEMRWB,69.0,d38295b8d83e8cdec712af445786fe,mug,ShapeNet,c7ddd93b15e30faae180a52fd2be32,mug,ShapeNet,False,mug/ShapeNet/c7ddd93b15e30faae180a52fd2be32,mug/ShapeNet/d38295b8d83e8cdec712af445786fe,True,mug,mug,1,"['the', 'handle', 'is', 'much', 'wide', '-er', 'length', 'wise']",8,the handle is much wide -er length wise,train,train,train,train,"[1, 10, 29, 7, 59, 83, 9, 155, 359, 2, 0, 0, 0, 0, 0, 0, 0, 0]",handle
142488,user_242,body is wider,3A1PQ49WVJAL7OH8ZDMDAW6YBSFH15,82.0,62684ad0321b35189a3501eead248b52,mug,ShapeNet,eecb13f61a93b4048f58d8b19de93f99,mug,ShapeNet,False,mug/ShapeNet/eecb13f61a93b4048f58d8b19de93f99,mug/ShapeNet/62684ad0321b35189a3501eead248b52,False,mug,mug,1,"['body', 'is', 'wide', '-er']",4,body is wide -er,train,train,train,train,"[1, 45, 7, 83, 9, 2, 0, 0, 0, 0, 0, 0, 0, 0, 0, 0, 0, 0]",body
142489,user_390,The handle does not connect at the bottom,378XPAWRUE6HX75S1EXRL90GFYNAI0,134.0,62684ad0321b35189a3501eead248b52,mug,ShapeNet,eecb13f61a93b4048f58d8b19de93f99,mug,ShapeNet,False,mug/ShapeNet/eecb13f61a93b4048f58d8b19de93f99,mug/ShapeNet/62684ad0321b35189a3501eead248b52,False,mug,mug,1,"['the', 'handle', 'does', 'not', 'connect', 'at', 'the', 'bottom']",8,the handle does not connect at the bottom,train,train,train,train,"[1, 10, 29, 39, 40, 392, 98, 10, 76, 2, 0, 0, 0, 0, 0, 0, 0, 0]",handle
142490,user_1461,Has a six-sided mouth/body,3NL0RFNU0HGT1DFZSG8CLMTTFSLK4F,44.0,5d72df6bc7e93e6dd0cd466c08863ebd,mug,ShapeNet,3a7439cfaa9af51faf1af397e14a566d,mug,ShapeNet,False,mug/ShapeNet/3a7439cfaa9af51faf1af397e14a566d,mug/ShapeNet/5d72df6bc7e93e6dd0cd466c08863ebd,True,mug,mug,1,"['has', 'a', 'six', 'sided', 'mouth', 'body']",6,has a six sided mouth body,test,train,test,train,"[1, 24, 26, 553, 378, 175, 45, 2, 0, 0, 0, 0, 0, 0, 0, 0, 0, 0]",body
142491,user_1535,The handle is flared.,3HPZF4IVNOMRGMHVPAFLDSKS5LJCYP,286.0,5d72df6bc7e93e6dd0cd466c08863ebd,mug,ShapeNet,3a7439cfaa9af51faf1af397e14a566d,mug,ShapeNet,False,mug/ShapeNet/3a7439cfaa9af51faf1af397e14a566d,mug/ShapeNet/5d72df6bc7e93e6dd0cd466c08863ebd,True,mug,mug,1,"['the', 'handle', 'is', 'flared']",4,the handle is flared,test,train,test,train,"[1, 10, 29, 7, 569, 2, 0, 0, 0, 0, 0, 0, 0, 0, 0, 0, 0, 0]",handle
142494,user_456,Th etarget has a long C shaped handle.,3K4J6M3CXGM31GZXBQXO0XN00LVAG8,58.0,3d3e993f7baa4d7ef1ff24a8b1564a36,mug,ShapeNet,d46b98f63a017578ea456f4bbbc96af9,mug,ShapeNet,False,mug/ShapeNet/d46b98f63a017578ea456f4bbbc96af9,mug/ShapeNet/3d3e993f7baa4d7ef1ff24a8b1564a36,True,mug,mug,1,"['th', 'target', 'has', 'a', 'long', 'c', 'shaped', 'handle']",8,th target has a long c shaped handle,train,train,train,train,"[1, 970, 11, 24, 26, 32, 1682, 14, 29, 2, 0, 0, 0, 0, 0, 0, 0, 0]",handle
142501,user_1886,It has a thinner handle,3HHRAGRYXAYDOA6Q73WW9BLILQH9OU,54.0,7a8ea24474846c5c2f23d8349a133d2b,mug,ShapeNet,128ecbc10df5b05d96eaf1340564a4de,mug,ShapeNet,False,mug/ShapeNet/128ecbc10df5b05d96eaf1340564a4de,mug/ShapeNet/7a8ea24474846c5c2f23d8349a133d2b,True,mug,mug,1,"['it', 'has', 'a', 'thin', '-er', 'handle']",6,it has a thin -er handle,train,train,train,train,"[1, 23, 24, 26, 60, 9, 29, 2, 0, 0, 0, 0, 0, 0, 0, 0, 0, 0]",handle
142504,user_242,Handle is shorter,3DL65MZB8F8TAH04P93R6PSCN9DECB,89.0,e984fd7e97c2be347eaeab1f0c9120b7,mug,ShapeNet,9426e7aa67c83a4c3b51ab46b2f98f30,mug,ShapeNet,False,mug/ShapeNet/9426e7aa67c83a4c3b51ab46b2f98f30,mug/ShapeNet/e984fd7e97c2be347eaeab1f0c9120b7,True,mug,mug,1,"['handle', 'is', 'short', '-er']",4,handle is short -er,train,train,train,train,"[1, 29, 7, 8, 9, 2, 0, 0, 0, 0, 0, 0, 0, 0, 0, 0, 0, 0]",handle
142505,user_1416,The handle doesn't extend down as far on the side.,32Z9ZLUT1ND63GO95FKOMSJ643POHZ,133.0,e984fd7e97c2be347eaeab1f0c9120b7,mug,ShapeNet,9426e7aa67c83a4c3b51ab46b2f98f30,mug,ShapeNet,False,mug/ShapeNet/9426e7aa67c83a4c3b51ab46b2f98f30,mug/ShapeNet/e984fd7e97c2be347eaeab1f0c9120b7,True,mug,mug,1,"['the', 'handle', 'does', 'not', 'extend', 'down', 'as', 'far', 'on', 'the', 'side']",11,the handle does not extend down as far on the side,train,train,train,train,"[1, 10, 29, 39, 40, 467, 44, 52, 78, 20, 10, 22, 2, 0, 0, 0, 0, 0]",handle
142506,user_242,handle is flared,33LK57MYLVY7STGWII7464XCXIESZV,20.0,4f9f31db3c3873692a6f53dd95fd4468,mug,ShapeNet,48e260a614c0fd4434a8988fdcee4fde,mug,ShapeNet,False,mug/ShapeNet/48e260a614c0fd4434a8988fdcee4fde,mug/ShapeNet/4f9f31db3c3873692a6f53dd95fd4468,False,mug,mug,1,"['handle', 'is', 'flared']",3,handle is flared,train,train,train,train,"[1, 29, 7, 569, 2, 0, 0, 0, 0, 0, 0, 0, 0, 0, 0, 0, 0, 0]",handle
142510,user_1886,It has a thicker handle,3SBEHTYCWPWITP3VHKB7OVINIPUYI2,56.0,c6bc2c9770a59b5ddd195661813efe58,mug,ShapeNet,1a97f3c83016abca21d0de04f408950f,mug,ShapeNet,False,mug/ShapeNet/1a97f3c83016abca21d0de04f408950f,mug/ShapeNet/c6bc2c9770a59b5ddd195661813efe58,True,mug,mug,1,"['it', 'has', 'a', 'thick', '-er', 'handle']",6,it has a thick -er handle,train,train,train,train,"[1, 23, 24, 26, 54, 9, 29, 2, 0, 0, 0, 0, 0, 0, 0, 0, 0, 0]",handle
142511,user_1894,The handle is shorter.,3BEFOD78W8MOR1F2DSLS0ZLX4YQM4Y,1640.0,c6bc2c9770a59b5ddd195661813efe58,mug,ShapeNet,1a97f3c83016abca21d0de04f408950f,mug,ShapeNet,False,mug/ShapeNet/1a97f3c83016abca21d0de04f408950f,mug/ShapeNet/c6bc2c9770a59b5ddd195661813efe58,True,mug,mug,1,"['the', 'handle', 'is', 'short', '-er']",5,the handle is short -er,train,train,train,train,"[1, 10, 29, 7, 8, 9, 2, 0, 0, 0, 0, 0, 0, 0, 0, 0, 0, 0]",handle
142513,user_1764,The handle is very thin,33FOTY3KEOEUQG6SDL8CZ59IY0C1CI,51.0,24651c3767aa5089e19f4cee87249aca,mug,ShapeNet,2037531c43448c3016329cbc378d2a2,mug,ShapeNet,False,mug/ShapeNet/2037531c43448c3016329cbc378d2a2,mug/ShapeNet/24651c3767aa5089e19f4cee87249aca,True,mug,mug,1,"['the', 'handle', 'is', 'very', 'thin']",5,the handle is very thin,train,train,train,train,"[1, 10, 29, 7, 62, 60, 2, 0, 0, 0, 0, 0, 0, 0, 0, 0, 0, 0]",handle
142514,user_1105,the handle is more delicate,36V4Q8R5ZMTVG620BPS532M20PYMQ4,56.0,3d1754b7cb46c0ce5c8081810641ef6,mug,ShapeNet,10f6e09036350e92b3f21f1137c3c347,mug,ShapeNet,False,mug/ShapeNet/10f6e09036350e92b3f21f1137c3c347,mug/ShapeNet/3d1754b7cb46c0ce5c8081810641ef6,True,mug,mug,1,"['the', 'handle', 'is', 'more', 'delicate']",5,the handle is more delicate,train,train,train,train,"[1, 10, 29, 7, 34, 850, 2, 0, 0, 0, 0, 0, 0, 0, 0, 0, 0, 0]",handle
142515,user_1416,The handle is not as thick.,37C0GNLMHHWZ2UD3JNF4E7IHRB66DN,140.0,3d1754b7cb46c0ce5c8081810641ef6,mug,ShapeNet,10f6e09036350e92b3f21f1137c3c347,mug,ShapeNet,False,mug/ShapeNet/10f6e09036350e92b3f21f1137c3c347,mug/ShapeNet/3d1754b7cb46c0ce5c8081810641ef6,True,mug,mug,1,"['the', 'handle', 'is', 'not', 'as', 'thick']",6,the handle is not as thick,train,train,train,train,"[1, 10, 29, 7, 40, 52, 54, 2, 0, 0, 0, 0, 0, 0, 0, 0, 0, 0]",handle
142518,user_242,handle is narrower,3ITXP059PYCHSEBS0W4IIA9MEKWJSW,46.0,a0c78f254b037f88933dc172307a6bb9,mug,ShapeNet,34ae0b61b0d8aaf2d7b20fded0142d7a,mug,ShapeNet,False,mug/ShapeNet/34ae0b61b0d8aaf2d7b20fded0142d7a,mug/ShapeNet/a0c78f254b037f88933dc172307a6bb9,True,mug,mug,1,"['handle', 'is', 'narrow', '-er']",4,handle is narrow -er,train,train,train,train,"[1, 29, 7, 210, 9, 2, 0, 0, 0, 0, 0, 0, 0, 0, 0, 0, 0, 0]",handle
142519,user_1964,the handle is thinner lengthwise,39ZSFO5CAAPX7R3WP1ZIXBRAZHHUJN,82.0,a0c78f254b037f88933dc172307a6bb9,mug,ShapeNet,34ae0b61b0d8aaf2d7b20fded0142d7a,mug,ShapeNet,False,mug/ShapeNet/34ae0b61b0d8aaf2d7b20fded0142d7a,mug/ShapeNet/a0c78f254b037f88933dc172307a6bb9,True,mug,mug,1,"['the', 'handle', 'is', 'thin', '-er', 'length', 'wise']",7,the handle is thin -er length wise,train,train,train,train,"[1, 10, 29, 7, 60, 9, 155, 359, 2, 0, 0, 0, 0, 0, 0, 0, 0, 0]",handle
142520,user_242,handle is wider,3NVC2EB65SS33MLCWH4KKPGYZ8A3YM,58.0,c2e411ed6061a25ef06800d5696e457f,mug,ShapeNet,ea33ad442b032208d778b73d04298f62,mug,ShapeNet,False,mug/ShapeNet/ea33ad442b032208d778b73d04298f62,mug/ShapeNet/c2e411ed6061a25ef06800d5696e457f,True,mug,mug,1,"['handle', 'is', 'wide', '-er']",4,handle is wide -er,train,train,train,train,"[1, 29, 7, 83, 9, 2, 0, 0, 0, 0, 0, 0, 0, 0, 0, 0, 0, 0]",handle
142521,user_1964,the handle is wider lengthwise,37QW5D2ZRIFS8XF99S7RTK08Y9E8SD,41.0,c2e411ed6061a25ef06800d5696e457f,mug,ShapeNet,ea33ad442b032208d778b73d04298f62,mug,ShapeNet,False,mug/ShapeNet/ea33ad442b032208d778b73d04298f62,mug/ShapeNet/c2e411ed6061a25ef06800d5696e457f,True,mug,mug,1,"['the', 'handle', 'is', 'wide', '-er', 'length', 'wise']",7,the handle is wide -er length wise,train,train,train,train,"[1, 10, 29, 7, 83, 9, 155, 359, 2, 0, 0, 0, 0, 0, 0, 0, 0, 0]",handle
142525,user_1416,It has a much thinner handle.,3L0KT67Y8G97N36RMW5LSXOARN1SYT,1598.0,414772162ef70ec29109ad7f9c200d62,mug,ShapeNet,ef24c302911bcde6ea6ff2182dd34668,mug,ShapeNet,False,mug/ShapeNet/ef24c302911bcde6ea6ff2182dd34668,mug/ShapeNet/414772162ef70ec29109ad7f9c200d62,True,mug,mug,1,"['it', 'has', 'a', 'much', 'thin', '-er', 'handle']",7,it has a much thin -er handle,train,train,train,train,"[1, 23, 24, 26, 59, 60, 9, 29, 2, 0, 0, 0, 0, 0, 0, 0, 0, 0]",handle
142529,user_1886,It has a thinner handle,3H7Z272LX90QACJ0B0C13KH3VOJLP7,63.0,9d8c711750a73b06ad1d789f3b2120d0,mug,ShapeNet,1d18255a04d22794e521eeb8bb14c5b3,mug,ShapeNet,False,mug/ShapeNet/1d18255a04d22794e521eeb8bb14c5b3,mug/ShapeNet/9d8c711750a73b06ad1d789f3b2120d0,True,mug,mug,1,"['it', 'has', 'a', 'thin', '-er', 'handle']",6,it has a thin -er handle,train,train,train,train,"[1, 23, 24, 26, 60, 9, 29, 2, 0, 0, 0, 0, 0, 0, 0, 0, 0, 0]",handle
142531,user_1886,It has a smaller handle,3Q5ZZ9ZEVQ8R2VHYXWUJ09QGKOK58K,45.0,d0a3fdd33c7e1eb040bc4e38b9ba163e,mug,ShapeNet,9278005254c8db7e95f577622f465c85,mug,ShapeNet,False,mug/ShapeNet/9278005254c8db7e95f577622f465c85,mug/ShapeNet/d0a3fdd33c7e1eb040bc4e38b9ba163e,True,mug,mug,1,"['it', 'has', 'a', 'small', '-er', 'handle']",6,it has a small -er handle,train,train,train,train,"[1, 23, 24, 26, 111, 9, 29, 2, 0, 0, 0, 0, 0, 0, 0, 0, 0, 0]",handle
142534,user_255,The mug has a thicker and wider handle.,3TUI152ZZDGYKHGBI397JAYZ2GW1Q8,167.0,e9499e4a9f632725d6e865157050a80e,mug,ShapeNet,3143a4accdc23349cac584186c95ce9b,mug,ShapeNet,True,mug/ShapeNet/3143a4accdc23349cac584186c95ce9b,mug/ShapeNet/e9499e4a9f632725d6e865157050a80e,True,mug,mug,1,"['the', 'mug', 'has', 'a', 'thick', '-er', 'and', 'wide', '-er', 'handle']",10,the mug has a thick -er and wide -er handle,train,train,train,train,"[1, 10, 1684, 24, 26, 54, 9, 47, 83, 9, 29, 2, 0, 0, 0, 0, 0, 0]",handle
142535,user_789,The handle is wider,33PPUNGG3AYVREGJ3T7ZGUSGBFFZRW,76.0,e9499e4a9f632725d6e865157050a80e,mug,ShapeNet,3143a4accdc23349cac584186c95ce9b,mug,ShapeNet,False,mug/ShapeNet/3143a4accdc23349cac584186c95ce9b,mug/ShapeNet/e9499e4a9f632725d6e865157050a80e,True,mug,mug,1,"['the', 'handle', 'is', 'wide', '-er']",5,the handle is wide -er,train,train,train,train,"[1, 10, 29, 7, 83, 9, 2, 0, 0, 0, 0, 0, 0, 0, 0, 0, 0, 0]",handle
142543,user_920,The target's handle is rounded.,352YTHGROX62ZNERMV5F8UD1NBE4HS,57.0,f1c5b9bb744afd96d6e1954365b10b52,mug,ShapeNet,61c10dccfa8e508e2d66cbf6a91063,mug,ShapeNet,False,mug/ShapeNet/61c10dccfa8e508e2d66cbf6a91063,mug/ShapeNet/f1c5b9bb744afd96d6e1954365b10b52,False,mug,mug,1,"['the', 'target', ""'s"", 'handle', 'is', 'rounded']",6,the target 's handle is rounded,train,train,train,train,"[1, 10, 11, 12, 29, 7, 48, 2, 0, 0, 0, 0, 0, 0, 0, 0, 0, 0]",handle
142544,user_203,The handle does not have 90 degree angles.,354P56DE9MWO8JAQZNFLFK4DNP3S75,96.0,f1c5b9bb744afd96d6e1954365b10b52,mug,ShapeNet,5d72df6bc7e93e6dd0cd466c08863ebd,mug,ShapeNet,False,mug/ShapeNet/5d72df6bc7e93e6dd0cd466c08863ebd,mug/ShapeNet/f1c5b9bb744afd96d6e1954365b10b52,True,mug,mug,1,"['the', 'handle', 'does', 'not', 'have', 'ninety', 'degree', 'angles']",8,the handle does not have ninety degree angles,train,train,train,train,"[1, 10, 29, 39, 40, 84, 104, 105, 340, 2, 0, 0, 0, 0, 0, 0, 0, 0]",handle
142546,user_242,handle is D shaped,3OVHNO1VE8U1Q4XELSCFB5BCWF3ZD7,30.0,54f2d6a0b431839c99785666a0fe0255,mug,ShapeNet,e6dedae946ff5265a95fb60c110b25aa,mug,ShapeNet,False,mug/ShapeNet/e6dedae946ff5265a95fb60c110b25aa,mug/ShapeNet/54f2d6a0b431839c99785666a0fe0255,True,mug,mug,1,"['handle', 'is', 'd', 'shaped']",4,handle is d shaped,train,train,train,train,"[1, 29, 7, 1683, 14, 2, 0, 0, 0, 0, 0, 0, 0, 0, 0, 0, 0, 0]",handle
142547,user_1964,the handle is square,31EUONYN2XWBLHJTA41S1TAFCI0OVP,82.0,54f2d6a0b431839c99785666a0fe0255,mug,ShapeNet,e6dedae946ff5265a95fb60c110b25aa,mug,ShapeNet,False,mug/ShapeNet/e6dedae946ff5265a95fb60c110b25aa,mug/ShapeNet/54f2d6a0b431839c99785666a0fe0255,True,mug,mug,1,"['the', 'handle', 'is', 'square']",4,the handle is square,train,train,train,train,"[1, 10, 29, 7, 50, 2, 0, 0, 0, 0, 0, 0, 0, 0, 0, 0, 0, 0]",handle
142551,user_986,handle is thicker,3NKQQ8O390YK4534F5D7UDWXUXPUDE,46.0,df026976dc03197213ac44947b92716e,mug,ShapeNet,c82b9f1b98f044fc15cf6e5ad80f2da,mug,ShapeNet,False,mug/ShapeNet/c82b9f1b98f044fc15cf6e5ad80f2da,mug/ShapeNet/df026976dc03197213ac44947b92716e,True,mug,mug,1,"['handle', 'is', 'thick', '-er']",4,handle is thick -er,train,train,train,train,"[1, 29, 7, 54, 9, 2, 0, 0, 0, 0, 0, 0, 0, 0, 0, 0, 0, 0]",handle
142552,user_242,handle is flared,3VHP9MDGRPDLGV00KKNXO7DCZAUFCW,54.0,df026976dc03197213ac44947b92716e,mug,ShapeNet,a6d9f9ae39728831808951ff5fb582ac,mug,ShapeNet,False,mug/ShapeNet/a6d9f9ae39728831808951ff5fb582ac,mug/ShapeNet/df026976dc03197213ac44947b92716e,True,mug,mug,1,"['handle', 'is', 'flared']",3,handle is flared,train,train,train,train,"[1, 29, 7, 569, 2, 0, 0, 0, 0, 0, 0, 0, 0, 0, 0, 0, 0, 0]",handle
142554,user_390,The top of the handle curls away from it.,3UOUJI6MTF7Y2B8L65EJOKZPAEJUXW,82.0,8570d9a8d24cb0acbebd3c0c0c70fb03,mug,ShapeNet,79e673336e836d1333becb3a9550cbb1,mug,ShapeNet,False,mug/ShapeNet/79e673336e836d1333becb3a9550cbb1,mug/ShapeNet/8570d9a8d24cb0acbebd3c0c0c70fb03,True,mug,mug,1,"['the', 'top', 'of', 'the', 'handle', 'curls', 'away', 'from', 'it']",9,the top of the handle curls away from it,train,train,train,train,"[1, 10, 99, 38, 10, 29, 376, 543, 113, 23, 2, 0, 0, 0, 0, 0, 0, 0]",handle
142556,user_1886,It has a taller body,3I0BTBYZAZE7MUMFDUM1IRIRWVC0Y8,178.0,3093367916fb5216823323ed0e090a6f,mug,ShapeNet,1f035aa5fc6da0983ecac81e09b15ea9,mug,ShapeNet,False,mug/ShapeNet/1f035aa5fc6da0983ecac81e09b15ea9,mug/ShapeNet/3093367916fb5216823323ed0e090a6f,False,mug,mug,1,"['it', 'has', 'a', 'tall', '-er', 'body']",6,it has a tall -er body,test,train,test,train,"[1, 23, 24, 26, 53, 9, 45, 2, 0, 0, 0, 0, 0, 0, 0, 0, 0, 0]",body
142557,user_1964,the handle is wider lengthwise,31Z0PCVWUM8PNJN5ONKBPP0ZP8AT7O,52.0,3093367916fb5216823323ed0e090a6f,mug,ShapeNet,1f035aa5fc6da0983ecac81e09b15ea9,mug,ShapeNet,False,mug/ShapeNet/1f035aa5fc6da0983ecac81e09b15ea9,mug/ShapeNet/3093367916fb5216823323ed0e090a6f,False,mug,mug,1,"['the', 'handle', 'is', 'wide', '-er', 'length', 'wise']",7,the handle is wide -er length wise,test,train,test,train,"[1, 10, 29, 7, 83, 9, 155, 359, 2, 0, 0, 0, 0, 0, 0, 0, 0, 0]",handle
142558,user_242,handle is longer,3LOZAJ85YF6PIZZJNL4DI14XROFX2Y,27.0,9c930a8a3411f069e7f67f334aa9295c,mug,ShapeNet,645b0e2ef3b95979204df312eabf367f,mug,ShapeNet,False,mug/ShapeNet/645b0e2ef3b95979204df312eabf367f,mug/ShapeNet/9c930a8a3411f069e7f67f334aa9295c,False,mug,mug,1,"['handle', 'is', 'long', '-er']",4,handle is long -er,train,train,train,train,"[1, 29, 7, 32, 9, 2, 0, 0, 0, 0, 0, 0, 0, 0, 0, 0, 0, 0]",handle
142562,user_1886,It has a thicker handle,3Q5C1WP23OU9RVXDYBL4LZ386IG15Y,41.0,c6b24bf0a011b100d536be1f5e11c560,mug,ShapeNet,fd1f9e8add1fcbd123c841f9d5051936,mug,ShapeNet,False,mug/ShapeNet/fd1f9e8add1fcbd123c841f9d5051936,mug/ShapeNet/c6b24bf0a011b100d536be1f5e11c560,True,mug,mug,1,"['it', 'has', 'a', 'thick', '-er', 'handle']",6,it has a thick -er handle,train,train,train,train,"[1, 23, 24, 26, 54, 9, 29, 2, 0, 0, 0, 0, 0, 0, 0, 0, 0, 0]",handle
142563,user_2144,The target mug has a bigger handle than the other mug.,3WMOAN2SRDQT3WJH9P1FM4AAM7INVU,98.0,c6b24bf0a011b100d536be1f5e11c560,mug,ShapeNet,fd1f9e8add1fcbd123c841f9d5051936,mug,ShapeNet,False,mug/ShapeNet/fd1f9e8add1fcbd123c841f9d5051936,mug/ShapeNet/c6b24bf0a011b100d536be1f5e11c560,True,mug,mug,1,"['the', 'target', 'mug', 'has', 'a', 'big', '-er', 'handle', 'than', 'the', 'other', 'mug']",12,the target mug has a big -er handle than the other mug,train,train,train,train,"[1, 10, 11, 1684, 24, 26, 320, 9, 29, 131, 10, 396, 1684, 2, 0, 0, 0, 0]",handle
142573,user_1416,It has a 'D' handle.,3VE8AYVF8OQJ4SAN387SMLHT9I08F8,131.0,54f2d6a0b431839c99785666a0fe0255,mug,ShapeNet,9196f53a0d4be2806ffeedd41ba624d6,mug,ShapeNet,False,mug/ShapeNet/9196f53a0d4be2806ffeedd41ba624d6,mug/ShapeNet/54f2d6a0b431839c99785666a0fe0255,True,mug,mug,1,"['it', 'has', 'a', 'd', 'handle']",5,it has a d handle,train,train,train,train,"[1, 23, 24, 26, 1683, 29, 2, 0, 0, 0, 0, 0, 0, 0, 0, 0, 0, 0]",handle
142578,user_1416,It has a shorter handle.,3SKRO2GZ73KC9EIG5YPANOMQ39N1KX,163.0,3143a4accdc23349cac584186c95ce9b,mug,ShapeNet,214dbcace712e49de195a69ef7c885a4,mug,ShapeNet,False,mug/ShapeNet/214dbcace712e49de195a69ef7c885a4,mug/ShapeNet/3143a4accdc23349cac584186c95ce9b,True,mug,mug,1,"['it', 'has', 'a', 'short', '-er', 'handle']",6,it has a short -er handle,train,train,train,train,"[1, 23, 24, 26, 8, 9, 29, 2, 0, 0, 0, 0, 0, 0, 0, 0, 0, 0]",handle
142580,user_1105,the handle is thick but does not look big enough to be functional,3MYYFCXHJ50OZRJG2PNXNU108B44GW,105.0,e6dedae946ff5265a95fb60c110b25aa,mug,ShapeNet,c39fb75015184c2a0c7f097b1a1f7a5,mug,ShapeNet,False,mug/ShapeNet/c39fb75015184c2a0c7f097b1a1f7a5,mug/ShapeNet/e6dedae946ff5265a95fb60c110b25aa,False,mug,mug,1,"['the', 'handle', 'is', 'thick', 'but', 'does', 'not', 'look', 'big', 'enough', 'to', 'be', 'functional']",13,the handle is thick but does not look big enough to be functional,test,train,test,train,"[1, 10, 29, 7, 54, 207, 39, 40, 186, 320, 2654, 58, 204, 1961, 2, 0, 0, 0]",handle
142581,user_1416,The body tapers inward at the bottom.,3B837J3LDQPYQ2U581DRK1VDO0HRSL,94.0,e6dedae946ff5265a95fb60c110b25aa,mug,ShapeNet,c39fb75015184c2a0c7f097b1a1f7a5,mug,ShapeNet,False,mug/ShapeNet/c39fb75015184c2a0c7f097b1a1f7a5,mug/ShapeNet/e6dedae946ff5265a95fb60c110b25aa,False,mug,mug,1,"['the', 'body', 'tapers', 'inward', 'at', 'the', 'bottom']",7,the body tapers inward at the bottom,test,train,test,train,"[1, 10, 45, 566, 1476, 98, 10, 76, 2, 0, 0, 0, 0, 0, 0, 0, 0, 0]",body
142582,user_422,Target mug has a sphere/tube shaped handle,3VJ40NV2QKGW8PF4591D0BMUFW9OTW,133.0,e9499e4a9f632725d6e865157050a80e,mug,ShapeNet,15bd6225c209a8e3654b0ce7754570c8,mug,ShapeNet,False,mug/ShapeNet/15bd6225c209a8e3654b0ce7754570c8,mug/ShapeNet/e9499e4a9f632725d6e865157050a80e,True,mug,mug,1,"['target', 'mug', 'has', 'a', 'sphere', 'tube', 'shaped', 'handle']",8,target mug has a sphere tube shaped handle,test,train,test,train,"[1, 11, 1684, 24, 26, 579, 218, 14, 29, 2, 0, 0, 0, 0, 0, 0, 0, 0]",handle
142583,user_456,The target has a rounded c shpaed handle.,37FMASSAYEKMGHAK7SXNGKKMXG8IB3,56.0,e9499e4a9f632725d6e865157050a80e,mug,ShapeNet,15bd6225c209a8e3654b0ce7754570c8,mug,ShapeNet,False,mug/ShapeNet/15bd6225c209a8e3654b0ce7754570c8,mug/ShapeNet/e9499e4a9f632725d6e865157050a80e,True,mug,mug,1,"['the', 'target', 'has', 'a', 'rounded', 'c', 'shaped', 'handle']",8,the target has a rounded c shaped handle,test,train,test,train,"[1, 10, 11, 24, 26, 48, 1682, 14, 29, 2, 0, 0, 0, 0, 0, 0, 0, 0]",handle
142585,user_1886,It has a smaller handle,39GHHAVOMHKYQT9HAV80K7TG03IJ4C,63.0,34ae0b61b0d8aaf2d7b20fded0142d7a,mug,ShapeNet,c34718bd10e378186c6c61abcbd83e5a,mug,ShapeNet,False,mug/ShapeNet/c34718bd10e378186c6c61abcbd83e5a,mug/ShapeNet/34ae0b61b0d8aaf2d7b20fded0142d7a,True,mug,mug,1,"['it', 'has', 'a', 'small', '-er', 'handle']",6,it has a small -er handle,train,train,train,train,"[1, 23, 24, 26, 111, 9, 29, 2, 0, 0, 0, 0, 0, 0, 0, 0, 0, 0]",handle
142587,user_242,the handle is rounder,354GIDR5ZDZAPZQU5MBSQZO7KJ800K,44.0,85a2511c375b5b32f72755048bac3f96,mug,ShapeNet,46ed9dad0440c043d33646b0990bb4a,mug,ShapeNet,False,mug/ShapeNet/46ed9dad0440c043d33646b0990bb4a,mug/ShapeNet/85a2511c375b5b32f72755048bac3f96,True,mug,mug,1,"['the', 'handle', 'is', 'round', '-er']",5,the handle is round -er,train,train,train,train,"[1, 10, 29, 7, 134, 9, 2, 0, 0, 0, 0, 0, 0, 0, 0, 0, 0, 0]",handle
142589,user_1601,Its' handle is much taller.,3U8YCDAGXR9YDSVTMK5755FPXM10QB,377.0,141f1db25095b16dcfb3760e4293e310,mug,ShapeNet,4f9f31db3c3873692a6f53dd95fd4468,mug,ShapeNet,False,mug/ShapeNet/4f9f31db3c3873692a6f53dd95fd4468,mug/ShapeNet/141f1db25095b16dcfb3760e4293e310,False,mug,mug,1,"['its', ""'"", 'handle', 'is', 'much', 'tall', '-er']",7,its ' handle is much tall -er,train,train,train,train,"[1, 5, 587, 29, 7, 59, 53, 9, 2, 0, 0, 0, 0, 0, 0, 0, 0, 0]",handle
142590,user_456,The target has a c shaped handle.,3K9FOBBF2JCQ7R7NVLZ9ZVC8V9KLND,61.0,e6dedae946ff5265a95fb60c110b25aa,mug,ShapeNet,99eaa69cf6fe8811dec712af445786fe,mug,ShapeNet,False,mug/ShapeNet/99eaa69cf6fe8811dec712af445786fe,mug/ShapeNet/e6dedae946ff5265a95fb60c110b25aa,True,mug,mug,1,"['the', 'target', 'has', 'a', 'c', 'shaped', 'handle']",7,the target has a c shaped handle,train,train,train,train,"[1, 10, 11, 24, 26, 1682, 14, 29, 2, 0, 0, 0, 0, 0, 0, 0, 0, 0]",handle
142594,user_242,handle is thinner and flatter,3HPZF4IVNOMRGMHVPAFLDSKS5LOYCG,49.0,1c9f9e25c654cbca3c71bf3f4dd78475,mug,ShapeNet,c51b79493419eccdc1584fff35347dc6,mug,ShapeNet,False,mug/ShapeNet/c51b79493419eccdc1584fff35347dc6,mug/ShapeNet/1c9f9e25c654cbca3c71bf3f4dd78475,True,mug,mug,1,"['handle', 'is', 'thin', '-er', 'and', 'flat', '-er']",7,handle is thin -er and flat -er,train,train,train,train,"[1, 29, 7, 60, 9, 47, 129, 9, 2, 0, 0, 0, 0, 0, 0, 0, 0, 0]",handle
142596,user_960,Handle is thicker,35USIKEBNT98O64G8HT7ACUB5EUN66,263.0,43e1cabc5dd2fa91fffc97a61124b1a9,mug,ShapeNet,1a97f3c83016abca21d0de04f408950f,mug,ShapeNet,False,mug/ShapeNet/1a97f3c83016abca21d0de04f408950f,mug/ShapeNet/43e1cabc5dd2fa91fffc97a61124b1a9,False,mug,mug,1,"['handle', 'is', 'thick', '-er']",4,handle is thick -er,train,train,train,train,"[1, 29, 7, 54, 9, 2, 0, 0, 0, 0, 0, 0, 0, 0, 0, 0, 0, 0]",handle
142600,user_1461,Has no handle/is handleless,33NF62TLXLVJ4VYKVNVGROICXPBJK5,24.0,e363fa24c824d20ca363b55cbd344baa,mug,ShapeNet,9fc96d41ec7a66a6a159545213d74ea,mug,ShapeNet,False,mug/ShapeNet/9fc96d41ec7a66a6a159545213d74ea,mug/ShapeNet/e363fa24c824d20ca363b55cbd344baa,True,mug,mug,1,"['has', 'no', 'handle', 'is', 'handleless']",5,has no handle is handleless,train,train,train,train,"[1, 24, 123, 29, 7, 1706, 2, 0, 0, 0, 0, 0, 0, 0, 0, 0, 0, 0]",handle
142603,user_1886,It has a thicker handle,3IO1LGZLKBQNLZHC2F4OSF4GGK586F,65.0,d38295b8d83e8cdec712af445786fe,mug,ShapeNet,b7e705de46ebdcc14af54ba5738cb1c5,mug,ShapeNet,False,mug/ShapeNet/b7e705de46ebdcc14af54ba5738cb1c5,mug/ShapeNet/d38295b8d83e8cdec712af445786fe,False,mug,mug,1,"['it', 'has', 'a', 'thick', '-er', 'handle']",6,it has a thick -er handle,train,train,train,train,"[1, 23, 24, 26, 54, 9, 29, 2, 0, 0, 0, 0, 0, 0, 0, 0, 0, 0]",handle
142605,user_1461,Has a thinner handle,3TMFV4NEPA7LFEWITXHSQ93T4LR8W7,30.0,f7d776fd68b126f23b67070c4a034f08,mug,ShapeNet,ff1a44e1c1785d618bca309f2c51966a,mug,ShapeNet,False,mug/ShapeNet/ff1a44e1c1785d618bca309f2c51966a,mug/ShapeNet/f7d776fd68b126f23b67070c4a034f08,True,mug,mug,1,"['has', 'a', 'thin', '-er', 'handle']",5,has a thin -er handle,train,train,train,train,"[1, 24, 26, 60, 9, 29, 2, 0, 0, 0, 0, 0, 0, 0, 0, 0, 0, 0]",handle
142610,user_865,Target has a elongated handle,30OG32W0SW4C1LXVEZC5M0MOMCKENK,494.0,d309d5f8038df4121198791a5b8655c,mug,ShapeNet,6e884701bfddd1f71e1138649f4c219,mug,ShapeNet,False,mug/ShapeNet/6e884701bfddd1f71e1138649f4c219,mug/ShapeNet/d309d5f8038df4121198791a5b8655c,False,mug,mug,1,"['target', 'has', 'a', 'elongated', 'handle']",5,target has a elongated handle,train,train,train,train,"[1, 11, 24, 26, 1210, 29, 2, 0, 0, 0, 0, 0, 0, 0, 0, 0, 0, 0]",handle
142612,user_242,handle is wider,3FTF2T8WLTBLTJFSYPN6Q5Y4OSH9W7,35.0,a637500654ca8d16c97cfc3e8a6b1d16,mug,ShapeNet,6aec84952a5ffcf33f60d03e1cb068dc,mug,ShapeNet,False,mug/ShapeNet/6aec84952a5ffcf33f60d03e1cb068dc,mug/ShapeNet/a637500654ca8d16c97cfc3e8a6b1d16,False,mug,mug,1,"['handle', 'is', 'wide', '-er']",4,handle is wide -er,train,train,train,train,"[1, 29, 7, 83, 9, 2, 0, 0, 0, 0, 0, 0, 0, 0, 0, 0, 0, 0]",handle
142615,user_1601,Its' handle has a shorter curve.,3A0EX8ZRNAH86HPPBAJQ28EANZFBYB,152.0,99eaa69cf6fe8811dec712af445786fe,mug,ShapeNet,a1d293f5cc20d01ad7f470ee20dce9e0,mug,ShapeNet,False,mug/ShapeNet/a1d293f5cc20d01ad7f470ee20dce9e0,mug/ShapeNet/99eaa69cf6fe8811dec712af445786fe,True,mug,mug,1,"['its', ""'"", 'handle', 'has', 'a', 'short', '-er', 'curve']",8,its ' handle has a short -er curve,train,train,train,train,"[1, 5, 587, 29, 24, 26, 8, 9, 43, 2, 0, 0, 0, 0, 0, 0, 0, 0]",handle
142621,user_920,The target's handle is thinner.,3WT783CTPDAV3EOKFI115HMRKBQCBX,41.0,a0c78f254b037f88933dc172307a6bb9,mug,ShapeNet,d38295b8d83e8cdec712af445786fe,mug,ShapeNet,False,mug/ShapeNet/d38295b8d83e8cdec712af445786fe,mug/ShapeNet/a0c78f254b037f88933dc172307a6bb9,True,mug,mug,1,"['the', 'target', ""'s"", 'handle', 'is', 'thin', '-er']",7,the target 's handle is thin -er,train,train,train,train,"[1, 10, 11, 12, 29, 7, 60, 9, 2, 0, 0, 0, 0, 0, 0, 0, 0, 0]",handle
142622,user_1461,Has a D handle,3WETL7AQWV151YBSLFZN9SI542V35T,22.0,f99e19b8c4a729353deb88581ea8417a,mug,ShapeNet,5c48d471200d2bf16e8a121e6886e18d,mug,ShapeNet,False,mug/ShapeNet/5c48d471200d2bf16e8a121e6886e18d,mug/ShapeNet/f99e19b8c4a729353deb88581ea8417a,True,mug,mug,1,"['has', 'a', 'd', 'handle']",4,has a d handle,train,train,train,train,"[1, 24, 26, 1683, 29, 2, 0, 0, 0, 0, 0, 0, 0, 0, 0, 0, 0, 0]",handle
142623,user_1886,It has a square handle,3X4JMASXCO2B9MT4328HAGKQBN40B5,76.0,f99e19b8c4a729353deb88581ea8417a,mug,ShapeNet,5c48d471200d2bf16e8a121e6886e18d,mug,ShapeNet,False,mug/ShapeNet/5c48d471200d2bf16e8a121e6886e18d,mug/ShapeNet/f99e19b8c4a729353deb88581ea8417a,True,mug,mug,1,"['it', 'has', 'a', 'square', 'handle']",5,it has a square handle,train,train,train,train,"[1, 23, 24, 26, 50, 29, 2, 0, 0, 0, 0, 0, 0, 0, 0, 0, 0, 0]",handle
142624,user_242,the handle is square,3QAPZX2QN66HL9T8K9F69NHMHHS206,52.0,214dbcace712e49de195a69ef7c885a4,mug,ShapeNet,c82b9f1b98f044fc15cf6e5ad80f2da,mug,ShapeNet,False,mug/ShapeNet/c82b9f1b98f044fc15cf6e5ad80f2da,mug/ShapeNet/214dbcace712e49de195a69ef7c885a4,False,mug,mug,1,"['the', 'handle', 'is', 'square']",4,the handle is square,train,train,train,train,"[1, 10, 29, 7, 50, 2, 0, 0, 0, 0, 0, 0, 0, 0, 0, 0, 0, 0]",handle
142625,user_1764,There is a square handle,3P1L2B7AD3I8PC7ZW0ZMEKCDLK2OLA,54.0,214dbcace712e49de195a69ef7c885a4,mug,ShapeNet,c82b9f1b98f044fc15cf6e5ad80f2da,mug,ShapeNet,False,mug/ShapeNet/c82b9f1b98f044fc15cf6e5ad80f2da,mug/ShapeNet/214dbcace712e49de195a69ef7c885a4,False,mug,mug,1,"['there', 'is', 'a', 'square', 'handle']",5,there is a square handle,train,train,train,train,"[1, 15, 7, 26, 50, 29, 2, 0, 0, 0, 0, 0, 0, 0, 0, 0, 0, 0]",handle
142627,user_1416,It doesn't have a 'C' handle.,3A9AA95ATYFC8NGFJDWUMVL69ZU5PG,55.0,1eaf8db2dd2b710c7d5b1b70ae595e60,mug,ShapeNet,9d8c711750a73b06ad1d789f3b2120d0,mug,ShapeNet,False,mug/ShapeNet/9d8c711750a73b06ad1d789f3b2120d0,mug/ShapeNet/1eaf8db2dd2b710c7d5b1b70ae595e60,True,mug,mug,1,"['it', 'does', 'not', 'have', 'a', 'c', 'handle']",7,it does not have a c handle,train,train,train,train,"[1, 23, 39, 40, 84, 26, 1682, 29, 2, 0, 0, 0, 0, 0, 0, 0, 0, 0]",handle
142630,user_1105,the handle looks too small to be functional,3WETL7AQWV151YBSLFZN9SI542U53U,53.0,9c930a8a3411f069e7f67f334aa9295c,mug,ShapeNet,c39fb75015184c2a0c7f097b1a1f7a5,mug,ShapeNet,False,mug/ShapeNet/c39fb75015184c2a0c7f097b1a1f7a5,mug/ShapeNet/9c930a8a3411f069e7f67f334aa9295c,True,mug,mug,1,"['the', 'handle', 'looks', 'too', 'small', 'to', 'be', 'functional']",8,the handle looks too small to be functional,test,train,test,train,"[1, 10, 29, 33, 434, 111, 58, 204, 1961, 2, 0, 0, 0, 0, 0, 0, 0, 0]",handle
142631,user_2027,The target has a square edges on the handle.,3JPSL1DZ5US9B8GJYUAJQHWX1XHNAT,364.0,9c930a8a3411f069e7f67f334aa9295c,mug,ShapeNet,c39fb75015184c2a0c7f097b1a1f7a5,mug,ShapeNet,False,mug/ShapeNet/c39fb75015184c2a0c7f097b1a1f7a5,mug/ShapeNet/9c930a8a3411f069e7f67f334aa9295c,True,mug,mug,1,"['the', 'target', 'has', 'a', 'square', 'edges', 'on', 'the', 'handle']",9,the target has a square edges on the handle,test,train,test,train,"[1, 10, 11, 24, 26, 50, 325, 20, 10, 29, 2, 0, 0, 0, 0, 0, 0, 0]",handle
142632,user_242,the handle is sharper,3C5W7UE9CHJFP33CX3NXXAIVXTTXMM,52.0,c51b79493419eccdc1584fff35347dc6,mug,ShapeNet,1ae1ba5dfb2a085247df6165146d5bbd,mug,ShapeNet,False,mug/ShapeNet/1ae1ba5dfb2a085247df6165146d5bbd,mug/ShapeNet/c51b79493419eccdc1584fff35347dc6,True,mug,mug,1,"['the', 'handle', 'is', 'sharp', '-er']",5,the handle is sharp -er,train,train,train,train,"[1, 10, 29, 7, 206, 9, 2, 0, 0, 0, 0, 0, 0, 0, 0, 0, 0, 0]",handle
142635,user_1764,The handle has no flat surfaces,3XLBSAQ9Z65L9VW4UF9TBD1GA40Z7E,36.0,79e673336e836d1333becb3a9550cbb1,mug,ShapeNet,15bd6225c209a8e3654b0ce7754570c8,mug,ShapeNet,False,mug/ShapeNet/15bd6225c209a8e3654b0ce7754570c8,mug/ShapeNet/79e673336e836d1333becb3a9550cbb1,False,mug,mug,1,"['the', 'handle', 'has', 'no', 'flat', 'surfaces']",6,the handle has no flat surfaces,test,train,test,train,"[1, 10, 29, 24, 123, 129, 685, 2, 0, 0, 0, 0, 0, 0, 0, 0, 0, 0]",handle
142643,user_1461,Has a smaller handle,37WLF8U1WRJ7G0JDB41RIKD7BJVK64,40.0,c2e411ed6061a25ef06800d5696e457f,mug,ShapeNet,b98fa11a567f644344b25d683fe71de,mug,ShapeNet,False,mug/ShapeNet/b98fa11a567f644344b25d683fe71de,mug/ShapeNet/c2e411ed6061a25ef06800d5696e457f,False,mug,mug,1,"['has', 'a', 'small', '-er', 'handle']",5,has a small -er handle,train,train,train,train,"[1, 24, 26, 111, 9, 29, 2, 0, 0, 0, 0, 0, 0, 0, 0, 0, 0, 0]",handle
142646,user_242,Handle is more flat,3UXUOQ9OKGQK8NOWINTUUKA71JPA7K,60.0,ff1a44e1c1785d618bca309f2c51966a,mug,ShapeNet,b6f30c63c946c286cf6897d8875cfd5e,mug,ShapeNet,False,mug/ShapeNet/b6f30c63c946c286cf6897d8875cfd5e,mug/ShapeNet/ff1a44e1c1785d618bca309f2c51966a,True,mug,mug,1,"['handle', 'is', 'more', 'flat']",4,handle is more flat,train,train,train,train,"[1, 29, 7, 34, 129, 2, 0, 0, 0, 0, 0, 0, 0, 0, 0, 0, 0, 0]",handle
142654,user_242,handle is D shaped,3FQ5JJ512NHFNLP5ALN8KVZT6ASKNO,23.0,1a1c0a8d4bad82169f0594e65f756cf5,mug,ShapeNet,e6dedae946ff5265a95fb60c110b25aa,mug,ShapeNet,False,mug/ShapeNet/e6dedae946ff5265a95fb60c110b25aa,mug/ShapeNet/1a1c0a8d4bad82169f0594e65f756cf5,False,mug,mug,1,"['handle', 'is', 'd', 'shaped']",4,handle is d shaped,train,train,train,train,"[1, 29, 7, 1683, 14, 2, 0, 0, 0, 0, 0, 0, 0, 0, 0, 0, 0, 0]",handle
142655,user_390,The handle is round,35L9RVQFCQB1GL8611WXLYBVMO0HUQ,104.0,1a1c0a8d4bad82169f0594e65f756cf5,mug,ShapeNet,e6dedae946ff5265a95fb60c110b25aa,mug,ShapeNet,False,mug/ShapeNet/e6dedae946ff5265a95fb60c110b25aa,mug/ShapeNet/1a1c0a8d4bad82169f0594e65f756cf5,False,mug,mug,1,"['the', 'handle', 'is', 'round']",4,the handle is round,train,train,train,train,"[1, 10, 29, 7, 134, 2, 0, 0, 0, 0, 0, 0, 0, 0, 0, 0, 0, 0]",handle
142656,user_242,Handle is flatter,3HQUKB7LNH7WBZ2M12PY2JM5SHBHH4,71.0,604fcae9d93201d9d7f470ee20dce9e0,mug,ShapeNet,c6b24bf0a011b100d536be1f5e11c560,mug,ShapeNet,False,mug/ShapeNet/c6b24bf0a011b100d536be1f5e11c560,mug/ShapeNet/604fcae9d93201d9d7f470ee20dce9e0,True,mug,mug,1,"['handle', 'is', 'flat', '-er']",4,handle is flat -er,train,train,train,train,"[1, 29, 7, 129, 9, 2, 0, 0, 0, 0, 0, 0, 0, 0, 0, 0, 0, 0]",handle
142657,user_1886,It has a larger body,3FE2ERCCZZ1YGXMXOSSTV1LXQTOOPR,48.0,604fcae9d93201d9d7f470ee20dce9e0,mug,ShapeNet,c6b24bf0a011b100d536be1f5e11c560,mug,ShapeNet,False,mug/ShapeNet/c6b24bf0a011b100d536be1f5e11c560,mug/ShapeNet/604fcae9d93201d9d7f470ee20dce9e0,True,mug,mug,1,"['it', 'has', 'a', 'large', '-er', 'body']",6,it has a large -er body,train,train,train,train,"[1, 23, 24, 26, 94, 9, 45, 2, 0, 0, 0, 0, 0, 0, 0, 0, 0, 0]",body
142660,user_986,handle is not as wide,3PEIJLRY6VMBUFXQ15TK68KMVVCXWI,58.0,9961ccbafd59cb03fe36eb2ab5fa00e0,mug,ShapeNet,1eaf8db2dd2b710c7d5b1b70ae595e60,mug,ShapeNet,False,mug/ShapeNet/1eaf8db2dd2b710c7d5b1b70ae595e60,mug/ShapeNet/9961ccbafd59cb03fe36eb2ab5fa00e0,True,mug,mug,1,"['handle', 'is', 'not', 'as', 'wide']",5,handle is not as wide,train,train,train,train,"[1, 29, 7, 40, 52, 83, 2, 0, 0, 0, 0, 0, 0, 0, 0, 0, 0, 0]",handle
142662,user_1438,The handle is different in that it is more flared,3QXNC7EIPKOSLTE75IULJAP0NMR90S,136.0,9880097f723c98a9bd8c6965c4665b41,mug,ShapeNet,1c9f9e25c654cbca3c71bf3f4dd78475,mug,ShapeNet,False,mug/ShapeNet/1c9f9e25c654cbca3c71bf3f4dd78475,mug/ShapeNet/9880097f723c98a9bd8c6965c4665b41,False,mug,mug,1,"['the', 'handle', 'is', 'different', 'in', 'that', 'it', 'is', 'more', 'flared']",10,the handle is different in that it is more flared,train,train,train,train,"[1, 10, 29, 7, 306, 90, 172, 23, 7, 34, 569, 2, 0, 0, 0, 0, 0, 0]",handle
142664,user_1964,the handle is not tubular,3MMN5BL1W1X395WYDEG9QUTRQY43M4,33.0,e9bd4ee553eb35c1d5ccc40b510e4bd,mug,ShapeNet,8aed972ea2b4a9019c3814eae0b8d399,mug,ShapeNet,False,mug/ShapeNet/8aed972ea2b4a9019c3814eae0b8d399,mug/ShapeNet/e9bd4ee553eb35c1d5ccc40b510e4bd,True,mug,mug,1,"['the', 'handle', 'is', 'not', 'tubular']",5,the handle is not tubular,train,train,train,train,"[1, 10, 29, 7, 40, 428, 2, 0, 0, 0, 0, 0, 0, 0, 0, 0, 0, 0]",handle
142666,user_242,Has a square handle,3YZ8UPK3VVFAZDXQF9IWA7EF9W6CUN,75.0,4815b8a6406494662a96924bce6ef687,mug,ShapeNet,5c48d471200d2bf16e8a121e6886e18d,mug,ShapeNet,False,mug/ShapeNet/5c48d471200d2bf16e8a121e6886e18d,mug/ShapeNet/4815b8a6406494662a96924bce6ef687,False,mug,mug,1,"['has', 'a', 'square', 'handle']",4,has a square handle,train,train,train,train,"[1, 24, 26, 50, 29, 2, 0, 0, 0, 0, 0, 0, 0, 0, 0, 0, 0, 0]",handle
142667,user_2067,square handle,3QY5DC2MXTDH2PH06B8XIDZI69RUF9,206.0,4815b8a6406494662a96924bce6ef687,mug,ShapeNet,5c48d471200d2bf16e8a121e6886e18d,mug,ShapeNet,False,mug/ShapeNet/5c48d471200d2bf16e8a121e6886e18d,mug/ShapeNet/4815b8a6406494662a96924bce6ef687,False,mug,mug,1,"['square', 'handle']",2,square handle,train,train,train,train,"[1, 50, 29, 2, 0, 0, 0, 0, 0, 0, 0, 0, 0, 0, 0, 0, 0, 0]",handle
142668,user_242,Has a rounded handle,3GA6AFUKOQHHHRVNMH0WYPLV9BQH3S,39.0,d75af64aa166c24eacbe2257d0988c9c,mug,ShapeNet,ef24c302911bcde6ea6ff2182dd34668,mug,ShapeNet,False,mug/ShapeNet/ef24c302911bcde6ea6ff2182dd34668,mug/ShapeNet/d75af64aa166c24eacbe2257d0988c9c,False,mug,mug,1,"['has', 'a', 'rounded', 'handle']",4,has a rounded handle,train,train,train,train,"[1, 24, 26, 48, 29, 2, 0, 0, 0, 0, 0, 0, 0, 0, 0, 0, 0, 0]",handle
142670,user_242,Body is smoother,3ERET4BTVO2UYJLB9B432U491L79KA,64.0,1bc5d303ff4d6e7e1113901b72a68e7c,mug,ShapeNet,a0c78f254b037f88933dc172307a6bb9,mug,ShapeNet,False,mug/ShapeNet/a0c78f254b037f88933dc172307a6bb9,mug/ShapeNet/1bc5d303ff4d6e7e1113901b72a68e7c,False,mug,mug,1,"['body', 'is', 'smooth', '-er']",4,body is smooth -er,train,train,train,train,"[1, 45, 7, 379, 9, 2, 0, 0, 0, 0, 0, 0, 0, 0, 0, 0, 0, 0]",body
142672,user_242,handle is thinner,37ZHEEHM6YFKO2PB98EK7CW1V9Y37I,28.0,52273f4b17505e898ef19a48ac4fcfdf,mug,ShapeNet,1c9f9e25c654cbca3c71bf3f4dd78475,mug,ShapeNet,False,mug/ShapeNet/1c9f9e25c654cbca3c71bf3f4dd78475,mug/ShapeNet/52273f4b17505e898ef19a48ac4fcfdf,True,mug,mug,1,"['handle', 'is', 'thin', '-er']",4,handle is thin -er,train,train,train,train,"[1, 29, 7, 60, 9, 2, 0, 0, 0, 0, 0, 0, 0, 0, 0, 0, 0, 0]",handle
142677,user_1886,It has a square handle,37TRT2X24SKIBSUQPAINSLZMAVZJBI,76.0,24b17537bce40695b3207096ecd79542,mug,ShapeNet,39361b14ba19303ee42cfae782879837,mug,ShapeNet,False,mug/ShapeNet/39361b14ba19303ee42cfae782879837,mug/ShapeNet/24b17537bce40695b3207096ecd79542,True,mug,mug,1,"['it', 'has', 'a', 'square', 'handle']",5,it has a square handle,train,train,train,train,"[1, 23, 24, 26, 50, 29, 2, 0, 0, 0, 0, 0, 0, 0, 0, 0, 0, 0]",handle
142678,user_242,body is shorter,3E7TUJ2EGEFMKDF1HUIGYH9JHB6D9V,26.0,43f94ba24d2f075c4d32a65fb7bf4ebc,mug,ShapeNet,275729fcdc9bf1488afafc80c93c27a9,mug,ShapeNet,False,mug/ShapeNet/275729fcdc9bf1488afafc80c93c27a9,mug/ShapeNet/43f94ba24d2f075c4d32a65fb7bf4ebc,False,mug,mug,1,"['body', 'is', 'short', '-er']",4,body is short -er,train,train,train,train,"[1, 45, 7, 8, 9, 2, 0, 0, 0, 0, 0, 0, 0, 0, 0, 0, 0, 0]",body
142684,user_242,Body is round,3907X2AHF2YK9QXS1UUWOOIUPOZP2T,37.0,5c48d471200d2bf16e8a121e6886e18d,mug,ShapeNet,24651c3767aa5089e19f4cee87249aca,mug,ShapeNet,False,mug/ShapeNet/24651c3767aa5089e19f4cee87249aca,mug/ShapeNet/5c48d471200d2bf16e8a121e6886e18d,False,mug,mug,1,"['body', 'is', 'round']",3,body is round,train,train,train,train,"[1, 45, 7, 134, 2, 0, 0, 0, 0, 0, 0, 0, 0, 0, 0, 0, 0, 0]",body
142693,user_1886,It has a thinner handle,3HOSI13XH1HYN3SITANIKDS98WFDD6,45.0,b4ae56d6638d5338de671f28c83d2dcb,mug,ShapeNet,fad118b32085f3f2c2c72e575af174cd,mug,ShapeNet,False,mug/ShapeNet/fad118b32085f3f2c2c72e575af174cd,mug/ShapeNet/b4ae56d6638d5338de671f28c83d2dcb,True,mug,mug,1,"['it', 'has', 'a', 'thin', '-er', 'handle']",6,it has a thin -er handle,train,train,train,train,"[1, 23, 24, 26, 60, 9, 29, 2, 0, 0, 0, 0, 0, 0, 0, 0, 0, 0]",handle
142694,user_920,The target's handle is rounded.,3907X2AHF2YK9QXS1UUWOOIUPOSP2M,60.0,5d72df6bc7e93e6dd0cd466c08863ebd,mug,ShapeNet,d75af64aa166c24eacbe2257d0988c9c,mug,ShapeNet,False,mug/ShapeNet/d75af64aa166c24eacbe2257d0988c9c,mug/ShapeNet/5d72df6bc7e93e6dd0cd466c08863ebd,False,mug,mug,1,"['the', 'target', ""'s"", 'handle', 'is', 'rounded']",6,the target 's handle is rounded,train,train,train,train,"[1, 10, 11, 12, 29, 7, 48, 2, 0, 0, 0, 0, 0, 0, 0, 0, 0, 0]",handle
142695,user_1601,Its' handle doesn't have angled edges.,3TAYZSBPLN1HMIDKTBYQJTN5C842SK,111.0,5d72df6bc7e93e6dd0cd466c08863ebd,mug,ShapeNet,d75af64aa166c24eacbe2257d0988c9c,mug,ShapeNet,False,mug/ShapeNet/d75af64aa166c24eacbe2257d0988c9c,mug/ShapeNet/5d72df6bc7e93e6dd0cd466c08863ebd,False,mug,mug,1,"['its', ""'"", 'handle', 'does', 'not', 'have', 'angled', 'edges']",8,its ' handle does not have angled edges,train,train,train,train,"[1, 5, 587, 29, 39, 40, 84, 168, 325, 2, 0, 0, 0, 0, 0, 0, 0, 0]",handle
142696,user_986,handle is on the upper portion of the mug,3E1QT0TDFR23EJCD4GDDPIULPB5I8O,58.0,c34718bd10e378186c6c61abcbd83e5a,mug,ShapeNet,a3cd44bbd3ba5b019a4cbf5d3b79df06,mug,ShapeNet,False,mug/ShapeNet/a3cd44bbd3ba5b019a4cbf5d3b79df06,mug/ShapeNet/c34718bd10e378186c6c61abcbd83e5a,True,mug,mug,1,"['handle', 'is', 'on', 'the', 'upper', 'portion', 'of', 'the', 'mug']",9,handle is on the upper portion of the mug,train,train,train,train,"[1, 29, 7, 20, 10, 1050, 1437, 38, 10, 1684, 2, 0, 0, 0, 0, 0, 0, 0]",handle
142697,user_1894,It has a pointed handle.,3PIWWX1FJLZOTBS2D2V4Q9IZI1LJJI,1700.0,c34718bd10e378186c6c61abcbd83e5a,mug,ShapeNet,a3cd44bbd3ba5b019a4cbf5d3b79df06,mug,ShapeNet,False,mug/ShapeNet/a3cd44bbd3ba5b019a4cbf5d3b79df06,mug/ShapeNet/c34718bd10e378186c6c61abcbd83e5a,True,mug,mug,1,"['it', 'has', 'a', 'pointed', 'handle']",5,it has a pointed handle,train,train,train,train,"[1, 23, 24, 26, 387, 29, 2, 0, 0, 0, 0, 0, 0, 0, 0, 0, 0, 0]",handle
142700,user_242,bottom is not smaller than body,3300DTYQT4AX4IANUR4MQUHTROFQET,54.0,5582a89be131867846ebf4f1147c3f0f,mug,ShapeNet,3d3e993f7baa4d7ef1ff24a8b1564a36,mug,ShapeNet,False,mug/ShapeNet/3d3e993f7baa4d7ef1ff24a8b1564a36,mug/ShapeNet/5582a89be131867846ebf4f1147c3f0f,False,mug,mug,1,"['bottom', 'is', 'not', 'small', '-er', 'than', 'body']",7,bottom is not small -er than body,train,train,train,train,"[1, 76, 7, 40, 111, 9, 131, 45, 2, 0, 0, 0, 0, 0, 0, 0, 0, 0]",body
142701,user_1416,It has a thicker handle.,37M28K1J0S6DSIPYJWIRXAFGSETJA4,36.0,5582a89be131867846ebf4f1147c3f0f,mug,ShapeNet,3d3e993f7baa4d7ef1ff24a8b1564a36,mug,ShapeNet,False,mug/ShapeNet/3d3e993f7baa4d7ef1ff24a8b1564a36,mug/ShapeNet/5582a89be131867846ebf4f1147c3f0f,False,mug,mug,1,"['it', 'has', 'a', 'thick', '-er', 'handle']",6,it has a thick -er handle,train,train,train,train,"[1, 23, 24, 26, 54, 9, 29, 2, 0, 0, 0, 0, 0, 0, 0, 0, 0, 0]",handle
142706,user_865,Target has a fancy 'C' handle,3IJXV6UZ1ZC9WOR93PJDGZPQF2FRIT,799.0,d75af64aa166c24eacbe2257d0988c9c,mug,ShapeNet,85d5e7be548357baee0fa456543b8166,mug,ShapeNet,False,mug/ShapeNet/85d5e7be548357baee0fa456543b8166,mug/ShapeNet/d75af64aa166c24eacbe2257d0988c9c,False,mug,mug,1,"['target', 'has', 'a', 'fancy', 'c', 'handle']",6,target has a fancy c handle,train,train,train,train,"[1, 11, 24, 26, 1158, 1682, 29, 2, 0, 0, 0, 0, 0, 0, 0, 0, 0, 0]",handle
142709,user_1894,"It has a ""C"" handle.",39O5D9O87VLQ0JK70PMVNYOFWKU3CG,550.0,48e260a614c0fd4434a8988fdcee4fde,mug,ShapeNet,162201dfe14b73f0281365259d1cf342,mug,ShapeNet,False,mug/ShapeNet/162201dfe14b73f0281365259d1cf342,mug/ShapeNet/48e260a614c0fd4434a8988fdcee4fde,True,mug,mug,1,"['it', 'has', 'a', 'c', 'handle']",5,it has a c handle,train,train,train,train,"[1, 23, 24, 26, 1682, 29, 2, 0, 0, 0, 0, 0, 0, 0, 0, 0, 0, 0]",handle
142710,user_1416,The handle doesn't extend as far outward.,3LRLIPTPES2832VG1HI3YPFT73SAKT,140.0,1eaf8db2dd2b710c7d5b1b70ae595e60,mug,ShapeNet,c2e411ed6061a25ef06800d5696e457f,mug,ShapeNet,False,mug/ShapeNet/c2e411ed6061a25ef06800d5696e457f,mug/ShapeNet/1eaf8db2dd2b710c7d5b1b70ae595e60,True,mug,mug,1,"['the', 'handle', 'does', 'not', 'extend', 'as', 'far', 'outward']",8,the handle does not extend as far outward,train,train,train,train,"[1, 10, 29, 39, 40, 467, 52, 78, 492, 2, 0, 0, 0, 0, 0, 0, 0, 0]",handle
142711,user_1886,It has a thinner handle,3BF51CHDTX3L0ZWQ3UIDWRNO6090HL,105.0,1eaf8db2dd2b710c7d5b1b70ae595e60,mug,ShapeNet,c2e411ed6061a25ef06800d5696e457f,mug,ShapeNet,False,mug/ShapeNet/c2e411ed6061a25ef06800d5696e457f,mug/ShapeNet/1eaf8db2dd2b710c7d5b1b70ae595e60,True,mug,mug,1,"['it', 'has', 'a', 'thin', '-er', 'handle']",6,it has a thin -er handle,train,train,train,train,"[1, 23, 24, 26, 60, 9, 29, 2, 0, 0, 0, 0, 0, 0, 0, 0, 0, 0]",handle
142713,user_1764,The handle has a thin design,320DUZ38G9FE29215WA1TWQJQ96GJD,68.0,a8f7a0edd3edc3299e54b4084dc33544,mug,ShapeNet,586e67c53f181dc22adf8abaa25e0215,mug,ShapeNet,False,mug/ShapeNet/586e67c53f181dc22adf8abaa25e0215,mug/ShapeNet/a8f7a0edd3edc3299e54b4084dc33544,False,mug,mug,1,"['the', 'handle', 'has', 'a', 'thin', 'design']",6,the handle has a thin design,train,train,train,train,"[1, 10, 29, 24, 26, 60, 192, 2, 0, 0, 0, 0, 0, 0, 0, 0, 0, 0]",handle
142715,user_986,handle is not decorative,3BEFOD78W8MOR1F2DSLS0ZLX4YU4MK,56.0,f09e51579600cfbb88b651d2e4ea0846,mug,ShapeNet,2997f21fa426e18a6ab1a25d0e8f3590,mug,ShapeNet,False,mug/ShapeNet/2997f21fa426e18a6ab1a25d0e8f3590,mug/ShapeNet/f09e51579600cfbb88b651d2e4ea0846,False,mug,mug,1,"['handle', 'is', 'not', 'decorative']",4,handle is not decorative,train,train,train,train,"[1, 29, 7, 40, 216, 2, 0, 0, 0, 0, 0, 0, 0, 0, 0, 0, 0, 0]",handle
142723,user_986,does not have a novelty handle,384PI804XUUAQ8A6EOUC05UQFBVS03,64.0,62684ad0321b35189a3501eead248b52,mug,ShapeNet,83b41d719ea5af3f4dcd1df0d0a62a93,mug,ShapeNet,False,mug/ShapeNet/83b41d719ea5af3f4dcd1df0d0a62a93,mug/ShapeNet/62684ad0321b35189a3501eead248b52,False,mug,mug,1,"['does', 'not', 'have', 'a', 'novelty', 'handle']",6,does not have a novelty handle,test,train,test,train,"[1, 39, 40, 84, 26, 1685, 29, 2, 0, 0, 0, 0, 0, 0, 0, 0, 0, 0]",handle
142724,user_242,handle is round,3WRFBPLXRCH9RNHYPFV939IRVO2N3C,46.0,c6b24bf0a011b100d536be1f5e11c560,mug,ShapeNet,83b41d719ea5af3f4dcd1df0d0a62a93,mug,ShapeNet,False,mug/ShapeNet/83b41d719ea5af3f4dcd1df0d0a62a93,mug/ShapeNet/c6b24bf0a011b100d536be1f5e11c560,True,mug,mug,1,"['handle', 'is', 'round']",3,handle is round,test,train,test,train,"[1, 29, 7, 134, 2, 0, 0, 0, 0, 0, 0, 0, 0, 0, 0, 0, 0, 0]",handle
142727,user_1461,Has a thinner body/less width,3FTF2T8WLTBLTJFSYPN6Q5Y4OR9W9K,32.0,a6d9f9ae39728831808951ff5fb582ac,mug,ShapeNet,1c3fccb84f1eeb97a3d0a41d6c77ec7c,mug,ShapeNet,False,mug/ShapeNet/1c3fccb84f1eeb97a3d0a41d6c77ec7c,mug/ShapeNet/a6d9f9ae39728831808951ff5fb582ac,True,mug,mug,1,"['has', 'a', 'thin', '-er', 'body', 'less', 'width']",7,has a thin -er body less width,train,train,train,train,"[1, 24, 26, 60, 9, 45, 229, 358, 2, 0, 0, 0, 0, 0, 0, 0, 0, 0]",body
142731,user_1633,"The target has a more rounded handle, not as flat.",37XITHEISY2IJL59BFNR5WRV2Y4RC2,35.0,2997f21fa426e18a6ab1a25d0e8f3590,mug,ShapeNet,61c10dccfa8e508e2d66cbf6a91063,mug,ShapeNet,False,mug/ShapeNet/61c10dccfa8e508e2d66cbf6a91063,mug/ShapeNet/2997f21fa426e18a6ab1a25d0e8f3590,True,mug,mug,1,"['the', 'target', 'has', 'a', 'more', 'rounded', 'handle', 'not', 'as', 'flat']",10,the target has a more rounded handle not as flat,train,train,train,train,"[1, 10, 11, 24, 26, 34, 48, 29, 40, 52, 129, 2, 0, 0, 0, 0, 0, 0]",handle
142732,user_1764,The handle only has curved edges,3K2755HG5UWVLN6EKGI88DVUKAAFD0,32.0,cc5b14ef71e87e9165ba97214ebde03,mug,ShapeNet,6faf1f04bde838e477f883dde7397db2,mug,ShapeNet,False,mug/ShapeNet/6faf1f04bde838e477f883dde7397db2,mug/ShapeNet/cc5b14ef71e87e9165ba97214ebde03,False,mug,mug,1,"['the', 'handle', 'only', 'has', 'curved', 'edges']",6,the handle only has curved edges,train,train,train,train,"[1, 10, 29, 133, 24, 51, 325, 2, 0, 0, 0, 0, 0, 0, 0, 0, 0, 0]",handle
142733,user_1894,The handle is curved.,3BQU611VFRDAHN2K5EDECLQTQRX99I,1613.0,cc5b14ef71e87e9165ba97214ebde03,mug,ShapeNet,6faf1f04bde838e477f883dde7397db2,mug,ShapeNet,False,mug/ShapeNet/6faf1f04bde838e477f883dde7397db2,mug/ShapeNet/cc5b14ef71e87e9165ba97214ebde03,False,mug,mug,1,"['the', 'handle', 'is', 'curved']",4,the handle is curved,train,train,train,train,"[1, 10, 29, 7, 51, 2, 0, 0, 0, 0, 0, 0, 0, 0, 0, 0, 0, 0]",handle
142734,user_1461,Has a thinner handle,3OXV7EAXLGJ1K2B6QY9S1YW50X563B,28.0,52273f4b17505e898ef19a48ac4fcfdf,mug,ShapeNet,2037531c43448c3016329cbc378d2a2,mug,ShapeNet,False,mug/ShapeNet/2037531c43448c3016329cbc378d2a2,mug/ShapeNet/52273f4b17505e898ef19a48ac4fcfdf,False,mug,mug,1,"['has', 'a', 'thin', '-er', 'handle']",5,has a thin -er handle,train,train,train,train,"[1, 24, 26, 60, 9, 29, 2, 0, 0, 0, 0, 0, 0, 0, 0, 0, 0, 0]",handle
142738,user_1416,It has a square handle.,3HHRAGRYXAYDOA6Q73WW9BLILP8O9Y,137.0,67b9abb424cf22a22d7082a28b056a5,mug,ShapeNet,b88bcf33f25c6cb15b4f129f868dedb,mug,ShapeNet,False,mug/ShapeNet/b88bcf33f25c6cb15b4f129f868dedb,mug/ShapeNet/67b9abb424cf22a22d7082a28b056a5,False,mug,mug,1,"['it', 'has', 'a', 'square', 'handle']",5,it has a square handle,val,train,val,train,"[1, 23, 24, 26, 50, 29, 2, 0, 0, 0, 0, 0, 0, 0, 0, 0, 0, 0]",handle
142741,user_1601,Its' lip edge isn't rounded down into the body.,3L6L49WXW2QQJUUWLT46JXABI2Q54F,211.0,54f2d6a0b431839c99785666a0fe0255,mug,ShapeNet,92d6394732e6058d4bcbafcc905a9b98,mug,ShapeNet,False,mug/ShapeNet/92d6394732e6058d4bcbafcc905a9b98,mug/ShapeNet/54f2d6a0b431839c99785666a0fe0255,True,mug,mug,1,"['its', ""'"", 'lip', 'edge', 'is', 'not', 'rounded', 'down', 'into', 'the', 'body']",11,its ' lip edge is not rounded down into the body,train,train,train,train,"[1, 5, 587, 125, 631, 7, 40, 48, 44, 148, 10, 45, 2, 0, 0, 0, 0, 0]",body
142742,user_242,the handle is wider,3OCHAWUVGQDKZF39CRAHIXQR8OYXKH,36.0,586e67c53f181dc22adf8abaa25e0215,mug,ShapeNet,1f035aa5fc6da0983ecac81e09b15ea9,mug,ShapeNet,False,mug/ShapeNet/1f035aa5fc6da0983ecac81e09b15ea9,mug/ShapeNet/586e67c53f181dc22adf8abaa25e0215,True,mug,mug,1,"['the', 'handle', 'is', 'wide', '-er']",5,the handle is wide -er,test,train,test,train,"[1, 10, 29, 7, 83, 9, 2, 0, 0, 0, 0, 0, 0, 0, 0, 0, 0, 0]",handle
142746,user_1416,It has an ornate handle.,38JBBYETQQ3QFDNPWUX9NRGOVVP4EF,78.0,9737c77d3263062b8ca7a0a01bcd55b6,mug,ShapeNet,5310945bb21d74a41fabf3cbd0fc77bc,mug,ShapeNet,False,mug/ShapeNet/5310945bb21d74a41fabf3cbd0fc77bc,mug/ShapeNet/9737c77d3263062b8ca7a0a01bcd55b6,True,mug,mug,1,"['it', 'has', 'an', 'ornate', 'handle']",5,it has an ornate handle,train,train,train,train,"[1, 23, 24, 72, 191, 29, 2, 0, 0, 0, 0, 0, 0, 0, 0, 0, 0, 0]",handle
142748,user_218,Target's handle is not a novelty handle.,3WLEIWSYHQASW9Z4IHMRFFG33XEH25,1445.0,f09e51579600cfbb88b651d2e4ea0846,mug,ShapeNet,89bd0dff1b386ebed6b30d74fff98ffd,mug,ShapeNet,False,mug/ShapeNet/89bd0dff1b386ebed6b30d74fff98ffd,mug/ShapeNet/f09e51579600cfbb88b651d2e4ea0846,False,mug,mug,1,"['target', ""'s"", 'handle', 'is', 'not', 'a', 'novelty', 'handle']",8,target 's handle is not a novelty handle,val,train,val,train,"[1, 11, 12, 29, 7, 40, 26, 1685, 29, 2, 0, 0, 0, 0, 0, 0, 0, 0]",handle
142749,user_456,The target has a c shaped handle.,3QUO65DNQWHB82UT5ERN578WYAEUOR,77.0,f09e51579600cfbb88b651d2e4ea0846,mug,ShapeNet,89bd0dff1b386ebed6b30d74fff98ffd,mug,ShapeNet,False,mug/ShapeNet/89bd0dff1b386ebed6b30d74fff98ffd,mug/ShapeNet/f09e51579600cfbb88b651d2e4ea0846,False,mug,mug,1,"['the', 'target', 'has', 'a', 'c', 'shaped', 'handle']",7,the target has a c shaped handle,val,train,val,train,"[1, 10, 11, 24, 26, 1682, 14, 29, 2, 0, 0, 0, 0, 0, 0, 0, 0, 0]",handle
142750,user_242,Handle is thin and round,3E1QT0TDFR23EJCD4GDDPIULPAXI8E,42.0,edaf960fb6afdadc4cebc4b5998de5d0,mug,ShapeNet,e9bd4ee553eb35c1d5ccc40b510e4bd,mug,ShapeNet,False,mug/ShapeNet/e9bd4ee553eb35c1d5ccc40b510e4bd,mug/ShapeNet/edaf960fb6afdadc4cebc4b5998de5d0,False,mug,mug,1,"['handle', 'is', 'thin', 'and', 'round']",5,handle is thin and round,train,train,train,train,"[1, 29, 7, 60, 47, 134, 2, 0, 0, 0, 0, 0, 0, 0, 0, 0, 0, 0]",handle
142751,user_1886,It has a thinner handle,31JLPPHS2WNR98HAQUVMIYIWLY73O7,49.0,edaf960fb6afdadc4cebc4b5998de5d0,mug,ShapeNet,e9bd4ee553eb35c1d5ccc40b510e4bd,mug,ShapeNet,False,mug/ShapeNet/e9bd4ee553eb35c1d5ccc40b510e4bd,mug/ShapeNet/edaf960fb6afdadc4cebc4b5998de5d0,False,mug,mug,1,"['it', 'has', 'a', 'thin', '-er', 'handle']",6,it has a thin -er handle,train,train,train,train,"[1, 23, 24, 26, 60, 9, 29, 2, 0, 0, 0, 0, 0, 0, 0, 0, 0, 0]",handle
142753,user_1964,the handle is the same width the whole way,3NS0A6KXC6142O75NIDNHQE997FGZU,73.0,bcb6be8f0ff4a51872e526c4f21dfca4,mug,ShapeNet,3c0467f96e26b8c6a93445a1757adf6,mug,ShapeNet,False,mug/ShapeNet/3c0467f96e26b8c6a93445a1757adf6,mug/ShapeNet/bcb6be8f0ff4a51872e526c4f21dfca4,True,mug,mug,1,"['the', 'handle', 'is', 'the', 'same', 'width', 'the', 'whole', 'way']",9,the handle is the same width the whole way,train,train,train,train,"[1, 10, 29, 7, 10, 300, 358, 10, 472, 471, 2, 0, 0, 0, 0, 0, 0, 0]",handle
142755,user_1964,the handle is thinner widthwise,3SBEHTYCWPWITP3VHKB7OVINIQ3YID,210.0,c82b9f1b98f044fc15cf6e5ad80f2da,mug,ShapeNet,4b7888feea81219ab5f4a9188bfa0ef6,mug,ShapeNet,False,mug/ShapeNet/4b7888feea81219ab5f4a9188bfa0ef6,mug/ShapeNet/c82b9f1b98f044fc15cf6e5ad80f2da,True,mug,mug,1,"['the', 'handle', 'is', 'thin', '-er', 'width', 'wise']",7,the handle is thin -er width wise,train,train,train,train,"[1, 10, 29, 7, 60, 9, 358, 359, 2, 0, 0, 0, 0, 0, 0, 0, 0, 0]",handle
142756,user_242,has a round handle,3OLQQLKKNUIGIV6AZ1KDTT57DTREJU,55.0,cc5b14ef71e87e9165ba97214ebde03,mug,ShapeNet,6500ccc65e210b14d829190312080ea3,mug,ShapeNet,False,mug/ShapeNet/6500ccc65e210b14d829190312080ea3,mug/ShapeNet/cc5b14ef71e87e9165ba97214ebde03,False,mug,mug,1,"['has', 'a', 'round', 'handle']",4,has a round handle,train,train,train,train,"[1, 24, 26, 134, 29, 2, 0, 0, 0, 0, 0, 0, 0, 0, 0, 0, 0, 0]",handle
142759,user_1105,the handle does not have a rounded profile/cross-section but more rectangular,3ON104KXQMPKWD9GHURF9XNO2ZUW4N,65.0,43e1cabc5dd2fa91fffc97a61124b1a9,mug,ShapeNet,e363fa24c824d20ca363b55cbd344baa,mug,ShapeNet,False,mug/ShapeNet/e363fa24c824d20ca363b55cbd344baa,mug/ShapeNet/43e1cabc5dd2fa91fffc97a61124b1a9,True,mug,mug,1,"['the', 'handle', 'does', 'not', 'have', 'a', 'rounded', 'profile', 'cross', 'section', 'but', 'more', 'rectangular']",13,the handle does not have a rounded profile cross section but more rectangular,train,train,train,train,"[1, 10, 29, 39, 40, 84, 26, 48, 658, 28, 354, 207, 34, 128, 2, 0, 0, 0]",handle
142761,user_1886,It has a shorter body,3PH3VY7DJNQ0ZAX52NH53T0X3UUZWZ,56.0,edaf960fb6afdadc4cebc4b5998de5d0,mug,ShapeNet,c6bc2c9770a59b5ddd195661813efe58,mug,ShapeNet,False,mug/ShapeNet/c6bc2c9770a59b5ddd195661813efe58,mug/ShapeNet/edaf960fb6afdadc4cebc4b5998de5d0,True,mug,mug,1,"['it', 'has', 'a', 'short', '-er', 'body']",6,it has a short -er body,train,train,train,train,"[1, 23, 24, 26, 8, 9, 45, 2, 0, 0, 0, 0, 0, 0, 0, 0, 0, 0]",body
142772,user_242,handle is flatter,33OOO72IVJEVZ0I1F4SM5BSDQJ4TCK,56.0,f09e51579600cfbb88b651d2e4ea0846,mug,ShapeNet,dfa8a3a0c8a552b62bc8a44b22fcb3b9,mug,ShapeNet,False,mug/ShapeNet/dfa8a3a0c8a552b62bc8a44b22fcb3b9,mug/ShapeNet/f09e51579600cfbb88b651d2e4ea0846,False,mug,mug,1,"['handle', 'is', 'flat', '-er']",4,handle is flat -er,train,train,train,train,"[1, 29, 7, 129, 9, 2, 0, 0, 0, 0, 0, 0, 0, 0, 0, 0, 0, 0]",handle
142773,user_1894,"It has a ""C"" handle.",369J354OFF32EENULDGCKSLE43OG69,361.0,f09e51579600cfbb88b651d2e4ea0846,mug,ShapeNet,dfa8a3a0c8a552b62bc8a44b22fcb3b9,mug,ShapeNet,False,mug/ShapeNet/dfa8a3a0c8a552b62bc8a44b22fcb3b9,mug/ShapeNet/f09e51579600cfbb88b651d2e4ea0846,False,mug,mug,1,"['it', 'has', 'a', 'c', 'handle']",5,it has a c handle,train,train,train,train,"[1, 23, 24, 26, 1682, 29, 2, 0, 0, 0, 0, 0, 0, 0, 0, 0, 0, 0]",handle
142774,user_1416,It has a thinner handle.,3U4J9857OG4PRXTOO1TQPVUDJ1AB7G,267.0,1c9f9e25c654cbca3c71bf3f4dd78475,mug,ShapeNet,2997f21fa426e18a6ab1a25d0e8f3590,mug,ShapeNet,False,mug/ShapeNet/2997f21fa426e18a6ab1a25d0e8f3590,mug/ShapeNet/1c9f9e25c654cbca3c71bf3f4dd78475,True,mug,mug,1,"['it', 'has', 'a', 'thin', '-er', 'handle']",6,it has a thin -er handle,train,train,train,train,"[1, 23, 24, 26, 60, 9, 29, 2, 0, 0, 0, 0, 0, 0, 0, 0, 0, 0]",handle
142777,user_986,C shaped handle,3300DTYQT4AX4IANUR4MQUHTROKQEY,41.0,c60f62684618cb52a4136492f17b9a59,mug,ShapeNet,7a8ea24474846c5c2f23d8349a133d2b,mug,ShapeNet,False,mug/ShapeNet/7a8ea24474846c5c2f23d8349a133d2b,mug/ShapeNet/c60f62684618cb52a4136492f17b9a59,True,mug,mug,1,"['c', 'shaped', 'handle']",3,c shaped handle,train,train,train,train,"[1, 1682, 14, 29, 2, 0, 0, 0, 0, 0, 0, 0, 0, 0, 0, 0, 0, 0]",handle
142780,user_1461,Has a taller handle,3MB8LZR5BHMPZLMKY87T73V41EHLKA,15.0,57f73714cbc425e44ae022a8f6e258a7,mug,ShapeNet,f42a9784d165ad2f5e723252788c3d6e,mug,ShapeNet,False,mug/ShapeNet/f42a9784d165ad2f5e723252788c3d6e,mug/ShapeNet/57f73714cbc425e44ae022a8f6e258a7,True,mug,mug,1,"['has', 'a', 'tall', '-er', 'handle']",5,has a tall -er handle,val,train,val,train,"[1, 24, 26, 53, 9, 29, 2, 0, 0, 0, 0, 0, 0, 0, 0, 0, 0, 0]",handle
142781,user_1886,It has a thinner handle,3Q5ZZ9ZEVQ8R2VHYXWUJ09QGKOL85O,802.0,57f73714cbc425e44ae022a8f6e258a7,mug,ShapeNet,f42a9784d165ad2f5e723252788c3d6e,mug,ShapeNet,False,mug/ShapeNet/f42a9784d165ad2f5e723252788c3d6e,mug/ShapeNet/57f73714cbc425e44ae022a8f6e258a7,True,mug,mug,1,"['it', 'has', 'a', 'thin', '-er', 'handle']",6,it has a thin -er handle,val,train,val,train,"[1, 23, 24, 26, 60, 9, 29, 2, 0, 0, 0, 0, 0, 0, 0, 0, 0, 0]",handle
142786,user_456,The target's handle runs from top to bottom.,3R2UR8A0IC93P6OOAJ2APE70SSTXOK,67.0,43f94ba24d2f075c4d32a65fb7bf4ebc,mug,ShapeNet,44f9c4e1ea3532b8d7b20fded0142d7a,mug,ShapeNet,False,mug/ShapeNet/44f9c4e1ea3532b8d7b20fded0142d7a,mug/ShapeNet/43f94ba24d2f075c4d32a65fb7bf4ebc,False,mug,mug,1,"['the', 'target', ""'s"", 'handle', 'runs', 'from', 'top', 'to', 'bottom']",9,the target 's handle runs from top to bottom,train,train,train,train,"[1, 10, 11, 12, 29, 2802, 113, 99, 58, 76, 2, 0, 0, 0, 0, 0, 0, 0]",handle
142787,user_1461,Has a larger handle,3ERMJ6L4D0LLAOXLFQJZ3B57VZ87MT,17.0,43f94ba24d2f075c4d32a65fb7bf4ebc,mug,ShapeNet,44f9c4e1ea3532b8d7b20fded0142d7a,mug,ShapeNet,False,mug/ShapeNet/44f9c4e1ea3532b8d7b20fded0142d7a,mug/ShapeNet/43f94ba24d2f075c4d32a65fb7bf4ebc,False,mug,mug,1,"['has', 'a', 'large', '-er', 'handle']",5,has a large -er handle,train,train,train,train,"[1, 24, 26, 94, 9, 29, 2, 0, 0, 0, 0, 0, 0, 0, 0, 0, 0, 0]",handle
142788,user_1886,It has a thinner handle,34FNN24DCO26H18GA0SDZMEID3SY5W,56.0,a0c78f254b037f88933dc172307a6bb9,mug,ShapeNet,8f6c86feaa74698d5c91ee20ade72edc,mug,ShapeNet,False,mug/ShapeNet/8f6c86feaa74698d5c91ee20ade72edc,mug/ShapeNet/a0c78f254b037f88933dc172307a6bb9,True,mug,mug,1,"['it', 'has', 'a', 'thin', '-er', 'handle']",6,it has a thin -er handle,test,train,test,train,"[1, 23, 24, 26, 60, 9, 29, 2, 0, 0, 0, 0, 0, 0, 0, 0, 0, 0]",handle
142789,user_1894,The cup body is wider.,3DUZQ9U6SOHQJ9BMHLI1LYKG974SVR,1607.0,a0c78f254b037f88933dc172307a6bb9,mug,ShapeNet,8f6c86feaa74698d5c91ee20ade72edc,mug,ShapeNet,False,mug/ShapeNet/8f6c86feaa74698d5c91ee20ade72edc,mug/ShapeNet/a0c78f254b037f88933dc172307a6bb9,True,mug,mug,1,"['the', 'cup', 'body', 'is', 'wide', '-er']",6,the cup body is wide -er,test,train,test,train,"[1, 10, 870, 45, 7, 83, 9, 2, 0, 0, 0, 0, 0, 0, 0, 0, 0, 0]",body
142791,user_1886,It has a thinner handle,3C8HJ7UOP9N4UY3RYLBIUVY65SNMZ2,60.0,513c3410e8354e5211c7f3807925346a,mug,ShapeNet,c0c130c04edabc657c2b66248f91b3d8,mug,ShapeNet,False,mug/ShapeNet/c0c130c04edabc657c2b66248f91b3d8,mug/ShapeNet/513c3410e8354e5211c7f3807925346a,False,mug,mug,1,"['it', 'has', 'a', 'thin', '-er', 'handle']",6,it has a thin -er handle,train,train,train,train,"[1, 23, 24, 26, 60, 9, 29, 2, 0, 0, 0, 0, 0, 0, 0, 0, 0, 0]",handle
142793,user_1740,Its handle has no flat edges.,3IRIK4HM3CDPX27PJRKTU10Z6AI6C9,55.0,b4ae56d6638d5338de671f28c83d2dcb,mug,ShapeNet,d7ba704184d424dfd56d9106430c3fe,mug,ShapeNet,False,mug/ShapeNet/d7ba704184d424dfd56d9106430c3fe,mug/ShapeNet/b4ae56d6638d5338de671f28c83d2dcb,False,mug,mug,1,"['its', 'handle', 'has', 'no', 'flat', 'edges']",6,its handle has no flat edges,test,train,test,train,"[1, 5, 29, 24, 123, 129, 325, 2, 0, 0, 0, 0, 0, 0, 0, 0, 0, 0]",handle
142801,user_456,The target has a D shaped handle.,373ERPL3YQ1Z527KX1IHU6RZQJVRTA,67.0,9426e7aa67c83a4c3b51ab46b2f98f30,mug,ShapeNet,5d72df6bc7e93e6dd0cd466c08863ebd,mug,ShapeNet,False,mug/ShapeNet/5d72df6bc7e93e6dd0cd466c08863ebd,mug/ShapeNet/9426e7aa67c83a4c3b51ab46b2f98f30,False,mug,mug,1,"['the', 'target', 'has', 'a', 'd', 'shaped', 'handle']",7,the target has a d shaped handle,train,train,train,train,"[1, 10, 11, 24, 26, 1683, 14, 29, 2, 0, 0, 0, 0, 0, 0, 0, 0, 0]",handle
142803,user_1894,The body is curved.,3K3R2QNK8DW81FQN3P858HD73C79U9,995.0,9196f53a0d4be2806ffeedd41ba624d6,mug,ShapeNet,8f550770386a6cf82f23d8349a133d2b,mug,ShapeNet,False,mug/ShapeNet/8f550770386a6cf82f23d8349a133d2b,mug/ShapeNet/9196f53a0d4be2806ffeedd41ba624d6,False,mug,mug,1,"['the', 'body', 'is', 'curved']",4,the body is curved,train,train,train,train,"[1, 10, 45, 7, 51, 2, 0, 0, 0, 0, 0, 0, 0, 0, 0, 0, 0, 0]",body
142804,user_242,handle is square,3OWEPKL08B5RS6ILRRYZGQU70QRN7K,94.0,1eaf8db2dd2b710c7d5b1b70ae595e60,mug,ShapeNet,24651c3767aa5089e19f4cee87249aca,mug,ShapeNet,False,mug/ShapeNet/24651c3767aa5089e19f4cee87249aca,mug/ShapeNet/1eaf8db2dd2b710c7d5b1b70ae595e60,True,mug,mug,1,"['handle', 'is', 'square']",3,handle is square,train,train,train,train,"[1, 29, 7, 50, 2, 0, 0, 0, 0, 0, 0, 0, 0, 0, 0, 0, 0, 0]",handle
142805,user_456,The target has a thick D shaped handle.,3C44YUNSI3I7C0V8YJEDK79YMFFPDT,49.0,1eaf8db2dd2b710c7d5b1b70ae595e60,mug,ShapeNet,24651c3767aa5089e19f4cee87249aca,mug,ShapeNet,False,mug/ShapeNet/24651c3767aa5089e19f4cee87249aca,mug/ShapeNet/1eaf8db2dd2b710c7d5b1b70ae595e60,True,mug,mug,1,"['the', 'target', 'has', 'a', 'thick', 'd', 'shaped', 'handle']",8,the target has a thick d shaped handle,train,train,train,train,"[1, 10, 11, 24, 26, 54, 1683, 14, 29, 2, 0, 0, 0, 0, 0, 0, 0, 0]",handle
142807,user_1894,The handle is wider.,3P4RDNWND7ZSY08WVKA4E83Z5M0IJ9,488.0,a6d9f9ae39728831808951ff5fb582ac,mug,ShapeNet,68f4428c0b38ae0e2469963e6d044dfe,mug,ShapeNet,False,mug/ShapeNet/68f4428c0b38ae0e2469963e6d044dfe,mug/ShapeNet/a6d9f9ae39728831808951ff5fb582ac,True,mug,mug,1,"['the', 'handle', 'is', 'wide', '-er']",5,the handle is wide -er,train,train,train,train,"[1, 10, 29, 7, 83, 9, 2, 0, 0, 0, 0, 0, 0, 0, 0, 0, 0, 0]",handle
142808,user_242,handle is D shaped,3TDXMTX3CDNGA5TPB1GF54YUJGEI61,64.0,2852b888abae54b0e3523e99fd841f4,mug,ShapeNet,f09e51579600cfbb88b651d2e4ea0846,mug,ShapeNet,False,mug/ShapeNet/f09e51579600cfbb88b651d2e4ea0846,mug/ShapeNet/2852b888abae54b0e3523e99fd841f4,True,mug,mug,1,"['handle', 'is', 'd', 'shaped']",4,handle is d shaped,train,train,train,train,"[1, 29, 7, 1683, 14, 2, 0, 0, 0, 0, 0, 0, 0, 0, 0, 0, 0, 0]",handle
142809,user_390,The handle has an inner layer with more complex form.,3K4J6M3CXGM31GZXBQXO0XN00LVGAE,77.0,2852b888abae54b0e3523e99fd841f4,mug,ShapeNet,f09e51579600cfbb88b651d2e4ea0846,mug,ShapeNet,False,mug/ShapeNet/f09e51579600cfbb88b651d2e4ea0846,mug/ShapeNet/2852b888abae54b0e3523e99fd841f4,True,mug,mug,1,"['the', 'handle', 'has', 'an', 'inner', 'layer', 'with', 'more', 'complex', 'form']",10,the handle has an inner layer with more complex form,train,train,train,train,"[1, 10, 29, 24, 72, 1754, 1764, 121, 34, 214, 67, 2, 0, 0, 0, 0, 0, 0]",handle
142810,user_485,"Target mug has a ""C"" handle.",32EYX73OY22E5FM9X68RZ2D19X1RU0,59.0,92d6394732e6058d4bcbafcc905a9b98,mug,ShapeNet,962883677a586bd84a60c1a189046dd1,mug,ShapeNet,False,mug/ShapeNet/962883677a586bd84a60c1a189046dd1,mug/ShapeNet/92d6394732e6058d4bcbafcc905a9b98,False,mug,mug,1,"['target', 'mug', 'has', 'a', 'c', 'handle']",6,target mug has a c handle,train,train,train,train,"[1, 11, 1684, 24, 26, 1682, 29, 2, 0, 0, 0, 0, 0, 0, 0, 0, 0, 0]",handle
142814,user_1866,the mug has two handles as compared to one.,3ZR9AIQJUD2RON8VONYU22EK1U840M,46.0,43e1cabc5dd2fa91fffc97a61124b1a9,mug,ShapeNet,649a51c711dc7f3b32e150233fdd42e9,mug,ShapeNet,False,mug/ShapeNet/649a51c711dc7f3b32e150233fdd42e9,mug/ShapeNet/43e1cabc5dd2fa91fffc97a61124b1a9,False,mug,mug,1,"['the', 'mug', 'has', 'two', 'handles', 'as', 'compared', 'to', 'one']",9,the mug has two handles as compared to one,train,train,train,train,"[1, 10, 1684, 24, 17, 18, 52, 868, 58, 19, 2, 0, 0, 0, 0, 0, 0, 0]",handle
142815,user_2144,The target mug's handle is not as rounded as the other mug's handle.,3L2IS5HSFCBTQHUH4ZRAQI8R809UNC,62.0,43e1cabc5dd2fa91fffc97a61124b1a9,mug,ShapeNet,649a51c711dc7f3b32e150233fdd42e9,mug,ShapeNet,False,mug/ShapeNet/649a51c711dc7f3b32e150233fdd42e9,mug/ShapeNet/43e1cabc5dd2fa91fffc97a61124b1a9,False,mug,mug,1,"['the', 'target', 'mug', ""'s"", 'handle', 'is', 'not', 'as', 'rounded', 'as', 'the', 'other', 'mug', ""'s"", 'handle']",15,the target mug 's handle is not as rounded as the other mug 's handle,train,train,train,train,"[1, 10, 11, 1684, 12, 29, 7, 40, 52, 48, 52, 10, 396, 1684, 12, 29, 2, 0]",handle
142818,user_1764,The handle starts near the lip,3C6FJU71TSMN2GYVB10L7Y6YCLVUYM,53.0,52273f4b17505e898ef19a48ac4fcfdf,mug,ShapeNet,a1d293f5cc20d01ad7f470ee20dce9e0,mug,ShapeNet,False,mug/ShapeNet/a1d293f5cc20d01ad7f470ee20dce9e0,mug/ShapeNet/52273f4b17505e898ef19a48ac4fcfdf,False,mug,mug,1,"['the', 'handle', 'starts', 'near', 'the', 'lip']",6,the handle starts near the lip,train,train,train,train,"[1, 10, 29, 145, 348, 10, 125, 2, 0, 0, 0, 0, 0, 0, 0, 0, 0, 0]",handle
142819,user_1886,It has a D  shaped handle,3UN61F00HYIXK0WUW50JRQLLAHHR5T,86.0,52273f4b17505e898ef19a48ac4fcfdf,mug,ShapeNet,a1d293f5cc20d01ad7f470ee20dce9e0,mug,ShapeNet,False,mug/ShapeNet/a1d293f5cc20d01ad7f470ee20dce9e0,mug/ShapeNet/52273f4b17505e898ef19a48ac4fcfdf,False,mug,mug,1,"['it', 'has', 'a', 'd', 'shaped', 'handle']",6,it has a d shaped handle,train,train,train,train,"[1, 23, 24, 26, 1683, 14, 29, 2, 0, 0, 0, 0, 0, 0, 0, 0, 0, 0]",handle
142820,user_1764,There is a handle present,3L4D84MIL1LS25XCP2SJEW2K59JHJD,48.0,bf2b5e941b43d030138af902bc222a59,mug,ShapeNet,b46e89995f4f9cc5161e440f04bd2a2,mug,ShapeNet,False,mug/ShapeNet/b46e89995f4f9cc5161e440f04bd2a2,mug/ShapeNet/bf2b5e941b43d030138af902bc222a59,True,mug,mug,1,"['there', 'is', 'a', 'handle', 'present']",5,there is a handle present,train,train,train,train,"[1, 15, 7, 26, 29, 1708, 2, 0, 0, 0, 0, 0, 0, 0, 0, 0, 0, 0]",handle
142821,user_1886,It has a C shaped handle,3DHE4R9OCY4EWD4TYB49UF42OYGG2M,43.0,bf2b5e941b43d030138af902bc222a59,mug,ShapeNet,b46e89995f4f9cc5161e440f04bd2a2,mug,ShapeNet,False,mug/ShapeNet/b46e89995f4f9cc5161e440f04bd2a2,mug/ShapeNet/bf2b5e941b43d030138af902bc222a59,True,mug,mug,1,"['it', 'has', 'a', 'c', 'shaped', 'handle']",6,it has a c shaped handle,train,train,train,train,"[1, 23, 24, 26, 1682, 14, 29, 2, 0, 0, 0, 0, 0, 0, 0, 0, 0, 0]",handle
142823,user_1461,Has a flared body,3018Q3ZVOKJUQ68BR1R0Z1172UBRAQ,22.0,99eaa69cf6fe8811dec712af445786fe,mug,ShapeNet,62684ad0321b35189a3501eead248b52,mug,ShapeNet,False,mug/ShapeNet/62684ad0321b35189a3501eead248b52,mug/ShapeNet/99eaa69cf6fe8811dec712af445786fe,True,mug,mug,1,"['has', 'a', 'flared', 'body']",4,has a flared body,train,train,train,train,"[1, 24, 26, 569, 45, 2, 0, 0, 0, 0, 0, 0, 0, 0, 0, 0, 0, 0]",body
142825,user_1105,it has a square handle,3LOZAJ85YF6PIZZJNL4DI14XRN42XQ,56.0,c34718bd10e378186c6c61abcbd83e5a,mug,ShapeNet,8012f52dd0a4d2f718a93a45bf780820,mug,ShapeNet,False,mug/ShapeNet/8012f52dd0a4d2f718a93a45bf780820,mug/ShapeNet/c34718bd10e378186c6c61abcbd83e5a,False,mug,mug,1,"['it', 'has', 'a', 'square', 'handle']",5,it has a square handle,train,train,train,train,"[1, 23, 24, 26, 50, 29, 2, 0, 0, 0, 0, 0, 0, 0, 0, 0, 0, 0]",handle
142827,user_1964,the handle is more tubular,3HWRJOOET7V9HYP0MVTRLUWU9C0ES6,37.0,9426e7aa67c83a4c3b51ab46b2f98f30,mug,ShapeNet,ca198dc3f7dc0cacec6338171298c66b,mug,ShapeNet,False,mug/ShapeNet/ca198dc3f7dc0cacec6338171298c66b,mug/ShapeNet/9426e7aa67c83a4c3b51ab46b2f98f30,False,mug,mug,1,"['the', 'handle', 'is', 'more', 'tubular']",5,the handle is more tubular,test,train,test,train,"[1, 10, 29, 7, 34, 428, 2, 0, 0, 0, 0, 0, 0, 0, 0, 0, 0, 0]",handle
142830,user_505,Target has a rectangular handle,3IOEN3P9S9C5AZXR3UV9D5H82E361X,31.0,f09e51579600cfbb88b651d2e4ea0846,mug,ShapeNet,39361b14ba19303ee42cfae782879837,mug,ShapeNet,False,mug/ShapeNet/39361b14ba19303ee42cfae782879837,mug/ShapeNet/f09e51579600cfbb88b651d2e4ea0846,False,mug,mug,1,"['target', 'has', 'a', 'rectangular', 'handle']",5,target has a rectangular handle,train,train,train,train,"[1, 11, 24, 26, 128, 29, 2, 0, 0, 0, 0, 0, 0, 0, 0, 0, 0, 0]",handle
142831,user_1886,It has a taller body size,3JJVG1YBEDQA4TF508ETRBGHSVFB51,57.0,f09e51579600cfbb88b651d2e4ea0846,mug,ShapeNet,39361b14ba19303ee42cfae782879837,mug,ShapeNet,False,mug/ShapeNet/39361b14ba19303ee42cfae782879837,mug/ShapeNet/f09e51579600cfbb88b651d2e4ea0846,False,mug,mug,1,"['it', 'has', 'a', 'tall', '-er', 'body', 'size']",7,it has a tall -er body size,train,train,train,train,"[1, 23, 24, 26, 53, 9, 45, 377, 2, 0, 0, 0, 0, 0, 0, 0, 0, 0]",body
142834,user_242,handle is flatter,3OVR4I9USRCFCGDU5LS9H852EZN4Q3,26.0,6c5ec193434326fd6fa82390eb12174f,mug,ShapeNet,d32cd77c6630b77de47c0353c18d58e,mug,ShapeNet,False,mug/ShapeNet/d32cd77c6630b77de47c0353c18d58e,mug/ShapeNet/6c5ec193434326fd6fa82390eb12174f,True,mug,mug,1,"['handle', 'is', 'flat', '-er']",4,handle is flat -er,train,train,train,train,"[1, 29, 7, 129, 9, 2, 0, 0, 0, 0, 0, 0, 0, 0, 0, 0, 0, 0]",handle
142838,user_242,Has no handle,3R0T90IZ1U5RUVWVV4TF6SDO0PUCGS,28.0,604fcae9d93201d9d7f470ee20dce9e0,mug,ShapeNet,5ef0c4f8c0884a24762241154bf230ce,mug,ShapeNet,False,mug/ShapeNet/5ef0c4f8c0884a24762241154bf230ce,mug/ShapeNet/604fcae9d93201d9d7f470ee20dce9e0,False,mug,mug,1,"['has', 'no', 'handle']",3,has no handle,val,train,val,train,"[1, 24, 123, 29, 2, 0, 0, 0, 0, 0, 0, 0, 0, 0, 0, 0, 0, 0]",handle
142839,user_1105,it has no handle,3A4NIXBJ78SKP9MNJKK9MGN8QJBMLF,37.0,604fcae9d93201d9d7f470ee20dce9e0,mug,ShapeNet,5ef0c4f8c0884a24762241154bf230ce,mug,ShapeNet,False,mug/ShapeNet/5ef0c4f8c0884a24762241154bf230ce,mug/ShapeNet/604fcae9d93201d9d7f470ee20dce9e0,False,mug,mug,1,"['it', 'has', 'no', 'handle']",4,it has no handle,val,train,val,train,"[1, 23, 24, 123, 29, 2, 0, 0, 0, 0, 0, 0, 0, 0, 0, 0, 0, 0]",handle
142840,user_1764,The handle is thinner,3HL8HNGX47UJIXTX80D6MHC4TPUF9I,23.0,ec846432f3ebedf0a6f32a8797e3b9e9,mug,ShapeNet,7223820f07fd6b55e453535335057818,mug,ShapeNet,False,mug/ShapeNet/7223820f07fd6b55e453535335057818,mug/ShapeNet/ec846432f3ebedf0a6f32a8797e3b9e9,True,mug,mug,1,"['the', 'handle', 'is', 'thin', '-er']",5,the handle is thin -er,train,train,train,train,"[1, 10, 29, 7, 60, 9, 2, 0, 0, 0, 0, 0, 0, 0, 0, 0, 0, 0]",handle
142841,user_1886,It has thinner handle,3RXPCZQMQR477SMXF74VPWUXWRRG1S,56.0,ec846432f3ebedf0a6f32a8797e3b9e9,mug,ShapeNet,7223820f07fd6b55e453535335057818,mug,ShapeNet,False,mug/ShapeNet/7223820f07fd6b55e453535335057818,mug/ShapeNet/ec846432f3ebedf0a6f32a8797e3b9e9,True,mug,mug,1,"['it', 'has', 'thin', '-er', 'handle']",5,it has thin -er handle,train,train,train,train,"[1, 23, 24, 60, 9, 29, 2, 0, 0, 0, 0, 0, 0, 0, 0, 0, 0, 0]",handle
142844,user_242,body is wider,3JZQSN0I3S3YX7G5M6JGEYYRX2LFG5,33.0,b9f9f5b48ab1153626829c11d9aba173,mug,ShapeNet,3c0467f96e26b8c6a93445a1757adf6,mug,ShapeNet,False,mug/ShapeNet/3c0467f96e26b8c6a93445a1757adf6,mug/ShapeNet/b9f9f5b48ab1153626829c11d9aba173,False,mug,mug,1,"['body', 'is', 'wide', '-er']",4,body is wide -er,train,train,train,train,"[1, 45, 7, 83, 9, 2, 0, 0, 0, 0, 0, 0, 0, 0, 0, 0, 0, 0]",body
142845,user_865,Target has elongated narrow handle,3SEPORI8WPS3SXU21ILDL436BBXZAU,193.0,b9f9f5b48ab1153626829c11d9aba173,mug,ShapeNet,3c0467f96e26b8c6a93445a1757adf6,mug,ShapeNet,False,mug/ShapeNet/3c0467f96e26b8c6a93445a1757adf6,mug/ShapeNet/b9f9f5b48ab1153626829c11d9aba173,False,mug,mug,1,"['target', 'has', 'elongated', 'narrow', 'handle']",5,target has elongated narrow handle,train,train,train,train,"[1, 11, 24, 1210, 210, 29, 2, 0, 0, 0, 0, 0, 0, 0, 0, 0, 0, 0]",handle
142846,user_1416,The handle is smaller.,3Y4W8Q93L1DKHKS4KVNCQZYG84TVDZ,1421.0,128ecbc10df5b05d96eaf1340564a4de,mug,ShapeNet,8aed972ea2b4a9019c3814eae0b8d399,mug,ShapeNet,False,mug/ShapeNet/8aed972ea2b4a9019c3814eae0b8d399,mug/ShapeNet/128ecbc10df5b05d96eaf1340564a4de,False,mug,mug,1,"['the', 'handle', 'is', 'small', '-er']",5,the handle is small -er,train,train,train,train,"[1, 10, 29, 7, 111, 9, 2, 0, 0, 0, 0, 0, 0, 0, 0, 0, 0, 0]",handle
142851,user_1886,It has a thicker body,323Q6SJS8K9CX3BG6C1YZYASC1NHFT,93.0,ea33ad442b032208d778b73d04298f62,mug,ShapeNet,9961ccbafd59cb03fe36eb2ab5fa00e0,mug,ShapeNet,False,mug/ShapeNet/9961ccbafd59cb03fe36eb2ab5fa00e0,mug/ShapeNet/ea33ad442b032208d778b73d04298f62,True,mug,mug,1,"['it', 'has', 'a', 'thick', '-er', 'body']",6,it has a thick -er body,train,train,train,train,"[1, 23, 24, 26, 54, 9, 45, 2, 0, 0, 0, 0, 0, 0, 0, 0, 0, 0]",body
142852,user_1254,handle has more space to put hand,3PJ71Z61R6VSSIZP11YLXF8ASGM19G,119.0,48e260a614c0fd4434a8988fdcee4fde,mug,ShapeNet,187859d3c3a2fd23f54e1b6f41fdd78a,mug,ShapeNet,True,mug/ShapeNet/187859d3c3a2fd23f54e1b6f41fdd78a,mug/ShapeNet/48e260a614c0fd4434a8988fdcee4fde,True,mug,mug,1,"['handle', 'has', 'more', 'space', 'to', 'put', 'hand']",7,handle has more space to put hand,train,train,train,train,"[1, 29, 24, 34, 744, 58, 1888, 211, 2, 0, 0, 0, 0, 0, 0, 0, 0, 0]",handle
142853,user_1461,Has a taller body,31Z0PCVWUM8PNJN5ONKBPP0ZP75T7H,41.0,48e260a614c0fd4434a8988fdcee4fde,mug,ShapeNet,187859d3c3a2fd23f54e1b6f41fdd78a,mug,ShapeNet,False,mug/ShapeNet/187859d3c3a2fd23f54e1b6f41fdd78a,mug/ShapeNet/48e260a614c0fd4434a8988fdcee4fde,True,mug,mug,1,"['has', 'a', 'tall', '-er', 'body']",5,has a tall -er body,train,train,train,train,"[1, 24, 26, 53, 9, 45, 2, 0, 0, 0, 0, 0, 0, 0, 0, 0, 0, 0]",body
142857,user_1886,It has a smaller handle,33L7PJKHCIRTNXSOYSCH3PWU0RC8TK,1371.0,9961ccbafd59cb03fe36eb2ab5fa00e0,mug,ShapeNet,6661c0b9b9b8450c4ee002d643e7b29e,mug,ShapeNet,False,mug/ShapeNet/6661c0b9b9b8450c4ee002d643e7b29e,mug/ShapeNet/9961ccbafd59cb03fe36eb2ab5fa00e0,False,mug,mug,1,"['it', 'has', 'a', 'small', '-er', 'handle']",6,it has a small -er handle,train,train,train,train,"[1, 23, 24, 26, 111, 9, 29, 2, 0, 0, 0, 0, 0, 0, 0, 0, 0, 0]",handle
142858,user_456,The target has a long thin tapered handle.,3HHRAGRYXAYDOA6Q73WW9BLILP4O9U,70.0,f09e51579600cfbb88b651d2e4ea0846,mug,ShapeNet,d38295b8d83e8cdec712af445786fe,mug,ShapeNet,False,mug/ShapeNet/d38295b8d83e8cdec712af445786fe,mug/ShapeNet/f09e51579600cfbb88b651d2e4ea0846,False,mug,mug,1,"['the', 'target', 'has', 'a', 'long', 'thin', 'tapered', 'handle']",8,the target has a long thin tapered handle,train,train,train,train,"[1, 10, 11, 24, 26, 32, 60, 352, 29, 2, 0, 0, 0, 0, 0, 0, 0, 0]",handle
142861,user_1886,The handle is not C shaped,3QL2OFSM98BX4NDHI86AWCML104NCX,50.0,b4ae56d6638d5338de671f28c83d2dcb,mug,ShapeNet,b9f9f5b48ab1153626829c11d9aba173,mug,ShapeNet,False,mug/ShapeNet/b9f9f5b48ab1153626829c11d9aba173,mug/ShapeNet/b4ae56d6638d5338de671f28c83d2dcb,False,mug,mug,1,"['the', 'handle', 'is', 'not', 'c', 'shaped']",6,the handle is not c shaped,train,train,train,train,"[1, 10, 29, 7, 40, 1682, 14, 2, 0, 0, 0, 0, 0, 0, 0, 0, 0, 0]",handle
142865,user_1886,It has a C shaped handle,3TXWC2NHN1JSM2YJEKD5TGVJIE9S9X,46.0,275729fcdc9bf1488afafc80c93c27a9,mug,ShapeNet,edaf960fb6afdadc4cebc4b5998de5d0,mug,ShapeNet,False,mug/ShapeNet/edaf960fb6afdadc4cebc4b5998de5d0,mug/ShapeNet/275729fcdc9bf1488afafc80c93c27a9,False,mug,mug,1,"['it', 'has', 'a', 'c', 'shaped', 'handle']",6,it has a c shaped handle,train,train,train,train,"[1, 23, 24, 26, 1682, 14, 29, 2, 0, 0, 0, 0, 0, 0, 0, 0, 0, 0]",handle
142867,user_1461,"Has a thicker, smaller handle",3CN4LGXD5ZHOLI4GWV93UU84D7UY4O,21.0,9426e7aa67c83a4c3b51ab46b2f98f30,mug,ShapeNet,141f1db25095b16dcfb3760e4293e310,mug,ShapeNet,False,mug/ShapeNet/141f1db25095b16dcfb3760e4293e310,mug/ShapeNet/9426e7aa67c83a4c3b51ab46b2f98f30,False,mug,mug,1,"['has', 'a', 'thick', '-er', 'small', '-er', 'handle']",7,has a thick -er small -er handle,train,train,train,train,"[1, 24, 26, 54, 9, 111, 9, 29, 2, 0, 0, 0, 0, 0, 0, 0, 0, 0]",handle
142870,user_1886,It has a thicker handle,3X31TUMD7ZFNTK0YQY1B2OZ5S9OL1G,38.0,37f56901a07da69dac6b8e58caf61f95,mug,ShapeNet,7d282cc3cedd40c8b5c4f4801d3aada,mug,ShapeNet,False,mug/ShapeNet/7d282cc3cedd40c8b5c4f4801d3aada,mug/ShapeNet/37f56901a07da69dac6b8e58caf61f95,True,mug,mug,1,"['it', 'has', 'a', 'thick', '-er', 'handle']",6,it has a thick -er handle,train,train,train,train,"[1, 23, 24, 26, 54, 9, 29, 2, 0, 0, 0, 0, 0, 0, 0, 0, 0, 0]",handle
142871,user_1964,the handle is wider,3M81GAB8A2CZXFY3K02WPMB8OR2QBT,36.0,37f56901a07da69dac6b8e58caf61f95,mug,ShapeNet,7d282cc3cedd40c8b5c4f4801d3aada,mug,ShapeNet,False,mug/ShapeNet/7d282cc3cedd40c8b5c4f4801d3aada,mug/ShapeNet/37f56901a07da69dac6b8e58caf61f95,True,mug,mug,1,"['the', 'handle', 'is', 'wide', '-er']",5,the handle is wide -er,train,train,train,train,"[1, 10, 29, 7, 83, 9, 2, 0, 0, 0, 0, 0, 0, 0, 0, 0, 0, 0]",handle
142872,user_1416,The handle is slightly taller.,3A1COHJ8NLO3IO1TYYVSP6T6PXDH8F,521.0,414772162ef70ec29109ad7f9c200d62,mug,ShapeNet,ea33ad442b032208d778b73d04298f62,mug,ShapeNet,False,mug/ShapeNet/ea33ad442b032208d778b73d04298f62,mug/ShapeNet/414772162ef70ec29109ad7f9c200d62,False,mug,mug,1,"['the', 'handle', 'is', 'slightly', 'tall', '-er']",6,the handle is slightly tall -er,train,train,train,train,"[1, 10, 29, 7, 174, 53, 9, 2, 0, 0, 0, 0, 0, 0, 0, 0, 0, 0]",handle
142873,user_1964,the handle is not tubular,3Z7VU45IP0A7Y9H25ZSKA3A37IWZ1D,59.0,414772162ef70ec29109ad7f9c200d62,mug,ShapeNet,ea33ad442b032208d778b73d04298f62,mug,ShapeNet,False,mug/ShapeNet/ea33ad442b032208d778b73d04298f62,mug/ShapeNet/414772162ef70ec29109ad7f9c200d62,False,mug,mug,1,"['the', 'handle', 'is', 'not', 'tubular']",5,the handle is not tubular,train,train,train,train,"[1, 10, 29, 7, 40, 428, 2, 0, 0, 0, 0, 0, 0, 0, 0, 0, 0, 0]",handle
142874,user_194,Handle is thicker on first one and skinnier on second,3TUI152ZZDGYKHGBI397JAYZ2E2Q1Z,59.0,9c930a8a3411f069e7f67f334aa9295c,mug,ShapeNet,f1866a48c2fc17f85b2ecd212557fda0,mug,ShapeNet,False,mug/ShapeNet/f1866a48c2fc17f85b2ecd212557fda0,mug/ShapeNet/9c930a8a3411f069e7f67f334aa9295c,False,mug,mug,1,"['handle', 'is', 'thick', '-er', 'on', 'first', 'one', 'and', 'skinny', '-er', 'on', 'second']",12,handle is thick -er on first one and skinny -er on second,train,train,train,train,"[1, 29, 7, 54, 9, 20, 370, 19, 47, 282, 9, 20, 1727, 2, 0, 0, 0, 0]",handle
142875,user_1461,Has a smaller handle,3Y9N9SS8L0405BQL0LH6746XHJWD3E,19.0,9c930a8a3411f069e7f67f334aa9295c,mug,ShapeNet,f1866a48c2fc17f85b2ecd212557fda0,mug,ShapeNet,False,mug/ShapeNet/f1866a48c2fc17f85b2ecd212557fda0,mug/ShapeNet/9c930a8a3411f069e7f67f334aa9295c,False,mug,mug,1,"['has', 'a', 'small', '-er', 'handle']",5,has a small -er handle,train,train,train,train,"[1, 24, 26, 111, 9, 29, 2, 0, 0, 0, 0, 0, 0, 0, 0, 0, 0, 0]",handle
142876,user_1885,its handle is nearly square,3AMYWKA6YDFQ6R4S9WTKP1UGVP8O6X,966.0,a1d293f5cc20d01ad7f470ee20dce9e0,mug,ShapeNet,10f6e09036350e92b3f21f1137c3c347,mug,ShapeNet,False,mug/ShapeNet/10f6e09036350e92b3f21f1137c3c347,mug/ShapeNet/a1d293f5cc20d01ad7f470ee20dce9e0,False,mug,mug,1,"['its', 'handle', 'is', 'nearly', 'square']",5,its handle is nearly square,train,train,train,train,"[1, 5, 29, 7, 2944, 50, 2, 0, 0, 0, 0, 0, 0, 0, 0, 0, 0, 0]",handle
142879,user_1886,It has a larger body,39K0FND3AJ83TQVJMTVJD27XW79AMI,50.0,275729fcdc9bf1488afafc80c93c27a9,mug,ShapeNet,1eaf8db2dd2b710c7d5b1b70ae595e60,mug,ShapeNet,False,mug/ShapeNet/1eaf8db2dd2b710c7d5b1b70ae595e60,mug/ShapeNet/275729fcdc9bf1488afafc80c93c27a9,False,mug,mug,1,"['it', 'has', 'a', 'large', '-er', 'body']",6,it has a large -er body,train,train,train,train,"[1, 23, 24, 26, 94, 9, 45, 2, 0, 0, 0, 0, 0, 0, 0, 0, 0, 0]",body
142881,user_986,handle is thinner,3RANCT1ZVHARP85K19M1ZN8XRCDUB7,47.0,d309d5f8038df4121198791a5b8655c,mug,ShapeNet,8f6c86feaa74698d5c91ee20ade72edc,mug,ShapeNet,False,mug/ShapeNet/8f6c86feaa74698d5c91ee20ade72edc,mug/ShapeNet/d309d5f8038df4121198791a5b8655c,False,mug,mug,1,"['handle', 'is', 'thin', '-er']",4,handle is thin -er,test,train,test,train,"[1, 29, 7, 60, 9, 2, 0, 0, 0, 0, 0, 0, 0, 0, 0, 0, 0, 0]",handle
142882,user_242,handle is thinner,3LS2AMNW5HJJG9NCO57IV6B7VQPQO1,25.0,9d8c711750a73b06ad1d789f3b2120d0,mug,ShapeNet,43e1cabc5dd2fa91fffc97a61124b1a9,mug,ShapeNet,False,mug/ShapeNet/43e1cabc5dd2fa91fffc97a61124b1a9,mug/ShapeNet/9d8c711750a73b06ad1d789f3b2120d0,True,mug,mug,1,"['handle', 'is', 'thin', '-er']",4,handle is thin -er,train,train,train,train,"[1, 29, 7, 60, 9, 2, 0, 0, 0, 0, 0, 0, 0, 0, 0, 0, 0, 0]",handle
142883,user_1602,The handle is rounder.,3WLEIWSYHQASW9Z4IHMRFFG33Y32HH,52.0,9d8c711750a73b06ad1d789f3b2120d0,mug,ShapeNet,43e1cabc5dd2fa91fffc97a61124b1a9,mug,ShapeNet,False,mug/ShapeNet/43e1cabc5dd2fa91fffc97a61124b1a9,mug/ShapeNet/9d8c711750a73b06ad1d789f3b2120d0,True,mug,mug,1,"['the', 'handle', 'is', 'round', '-er']",5,the handle is round -er,train,train,train,train,"[1, 10, 29, 7, 134, 9, 2, 0, 0, 0, 0, 0, 0, 0, 0, 0, 0, 0]",handle
142885,user_986,square handle,3RU7GD8VPQMDEPEQV992F6VYNJ7SPA,43.0,b9f9f5b48ab1153626829c11d9aba173,mug,ShapeNet,4b7888feea81219ab5f4a9188bfa0ef6,mug,ShapeNet,False,mug/ShapeNet/4b7888feea81219ab5f4a9188bfa0ef6,mug/ShapeNet/b9f9f5b48ab1153626829c11d9aba173,False,mug,mug,1,"['square', 'handle']",2,square handle,train,train,train,train,"[1, 50, 29, 2, 0, 0, 0, 0, 0, 0, 0, 0, 0, 0, 0, 0, 0, 0]",handle
142886,user_242,Handle is wider and thinner,3KYQYYSHYX0PR0J7JJ1YV748CBWDOF,40.0,3d1754b7cb46c0ce5c8081810641ef6,mug,ShapeNet,6aec84952a5ffcf33f60d03e1cb068dc,mug,ShapeNet,False,mug/ShapeNet/6aec84952a5ffcf33f60d03e1cb068dc,mug/ShapeNet/3d1754b7cb46c0ce5c8081810641ef6,True,mug,mug,1,"['handle', 'is', 'wide', '-er', 'and', 'thin', '-er']",7,handle is wide -er and thin -er,train,train,train,train,"[1, 29, 7, 83, 9, 47, 60, 9, 2, 0, 0, 0, 0, 0, 0, 0, 0, 0]",handle
142892,user_1886,It has a thicker handle,3VE8AYVF8OQJ4SAN387SMLHT9J88FI,46.0,c7f8d39c406fee941050b055aafa6fb8,mug,ShapeNet,c6bc2c9770a59b5ddd195661813efe58,mug,ShapeNet,False,mug/ShapeNet/c6bc2c9770a59b5ddd195661813efe58,mug/ShapeNet/c7f8d39c406fee941050b055aafa6fb8,False,mug,mug,1,"['it', 'has', 'a', 'thick', '-er', 'handle']",6,it has a thick -er handle,train,train,train,train,"[1, 23, 24, 26, 54, 9, 29, 2, 0, 0, 0, 0, 0, 0, 0, 0, 0, 0]",handle
142893,user_1964,the bottom is the same size as the body,3LEP4MGT3IT586UYFEWCPN495CDBD9,37.0,c7f8d39c406fee941050b055aafa6fb8,mug,ShapeNet,c6bc2c9770a59b5ddd195661813efe58,mug,ShapeNet,False,mug/ShapeNet/c6bc2c9770a59b5ddd195661813efe58,mug/ShapeNet/c7f8d39c406fee941050b055aafa6fb8,False,mug,mug,1,"['the', 'bottom', 'is', 'the', 'same', 'size', 'as', 'the', 'body']",9,the bottom is the same size as the body,train,train,train,train,"[1, 10, 76, 7, 10, 300, 377, 52, 10, 45, 2, 0, 0, 0, 0, 0, 0, 0]",body
142894,user_986,mug is flat on the side of the handle,3E337GFOLB1ALZTMKU2TM370ZTCNGP,60.0,b9f9f5b48ab1153626829c11d9aba173,mug,ShapeNet,a6d9f9ae39728831808951ff5fb582ac,mug,ShapeNet,False,mug/ShapeNet/a6d9f9ae39728831808951ff5fb582ac,mug/ShapeNet/b9f9f5b48ab1153626829c11d9aba173,False,mug,mug,1,"['mug', 'is', 'flat', 'on', 'the', 'side', 'of', 'the', 'handle']",9,mug is flat on the side of the handle,train,train,train,train,"[1, 1684, 7, 129, 20, 10, 22, 38, 10, 29, 2, 0, 0, 0, 0, 0, 0, 0]",handle
142897,user_2144,The target has a handle on its side.,38SKSKU7R3QYTQWWY5MHUNGR9AOLIV,57.0,275729fcdc9bf1488afafc80c93c27a9,mug,ShapeNet,b18bf84bcd457ffbc2868ebdda32b945,mug,ShapeNet,False,mug/ShapeNet/b18bf84bcd457ffbc2868ebdda32b945,mug/ShapeNet/275729fcdc9bf1488afafc80c93c27a9,False,mug,mug,1,"['the', 'target', 'has', 'a', 'handle', 'on', 'its', 'side']",8,the target has a handle on its side,test,train,test,train,"[1, 10, 11, 24, 26, 29, 20, 5, 22, 2, 0, 0, 0, 0, 0, 0, 0, 0]",handle
142899,user_1461,Has a flared handle,3TOK3KHVJVB9ARIXS6YCVFUCQZL7O6,34.0,4815b8a6406494662a96924bce6ef687,mug,ShapeNet,52273f4b17505e898ef19a48ac4fcfdf,mug,ShapeNet,False,mug/ShapeNet/52273f4b17505e898ef19a48ac4fcfdf,mug/ShapeNet/4815b8a6406494662a96924bce6ef687,True,mug,mug,1,"['has', 'a', 'flared', 'handle']",4,has a flared handle,train,train,train,train,"[1, 24, 26, 569, 29, 2, 0, 0, 0, 0, 0, 0, 0, 0, 0, 0, 0, 0]",handle
142901,user_1886,It has a D shaped handle,33IZTU6J83UINYGHH0JJ9JH1PHVXSG,230.0,2852b888abae54b0e3523e99fd841f4,mug,ShapeNet,daee5cf285b8d210eeb8d422649e5f2b,mug,ShapeNet,False,mug/ShapeNet/daee5cf285b8d210eeb8d422649e5f2b,mug/ShapeNet/2852b888abae54b0e3523e99fd841f4,True,mug,mug,1,"['it', 'has', 'a', 'd', 'shaped', 'handle']",6,it has a d shaped handle,train,train,train,train,"[1, 23, 24, 26, 1683, 14, 29, 2, 0, 0, 0, 0, 0, 0, 0, 0, 0, 0]",handle
142902,user_920,The target's handle is smaller.,3E13VNJ1NPOL3JSS5V4YA87DB4J1I5,63.0,1eaf8db2dd2b710c7d5b1b70ae595e60,mug,ShapeNet,28f1e7bc572a633cb9946438ed40eeb9,mug,ShapeNet,False,mug/ShapeNet/28f1e7bc572a633cb9946438ed40eeb9,mug/ShapeNet/1eaf8db2dd2b710c7d5b1b70ae595e60,False,mug,mug,1,"['the', 'target', ""'s"", 'handle', 'is', 'small', '-er']",7,the target 's handle is small -er,train,train,train,train,"[1, 10, 11, 12, 29, 7, 111, 9, 2, 0, 0, 0, 0, 0, 0, 0, 0, 0]",handle
142906,user_242,handle is shorter and thicker,3M81GAB8A2CZXFY3K02WPMB8OR6BQI,47.0,e9bd4ee553eb35c1d5ccc40b510e4bd,mug,ShapeNet,1ea9ea99ac8ed233bf355ac8109b9988,mug,ShapeNet,False,mug/ShapeNet/1ea9ea99ac8ed233bf355ac8109b9988,mug/ShapeNet/e9bd4ee553eb35c1d5ccc40b510e4bd,False,mug,mug,1,"['handle', 'is', 'short', '-er', 'and', 'thick', '-er']",7,handle is short -er and thick -er,test,train,test,train,"[1, 29, 7, 8, 9, 47, 54, 9, 2, 0, 0, 0, 0, 0, 0, 0, 0, 0]",handle
142909,user_1416,It has a body which bulges outward towards the bottom.,3GGAI1SQEXRRM5SH67RAJXXLWB5CMZ,97.0,e984fd7e97c2be347eaeab1f0c9120b7,mug,ShapeNet,f1e439307b834015770a0ff1161fa15a,mug,ShapeNet,False,mug/ShapeNet/f1e439307b834015770a0ff1161fa15a,mug/ShapeNet/e984fd7e97c2be347eaeab1f0c9120b7,True,mug,mug,1,"['it', 'has', 'a', 'body', 'which', 'bulges', 'outward', 'towards', 'the', 'bottom']",10,it has a body which bulges outward towards the bottom,train,train,train,train,"[1, 23, 24, 26, 45, 422, 1785, 492, 382, 10, 76, 2, 0, 0, 0, 0, 0, 0]",body
142912,user_242,Handle is more square,3TMFV4NEPA7LFEWITXHSQ93T4MY8WG,40.0,f7d776fd68b126f23b67070c4a034f08,mug,ShapeNet,9196f53a0d4be2806ffeedd41ba624d6,mug,ShapeNet,False,mug/ShapeNet/9196f53a0d4be2806ffeedd41ba624d6,mug/ShapeNet/f7d776fd68b126f23b67070c4a034f08,False,mug,mug,1,"['handle', 'is', 'more', 'square']",4,handle is more square,train,train,train,train,"[1, 29, 7, 34, 50, 2, 0, 0, 0, 0, 0, 0, 0, 0, 0, 0, 0, 0]",handle
142913,user_1886,It has a thinner handle,3UNH76FOCUY4P8TM2Z9ZGOP4ZYDMY5,83.0,f7d776fd68b126f23b67070c4a034f08,mug,ShapeNet,9196f53a0d4be2806ffeedd41ba624d6,mug,ShapeNet,False,mug/ShapeNet/9196f53a0d4be2806ffeedd41ba624d6,mug/ShapeNet/f7d776fd68b126f23b67070c4a034f08,False,mug,mug,1,"['it', 'has', 'a', 'thin', '-er', 'handle']",6,it has a thin -er handle,train,train,train,train,"[1, 23, 24, 26, 60, 9, 29, 2, 0, 0, 0, 0, 0, 0, 0, 0, 0, 0]",handle
142914,user_1886,It has a thicker handle,3JV9LGBJWV7S3KTYL9261S75P3CGOS,38.0,61c10dccfa8e508e2d66cbf6a91063,mug,ShapeNet,9c930a8a3411f069e7f67f334aa9295c,mug,ShapeNet,False,mug/ShapeNet/9c930a8a3411f069e7f67f334aa9295c,mug/ShapeNet/61c10dccfa8e508e2d66cbf6a91063,True,mug,mug,1,"['it', 'has', 'a', 'thick', '-er', 'handle']",6,it has a thick -er handle,train,train,train,train,"[1, 23, 24, 26, 54, 9, 29, 2, 0, 0, 0, 0, 0, 0, 0, 0, 0, 0]",handle
142917,user_1964,the bottom tucks in from the body,3DI28L7YXC79NEQ69CE7PT9LJCO1EA,44.0,f1c5b9bb744afd96d6e1954365b10b52,mug,ShapeNet,e71102b6da1d63f3a363b55cbd344baa,mug,ShapeNet,False,mug/ShapeNet/e71102b6da1d63f3a363b55cbd344baa,mug/ShapeNet/f1c5b9bb744afd96d6e1954365b10b52,True,mug,mug,1,"['the', 'bottom', 'tucks', 'in', 'from', 'the', 'body']",7,the bottom tucks in from the body,train,train,train,train,"[1, 10, 76, 4724, 90, 113, 10, 45, 2, 0, 0, 0, 0, 0, 0, 0, 0, 0]",body
142920,user_1461,Has a thicker handle,36WLNQG7813A0C8YB97WV5MU5N6EBV,40.0,8570d9a8d24cb0acbebd3c0c0c70fb03,mug,ShapeNet,6dd59cc1130a426571215a0b56898e5e,mug,ShapeNet,False,mug/ShapeNet/6dd59cc1130a426571215a0b56898e5e,mug/ShapeNet/8570d9a8d24cb0acbebd3c0c0c70fb03,True,mug,mug,1,"['has', 'a', 'thick', '-er', 'handle']",5,has a thick -er handle,train,train,train,train,"[1, 24, 26, 54, 9, 29, 2, 0, 0, 0, 0, 0, 0, 0, 0, 0, 0, 0]",handle
142921,user_1886,It has a D shaped handle,33FBRBDW6QSC1GQDC6HREFWQC6G8C7,44.0,8570d9a8d24cb0acbebd3c0c0c70fb03,mug,ShapeNet,6dd59cc1130a426571215a0b56898e5e,mug,ShapeNet,False,mug/ShapeNet/6dd59cc1130a426571215a0b56898e5e,mug/ShapeNet/8570d9a8d24cb0acbebd3c0c0c70fb03,True,mug,mug,1,"['it', 'has', 'a', 'd', 'shaped', 'handle']",6,it has a d shaped handle,train,train,train,train,"[1, 23, 24, 26, 1683, 14, 29, 2, 0, 0, 0, 0, 0, 0, 0, 0, 0, 0]",handle
142925,user_757,the handle is smaller,3QHK8ZVMIOBO6IIQSVU080CEEK2LBK,54.0,e9499e4a9f632725d6e865157050a80e,mug,ShapeNet,1ae1ba5dfb2a085247df6165146d5bbd,mug,ShapeNet,False,mug/ShapeNet/1ae1ba5dfb2a085247df6165146d5bbd,mug/ShapeNet/e9499e4a9f632725d6e865157050a80e,False,mug,mug,1,"['the', 'handle', 'is', 'small', '-er']",5,the handle is small -er,train,train,train,train,"[1, 10, 29, 7, 111, 9, 2, 0, 0, 0, 0, 0, 0, 0, 0, 0, 0, 0]",handle
142926,user_242,Handle is wider,3O7L7BFSHGIKNKM4HJZDHSQ70EYEIE,44.0,52273f4b17505e898ef19a48ac4fcfdf,mug,ShapeNet,2852b888abae54b0e3523e99fd841f4,mug,ShapeNet,False,mug/ShapeNet/2852b888abae54b0e3523e99fd841f4,mug/ShapeNet/52273f4b17505e898ef19a48ac4fcfdf,False,mug,mug,1,"['handle', 'is', 'wide', '-er']",4,handle is wide -er,train,train,train,train,"[1, 29, 7, 83, 9, 2, 0, 0, 0, 0, 0, 0, 0, 0, 0, 0, 0, 0]",handle
142929,user_1886,It has a C shaped handle,31IBVUNM9USHF460B1I2EZ11KGUVFT,60.0,9880097f723c98a9bd8c6965c4665b41,mug,ShapeNet,a637500654ca8d16c97cfc3e8a6b1d16,mug,ShapeNet,False,mug/ShapeNet/a637500654ca8d16c97cfc3e8a6b1d16,mug/ShapeNet/9880097f723c98a9bd8c6965c4665b41,False,mug,mug,1,"['it', 'has', 'a', 'c', 'shaped', 'handle']",6,it has a c shaped handle,train,train,train,train,"[1, 23, 24, 26, 1682, 14, 29, 2, 0, 0, 0, 0, 0, 0, 0, 0, 0, 0]",handle
142932,user_1416,The body tapers to a smaller point at the bottom.,3ZGVPD4G6VA87TTB7ICUG9TYZ0DZTA,82.0,b9f9f5b48ab1153626829c11d9aba173,mug,ShapeNet,b9be7cfe653740eb7633a2dd89cec754,mug,ShapeNet,False,mug/ShapeNet/b9be7cfe653740eb7633a2dd89cec754,mug/ShapeNet/b9f9f5b48ab1153626829c11d9aba173,True,mug,mug,1,"['the', 'body', 'tapers', 'to', 'a', 'small', '-er', 'point', 'at', 'the', 'bottom']",11,the body tapers to a small -er point at the bottom,test,train,test,train,"[1, 10, 45, 566, 58, 26, 111, 9, 412, 98, 10, 76, 2, 0, 0, 0, 0, 0]",body
142933,user_1894,The body tapers to the bottome.,3SNLUL3WO6G32HRWSMBVDQ4236NULQ,960.0,b9f9f5b48ab1153626829c11d9aba173,mug,ShapeNet,b9be7cfe653740eb7633a2dd89cec754,mug,ShapeNet,False,mug/ShapeNet/b9be7cfe653740eb7633a2dd89cec754,mug/ShapeNet/b9f9f5b48ab1153626829c11d9aba173,True,mug,mug,1,"['the', 'body', 'tapers', 'to', 'the', 'bottome']",6,the body tapers to the bottome,test,train,test,train,"[1, 10, 45, 566, 58, 10, 5237, 2, 0, 0, 0, 0, 0, 0, 0, 0, 0, 0]",body
142934,user_242,the handle has less room for fingers to hold,3X0H8UUIT3H3YYBR7VNX703UGF1SWU,49.0,f7d776fd68b126f23b67070c4a034f08,mug,ShapeNet,2852b888abae54b0e3523e99fd841f4,mug,ShapeNet,False,mug/ShapeNet/2852b888abae54b0e3523e99fd841f4,mug/ShapeNet/f7d776fd68b126f23b67070c4a034f08,True,mug,mug,1,"['the', 'handle', 'has', 'less', 'room', 'for', 'fingers', 'to', 'hold']",9,the handle has less room for fingers to hold,train,train,train,train,"[1, 10, 29, 24, 229, 1021, 259, 1415, 58, 1111, 2, 0, 0, 0, 0, 0, 0, 0]",handle
142935,user_1764,The handle is not a long shape,36U2A8VAG3S9ZKTJHNWJ1BX0AUXYKT,53.0,f7d776fd68b126f23b67070c4a034f08,mug,ShapeNet,2852b888abae54b0e3523e99fd841f4,mug,ShapeNet,False,mug/ShapeNet/2852b888abae54b0e3523e99fd841f4,mug/ShapeNet/f7d776fd68b126f23b67070c4a034f08,True,mug,mug,1,"['the', 'handle', 'is', 'not', 'a', 'long', 'shape']",7,the handle is not a long shape,train,train,train,train,"[1, 10, 29, 7, 40, 26, 32, 93, 2, 0, 0, 0, 0, 0, 0, 0, 0, 0]",handle
142936,user_865,Target handle is 'C' shape,3R5F3LQFV4DSU1O3B1QVMZNB0SVZON,212.0,a637500654ca8d16c97cfc3e8a6b1d16,mug,ShapeNet,5b0c679eb8a2156c4314179664d18101,mug,ShapeNet,False,mug/ShapeNet/5b0c679eb8a2156c4314179664d18101,mug/ShapeNet/a637500654ca8d16c97cfc3e8a6b1d16,False,mug,mug,1,"['target', 'handle', 'is', 'c', 'shape']",5,target handle is c shape,train,train,train,train,"[1, 11, 29, 7, 1682, 93, 2, 0, 0, 0, 0, 0, 0, 0, 0, 0, 0, 0]",handle
142938,user_242,handle is wider and thinner,33TIN5LC063PIOASDQ5UB2JKZ0H9Y6,54.0,b4ae56d6638d5338de671f28c83d2dcb,mug,ShapeNet,159e56c18906830278d8f8c02c47cde0,mug,ShapeNet,False,mug/ShapeNet/159e56c18906830278d8f8c02c47cde0,mug/ShapeNet/b4ae56d6638d5338de671f28c83d2dcb,True,mug,mug,1,"['handle', 'is', 'wide', '-er', 'and', 'thin', '-er']",7,handle is wide -er and thin -er,train,train,train,train,"[1, 29, 7, 83, 9, 47, 60, 9, 2, 0, 0, 0, 0, 0, 0, 0, 0, 0]",handle
142943,user_1886,It has a larger body,3VP0C6EFSIP26OJGWGE7XX5B0OOM69,33.0,27119d9b2167080ec190cb14324769d,mug,ShapeNet,128ecbc10df5b05d96eaf1340564a4de,mug,ShapeNet,False,mug/ShapeNet/128ecbc10df5b05d96eaf1340564a4de,mug/ShapeNet/27119d9b2167080ec190cb14324769d,False,mug,mug,1,"['it', 'has', 'a', 'large', '-er', 'body']",6,it has a large -er body,train,train,train,train,"[1, 23, 24, 26, 94, 9, 45, 2, 0, 0, 0, 0, 0, 0, 0, 0, 0, 0]",body
142945,user_986,square handle,3TOK3KHVJVB9ARIXS6YCVFUCQ0Z7OM,31.0,a0c78f254b037f88933dc172307a6bb9,mug,ShapeNet,8012f52dd0a4d2f718a93a45bf780820,mug,ShapeNet,False,mug/ShapeNet/8012f52dd0a4d2f718a93a45bf780820,mug/ShapeNet/a0c78f254b037f88933dc172307a6bb9,True,mug,mug,1,"['square', 'handle']",2,square handle,train,train,train,train,"[1, 50, 29, 2, 0, 0, 0, 0, 0, 0, 0, 0, 0, 0, 0, 0, 0, 0]",handle
142948,user_203,It does not have a c handle.,3OE22WJIGKHETE79KRJRUC3WDCEUQJ,55.0,8aed972ea2b4a9019c3814eae0b8d399,mug,ShapeNet,7223820f07fd6b55e453535335057818,mug,ShapeNet,False,mug/ShapeNet/7223820f07fd6b55e453535335057818,mug/ShapeNet/8aed972ea2b4a9019c3814eae0b8d399,False,mug,mug,1,"['it', 'does', 'not', 'have', 'a', 'c', 'handle']",7,it does not have a c handle,train,train,train,train,"[1, 23, 39, 40, 84, 26, 1682, 29, 2, 0, 0, 0, 0, 0, 0, 0, 0, 0]",handle
142949,user_242,handle is square,3QRYMNZ7F0AEQ4FS4U10LMMPPNJNTX,29.0,8aed972ea2b4a9019c3814eae0b8d399,mug,ShapeNet,7223820f07fd6b55e453535335057818,mug,ShapeNet,False,mug/ShapeNet/7223820f07fd6b55e453535335057818,mug/ShapeNet/8aed972ea2b4a9019c3814eae0b8d399,False,mug,mug,1,"['handle', 'is', 'square']",3,handle is square,train,train,train,train,"[1, 29, 7, 50, 2, 0, 0, 0, 0, 0, 0, 0, 0, 0, 0, 0, 0, 0]",handle
142953,user_1764,The handle is not designed to stick out much,3STRJBFXOYKDIYUP7H9KTU5LVSFKTQ,79.0,71995893d717598c9de7b195ccfa970,mug,ShapeNet,9880097f723c98a9bd8c6965c4665b41,mug,ShapeNet,False,mug/ShapeNet/9880097f723c98a9bd8c6965c4665b41,mug/ShapeNet/71995893d717598c9de7b195ccfa970,False,mug,mug,1,"['the', 'handle', 'is', 'not', 'designed', 'to', 'stick', 'out', 'much']",9,the handle is not designed to stick out much,train,train,train,train,"[1, 10, 29, 7, 40, 264, 58, 339, 89, 59, 2, 0, 0, 0, 0, 0, 0, 0]",handle
142955,user_1894,The handle is curved outward.,3IRIK4HM3CDPX27PJRKTU10Z6BS6CL,1587.0,91f90c3a50410c0dc27effd6fd6b7eb0,mug,ShapeNet,67b9abb424cf22a22d7082a28b056a5,mug,ShapeNet,False,mug/ShapeNet/67b9abb424cf22a22d7082a28b056a5,mug/ShapeNet/91f90c3a50410c0dc27effd6fd6b7eb0,True,mug,mug,1,"['the', 'handle', 'is', 'curved', 'outward']",5,the handle is curved outward,train,train,train,train,"[1, 10, 29, 7, 51, 492, 2, 0, 0, 0, 0, 0, 0, 0, 0, 0, 0, 0]",handle
142956,user_899,"The target cup has a wider, more round handle.",34MAJL3QP6GN5F7S7AGD40CR47843Z,43.0,9961ccbafd59cb03fe36eb2ab5fa00e0,mug,ShapeNet,f1e439307b834015770a0ff1161fa15a,mug,ShapeNet,False,mug/ShapeNet/f1e439307b834015770a0ff1161fa15a,mug/ShapeNet/9961ccbafd59cb03fe36eb2ab5fa00e0,False,mug,mug,1,"['the', 'target', 'cup', 'has', 'a', 'wide', '-er', 'more', 'round', 'handle']",10,the target cup has a wide -er more round handle,train,train,train,train,"[1, 10, 11, 870, 24, 26, 83, 9, 34, 134, 29, 2, 0, 0, 0, 0, 0, 0]",handle
272118,user_1461,Has a smaller handle,3LOZAJ85YF6PIZZJNL4DI14XRN82XU,42.0,f99e19b8c4a729353deb88581ea8417a,mug,ShapeNet,6d2657c640e97c4dd4c0c1a5a5d9a6b8,mug,ShapeNet,False,mug/ShapeNet/6d2657c640e97c4dd4c0c1a5a5d9a6b8,mug/ShapeNet/f99e19b8c4a729353deb88581ea8417a,True,mug,mug,2,"['has', 'a', 'small', '-er', 'handle']",5,has a small -er handle,train,train,train,train,"[1, 24, 26, 111, 9, 29, 2, 0, 0, 0, 0, 0, 0, 0, 0, 0, 0, 0]",handle
272124,user_1886,It has a taller body,3ZPBJO59KRUFZJXKF668BY770PIDHR,54.0,b9f9f5b48ab1153626829c11d9aba173,mug,ShapeNet,187859d3c3a2fd23f54e1b6f41fdd78a,mug,ShapeNet,False,mug/ShapeNet/187859d3c3a2fd23f54e1b6f41fdd78a,mug/ShapeNet/b9f9f5b48ab1153626829c11d9aba173,False,mug,mug,2,"['it', 'has', 'a', 'tall', '-er', 'body']",6,it has a tall -er body,train,train,train,train,"[1, 23, 24, 26, 53, 9, 45, 2, 0, 0, 0, 0, 0, 0, 0, 0, 0, 0]",body
272126,user_242,handle is a D shape,34FNN24DCO26H18GA0SDZMEID4XY53,76.0,6aec84952a5ffcf33f60d03e1cb068dc,mug,ShapeNet,9737c77d3263062b8ca7a0a01bcd55b6,mug,ShapeNet,False,mug/ShapeNet/9737c77d3263062b8ca7a0a01bcd55b6,mug/ShapeNet/6aec84952a5ffcf33f60d03e1cb068dc,False,mug,mug,2,"['handle', 'is', 'a', 'd', 'shape']",5,handle is a d shape,train,train,train,train,"[1, 29, 7, 26, 1683, 93, 2, 0, 0, 0, 0, 0, 0, 0, 0, 0, 0, 0]",handle
272136,user_1894,The body is slightly shorter.,3WYGZ5XF3Y8C3YHAIH4UJP9ZT9XSK5,1437.0,2852b888abae54b0e3523e99fd841f4,mug,ShapeNet,df026976dc03197213ac44947b92716e,mug,ShapeNet,False,mug/ShapeNet/df026976dc03197213ac44947b92716e,mug/ShapeNet/2852b888abae54b0e3523e99fd841f4,True,mug,mug,2,"['the', 'body', 'is', 'slightly', 'short', '-er']",6,the body is slightly short -er,train,train,train,train,"[1, 10, 45, 7, 174, 8, 9, 2, 0, 0, 0, 0, 0, 0, 0, 0, 0, 0]",body
272137,user_1964,the handle is thinner lengthwise,32VNZTT0A9XFOHSUI0H9MYF7ALNR4P,64.0,2852b888abae54b0e3523e99fd841f4,mug,ShapeNet,df026976dc03197213ac44947b92716e,mug,ShapeNet,False,mug/ShapeNet/df026976dc03197213ac44947b92716e,mug/ShapeNet/2852b888abae54b0e3523e99fd841f4,True,mug,mug,2,"['the', 'handle', 'is', 'thin', '-er', 'length', 'wise']",7,the handle is thin -er length wise,train,train,train,train,"[1, 10, 29, 7, 60, 9, 155, 359, 2, 0, 0, 0, 0, 0, 0, 0, 0, 0]",handle
272142,user_1274,The handle is a half circle and is thicker,3ZWFC4W1UW0PMXPJ2HDSD2CYZALRF0,164.0,ef24c302911bcde6ea6ff2182dd34668,mug,ShapeNet,8f550770386a6cf82f23d8349a133d2b,mug,ShapeNet,False,mug/ShapeNet/8f550770386a6cf82f23d8349a133d2b,mug/ShapeNet/ef24c302911bcde6ea6ff2182dd34668,True,mug,mug,2,"['the', 'handle', 'is', 'a', 'half', 'circle', 'and', 'is', 'thick', '-er']",10,the handle is a half circle and is thick -er,train,train,train,train,"[1, 10, 29, 7, 26, 158, 149, 47, 7, 54, 9, 2, 0, 0, 0, 0, 0, 0]",handle
272143,user_1886,It has a wider body in the middle,3QY5DC2MXTDH2PH06B8XIDZI69QFUT,77.0,ef24c302911bcde6ea6ff2182dd34668,mug,ShapeNet,8f550770386a6cf82f23d8349a133d2b,mug,ShapeNet,False,mug/ShapeNet/8f550770386a6cf82f23d8349a133d2b,mug/ShapeNet/ef24c302911bcde6ea6ff2182dd34668,True,mug,mug,2,"['it', 'has', 'a', 'wide', '-er', 'body', 'in', 'the', 'middle']",9,it has a wide -er body in the middle,train,train,train,train,"[1, 23, 24, 26, 83, 9, 45, 90, 10, 232, 2, 0, 0, 0, 0, 0, 0, 0]",body
272161,user_1886,It has a smaller body,3LJ7UR74RJ6U9J02PT0SDEAX9NU4N8,37.0,928a383f79698c3fb6d9bc28c8d8a2c4,mug,ShapeNet,599e604a8265cc0a98765d8aa3638e70,mug,ShapeNet,False,mug/ShapeNet/599e604a8265cc0a98765d8aa3638e70,mug/ShapeNet/928a383f79698c3fb6d9bc28c8d8a2c4,False,mug,mug,2,"['it', 'has', 'a', 'small', '-er', 'body']",6,it has a small -er body,test,train,test,train,"[1, 23, 24, 26, 111, 9, 45, 2, 0, 0, 0, 0, 0, 0, 0, 0, 0, 0]",body
272162,user_242,handle is longer,3A4TN5196MB5URR6FABXRSPPFPACHU,58.0,2997f21fa426e18a6ab1a25d0e8f3590,mug,ShapeNet,d7ba704184d424dfd56d9106430c3fe,mug,ShapeNet,False,mug/ShapeNet/d7ba704184d424dfd56d9106430c3fe,mug/ShapeNet/2997f21fa426e18a6ab1a25d0e8f3590,True,mug,mug,2,"['handle', 'is', 'long', '-er']",4,handle is long -er,test,train,test,train,"[1, 29, 7, 32, 9, 2, 0, 0, 0, 0, 0, 0, 0, 0, 0, 0, 0, 0]",handle
272163,user_1886,It has a longer C shaped handle,37FMASSAYEKMGHAK7SXNGKKMXHLIBI,79.0,2997f21fa426e18a6ab1a25d0e8f3590,mug,ShapeNet,d7ba704184d424dfd56d9106430c3fe,mug,ShapeNet,False,mug/ShapeNet/d7ba704184d424dfd56d9106430c3fe,mug/ShapeNet/2997f21fa426e18a6ab1a25d0e8f3590,True,mug,mug,2,"['it', 'has', 'a', 'long', '-er', 'c', 'shaped', 'handle']",8,it has a long -er c shaped handle,test,train,test,train,"[1, 23, 24, 26, 32, 9, 1682, 14, 29, 2, 0, 0, 0, 0, 0, 0, 0, 0]",handle
272164,user_242,Handle is open at bottom,3J88R45B2IRLA60PPJFPEECQ2Y3XPH,35.0,df026976dc03197213ac44947b92716e,mug,ShapeNet,35ce7ede92198be2b759f7fb0032e59,mug,ShapeNet,False,mug/ShapeNet/35ce7ede92198be2b759f7fb0032e59,mug/ShapeNet/df026976dc03197213ac44947b92716e,True,mug,mug,2,"['handle', 'is', 'open', 'at', 'bottom']",5,handle is open at bottom,train,train,train,train,"[1, 29, 7, 312, 98, 76, 2, 0, 0, 0, 0, 0, 0, 0, 0, 0, 0, 0]",handle
272166,user_390,It has no handle.,3P59JYT76NDI1IQZIB3GTYJRERC2T3,46.0,ea33ad442b032208d778b73d04298f62,mug,ShapeNet,659192a6ba300f1f4293529704725d98,mug,ShapeNet,False,mug/ShapeNet/659192a6ba300f1f4293529704725d98,mug/ShapeNet/ea33ad442b032208d778b73d04298f62,False,mug,mug,2,"['it', 'has', 'no', 'handle']",4,it has no handle,train,train,train,train,"[1, 23, 24, 123, 29, 2, 0, 0, 0, 0, 0, 0, 0, 0, 0, 0, 0, 0]",handle
272173,user_1886,It has a wider body,3Y5140Z9DZ9OKBBUQXFOB4PBELZPI9,63.0,3d3e993f7baa4d7ef1ff24a8b1564a36,mug,ShapeNet,f99e19b8c4a729353deb88581ea8417a,mug,ShapeNet,True,mug/ShapeNet/f99e19b8c4a729353deb88581ea8417a,mug/ShapeNet/3d3e993f7baa4d7ef1ff24a8b1564a36,False,mug,mug,2,"['it', 'has', 'a', 'wide', '-er', 'body']",6,it has a wide -er body,train,train,train,train,"[1, 23, 24, 26, 83, 9, 45, 2, 0, 0, 0, 0, 0, 0, 0, 0, 0, 0]",body
272176,user_1015,The handle attaches closer to the lip and the bottom,3Z7VU45IP0A7Y9H25ZSKA3A37IX1ZG,198.0,d46b98f63a017578ea456f4bbbc96af9,mug,ShapeNet,44f9c4e1ea3532b8d7b20fded0142d7a,mug,ShapeNet,False,mug/ShapeNet/44f9c4e1ea3532b8d7b20fded0142d7a,mug/ShapeNet/d46b98f63a017578ea456f4bbbc96af9,True,mug,mug,2,"['the', 'handle', 'attaches', 'close', '-er', 'to', 'the', 'lip', 'and', 'the', 'bottom']",11,the handle attaches close -er to the lip and the bottom,train,train,train,train,"[1, 10, 29, 153, 1025, 9, 58, 10, 125, 47, 10, 76, 2, 0, 0, 0, 0, 0]",handle
272178,user_242,handle is not round,32VNZTT0A9XFOHSUI0H9MYF7ALOR4Q,34.0,43e1cabc5dd2fa91fffc97a61124b1a9,mug,ShapeNet,1a1c0a8d4bad82169f0594e65f756cf5,mug,ShapeNet,False,mug/ShapeNet/1a1c0a8d4bad82169f0594e65f756cf5,mug/ShapeNet/43e1cabc5dd2fa91fffc97a61124b1a9,True,mug,mug,2,"['handle', 'is', 'not', 'round']",4,handle is not round,train,train,train,train,"[1, 29, 7, 40, 134, 2, 0, 0, 0, 0, 0, 0, 0, 0, 0, 0, 0, 0]",handle
272180,user_1764,The handle has flat surfaces,3R08VXYT7EOHF0RZJSPMC97YT2V7WV,54.0,fad118b32085f3f2c2c72e575af174cd,mug,ShapeNet,24b17537bce40695b3207096ecd79542,mug,ShapeNet,False,mug/ShapeNet/24b17537bce40695b3207096ecd79542,mug/ShapeNet/fad118b32085f3f2c2c72e575af174cd,False,mug,mug,2,"['the', 'handle', 'has', 'flat', 'surfaces']",5,the handle has flat surfaces,train,train,train,train,"[1, 10, 29, 24, 129, 685, 2, 0, 0, 0, 0, 0, 0, 0, 0, 0, 0, 0]",handle
272183,user_1886,It has a more curvier handle,3KV0LJBBH4EVS7H0O4H58SW7WB3MR8,51.0,3c0467f96e26b8c6a93445a1757adf6,mug,ShapeNet,d0a3fdd33c7e1eb040bc4e38b9ba163e,mug,ShapeNet,True,mug/ShapeNet/d0a3fdd33c7e1eb040bc4e38b9ba163e,mug/ShapeNet/3c0467f96e26b8c6a93445a1757adf6,False,mug,mug,2,"['it', 'has', 'a', 'more', 'curvy', '-er', 'handle']",7,it has a more curvy -er handle,train,train,train,train,"[1, 23, 24, 26, 34, 179, 9, 29, 2, 0, 0, 0, 0, 0, 0, 0, 0, 0]",handle
272185,user_1886,It has a taller body,3NC5L260MQFMPKX3APWOJ77TONWFOA,288.0,9880097f723c98a9bd8c6965c4665b41,mug,ShapeNet,e16a895052da87277f58c33b328479f4,mug,ShapeNet,True,mug/ShapeNet/e16a895052da87277f58c33b328479f4,mug/ShapeNet/9880097f723c98a9bd8c6965c4665b41,True,mug,mug,2,"['it', 'has', 'a', 'tall', '-er', 'body']",6,it has a tall -er body,test,train,test,train,"[1, 23, 24, 26, 53, 9, 45, 2, 0, 0, 0, 0, 0, 0, 0, 0, 0, 0]",body
272189,user_1886,It has a smaller body,3QBD8R3Z23CCR40EQ805S3A2ZXT4OH,67.0,4f9f31db3c3873692a6f53dd95fd4468,mug,ShapeNet,5b0c679eb8a2156c4314179664d18101,mug,ShapeNet,True,mug/ShapeNet/5b0c679eb8a2156c4314179664d18101,mug/ShapeNet/4f9f31db3c3873692a6f53dd95fd4468,True,mug,mug,2,"['it', 'has', 'a', 'small', '-er', 'body']",6,it has a small -er body,train,train,train,train,"[1, 23, 24, 26, 111, 9, 45, 2, 0, 0, 0, 0, 0, 0, 0, 0, 0, 0]",body
272192,user_242,the body does not taper in,36NEMU28XH6003YMNYRBVR4OORNWMS,30.0,b46e89995f4f9cc5161e440f04bd2a2,mug,ShapeNet,414772162ef70ec29109ad7f9c200d62,mug,ShapeNet,False,mug/ShapeNet/414772162ef70ec29109ad7f9c200d62,mug/ShapeNet/b46e89995f4f9cc5161e440f04bd2a2,False,mug,mug,2,"['the', 'body', 'does', 'not', 'taper', 'in']",6,the body does not taper in,train,train,train,train,"[1, 10, 45, 39, 40, 753, 90, 2, 0, 0, 0, 0, 0, 0, 0, 0, 0, 0]",body
272196,user_1191,The target has a longer handle.,3I33IC7ZWHVDMMRQCBCZYTTZQ2V2AM,32.0,9278005254c8db7e95f577622f465c85,mug,ShapeNet,5c7c4cb503a757147dbda56eabff0c47,mug,ShapeNet,False,mug/ShapeNet/5c7c4cb503a757147dbda56eabff0c47,mug/ShapeNet/9278005254c8db7e95f577622f465c85,True,mug,mug,2,"['the', 'target', 'has', 'a', 'long', '-er', 'handle']",7,the target has a long -er handle,train,train,train,train,"[1, 10, 11, 24, 26, 32, 9, 29, 2, 0, 0, 0, 0, 0, 0, 0, 0, 0]",handle
272197,user_2116,The handle of the target attaches to the bottom of the cup.,3907X2AHF2YK9QXS1UUWOOIUPOR2PY,87.0,9278005254c8db7e95f577622f465c85,mug,ShapeNet,5c7c4cb503a757147dbda56eabff0c47,mug,ShapeNet,False,mug/ShapeNet/5c7c4cb503a757147dbda56eabff0c47,mug/ShapeNet/9278005254c8db7e95f577622f465c85,True,mug,mug,2,"['the', 'handle', 'of', 'the', 'target', 'attaches', 'to', 'the', 'bottom', 'of', 'the', 'cup']",12,the handle of the target attaches to the bottom of the cup,train,train,train,train,"[1, 10, 29, 38, 10, 11, 153, 58, 10, 76, 38, 10, 870, 2, 0, 0, 0, 0]",handle
272200,user_1191,The target handle is shorter.,339ANSOTR7VN9KEED5AGFN3CKALKIT,36.0,e363fa24c824d20ca363b55cbd344baa,mug,ShapeNet,f1866a48c2fc17f85b2ecd212557fda0,mug,ShapeNet,False,mug/ShapeNet/f1866a48c2fc17f85b2ecd212557fda0,mug/ShapeNet/e363fa24c824d20ca363b55cbd344baa,True,mug,mug,2,"['the', 'target', 'handle', 'is', 'short', '-er']",6,the target handle is short -er,train,train,train,train,"[1, 10, 11, 29, 7, 8, 9, 2, 0, 0, 0, 0, 0, 0, 0, 0, 0, 0]",handle
272209,user_1866,the space in between the handle has right angles as compared to a circular shape.,3QXNC7EIPKOSLTE75IULJAP0NMM09E,159.0,fad118b32085f3f2c2c72e575af174cd,mug,ShapeNet,91f90c3a50410c0dc27effd6fd6b7eb0,mug,ShapeNet,False,mug/ShapeNet/91f90c3a50410c0dc27effd6fd6b7eb0,mug/ShapeNet/fad118b32085f3f2c2c72e575af174cd,False,mug,mug,2,"['the', 'space', 'in', 'between', 'the', 'handle', 'has', 'right', 'angles', 'as', 'compared', 'to', 'a', 'circular', 'shape']",15,the space in between the handle has right angles as compared to a circular shape,train,train,train,train,"[1, 10, 744, 90, 657, 10, 29, 24, 118, 340, 52, 868, 58, 26, 102, 93, 2, 0]",handle
272211,user_1886,It has a larger body,345LHZDEDZLMMD17MG7VH4AL3JQ3UD,38.0,bcb6be8f0ff4a51872e526c4f21dfca4,mug,ShapeNet,7d6baadd51d0703455da767dfc5b748e,mug,ShapeNet,False,mug/ShapeNet/7d6baadd51d0703455da767dfc5b748e,mug/ShapeNet/bcb6be8f0ff4a51872e526c4f21dfca4,False,mug,mug,2,"['it', 'has', 'a', 'large', '-er', 'body']",6,it has a large -er body,val,train,val,train,"[1, 23, 24, 26, 94, 9, 45, 2, 0, 0, 0, 0, 0, 0, 0, 0, 0, 0]",body
272218,user_242,Handle is thinner,39O5D9O87VLQ0JK70PMVNYOFWKOC3J,57.0,3143a4accdc23349cac584186c95ce9b,mug,ShapeNet,f626192a5930d6c712f0124e8fa3930b,mug,ShapeNet,False,mug/ShapeNet/f626192a5930d6c712f0124e8fa3930b,mug/ShapeNet/3143a4accdc23349cac584186c95ce9b,True,mug,mug,2,"['handle', 'is', 'thin', '-er']",4,handle is thin -er,train,train,train,train,"[1, 29, 7, 60, 9, 2, 0, 0, 0, 0, 0, 0, 0, 0, 0, 0, 0, 0]",handle
272219,user_1886,It has a smaller handle,373ERPL3YQ1Z527KX1IHU6RZQJZTRG,103.0,3143a4accdc23349cac584186c95ce9b,mug,ShapeNet,f626192a5930d6c712f0124e8fa3930b,mug,ShapeNet,False,mug/ShapeNet/f626192a5930d6c712f0124e8fa3930b,mug/ShapeNet/3143a4accdc23349cac584186c95ce9b,True,mug,mug,2,"['it', 'has', 'a', 'small', '-er', 'handle']",6,it has a small -er handle,train,train,train,train,"[1, 23, 24, 26, 111, 9, 29, 2, 0, 0, 0, 0, 0, 0, 0, 0, 0, 0]",handle
272224,user_1416,The handle is not flared.,34BBWHLWHC4E4K8V2JTJ3YX77HUWI1,122.0,2997f21fa426e18a6ab1a25d0e8f3590,mug,ShapeNet,c7ddd93b15e30faae180a52fd2be32,mug,ShapeNet,False,mug/ShapeNet/c7ddd93b15e30faae180a52fd2be32,mug/ShapeNet/2997f21fa426e18a6ab1a25d0e8f3590,False,mug,mug,2,"['the', 'handle', 'is', 'not', 'flared']",5,the handle is not flared,train,train,train,train,"[1, 10, 29, 7, 40, 569, 2, 0, 0, 0, 0, 0, 0, 0, 0, 0, 0, 0]",handle
272227,user_242,handle is wider and thinner,3IXQG4FA2VRT5GHH3YRA3RLJER2B9W,37.0,d309d5f8038df4121198791a5b8655c,mug,ShapeNet,32e197b8118b3ff6a4bd4f46ba404890,mug,ShapeNet,False,mug/ShapeNet/32e197b8118b3ff6a4bd4f46ba404890,mug/ShapeNet/d309d5f8038df4121198791a5b8655c,False,mug,mug,2,"['handle', 'is', 'wide', '-er', 'and', 'thin', '-er']",7,handle is wide -er and thin -er,train,train,train,train,"[1, 29, 7, 83, 9, 47, 60, 9, 2, 0, 0, 0, 0, 0, 0, 0, 0, 0]",handle
272228,user_757,the handle is flat,3IRIK4HM3CDPX27PJRKTU10Z6BT6CM,83.0,d309d5f8038df4121198791a5b8655c,mug,ShapeNet,32e197b8118b3ff6a4bd4f46ba404890,mug,ShapeNet,False,mug/ShapeNet/32e197b8118b3ff6a4bd4f46ba404890,mug/ShapeNet/d309d5f8038df4121198791a5b8655c,False,mug,mug,2,"['the', 'handle', 'is', 'flat']",4,the handle is flat,train,train,train,train,"[1, 10, 29, 7, 129, 2, 0, 0, 0, 0, 0, 0, 0, 0, 0, 0, 0, 0]",handle
272238,user_1894,The handle has a single curve.,3DBQWDE4Y8RC52423YJ2I6GB9KV5NM,1366.0,8012f52dd0a4d2f718a93a45bf780820,mug,ShapeNet,b4ae56d6638d5338de671f28c83d2dcb,mug,ShapeNet,False,mug/ShapeNet/b4ae56d6638d5338de671f28c83d2dcb,mug/ShapeNet/8012f52dd0a4d2f718a93a45bf780820,False,mug,mug,2,"['the', 'handle', 'has', 'a', 'single', 'curve']",6,the handle has a single curve,train,train,train,train,"[1, 10, 29, 24, 26, 86, 43, 2, 0, 0, 0, 0, 0, 0, 0, 0, 0, 0]",handle
272239,user_1191,The target handle is longer.,3U84XHCDIE6OQ8ELSHBM81H6J1X4ZK,94.0,a0c78f254b037f88933dc172307a6bb9,mug,ShapeNet,cf777e14ca2c7a19b4aad3cc5ce7ee8,mug,ShapeNet,False,mug/ShapeNet/cf777e14ca2c7a19b4aad3cc5ce7ee8,mug/ShapeNet/a0c78f254b037f88933dc172307a6bb9,True,mug,mug,2,"['the', 'target', 'handle', 'is', 'long', '-er']",6,the target handle is long -er,test,train,test,train,"[1, 10, 11, 29, 7, 32, 9, 2, 0, 0, 0, 0, 0, 0, 0, 0, 0, 0]",handle
272240,user_1461,Has a C handle,3V0Z7YWSI0TXEAUON63VUG7CBCZV2J,81.0,a0c78f254b037f88933dc172307a6bb9,mug,ShapeNet,cf777e14ca2c7a19b4aad3cc5ce7ee8,mug,ShapeNet,False,mug/ShapeNet/cf777e14ca2c7a19b4aad3cc5ce7ee8,mug/ShapeNet/a0c78f254b037f88933dc172307a6bb9,True,mug,mug,2,"['has', 'a', 'c', 'handle']",4,has a c handle,test,train,test,train,"[1, 24, 26, 1682, 29, 2, 0, 0, 0, 0, 0, 0, 0, 0, 0, 0, 0, 0]",handle
272244,user_242,handle is not flared,3QIYRE09Y5ADHK3J2BHQFG3UX4TN1P,41.0,10c2b3eac377b9084b3c42e318f3affc,mug,ShapeNet,64a9d9f6774973ebc598d38a6a69ad2,mug,ShapeNet,False,mug/ShapeNet/64a9d9f6774973ebc598d38a6a69ad2,mug/ShapeNet/10c2b3eac377b9084b3c42e318f3affc,True,mug,mug,2,"['handle', 'is', 'not', 'flared']",4,handle is not flared,train,train,train,train,"[1, 29, 7, 40, 569, 2, 0, 0, 0, 0, 0, 0, 0, 0, 0, 0, 0, 0]",handle
272246,user_242,handle is patterned,34Q075JO1Z6AWOBC15FS447HPBJ01S,34.0,a637500654ca8d16c97cfc3e8a6b1d16,mug,ShapeNet,dfa8a3a0c8a552b62bc8a44b22fcb3b9,mug,ShapeNet,False,mug/ShapeNet/dfa8a3a0c8a552b62bc8a44b22fcb3b9,mug/ShapeNet/a637500654ca8d16c97cfc3e8a6b1d16,True,mug,mug,2,"['handle', 'is', 'patterned']",3,handle is patterned,train,train,train,train,"[1, 29, 7, 1615, 2, 0, 0, 0, 0, 0, 0, 0, 0, 0, 0, 0, 0, 0]",handle
272252,user_1416,It has a 'C' handle.,3BDCF01OGZNKJQB12N8KGBAFZTOYLG,54.0,f09e51579600cfbb88b651d2e4ea0846,mug,ShapeNet,e94e46bc5833f2f5e57b873e4f3ef3a4,mug,ShapeNet,False,mug/ShapeNet/e94e46bc5833f2f5e57b873e4f3ef3a4,mug/ShapeNet/f09e51579600cfbb88b651d2e4ea0846,False,mug,mug,2,"['it', 'has', 'a', 'c', 'handle']",5,it has a c handle,test,train,test,train,"[1, 23, 24, 26, 1682, 29, 2, 0, 0, 0, 0, 0, 0, 0, 0, 0, 0, 0]",handle
272253,user_1886,It has a C shaped handle,3HMVI3QICLL7TJ7X9DQ1WW111NO1YI,41.0,f09e51579600cfbb88b651d2e4ea0846,mug,ShapeNet,e94e46bc5833f2f5e57b873e4f3ef3a4,mug,ShapeNet,True,mug/ShapeNet/e94e46bc5833f2f5e57b873e4f3ef3a4,mug/ShapeNet/f09e51579600cfbb88b651d2e4ea0846,False,mug,mug,2,"['it', 'has', 'a', 'c', 'shaped', 'handle']",6,it has a c shaped handle,test,train,test,train,"[1, 23, 24, 26, 1682, 14, 29, 2, 0, 0, 0, 0, 0, 0, 0, 0, 0, 0]",handle
272254,user_920,The target's handle is not made up of two cylindrical shapes.,3QY7M81QH9FQK0XIUE6JOYD36U8K7W,54.0,35ce7ede92198be2b759f7fb0032e59,mug,ShapeNet,a3cd44bbd3ba5b019a4cbf5d3b79df06,mug,ShapeNet,False,mug/ShapeNet/a3cd44bbd3ba5b019a4cbf5d3b79df06,mug/ShapeNet/35ce7ede92198be2b759f7fb0032e59,False,mug,mug,2,"['the', 'target', ""'s"", 'handle', 'is', 'not', 'made', 'up', 'of', 'two', 'cylindrical', 'shapes']",12,the target 's handle is not made up of two cylindrical shapes,train,train,train,train,"[1, 10, 11, 12, 29, 7, 40, 916, 269, 38, 17, 176, 980, 2, 0, 0, 0, 0]",handle
272258,user_242,Body is less rounded,32UTUBMZ7IPR2NUK6ZW6V9AG5JGBV7,81.0,24651c3767aa5089e19f4cee87249aca,mug,ShapeNet,b88bcf33f25c6cb15b4f129f868dedb,mug,ShapeNet,False,mug/ShapeNet/b88bcf33f25c6cb15b4f129f868dedb,mug/ShapeNet/24651c3767aa5089e19f4cee87249aca,True,mug,mug,2,"['body', 'is', 'less', 'rounded']",4,body is less rounded,val,train,val,train,"[1, 45, 7, 229, 48, 2, 0, 0, 0, 0, 0, 0, 0, 0, 0, 0, 0, 0]",body
272261,user_1886,It has a larger body size,3WLEIWSYHQASW9Z4IHMRFFG33YSH2L,66.0,604fcae9d93201d9d7f470ee20dce9e0,mug,ShapeNet,3143a4accdc23349cac584186c95ce9b,mug,ShapeNet,False,mug/ShapeNet/3143a4accdc23349cac584186c95ce9b,mug/ShapeNet/604fcae9d93201d9d7f470ee20dce9e0,False,mug,mug,2,"['it', 'has', 'a', 'large', '-er', 'body', 'size']",7,it has a large -er body size,train,train,train,train,"[1, 23, 24, 26, 94, 9, 45, 377, 2, 0, 0, 0, 0, 0, 0, 0, 0, 0]",body
272263,user_1886,It has a shorter body size,3RXCAC0YITIPIS6IESDA46H5AY8G8P,47.0,b811555ccf5ef6c4948fa2daa427fe1f,mug,ShapeNet,c6b24bf0a011b100d536be1f5e11c560,mug,ShapeNet,False,mug/ShapeNet/c6b24bf0a011b100d536be1f5e11c560,mug/ShapeNet/b811555ccf5ef6c4948fa2daa427fe1f,False,mug,mug,2,"['it', 'has', 'a', 'short', '-er', 'body', 'size']",7,it has a short -er body size,train,train,train,train,"[1, 23, 24, 26, 8, 9, 45, 377, 2, 0, 0, 0, 0, 0, 0, 0, 0, 0]",body
272265,user_1416,It doesn't have a 'C' handle.,3GD6L00D3UQ7Z2IJQA2Q21EUSEHM1M,344.0,9961ccbafd59cb03fe36eb2ab5fa00e0,mug,ShapeNet,f99e19b8c4a729353deb88581ea8417a,mug,ShapeNet,False,mug/ShapeNet/f99e19b8c4a729353deb88581ea8417a,mug/ShapeNet/9961ccbafd59cb03fe36eb2ab5fa00e0,True,mug,mug,2,"['it', 'does', 'not', 'have', 'a', 'c', 'handle']",7,it does not have a c handle,train,train,train,train,"[1, 23, 39, 40, 84, 26, 1682, 29, 2, 0, 0, 0, 0, 0, 0, 0, 0, 0]",handle
272272,user_242,Body is wider,3SEPORI8WPS3SXU21ILDL436BC1ZA0,58.0,99eaa69cf6fe8811dec712af445786fe,mug,ShapeNet,c2e411ed6061a25ef06800d5696e457f,mug,ShapeNet,False,mug/ShapeNet/c2e411ed6061a25ef06800d5696e457f,mug/ShapeNet/99eaa69cf6fe8811dec712af445786fe,False,mug,mug,2,"['body', 'is', 'wide', '-er']",4,body is wide -er,train,train,train,train,"[1, 45, 7, 83, 9, 2, 0, 0, 0, 0, 0, 0, 0, 0, 0, 0, 0, 0]",body
272273,user_1416,The handle has squared edges.,39OWYR0EPMKYJY15GC5MLY5V2YBFY3,301.0,99eaa69cf6fe8811dec712af445786fe,mug,ShapeNet,c2e411ed6061a25ef06800d5696e457f,mug,ShapeNet,False,mug/ShapeNet/c2e411ed6061a25ef06800d5696e457f,mug/ShapeNet/99eaa69cf6fe8811dec712af445786fe,False,mug,mug,2,"['the', 'handle', 'has', 'squared', 'edges']",5,the handle has squared edges,train,train,train,train,"[1, 10, 29, 24, 427, 325, 2, 0, 0, 0, 0, 0, 0, 0, 0, 0, 0, 0]",handle
272276,user_899,The target cup has a longer handle.,39GAF6DQWTTQPPCS423HPXX7J7R1VG,55.0,99eaa69cf6fe8811dec712af445786fe,mug,ShapeNet,b811555ccf5ef6c4948fa2daa427fe1f,mug,ShapeNet,False,mug/ShapeNet/b811555ccf5ef6c4948fa2daa427fe1f,mug/ShapeNet/99eaa69cf6fe8811dec712af445786fe,False,mug,mug,2,"['the', 'target', 'cup', 'has', 'a', 'long', '-er', 'handle']",8,the target cup has a long -er handle,train,train,train,train,"[1, 10, 11, 870, 24, 26, 32, 9, 29, 2, 0, 0, 0, 0, 0, 0, 0, 0]",handle
272278,user_1886,The handle is C shaped,3EJPLAJKEO925VIZB5415Z1KFSX6Z1,97.0,513c3410e8354e5211c7f3807925346a,mug,ShapeNet,67b9abb424cf22a22d7082a28b056a5,mug,ShapeNet,False,mug/ShapeNet/67b9abb424cf22a22d7082a28b056a5,mug/ShapeNet/513c3410e8354e5211c7f3807925346a,False,mug,mug,2,"['the', 'handle', 'is', 'c', 'shaped']",5,the handle is c shaped,train,train,train,train,"[1, 10, 29, 7, 1682, 14, 2, 0, 0, 0, 0, 0, 0, 0, 0, 0, 0, 0]",handle
272279,user_1964,the bottom is smaller than the body,38YMOXR4MWSYB0DU0IKU6V72YR96WT,98.0,513c3410e8354e5211c7f3807925346a,mug,ShapeNet,67b9abb424cf22a22d7082a28b056a5,mug,ShapeNet,False,mug/ShapeNet/67b9abb424cf22a22d7082a28b056a5,mug/ShapeNet/513c3410e8354e5211c7f3807925346a,False,mug,mug,2,"['the', 'bottom', 'is', 'small', '-er', 'than', 'the', 'body']",8,the bottom is small -er than the body,train,train,train,train,"[1, 10, 76, 7, 111, 9, 131, 10, 45, 2, 0, 0, 0, 0, 0, 0, 0, 0]",body
272280,user_242,handle is more C shaped,3KMS4QQVK4J3ZTCOCX4VCQQK4J7KFI,67.0,3143a4accdc23349cac584186c95ce9b,mug,ShapeNet,85a2511c375b5b32f72755048bac3f96,mug,ShapeNet,False,mug/ShapeNet/85a2511c375b5b32f72755048bac3f96,mug/ShapeNet/3143a4accdc23349cac584186c95ce9b,True,mug,mug,2,"['handle', 'is', 'more', 'c', 'shaped']",5,handle is more c shaped,train,train,train,train,"[1, 29, 7, 34, 1682, 14, 2, 0, 0, 0, 0, 0, 0, 0, 0, 0, 0, 0]",handle
272291,user_1886,It has a taller body,32Q90QCQ1UEBTFCSHMKPU85KSHCEKC,63.0,7d282cc3cedd40c8b5c4f4801d3aada,mug,ShapeNet,4d9764afa3fbeb1b6c69dceb67157a66,mug,ShapeNet,False,mug/ShapeNet/4d9764afa3fbeb1b6c69dceb67157a66,mug/ShapeNet/7d282cc3cedd40c8b5c4f4801d3aada,True,mug,mug,2,"['it', 'has', 'a', 'tall', '-er', 'body']",6,it has a tall -er body,train,train,train,train,"[1, 23, 24, 26, 53, 9, 45, 2, 0, 0, 0, 0, 0, 0, 0, 0, 0, 0]",body
272303,user_1416,The handle is thinner.,3DQQ64TANIE6L6VZFEJ3CVYJTVPWPD,118.0,b4ae56d6638d5338de671f28c83d2dcb,mug,ShapeNet,b7e705de46ebdcc14af54ba5738cb1c5,mug,ShapeNet,False,mug/ShapeNet/b7e705de46ebdcc14af54ba5738cb1c5,mug/ShapeNet/b4ae56d6638d5338de671f28c83d2dcb,True,mug,mug,2,"['the', 'handle', 'is', 'thin', '-er']",5,the handle is thin -er,train,train,train,train,"[1, 10, 29, 7, 60, 9, 2, 0, 0, 0, 0, 0, 0, 0, 0, 0, 0, 0]",handle
272309,user_1964,the handle is not D shaped,3WETL7AQWV151YBSLFZN9SI5433535,104.0,32e197b8118b3ff6a4bd4f46ba404890,mug,ShapeNet,9af98540f45411467246665d3d3724c,mug,ShapeNet,False,mug/ShapeNet/9af98540f45411467246665d3d3724c,mug/ShapeNet/32e197b8118b3ff6a4bd4f46ba404890,True,mug,mug,2,"['the', 'handle', 'is', 'not', 'd', 'shaped']",6,the handle is not d shaped,test,train,test,train,"[1, 10, 29, 7, 40, 1683, 14, 2, 0, 0, 0, 0, 0, 0, 0, 0, 0, 0]",handle
272310,user_390,The corners of the handle aren't rounded.,3SBEHTYCWPWITP3VHKB7OVINIPQIYI,102.0,df026976dc03197213ac44947b92716e,mug,ShapeNet,cc5b14ef71e87e9165ba97214ebde03,mug,ShapeNet,False,mug/ShapeNet/cc5b14ef71e87e9165ba97214ebde03,mug/ShapeNet/df026976dc03197213ac44947b92716e,True,mug,mug,2,"['the', 'corners', 'of', 'the', 'handle', 'are', 'not', 'rounded']",8,the corners of the handle are not rounded,train,train,train,train,"[1, 10, 735, 38, 10, 29, 16, 40, 48, 2, 0, 0, 0, 0, 0, 0, 0, 0]",handle
272311,user_1416,It appears to have a second handle.,35DR22AR5FDE3HV2RLII1B9PX2CX36,82.0,df026976dc03197213ac44947b92716e,mug,ShapeNet,cc5b14ef71e87e9165ba97214ebde03,mug,ShapeNet,False,mug/ShapeNet/cc5b14ef71e87e9165ba97214ebde03,mug/ShapeNet/df026976dc03197213ac44947b92716e,True,mug,mug,2,"['it', 'appears', 'to', 'have', 'a', 'second', 'handle']",7,it appears to have a second handle,train,train,train,train,"[1, 23, 411, 58, 84, 26, 1727, 29, 2, 0, 0, 0, 0, 0, 0, 0, 0, 0]",handle
272316,user_1461,Has a taller handle,336KAV9KYSLEI4PTSHQF1FB6TT22Y0,22.0,a1d293f5cc20d01ad7f470ee20dce9e0,mug,ShapeNet,604fcae9d93201d9d7f470ee20dce9e0,mug,ShapeNet,False,mug/ShapeNet/604fcae9d93201d9d7f470ee20dce9e0,mug/ShapeNet/a1d293f5cc20d01ad7f470ee20dce9e0,True,mug,mug,2,"['has', 'a', 'tall', '-er', 'handle']",5,has a tall -er handle,train,train,train,train,"[1, 24, 26, 53, 9, 29, 2, 0, 0, 0, 0, 0, 0, 0, 0, 0, 0, 0]",handle
272317,user_1886,It has a C shaped handle,3KWTYT0872WMH21HRL3N5ECM4OJ5L6,57.0,a1d293f5cc20d01ad7f470ee20dce9e0,mug,ShapeNet,604fcae9d93201d9d7f470ee20dce9e0,mug,ShapeNet,False,mug/ShapeNet/604fcae9d93201d9d7f470ee20dce9e0,mug/ShapeNet/a1d293f5cc20d01ad7f470ee20dce9e0,True,mug,mug,2,"['it', 'has', 'a', 'c', 'shaped', 'handle']",6,it has a c shaped handle,train,train,train,train,"[1, 23, 24, 26, 1682, 14, 29, 2, 0, 0, 0, 0, 0, 0, 0, 0, 0, 0]",handle
272321,user_1886,The body widens in the middle,3LRLIPTPES2832VG1HI3YPFT72FAKE,109.0,c51b79493419eccdc1584fff35347dc6,mug,ShapeNet,27119d9b2167080ec190cb14324769d,mug,ShapeNet,False,mug/ShapeNet/27119d9b2167080ec190cb14324769d,mug/ShapeNet/c51b79493419eccdc1584fff35347dc6,True,mug,mug,2,"['the', 'body', 'widens', 'in', 'the', 'middle']",6,the body widens in the middle,train,train,train,train,"[1, 10, 45, 4496, 90, 10, 232, 2, 0, 0, 0, 0, 0, 0, 0, 0, 0, 0]",body
272328,user_899,The target cup has a smaller handle.,382M9COHEJ8PWBH4B0OR0VEIU9LUE2,52.0,68f4428c0b38ae0e2469963e6d044dfe,mug,ShapeNet,9961ccbafd59cb03fe36eb2ab5fa00e0,mug,ShapeNet,False,mug/ShapeNet/9961ccbafd59cb03fe36eb2ab5fa00e0,mug/ShapeNet/68f4428c0b38ae0e2469963e6d044dfe,False,mug,mug,2,"['the', 'target', 'cup', 'has', 'a', 'small', '-er', 'handle']",8,the target cup has a small -er handle,train,train,train,train,"[1, 10, 11, 870, 24, 26, 111, 9, 29, 2, 0, 0, 0, 0, 0, 0, 0, 0]",handle
272329,user_1416,The handle is not as wide across.,3A4NIXBJ78SKP9MNJKK9MGN8QKJLMO,589.0,68f4428c0b38ae0e2469963e6d044dfe,mug,ShapeNet,9961ccbafd59cb03fe36eb2ab5fa00e0,mug,ShapeNet,False,mug/ShapeNet/9961ccbafd59cb03fe36eb2ab5fa00e0,mug/ShapeNet/68f4428c0b38ae0e2469963e6d044dfe,False,mug,mug,2,"['the', 'handle', 'is', 'not', 'as', 'wide', 'across']",7,the handle is not as wide across,train,train,train,train,"[1, 10, 29, 7, 40, 52, 83, 702, 2, 0, 0, 0, 0, 0, 0, 0, 0, 0]",handle
272333,user_1886,It has a smaller handle,3UN61F00HYIXK0WUW50JRQLLAG85RW,92.0,edaf960fb6afdadc4cebc4b5998de5d0,mug,ShapeNet,b9f9f5b48ab1153626829c11d9aba173,mug,ShapeNet,False,mug/ShapeNet/b9f9f5b48ab1153626829c11d9aba173,mug/ShapeNet/edaf960fb6afdadc4cebc4b5998de5d0,True,mug,mug,2,"['it', 'has', 'a', 'small', '-er', 'handle']",6,it has a small -er handle,train,train,train,train,"[1, 23, 24, 26, 111, 9, 29, 2, 0, 0, 0, 0, 0, 0, 0, 0, 0, 0]",handle
272340,user_1429,It has a small C handle,3TXMY6UCAGHI7KQ9Y0YR06HQ6BMQCI,46.0,5c48d471200d2bf16e8a121e6886e18d,mug,ShapeNet,b7841572364fd9ce1249ffc39a0c3c0b,mug,ShapeNet,False,mug/ShapeNet/b7841572364fd9ce1249ffc39a0c3c0b,mug/ShapeNet/5c48d471200d2bf16e8a121e6886e18d,False,mug,mug,2,"['it', 'has', 'a', 'small', 'c', 'handle']",6,it has a small c handle,train,train,train,train,"[1, 23, 24, 26, 111, 1682, 29, 2, 0, 0, 0, 0, 0, 0, 0, 0, 0, 0]",handle
272363,user_1886,It has a C shaped handle,32M8BPYGAVFI7YIVNEP1HVBJDUDGIX,46.0,f1c5b9bb744afd96d6e1954365b10b52,mug,ShapeNet,92d6394732e6058d4bcbafcc905a9b98,mug,ShapeNet,False,mug/ShapeNet/92d6394732e6058d4bcbafcc905a9b98,mug/ShapeNet/f1c5b9bb744afd96d6e1954365b10b52,False,mug,mug,2,"['it', 'has', 'a', 'c', 'shaped', 'handle']",6,it has a c shaped handle,train,train,train,train,"[1, 23, 24, 26, 1682, 14, 29, 2, 0, 0, 0, 0, 0, 0, 0, 0, 0, 0]",handle
272364,user_1461,Has a higher handle,31LM9EDVONLKC1JNS0NWJGZGRKGJNA,36.0,1305b9266d38eb4d9f818dd0aa1a251,mug,ShapeNet,1dd8290a154f4b1534a8988fdcee4fde,mug,ShapeNet,False,mug/ShapeNet/1dd8290a154f4b1534a8988fdcee4fde,mug/ShapeNet/1305b9266d38eb4d9f818dd0aa1a251,False,mug,mug,2,"['has', 'a', 'high', '-er', 'handle']",5,has a high -er handle,train,train,train,train,"[1, 24, 26, 49, 9, 29, 2, 0, 0, 0, 0, 0, 0, 0, 0, 0, 0, 0]",handle
272367,user_986,handle is thinner,3KAKFY4PGWVHDM67SZIHY1MA9PDI3W,49.0,34869e23f9fdee027528ae0782b54aae,mug,ShapeNet,1bc5d303ff4d6e7e1113901b72a68e7c,mug,ShapeNet,False,mug/ShapeNet/1bc5d303ff4d6e7e1113901b72a68e7c,mug/ShapeNet/34869e23f9fdee027528ae0782b54aae,False,mug,mug,2,"['handle', 'is', 'thin', '-er']",4,handle is thin -er,train,train,train,train,"[1, 29, 7, 60, 9, 2, 0, 0, 0, 0, 0, 0, 0, 0, 0, 0, 0, 0]",handle
272368,user_1416,The handle is thinner and more rounded at the ends.,3FTOP5WARHHHR5RGRULY8433JSHJ0D,127.0,d75af64aa166c24eacbe2257d0988c9c,mug,ShapeNet,43f94ba24d2f075c4d32a65fb7bf4ebc,mug,ShapeNet,False,mug/ShapeNet/43f94ba24d2f075c4d32a65fb7bf4ebc,mug/ShapeNet/d75af64aa166c24eacbe2257d0988c9c,False,mug,mug,2,"['the', 'handle', 'is', 'thin', '-er', 'and', 'more', 'rounded', 'at', 'the', 'ends']",11,the handle is thin -er and more rounded at the ends,train,train,train,train,"[1, 10, 29, 7, 60, 9, 47, 34, 48, 98, 10, 247, 2, 0, 0, 0, 0, 0]",handle
272369,user_1886,The handle is thinner,3018Q3ZVOKJUQ68BR1R0Z1172U8AR6,89.0,d75af64aa166c24eacbe2257d0988c9c,mug,ShapeNet,43f94ba24d2f075c4d32a65fb7bf4ebc,mug,ShapeNet,False,mug/ShapeNet/43f94ba24d2f075c4d32a65fb7bf4ebc,mug/ShapeNet/d75af64aa166c24eacbe2257d0988c9c,False,mug,mug,2,"['the', 'handle', 'is', 'thin', '-er']",5,the handle is thin -er,train,train,train,train,"[1, 10, 29, 7, 60, 9, 2, 0, 0, 0, 0, 0, 0, 0, 0, 0, 0, 0]",handle
272372,user_203,The handle is not ribbed.,3YGXWBAF72ABIF3B03REX3GLAKP4C1,121.0,214dbcace712e49de195a69ef7c885a4,mug,ShapeNet,9af98540f45411467246665d3d3724c,mug,ShapeNet,False,mug/ShapeNet/9af98540f45411467246665d3d3724c,mug/ShapeNet/214dbcace712e49de195a69ef7c885a4,False,mug,mug,2,"['the', 'handle', 'is', 'not', 'ribbed']",5,the handle is not ribbed,test,train,test,train,"[1, 10, 29, 7, 40, 2321, 2, 0, 0, 0, 0, 0, 0, 0, 0, 0, 0, 0]",handle
272377,user_1886,It has a larger handle,3LS2AMNW5HJJG9NCO57IV6B7VPFQOP,37.0,387b695db51190d3be276203d0b1a33f,mug,ShapeNet,403fb4eb4fc6235adf0c7dbe7f8f4c8e,mug,ShapeNet,False,mug/ShapeNet/403fb4eb4fc6235adf0c7dbe7f8f4c8e,mug/ShapeNet/387b695db51190d3be276203d0b1a33f,False,mug,mug,2,"['it', 'has', 'a', 'large', '-er', 'handle']",6,it has a large -er handle,val,train,val,train,"[1, 23, 24, 26, 94, 9, 29, 2, 0, 0, 0, 0, 0, 0, 0, 0, 0, 0]",handle
272381,user_1416,The handle is more gradually curved.,38F5OAUN5P5ZIAWAOT3MB6XBED6H7R,1206.0,1bc5d303ff4d6e7e1113901b72a68e7c,mug,ShapeNet,e9499e4a9f632725d6e865157050a80e,mug,ShapeNet,False,mug/ShapeNet/e9499e4a9f632725d6e865157050a80e,mug/ShapeNet/1bc5d303ff4d6e7e1113901b72a68e7c,False,mug,mug,2,"['the', 'handle', 'is', 'more', 'gradually', 'curved']",6,the handle is more gradually curved,train,train,train,train,"[1, 10, 29, 7, 34, 2852, 51, 2, 0, 0, 0, 0, 0, 0, 0, 0, 0, 0]",handle
272383,user_1886,It has a smaller body,36ZN444YTTR6ZBZTBX29M4KL4FTOIF,44.0,3d1754b7cb46c0ce5c8081810641ef6,mug,ShapeNet,34ae0b61b0d8aaf2d7b20fded0142d7a,mug,ShapeNet,False,mug/ShapeNet/34ae0b61b0d8aaf2d7b20fded0142d7a,mug/ShapeNet/3d1754b7cb46c0ce5c8081810641ef6,False,mug,mug,2,"['it', 'has', 'a', 'small', '-er', 'body']",6,it has a small -er body,train,train,train,train,"[1, 23, 24, 26, 111, 9, 45, 2, 0, 0, 0, 0, 0, 0, 0, 0, 0, 0]",body
272389,user_1894,"It has a ""C"" shaped handle.",3R0T90IZ1U5RUVWVV4TF6SDO0PZGC1,1083.0,633379db14d4d2b287dd60af81c93a3c,mug,ShapeNet,c51b79493419eccdc1584fff35347dc6,mug,ShapeNet,False,mug/ShapeNet/c51b79493419eccdc1584fff35347dc6,mug/ShapeNet/633379db14d4d2b287dd60af81c93a3c,False,mug,mug,2,"['it', 'has', 'a', 'c', 'shaped', 'handle']",6,it has a c shaped handle,train,train,train,train,"[1, 23, 24, 26, 1682, 14, 29, 2, 0, 0, 0, 0, 0, 0, 0, 0, 0, 0]",handle
272393,user_1461,Has no handle,3M0NZ3JDP3R6MRIL6MUWDTNKJXT5ZR,38.0,645b0e2ef3b95979204df312eabf367f,mug,ShapeNet,1038e4eac0e18dcce02ae6d2a21d494a,mug,ShapeNet,False,mug/ShapeNet/1038e4eac0e18dcce02ae6d2a21d494a,mug/ShapeNet/645b0e2ef3b95979204df312eabf367f,True,mug,mug,2,"['has', 'no', 'handle']",3,has no handle,train,train,train,train,"[1, 24, 123, 29, 2, 0, 0, 0, 0, 0, 0, 0, 0, 0, 0, 0, 0, 0]",handle
272395,user_1646,It has a more angled handle.,3OCHAWUVGQDKZF39CRAHIXQR8NIXKZ,176.0,1c9f9e25c654cbca3c71bf3f4dd78475,mug,ShapeNet,32e197b8118b3ff6a4bd4f46ba404890,mug,ShapeNet,False,mug/ShapeNet/32e197b8118b3ff6a4bd4f46ba404890,mug/ShapeNet/1c9f9e25c654cbca3c71bf3f4dd78475,True,mug,mug,2,"['it', 'has', 'a', 'more', 'angled', 'handle']",6,it has a more angled handle,train,train,train,train,"[1, 23, 24, 26, 34, 168, 29, 2, 0, 0, 0, 0, 0, 0, 0, 0, 0, 0]",handle
272397,user_1602,The handle has a greater thickness.,31HQ4X3T3U3NN4ZS3HGVYPMEI8OSLS,119.0,d38295b8d83e8cdec712af445786fe,mug,ShapeNet,1bc5d303ff4d6e7e1113901b72a68e7c,mug,ShapeNet,False,mug/ShapeNet/1bc5d303ff4d6e7e1113901b72a68e7c,mug/ShapeNet/d38295b8d83e8cdec712af445786fe,True,mug,mug,2,"['the', 'handle', 'has', 'a', 'great', '-er', 'thickness']",7,the handle has a great -er thickness,train,train,train,train,"[1, 10, 29, 24, 26, 188, 9, 1577, 2, 0, 0, 0, 0, 0, 0, 0, 0, 0]",handle
272400,user_242,handle is not rounded,3O6CYIULEFUJDB3VW0IXM1LI1DVUWN,52.0,3143a4accdc23349cac584186c95ce9b,mug,ShapeNet,10c2b3eac377b9084b3c42e318f3affc,mug,ShapeNet,False,mug/ShapeNet/10c2b3eac377b9084b3c42e318f3affc,mug/ShapeNet/3143a4accdc23349cac584186c95ce9b,True,mug,mug,2,"['handle', 'is', 'not', 'rounded']",4,handle is not rounded,train,train,train,train,"[1, 29, 7, 40, 48, 2, 0, 0, 0, 0, 0, 0, 0, 0, 0, 0, 0, 0]",handle
272405,user_1689,It has a smaller and more curved handle.,3VW6495TLLT4JPI0L2XAAJCB88SYY8,60.0,34869e23f9fdee027528ae0782b54aae,mug,ShapeNet,b6f30c63c946c286cf6897d8875cfd5e,mug,ShapeNet,False,mug/ShapeNet/b6f30c63c946c286cf6897d8875cfd5e,mug/ShapeNet/34869e23f9fdee027528ae0782b54aae,False,mug,mug,2,"['it', 'has', 'a', 'small', '-er', 'and', 'more', 'curved', 'handle']",9,it has a small -er and more curved handle,train,train,train,train,"[1, 23, 24, 26, 111, 9, 47, 34, 51, 29, 2, 0, 0, 0, 0, 0, 0, 0]",handle
272420,user_242,body is narrower,34V1S5K3GUUNZ40M77A2SBZR0QN692,35.0,a637500654ca8d16c97cfc3e8a6b1d16,mug,ShapeNet,10c2b3eac377b9084b3c42e318f3affc,mug,ShapeNet,False,mug/ShapeNet/10c2b3eac377b9084b3c42e318f3affc,mug/ShapeNet/a637500654ca8d16c97cfc3e8a6b1d16,False,mug,mug,2,"['body', 'is', 'narrow', '-er']",4,body is narrow -er,train,train,train,train,"[1, 45, 7, 210, 9, 2, 0, 0, 0, 0, 0, 0, 0, 0, 0, 0, 0, 0]",body
272421,user_1764,The handle is longer,34PGFRQONQ4AZVS1K1EJFZC7KXWWJS,23.0,a637500654ca8d16c97cfc3e8a6b1d16,mug,ShapeNet,10c2b3eac377b9084b3c42e318f3affc,mug,ShapeNet,False,mug/ShapeNet/10c2b3eac377b9084b3c42e318f3affc,mug/ShapeNet/a637500654ca8d16c97cfc3e8a6b1d16,False,mug,mug,2,"['the', 'handle', 'is', 'long', '-er']",5,the handle is long -er,train,train,train,train,"[1, 10, 29, 7, 32, 9, 2, 0, 0, 0, 0, 0, 0, 0, 0, 0, 0, 0]",handle
272422,user_242,Middle of body has double ridge detail,3GS6S824SSQ6ILJMZZ6B86TOTHWWNR,73.0,ea33ad442b032208d778b73d04298f62,mug,ShapeNet,345d3e7252156db8d44ee24d6b5498e1,mug,ShapeNet,False,mug/ShapeNet/345d3e7252156db8d44ee24d6b5498e1,mug/ShapeNet/ea33ad442b032208d778b73d04298f62,False,mug,mug,2,"['middle', 'of', 'body', 'has', 'double', 'ridge', 'detail']",7,middle of body has double ridge detail,val,train,val,train,"[1, 232, 38, 45, 24, 527, 1275, 1276, 2, 0, 0, 0, 0, 0, 0, 0, 0, 0]",body
272426,user_1105,the handle is sturdy and larger,3YGXWBAF72ABIF3B03REX3GLAJC4CM,47.0,92d6394732e6058d4bcbafcc905a9b98,mug,ShapeNet,214dbcace712e49de195a69ef7c885a4,mug,ShapeNet,False,mug/ShapeNet/214dbcace712e49de195a69ef7c885a4,mug/ShapeNet/92d6394732e6058d4bcbafcc905a9b98,False,mug,mug,2,"['the', 'handle', 'is', 'sturdy', 'and', 'large', '-er']",7,the handle is sturdy and large -er,train,train,train,train,"[1, 10, 29, 7, 2384, 47, 94, 9, 2, 0, 0, 0, 0, 0, 0, 0, 0, 0]",handle
272430,user_242,handle is C shaped,3MB8LZR5BHMPZLMKY87T73V41FTKLN,37.0,92d6394732e6058d4bcbafcc905a9b98,mug,ShapeNet,bea77759a3e5f9037ae0031c221d81a4,mug,ShapeNet,False,mug/ShapeNet/bea77759a3e5f9037ae0031c221d81a4,mug/ShapeNet/92d6394732e6058d4bcbafcc905a9b98,True,mug,mug,2,"['handle', 'is', 'c', 'shaped']",4,handle is c shaped,test,train,test,train,"[1, 29, 7, 1682, 14, 2, 0, 0, 0, 0, 0, 0, 0, 0, 0, 0, 0, 0]",handle
272431,user_1894,The body is slightly taller.,31T4R4OBOU9812LU21PL0F0V1MC7CL,1332.0,92d6394732e6058d4bcbafcc905a9b98,mug,ShapeNet,bea77759a3e5f9037ae0031c221d81a4,mug,ShapeNet,False,mug/ShapeNet/bea77759a3e5f9037ae0031c221d81a4,mug/ShapeNet/92d6394732e6058d4bcbafcc905a9b98,True,mug,mug,2,"['the', 'body', 'is', 'slightly', 'tall', '-er']",6,the body is slightly tall -er,test,train,test,train,"[1, 10, 45, 7, 174, 53, 9, 2, 0, 0, 0, 0, 0, 0, 0, 0, 0, 0]",body
272434,user_1601,Its' body is slightly taller.,3OLF68YTNBUXNG3206R6ICNOZ62FAL,120.0,c2e411ed6061a25ef06800d5696e457f,mug,ShapeNet,275729fcdc9bf1488afafc80c93c27a9,mug,ShapeNet,False,mug/ShapeNet/275729fcdc9bf1488afafc80c93c27a9,mug/ShapeNet/c2e411ed6061a25ef06800d5696e457f,True,mug,mug,2,"['its', ""'"", 'body', 'is', 'slightly', 'tall', '-er']",7,its ' body is slightly tall -er,train,train,train,train,"[1, 5, 587, 45, 7, 174, 53, 9, 2, 0, 0, 0, 0, 0, 0, 0, 0, 0]",body
272435,user_1416,The body is separated into three segments of differing sizes.,3GA6AFUKOQHHHRVNMH0WYPLV9BKH3M,104.0,3d3e993f7baa4d7ef1ff24a8b1564a36,mug,ShapeNet,9ff8400080c77feac2ad6fd1941624c3,mug,ShapeNet,False,mug/ShapeNet/9ff8400080c77feac2ad6fd1941624c3,mug/ShapeNet/3d3e993f7baa4d7ef1ff24a8b1564a36,False,mug,mug,2,"['the', 'body', 'is', 'separated', 'into', 'three', 'segments', 'of', 'differing', 'sizes']",10,the body is separated into three segments of differing sizes,train,train,train,train,"[1, 10, 45, 7, 386, 148, 80, 1285, 38, 4270, 1102, 2, 0, 0, 0, 0, 0, 0]",body
272437,user_456,The target's handle does not span the entire side.,3QL2OFSM98BX4NDHI86AWCML100CNI,111.0,d0a3fdd33c7e1eb040bc4e38b9ba163e,mug,ShapeNet,e16a895052da87277f58c33b328479f4,mug,ShapeNet,False,mug/ShapeNet/e16a895052da87277f58c33b328479f4,mug/ShapeNet/d0a3fdd33c7e1eb040bc4e38b9ba163e,False,mug,mug,2,"['the', 'target', ""'s"", 'handle', 'does', 'not', 'span', 'the', 'entire', 'side']",10,the target 's handle does not span the entire side,test,train,test,train,"[1, 10, 11, 12, 29, 39, 40, 1907, 10, 516, 22, 2, 0, 0, 0, 0, 0, 0]",handle
272442,user_757,the handle is shorter,3K5TEWLKGX41PV8QC9ONHWET08OVIM,46.0,b815d7e084a5a75b8d543d7713b96a41,mug,ShapeNet,9426e7aa67c83a4c3b51ab46b2f98f30,mug,ShapeNet,False,mug/ShapeNet/9426e7aa67c83a4c3b51ab46b2f98f30,mug/ShapeNet/b815d7e084a5a75b8d543d7713b96a41,False,mug,mug,2,"['the', 'handle', 'is', 'short', '-er']",5,the handle is short -er,train,train,train,train,"[1, 10, 29, 7, 8, 9, 2, 0, 0, 0, 0, 0, 0, 0, 0, 0, 0, 0]",handle
272443,user_1886,It has a taller body,3I0BTBYZAZE7MUMFDUM1IRIRWVBY05,62.0,4b8b10d03552e0891898dfa8eb8eefff,mug,ShapeNet,f1c5b9bb744afd96d6e1954365b10b52,mug,ShapeNet,False,mug/ShapeNet/f1c5b9bb744afd96d6e1954365b10b52,mug/ShapeNet/4b8b10d03552e0891898dfa8eb8eefff,True,mug,mug,2,"['it', 'has', 'a', 'tall', '-er', 'body']",6,it has a tall -er body,train,train,train,train,"[1, 23, 24, 26, 53, 9, 45, 2, 0, 0, 0, 0, 0, 0, 0, 0, 0, 0]",body
272444,user_1964,the bottom is the same width as the body,33SA9F9TRZN2OF69603SIJZFFPWEWL,63.0,4b8b10d03552e0891898dfa8eb8eefff,mug,ShapeNet,f1c5b9bb744afd96d6e1954365b10b52,mug,ShapeNet,False,mug/ShapeNet/f1c5b9bb744afd96d6e1954365b10b52,mug/ShapeNet/4b8b10d03552e0891898dfa8eb8eefff,True,mug,mug,2,"['the', 'bottom', 'is', 'the', 'same', 'width', 'as', 'the', 'body']",9,the bottom is the same width as the body,train,train,train,train,"[1, 10, 76, 7, 10, 300, 358, 52, 10, 45, 2, 0, 0, 0, 0, 0, 0, 0]",body
272445,user_242,Handle is shorter,3U5JL4WY5M2ZLDE6RZN1BG1VB27X4Q,63.0,7d282cc3cedd40c8b5c4f4801d3aada,mug,ShapeNet,17952a204c0a9f526c69dceb67157a66,mug,ShapeNet,False,mug/ShapeNet/17952a204c0a9f526c69dceb67157a66,mug/ShapeNet/7d282cc3cedd40c8b5c4f4801d3aada,True,mug,mug,2,"['handle', 'is', 'short', '-er']",4,handle is short -er,test,train,test,train,"[1, 29, 7, 8, 9, 2, 0, 0, 0, 0, 0, 0, 0, 0, 0, 0, 0, 0]",handle
272447,user_242,handle is thinner,34QN5IT0T1KS7OVX0QO7JEUP3HM089,87.0,52273f4b17505e898ef19a48ac4fcfdf,mug,ShapeNet,e984fd7e97c2be347eaeab1f0c9120b7,mug,ShapeNet,False,mug/ShapeNet/e984fd7e97c2be347eaeab1f0c9120b7,mug/ShapeNet/52273f4b17505e898ef19a48ac4fcfdf,True,mug,mug,2,"['handle', 'is', 'thin', '-er']",4,handle is thin -er,train,train,train,train,"[1, 29, 7, 60, 9, 2, 0, 0, 0, 0, 0, 0, 0, 0, 0, 0, 0, 0]",handle
272451,user_1886,It has a smaller handle,3XLBSAQ9Z65L9VW4UF9TBD1GA3N7Z7,49.0,ec846432f3ebedf0a6f32a8797e3b9e9,mug,ShapeNet,4b8b10d03552e0891898dfa8eb8eefff,mug,ShapeNet,False,mug/ShapeNet/4b8b10d03552e0891898dfa8eb8eefff,mug/ShapeNet/ec846432f3ebedf0a6f32a8797e3b9e9,False,mug,mug,2,"['it', 'has', 'a', 'small', '-er', 'handle']",6,it has a small -er handle,train,train,train,train,"[1, 23, 24, 26, 111, 9, 29, 2, 0, 0, 0, 0, 0, 0, 0, 0, 0, 0]",handle
272453,user_1461,Has a D handle,3NGI5ARFTVYDK5FWIQUIJ58PXIGP17,44.0,c2e411ed6061a25ef06800d5696e457f,mug,ShapeNet,34869e23f9fdee027528ae0782b54aae,mug,ShapeNet,False,mug/ShapeNet/34869e23f9fdee027528ae0782b54aae,mug/ShapeNet/c2e411ed6061a25ef06800d5696e457f,True,mug,mug,2,"['has', 'a', 'd', 'handle']",4,has a d handle,train,train,train,train,"[1, 24, 26, 1683, 29, 2, 0, 0, 0, 0, 0, 0, 0, 0, 0, 0, 0, 0]",handle
272457,user_1886,It has a shorter body,382M9COHEJ8PWBH4B0OR0VEIU8FEUE,39.0,b9004dcda66abf95b99d2a3bbaea842a,mug,ShapeNet,159e56c18906830278d8f8c02c47cde0,mug,ShapeNet,False,mug/ShapeNet/159e56c18906830278d8f8c02c47cde0,mug/ShapeNet/b9004dcda66abf95b99d2a3bbaea842a,False,mug,mug,2,"['it', 'has', 'a', 'short', '-er', 'body']",6,it has a short -er body,train,train,train,train,"[1, 23, 24, 26, 8, 9, 45, 2, 0, 0, 0, 0, 0, 0, 0, 0, 0, 0]",body
272459,user_1886,It has a thinner handle,3MAOD8E57S3L7LOC942XAP7V2IUNX1,57.0,3143a4accdc23349cac584186c95ce9b,mug,ShapeNet,b7841572364fd9ce1249ffc39a0c3c0b,mug,ShapeNet,False,mug/ShapeNet/b7841572364fd9ce1249ffc39a0c3c0b,mug/ShapeNet/3143a4accdc23349cac584186c95ce9b,True,mug,mug,2,"['it', 'has', 'a', 'thin', '-er', 'handle']",6,it has a thin -er handle,train,train,train,train,"[1, 23, 24, 26, 60, 9, 29, 2, 0, 0, 0, 0, 0, 0, 0, 0, 0, 0]",handle
272460,user_242,handle is D shaped,3BF51CHDTX3L0ZWQ3UIDWRNO60F0HR,33.0,d0a3fdd33c7e1eb040bc4e38b9ba163e,mug,ShapeNet,c60f62684618cb52a4136492f17b9a59,mug,ShapeNet,False,mug/ShapeNet/c60f62684618cb52a4136492f17b9a59,mug/ShapeNet/d0a3fdd33c7e1eb040bc4e38b9ba163e,False,mug,mug,2,"['handle', 'is', 'd', 'shaped']",4,handle is d shaped,train,train,train,train,"[1, 29, 7, 1683, 14, 2, 0, 0, 0, 0, 0, 0, 0, 0, 0, 0, 0, 0]",handle
272462,user_456,The target has a tapered body.,36AHBNMV1T51LEN9P6AWXY2AQKMYD0,64.0,649a51c711dc7f3b32e150233fdd42e9,mug,ShapeNet,6500ccc65e210b14d829190312080ea3,mug,ShapeNet,False,mug/ShapeNet/6500ccc65e210b14d829190312080ea3,mug/ShapeNet/649a51c711dc7f3b32e150233fdd42e9,True,mug,mug,2,"['the', 'target', 'has', 'a', 'tapered', 'body']",6,the target has a tapered body,train,train,train,train,"[1, 10, 11, 24, 26, 352, 45, 2, 0, 0, 0, 0, 0, 0, 0, 0, 0, 0]",body
272463,user_1461,Has only one handle,3D4CH1LGECMPWXPSJKJO42CGU3I9GX,47.0,649a51c711dc7f3b32e150233fdd42e9,mug,ShapeNet,6500ccc65e210b14d829190312080ea3,mug,ShapeNet,False,mug/ShapeNet/6500ccc65e210b14d829190312080ea3,mug/ShapeNet/649a51c711dc7f3b32e150233fdd42e9,True,mug,mug,2,"['has', 'only', 'one', 'handle']",4,has only one handle,train,train,train,train,"[1, 24, 133, 19, 29, 2, 0, 0, 0, 0, 0, 0, 0, 0, 0, 0, 0, 0]",handle
272466,user_242,body is shorter and wider,3J88R45B2IRLA60PPJFPEECQ2X0PX4,89.0,159e56c18906830278d8f8c02c47cde0,mug,ShapeNet,46955fddcc83a50f79b586547e543694,mug,ShapeNet,False,mug/ShapeNet/46955fddcc83a50f79b586547e543694,mug/ShapeNet/159e56c18906830278d8f8c02c47cde0,False,mug,mug,2,"['body', 'is', 'short', '-er', 'and', 'wide', '-er']",7,body is short -er and wide -er,train,train,train,train,"[1, 45, 7, 8, 9, 47, 83, 9, 2, 0, 0, 0, 0, 0, 0, 0, 0, 0]",body
272471,user_1964,the handle is thicker widthwise,3X4MXAO0BIHRXJBES6NSHQYYUEMRWB,69.0,d38295b8d83e8cdec712af445786fe,mug,ShapeNet,c7ddd93b15e30faae180a52fd2be32,mug,ShapeNet,False,mug/ShapeNet/c7ddd93b15e30faae180a52fd2be32,mug/ShapeNet/d38295b8d83e8cdec712af445786fe,True,mug,mug,2,"['the', 'handle', 'is', 'thick', '-er', 'width', 'wise']",7,the handle is thick -er width wise,train,train,train,train,"[1, 10, 29, 7, 54, 9, 358, 359, 2, 0, 0, 0, 0, 0, 0, 0, 0, 0]",handle
272477,user_1601,It has an open handle.,3VHP9MDGRPDLGV00KKNXO7DCZ9LCFI,136.0,3d3e993f7baa4d7ef1ff24a8b1564a36,mug,ShapeNet,6c04c2eac973936523c841f9d5051936,mug,ShapeNet,False,mug/ShapeNet/6c04c2eac973936523c841f9d5051936,mug/ShapeNet/3d3e993f7baa4d7ef1ff24a8b1564a36,False,mug,mug,2,"['it', 'has', 'an', 'open', 'handle']",5,it has an open handle,val,train,val,train,"[1, 23, 24, 72, 312, 29, 2, 0, 0, 0, 0, 0, 0, 0, 0, 0, 0, 0]",handle
272479,user_920,The target's handle is larger/taller.,3YGXWBAF72ABIF3B03REX3GLAJ6C4O,64.0,3d3e993f7baa4d7ef1ff24a8b1564a36,mug,ShapeNet,d46b98f63a017578ea456f4bbbc96af9,mug,ShapeNet,False,mug/ShapeNet/d46b98f63a017578ea456f4bbbc96af9,mug/ShapeNet/3d3e993f7baa4d7ef1ff24a8b1564a36,True,mug,mug,2,"['the', 'target', ""'s"", 'handle', 'is', 'large', '-er', 'tall', '-er']",9,the target 's handle is large -er tall -er,train,train,train,train,"[1, 10, 11, 12, 29, 7, 94, 9, 53, 9, 2, 0, 0, 0, 0, 0, 0, 0]",handle
272483,user_865,Target has short 'C' shape handle,37ZHEEHM6YFKO2PB98EK7CW1V8Q378,1405.0,1eaf8db2dd2b710c7d5b1b70ae595e60,mug,ShapeNet,9c930a8a3411f069e7f67f334aa9295c,mug,ShapeNet,False,mug/ShapeNet/9c930a8a3411f069e7f67f334aa9295c,mug/ShapeNet/1eaf8db2dd2b710c7d5b1b70ae595e60,False,mug,mug,2,"['target', 'has', 'short', 'c', 'shape', 'handle']",6,target has short c shape handle,train,train,train,train,"[1, 11, 24, 8, 1682, 93, 29, 2, 0, 0, 0, 0, 0, 0, 0, 0, 0, 0]",handle
272484,user_242,the body is barrel shaped,3HSYG7LRBLREFF42D8VSS3IPCFJKKF,49.0,7a8ea24474846c5c2f23d8349a133d2b,mug,ShapeNet,128ecbc10df5b05d96eaf1340564a4de,mug,ShapeNet,False,mug/ShapeNet/128ecbc10df5b05d96eaf1340564a4de,mug/ShapeNet/7a8ea24474846c5c2f23d8349a133d2b,True,mug,mug,2,"['the', 'body', 'is', 'barrel', 'shaped']",5,the body is barrel shaped,train,train,train,train,"[1, 10, 45, 7, 1704, 14, 2, 0, 0, 0, 0, 0, 0, 0, 0, 0, 0, 0]",body
272487,user_1689,Its handle has one end that is of square angle.,3R08VXYT7EOHF0RZJSPMC97YT1KW77,185.0,edaf960fb6afdadc4cebc4b5998de5d0,mug,ShapeNet,6e884701bfddd1f71e1138649f4c219,mug,ShapeNet,False,mug/ShapeNet/6e884701bfddd1f71e1138649f4c219,mug/ShapeNet/edaf960fb6afdadc4cebc4b5998de5d0,True,mug,mug,2,"['its', 'handle', 'has', 'one', 'end', 'that', 'is', 'of', 'square', 'angle']",10,its handle has one end that is of square angle,train,train,train,train,"[1, 5, 29, 24, 19, 74, 172, 7, 38, 50, 106, 2, 0, 0, 0, 0, 0, 0]",handle
272488,user_242,"Handle is sharper, not flared",3DL65MZB8F8TAH04P93R6PSCN9DECB,89.0,e984fd7e97c2be347eaeab1f0c9120b7,mug,ShapeNet,9426e7aa67c83a4c3b51ab46b2f98f30,mug,ShapeNet,False,mug/ShapeNet/9426e7aa67c83a4c3b51ab46b2f98f30,mug/ShapeNet/e984fd7e97c2be347eaeab1f0c9120b7,True,mug,mug,2,"['handle', 'is', 'sharp', '-er', 'not', 'flared']",6,handle is sharp -er not flared,train,train,train,train,"[1, 29, 7, 206, 9, 40, 569, 2, 0, 0, 0, 0, 0, 0, 0, 0, 0, 0]",handle
272490,user_242,handle is round,33LK57MYLVY7STGWII7464XCXIESZV,20.0,4f9f31db3c3873692a6f53dd95fd4468,mug,ShapeNet,48e260a614c0fd4434a8988fdcee4fde,mug,ShapeNet,False,mug/ShapeNet/48e260a614c0fd4434a8988fdcee4fde,mug/ShapeNet/4f9f31db3c3873692a6f53dd95fd4468,False,mug,mug,2,"['handle', 'is', 'round']",3,handle is round,train,train,train,train,"[1, 29, 7, 134, 2, 0, 0, 0, 0, 0, 0, 0, 0, 0, 0, 0, 0, 0]",handle
272494,user_1886,The handle is shorter,3SBEHTYCWPWITP3VHKB7OVINIPUYI2,56.0,c6bc2c9770a59b5ddd195661813efe58,mug,ShapeNet,1a97f3c83016abca21d0de04f408950f,mug,ShapeNet,False,mug/ShapeNet/1a97f3c83016abca21d0de04f408950f,mug/ShapeNet/c6bc2c9770a59b5ddd195661813efe58,True,mug,mug,2,"['the', 'handle', 'is', 'short', '-er']",5,the handle is short -er,train,train,train,train,"[1, 10, 29, 7, 8, 9, 2, 0, 0, 0, 0, 0, 0, 0, 0, 0, 0, 0]",handle
272495,user_1894,The handle is thicker.,3BEFOD78W8MOR1F2DSLS0ZLX4YQM4Y,1640.0,c6bc2c9770a59b5ddd195661813efe58,mug,ShapeNet,1a97f3c83016abca21d0de04f408950f,mug,ShapeNet,False,mug/ShapeNet/1a97f3c83016abca21d0de04f408950f,mug/ShapeNet/c6bc2c9770a59b5ddd195661813efe58,True,mug,mug,2,"['the', 'handle', 'is', 'thick', '-er']",5,the handle is thick -er,train,train,train,train,"[1, 10, 29, 7, 54, 9, 2, 0, 0, 0, 0, 0, 0, 0, 0, 0, 0, 0]",handle
272496,user_1461,Has a C handle,3J4Q2Z4UT0WRLIWEFRYSC0OTYREWQ7,21.0,24651c3767aa5089e19f4cee87249aca,mug,ShapeNet,2037531c43448c3016329cbc378d2a2,mug,ShapeNet,False,mug/ShapeNet/2037531c43448c3016329cbc378d2a2,mug/ShapeNet/24651c3767aa5089e19f4cee87249aca,True,mug,mug,2,"['has', 'a', 'c', 'handle']",4,has a c handle,train,train,train,train,"[1, 24, 26, 1682, 29, 2, 0, 0, 0, 0, 0, 0, 0, 0, 0, 0, 0, 0]",handle
272497,user_1764,The handle is more curved,33FOTY3KEOEUQG6SDL8CZ59IY0C1CI,51.0,24651c3767aa5089e19f4cee87249aca,mug,ShapeNet,2037531c43448c3016329cbc378d2a2,mug,ShapeNet,False,mug/ShapeNet/2037531c43448c3016329cbc378d2a2,mug/ShapeNet/24651c3767aa5089e19f4cee87249aca,True,mug,mug,2,"['the', 'handle', 'is', 'more', 'curved']",5,the handle is more curved,train,train,train,train,"[1, 10, 29, 7, 34, 51, 2, 0, 0, 0, 0, 0, 0, 0, 0, 0, 0, 0]",handle
272502,user_242,handle is C shaped,3ITXP059PYCHSEBS0W4IIA9MEKWJSW,46.0,a0c78f254b037f88933dc172307a6bb9,mug,ShapeNet,34ae0b61b0d8aaf2d7b20fded0142d7a,mug,ShapeNet,False,mug/ShapeNet/34ae0b61b0d8aaf2d7b20fded0142d7a,mug/ShapeNet/a0c78f254b037f88933dc172307a6bb9,True,mug,mug,2,"['handle', 'is', 'c', 'shaped']",4,handle is c shaped,train,train,train,train,"[1, 29, 7, 1682, 14, 2, 0, 0, 0, 0, 0, 0, 0, 0, 0, 0, 0, 0]",handle
272505,user_1964,the handle is closer to the bottom,37QW5D2ZRIFS8XF99S7RTK08Y9E8SD,41.0,c2e411ed6061a25ef06800d5696e457f,mug,ShapeNet,ea33ad442b032208d778b73d04298f62,mug,ShapeNet,False,mug/ShapeNet/ea33ad442b032208d778b73d04298f62,mug/ShapeNet/c2e411ed6061a25ef06800d5696e457f,True,mug,mug,2,"['the', 'handle', 'is', 'close', '-er', 'to', 'the', 'bottom']",8,the handle is close -er to the bottom,train,train,train,train,"[1, 10, 29, 7, 1025, 9, 58, 10, 76, 2, 0, 0, 0, 0, 0, 0, 0, 0]",handle
272508,user_242,handle is thinner,3OB0CAO74JIIXUSBB2TMOJH8IDTYHP,35.0,414772162ef70ec29109ad7f9c200d62,mug,ShapeNet,ef24c302911bcde6ea6ff2182dd34668,mug,ShapeNet,False,mug/ShapeNet/ef24c302911bcde6ea6ff2182dd34668,mug/ShapeNet/414772162ef70ec29109ad7f9c200d62,True,mug,mug,2,"['handle', 'is', 'thin', '-er']",4,handle is thin -er,train,train,train,train,"[1, 29, 7, 60, 9, 2, 0, 0, 0, 0, 0, 0, 0, 0, 0, 0, 0, 0]",handle
272509,user_1416,It flares outward in the upper part of the body.,3L0KT67Y8G97N36RMW5LSXOARN1SYT,1598.0,414772162ef70ec29109ad7f9c200d62,mug,ShapeNet,ef24c302911bcde6ea6ff2182dd34668,mug,ShapeNet,False,mug/ShapeNet/ef24c302911bcde6ea6ff2182dd34668,mug/ShapeNet/414772162ef70ec29109ad7f9c200d62,True,mug,mug,2,"['it', 'flares', 'outward', 'in', 'the', 'upper', 'part', 'of', 'the', 'body']",10,it flares outward in the upper part of the body,train,train,train,train,"[1, 23, 381, 492, 90, 10, 1050, 311, 38, 10, 45, 2, 0, 0, 0, 0, 0, 0]",body
272513,user_1886,The handle is smaller,3H7Z272LX90QACJ0B0C13KH3VOJLP7,63.0,9d8c711750a73b06ad1d789f3b2120d0,mug,ShapeNet,1d18255a04d22794e521eeb8bb14c5b3,mug,ShapeNet,False,mug/ShapeNet/1d18255a04d22794e521eeb8bb14c5b3,mug/ShapeNet/9d8c711750a73b06ad1d789f3b2120d0,True,mug,mug,2,"['the', 'handle', 'is', 'small', '-er']",5,the handle is small -er,train,train,train,train,"[1, 10, 29, 7, 111, 9, 2, 0, 0, 0, 0, 0, 0, 0, 0, 0, 0, 0]",handle
272514,user_1416,The handle does not extend to the very top of the mug.,3UNH76FOCUY4P8TM2Z9ZGOP4ZYEYMI,97.0,d0a3fdd33c7e1eb040bc4e38b9ba163e,mug,ShapeNet,9278005254c8db7e95f577622f465c85,mug,ShapeNet,False,mug/ShapeNet/9278005254c8db7e95f577622f465c85,mug/ShapeNet/d0a3fdd33c7e1eb040bc4e38b9ba163e,True,mug,mug,2,"['the', 'handle', 'does', 'not', 'extend', 'to', 'the', 'very', 'top', 'of', 'the', 'mug']",12,the handle does not extend to the very top of the mug,train,train,train,train,"[1, 10, 29, 39, 40, 467, 58, 10, 62, 99, 38, 10, 1684, 2, 0, 0, 0, 0]",handle
272518,user_255,The handle does not go all the way down to touch the bottom.,3TUI152ZZDGYKHGBI397JAYZ2GW1Q8,167.0,e9499e4a9f632725d6e865157050a80e,mug,ShapeNet,3143a4accdc23349cac584186c95ce9b,mug,ShapeNet,True,mug/ShapeNet/3143a4accdc23349cac584186c95ce9b,mug/ShapeNet/e9499e4a9f632725d6e865157050a80e,True,mug,mug,2,"['the', 'handle', 'does', 'not', 'go', 'all', 'the', 'way', 'down', 'to', 'touch', 'the', 'bottom']",13,the handle does not go all the way down to touch the bottom,train,train,train,train,"[1, 10, 29, 39, 40, 741, 367, 10, 471, 44, 58, 1298, 10, 76, 2, 0, 0, 0]",handle
272521,user_1886,The handle is not that curvier,3NXNZ5RS1CQ634ERQHFUYPZNV0X97S,183.0,34ae0b61b0d8aaf2d7b20fded0142d7a,mug,ShapeNet,57f73714cbc425e44ae022a8f6e258a7,mug,ShapeNet,False,mug/ShapeNet/57f73714cbc425e44ae022a8f6e258a7,mug/ShapeNet/34ae0b61b0d8aaf2d7b20fded0142d7a,False,mug,mug,2,"['the', 'handle', 'is', 'not', 'that', 'curvy', '-er']",7,the handle is not that curvy -er,train,train,train,train,"[1, 10, 29, 7, 40, 172, 179, 9, 2, 0, 0, 0, 0, 0, 0, 0, 0, 0]",handle
272529,user_242,handle is D shaped not square,3WMOAN2SRDQT3WJH9P1FM4AAM8XNVB,133.0,f1c5b9bb744afd96d6e1954365b10b52,mug,ShapeNet,5d72df6bc7e93e6dd0cd466c08863ebd,mug,ShapeNet,False,mug/ShapeNet/5d72df6bc7e93e6dd0cd466c08863ebd,mug/ShapeNet/f1c5b9bb744afd96d6e1954365b10b52,True,mug,mug,2,"['handle', 'is', 'd', 'shaped', 'not', 'square']",6,handle is d shaped not square,train,train,train,train,"[1, 29, 7, 1683, 14, 40, 50, 2, 0, 0, 0, 0, 0, 0, 0, 0, 0, 0]",handle
272531,user_1964,the handle is not D shaped,31EUONYN2XWBLHJTA41S1TAFCI0OVP,82.0,54f2d6a0b431839c99785666a0fe0255,mug,ShapeNet,e6dedae946ff5265a95fb60c110b25aa,mug,ShapeNet,False,mug/ShapeNet/e6dedae946ff5265a95fb60c110b25aa,mug/ShapeNet/54f2d6a0b431839c99785666a0fe0255,True,mug,mug,2,"['the', 'handle', 'is', 'not', 'd', 'shaped']",6,the handle is not d shaped,train,train,train,train,"[1, 10, 29, 7, 40, 1683, 14, 2, 0, 0, 0, 0, 0, 0, 0, 0, 0, 0]",handle
272532,user_203,The handle is attached not as close to the lip.,3J4Q2Z4UT0WRLIWEFRYSC0OTYSRWQM,160.0,48e260a614c0fd4434a8988fdcee4fde,mug,ShapeNet,54f2d6a0b431839c99785666a0fe0255,mug,ShapeNet,False,mug/ShapeNet/54f2d6a0b431839c99785666a0fe0255,mug/ShapeNet/48e260a614c0fd4434a8988fdcee4fde,False,mug,mug,2,"['the', 'handle', 'is', 'attached', 'not', 'as', 'close', 'to', 'the', 'lip']",10,the handle is attached not as close to the lip,train,train,train,train,"[1, 10, 29, 7, 115, 40, 52, 1025, 58, 10, 125, 2, 0, 0, 0, 0, 0, 0]",handle
272534,user_242,The handle is thicker,33PPUNGG3AYVREGJ3T7ZGUSGBGQZR9,83.0,df026976dc03197213ac44947b92716e,mug,ShapeNet,c82b9f1b98f044fc15cf6e5ad80f2da,mug,ShapeNet,False,mug/ShapeNet/c82b9f1b98f044fc15cf6e5ad80f2da,mug/ShapeNet/df026976dc03197213ac44947b92716e,True,mug,mug,2,"['the', 'handle', 'is', 'thick', '-er']",5,the handle is thick -er,train,train,train,train,"[1, 10, 29, 7, 54, 9, 2, 0, 0, 0, 0, 0, 0, 0, 0, 0, 0, 0]",handle
272535,user_986,"handle is directly in the side of the mug, it is all one piece",3NKQQ8O390YK4534F5D7UDWXUXPUDE,46.0,df026976dc03197213ac44947b92716e,mug,ShapeNet,c82b9f1b98f044fc15cf6e5ad80f2da,mug,ShapeNet,False,mug/ShapeNet/c82b9f1b98f044fc15cf6e5ad80f2da,mug/ShapeNet/df026976dc03197213ac44947b92716e,True,mug,mug,2,"['handle', 'is', 'directly', 'in', 'the', 'side', 'of', 'the', 'mug', 'it', 'is', 'all', 'one', 'piece']",14,handle is directly in the side of the mug it is all one piece,train,train,train,train,"[1, 29, 7, 309, 90, 10, 22, 38, 10, 1684, 23, 7, 367, 19, 65, 2, 0, 0]",handle
272537,user_1416,The handle is not as thick.,3RKNTXVS3ORNP06DGPVNR8QXAH04AV,236.0,df026976dc03197213ac44947b92716e,mug,ShapeNet,a6d9f9ae39728831808951ff5fb582ac,mug,ShapeNet,False,mug/ShapeNet/a6d9f9ae39728831808951ff5fb582ac,mug/ShapeNet/df026976dc03197213ac44947b92716e,True,mug,mug,2,"['the', 'handle', 'is', 'not', 'as', 'thick']",6,the handle is not as thick,train,train,train,train,"[1, 10, 29, 7, 40, 52, 54, 2, 0, 0, 0, 0, 0, 0, 0, 0, 0, 0]",handle
272541,user_1964,the handle reaches to the lip,31Z0PCVWUM8PNJN5ONKBPP0ZP8AT7O,52.0,3093367916fb5216823323ed0e090a6f,mug,ShapeNet,1f035aa5fc6da0983ecac81e09b15ea9,mug,ShapeNet,False,mug/ShapeNet/1f035aa5fc6da0983ecac81e09b15ea9,mug/ShapeNet/3093367916fb5216823323ed0e090a6f,False,mug,mug,2,"['the', 'handle', 'reaches', 'to', 'the', 'lip']",6,the handle reaches to the lip,test,train,test,train,"[1, 10, 29, 2685, 58, 10, 125, 2, 0, 0, 0, 0, 0, 0, 0, 0, 0, 0]",handle
272542,user_242,handle is thinner and sharper,3LOZAJ85YF6PIZZJNL4DI14XROFX2Y,27.0,9c930a8a3411f069e7f67f334aa9295c,mug,ShapeNet,645b0e2ef3b95979204df312eabf367f,mug,ShapeNet,False,mug/ShapeNet/645b0e2ef3b95979204df312eabf367f,mug/ShapeNet/9c930a8a3411f069e7f67f334aa9295c,False,mug,mug,2,"['handle', 'is', 'thin', '-er', 'and', 'sharp', '-er']",7,handle is thin -er and sharp -er,train,train,train,train,"[1, 29, 7, 60, 9, 47, 206, 9, 2, 0, 0, 0, 0, 0, 0, 0, 0, 0]",handle
272543,user_1740,Its handle is taller.,3EG49X351W5D00IKANGG8EL97SZX6V,36.0,9c930a8a3411f069e7f67f334aa9295c,mug,ShapeNet,645b0e2ef3b95979204df312eabf367f,mug,ShapeNet,False,mug/ShapeNet/645b0e2ef3b95979204df312eabf367f,mug/ShapeNet/9c930a8a3411f069e7f67f334aa9295c,False,mug,mug,2,"['its', 'handle', 'is', 'tall', '-er']",5,its handle is tall -er,train,train,train,train,"[1, 5, 29, 7, 53, 9, 2, 0, 0, 0, 0, 0, 0, 0, 0, 0, 0, 0]",handle
272544,user_1886,It has a shorter body,3AQF3RZ55ABW0ERZATAU27L23OI6FU,83.0,f1c5b9bb744afd96d6e1954365b10b52,mug,ShapeNet,57f73714cbc425e44ae022a8f6e258a7,mug,ShapeNet,False,mug/ShapeNet/57f73714cbc425e44ae022a8f6e258a7,mug/ShapeNet/f1c5b9bb744afd96d6e1954365b10b52,True,mug,mug,2,"['it', 'has', 'a', 'short', '-er', 'body']",6,it has a short -er body,train,train,train,train,"[1, 23, 24, 26, 8, 9, 45, 2, 0, 0, 0, 0, 0, 0, 0, 0, 0, 0]",body
272547,user_2144,"The target mug has a taller body, shapewise, compared to the other mug.",3WMOAN2SRDQT3WJH9P1FM4AAM7INVU,98.0,c6b24bf0a011b100d536be1f5e11c560,mug,ShapeNet,fd1f9e8add1fcbd123c841f9d5051936,mug,ShapeNet,False,mug/ShapeNet/fd1f9e8add1fcbd123c841f9d5051936,mug/ShapeNet/c6b24bf0a011b100d536be1f5e11c560,True,mug,mug,2,"['the', 'target', 'mug', 'has', 'a', 'tall', '-er', 'body', 'shape', 'wise', 'compared', 'to', 'the', 'other', 'mug']",15,the target mug has a tall -er body shape wise compared to the other mug,train,train,train,train,"[1, 10, 11, 1684, 24, 26, 53, 9, 45, 93, 359, 868, 58, 10, 396, 1684, 2, 0]",body
272548,user_218,Target has a novelty handle.,3IOEN3P9S9C5AZXR3UV9D5H82DQ16D,1613.0,c82b9f1b98f044fc15cf6e5ad80f2da,mug,ShapeNet,5310945bb21d74a41fabf3cbd0fc77bc,mug,ShapeNet,False,mug/ShapeNet/5310945bb21d74a41fabf3cbd0fc77bc,mug/ShapeNet/c82b9f1b98f044fc15cf6e5ad80f2da,False,mug,mug,2,"['target', 'has', 'a', 'novelty', 'handle']",5,target has a novelty handle,train,train,train,train,"[1, 11, 24, 26, 1685, 29, 2, 0, 0, 0, 0, 0, 0, 0, 0, 0, 0, 0]",handle
272549,user_242,Handle is fancy,30BUDKLTXFO8BWRPAZGJSJM2VSSE54,53.0,c82b9f1b98f044fc15cf6e5ad80f2da,mug,ShapeNet,5310945bb21d74a41fabf3cbd0fc77bc,mug,ShapeNet,False,mug/ShapeNet/5310945bb21d74a41fabf3cbd0fc77bc,mug/ShapeNet/c82b9f1b98f044fc15cf6e5ad80f2da,False,mug,mug,2,"['handle', 'is', 'fancy']",3,handle is fancy,train,train,train,train,"[1, 29, 7, 1158, 2, 0, 0, 0, 0, 0, 0, 0, 0, 0, 0, 0, 0, 0]",handle
272555,user_1886,The handle is thinner,3WZ36BJEV59CPVQV14WRURMV8XQTBX,126.0,c0c130c04edabc657c2b66248f91b3d8,mug,ShapeNet,d46b98f63a017578ea456f4bbbc96af9,mug,ShapeNet,False,mug/ShapeNet/d46b98f63a017578ea456f4bbbc96af9,mug/ShapeNet/c0c130c04edabc657c2b66248f91b3d8,False,mug,mug,2,"['the', 'handle', 'is', 'thin', '-er']",5,the handle is thin -er,train,train,train,train,"[1, 10, 29, 7, 60, 9, 2, 0, 0, 0, 0, 0, 0, 0, 0, 0, 0, 0]",handle
272559,user_678,The target does not have a handle.,34S9DKFK75IA7QEME0OZT3E44OHNY0,105.0,928a383f79698c3fb6d9bc28c8d8a2c4,mug,ShapeNet,b9004dcda66abf95b99d2a3bbaea842a,mug,ShapeNet,False,mug/ShapeNet/b9004dcda66abf95b99d2a3bbaea842a,mug/ShapeNet/928a383f79698c3fb6d9bc28c8d8a2c4,False,mug,mug,2,"['the', 'target', 'does', 'not', 'have', 'a', 'handle']",7,the target does not have a handle,train,train,train,train,"[1, 10, 11, 39, 40, 84, 26, 29, 2, 0, 0, 0, 0, 0, 0, 0, 0, 0]",handle
272562,user_1416,The handle doesn't extend as far outward.,3SKRO2GZ73KC9EIG5YPANOMQ39N1KX,163.0,3143a4accdc23349cac584186c95ce9b,mug,ShapeNet,214dbcace712e49de195a69ef7c885a4,mug,ShapeNet,False,mug/ShapeNet/214dbcace712e49de195a69ef7c885a4,mug/ShapeNet/3143a4accdc23349cac584186c95ce9b,True,mug,mug,2,"['the', 'handle', 'does', 'not', 'extend', 'as', 'far', 'outward']",8,the handle does not extend as far outward,train,train,train,train,"[1, 10, 29, 39, 40, 467, 52, 78, 492, 2, 0, 0, 0, 0, 0, 0, 0, 0]",handle
272563,user_1461,Has a smaller handle,33F859I5686MKMZ01AF2G8J7X30HBG,22.0,3143a4accdc23349cac584186c95ce9b,mug,ShapeNet,214dbcace712e49de195a69ef7c885a4,mug,ShapeNet,False,mug/ShapeNet/214dbcace712e49de195a69ef7c885a4,mug/ShapeNet/3143a4accdc23349cac584186c95ce9b,True,mug,mug,2,"['has', 'a', 'small', '-er', 'handle']",5,has a small -er handle,train,train,train,train,"[1, 24, 26, 111, 9, 29, 2, 0, 0, 0, 0, 0, 0, 0, 0, 0, 0, 0]",handle
272570,user_203,The distance between each end of the handle is greater.,3T3IWE1XG8GZT1SKKMTHPGHUUY9TQT,220.0,85a2511c375b5b32f72755048bac3f96,mug,ShapeNet,46ed9dad0440c043d33646b0990bb4a,mug,ShapeNet,False,mug/ShapeNet/46ed9dad0440c043d33646b0990bb4a,mug/ShapeNet/85a2511c375b5b32f72755048bac3f96,True,mug,mug,2,"['the', 'distance', 'between', 'each', 'end', 'of', 'the', 'handle', 'is', 'great', '-er']",11,the distance between each end of the handle is great -er,train,train,train,train,"[1, 10, 2456, 657, 21, 74, 38, 10, 29, 7, 188, 9, 2, 0, 0, 0, 0, 0]",handle
272572,user_242,the body is narrower,3MMN5BL1W1X395WYDEG9QUTRQYSM3B,39.0,141f1db25095b16dcfb3760e4293e310,mug,ShapeNet,4f9f31db3c3873692a6f53dd95fd4468,mug,ShapeNet,False,mug/ShapeNet/4f9f31db3c3873692a6f53dd95fd4468,mug/ShapeNet/141f1db25095b16dcfb3760e4293e310,False,mug,mug,2,"['the', 'body', 'is', 'narrow', '-er']",5,the body is narrow -er,train,train,train,train,"[1, 10, 45, 7, 210, 9, 2, 0, 0, 0, 0, 0, 0, 0, 0, 0, 0, 0]",body
272577,user_1886,It has a narrower body,3BV8HQ2ZZYU14NARZDO2O6AB6856AH,77.0,85a2511c375b5b32f72755048bac3f96,mug,ShapeNet,e984fd7e97c2be347eaeab1f0c9120b7,mug,ShapeNet,False,mug/ShapeNet/e984fd7e97c2be347eaeab1f0c9120b7,mug/ShapeNet/85a2511c375b5b32f72755048bac3f96,False,mug,mug,2,"['it', 'has', 'a', 'narrow', '-er', 'body']",6,it has a narrow -er body,train,train,train,train,"[1, 23, 24, 26, 210, 9, 45, 2, 0, 0, 0, 0, 0, 0, 0, 0, 0, 0]",body
272578,user_242,body tapers down to the bottom,3HPZF4IVNOMRGMHVPAFLDSKS5LOYCG,49.0,1c9f9e25c654cbca3c71bf3f4dd78475,mug,ShapeNet,c51b79493419eccdc1584fff35347dc6,mug,ShapeNet,False,mug/ShapeNet/c51b79493419eccdc1584fff35347dc6,mug/ShapeNet/1c9f9e25c654cbca3c71bf3f4dd78475,True,mug,mug,2,"['body', 'tapers', 'down', 'to', 'the', 'bottom']",6,body tapers down to the bottom,train,train,train,train,"[1, 45, 566, 44, 58, 10, 76, 2, 0, 0, 0, 0, 0, 0, 0, 0, 0, 0]",body
272579,user_1081,THE TAEGET MUG HAS A 'C' HANDLE.,3JRJSWSMQJE5XH4LWGSQDMOIHW1E3E,117.0,1c9f9e25c654cbca3c71bf3f4dd78475,mug,ShapeNet,c51b79493419eccdc1584fff35347dc6,mug,ShapeNet,False,mug/ShapeNet/c51b79493419eccdc1584fff35347dc6,mug/ShapeNet/1c9f9e25c654cbca3c71bf3f4dd78475,True,mug,mug,2,"['the', 'target', 'mug', 'has', 'a', 'c', 'handle']",7,the target mug has a c handle,train,train,train,train,"[1, 10, 11, 1684, 24, 26, 1682, 29, 2, 0, 0, 0, 0, 0, 0, 0, 0, 0]",handle
272580,user_960,Handle is shorter,35USIKEBNT98O64G8HT7ACUB5EUN66,263.0,43e1cabc5dd2fa91fffc97a61124b1a9,mug,ShapeNet,1a97f3c83016abca21d0de04f408950f,mug,ShapeNet,False,mug/ShapeNet/1a97f3c83016abca21d0de04f408950f,mug/ShapeNet/43e1cabc5dd2fa91fffc97a61124b1a9,False,mug,mug,2,"['handle', 'is', 'short', '-er']",4,handle is short -er,train,train,train,train,"[1, 29, 7, 8, 9, 2, 0, 0, 0, 0, 0, 0, 0, 0, 0, 0, 0, 0]",handle
272591,user_242,handle is flatter,32RIADZISUXRPWS7XPHEC8K3WNC4SW,29.0,6c5ec193434326fd6fa82390eb12174f,mug,ShapeNet,89bd0dff1b386ebed6b30d74fff98ffd,mug,ShapeNet,False,mug/ShapeNet/89bd0dff1b386ebed6b30d74fff98ffd,mug/ShapeNet/6c5ec193434326fd6fa82390eb12174f,True,mug,mug,2,"['handle', 'is', 'flat', '-er']",4,handle is flat -er,val,train,val,train,"[1, 29, 7, 129, 9, 2, 0, 0, 0, 0, 0, 0, 0, 0, 0, 0, 0, 0]",handle
272592,user_1886,It has a slimmer handle,34X6J5FLPVR5FYWF8SFDNAULWWAJQ6,94.0,9961ccbafd59cb03fe36eb2ab5fa00e0,mug,ShapeNet,bcb6be8f0ff4a51872e526c4f21dfca4,mug,ShapeNet,False,mug/ShapeNet/bcb6be8f0ff4a51872e526c4f21dfca4,mug/ShapeNet/9961ccbafd59cb03fe36eb2ab5fa00e0,True,mug,mug,2,"['it', 'has', 'a', 'slim', '-er', 'handle']",6,it has a slim -er handle,train,train,train,train,"[1, 23, 24, 26, 829, 9, 29, 2, 0, 0, 0, 0, 0, 0, 0, 0, 0, 0]",handle
272594,user_1886,It has a taller body,3MAOD8E57S3L7LOC942XAP7V2IWXND,41.0,d309d5f8038df4121198791a5b8655c,mug,ShapeNet,6e884701bfddd1f71e1138649f4c219,mug,ShapeNet,False,mug/ShapeNet/6e884701bfddd1f71e1138649f4c219,mug/ShapeNet/d309d5f8038df4121198791a5b8655c,False,mug,mug,2,"['it', 'has', 'a', 'tall', '-er', 'body']",6,it has a tall -er body,train,train,train,train,"[1, 23, 24, 26, 53, 9, 45, 2, 0, 0, 0, 0, 0, 0, 0, 0, 0, 0]",body
272595,user_242,body is narrower,3FTF2T8WLTBLTJFSYPN6Q5Y4OSH9W7,35.0,a637500654ca8d16c97cfc3e8a6b1d16,mug,ShapeNet,6aec84952a5ffcf33f60d03e1cb068dc,mug,ShapeNet,False,mug/ShapeNet/6aec84952a5ffcf33f60d03e1cb068dc,mug/ShapeNet/a637500654ca8d16c97cfc3e8a6b1d16,False,mug,mug,2,"['body', 'is', 'narrow', '-er']",4,body is narrow -er,train,train,train,train,"[1, 45, 7, 210, 9, 2, 0, 0, 0, 0, 0, 0, 0, 0, 0, 0, 0, 0]",body
272597,user_1461,Has a higher handle,33SA9F9TRZN2OF69603SIJZFFOOEWB,24.0,99eaa69cf6fe8811dec712af445786fe,mug,ShapeNet,a1d293f5cc20d01ad7f470ee20dce9e0,mug,ShapeNet,False,mug/ShapeNet/a1d293f5cc20d01ad7f470ee20dce9e0,mug/ShapeNet/99eaa69cf6fe8811dec712af445786fe,True,mug,mug,2,"['has', 'a', 'high', '-er', 'handle']",5,has a high -er handle,train,train,train,train,"[1, 24, 26, 49, 9, 29, 2, 0, 0, 0, 0, 0, 0, 0, 0, 0, 0, 0]",handle
272599,user_1461,Handle is positioned lower,3TE22NPXPD58NBQW7OLWE54XI6V449,24.0,928a383f79698c3fb6d9bc28c8d8a2c4,mug,ShapeNet,71ca4fc9c8c29fa8d5abaf84513415a2,mug,ShapeNet,False,mug/ShapeNet/71ca4fc9c8c29fa8d5abaf84513415a2,mug/ShapeNet/928a383f79698c3fb6d9bc28c8d8a2c4,True,mug,mug,2,"['handle', 'is', 'positioned', 'low', '-er']",5,handle is positioned low -er,train,train,train,train,"[1, 29, 7, 324, 345, 9, 2, 0, 0, 0, 0, 0, 0, 0, 0, 0, 0, 0]",handle
272600,user_1886,It has a shorter body,3FFJ6VRIL3HLWU7A9C0YW3O36DOI0W,37.0,928a383f79698c3fb6d9bc28c8d8a2c4,mug,ShapeNet,71ca4fc9c8c29fa8d5abaf84513415a2,mug,ShapeNet,False,mug/ShapeNet/71ca4fc9c8c29fa8d5abaf84513415a2,mug/ShapeNet/928a383f79698c3fb6d9bc28c8d8a2c4,True,mug,mug,2,"['it', 'has', 'a', 'short', '-er', 'body']",6,it has a short -er body,train,train,train,train,"[1, 23, 24, 26, 8, 9, 45, 2, 0, 0, 0, 0, 0, 0, 0, 0, 0, 0]",body
272604,user_920,The target's handle dips down at the top.,3WT783CTPDAV3EOKFI115HMRKBQCBX,41.0,a0c78f254b037f88933dc172307a6bb9,mug,ShapeNet,d38295b8d83e8cdec712af445786fe,mug,ShapeNet,False,mug/ShapeNet/d38295b8d83e8cdec712af445786fe,mug/ShapeNet/a0c78f254b037f88933dc172307a6bb9,True,mug,mug,2,"['the', 'target', ""'s"", 'handle', 'dips', 'down', 'at', 'the', 'top']",9,the target 's handle dips down at the top,train,train,train,train,"[1, 10, 11, 12, 29, 1635, 44, 98, 10, 99, 2, 0, 0, 0, 0, 0, 0, 0]",handle
272608,user_1764,The handle is extra wide,3P1L2B7AD3I8PC7ZW0ZMEKCDLK2OLA,54.0,214dbcace712e49de195a69ef7c885a4,mug,ShapeNet,c82b9f1b98f044fc15cf6e5ad80f2da,mug,ShapeNet,False,mug/ShapeNet/c82b9f1b98f044fc15cf6e5ad80f2da,mug/ShapeNet/214dbcace712e49de195a69ef7c885a4,False,mug,mug,2,"['the', 'handle', 'is', 'extra', 'wide']",5,the handle is extra wide,train,train,train,train,"[1, 10, 29, 7, 1020, 83, 2, 0, 0, 0, 0, 0, 0, 0, 0, 0, 0, 0]",handle
272611,user_422,Target mug has a thicker/smaller 'C' shaped handle,33F859I5686MKMZ01AF2G8J7X3WBH6,88.0,4b8b10d03552e0891898dfa8eb8eefff,mug,ShapeNet,141f1db25095b16dcfb3760e4293e310,mug,ShapeNet,False,mug/ShapeNet/141f1db25095b16dcfb3760e4293e310,mug/ShapeNet/4b8b10d03552e0891898dfa8eb8eefff,True,mug,mug,2,"['target', 'mug', 'has', 'a', 'thick', '-er', 'small', '-er', 'c', 'shaped', 'handle']",11,target mug has a thick -er small -er c shaped handle,train,train,train,train,"[1, 11, 1684, 24, 26, 54, 9, 111, 9, 1682, 14, 29, 2, 0, 0, 0, 0, 0]",handle
272615,user_242,the body is wine-glass shaped,3C5W7UE9CHJFP33CX3NXXAIVXTTXMM,52.0,c51b79493419eccdc1584fff35347dc6,mug,ShapeNet,1ae1ba5dfb2a085247df6165146d5bbd,mug,ShapeNet,False,mug/ShapeNet/1ae1ba5dfb2a085247df6165146d5bbd,mug/ShapeNet/c51b79493419eccdc1584fff35347dc6,True,mug,mug,2,"['the', 'body', 'is', 'wine', 'glass', 'shaped']",6,the body is wine glass shaped,train,train,train,train,"[1, 10, 45, 7, 1752, 1865, 14, 2, 0, 0, 0, 0, 0, 0, 0, 0, 0, 0]",body
272617,user_242,handle is round,3W92K5RLWWAPD7DB5P5TSNAOVN0V5W,20.0,79e673336e836d1333becb3a9550cbb1,mug,ShapeNet,15bd6225c209a8e3654b0ce7754570c8,mug,ShapeNet,False,mug/ShapeNet/15bd6225c209a8e3654b0ce7754570c8,mug/ShapeNet/79e673336e836d1333becb3a9550cbb1,False,mug,mug,2,"['handle', 'is', 'round']",3,handle is round,test,train,test,train,"[1, 29, 7, 134, 2, 0, 0, 0, 0, 0, 0, 0, 0, 0, 0, 0, 0, 0]",handle
272620,user_1461,Has a larger handle,3PMBY0YE29WCFL9NHYN5EBR1WBR9CO,21.0,387b695db51190d3be276203d0b1a33f,mug,ShapeNet,cf777e14ca2c7a19b4aad3cc5ce7ee8,mug,ShapeNet,False,mug/ShapeNet/cf777e14ca2c7a19b4aad3cc5ce7ee8,mug/ShapeNet/387b695db51190d3be276203d0b1a33f,False,mug,mug,2,"['has', 'a', 'large', '-er', 'handle']",5,has a large -er handle,test,train,test,train,"[1, 24, 26, 94, 9, 29, 2, 0, 0, 0, 0, 0, 0, 0, 0, 0, 0, 0]",handle
272622,user_1461,Has a thinner body,3D3VGR7TA28U6L9QIMCQCTN1WKK3R7,38.0,128ecbc10df5b05d96eaf1340564a4de,mug,ShapeNet,d75af64aa166c24eacbe2257d0988c9c,mug,ShapeNet,False,mug/ShapeNet/d75af64aa166c24eacbe2257d0988c9c,mug/ShapeNet/128ecbc10df5b05d96eaf1340564a4de,True,mug,mug,2,"['has', 'a', 'thin', '-er', 'body']",5,has a thin -er body,train,train,train,train,"[1, 24, 26, 60, 9, 45, 2, 0, 0, 0, 0, 0, 0, 0, 0, 0, 0, 0]",body
272628,user_1886,It has a taller body,3VFJCI1K41SV0XLED1JAVNCA0QWGR1,45.0,1c9f9e25c654cbca3c71bf3f4dd78475,mug,ShapeNet,6c04c2eac973936523c841f9d5051936,mug,ShapeNet,False,mug/ShapeNet/6c04c2eac973936523c841f9d5051936,mug/ShapeNet/1c9f9e25c654cbca3c71bf3f4dd78475,True,mug,mug,2,"['it', 'has', 'a', 'tall', '-er', 'body']",6,it has a tall -er body,val,train,val,train,"[1, 23, 24, 26, 53, 9, 45, 2, 0, 0, 0, 0, 0, 0, 0, 0, 0, 0]",body
272630,user_1416,It has a flatter handle.,3BXQMRHWK1RN8Z9HSYCAD3JR3BCMUJ,74.0,ff1a44e1c1785d618bca309f2c51966a,mug,ShapeNet,b6f30c63c946c286cf6897d8875cfd5e,mug,ShapeNet,False,mug/ShapeNet/b6f30c63c946c286cf6897d8875cfd5e,mug/ShapeNet/ff1a44e1c1785d618bca309f2c51966a,True,mug,mug,2,"['it', 'has', 'a', 'flat', '-er', 'handle']",6,it has a flat -er handle,train,train,train,train,"[1, 23, 24, 26, 129, 9, 29, 2, 0, 0, 0, 0, 0, 0, 0, 0, 0, 0]",handle
272633,user_1885,"its handle is round, not flattened",35DR22AR5FDE3HV2RLII1B9PX1Z3XX,187.0,6dd59cc1130a426571215a0b56898e5e,mug,ShapeNet,f23a544c04e2f5ccb50d0c6a0c254040,mug,ShapeNet,False,mug/ShapeNet/f23a544c04e2f5ccb50d0c6a0c254040,mug/ShapeNet/6dd59cc1130a426571215a0b56898e5e,True,mug,mug,2,"['its', 'handle', 'is', 'round', 'not', 'flattened']",6,its handle is round not flattened,train,train,train,train,"[1, 5, 29, 7, 134, 40, 1691, 2, 0, 0, 0, 0, 0, 0, 0, 0, 0, 0]",handle
272638,user_390,The handle is narrower,35L9RVQFCQB1GL8611WXLYBVMO0HUQ,104.0,1a1c0a8d4bad82169f0594e65f756cf5,mug,ShapeNet,e6dedae946ff5265a95fb60c110b25aa,mug,ShapeNet,False,mug/ShapeNet/e6dedae946ff5265a95fb60c110b25aa,mug/ShapeNet/1a1c0a8d4bad82169f0594e65f756cf5,False,mug,mug,2,"['the', 'handle', 'is', 'narrow', '-er']",5,the handle is narrow -er,train,train,train,train,"[1, 10, 29, 7, 210, 9, 2, 0, 0, 0, 0, 0, 0, 0, 0, 0, 0, 0]",handle
272640,user_1886,It has a smaller handle,3FE2ERCCZZ1YGXMXOSSTV1LXQTOOPR,48.0,604fcae9d93201d9d7f470ee20dce9e0,mug,ShapeNet,c6b24bf0a011b100d536be1f5e11c560,mug,ShapeNet,False,mug/ShapeNet/c6b24bf0a011b100d536be1f5e11c560,mug/ShapeNet/604fcae9d93201d9d7f470ee20dce9e0,True,mug,mug,2,"['it', 'has', 'a', 'small', '-er', 'handle']",6,it has a small -er handle,train,train,train,train,"[1, 23, 24, 26, 111, 9, 29, 2, 0, 0, 0, 0, 0, 0, 0, 0, 0, 0]",handle
272646,user_1886,It has a thicker handle,3R5F3LQFV4DSU1O3B1QVMZNB0SVOZC,63.0,9880097f723c98a9bd8c6965c4665b41,mug,ShapeNet,1c9f9e25c654cbca3c71bf3f4dd78475,mug,ShapeNet,False,mug/ShapeNet/1c9f9e25c654cbca3c71bf3f4dd78475,mug/ShapeNet/9880097f723c98a9bd8c6965c4665b41,False,mug,mug,2,"['it', 'has', 'a', 'thick', '-er', 'handle']",6,it has a thick -er handle,train,train,train,train,"[1, 23, 24, 26, 54, 9, 29, 2, 0, 0, 0, 0, 0, 0, 0, 0, 0, 0]",handle
272650,user_242,Has a tapered body shape,3GA6AFUKOQHHHRVNMH0WYPLV9BQH3S,39.0,d75af64aa166c24eacbe2257d0988c9c,mug,ShapeNet,ef24c302911bcde6ea6ff2182dd34668,mug,ShapeNet,False,mug/ShapeNet/ef24c302911bcde6ea6ff2182dd34668,mug/ShapeNet/d75af64aa166c24eacbe2257d0988c9c,False,mug,mug,2,"['has', 'a', 'tapered', 'body', 'shape']",5,has a tapered body shape,train,train,train,train,"[1, 24, 26, 352, 45, 93, 2, 0, 0, 0, 0, 0, 0, 0, 0, 0, 0, 0]",body
272651,user_1894,It has an upside down flared handle.,3GFK2QRXXBA2SWDGVZAPEPT22W35WH,991.0,d75af64aa166c24eacbe2257d0988c9c,mug,ShapeNet,ef24c302911bcde6ea6ff2182dd34668,mug,ShapeNet,False,mug/ShapeNet/ef24c302911bcde6ea6ff2182dd34668,mug/ShapeNet/d75af64aa166c24eacbe2257d0988c9c,False,mug,mug,2,"['it', 'has', 'an', 'upside', 'down', 'flared', 'handle']",7,it has an upside down flared handle,train,train,train,train,"[1, 23, 24, 72, 91, 44, 569, 29, 2, 0, 0, 0, 0, 0, 0, 0, 0, 0]",handle
272653,user_1964,the handle doe not extend to the bottom,3FE2ERCCZZ1YGXMXOSSTV1LXQUZOP4,46.0,1bc5d303ff4d6e7e1113901b72a68e7c,mug,ShapeNet,a0c78f254b037f88933dc172307a6bb9,mug,ShapeNet,False,mug/ShapeNet/a0c78f254b037f88933dc172307a6bb9,mug/ShapeNet/1bc5d303ff4d6e7e1113901b72a68e7c,False,mug,mug,2,"['the', 'handle', 'doe', 'not', 'extend', 'to', 'the', 'bottom']",8,the handle doe not extend to the bottom,train,train,train,train,"[1, 10, 29, 1150, 40, 467, 58, 10, 76, 2, 0, 0, 0, 0, 0, 0, 0, 0]",handle
272657,user_1894,"It does not have a ""C"" handle.",3JBT3HLQFAVAF104Q13ABZS1AY4ZPJ,1735.0,3143a4accdc23349cac584186c95ce9b,mug,ShapeNet,48e260a614c0fd4434a8988fdcee4fde,mug,ShapeNet,False,mug/ShapeNet/48e260a614c0fd4434a8988fdcee4fde,mug/ShapeNet/3143a4accdc23349cac584186c95ce9b,True,mug,mug,2,"['it', 'does', 'not', 'have', 'a', 'c', 'handle']",7,it does not have a c handle,train,train,train,train,"[1, 23, 39, 40, 84, 26, 1682, 29, 2, 0, 0, 0, 0, 0, 0, 0, 0, 0]",handle
272659,user_1886,It has a taller body,37TRT2X24SKIBSUQPAINSLZMAVZJBI,76.0,24b17537bce40695b3207096ecd79542,mug,ShapeNet,39361b14ba19303ee42cfae782879837,mug,ShapeNet,False,mug/ShapeNet/39361b14ba19303ee42cfae782879837,mug/ShapeNet/24b17537bce40695b3207096ecd79542,True,mug,mug,2,"['it', 'has', 'a', 'tall', '-er', 'body']",6,it has a tall -er body,train,train,train,train,"[1, 23, 24, 26, 53, 9, 45, 2, 0, 0, 0, 0, 0, 0, 0, 0, 0, 0]",body
272660,user_242,body is wider,3E7TUJ2EGEFMKDF1HUIGYH9JHB6D9V,26.0,43f94ba24d2f075c4d32a65fb7bf4ebc,mug,ShapeNet,275729fcdc9bf1488afafc80c93c27a9,mug,ShapeNet,False,mug/ShapeNet/275729fcdc9bf1488afafc80c93c27a9,mug/ShapeNet/43f94ba24d2f075c4d32a65fb7bf4ebc,False,mug,mug,2,"['body', 'is', 'wide', '-er']",4,body is wide -er,train,train,train,train,"[1, 45, 7, 83, 9, 2, 0, 0, 0, 0, 0, 0, 0, 0, 0, 0, 0, 0]",body
272664,user_1461,Has no handle,3ERMJ6L4D0LLAOXLFQJZ3B57VZ6M76,17.0,8570d9a8d24cb0acbebd3c0c0c70fb03,mug,ShapeNet,b9004dcda66abf95b99d2a3bbaea842a,mug,ShapeNet,False,mug/ShapeNet/b9004dcda66abf95b99d2a3bbaea842a,mug/ShapeNet/8570d9a8d24cb0acbebd3c0c0c70fb03,True,mug,mug,2,"['has', 'no', 'handle']",3,has no handle,train,train,train,train,"[1, 24, 123, 29, 2, 0, 0, 0, 0, 0, 0, 0, 0, 0, 0, 0, 0, 0]",handle
272665,user_1886,It has a taller body,3C8HJ7UOP9N4UY3RYLBIUVY65SGMZV,73.0,8570d9a8d24cb0acbebd3c0c0c70fb03,mug,ShapeNet,b9004dcda66abf95b99d2a3bbaea842a,mug,ShapeNet,False,mug/ShapeNet/b9004dcda66abf95b99d2a3bbaea842a,mug/ShapeNet/8570d9a8d24cb0acbebd3c0c0c70fb03,True,mug,mug,2,"['it', 'has', 'a', 'tall', '-er', 'body']",6,it has a tall -er body,train,train,train,train,"[1, 23, 24, 26, 53, 9, 45, 2, 0, 0, 0, 0, 0, 0, 0, 0, 0, 0]",body
272667,user_1964,the handle is farther down from the lip on the mug,3CPLWGV3MQSV6P6E6OWJUMLDVGNN94,36.0,5c48d471200d2bf16e8a121e6886e18d,mug,ShapeNet,24651c3767aa5089e19f4cee87249aca,mug,ShapeNet,False,mug/ShapeNet/24651c3767aa5089e19f4cee87249aca,mug/ShapeNet/5c48d471200d2bf16e8a121e6886e18d,False,mug,mug,2,"['the', 'handle', 'is', 'far', '-er', 'down', 'from', 'the', 'lip', 'on', 'the', 'mug']",12,the handle is far -er down from the lip on the mug,train,train,train,train,"[1, 10, 29, 7, 78, 9, 44, 113, 10, 125, 20, 10, 1684, 2, 0, 0, 0, 0]",handle
272668,user_1105,the handle is larger,3WR9XG3T65456Y8F9MJ3HHO798L74W,52.0,b7841572364fd9ce1249ffc39a0c3c0b,mug,ShapeNet,85a2511c375b5b32f72755048bac3f96,mug,ShapeNet,False,mug/ShapeNet/85a2511c375b5b32f72755048bac3f96,mug/ShapeNet/b7841572364fd9ce1249ffc39a0c3c0b,False,mug,mug,2,"['the', 'handle', 'is', 'large', '-er']",5,the handle is large -er,train,train,train,train,"[1, 10, 29, 7, 94, 9, 2, 0, 0, 0, 0, 0, 0, 0, 0, 0, 0, 0]",handle
272669,user_1416,The handle is thicker.,38YMOXR4MWSYB0DU0IKU6V72YQ0W68,59.0,b7841572364fd9ce1249ffc39a0c3c0b,mug,ShapeNet,85a2511c375b5b32f72755048bac3f96,mug,ShapeNet,False,mug/ShapeNet/85a2511c375b5b32f72755048bac3f96,mug/ShapeNet/b7841572364fd9ce1249ffc39a0c3c0b,False,mug,mug,2,"['the', 'handle', 'is', 'thick', '-er']",5,the handle is thick -er,train,train,train,train,"[1, 10, 29, 7, 54, 9, 2, 0, 0, 0, 0, 0, 0, 0, 0, 0, 0, 0]",handle
272677,user_1601,Its' lip edge is rounded down into the body.,3TAYZSBPLN1HMIDKTBYQJTN5C842SK,111.0,5d72df6bc7e93e6dd0cd466c08863ebd,mug,ShapeNet,d75af64aa166c24eacbe2257d0988c9c,mug,ShapeNet,False,mug/ShapeNet/d75af64aa166c24eacbe2257d0988c9c,mug/ShapeNet/5d72df6bc7e93e6dd0cd466c08863ebd,False,mug,mug,2,"['its', ""'"", 'lip', 'edge', 'is', 'rounded', 'down', 'into', 'the', 'body']",10,its ' lip edge is rounded down into the body,train,train,train,train,"[1, 5, 587, 125, 631, 7, 48, 44, 148, 10, 45, 2, 0, 0, 0, 0, 0, 0]",body
272683,user_1416,The handle is more evenly spaced on the side.,37M28K1J0S6DSIPYJWIRXAFGSETJA4,36.0,5582a89be131867846ebf4f1147c3f0f,mug,ShapeNet,3d3e993f7baa4d7ef1ff24a8b1564a36,mug,ShapeNet,False,mug/ShapeNet/3d3e993f7baa4d7ef1ff24a8b1564a36,mug/ShapeNet/5582a89be131867846ebf4f1147c3f0f,False,mug,mug,2,"['the', 'handle', 'is', 'more', 'evenly', 'spaced', 'on', 'the', 'side']",9,the handle is more evenly spaced on the side,train,train,train,train,"[1, 10, 29, 7, 34, 1300, 1248, 20, 10, 22, 2, 0, 0, 0, 0, 0, 0, 0]",handle
272689,user_1886,It has a smaller handle,30JNVC0ORBD9OS1PKSCSBXE6J3VQHV,127.0,d75af64aa166c24eacbe2257d0988c9c,mug,ShapeNet,85d5e7be548357baee0fa456543b8166,mug,ShapeNet,False,mug/ShapeNet/85d5e7be548357baee0fa456543b8166,mug/ShapeNet/d75af64aa166c24eacbe2257d0988c9c,False,mug,mug,2,"['it', 'has', 'a', 'small', '-er', 'handle']",6,it has a small -er handle,train,train,train,train,"[1, 23, 24, 26, 111, 9, 29, 2, 0, 0, 0, 0, 0, 0, 0, 0, 0, 0]",handle
272694,user_1757,The target cup had a protruded C handle,3NJM2BJS4YZX78PUYNJ201RG1GFPC7,121.0,a8f7a0edd3edc3299e54b4084dc33544,mug,ShapeNet,586e67c53f181dc22adf8abaa25e0215,mug,ShapeNet,False,mug/ShapeNet/586e67c53f181dc22adf8abaa25e0215,mug/ShapeNet/a8f7a0edd3edc3299e54b4084dc33544,False,mug,mug,2,"['the', 'target', 'cup', 'had', 'a', 'protruded', 'c', 'handle']",8,the target cup had a protruded c handle,train,train,train,train,"[1, 10, 11, 870, 1567, 26, 1156, 1682, 29, 2, 0, 0, 0, 0, 0, 0, 0, 0]",handle
272696,user_242,handle is flat and flared,33TIN5LC063PIOASDQ5UB2JKZ0LY9Z,28.0,f09e51579600cfbb88b651d2e4ea0846,mug,ShapeNet,2997f21fa426e18a6ab1a25d0e8f3590,mug,ShapeNet,False,mug/ShapeNet/2997f21fa426e18a6ab1a25d0e8f3590,mug/ShapeNet/f09e51579600cfbb88b651d2e4ea0846,False,mug,mug,2,"['handle', 'is', 'flat', 'and', 'flared']",5,handle is flat and flared,train,train,train,train,"[1, 29, 7, 129, 47, 569, 2, 0, 0, 0, 0, 0, 0, 0, 0, 0, 0, 0]",handle
272699,user_920,The target has a handle.,379J5II41Q9MDLUA2MWQ98IZHHHELF,34.0,127944b6dabee1c9e20e92c5b8147e4a,mug,ShapeNet,46ed9dad0440c043d33646b0990bb4a,mug,ShapeNet,False,mug/ShapeNet/46ed9dad0440c043d33646b0990bb4a,mug/ShapeNet/127944b6dabee1c9e20e92c5b8147e4a,False,mug,mug,2,"['the', 'target', 'has', 'a', 'handle']",5,the target has a handle,train,train,train,train,"[1, 10, 11, 24, 26, 29, 2, 0, 0, 0, 0, 0, 0, 0, 0, 0, 0, 0]",handle
272702,user_242,handle is sharper,3WMOAN2SRDQT3WJH9P1FM4AAM8YVNK,75.0,57f73714cbc425e44ae022a8f6e258a7,mug,ShapeNet,4f9f31db3c3873692a6f53dd95fd4468,mug,ShapeNet,False,mug/ShapeNet/4f9f31db3c3873692a6f53dd95fd4468,mug/ShapeNet/57f73714cbc425e44ae022a8f6e258a7,True,mug,mug,2,"['handle', 'is', 'sharp', '-er']",4,handle is sharp -er,train,train,train,train,"[1, 29, 7, 206, 9, 2, 0, 0, 0, 0, 0, 0, 0, 0, 0, 0, 0, 0]",handle
272705,user_986,c shaped handle,384PI804XUUAQ8A6EOUC05UQFBVS03,64.0,62684ad0321b35189a3501eead248b52,mug,ShapeNet,83b41d719ea5af3f4dcd1df0d0a62a93,mug,ShapeNet,False,mug/ShapeNet/83b41d719ea5af3f4dcd1df0d0a62a93,mug/ShapeNet/62684ad0321b35189a3501eead248b52,False,mug,mug,2,"['c', 'shaped', 'handle']",3,c shaped handle,test,train,test,train,"[1, 1682, 14, 29, 2, 0, 0, 0, 0, 0, 0, 0, 0, 0, 0, 0, 0, 0]",handle
272706,user_242,bottom is not smaller than body,3WRFBPLXRCH9RNHYPFV939IRVO2N3C,46.0,c6b24bf0a011b100d536be1f5e11c560,mug,ShapeNet,83b41d719ea5af3f4dcd1df0d0a62a93,mug,ShapeNet,False,mug/ShapeNet/83b41d719ea5af3f4dcd1df0d0a62a93,mug/ShapeNet/c6b24bf0a011b100d536be1f5e11c560,True,mug,mug,2,"['bottom', 'is', 'not', 'small', '-er', 'than', 'body']",7,bottom is not small -er than body,test,train,test,train,"[1, 76, 7, 40, 111, 9, 131, 45, 2, 0, 0, 0, 0, 0, 0, 0, 0, 0]",body
272708,user_1416,It has a 'D' handle.,32Q90QCQ1UEBTFCSHMKPU85KSIMEKO,306.0,a6d9f9ae39728831808951ff5fb582ac,mug,ShapeNet,1c3fccb84f1eeb97a3d0a41d6c77ec7c,mug,ShapeNet,False,mug/ShapeNet/1c3fccb84f1eeb97a3d0a41d6c77ec7c,mug/ShapeNet/a6d9f9ae39728831808951ff5fb582ac,True,mug,mug,2,"['it', 'has', 'a', 'd', 'handle']",5,it has a d handle,train,train,train,train,"[1, 23, 24, 26, 1683, 29, 2, 0, 0, 0, 0, 0, 0, 0, 0, 0, 0, 0]",handle
272717,user_1885,its handle is smaller,37XITHEISY2IJL59BFNR5WRV2XRCR8,276.0,52273f4b17505e898ef19a48ac4fcfdf,mug,ShapeNet,2037531c43448c3016329cbc378d2a2,mug,ShapeNet,False,mug/ShapeNet/2037531c43448c3016329cbc378d2a2,mug/ShapeNet/52273f4b17505e898ef19a48ac4fcfdf,False,mug,mug,2,"['its', 'handle', 'is', 'small', '-er']",5,its handle is small -er,train,train,train,train,"[1, 5, 29, 7, 111, 9, 2, 0, 0, 0, 0, 0, 0, 0, 0, 0, 0, 0]",handle
272719,user_505,handle has larger distance from the top of the mug,3OUYGIZWR9RDDGUEM7QI50PFSSS0P1,50.0,48e260a614c0fd4434a8988fdcee4fde,mug,ShapeNet,403fb4eb4fc6235adf0c7dbe7f8f4c8e,mug,ShapeNet,True,mug/ShapeNet/403fb4eb4fc6235adf0c7dbe7f8f4c8e,mug/ShapeNet/48e260a614c0fd4434a8988fdcee4fde,True,mug,mug,2,"['handle', 'has', 'large', '-er', 'distance', 'from', 'the', 'top', 'of', 'the', 'mug']",11,handle has large -er distance from the top of the mug,val,train,val,train,"[1, 29, 24, 94, 9, 2456, 113, 10, 99, 38, 10, 1684, 2, 0, 0, 0, 0, 0]",handle
272722,user_242,handle is rounder,3HFNH7HEMJ7VOW6E0MUAQX2544YGQ4,73.0,54f2d6a0b431839c99785666a0fe0255,mug,ShapeNet,92d6394732e6058d4bcbafcc905a9b98,mug,ShapeNet,False,mug/ShapeNet/92d6394732e6058d4bcbafcc905a9b98,mug/ShapeNet/54f2d6a0b431839c99785666a0fe0255,True,mug,mug,2,"['handle', 'is', 'round', '-er']",4,handle is round -er,train,train,train,train,"[1, 29, 7, 134, 9, 2, 0, 0, 0, 0, 0, 0, 0, 0, 0, 0, 0, 0]",handle
272723,user_1601,There is an indented finger-catch at the bottom of its' handle.,3L6L49WXW2QQJUUWLT46JXABI2Q54F,211.0,54f2d6a0b431839c99785666a0fe0255,mug,ShapeNet,92d6394732e6058d4bcbafcc905a9b98,mug,ShapeNet,False,mug/ShapeNet/92d6394732e6058d4bcbafcc905a9b98,mug/ShapeNet/54f2d6a0b431839c99785666a0fe0255,True,mug,mug,2,"['there', 'is', 'an', 'indented', 'finger', 'catch', 'at', 'the', 'bottom', 'of', 'its', ""'"", 'handle']",13,there is an indented finger catch at the bottom of its ' handle,train,train,train,train,"[1, 15, 7, 72, 633, 1382, 5472, 98, 10, 76, 38, 5, 587, 29, 2, 0, 0, 0]",handle
272728,user_1416,It has two rows of protruding dots encircling the body.,38JBBYETQQ3QFDNPWUX9NRGOVVP4EF,78.0,9737c77d3263062b8ca7a0a01bcd55b6,mug,ShapeNet,5310945bb21d74a41fabf3cbd0fc77bc,mug,ShapeNet,False,mug/ShapeNet/5310945bb21d74a41fabf3cbd0fc77bc,mug/ShapeNet/9737c77d3263062b8ca7a0a01bcd55b6,True,mug,mug,2,"['it', 'has', 'two', 'rows', 'of', 'protruding', 'dots', 'encircling', 'the', 'body']",10,it has two rows of protruding dots encircling the body,train,train,train,train,"[1, 23, 24, 17, 997, 38, 391, 720, 625, 10, 45, 2, 0, 0, 0, 0, 0, 0]",body
272729,user_1964,the handle has a flare at the bottom,39RP059MEJM8C00BS7VF8DR3EQ5MB2,46.0,9737c77d3263062b8ca7a0a01bcd55b6,mug,ShapeNet,5310945bb21d74a41fabf3cbd0fc77bc,mug,ShapeNet,False,mug/ShapeNet/5310945bb21d74a41fabf3cbd0fc77bc,mug/ShapeNet/9737c77d3263062b8ca7a0a01bcd55b6,True,mug,mug,2,"['the', 'handle', 'has', 'a', 'flare', 'at', 'the', 'bottom']",8,the handle has a flare at the bottom,train,train,train,train,"[1, 10, 29, 24, 26, 1609, 98, 10, 76, 2, 0, 0, 0, 0, 0, 0, 0, 0]",handle
272733,user_1886,It has a slightly wider body,31JLPPHS2WNR98HAQUVMIYIWLY73O7,49.0,edaf960fb6afdadc4cebc4b5998de5d0,mug,ShapeNet,e9bd4ee553eb35c1d5ccc40b510e4bd,mug,ShapeNet,False,mug/ShapeNet/e9bd4ee553eb35c1d5ccc40b510e4bd,mug/ShapeNet/edaf960fb6afdadc4cebc4b5998de5d0,False,mug,mug,2,"['it', 'has', 'a', 'slightly', 'wide', '-er', 'body']",7,it has a slightly wide -er body,train,train,train,train,"[1, 23, 24, 26, 174, 83, 9, 45, 2, 0, 0, 0, 0, 0, 0, 0, 0, 0]",body
272734,user_1461,Does not have an ornate/novelty handle,3QXNC7EIPKOSLTE75IULJAP0NMT90U,40.0,bcb6be8f0ff4a51872e526c4f21dfca4,mug,ShapeNet,3c0467f96e26b8c6a93445a1757adf6,mug,ShapeNet,False,mug/ShapeNet/3c0467f96e26b8c6a93445a1757adf6,mug/ShapeNet/bcb6be8f0ff4a51872e526c4f21dfca4,True,mug,mug,2,"['does', 'not', 'have', 'an', 'ornate', 'novelty', 'handle']",7,does not have an ornate novelty handle,train,train,train,train,"[1, 39, 40, 84, 72, 191, 1685, 29, 2, 0, 0, 0, 0, 0, 0, 0, 0, 0]",handle
272735,user_1964,the handle reaches from lip to almost the bottom,3NS0A6KXC6142O75NIDNHQE997FGZU,73.0,bcb6be8f0ff4a51872e526c4f21dfca4,mug,ShapeNet,3c0467f96e26b8c6a93445a1757adf6,mug,ShapeNet,False,mug/ShapeNet/3c0467f96e26b8c6a93445a1757adf6,mug/ShapeNet/bcb6be8f0ff4a51872e526c4f21dfca4,True,mug,mug,2,"['the', 'handle', 'reaches', 'from', 'lip', 'to', 'almost', 'the', 'bottom']",9,the handle reaches from lip to almost the bottom,train,train,train,train,"[1, 10, 29, 2685, 113, 125, 58, 505, 10, 76, 2, 0, 0, 0, 0, 0, 0, 0]",handle
272736,user_1461,Has a smaller handle,3EKVH9QME0XBKTU2WL31OU15B5W2DS,364.0,c82b9f1b98f044fc15cf6e5ad80f2da,mug,ShapeNet,4b7888feea81219ab5f4a9188bfa0ef6,mug,ShapeNet,False,mug/ShapeNet/4b7888feea81219ab5f4a9188bfa0ef6,mug/ShapeNet/c82b9f1b98f044fc15cf6e5ad80f2da,True,mug,mug,2,"['has', 'a', 'small', '-er', 'handle']",5,has a small -er handle,train,train,train,train,"[1, 24, 26, 111, 9, 29, 2, 0, 0, 0, 0, 0, 0, 0, 0, 0, 0, 0]",handle
272739,user_1886,It has a C shaped handle,3OVR4I9USRCFCGDU5LS9H852EYAQ4A,47.0,cc5b14ef71e87e9165ba97214ebde03,mug,ShapeNet,6500ccc65e210b14d829190312080ea3,mug,ShapeNet,False,mug/ShapeNet/6500ccc65e210b14d829190312080ea3,mug/ShapeNet/cc5b14ef71e87e9165ba97214ebde03,False,mug,mug,2,"['it', 'has', 'a', 'c', 'shaped', 'handle']",6,it has a c shaped handle,train,train,train,train,"[1, 23, 24, 26, 1682, 14, 29, 2, 0, 0, 0, 0, 0, 0, 0, 0, 0, 0]",handle
272743,user_1886,It has a smaller handle,3PH3VY7DJNQ0ZAX52NH53T0X3UUZWZ,56.0,edaf960fb6afdadc4cebc4b5998de5d0,mug,ShapeNet,c6bc2c9770a59b5ddd195661813efe58,mug,ShapeNet,False,mug/ShapeNet/c6bc2c9770a59b5ddd195661813efe58,mug/ShapeNet/edaf960fb6afdadc4cebc4b5998de5d0,True,mug,mug,2,"['it', 'has', 'a', 'small', '-er', 'handle']",6,it has a small -er handle,train,train,train,train,"[1, 23, 24, 26, 111, 9, 29, 2, 0, 0, 0, 0, 0, 0, 0, 0, 0, 0]",handle
272744,user_1191,The target has a handle.,3HHRAGRYXAYDOA6Q73WW9BLILP79OI,28.0,1038e4eac0e18dcce02ae6d2a21d494a,mug,ShapeNet,37f56901a07da69dac6b8e58caf61f95,mug,ShapeNet,False,mug/ShapeNet/37f56901a07da69dac6b8e58caf61f95,mug/ShapeNet/1038e4eac0e18dcce02ae6d2a21d494a,False,mug,mug,2,"['the', 'target', 'has', 'a', 'handle']",5,the target has a handle,train,train,train,train,"[1, 10, 11, 24, 26, 29, 2, 0, 0, 0, 0, 0, 0, 0, 0, 0, 0, 0]",handle
272747,user_242,handle is round,3X87C8JFV84YE1F5VMORFBL8SFPSQX,63.0,3143a4accdc23349cac584186c95ce9b,mug,ShapeNet,1dd8290a154f4b1534a8988fdcee4fde,mug,ShapeNet,False,mug/ShapeNet/1dd8290a154f4b1534a8988fdcee4fde,mug/ShapeNet/3143a4accdc23349cac584186c95ce9b,True,mug,mug,2,"['handle', 'is', 'round']",3,handle is round,train,train,train,train,"[1, 29, 7, 134, 2, 0, 0, 0, 0, 0, 0, 0, 0, 0, 0, 0, 0, 0]",handle
272748,user_1894,The handle is more curved at the top.,3QAVNHZ3EOXJN8DYMHU4DPS8W3WALV,1642.0,3143a4accdc23349cac584186c95ce9b,mug,ShapeNet,1dd8290a154f4b1534a8988fdcee4fde,mug,ShapeNet,False,mug/ShapeNet/1dd8290a154f4b1534a8988fdcee4fde,mug/ShapeNet/3143a4accdc23349cac584186c95ce9b,True,mug,mug,2,"['the', 'handle', 'is', 'more', 'curved', 'at', 'the', 'top']",8,the handle is more curved at the top,train,train,train,train,"[1, 10, 29, 7, 34, 51, 98, 10, 99, 2, 0, 0, 0, 0, 0, 0, 0, 0]",handle
272749,user_485,Target has two handles on the mug.,3QJOXOW4XLK6J3CV2YX59LXOHM8EMI,67.0,e984fd7e97c2be347eaeab1f0c9120b7,mug,ShapeNet,649a51c711dc7f3b32e150233fdd42e9,mug,ShapeNet,False,mug/ShapeNet/649a51c711dc7f3b32e150233fdd42e9,mug/ShapeNet/e984fd7e97c2be347eaeab1f0c9120b7,True,mug,mug,2,"['target', 'has', 'two', 'handles', 'on', 'the', 'mug']",7,target has two handles on the mug,train,train,train,train,"[1, 11, 24, 17, 18, 20, 10, 1684, 2, 0, 0, 0, 0, 0, 0, 0, 0, 0]",handle
272750,user_1886,It has square handles,3HYA4D452TC8ID8YNRYRCU4QNI5F29,78.0,e984fd7e97c2be347eaeab1f0c9120b7,mug,ShapeNet,649a51c711dc7f3b32e150233fdd42e9,mug,ShapeNet,False,mug/ShapeNet/649a51c711dc7f3b32e150233fdd42e9,mug/ShapeNet/e984fd7e97c2be347eaeab1f0c9120b7,True,mug,mug,2,"['it', 'has', 'square', 'handles']",4,it has square handles,train,train,train,train,"[1, 23, 24, 50, 18, 2, 0, 0, 0, 0, 0, 0, 0, 0, 0, 0, 0, 0]",handle
272758,user_986,handle is shorter,3300DTYQT4AX4IANUR4MQUHTROKQEY,41.0,c60f62684618cb52a4136492f17b9a59,mug,ShapeNet,7a8ea24474846c5c2f23d8349a133d2b,mug,ShapeNet,False,mug/ShapeNet/7a8ea24474846c5c2f23d8349a133d2b,mug/ShapeNet/c60f62684618cb52a4136492f17b9a59,True,mug,mug,2,"['handle', 'is', 'short', '-er']",4,handle is short -er,train,train,train,train,"[1, 29, 7, 8, 9, 2, 0, 0, 0, 0, 0, 0, 0, 0, 0, 0, 0, 0]",handle
272760,user_1378,The body is thinner/smaller,3F6HPJW4JFTATZUTDG8RGIQQILUW2N,196.0,48e260a614c0fd4434a8988fdcee4fde,mug,ShapeNet,4815b8a6406494662a96924bce6ef687,mug,ShapeNet,False,mug/ShapeNet/4815b8a6406494662a96924bce6ef687,mug/ShapeNet/48e260a614c0fd4434a8988fdcee4fde,True,mug,mug,2,"['the', 'body', 'is', 'thin', '-er', 'small', '-er']",7,the body is thin -er small -er,train,train,train,train,"[1, 10, 45, 7, 60, 9, 111, 9, 2, 0, 0, 0, 0, 0, 0, 0, 0, 0]",body
272764,user_1274,The handle is flat,3TVRFO09GM8VJLLRXRMIXX36XNSLXV,144.0,ea127b5b9ba0696967699ff4ba91a25,mug,ShapeNet,9ff8400080c77feac2ad6fd1941624c3,mug,ShapeNet,False,mug/ShapeNet/9ff8400080c77feac2ad6fd1941624c3,mug/ShapeNet/ea127b5b9ba0696967699ff4ba91a25,True,mug,mug,2,"['the', 'handle', 'is', 'flat']",4,the handle is flat,train,train,train,train,"[1, 10, 29, 7, 129, 2, 0, 0, 0, 0, 0, 0, 0, 0, 0, 0, 0, 0]",handle
272765,user_1764,There does not appear to be a handle,3JWH6J9I9U6EUILB48AFLSG3JGJNB7,31.0,85a2511c375b5b32f72755048bac3f96,mug,ShapeNet,9fc96d41ec7a66a6a159545213d74ea,mug,ShapeNet,False,mug/ShapeNet/9fc96d41ec7a66a6a159545213d74ea,mug/ShapeNet/85a2511c375b5b32f72755048bac3f96,False,mug,mug,2,"['there', 'does', 'not', 'appear', 'to', 'be', 'a', 'handle']",8,there does not appear to be a handle,train,train,train,train,"[1, 15, 39, 40, 891, 58, 204, 26, 29, 2, 0, 0, 0, 0, 0, 0, 0, 0]",handle
272769,user_1886,It has a smaller body size,34FNN24DCO26H18GA0SDZMEID3SY5W,56.0,a0c78f254b037f88933dc172307a6bb9,mug,ShapeNet,8f6c86feaa74698d5c91ee20ade72edc,mug,ShapeNet,False,mug/ShapeNet/8f6c86feaa74698d5c91ee20ade72edc,mug/ShapeNet/a0c78f254b037f88933dc172307a6bb9,True,mug,mug,2,"['it', 'has', 'a', 'small', '-er', 'body', 'size']",7,it has a small -er body size,test,train,test,train,"[1, 23, 24, 26, 111, 9, 45, 377, 2, 0, 0, 0, 0, 0, 0, 0, 0, 0]",body
272776,user_1886,It has a larger body,3X4JMASXCO2B9MT4328HAGKQBMU0BT,53.0,c34718bd10e378186c6c61abcbd83e5a,mug,ShapeNet,5582a89be131867846ebf4f1147c3f0f,mug,ShapeNet,False,mug/ShapeNet/5582a89be131867846ebf4f1147c3f0f,mug/ShapeNet/c34718bd10e378186c6c61abcbd83e5a,True,mug,mug,2,"['it', 'has', 'a', 'large', '-er', 'body']",6,it has a large -er body,train,train,train,train,"[1, 23, 24, 26, 94, 9, 45, 2, 0, 0, 0, 0, 0, 0, 0, 0, 0, 0]",body
272783,user_1764,The handle only has curved edges,30BXRYBRP6QE8PXBW1BY3MWS75SHW8,58.0,9196f53a0d4be2806ffeedd41ba624d6,mug,ShapeNet,8f550770386a6cf82f23d8349a133d2b,mug,ShapeNet,False,mug/ShapeNet/8f550770386a6cf82f23d8349a133d2b,mug/ShapeNet/9196f53a0d4be2806ffeedd41ba624d6,False,mug,mug,2,"['the', 'handle', 'only', 'has', 'curved', 'edges']",6,the handle only has curved edges,train,train,train,train,"[1, 10, 29, 133, 24, 51, 325, 2, 0, 0, 0, 0, 0, 0, 0, 0, 0, 0]",handle
272792,user_865,"Target's handle is 'C' shape, thick and a little glossy",3R5F3LQFV4DSU1O3B1QVMZNB0SXOZE,711.0,92d6394732e6058d4bcbafcc905a9b98,mug,ShapeNet,962883677a586bd84a60c1a189046dd1,mug,ShapeNet,False,mug/ShapeNet/962883677a586bd84a60c1a189046dd1,mug/ShapeNet/92d6394732e6058d4bcbafcc905a9b98,False,mug,mug,2,"['target', ""'s"", 'handle', 'is', 'c', 'shape', 'thick', 'and', 'a', 'little', 'glossy']",11,target 's handle is c shape thick and a little glossy,train,train,train,train,"[1, 11, 12, 29, 7, 1682, 93, 54, 47, 26, 907, 1775, 2, 0, 0, 0, 0, 0]",handle
272803,user_1416,The body is slightly concave.,3RXPCZQMQR477SMXF74VPWUXWRU1GG,62.0,99eaa69cf6fe8811dec712af445786fe,mug,ShapeNet,62684ad0321b35189a3501eead248b52,mug,ShapeNet,False,mug/ShapeNet/62684ad0321b35189a3501eead248b52,mug/ShapeNet/99eaa69cf6fe8811dec712af445786fe,True,mug,mug,2,"['the', 'body', 'is', 'slightly', 'concave']",5,the body is slightly concave,train,train,train,train,"[1, 10, 45, 7, 174, 390, 2, 0, 0, 0, 0, 0, 0, 0, 0, 0, 0, 0]",body
272805,user_239,target has a square handle,37ZHEEHM6YFKO2PB98EK7CW1V8M738,42.0,c34718bd10e378186c6c61abcbd83e5a,mug,ShapeNet,8012f52dd0a4d2f718a93a45bf780820,mug,ShapeNet,False,mug/ShapeNet/8012f52dd0a4d2f718a93a45bf780820,mug/ShapeNet/c34718bd10e378186c6c61abcbd83e5a,False,mug,mug,2,"['target', 'has', 'a', 'square', 'handle']",5,target has a square handle,train,train,train,train,"[1, 11, 24, 26, 50, 29, 2, 0, 0, 0, 0, 0, 0, 0, 0, 0, 0, 0]",handle
272808,user_1964,the handle reaches from lip to bottom,3HWRJOOET7V9HYP0MVTRLUWU9C0ES6,37.0,9426e7aa67c83a4c3b51ab46b2f98f30,mug,ShapeNet,ca198dc3f7dc0cacec6338171298c66b,mug,ShapeNet,False,mug/ShapeNet/ca198dc3f7dc0cacec6338171298c66b,mug/ShapeNet/9426e7aa67c83a4c3b51ab46b2f98f30,False,mug,mug,2,"['the', 'handle', 'reaches', 'from', 'lip', 'to', 'bottom']",7,the handle reaches from lip to bottom,test,train,test,train,"[1, 10, 29, 2685, 113, 125, 58, 76, 2, 0, 0, 0, 0, 0, 0, 0, 0, 0]",handle
272817,user_203,The handle has more height.,3JJVG1YBEDQA4TF508ETRBGHSVG5BW,407.0,c34718bd10e378186c6c61abcbd83e5a,mug,ShapeNet,54f2d6a0b431839c99785666a0fe0255,mug,ShapeNet,False,mug/ShapeNet/54f2d6a0b431839c99785666a0fe0255,mug/ShapeNet/c34718bd10e378186c6c61abcbd83e5a,True,mug,mug,2,"['the', 'handle', 'has', 'more', 'height']",5,the handle has more height,train,train,train,train,"[1, 10, 29, 24, 34, 117, 2, 0, 0, 0, 0, 0, 0, 0, 0, 0, 0, 0]",handle
272818,user_1886,It has a thinner handle,3JPSL1DZ5US9B8GJYUAJQHWX1XLANK,47.0,c34718bd10e378186c6c61abcbd83e5a,mug,ShapeNet,54f2d6a0b431839c99785666a0fe0255,mug,ShapeNet,False,mug/ShapeNet/54f2d6a0b431839c99785666a0fe0255,mug/ShapeNet/c34718bd10e378186c6c61abcbd83e5a,True,mug,mug,2,"['it', 'has', 'a', 'thin', '-er', 'handle']",6,it has a thin -er handle,train,train,train,train,"[1, 23, 24, 26, 60, 9, 29, 2, 0, 0, 0, 0, 0, 0, 0, 0, 0, 0]",handle
272827,user_1416,The body is not tapered.,3Y4W8Q93L1DKHKS4KVNCQZYG84TVDZ,1421.0,128ecbc10df5b05d96eaf1340564a4de,mug,ShapeNet,8aed972ea2b4a9019c3814eae0b8d399,mug,ShapeNet,False,mug/ShapeNet/8aed972ea2b4a9019c3814eae0b8d399,mug/ShapeNet/128ecbc10df5b05d96eaf1340564a4de,False,mug,mug,2,"['the', 'body', 'is', 'not', 'tapered']",5,the body is not tapered,train,train,train,train,"[1, 10, 45, 7, 40, 352, 2, 0, 0, 0, 0, 0, 0, 0, 0, 0, 0, 0]",body
272842,user_1886,It has a smaller body,3QL2OFSM98BX4NDHI86AWCML104NCX,50.0,b4ae56d6638d5338de671f28c83d2dcb,mug,ShapeNet,b9f9f5b48ab1153626829c11d9aba173,mug,ShapeNet,False,mug/ShapeNet/b9f9f5b48ab1153626829c11d9aba173,mug/ShapeNet/b4ae56d6638d5338de671f28c83d2dcb,False,mug,mug,2,"['it', 'has', 'a', 'small', '-er', 'body']",6,it has a small -er body,train,train,train,train,"[1, 23, 24, 26, 111, 9, 45, 2, 0, 0, 0, 0, 0, 0, 0, 0, 0, 0]",body
272844,user_1886,It has a taller body,3A1COHJ8NLO3IO1TYYVSP6T6PXH8HA,54.0,68f4428c0b38ae0e2469963e6d044dfe,mug,ShapeNet,17952a204c0a9f526c69dceb67157a66,mug,ShapeNet,False,mug/ShapeNet/17952a204c0a9f526c69dceb67157a66,mug/ShapeNet/68f4428c0b38ae0e2469963e6d044dfe,False,mug,mug,2,"['it', 'has', 'a', 'tall', '-er', 'body']",6,it has a tall -er body,test,train,test,train,"[1, 23, 24, 26, 53, 9, 45, 2, 0, 0, 0, 0, 0, 0, 0, 0, 0, 0]",body
272846,user_1886,It has a larger body size,3TXWC2NHN1JSM2YJEKD5TGVJIE9S9X,46.0,275729fcdc9bf1488afafc80c93c27a9,mug,ShapeNet,edaf960fb6afdadc4cebc4b5998de5d0,mug,ShapeNet,False,mug/ShapeNet/edaf960fb6afdadc4cebc4b5998de5d0,mug/ShapeNet/275729fcdc9bf1488afafc80c93c27a9,False,mug,mug,2,"['it', 'has', 'a', 'large', '-er', 'body', 'size']",7,it has a large -er body size,train,train,train,train,"[1, 23, 24, 26, 94, 9, 45, 377, 2, 0, 0, 0, 0, 0, 0, 0, 0, 0]",body
272851,user_1886,It has a narrower body,3X31TUMD7ZFNTK0YQY1B2OZ5S9OL1G,38.0,37f56901a07da69dac6b8e58caf61f95,mug,ShapeNet,7d282cc3cedd40c8b5c4f4801d3aada,mug,ShapeNet,False,mug/ShapeNet/7d282cc3cedd40c8b5c4f4801d3aada,mug/ShapeNet/37f56901a07da69dac6b8e58caf61f95,True,mug,mug,2,"['it', 'has', 'a', 'narrow', '-er', 'body']",6,it has a narrow -er body,train,train,train,train,"[1, 23, 24, 26, 210, 9, 45, 2, 0, 0, 0, 0, 0, 0, 0, 0, 0, 0]",body
272860,user_1886,The handle is C shaped,39K0FND3AJ83TQVJMTVJD27XW79AMI,50.0,275729fcdc9bf1488afafc80c93c27a9,mug,ShapeNet,1eaf8db2dd2b710c7d5b1b70ae595e60,mug,ShapeNet,False,mug/ShapeNet/1eaf8db2dd2b710c7d5b1b70ae595e60,mug/ShapeNet/275729fcdc9bf1488afafc80c93c27a9,False,mug,mug,2,"['the', 'handle', 'is', 'c', 'shaped']",5,the handle is c shaped,train,train,train,train,"[1, 10, 29, 7, 1682, 14, 2, 0, 0, 0, 0, 0, 0, 0, 0, 0, 0, 0]",handle
272864,user_1602,The handle is thinner.,3WLEIWSYHQASW9Z4IHMRFFG33Y32HH,52.0,9d8c711750a73b06ad1d789f3b2120d0,mug,ShapeNet,43e1cabc5dd2fa91fffc97a61124b1a9,mug,ShapeNet,False,mug/ShapeNet/43e1cabc5dd2fa91fffc97a61124b1a9,mug/ShapeNet/9d8c711750a73b06ad1d789f3b2120d0,True,mug,mug,2,"['the', 'handle', 'is', 'thin', '-er']",5,the handle is thin -er,train,train,train,train,"[1, 10, 29, 7, 60, 9, 2, 0, 0, 0, 0, 0, 0, 0, 0, 0, 0, 0]",handle
272873,user_1886,It has a shorter body,3VE8AYVF8OQJ4SAN387SMLHT9J88FI,46.0,c7f8d39c406fee941050b055aafa6fb8,mug,ShapeNet,c6bc2c9770a59b5ddd195661813efe58,mug,ShapeNet,False,mug/ShapeNet/c6bc2c9770a59b5ddd195661813efe58,mug/ShapeNet/c7f8d39c406fee941050b055aafa6fb8,False,mug,mug,2,"['it', 'has', 'a', 'short', '-er', 'body']",6,it has a short -er body,train,train,train,train,"[1, 23, 24, 26, 8, 9, 45, 2, 0, 0, 0, 0, 0, 0, 0, 0, 0, 0]",body
272876,user_1135,The target mug has a thinner handle.,35LDD5557CX95345YK887GAT1JYKM2,100.0,b9f9f5b48ab1153626829c11d9aba173,mug,ShapeNet,a6d9f9ae39728831808951ff5fb582ac,mug,ShapeNet,False,mug/ShapeNet/a6d9f9ae39728831808951ff5fb582ac,mug/ShapeNet/b9f9f5b48ab1153626829c11d9aba173,False,mug,mug,2,"['the', 'target', 'mug', 'has', 'a', 'thin', '-er', 'handle']",8,the target mug has a thin -er handle,train,train,train,train,"[1, 10, 11, 1684, 24, 26, 60, 9, 29, 2, 0, 0, 0, 0, 0, 0, 0, 0]",handle
272877,user_1886,It has a C shaped handle,34X6J5FLPVR5FYWF8SFDNAULWV0JQU,88.0,275729fcdc9bf1488afafc80c93c27a9,mug,ShapeNet,b18bf84bcd457ffbc2868ebdda32b945,mug,ShapeNet,False,mug/ShapeNet/b18bf84bcd457ffbc2868ebdda32b945,mug/ShapeNet/275729fcdc9bf1488afafc80c93c27a9,False,mug,mug,2,"['it', 'has', 'a', 'c', 'shaped', 'handle']",6,it has a c shaped handle,test,train,test,train,"[1, 23, 24, 26, 1682, 14, 29, 2, 0, 0, 0, 0, 0, 0, 0, 0, 0, 0]",handle
272878,user_2144,The target's body is taller and slimmer than the other cup's.,38SKSKU7R3QYTQWWY5MHUNGR9AOLIV,57.0,275729fcdc9bf1488afafc80c93c27a9,mug,ShapeNet,b18bf84bcd457ffbc2868ebdda32b945,mug,ShapeNet,False,mug/ShapeNet/b18bf84bcd457ffbc2868ebdda32b945,mug/ShapeNet/275729fcdc9bf1488afafc80c93c27a9,False,mug,mug,2,"['the', 'target', ""'s"", 'body', 'is', 'tall', '-er', 'and', 'slim', '-er', 'than', 'the', 'other', 'cup', ""'s""]",15,the target 's body is tall -er and slim -er than the other cup 's,test,train,test,train,"[1, 10, 11, 12, 45, 7, 53, 9, 47, 829, 9, 131, 10, 396, 870, 12, 2, 0]",body
272881,user_1461,Has a wider mouth/body,3EFVCAY5L52Z9UWJMYYD1J9L2PK8JE,32.0,2852b888abae54b0e3523e99fd841f4,mug,ShapeNet,daee5cf285b8d210eeb8d422649e5f2b,mug,ShapeNet,False,mug/ShapeNet/daee5cf285b8d210eeb8d422649e5f2b,mug/ShapeNet/2852b888abae54b0e3523e99fd841f4,True,mug,mug,2,"['has', 'a', 'wide', '-er', 'mouth', 'body']",6,has a wide -er mouth body,train,train,train,train,"[1, 24, 26, 83, 9, 175, 45, 2, 0, 0, 0, 0, 0, 0, 0, 0, 0, 0]",body
272882,user_1886,The handle is longer,33IZTU6J83UINYGHH0JJ9JH1PHVXSG,230.0,2852b888abae54b0e3523e99fd841f4,mug,ShapeNet,daee5cf285b8d210eeb8d422649e5f2b,mug,ShapeNet,False,mug/ShapeNet/daee5cf285b8d210eeb8d422649e5f2b,mug/ShapeNet/2852b888abae54b0e3523e99fd841f4,True,mug,mug,2,"['the', 'handle', 'is', 'long', '-er']",5,the handle is long -er,train,train,train,train,"[1, 10, 29, 7, 32, 9, 2, 0, 0, 0, 0, 0, 0, 0, 0, 0, 0, 0]",handle
272884,user_1135,The target mug has a shorter handle c-handle.,3X4JMASXCO2B9MT4328HAGKQBMP0BO,66.0,1eaf8db2dd2b710c7d5b1b70ae595e60,mug,ShapeNet,28f1e7bc572a633cb9946438ed40eeb9,mug,ShapeNet,False,mug/ShapeNet/28f1e7bc572a633cb9946438ed40eeb9,mug/ShapeNet/1eaf8db2dd2b710c7d5b1b70ae595e60,False,mug,mug,2,"['the', 'target', 'mug', 'has', 'a', 'short', '-er', 'handle', 'c', 'handle']",10,the target mug has a short -er handle c handle,train,train,train,train,"[1, 10, 11, 1684, 24, 26, 8, 9, 29, 1682, 29, 2, 0, 0, 0, 0, 0, 0]",handle
272885,user_1081,THE TARGET MUG HAS A NARROWER HANDLE.,34Q075JO1Z6AWOBC15FS447HPBD10N,88.0,1a1c0a8d4bad82169f0594e65f756cf5,mug,ShapeNet,f42a9784d165ad2f5e723252788c3d6e,mug,ShapeNet,False,mug/ShapeNet/f42a9784d165ad2f5e723252788c3d6e,mug/ShapeNet/1a1c0a8d4bad82169f0594e65f756cf5,False,mug,mug,2,"['the', 'target', 'mug', 'has', 'a', 'narrow', '-er', 'handle']",8,the target mug has a narrow -er handle,val,train,val,train,"[1, 10, 11, 1684, 24, 26, 210, 9, 29, 2, 0, 0, 0, 0, 0, 0, 0, 0]",handle
272888,user_899,The handle on the target is more round.,3RYC5T2D75M1DAEDGK9XPWQ21HJRPG,50.0,e9bd4ee553eb35c1d5ccc40b510e4bd,mug,ShapeNet,1ea9ea99ac8ed233bf355ac8109b9988,mug,ShapeNet,False,mug/ShapeNet/1ea9ea99ac8ed233bf355ac8109b9988,mug/ShapeNet/e9bd4ee553eb35c1d5ccc40b510e4bd,False,mug,mug,2,"['the', 'handle', 'on', 'the', 'target', 'is', 'more', 'round']",8,the handle on the target is more round,test,train,test,train,"[1, 10, 29, 20, 10, 11, 7, 34, 134, 2, 0, 0, 0, 0, 0, 0, 0, 0]",handle
272890,user_1416,It has a handle that's wider across.,3GGAI1SQEXRRM5SH67RAJXXLWB5CMZ,97.0,e984fd7e97c2be347eaeab1f0c9120b7,mug,ShapeNet,f1e439307b834015770a0ff1161fa15a,mug,ShapeNet,False,mug/ShapeNet/f1e439307b834015770a0ff1161fa15a,mug/ShapeNet/e984fd7e97c2be347eaeab1f0c9120b7,True,mug,mug,2,"['it', 'has', 'a', 'handle', 'that', 'is', 'wide', '-er', 'across']",9,it has a handle that is wide -er across,train,train,train,train,"[1, 23, 24, 26, 29, 172, 7, 83, 9, 702, 2, 0, 0, 0, 0, 0, 0, 0]",handle
272895,user_1886,It has a shorter body,3JV9LGBJWV7S3KTYL9261S75P3CGOS,38.0,61c10dccfa8e508e2d66cbf6a91063,mug,ShapeNet,9c930a8a3411f069e7f67f334aa9295c,mug,ShapeNet,False,mug/ShapeNet/9c930a8a3411f069e7f67f334aa9295c,mug/ShapeNet/61c10dccfa8e508e2d66cbf6a91063,True,mug,mug,2,"['it', 'has', 'a', 'short', '-er', 'body']",6,it has a short -er body,train,train,train,train,"[1, 23, 24, 26, 8, 9, 45, 2, 0, 0, 0, 0, 0, 0, 0, 0, 0, 0]",body
272896,user_1894,The handle is thicker.,3483FV8BEGCCZKFNMYVNIORDUKF62C,1484.0,61c10dccfa8e508e2d66cbf6a91063,mug,ShapeNet,9c930a8a3411f069e7f67f334aa9295c,mug,ShapeNet,False,mug/ShapeNet/9c930a8a3411f069e7f67f334aa9295c,mug/ShapeNet/61c10dccfa8e508e2d66cbf6a91063,True,mug,mug,2,"['the', 'handle', 'is', 'thick', '-er']",5,the handle is thick -er,train,train,train,train,"[1, 10, 29, 7, 54, 9, 2, 0, 0, 0, 0, 0, 0, 0, 0, 0, 0, 0]",handle
272904,user_1461,Has a simpler handle,3WMINLGALDWQK4JS9415A62L2T8CA5,45.0,85d5e7be548357baee0fa456543b8166,mug,ShapeNet,6661c0b9b9b8450c4ee002d643e7b29e,mug,ShapeNet,False,mug/ShapeNet/6661c0b9b9b8450c4ee002d643e7b29e,mug/ShapeNet/85d5e7be548357baee0fa456543b8166,True,mug,mug,2,"['has', 'a', 'simple', '-er', 'handle']",5,has a simple -er handle,train,train,train,train,"[1, 24, 26, 421, 9, 29, 2, 0, 0, 0, 0, 0, 0, 0, 0, 0, 0, 0]",handle
272905,user_242,body is rounder and smooth,326O153BMKR3F96IP5Y2QVAU89UEDG,46.0,e9499e4a9f632725d6e865157050a80e,mug,ShapeNet,1ae1ba5dfb2a085247df6165146d5bbd,mug,ShapeNet,False,mug/ShapeNet/1ae1ba5dfb2a085247df6165146d5bbd,mug/ShapeNet/e9499e4a9f632725d6e865157050a80e,False,mug,mug,2,"['body', 'is', 'round', '-er', 'and', 'smooth']",6,body is round -er and smooth,train,train,train,train,"[1, 45, 7, 134, 9, 47, 379, 2, 0, 0, 0, 0, 0, 0, 0, 0, 0, 0]",body
272908,user_422,Target mug has 'C' handle,3ZY8KE4ISLWE6TW9PHTWQY5FRI7VQR,132.0,52273f4b17505e898ef19a48ac4fcfdf,mug,ShapeNet,2852b888abae54b0e3523e99fd841f4,mug,ShapeNet,False,mug/ShapeNet/2852b888abae54b0e3523e99fd841f4,mug/ShapeNet/52273f4b17505e898ef19a48ac4fcfdf,False,mug,mug,2,"['target', 'mug', 'has', 'c', 'handle']",5,target mug has c handle,train,train,train,train,"[1, 11, 1684, 24, 1682, 29, 2, 0, 0, 0, 0, 0, 0, 0, 0, 0, 0, 0]",handle
272909,user_1461,Has a shorter body,3AZHRG4CU6D66RPRO9TBSXMENUN30B,17.0,9880097f723c98a9bd8c6965c4665b41,mug,ShapeNet,a637500654ca8d16c97cfc3e8a6b1d16,mug,ShapeNet,False,mug/ShapeNet/a637500654ca8d16c97cfc3e8a6b1d16,mug/ShapeNet/9880097f723c98a9bd8c6965c4665b41,False,mug,mug,2,"['has', 'a', 'short', '-er', 'body']",5,has a short -er body,train,train,train,train,"[1, 24, 26, 8, 9, 45, 2, 0, 0, 0, 0, 0, 0, 0, 0, 0, 0, 0]",body
272911,user_1764,The handle is a C shape,3WT783CTPDAV3EOKFI115HMRKC5BCD,70.0,c82b9f1b98f044fc15cf6e5ad80f2da,mug,ShapeNet,bed29baf625ce9145b68309557f3a78c,mug,ShapeNet,False,mug/ShapeNet/bed29baf625ce9145b68309557f3a78c,mug/ShapeNet/c82b9f1b98f044fc15cf6e5ad80f2da,False,mug,mug,2,"['the', 'handle', 'is', 'a', 'c', 'shape']",6,the handle is a c shape,train,train,train,train,"[1, 10, 29, 7, 26, 1682, 93, 2, 0, 0, 0, 0, 0, 0, 0, 0, 0, 0]",handle
272912,user_1894,"It has a ""C"" handle.",34BBWHLWHC4E4K8V2JTJ3YX77I8IW3,795.0,c82b9f1b98f044fc15cf6e5ad80f2da,mug,ShapeNet,bed29baf625ce9145b68309557f3a78c,mug,ShapeNet,False,mug/ShapeNet/bed29baf625ce9145b68309557f3a78c,mug/ShapeNet/c82b9f1b98f044fc15cf6e5ad80f2da,False,mug,mug,2,"['it', 'has', 'a', 'c', 'handle']",5,it has a c handle,train,train,train,train,"[1, 23, 24, 26, 1682, 29, 2, 0, 0, 0, 0, 0, 0, 0, 0, 0, 0, 0]",handle
272918,user_920,The target's handle is taller.,3XM0HYN6NMSC4698UEPXQPRJMRIEPD,53.0,a637500654ca8d16c97cfc3e8a6b1d16,mug,ShapeNet,5b0c679eb8a2156c4314179664d18101,mug,ShapeNet,False,mug/ShapeNet/5b0c679eb8a2156c4314179664d18101,mug/ShapeNet/a637500654ca8d16c97cfc3e8a6b1d16,False,mug,mug,2,"['the', 'target', ""'s"", 'handle', 'is', 'tall', '-er']",7,the target 's handle is tall -er,train,train,train,train,"[1, 10, 11, 12, 29, 7, 53, 9, 2, 0, 0, 0, 0, 0, 0, 0, 0, 0]",handle
272923,user_1461,Has a handle,3TUI152ZZDGYKHGBI397JAYZ2E51QD,21.0,27119d9b2167080ec190cb14324769d,mug,ShapeNet,128ecbc10df5b05d96eaf1340564a4de,mug,ShapeNet,False,mug/ShapeNet/128ecbc10df5b05d96eaf1340564a4de,mug/ShapeNet/27119d9b2167080ec190cb14324769d,False,mug,mug,2,"['has', 'a', 'handle']",3,has a handle,train,train,train,train,"[1, 24, 26, 29, 2, 0, 0, 0, 0, 0, 0, 0, 0, 0, 0, 0, 0, 0]",handle
272936,user_1894,The bottom is smaller than the body.,3IRIK4HM3CDPX27PJRKTU10Z6BS6CL,1587.0,91f90c3a50410c0dc27effd6fd6b7eb0,mug,ShapeNet,67b9abb424cf22a22d7082a28b056a5,mug,ShapeNet,False,mug/ShapeNet/67b9abb424cf22a22d7082a28b056a5,mug/ShapeNet/91f90c3a50410c0dc27effd6fd6b7eb0,True,mug,mug,2,"['the', 'bottom', 'is', 'small', '-er', 'than', 'the', 'body']",8,the bottom is small -er than the body,train,train,train,train,"[1, 10, 76, 7, 111, 9, 131, 10, 45, 2, 0, 0, 0, 0, 0, 0, 0, 0]",body
272938,user_1886,It has a smaller body,3NPI0JQDAQYETPR5K9ESPBRKP15TPI,78.0,9961ccbafd59cb03fe36eb2ab5fa00e0,mug,ShapeNet,f1e439307b834015770a0ff1161fa15a,mug,ShapeNet,False,mug/ShapeNet/f1e439307b834015770a0ff1161fa15a,mug/ShapeNet/9961ccbafd59cb03fe36eb2ab5fa00e0,False,mug,mug,2,"['it', 'has', 'a', 'small', '-er', 'body']",6,it has a small -er body,train,train,train,train,"[1, 23, 24, 26, 111, 9, 45, 2, 0, 0, 0, 0, 0, 0, 0, 0, 0, 0]",body
